timestamp,position,x_pos,y_pos,fx,fy,fz,tx,ty,tz,mag0_x,mag0_y,mag0_z,mag1_x,mag1_y,mag1_z,mag2_x,mag2_y,mag2_z,mag3_x,mag3_y,mag3_z,mag4_x,mag4_y,mag4_z
1763686074.6087196,9,3,3,0.03808443384249473,-0.10151667801560585,-0.25870603538405224,-0.002080424357103546,0.0017880287043972342,0.0002136871417556684,-9.119970703125091,-62.39999999999998,5.420800781249909,-0.9599975585937273,-29.76000061035154,-30.201611328125182,29.27993164062491,5.280053710937409,85.95849609375,-8.639990234375091,52.79995117187491,1.548852539062409,-48.48000488281252,35.039990234374955,-13.939208984375
1763686074.8236752,9,3,3,0.07249472621222303,-0.05205054333588835,-0.35918475962403396,-0.001708510300984488,0.001480809444580087,-0.00013791151427815815,-4.320043945312591,-64.79996337890623,9.292871093749909,3.8400207519531477,-29.76000061035154,-22.457714843750182,29.27993164062491,7.679956054687409,97.574462890625,-11.040136718750091,52.79995117187491,1.548852539062409,-48.48000488281252,37.440014648437455,-6.195068359375
1763686074.9204412,9,3,3,0.03930888740391991,-0.06533862210387423,-0.37718706585423095,-0.002173521854336602,0.002509807052284032,-0.00022297948161729926,-4.320043945312591,-67.19998779296873,13.164941406249909,1.4399963378906477,-34.56000366210935,-30.201611328125182,26.87990722656241,10.079980468749909,109.1904296875,-8.639990234375091,50.40004882812491,1.548852539062409,-50.8799987792969,39.840039062499955,-10.067138671875
1763686075.025202,9,3,3,0.027770200385972575,-0.059707962121649125,-0.3238022325452268,-0.0014386138810811252,0.0026238034152703243,-4.4739819038996475e-05,-4.320043945312591,-71.99997558593748,5.420800781249909,3.8400207519531477,-34.56000366210935,-26.329541015625182,29.27993164062491,7.679956054687409,101.446533203125,-11.040136718750091,52.79995117187491,5.420800781249909,-50.8799987792969,35.039990234374955,-6.195068359375
1763686075.133632,9,3,3,0.06149498054956436,-0.005583587648829415,-0.22003913073851214,-0.0006149405518117974,0.0012248715114675304,-8.750723584436304e-05,-1.920019531250091,-67.19998779296873,9.292871093749909,3.8400207519531477,-32.16000976562498,-30.201611328125182,29.27993164062491,10.079980468749909,105.318359375,-6.240087890625091,50.40004882812491,1.548852539062409,-50.8799987792969,35.039990234374955,-10.067138671875
1763686075.2271144,9,3,3,0.07998470976629077,-0.006564407441252348,-0.2894768146586586,-0.0009776993543443768,0.0012393292574031105,-0.00011390847243861809,0.48000488281240905,-69.60001220703123,5.420800781249909,1.4399963378906477,-27.360006713867165,-30.201611328125182,34.07998046874991,10.079980468749909,101.446533203125,-8.639990234375091,50.40004882812491,1.548852539062409,-55.67998657226565,39.840039062499955,-10.067138671875
1763686075.323805,9,3,3,0.03595950327568949,-0.022900365290236018,-0.3557768214080599,-0.0009709232832185001,0.0020794363692107293,9.884619671592375e-05,0,0,0,0,0,0,0,0,0,0,0,0,0,0,0
1763686075.4311821,9,3,3,0.0704954427645972,-0.039740553038158724,-0.33963680640562083,-0.0010929917509484345,0.0010386178178412452,-5.1225478591683873e-05,-6.720068359375091,-64.79996337890623,1.548730468749909,-0.9599975585937273,-32.16000976562498,-34.07368164062518,29.27993164062491,10.079980468749909,97.574462890625,-11.040136718750091,50.40004882812491,1.548852539062409,-50.8799987792969,35.039990234374955,-6.195068359375
1763686075.5259016,9,3,3,0.06891589216695633,-0.06934112835136248,-0.23791966169873743,-0.0009733994464497757,0.001075047820316196,-0.0002462957070869709,0.48000488281240905,-67.19998779296873,5.420800781249909,1.4399963378906477,-34.56000366210935,-26.329541015625182,31.67995605468741,10.079980468749909,105.318359375,-11.040136718750091,50.40004882812491,5.420800781249909,-53.27999267578127,37.440014648437455,-6.195068359375
1763686075.8059118,9,3,3,0.05838890031602766,0.013884609454680803,-0.2332981629522886,0.00019544173785176477,0.0014546438854020018,-0.0006376191139025133,0,0,0,0,0,0,0,0,0,0,0,0,0,0,0
1763686076.3187444,9,3,3,0.07017771160376696,-0.036945969528485896,-0.25435220699610944,-0.0008647765918715594,0.0003953150780427046,0.0002143965550085594,-6.720068359375091,-71.99997558593748,5.420800781249909,6.240014648437523,-32.16000976562498,-34.07368164062518,36.48000488281241,10.079980468749909,101.446533203125,-11.040136718750091,50.40004882812491,1.548852539062409,-48.48000488281252,37.440014648437455,-10.067138671875
1763686076.4400902,9,3,3,0.037057843087512234,-0.05885872548918269,-0.28839654920506214,-0.0014147044422661448,0.0010559031220023346,-0.00042337186603441093,-4.320043945312591,-74.39999999999998,13.164941406249909,1.4399963378906477,-36.96001281738279,-34.07368164062518,34.07998046874991,12.480004882812409,97.574462890625,-6.240087890625091,50.40004882812491,5.420800781249909,-55.67998657226565,32.639965820312455,-10.067138671875
1763686076.5349267,9,3,3,0.11031265148818623,-0.04229679273487258,-0.40554169162210624,-0.0004490669443406401,0.000323908694789328,6.077609680306298e-06,-6.720068359375091,-69.60001220703123,13.164941406249909,3.8400207519531477,-34.56000366210935,-37.94575195312518,34.07998046874991,12.480004882812409,97.574462890625,-8.639990234375091,50.40004882812491,5.420800781249909,-48.48000488281252,32.639965820312455,-13.939208984375
1763686076.6148744,9,3,3,0.10286654397979683,-0.016790948009526373,-0.3542865769371487,-0.0003961867780074319,0.00011071576349950976,-0.00013399463583964539,-1.920019531250091,-64.79996337890623,5.420800781249909,1.4399963378906477,-32.16000976562498,-34.07368164062518,34.07998046874991,7.679956054687409,97.574462890625,-8.639990234375091,50.40004882812491,1.548852539062409,-48.48000488281252,35.039990234374955,-13.939208984375
1763686076.7209816,9,3,3,0.11257020710430103,-3.324931388726249e-05,-0.3379984817454139,-0.0004049419818207254,-0.0004495824804953577,0.00033922781547294416,0.48000488281240905,-67.19998779296873,5.420800781249909,-0.9599975585937273,-36.96001281738279,-34.07368164062518,36.48000488281241,10.079980468749909,101.446533203125,-8.639990234375091,52.79995117187491,5.420800781249909,-50.8799987792969,37.440014648437455,-6.195068359375
1763686077.00612,9,3,3,0.07922080203928825,-0.054247104581016226,-0.22186372597243798,-0.0011830046834545274,0.0007976212163543198,-0.00047746701504443345,-1.920019531250091,-64.79996337890623,9.292871093749909,-0.9599975585937273,-29.76000061035154,-30.201611328125182,34.07998046874991,10.079980468749909,101.446533203125,-6.240087890625091,52.79995117187491,-2.323217773437591,-55.67998657226565,37.440014648437455,-6.195068359375
1763686077.1169338,9,3,3,0.03717166279156681,-0.020573708995016714,-0.27156784303515247,-0.0010878563704924595,0.0014206410823413536,0.00012805850811802992,-4.320043945312591,-67.19998779296873,9.292871093749909,3.8400207519531477,-29.76000061035154,-30.201611328125182,34.07998046874991,10.079980468749909,97.574462890625,-6.240087890625091,52.79995117187491,1.548852539062409,-50.8799987792969,35.039990234374955,-10.067138671875
1763686077.3194919,9,3,3,0.070089087844628,-0.03697929006829824,-0.30455549691758954,-0.0008860459353681083,0.00039359373970263196,-3.817310202347481e-05,-6.720068359375091,-67.19998779296873,5.420800781249909,-0.9599975585937273,-32.16000976562498,-34.07368164062518,36.48000488281241,12.480004882812409,97.574462890625,0.959863281249909,50.40004882812491,1.548852539062409,-55.67998657226565,35.039990234374955,-10.067138671875
1763686077.412976,9,3,3,0.09504657323334215,-0.003035883724906069,-0.35509917085974496,-0.00044508551793722237,0.0004483109791390855,0.00033350260324679947,-11.519995117187591,-67.19998779296873,1.548730468749909,3.8400207519531477,-27.360006713867165,-37.94575195312518,31.67995605468741,5.280053710937409,97.574462890625,-3.839941406250091,50.40004882812491,-2.323217773437591,-48.48000488281252,37.440014648437455,-17.811279296875
1763686077.5198863,9,3,3,0.020526709649329705,-0.05073926532729019,-0.3061636109078196,-0.001516322028365639,0.0016530565945724858,0.0001166210446321565,-9.119970703125091,-64.79996337890623,-2.323095703125091,-3.3599914550781023,-29.76000061035154,-41.81757812500018,34.07998046874991,0.48000488281240905,78.21435546875,-1.440039062500091,55.19985351562491,-2.323217773437591,-46.08001098632815,32.639965820312455,-17.811279296875
1763686077.611339,9,3,3,0.10412254586717537,-0.07700235617211891,-0.2740812354303457,-0.0011824374202210283,0.0002853574236159689,0.000600181974011552,-11.519995117187591,-59.99997558593748,-6.195166015625091,-8.159979248046852,-29.76000061035154,-45.68964843750018,29.27993164062491,-4.320043945312591,70.470458984375,3.360009765624909,52.79995117187491,9.292749023437409,-46.08001098632815,25.440014648437455,-21.68310546875
1763686084.417569,9,3,3,-0.005604448096878987,-0.0604791921633164,-0.2056287535315543,-0.0015843981964880909,0.003015755410572532,-2.8266825681194467e-06,0,0,0,0,0,0,0,0,0,0,0,0,0,0,0
1763686084.6208339,9,3,3,0.024271098546375255,-0.06092848280747243,-0.377090970065522,-0.002454787774559066,0.0015037100944629935,0.0002443887544953255,-11.519995117187591,-62.39999999999998,-10.067236328125091,1.4399963378906477,-27.360006713867165,-49.56171875000018,31.67995605468741,-1.920019531250091,82.08642578125,-3.839941406250091,50.40004882812491,-2.323217773437591,-41.27999267578127,30.239941406249955,-10.067138671875
1763686084.712321,9,3,3,0.05667952578473537,-0.09301263480945364,-0.27674172631321986,-0.002365252508046487,0.0018156551641532613,-0.0004202996966198648,-6.720068359375091,-64.79996337890623,9.292871093749909,1.4399963378906477,-29.76000061035154,-26.329541015625182,31.67995605468741,10.079980468749909,93.702392578125,-11.040136718750091,50.40004882812491,1.548852539062409,-50.8799987792969,35.039990234374955,-2.3232421875
1763686084.914086,9,3,3,-0.004614108242406224,-0.02236875021868624,-0.36602579692110215,0.0003572345303145278,0.0026402988171376793,-0.00013325697397571722,5.279931640624909,-76.79996337890623,28.65273437499991,11.040002441406273,-41.76000061035154,-18.585644531250182,34.07998046874991,31.67995605468741,144.038330078125,-23.04013671875009,47.99990234374991,-2.323217773437591,-60.48000488281252,44.639965820312455,9.292724609375
1763686085.0055637,9,3,3,-0.020149418844594622,-0.03180864789805891,-0.35014134798553387,-4.8233811584942436e-05,0.0025816872626757293,2.791041969136843e-05,24.48000488281241,-83.99997558593748,36.39687499999991,18.240014648437523,-44.16000976562498,-10.841748046875182,34.07998046874991,38.88002929687491,159.5263671875,-32.63999023437509,45.59999999999991,9.292749023437409,-70.08001098632815,63.840039062499955,28.65283203125
1763686085.120696,9,3,3,-0.027530334376093153,0.07611064042238024,-0.6318863599700263,0.002068402500986619,0.00580230107577686,0.0003968815020599626,22.07998046874991,-91.19998779296873,51.88491210937491,20.640008544921898,-41.76000061035154,-3.097607421875182,36.48000488281241,50.88002929687491,194.37451171875,-42.24008789062509,45.59999999999991,5.420800781249909,-77.27999267578127,71.03999023437495,32.52490234375
1763686085.2121193,9,3,3,-0.02044014244771085,0.03817512959196375,-0.6834734718713543,0.0018957684930247217,0.006588738249514253,-9.741125053696118e-06,24.48000488281241,-98.39999999999998,63.50087890624991,25.439996337890648,-44.16000976562498,16.262255859374818,31.67995605468741,58.07998046874991,209.862548828125,-49.44003906250009,47.99990234374991,13.164819335937409,-79.67998657226565,75.84003906249995,44.140869140625
1763686085.3219075,9,3,3,-0.049594323519562486,0.055039263343850904,-0.8507443203822259,0.0024618016207604418,0.00897904170720501,1.037089012987844e-05,34.07998046874991,-112.79996337890623,86.73281249999991,27.840020751953148,-56.16000976562498,24.006396484374818,31.67995605468741,77.28005371093741,248.58251953125,-63.83994140625009,45.59999999999991,9.292749023437409,-91.67998657226565,80.63996582031245,55.7568359375
1763686085.4169595,9,3,3,-0.08435428503742887,0.12087903254085519,-0.8619266894462249,0.003342626569771421,0.007776933765644436,0.000238908420516814,43.67995605468741,-112.79996337890623,90.60488281249991,32.6400085449219,-56.16000976562498,24.006396484374818,34.07998046874991,86.88002929687491,260.198486328125,-68.63999023437509,47.99990234374991,9.292749023437409,-94.08001098632815,90.23994140624995,63.500732421875
1763686085.61943,9,3,3,-0.1694835012165261,0.07862652396505507,-1.177843572530512,0.004217977424209877,0.010924516793697651,0.0006820348614811505,48.48000488281241,-122.39999999999998,106.09291992187491,37.44002685546877,-58.56000366210935,35.62236328124982,36.48000488281241,101.28005371093741,298.91845703125,-80.63999023437509,43.19985351562491,5.420800781249909,-108.48000488281252,102.23994140624995,75.11669921875
1763686085.7137005,9,3,3,-0.14009106401646076,0.08291866938577219,-1.1337910133004954,0.0032279886768301277,0.012915692872378856,-1.0289565135145301e-05,46.07998046874991,-119.99997558593748,102.22084960937491,37.44002685546877,-58.56000366210935,27.878466796874818,31.67995605468741,98.88002929687491,291.174560546875,-75.83994140625009,45.59999999999991,17.03676757812491,-103.67998657226565,104.63996582031245,78.98876953125
1763686085.82488,9,3,3,-0.13602976461791083,0.11390700150805642,-1.0438358531984644,0.004707923604609252,0.011683772565471408,0.0005725677656683924,46.07998046874991,-122.39999999999998,102.22084960937491,32.6400085449219,-56.16000976562498,31.750292968749818,38.87990722656241,98.88002929687491,298.91845703125,-78.24008789062509,43.19985351562491,13.164819335937409,-103.67998657226565,102.23994140624995,71.244873046875
1763686085.9149458,9,3,3,-0.10024705987749277,0.0663304028581944,-1.0468550028653218,0.003992456870660841,0.010813937188531696,0.00041579097497757966,43.67995605468741,-122.39999999999998,94.47695312499991,35.04000244140627,-60.96001281738279,27.878466796874818,34.07998046874991,98.88002929687491,291.174560546875,-75.83994140625009,45.59999999999991,13.164819335937409,-101.27999267578127,97.44001464843745,75.11669921875
1763686086.0076072,9,3,3,-0.07353717844964397,0.10587859027225888,-0.9272161402600712,0.00436115686573751,0.009288926985786641,0.00014345104581990967,48.48000488281241,-122.39999999999998,98.34877929687491,35.04000244140627,-58.56000366210935,31.750292968749818,38.87990722656241,96.48000488281241,295.04638671875,-78.24008789062509,45.59999999999991,17.03676757812491,-108.48000488281252,99.84003906249995,71.244873046875
1763686086.2104213,9,3,3,-0.08265469610203591,0.1030042490468859,-0.9090892987564463,0.004515383834008768,0.008903461167863851,0.00022899909340016403,43.67995605468741,-124.79996337890623,102.22084960937491,37.44002685546877,-63.360006713867165,24.006396484374818,34.07998046874991,96.48000488281241,291.174560546875,-75.83994140625009,47.99990234374991,13.164819335937409,-106.08001098632815,97.44001464843745,71.244873046875
1763686086.320831,9,3,3,-0.05011885925176692,0.09248262368653132,-0.925679018091937,0.004752099459096476,0.008822603422787628,-0.0003224375228111902,43.67995605468741,-119.99997558593748,94.47695312499991,35.04000244140627,-63.360006713867165,20.134326171874818,41.27993164062491,94.07998046874991,295.04638671875,-73.44003906250009,47.99990234374991,17.03676757812491,-103.67998657226565,99.84003906249995,78.98876953125
1763686086.4147165,9,3,3,-0.01254026722618358,0.09439261406421848,-0.9798578444854205,0.004103958086817496,0.007913307781835029,0.0001238937397846803,43.67995605468741,-124.79996337890623,102.22084960937491,32.6400085449219,-58.56000366210935,20.134326171874818,38.87990722656241,98.88002929687491,298.91845703125,-75.83994140625009,50.40004882812491,20.90883789062491,-103.67998657226565,99.84003906249995,71.244873046875
1763686086.5242705,9,3,3,-0.016004376301082233,0.10696644989205516,-0.908520173582466,0.00507281279580931,0.007495241631673698,0.00023061448201405988,46.07998046874991,-122.39999999999998,94.47695312499991,37.44002685546877,-60.96001281738279,24.006396484374818,38.87990722656241,91.67995605468741,291.174560546875,-75.83994140625009,47.99990234374991,24.78078613281241,-106.08001098632815,102.23994140624995,67.372802734375
1763686086.6289563,9,3,3,-0.05463945644811059,0.12713508220636238,-0.9958893340792312,0.00419443535390637,0.008731220480240696,0.0005070064322505305,43.67995605468741,-119.99997558593748,98.34877929687491,37.44002685546877,-60.96001281738279,27.878466796874818,38.87990722656241,96.48000488281241,295.04638671875,-73.44003906250009,50.40004882812491,17.03676757812491,-103.67998657226565,99.84003906249995,71.244873046875
1763686086.8197162,9,3,3,-0.05579509406026101,0.11021621485376214,-0.8757771086999017,0.004420477610785922,0.008021969508099218,-7.322045231706323e-05,46.07998046874991,-122.39999999999998,102.22084960937491,35.04000244140627,-63.360006713867165,24.006396484374818,36.48000488281241,94.07998046874991,295.04638671875,-75.83994140625009,47.99990234374991,17.03676757812491,-101.27999267578127,99.84003906249995,71.244873046875
1763686086.9100828,9,3,3,-0.05745429608401744,0.13009945183401211,-0.9925615694266225,0.004895498670226745,0.008205160305961459,0.0005108973212475851,38.88002929687491,-127.19998779296873,94.47695312499991,37.44002685546877,-68.16000976562498,20.134326171874818,38.87990722656241,91.67995605468741,291.174560546875,-71.04013671875009,47.99990234374991,17.03676757812491,-98.8799987792969,102.23994140624995,71.244873046875
1763686087.022371,9,3,3,-0.038501690010791505,0.1117651579959969,-0.8927593589953355,0.004434903224003734,0.0074965958684908565,-7.957086456056008e-05,46.07998046874991,-122.39999999999998,98.34877929687491,35.04000244140627,-58.56000366210935,27.878466796874818,38.87990722656241,101.28005371093741,287.302490234375,-78.24008789062509,50.40004882812491,13.164819335937409,-101.27999267578127,102.23994140624995,67.372802734375
1763686087.1140535,9,3,3,-0.039356335301634154,0.08260016438289283,-0.8591304355693029,0.00437606901162065,0.007419200254655445,-6.52645238535231e-05,46.07998046874991,-124.79996337890623,102.22084960937491,37.44002685546877,-63.360006713867165,24.006396484374818,38.87990722656241,94.07998046874991,295.04638671875,-75.83994140625009,43.19985351562491,13.164819335937409,-103.67998657226565,102.23994140624995,59.62890625
1763686087.2104836,9,3,3,-0.012257141730469216,0.12466109789223595,-0.9617743010938018,0.004352208108936965,0.007726832064086961,-0.00010581086463332931,46.07998046874991,-124.79996337890623,94.47695312499991,32.6400085449219,-58.56000366210935,27.878466796874818,36.48000488281241,91.67995605468741,291.174560546875,-73.44003906250009,43.19985351562491,17.03676757812491,-101.27999267578127,102.23994140624995,71.244873046875
1763686087.412187,9,3,3,-0.06514405012153378,0.11601861064763,-0.9422702142018498,0.004623622901322245,0.007998014780562456,0.0002943610703092301,41.27993164062491,-119.99997558593748,98.34877929687491,35.04000244140627,-63.360006713867165,31.750292968749818,38.87990722656241,96.48000488281241,295.04638671875,-73.44003906250009,50.40004882812491,24.78078613281241,-101.27999267578127,102.23994140624995,71.244873046875
1763686087.8168414,9,3,3,-0.07451708025670167,0.10086662482385578,-0.874527483891566,0.0046859060844973675,0.00818405875097486,0.0003202562372151087,43.67995605468741,-119.99997558593748,102.22084960937491,35.04000244140627,-65.76000061035154,24.006396484374818,38.87990722656241,94.07998046874991,283.430419921875,-73.44003906250009,43.19985351562491,13.164819335937409,-103.67998657226565,97.44001464843745,67.372802734375
1763686087.859894,9,3,3,-0.09251041032715325,0.11141588637899988,-0.9904489811604311,0.004897664883455716,0.00823621682202008,0.00012259099949692989,43.67995605468741,-119.99997558593748,90.60488281249991,35.04000244140627,-63.360006713867165,31.750292968749818,41.27993164062491,94.07998046874991,291.174560546875,-73.44003906250009,45.59999999999991,20.90883789062491,-103.67998657226565,97.44001464843745,67.372802734375
1763686087.9707947,9,3,3,-0.06615087236654053,0.07518411706249084,-0.841728528881288,0.004479163152212775,0.008309324841148952,2.0580006839146406e-05,41.27993164062491,-124.79996337890623,98.34877929687491,32.6400085449219,-63.360006713867165,24.006396484374818,34.07998046874991,94.07998046874991,287.302490234375,-73.44003906250009,50.40004882812491,17.03676757812491,-101.27999267578127,95.03999023437495,67.372802734375
1763686088.0660274,9,3,3,-0.022102410349337527,0.09346730965264798,-0.8932324700816145,0.004467000538732163,0.007074254930295854,0.0002345536723221619,43.67995605468741,-122.39999999999998,98.34877929687491,39.84002075195315,-63.360006713867165,16.262255859374818,38.87990722656241,91.67995605468741,283.430419921875,-73.44003906250009,47.99990234374991,13.164819335937409,-103.67998657226565,97.44001464843745,71.244873046875
1763686088.1582468,9,3,3,-0.03805382820750068,0.09554669255206108,-0.8079061888132195,0.004333549705235565,0.006570047925395036,-0.00020484997201889452,36.48000488281241,-119.99997558593748,90.60488281249991,30.240014648437523,-63.360006713867165,20.134326171874818,41.27993164062491,86.88002929687491,267.9423828125,-66.24008789062509,50.40004882812491,17.03676757812491,-98.8799987792969,90.23994140624995,63.500732421875
1763686088.2374196,9,3,3,0.010550569257534503,0.07953352953030575,-0.7899660245524334,0.004898673334592985,0.00541599357428067,-0.00011690325416844984,36.48000488281241,-110.39999999999998,82.86074218749991,25.439996337890648,-58.56000366210935,8.518359374999818,38.87990722656241,79.67995605468741,248.58251953125,-56.63999023437509,45.59999999999991,20.90883789062491,-89.27999267578127,83.03999023437495,51.884765625
1763686088.3282955,9,3,3,0.07081834509385322,0.08496676815853432,-0.6277705362715391,0.0033379935389293907,0.0030190785034732263,-0.0003016705458600881,0,0,0,0,0,0,0,0,0,0,0,0,0,0,0
1763686088.4218931,9,3,3,0.0022954270805770624,-0.004261707510920934,-0.5020131273915838,0.0006237914040281535,0.004340324949067176,0.000130808183582242,26.88002929687491,-100.79996337890623,51.88491210937491,25.439996337890648,-51.360006713867165,0.7744628906248181,36.48000488281241,62.88002929687491,213.734375,-47.04013671875009,47.99990234374991,13.164819335937409,-79.67998657226565,73.44001464843745,36.396728515625
1763686088.517074,9,3,3,0.087421274336028,0.07510957706251566,-0.3963639211087944,0.0018261835687717548,0.0011070165740605562,-0.000694357573435153,19.67995605468741,-93.60001220703123,48.01284179687491,18.240014648437523,-48.96001281738279,-6.969677734375182,38.87990722656241,50.88002929687491,178.886474609375,-37.44003906250009,47.99990234374991,5.420800781249909,-70.08001098632815,63.840039062499955,24.78076171875
1763686088.611745,9,3,3,0.030010151740665906,-0.037465784656544994,-0.41697563288225353,0.00023796743776604895,0.001213150389896934,-7.297532971421743e-05,14.880029296874909,-83.99997558593748,32.52480468749991,11.040002441406273,-44.16000976562498,-10.841748046875182,34.07998046874991,38.88002929687491,159.5263671875,-30.24008789062509,45.59999999999991,5.420800781249909,-67.67998657226565,51.840039062499955,13.164794921875
1763686088.7232513,9,3,3,0.012141816468620902,-0.0015492943891404912,-0.2179638317018686,-0.0009227012544944403,0.0005244953152628199,-0.00032289857474794234,10.079980468749909,-74.39999999999998,24.78090820312491,8.640008544921898,-34.56000366210935,-18.585644531250182,31.67995605468741,29.28005371093741,132.42236328125,-18.24008789062509,45.59999999999991,1.548852539062409,-58.08001098632815,47.039990234374955,9.292724609375
1763686096.1218462,9,3,3,-0.013783006798315588,-0.14189314463239666,-0.3250950654594356,-0.0024496175637014807,0.002421644748765184,-0.00012039818449711167,-1.920019531250091,-67.19998779296873,9.292871093749909,3.8400207519531477,-27.360006713867165,-26.329541015625182,34.07998046874991,14.880029296874909,97.574462890625,-13.440039062500091,47.99990234374991,-2.323217773437591,-48.48000488281252,35.039990234374955,-6.195068359375
1763686096.4156454,9,3,3,-0.014306382042348766,-0.009870172567141264,-0.44953819194881917,0.0005934153440441968,0.0033710966468544477,-0.00016293996700967242,17.27993164062491,-81.60001220703123,44.14077148437491,15.840020751953148,-39.360006713867165,-6.969677734375182,36.48000488281241,43.67995605468741,171.142333984375,-39.83994140625009,45.59999999999991,5.420800781249909,-67.67998657226565,59.039990234374955,24.78076171875
1763686096.5270567,9,3,3,-0.05637269008739776,-0.007761603994174901,-0.5544593788805282,4.379718794600269e-05,0.006797982724037915,3.2529757405910423e-05,19.67995605468741,-88.79996337890623,51.88491210937491,23.040002441406273,-41.76000061035154,8.518359374999818,34.07998046874991,50.88002929687491,190.50244140625,-39.83994140625009,43.19985351562491,1.548852539062409,-77.27999267578127,66.23994140624995,36.396728515625
1763686096.7138565,9,3,3,-0.08682610333547995,0.05916887021473827,-0.769972451758377,0.001347830030794379,0.009190178395005461,0.00042515226361851123,29.27993164062491,-103.19998779296873,75.11684570312491,27.840020751953148,-48.96001281738279,16.262255859374818,36.48000488281241,70.07998046874991,240.83837890625,-61.44003906250009,47.99990234374991,17.03676757812491,-84.48000488281252,80.63996582031245,44.140869140625
1763686096.823911,9,3,3,-0.04456317728563395,0.08849169246035532,-0.8277008582321601,0.003774076860227441,0.00707625051061885,0.0003336762336064031,38.88002929687491,-107.99997558593748,86.73281249999991,32.6400085449219,-53.76000061035154,16.262255859374818,36.48000488281241,82.07998046874991,256.326416015625,-63.83994140625009,45.59999999999991,17.03676757812491,-91.67998657226565,90.23994140624995,59.62890625
1763686096.9147491,9,3,3,-0.11171386523886037,0.055811308323693035,-0.8988644369513054,0.002764098616790278,0.010638135043855801,-8.303989651543722e-05,43.67995605468741,-119.99997558593748,86.73281249999991,32.6400085449219,-58.56000366210935,27.878466796874818,31.67995605468741,94.07998046874991,283.430419921875,-73.44003906250009,45.59999999999991,9.292749023437409,-96.48000488281252,95.03999023437495,59.62890625
1763686097.0062177,9,3,3,-0.09485697210719318,0.025552695865819004,-0.9175544765705075,0.002519284915607129,0.010676934070069324,0.00014633599156665505,50.88002929687491,-124.79996337890623,109.96474609374991,37.44002685546877,-58.56000366210935,35.62236328124982,31.67995605468741,98.88002929687491,295.04638671875,-80.63999023437509,43.19985351562491,13.164819335937409,-106.08001098632815,102.23994140624995,78.98876953125
1763686097.1171684,9,3,3,-0.208131305416358,0.04283047277588304,-1.1165410914778584,0.002727659238112438,0.013595235593239035,0.00015409469165428215,53.27993164062491,-129.60001220703123,113.83681640624991,44.6400085449219,-63.360006713867165,35.62236328124982,34.07998046874991,108.48000488281241,314.406494140625,-78.24008789062509,45.59999999999991,9.292749023437409,-108.48000488281252,111.84003906249995,78.98876953125
1763686097.1763897,9,3,3,-0.164516508714095,0.057189975209548494,-1.1520795905803676,0.0026741183659515083,0.013305275281306038,0.00013960160175796414,58.07998046874991,-141.60001220703123,121.58095703124991,44.6400085449219,-72.96001281738279,39.49443359374982,43.67995605468741,118.07998046874991,341.510498046875,-95.04013671875009,45.59999999999991,17.03676757812491,-120.48000488281252,111.84003906249995,90.604736328125
1763686097.285532,9,3,3,-0.09361720537914571,0.15133706340641712,-1.2062762627877435,0.0067994312695122214,0.01236248634722403,0.00012940262258771481,65.27993164062491,-146.39999999999998,140.9408203124999,49.44002685546877,-68.16000976562498,54.98247070312482,41.27993164062491,134.8800292968749,384.1025390625,-104.63999023437509,52.79995117187491,28.65285644531241,-130.07999572753909,128.63996582031245,102.220703125
1763686097.4129436,9,3,3,-0.1684394848592497,0.13305529730929505,-1.4720320895972665,0.0075367892923836706,0.015428615593715111,-3.7793322812347974e-05,74.88002929687491,-163.19998779296873,156.4288574218749,56.6400085449219,-82.56000366210935,62.72636718749982,41.27993164062491,146.8800292968749,422.822509765625,-119.04013671875009,55.19985351562491,24.78078613281241,-139.6800018310547,145.44001464843745,117.708740234375
1763686097.4874098,9,3,3,-0.18394869436200298,0.15344649987431008,-1.5562783567171303,0.0073437954649530806,0.015355978171666777,8.590934730897401e-05,84.48000488281241,-165.60001220703123,168.0448242187499,59.04000244140627,-82.56000366210935,70.47026367187482,38.87990722656241,158.8800292968749,449.926513671875,-128.6399902343751,55.19985351562491,24.78078613281241,-144.48000488281252,150.23994140624995,121.580810546875
1763686097.5804265,9,3,3,-0.20549980410662047,0.20764689610182976,-1.6709049094771768,0.00858188608814417,0.017122568695234774,0.000515213290877483,89.27993164062491,-179.99997558593748,191.2767578124999,63.84002075195315,-89.7600158691406,74.34233398437482,48.48000488281241,166.0799804687499,488.646484375,-140.6399902343751,59.99990234374991,24.78078613281241,-158.8799987792969,167.03999023437495,144.812744140625
1763686097.6766188,9,3,3,-0.24524508932375774,0.1948102145886368,-1.850979051064662,0.00938809696193189,0.018411911344817778,-0.0005603242524342023,94.07998046874991,-191.99997558593748,199.0208984374999,68.6400085449219,-96.96001281738279,89.83012695312482,46.07998046874991,182.8800292968749,519.62255859375,-150.2400878906251,57.59999999999991,28.65285644531241,-163.6800018310547,181.44001464843745,148.684814453125
1763686097.8196006,9,3,3,-0.34751480075269936,0.2091131519853806,-2.1829340861196815,0.010720249248153003,0.022443133002015118,0.0003434814825936949,103.67995605468741,-211.19998779296873,218.3807617187499,75.84002075195315,-104.16000976562498,97.57426757812482,50.87990722656241,199.6800781249999,569.95849609375,-162.2400878906251,62.40004882812491,36.39675292968741,-182.8799987792969,198.23994140624995,171.916748046875
1763686097.893659,9,3,3,-0.34821239676794874,0.2283782426912233,-2.164439573607214,0.011036514035515033,0.022553941479657315,-0.00019746890958739468,113.27993164062491,-220.80002441406248,229.9969726562499,80.6400085449219,-104.16000976562498,101.44633789062482,50.87990722656241,216.4801269531249,597.0625,-169.4400390625001,64.79995117187491,28.65285644531241,-190.08001098632815,205.44001464843745,175.788818359375
1763686097.9882348,9,3,3,-0.30131845921978956,0.2414478171841442,-2.280148249995109,0.01214662391399802,0.021766962032689265,0.0005462918582105137,108.48000488281241,-220.80002441406248,229.9969726562499,80.6400085449219,-106.56000366210935,105.31840820312482,53.27993164062491,216.4801269531249,589.318359375,-171.8399414062501,57.59999999999991,40.26882324218741,-187.6800018310547,207.84003906249995,171.916748046875
1763686098.0814383,9,3,3,-0.32862014465354705,0.26577858657162023,-2.344581815570154,0.012649738706718951,0.022187752377519656,0.0003672138913147953,110.88002929687491,-220.80002441406248,222.2528320312499,80.6400085449219,-99.36000671386716,97.57426757812482,50.87990722656241,206.8800292968749,589.318359375,-169.4400390625001,59.99990234374991,36.39675292968741,-185.28000793457034,200.63996582031245,171.916748046875
1763686098.2253852,9,3,3,-0.3279420529766715,0.251013812443922,-2.2256457077675558,0.01257410311046082,0.020888684635126643,0.00025401040971799503,106.07998046874991,-220.80002441406248,226.1249023437499,80.6400085449219,-101.7600158691406,109.19047851562482,48.48000488281241,204.4801269531249,581.574462890625,-167.0401367187501,59.99990234374991,36.39675292968741,-185.28000793457034,200.63996582031245,175.788818359375
1763686098.3197918,9,3,3,-0.2912918015856787,0.25001822231776855,-2.1616879326601537,0.012088727923207847,0.02066580439374159,0.00027457397462833937,108.48000488281241,-220.80002441406248,226.1249023437499,78.24001464843752,-104.16000976562498,101.44633789062482,48.48000488281241,206.8800292968749,593.1904296875,-164.6399902343751,62.40004882812491,40.26882324218741,-185.28000793457034,203.03999023437495,175.788818359375
1763686098.413009,9,3,3,-0.31840437298429203,0.24710659114789169,-2.176294567491851,0.012401569249906473,0.02052457503370692,0.0005838241997520152,106.07998046874991,-213.60001220703123,222.2528320312499,75.84002075195315,-104.16000976562498,93.70219726562482,46.07998046874991,206.8800292968749,581.574462890625,-164.6399902343751,62.40004882812491,40.26882324218741,-185.28000793457034,198.23994140624995,168.044921875
1763686098.5225613,9,3,3,-0.29637947480363963,0.2743900333730267,-2.0450066475282465,0.011642819549922717,0.020528540407331538,-7.874961508212621e-05,110.88002929687491,-220.80002441406248,226.1249023437499,80.6400085449219,-99.36000671386716,101.44633789062482,48.48000488281241,204.4801269531249,593.1904296875,-167.0401367187501,64.79995117187491,32.52480468749991,-187.6800018310547,200.63996582031245,171.916748046875
1763686098.6138327,9,3,3,-0.29187510103134423,0.2510030117728303,-2.1097200627370705,0.012271603021231085,0.020405388862112756,-0.00017529662535837828,106.07998046874991,-215.99997558593748,218.3807617187499,80.6400085449219,-106.56000366210935,97.57426757812482,50.87990722656241,204.4801269531249,585.446533203125,-167.0401367187501,64.79995117187491,40.26882324218741,-185.28000793457034,203.03999023437495,175.788818359375
1763686098.7239242,9,3,3,-0.2684435347352171,0.24158480625594964,-2.1329697111422647,0.010868396487642278,0.019796230273683164,0.0004362863421610219,106.07998046874991,-218.39999999999998,222.2528320312499,75.84002075195315,-104.16000976562498,105.31840820312482,50.87990722656241,206.8800292968749,585.446533203125,-164.6399902343751,64.79995117187491,40.26882324218741,-185.28000793457034,205.44001464843745,168.044921875
1763686098.830116,9,3,3,-0.29034611565100416,0.2589556800346854,-2.0440395515296097,0.012019558992512683,0.020766938800827646,-7.53809103721196e-05,103.67995605468741,-213.60001220703123,226.1249023437499,73.44002685546877,-99.36000671386716,105.31840820312482,48.48000488281241,211.6800781249999,589.318359375,-164.6399902343751,62.40004882812491,36.39675292968741,-187.6800018310547,200.63996582031245,168.044921875
1763686099.0200071,9,3,3,-0.295341320573072,0.20613287219333487,-2.1831889214834357,0.01072581951703134,0.020307152378022837,0.0004992819376353581,106.07998046874991,-220.80002441406248,229.9969726562499,75.84002075195315,-104.16000976562498,101.44633789062482,48.48000488281241,206.8800292968749,585.446533203125,-162.2400878906251,62.40004882812491,40.26882324218741,-185.28000793457034,203.03999023437495,179.660888671875
1763686099.033537,9,3,3,-0.3142606605346315,0.20792772039993077,-1.9608659826264088,0.011300910677288119,0.02004263337374046,0.00011200721431532819,106.07998046874991,-218.39999999999998,214.5089355468749,75.84002075195315,-99.36000671386716,101.44633789062482,46.07998046874991,206.8800292968749,589.318359375,-169.4400390625001,64.79995117187491,28.65285644531241,-185.28000793457034,200.63996582031245,168.044921875
1763686099.2212496,9,3,3,-0.3150619818952435,0.2557222413208919,-2.026637238630839,0.011831742108806446,0.0205102013373281,8.558466168932105e-06,106.07998046874991,-218.39999999999998,226.1249023437499,73.44002685546877,-96.96001281738279,105.31840820312482,48.48000488281241,202.0799804687499,585.446533203125,-167.0401367187501,62.40004882812491,36.39675292968741,-182.8799987792969,198.23994140624995,168.044921875
1763686099.3288176,9,3,3,-0.33731974290095224,0.21808762040358645,-1.9964627993605326,0.010676859424576652,0.021167804181244868,-0.00037304594039705907,103.67995605468741,-218.39999999999998,229.9969726562499,80.6400085449219,-99.36000671386716,101.44633789062482,50.87990722656241,202.0799804687499,589.318359375,-167.0401367187501,67.19985351562491,28.65285644531241,-182.8799987792969,203.03999023437495,171.916748046875
1763686099.4369838,9,3,3,-0.313996214876628,0.20545591943270353,-2.097120080704097,0.01107104831490266,0.020673847379047525,0.00029723253246572725,103.67995605468741,-215.99997558593748,229.9969726562499,80.6400085449219,-99.36000671386716,109.19047851562482,48.48000488281241,206.8800292968749,585.446533203125,-167.0401367187501,59.99990234374991,36.39675292968741,-182.8799987792969,200.63996582031245,171.916748046875
1763686099.6113687,9,3,3,-0.32214194554987163,0.24135013608856232,-2.0614755737351005,0.011368580862397535,0.02037549010306653,-4.639029359609654e-06,106.07998046874991,-220.80002441406248,233.8687988281249,78.24001464843752,-101.7600158691406,105.31840820312482,46.07998046874991,202.0799804687499,585.446533203125,-167.0401367187501,59.99990234374991,32.52480468749991,-180.48000488281252,205.44001464843745,168.044921875
1763686099.6239629,9,3,3,-0.3230853013231779,0.23957956436426972,-2.0277256956128955,0.011527830170911099,0.020858379739429864,8.381113793573102e-06,108.48000488281241,-218.39999999999998,226.1249023437499,73.44002685546877,-104.16000976562498,101.44633789062482,50.87990722656241,204.4801269531249,581.574462890625,-167.0401367187501,69.59999999999991,36.39675292968741,-182.8799987792969,198.23994140624995,171.916748046875
1763686099.7301402,9,3,3,-0.33644317550081243,0.20947572197232328,-1.9977387535657765,0.010456277759923653,0.02086835999845239,0.00025167634895824614,106.07998046874991,-220.80002441406248,233.8687988281249,78.24001464843752,-99.36000671386716,109.19047851562482,46.07998046874991,209.2799316406249,585.446533203125,-167.0401367187501,62.40004882812491,36.39675292968741,-185.28000793457034,205.44001464843745,171.916748046875
1763686099.8238325,9,3,3,-0.2927754833321341,0.2526500169135134,-2.049276648074328,0.010625268987309883,0.02076444378310947,-4.5969715700121e-06,106.07998046874991,-215.99997558593748,222.2528320312499,80.6400085449219,-99.36000671386716,101.44633789062482,46.07998046874991,202.0799804687499,577.702392578125,-164.6399902343751,59.99990234374991,32.52480468749991,-182.8799987792969,203.03999023437495,175.788818359375
1763686100.0136244,9,3,3,-0.2850979371846147,0.21846743528923868,-2.0159118157044302,0.010523470498727273,0.02061612562150618,-0.0001465581972968429,106.07998046874991,-215.99997558593748,229.9969726562499,80.6400085449219,-101.7600158691406,101.44633789062482,48.48000488281241,206.8800292968749,581.574462890625,-164.6399902343751,59.99990234374991,28.65285644531241,-187.6800018310547,198.23994140624995,171.916748046875
1763686100.1233354,9,3,3,-0.312133664200098,0.21547042360362287,-1.9800597577031405,0.010851040456835105,0.020480073394754668,0.0001807893488513881,106.07998046874991,-218.39999999999998,226.1249023437499,78.24001464843752,-101.7600158691406,101.44633789062482,48.48000488281241,204.4801269531249,577.702392578125,-167.0401367187501,59.99990234374991,32.52480468749991,-185.28000793457034,200.63996582031245,168.044921875
1763686100.2174447,9,3,3,-0.2941654047515524,0.21652402107218904,-2.031457601489123,0.010682368508071556,0.020035766973135596,0.00016140267783152523,106.07998046874991,-218.39999999999998,229.9969726562499,80.6400085449219,-104.16000976562498,105.31840820312482,43.67995605468741,206.8800292968749,581.574462890625,-169.4400390625001,59.99990234374991,28.65285644531241,-185.28000793457034,205.44001464843745,179.660888671875
1763686100.3266404,9,3,3,-0.27524088826983356,0.23676420520391403,-2.015999475133367,0.010525704582915461,0.019678130436096456,0.0003206425576522962,106.07998046874991,-218.39999999999998,229.9969726562499,75.84002075195315,-104.16000976562498,101.44633789062482,48.48000488281241,206.8800292968749,585.446533203125,-167.0401367187501,62.40004882812491,32.52480468749991,-185.28000793457034,203.03999023437495,175.788818359375
1763686100.4221501,9,3,3,-0.31810195848664385,0.23070069553713252,-1.9303127572383296,0.010482488932642482,0.02025030792979086,-3.8954371069730397e-05,103.67995605468741,-213.60001220703123,226.1249023437499,78.24001464843752,-101.7600158691406,109.19047851562482,53.27993164062491,206.8800292968749,581.574462890625,-164.6399902343751,64.79995117187491,32.52480468749991,-180.48000488281252,200.63996582031245,175.788818359375
1763686100.5158014,9,3,3,-0.30799349031363793,0.17925509493488823,-1.966566439567286,0.009734937748292477,0.019403098963413558,0.00034001620451637785,98.88002929687491,-211.19998779296873,214.5089355468749,78.24001464843752,-99.36000671386716,97.57426757812482,43.67995605468741,199.6800781249999,562.21435546875,-157.4400390625001,57.59999999999991,28.65285644531241,-178.07999572753909,195.84003906249995,164.1728515625
1763686100.624738,9,3,3,-0.27868652649389514,0.18365651458068089,-1.7003316492184908,0.00918098029457631,0.018987308798451702,0.0001193313138147785,94.07998046874991,-196.79996337890623,202.8929687499999,73.44002685546877,-94.56000366210935,93.70219726562482,41.27993164062491,182.8800292968749,523.494384765625,-150.2400878906251,55.19985351562491,36.39675292968741,-166.07999572753909,181.44001464843745,152.556884765625
1763686100.6848426,9,3,3,-0.27770295998018313,0.2225437733706403,-1.6830693870090863,0.009330826586785237,0.019070961541093535,-3.361595893658625e-05,94.07998046874991,-189.60001220703123,202.8929687499999,68.6400085449219,-87.36000671386716,85.95854492187482,46.07998046874991,180.4800048828124,508.00634765625,-147.8399414062501,57.59999999999991,32.52480468749991,-161.28000793457034,174.23994140624995,148.684814453125
1763686100.811869,9,3,3,-0.1103526878831527,0.25112674076928454,-1.4335582845214938,0.009198642308434375,0.014001396573756963,-0.00018416085292761867,79.67995605468741,-184.79996337890623,179.6607910156249,59.04000244140627,-89.7600158691406,66.59843749999982,48.48000488281241,163.6799560546874,469.286376953125,-128.6399902343751,55.19985351562491,24.78078613281241,-154.07999572753909,159.84003906249995,125.452880859375
1763686100.9214177,9,3,3,-0.10022424417573216,0.18184753552135163,-1.2465519860632663,0.008725700203861179,0.010198383489612144,-0.00019241980329083109,0,0,0,0,0,0,0,0,0,0,0,0,0,0,0
1763686100.9803553,9,3,3,-0.10019986677382595,0.2010920842447252,-1.2634946813323014,0.008885030278892043,0.010376436004777074,0.00019148288974401477,67.67995605468741,-158.39999999999998,148.6849609374999,49.44002685546877,-80.16000976562498,51.11040039062482,46.07998046874991,137.2800537109374,411.20654296875,-111.83994140625009,52.79995117187491,32.52480468749991,-137.28000793457034,140.63996582031245,106.0927734375
1763686101.088817,9,3,3,-0.06498488411354232,0.16564492208249193,-1.0879344712861652,0.006648369890926245,0.009687374108699336,0.000325372293225284,58.07998046874991,-143.99997558593748,125.45278320312491,37.44002685546877,-72.96001281738279,39.49443359374982,46.07998046874991,118.07998046874991,360.870361328125,-95.04013671875009,52.79995117187491,28.65285644531241,-118.08001098632815,126.23994140624995,86.73291015625
1763686101.2166128,9,3,3,0.03670955674143944,0.13298220502675487,-0.6551840644849691,0.005380876569108305,0.005388386638259836,6.686784958022623e-06,46.07998046874991,-127.19998779296873,106.09291992187491,37.44002685546877,-63.360006713867165,35.62236328124982,36.48000488281241,101.28005371093741,310.534423828125,-83.04013671875009,45.59999999999991,13.164819335937409,-108.48000488281252,109.44001464843745,78.98876953125
1763686101.3268864,9,3,3,-0.005726562084388272,0.1083304600856275,-0.5609424227484123,0.0031658016712697544,0.006303700972671942,-0.0005921856994824655,46.07998046874991,-117.60001220703123,90.60488281249991,35.04000244140627,-60.96001281738279,20.134326171874818,38.87990722656241,89.28005371093741,279.558349609375,-68.63999023437509,50.40004882812491,13.164819335937409,-103.67998657226565,95.03999023437495,59.62890625
1763686101.4212468,9,3,3,0.11019968635213047,0.0917026342952416,-0.4281463119890936,0.0026407307593545497,0.0007232137904437249,-0.0002347257527501625,36.48000488281241,-107.99997558593748,82.86074218749991,27.840020751953148,-53.76000061035154,16.262255859374818,38.87990722656241,79.67995605468741,248.58251953125,-61.44003906250009,47.99990234374991,13.164819335937409,-91.67998657226565,80.63996582031245,51.884765625
1763686101.4647884,9,3,3,0.11790160967354907,0.07676460141469038,-0.411724174656038,0.002698262346660769,0.0007529481448240621,7.215712221591414e-06,34.07998046874991,-103.19998779296873,78.98891601562491,32.6400085449219,-53.76000061035154,16.262255859374818,34.07998046874991,74.88002929687491,236.966552734375,-56.63999023437509,40.79995117187491,13.164819335937409,-91.67998657226565,85.44001464843745,59.62890625
1763686101.5753057,9,3,3,0.10938586143452336,0.020239662998351525,-0.2699446213233366,0.0002455494016957646,0.0019422588992444687,-0.0003384905846105723,26.88002929687491,-93.60001220703123,55.75673828124991,20.640008544921898,-48.96001281738279,8.518359374999818,36.48000488281241,67.67995605468741,213.734375,-49.44003906250009,40.79995117187491,1.548852539062409,-79.67998657226565,71.03999023437495,36.396728515625
1763686101.698784,9,3,3,-0.027690444190023422,-0.042377372936709345,-0.2690962882241162,-0.0004512587252716787,0.003957109367880513,0.00036910344928729283,29.27993164062491,-93.60001220703123,51.88491210937491,23.040002441406273,-41.76000061035154,0.7744628906248181,31.67995605468741,58.07998046874991,194.37451171875,-44.63999023437509,47.99990234374991,5.420800781249909,-79.67998657226565,66.23994140624995,32.52490234375
1763686101.8077834,9,3,3,-0.09884260971181287,0.23186551178841366,-0.21094107088281622,0.0009527876976363562,0.003701021034391478,0.000294060849749947,14.880029296874909,-83.99997558593748,40.26894531249991,15.840020751953148,-36.96001281738279,-3.097607421875182,31.67995605468741,41.28005371093741,171.142333984375,-35.04013671875009,47.99990234374991,1.548852539062409,-67.67998657226565,63.840039062499955,20.90869140625
1763686109.313632,9,3,3,-0.021673827210594562,-0.07399480163356598,-0.22372674888493072,-0.00205905485571099,0.0039039879160831254,-0.0005571680397141988,-4.320043945312591,-69.60001220703123,13.164941406249909,6.240014648437523,-29.76000061035154,-30.201611328125182,29.27993164062491,5.280053710937409,97.574462890625,-13.440039062500091,52.79995117187491,-2.323217773437591,-50.8799987792969,35.039990234374955,-6.195068359375
1763686109.720905,9,3,3,0.09109461012489536,-0.048621640119273904,-0.48174465632747154,-0.0022190165446290965,0.002881220649961588,0.000363259700689543,22.07998046874991,-91.19998779296873,44.14077148437491,25.439996337890648,-41.76000061035154,-10.841748046875182,34.07998046874991,55.67995605468741,186.63037109375,-39.83994140625009,47.99990234374991,5.420800781249909,-72.48000488281252,61.440014648437455,28.65283203125
1763686109.814064,9,3,3,0.006067039035212133,0.0326774894005592,-0.5722099503531213,6.251679139742896e-05,0.004749967899403367,0.0001782855314179635,24.48000488281241,-93.60001220703123,51.88491210937491,20.640008544921898,-41.76000061035154,8.518359374999818,34.07998046874991,60.48000488281241,202.118408203125,-44.63999023437509,43.19985351562491,9.292749023437409,-77.27999267578127,68.63996582031245,40.268798828125
1763686109.922288,9,3,3,0.008109944962631236,0.02112224305439338,-0.6710628463409466,0.0010917527308690438,0.00670885928292344,-7.452236170336269e-06,36.48000488281241,-95.99997558593748,63.50087890624991,30.240014648437523,-44.16000976562498,12.390429687499818,29.27993164062491,72.48000488281241,213.734375,-47.04013671875009,47.99990234374991,1.548852539062409,-82.08001098632815,80.63996582031245,51.884765625
1763686110.125622,9,3,3,-0.0538005530397635,0.01854904216554825,-0.7758767161797925,-0.000487107837042631,0.007485922673939221,-5.105830826016602e-05,43.67995605468741,-115.19998779296873,82.86074218749991,32.6400085449219,-56.16000976562498,27.878466796874818,31.67995605468741,86.88002929687491,264.070556640625,-66.24008789062509,45.59999999999991,17.03676757812491,-98.8799987792969,90.23994140624995,71.244873046875
1763686110.2180023,9,3,3,-0.15146997654599162,0.012982287050590971,-0.9007799389000372,0.0017457840553245323,0.010407524842402776,0.00015030069509554722,50.88002929687491,-115.19998779296873,98.34877929687491,42.24001464843752,-58.56000366210935,39.49443359374982,31.67995605468741,98.88002929687491,287.302490234375,-71.04013671875009,45.59999999999991,5.420800781249909,-98.8799987792969,99.84003906249995,71.244873046875
1763686110.31514,9,3,3,-0.10888431312778982,0.04040604383672697,-0.8663890427755603,0.0021585700093863487,0.009392553235300381,5.157990088790567e-06,55.67995605468741,-127.19998779296873,106.09291992187491,47.04000244140627,-60.96001281738279,39.49443359374982,38.87990722656241,115.67995605468741,310.534423828125,-73.44003906250009,47.99990234374991,13.164819335937409,-108.48000488281252,114.23994140624995,78.98876953125
1763686110.4252648,9,3,3,-0.14107178430597228,0.05889955704085711,-1.0646704690293591,0.003406489245209434,0.011625860536030593,0.00025155760476448157,53.27993164062491,-136.79996337890623,125.45278320312491,39.84002075195315,-58.56000366210935,54.98247070312482,34.07998046874991,106.07998046874991,333.766357421875,-92.63999023437509,45.59999999999991,9.292749023437409,-108.48000488281252,119.03999023437495,94.476806640625
1763686110.5182629,9,3,3,-0.3923657962632568,0.26304553030848005,-1.2728471869721403,0.005247198919568619,0.01843579009584503,0.0001701797216416977,67.67995605468741,-141.60001220703123,129.3248535156249,54.24001464843752,-65.76000061035154,54.98247070312482,34.07998046874991,127.67995605468741,364.742431640625,-97.44003906250009,50.40004882812491,13.164819335937409,-120.48000488281252,126.23994140624995,98.348876953125
1763686110.7225068,9,3,3,-0.40447200041313325,0.3629206213977938,-1.480801487620219,0.007214582299541073,0.0150573130578027,0.0006423061408752785,82.07998046874991,-158.39999999999998,160.3009277343749,59.04000244140627,-72.96001281738279,78.21440429687482,34.07998046874991,161.2800537109374,434.4384765625,-121.44003906250009,52.79995117187491,13.164819335937409,-139.6800018310547,152.63996582031245,129.32470703125
1763686110.8166237,9,3,3,0.00791571449346648,-0.13261198127131668,-1.7589270310493836,0.00529994038320912,0.017446422745096665,0.0003418743937000134,0,0,0,0,0,0,0,0,0,0,0,0,0,0,0
1763686110.9237435,9,3,3,-0.45391580279101496,0.25459419919285853,-1.7473696484641725,0.008701869598439882,0.021027213952774775,0.00033015435610983654,91.67995605468741,-184.79996337890623,206.7647949218749,66.24001464843752,-82.56000366210935,101.44633789062482,38.87990722656241,173.2800537109374,504.134521484375,-145.4400390625001,55.19985351562491,24.78078613281241,-161.28000793457034,174.23994140624995,148.684814453125
1763686111.0175967,9,3,3,-0.12497331193697425,-0.04322348373339174,-2.0483199613546654,0.008397984213519406,0.02168303720137154,8.948475063435217e-05,103.67995605468741,-194.39999999999998,202.8929687499999,80.6400085449219,-87.36000671386716,93.70219726562482,41.27993164062491,197.2799316406249,527.366455078125,-147.8399414062501,55.19985351562491,20.90883789062491,-168.48000488281252,181.44001464843745,171.916748046875
1763686111.221493,9,3,3,-0.24154551345074188,0.04731397544365931,-2.4215194714823722,0.007791966701854629,0.02701092898306769,0.00033829524329292125,127.67995605468741,-225.60001220703123,233.8687988281249,95.04000244140627,-92.16000976562498,120.80620117187482,43.67995605468741,233.2799316406249,612.550537109375,-174.2400878906251,64.79995117187491,32.52480468749991,-199.6800018310547,212.63996582031245,191.27685546875
1763686111.3165944,9,3,3,-0.5779048173363766,0.33838875092821435,-2.4673792272028416,0.00943904481239086,0.026127986522070233,0.00014880345719429575,122.88002929687491,-239.99997558593748,260.9728027343749,87.84002075195315,-99.36000671386716,124.67827148437482,41.27993164062491,238.0799804687499,655.142333984375,-191.0401367187501,62.40004882812491,32.52480468749991,-202.08001098632815,234.23994140624995,206.764892578125
1763686111.423681,9,3,3,-0.35822894493003987,0.12019232746623204,-2.7644072260682035,0.010730890015826288,0.032785480149118314,0.0002241694522631722,137.2799316406249,-251.99997558593748,276.4608398437499,102.24001464843752,-108.96001281738279,132.42241210937482,38.87990722656241,254.8800292968749,701.6064453125,-200.6399902343751,71.99990234374991,32.52480468749991,-223.6800018310547,239.03999023437495,214.5087890625
1763686111.519745,9,3,3,-0.571208329794918,0.18741400272469788,-2.8132824066623145,0.007712812858826846,0.030351244379475974,-0.0006717722854757404,144.4800048828124,-266.4,291.9488769531249,109.44002685546877,-111.36000671386716,140.16655273437482,46.07998046874991,269.2799316406249,728.71044921875,-207.8399414062501,64.79995117187491,40.26882324218741,-233.28000793457034,251.03999023437495,229.996826171875
1763686111.6293883,9,3,3,-0.6088855977158356,0.20267007439953427,-2.937840631107985,0.010314162857192923,0.03135026854855036,-0.00023671751054304144,163.6799560546874,-275.9999755859375,303.5648437499999,116.6400085449219,-113.7600158691406,147.91020507812482,46.07998046874991,290.8800292968749,767.430419921875,-217.4400390625001,76.79995117187491,28.65285644531241,-245.28000793457034,260.63996582031245,253.228759765625
1763686111.7237368,9,3,3,-0.42827507667186915,0.15681804497605792,-3.1599383000254733,0.012705874365637694,0.035904357360563945,-0.00037972530657172853,163.6799560546874,-290.4,322.9249511718749,116.6400085449219,-116.16000976562498,159.52641601562482,43.67995605468741,300.4801269531249,810.0224609375,-231.8399414062501,76.79995117187491,32.52480468749991,-254.88000640869143,282.23994140624995,260.972900390625
1763686111.925639,9,3,3,-0.6807526754224611,0.19423410052033574,-3.5579620519989787,0.013144843436864832,0.04252006061554342,2.6844575039472462e-05,182.8800292968749,-328.8000244140625,365.5167480468749,128.6400085449219,-130.56000366210935,182.75834960937482,41.27993164062491,338.8800292968749,902.950439453125,-265.4400390625001,81.59999999999991,28.65285644531241,-286.08001098632815,313.44001464843745,288.076904296875
1763686112.0197713,9,3,3,-0.884703729482912,0.381052826235587,-3.824508059323623,0.012357763239187164,0.04522184333433865,0.00014802868100816883,192.4800048828124,-343.1999877929687,377.1329589843749,133.44002685546877,-135.36000671386716,182.75834960937482,46.07998046874991,348.4801269531249,937.79833984375,-275.0401367187501,86.40004882812491,40.26882324218741,-295.68000946044924,325.44001464843745,291.94873046875
1763686112.1252902,9,3,3,-0.7465812343880447,0.27954266590090926,-4.104926246071172,0.014844738620760335,0.043309811758434576,0.00037920088691548604,206.8800292968749,-369.6000122070312,400.3648925781249,145.44002685546877,-137.7600158691406,194.37456054687482,46.07998046874991,377.2799316406249,1003.62255859375,-289.4400390625001,93.59999999999991,32.52480468749991,-312.4800048828125,347.03999023437495,315.180908203125
1763686112.2194767,9,3,3,-0.8692052107505124,0.27378206481125855,-4.365767668859498,0.012814318830698411,0.049072171160645064,0.0007486966516761905,206.8800292968749,-371.9999755859375,404.2369628906249,140.6400085449219,-144.9600128173828,194.37456054687482,48.48000488281241,382.0799804687499,1011.366455078125,-294.2400878906251,93.59999999999991,44.14077148437491,-319.68000946044924,354.24006347656245,311.308837890625
1763686112.5179489,9,3,3,-0.7614783235643691,0.3068094902615085,-4.122903943010307,0.014550539693368942,0.04389363266157386,0.00036930756643844924,202.0799804687499,-367.1999877929687,404.2369628906249,138.24001464843752,-144.9600128173828,194.37456054687482,50.87990722656241,374.8800292968749,1011.366455078125,-291.8399414062501,93.59999999999991,36.39675292968741,-319.68000946044924,351.84003906249995,322.9248046875
1763686112.7289565,9,3,3,-0.7227702009108103,0.3520549949990026,-3.921727907899894,0.014328871774689155,0.041886629003857985,0.0002792046617081205,202.0799804687499,-364.8000244140625,400.3648925781249,138.24001464843752,-142.56001129150388,190.50249023437482,50.87990722656241,382.0799804687499,1011.366455078125,-291.8399414062501,93.59999999999991,40.26882324218741,-319.68000946044924,351.84003906249995,319.052734375
1763686112.8273246,9,3,3,-0.7456039251546649,0.32690800184195495,-3.9750201365266116,0.013441064980322149,0.042062370228247596,0.000649571269927179,202.0799804687499,-374.4,408.1087890624999,143.04000244140627,-142.56001129150388,194.37456054687482,55.67995605468741,377.2799316406249,1011.366455078125,-296.6399902343751,93.59999999999991,36.39675292968741,-322.0800071716309,356.63996582031245,319.052734375
1763686112.9219055,9,3,3,-0.752072586562967,0.3004043717379217,-3.9271580143098417,0.012730449984674609,0.04239915322034883,0.000587819768241969,204.4800048828124,-371.9999755859375,404.2369628906249,140.6400085449219,-142.56001129150388,194.37456054687482,46.07998046874991,379.6800781249999,1015.238525390625,-291.8399414062501,91.19985351562491,36.39675292968741,-317.28000793457034,351.84003906249995,319.052734375
1763686113.1268556,9,3,3,-0.7096411269386657,0.3072819094926066,-3.8599594773760337,0.012985997991445255,0.0415769144714884,0.0005337407422128866,204.4800048828124,-374.4,408.1087890624999,143.04000244140627,-144.9600128173828,186.63041992187482,46.07998046874991,377.2799316406249,1011.366455078125,-296.6399902343751,93.59999999999991,36.39675292968741,-324.4800086975098,356.63996582031245,326.796875
1763686113.2202404,9,3,3,-0.7415895240122766,0.3071444408817102,-3.877451633569338,0.012470279222349449,0.04174812682308787,0.0005254623361725273,206.8800292968749,-369.6000122070312,404.2369628906249,140.6400085449219,-147.3600143432617,194.37456054687482,50.87990722656241,382.0799804687499,1019.1103515625,-299.0401367187501,91.19985351562491,44.14077148437491,-319.68000946044924,354.24006347656245,315.180908203125
1763686113.8260531,9,3,3,-0.7737360049261865,0.304479491553169,-3.8907831238713237,0.013585524268585926,0.044200065711797756,0.00021380057607524663,204.4800048828124,-374.4,419.7247558593749,140.6400085449219,-144.9600128173828,202.11821289062482,50.87990722656241,379.6800781249999,1022.982421875,-301.4400390625001,93.59999999999991,44.14077148437491,-319.68000946044924,361.44001464843745,315.180908203125
1763686113.9205706,9,3,3,-0.7690901986058647,0.3373683248387391,-3.870968400527882,0.014697462042745376,0.044826686184920896,0.0003793264481574375,204.4800048828124,-374.4,411.9808593749999,143.04000244140627,-144.9600128173828,202.11821289062482,48.48000488281241,379.6800781249999,1030.7265625,-301.4400390625001,91.19985351562491,40.26882324218741,-322.0800071716309,361.44001464843745,315.180908203125
1763686114.0128825,9,3,3,-0.8111880932110016,0.33255262312755873,-3.886787126567334,0.014473950207971832,0.045093601022858226,0.0002170465743350598,202.0799804687499,-376.8000244140625,411.9808593749999,138.24001464843752,-144.9600128173828,202.11821289062482,48.48000488281241,379.6800781249999,1038.470458984375,-303.8399414062501,95.99990234374991,48.01284179687491,-329.28000793457034,363.84003906249995,319.052734375
1763686114.0555832,9,3,3,-0.8122729680393154,0.30193393851951056,-3.887241141912167,0.01438939807453669,0.04538872521620686,0.00021927729383229826,0,0,0,0,0,0,0,0,0,0,0,0,0,0,0
1763686114.1482532,9,3,3,-0.8129344072036808,0.340562278555816,-3.8859447277890915,0.014871533646320281,0.0456741304094127,0.0002967019280352501,206.8800292968749,-374.4,427.4688964843749,138.24001464843752,-142.56001129150388,202.11821289062482,48.48000488281241,382.0799804687499,1042.342529296875,-303.8399414062501,95.99990234374991,44.14077148437491,-324.4800086975098,366.24006347656245,322.9248046875
1763686114.2280626,9,3,3,-0.8324723390528986,0.35100464262231224,-3.9678841860132503,0.015443391776359255,0.045926306466908866,0.0008164505898412295,206.8800292968749,-379.1999877929687,415.8529296874999,138.24001464843752,-147.3600143432617,202.11821289062482,48.48000488281241,379.6800781249999,1042.342529296875,-303.8399414062501,95.99990234374991,36.39675292968741,-324.4800086975098,363.84003906249995,315.180908203125
1763686114.3202698,9,3,3,-0.7895437872353932,0.33660321472700105,-3.901782793168622,0.015345522859485096,0.04538477936484922,0.000371454309314706,202.0799804687499,-383.9999755859375,423.5968261718749,138.24001464843752,-144.9600128173828,198.24614257812482,48.48000488281241,379.6800781249999,1046.21435546875,-303.8399414062501,95.99990234374991,48.01284179687491,-329.28000793457034,366.24006347656245,322.9248046875
1763686114.4170945,9,3,3,-0.7859756097439293,0.3580566930891449,-3.8532216609417342,0.014879073716246903,0.044779895579506485,0.0007756334778375789,199.6799560546874,-376.8000244140625,415.8529296874999,133.44002685546877,-144.9600128173828,202.11821289062482,48.48000488281241,377.2799316406249,1038.470458984375,-301.4400390625001,93.59999999999991,44.14077148437491,-324.4800086975098,361.44001464843745,322.9248046875
1763686114.623918,9,3,3,-0.7707474118271691,0.2888459838041236,-3.8032780624602864,0.014656077068844881,0.044672974959310496,0.0002512008839451107,204.4800048828124,-381.6000122070312,411.9808593749999,138.24001464843752,-144.9600128173828,198.24614257812482,48.48000488281241,382.0799804687499,1034.598388671875,-306.2400878906251,98.40004882812491,40.26882324218741,-326.8800102233887,366.24006347656245,319.052734375
1763686114.7279751,9,3,3,-0.7640592602444995,0.2723989424178836,-3.7579324273834818,0.013218045897272119,0.04346882924944378,0.0008095297334076313,0,0,0,0,0,0,0,0,0,0,0,0,0,0,0
1763686114.8198285,9,3,3,-0.7478886639963047,0.2983421882966577,-3.6607172907762098,0.011938887015711316,0.04248375395985441,-2.392434864036813e-05,202.0799804687499,-371.9999755859375,411.9808593749999,138.24001464843752,-142.56001129150388,194.37456054687482,50.87990722656241,382.0799804687499,1022.982421875,-294.2400878906251,95.99990234374991,32.52480468749991,-319.68000946044924,361.44001464843745,319.052734375
1763686115.0233588,9,3,3,-0.7381201436630569,0.2164739938857122,-3.5037225865996167,0.00914662835089813,0.04247702287827924,0.000339821030144074,192.4800048828124,-350.4,384.8768554687499,133.44002685546877,-128.16000976562498,190.50249023437482,46.07998046874991,350.8800292968749,949.41455078125,-277.4400390625001,93.59999999999991,36.39675292968741,-298.08001098632815,330.24006347656245,299.69287109375
1763686115.1170342,9,3,3,-0.5961711628529871,0.21905401874372943,-3.0828916004508127,0.009039033582262088,0.03549700132115208,0.0003307633062274366,182.8800292968749,-333.6000122070312,369.3888183593749,126.24001464843752,-132.9600128173828,171.14213867187482,48.48000488281241,338.8800292968749,918.4384765625,-260.6399902343751,86.40004882812491,32.52480468749991,-288.4800048828125,315.84003906249995,288.076904296875
1763686115.1596634,9,3,3,-0.6139615725614457,0.21135629952779847,-3.1151364504343726,0.009138672034045829,0.035179656722607165,0.0004767475152855434,180.4800048828124,-326.4,357.7728515624999,123.84002075195315,-130.56000366210935,171.14213867187482,48.48000488281241,331.6800781249999,895.20654296875,-258.2400878906251,83.99990234374991,32.52480468749991,-278.88000640869143,313.44001464843745,280.332763671875
1763686115.3162994,9,3,3,-0.5112322185850053,0.16793787801268495,-2.6298740799254827,0.007822192735597698,0.02863131486769206,0.00025522797206420714,168.4800048828124,-302.4,322.9249511718749,119.04000244140627,-120.96001281738279,151.78227539062482,38.87990722656241,305.2799316406249,825.510498046875,-239.0401367187501,81.59999999999991,36.39675292968741,-264.4800048828125,287.03999023437495,260.972900390625
1763686115.3448918,9,3,3,-0.5022030216917173,0.16906906609485284,-2.5809110702787357,0.007665164395281447,0.029403110555431336,-4.0673394449298496e-05,166.0799804687499,-302.4,319.0528808593749,119.04000244140627,-118.56000366210935,159.52641601562482,46.07998046874991,302.8800292968749,806.150390625,-236.6399902343751,83.99990234374991,36.39675292968741,-257.28000793457034,282.23994140624995,257.100830078125
1763686115.6169484,9,3,3,-0.3338125656911878,0.10879971738191677,-1.8338212784564583,0.0051291979577834795,0.022395021054060965,-0.0001729728957184603,134.8800292968749,-244.80002441406248,264.8448730468749,97.44002685546877,-94.56000366210935,124.67827148437482,38.87990722656241,247.6800781249999,659.014404296875,-193.4400390625001,67.19985351562491,20.90883789062491,-214.08001098632815,231.84003906249995,210.63671875
1763686115.7344515,9,3,3,-0.322409441540053,0.03808082641070616,-1.54969114809273,0.0041271459860286325,0.02112319296324926,-0.001008171071248599,130.0799804687499,-232.80002441406248,245.4847656249999,95.04000244140627,-99.36000671386716,116.93413085937482,36.48000488281241,233.2799316406249,624.16650390625,-179.0401367187501,67.19985351562491,24.78078613281241,-199.6800018310547,219.84003906249995,199.020751953125
1763686115.9276044,9,3,3,-0.32927286342157025,0.15974760267255705,-1.1133100057015421,0.0023312792932964088,0.013480421496628165,0.0004566038823847812,94.07998046874991,-189.60001220703123,195.1488281249999,71.04000244140627,-80.16000976562498,93.70219726562482,31.67995605468741,173.2800537109374,496.390380859375,-138.2400878906251,55.19985351562491,17.03676757812491,-161.28000793457034,167.03999023437495,144.812744140625
1763686116.022788,9,3,3,-0.13049970677226855,-0.07222259793888722,-0.8757972588480525,-0.001442578403209513,0.007302090459088781,-0.00047348355251645107,96.48000488281241,-167.99997558593748,164.1727539062499,78.24001464843752,-70.56000366210935,74.34233398437482,36.48000488281241,170.8800292968749,438.310546875,-121.44003906250009,59.99990234374991,13.164819335937409,-149.28000793457034,150.23994140624995,140.94091796875
1763686116.1145089,9,3,3,-0.11480428472424238,0.13499140942507915,-0.6748105690000009,0.004313437958737443,0.010793293937392487,-8.132172145632012e-05,86.88002929687491,-160.79996337890623,140.9408203124999,66.24001464843752,-60.96001281738279,66.59843749999982,36.48000488281241,154.0799804687499,399.59033203125,-116.63999023437509,47.99990234374991,13.164819335937409,-134.8799987792969,143.03999023437495,121.580810546875
1763686116.5231383,9,3,3,-0.2984485748485671,0.21929088457158946,-0.3860573980163619,0.0012464618533127492,0.004950981814204877,-0.00046837822370849073,60.48000488281241,-115.19998779296873,98.34877929687491,54.24001464843752,-48.96001281738279,51.11040039062482,26.87990722656241,115.67995605468741,287.302490234375,-80.63999023437509,45.59999999999991,-2.323217773437591,-94.08001098632815,102.23994140624995,78.98876953125
1763686124.6207075,9,3,3,-0.049321761699455055,-0.05643969236367901,-0.20381901579259082,-0.0013909269220185806,0.0036734839403274743,0.00015505895427220048,7.679956054687409,-74.39999999999998,17.03676757812491,13.439996337890648,-29.76000061035154,-18.585644531250182,29.27993164062491,26.88002929687491,120.806396484375,-18.24008789062509,50.40004882812491,-6.195166015625091,-55.67998657226565,44.639965820312455,13.164794921875
1763686124.822027,9,3,3,-0.1632978143285608,0.3615476097654662,-0.25230915827952377,0.0029632288788485448,0.005391316234885776,-0.0004262384212540488,26.88002929687491,-79.19998779296873,36.39687499999991,23.040002441406273,-32.16000976562498,0.7744628906248181,34.07998046874991,43.67995605468741,159.5263671875,-32.63999023437509,45.59999999999991,-6.195166015625091,-65.27999267578127,59.039990234374955,32.52490234375
1763686124.9155898,9,3,3,-0.08539481430196647,0.16146522434463845,-0.42024719105089037,-0.0010612441347551157,0.004682676695340598,-0.0008777269628984937,22.07998046874991,-91.19998779296873,44.14077148437491,15.840020751953148,-41.76000061035154,0.7744628906248181,31.67995605468741,48.48000488281241,186.63037109375,-39.83994140625009,50.40004882812491,1.548852539062409,-74.8799987792969,71.03999023437495,32.52490234375
1763686125.025725,9,3,3,0.24811620845921012,-0.17755440390123534,-0.531021543344715,-0.00041408228541824034,0.002426790815530085,5.119270742016762e-05,38.88002929687491,-95.99997558593748,63.50087890624991,42.24001464843752,-46.56000366210935,8.518359374999818,31.67995605468741,82.07998046874991,217.6064453125,-47.04013671875009,52.79995117187491,-2.323217773437591,-86.8799987792969,75.84003906249995,55.7568359375
1763686125.1195707,9,3,3,-0.45067520850512177,0.3562438560937007,-0.5598279499170834,0.0036148332528817832,0.008305076458176025,1.671284367711027e-05,34.07998046874991,-105.60001220703123,71.24477539062491,32.6400085449219,-41.76000061035154,16.262255859374818,26.87990722656241,77.28005371093741,240.83837890625,-56.63999023437509,43.19985351562491,-2.323217773437591,-86.8799987792969,83.03999023437495,55.7568359375
1763686125.419606,9,3,3,-0.025677614955198668,0.003083876620699802,-0.9352128745181222,-0.0015050355163733072,0.00973185965932972,0.00043655446142764443,67.67995605468741,-129.60001220703123,106.09291992187491,51.84002075195315,-53.76000061035154,51.11040039062482,29.27993164062491,120.48000488281241,318.278564453125,-80.63999023437509,45.59999999999991,5.420800781249909,-110.8799987792969,111.84003906249995,94.476806640625
1763686125.5264785,9,3,3,-0.08359494447822277,0.0671120324896764,-1.0937602183440296,0.0004840619199579382,0.009570695692704523,0.0008523577582692449,74.88002929687491,-134.39999999999998,125.45278320312491,56.6400085449219,-60.96001281738279,58.85429687499982,31.67995605468741,132.4800048828124,341.510498046875,-92.63999023437509,45.59999999999991,9.292749023437409,-115.67998657226565,121.44001464843745,106.0927734375
1763686125.6190019,9,3,3,-0.20326760590572368,0.009057358542789093,-1.3507597417567643,-0.0008063925040851618,0.015058352427186929,0.0006837044568322499,79.67995605468741,-143.99997558593748,133.1969238281249,66.24001464843752,-58.56000366210935,66.59843749999982,34.07998046874991,146.8800292968749,368.614501953125,-102.24008789062509,50.40004882812491,5.420800781249909,-130.07999572753909,126.23994140624995,129.32470703125
1763686125.6622355,9,3,3,-0.17442140514177243,0.012261228508384292,-1.2699839683902554,-0.0014302537781809767,0.014999550676961234,0.00039665197866684085,84.48000488281241,-146.39999999999998,144.8128906249999,63.84002075195315,-65.76000061035154,62.72636718749982,31.67995605468741,151.6799560546874,384.1025390625,-104.63999023437509,45.59999999999991,5.420800781249909,-125.27999267578127,133.44001464843745,121.580810546875
1763686125.7391543,9,3,3,-0.1251060417408973,0.010537574443988253,-1.4108977172113142,0.0010634952020299577,0.01207329336751499,0.0003564474708923274,86.88002929687491,-151.19998779296873,140.9408203124999,68.6400085449219,-63.360006713867165,74.34233398437482,31.67995605468741,156.4800048828124,399.59033203125,-111.83994140625009,50.40004882812491,9.292749023437409,-134.8799987792969,135.84003906249995,137.06884765625
1763686125.8342822,9,3,3,-0.15487545269208505,0.0681939158959417,-1.4655364861750078,0.0003030567124579389,0.014832148853530278,-6.159654276238649e-05,96.48000488281241,-167.99997558593748,168.0448242187499,78.24001464843752,-68.16000976562498,78.21440429687482,29.27993164062491,175.6799560546874,434.4384765625,-123.83994140625009,47.99990234374991,5.420800781249909,-149.28000793457034,155.03999023437495,148.684814453125
1763686125.9421837,9,3,3,-0.24427851027368686,0.06208800661828658,-1.6340734467878355,0.00048332417959844607,0.01970553133524786,-4.072408385154204e-05,103.67995605468741,-177.60001220703123,187.4049316406249,78.24001464843752,-77.7600158691406,93.70219726562482,34.07998046874991,190.0799804687499,473.158447265625,-133.4400390625001,52.79995117187491,13.164819335937409,-156.48000488281252,167.03999023437495,164.1728515625
1763686126.0353568,9,3,3,-0.2555392485308648,0.07595211807281349,-1.8003861366751575,0.0010480549404227333,0.020255207524962935,0.00013584581525596267,118.07998046874991,-189.60001220703123,202.8929687499999,90.24001464843752,-80.16000976562498,101.44633789062482,31.67995605468741,209.2799316406249,508.00634765625,-145.4400390625001,52.79995117187491,9.292749023437409,-175.6800018310547,174.23994140624995,171.916748046875
1763686126.1290188,9,3,3,-0.2867341323235215,0.07813998324010527,-2.0496581787255703,0.0019951472622442706,0.021625768229863583,0.0006766800920890901,125.27993164062491,-203.99997558593748,214.5089355468749,90.24001464843752,-82.56000366210935,109.19047851562482,31.67995605468741,226.0799804687499,550.598388671875,-157.4400390625001,59.99990234374991,17.03676757812491,-185.28000793457034,195.84003906249995,183.53271484375
1763686126.2272608,9,3,3,-0.34450186748785605,0.07299308194336275,-2.1625478435863266,0.0030614870963314488,0.023724371058490443,0.00040770200844204006,137.2799316406249,-215.99997558593748,233.8687988281249,102.24001464843752,-84.96001281738279,113.06254882812482,31.67995605468741,238.0799804687499,581.574462890625,-167.0401367187501,59.99990234374991,9.292749023437409,-190.08001098632815,203.03999023437495,206.764892578125
1763686126.3201437,9,3,3,-0.3918802940075208,0.05709629230062556,-2.406475260826697,0.001482107472904022,0.027820248554524273,0.0007853216742383492,139.6799560546874,-232.80002441406248,249.3568359374999,104.6400085449219,-96.96001281738279,120.80620117187482,34.07998046874991,254.8800292968749,631.910400390625,-181.4400390625001,64.79995117187491,20.90883789062491,-202.08001098632815,217.44001464843745,210.63671875
1763686126.428068,9,3,3,-0.44061672457340867,0.08120201910417373,-2.606811792634599,0.004978520665759417,0.02565538824943788,0.00033579586522670523,149.2799316406249,-247.19998779296873,264.8448730468749,111.84002075195315,-94.56000366210935,132.42241210937482,38.87990722656241,269.2799316406249,670.63037109375,-195.8399414062501,69.59999999999991,20.90883789062491,-223.6800018310547,229.44001464843745,233.868896484375
1763686126.5228617,9,3,3,-0.4862441386511216,0.1489116427572148,-2.699154767266481,0.0037697367965251255,0.03087165928784944,0.0002929829547040747,0,0,0,0,0,0,0,0,0,0,0,0,0,0,0
1763686126.5820873,9,3,3,-0.488872710358754,0.10976546541826684,-2.7323828777754215,0.003952179787741378,0.030989758993582847,0.000676302137506548,166.0799804687499,-266.4,291.9488769531249,121.44002685546877,-104.16000976562498,140.16655273437482,38.87990722656241,300.4801269531249,740.326416015625,-215.0401367187501,71.99990234374991,17.03676757812491,-240.48000488281252,253.44001464843745,249.356689453125
1763686126.6756604,9,3,3,-0.4757932665850904,0.18491007649916436,-2.977952501773954,0.005505639050076965,0.02973886474022273,0.0004320527935153433,170.8800292968749,-283.1999877929687,307.4369140624999,126.24001464843752,-108.96001281738279,159.52641601562482,36.48000488281241,310.0799804687499,771.302490234375,-219.8399414062501,71.99990234374991,24.78078613281241,-254.88000640869143,277.44001464843745,260.972900390625
1763686126.768818,9,3,3,-0.5848115291759138,0.1411871908211764,-3.195486827257389,0.005875902486118442,0.034500326629450635,0.0008305514486956363,185.2799316406249,-295.1999877929687,326.7967773437499,135.84002075195315,-118.56000366210935,163.39848632812482,36.48000488281241,331.6800781249999,817.766357421875,-236.6399902343751,74.40004882812491,28.65285644531241,-264.4800048828125,287.03999023437495,276.460693359375
1763686126.8632731,9,3,3,-0.6273993086244807,0.15834589640432112,-3.3510777425131018,0.005409885392945871,0.03905556498678702,0.00045994277491404317,192.4800048828124,-311.9999755859375,346.1568847656249,135.84002075195315,-120.96001281738279,167.27055664062482,41.27993164062491,348.4801269531249,860.3583984375,-251.0401367187501,74.40004882812491,24.78078613281241,-276.4800048828125,301.44001464843745,295.82080078125
1763686127.022789,9,3,3,-0.7120678221069965,0.27495762827128223,-3.7248802168816066,0.007898993467887595,0.03957885999758627,-6.328771632289334e-05,199.6799560546874,-343.1999877929687,381.0047851562499,145.44002685546877,-128.16000976562498,194.37456054687482,38.87990722656241,370.0799804687499,949.41455078125,-279.8399414062501,86.40004882812491,28.65285644531241,-302.88000640869143,335.03999023437495,303.564697265625
1763686127.1296911,9,3,3,-0.9213385331063566,0.34004741216288314,-3.9797959744979816,0.010641895984770975,0.04437384820069037,0.0003232186532136491,228.4800048828124,-364.8000244140625,400.3648925781249,155.0400329589844,-135.36000671386716,194.37456054687482,38.87990722656241,401.2799316406249,995.87841796875,-296.6399902343751,91.19985351562491,24.78078613281241,-322.0800071716309,349.44001464843745,342.284912109375
1763686127.2370944,9,3,3,-0.728978109963683,0.09269494698391803,-4.434772715706339,0.008667925792966323,0.04670486381732535,0.0005641844143504239,228.4800048828124,-388.8000244140625,423.5968261718749,152.6400085449219,-142.56001129150388,217.60649414062482,46.07998046874991,422.8800292968749,1073.318359375,-311.0401367187501,93.59999999999991,32.52480468749991,-343.68000946044924,378.24006347656245,346.15673828125
1763686127.3312266,9,3,3,-0.8906729751107221,0.3541326382899945,-4.548737217962089,0.0073964217676211995,0.04483039741613313,0.0002608582366375395,245.2799316406249,-412.8000244140625,458.4449707031249,167.0400329589844,-142.56001129150388,229.22221679687482,38.87990722656241,442.0799804687499,1135.2705078125,-335.0401367187501,103.19985351562491,40.26882324218741,-362.8800102233887,402.24006347656245,381.0048828125
1763686127.4280336,9,3,3,-1.0416509228014026,0.27268865888111504,-5.035248860362393,0.009806795478566227,0.05885665212862702,0.0006559752597002401,257.2799316406249,-436.8000244140625,473.9327636718749,171.84002075195315,-156.9600128173828,225.35014648437482,53.27993164062491,470.8800292968749,1189.478515625,-339.8399414062501,110.40004882812491,32.52480468749991,-384.4800110816956,423.84003906249995,384.876708984375
1763686127.6304865,9,3,3,-1.188738026574688,0.35358320511702923,-5.813622136640341,0.006893753408840736,0.057892958942847635,0.001765949809242746,286.0799804687499,-492.0000061035156,528.1407714843749,193.43999633789065,-164.16000976562498,256.3262207031248,48.48000488281241,530.8800292968749,1324.998291015625,-380.6399902343751,122.40004882812491,40.26882324218741,-439.6800132751465,467.03999023437495,431.3408203125
1763686127.7252543,9,3,3,-1.2100541536373823,0.39815951750974454,-6.266658686414859,0.014227072791237722,0.06872035556821254,0.001322046376884504,305.2799316406249,-528.0000061035156,570.7328124999999,200.6400085449219,-183.3600143432617,260.1982910156248,48.48000488281241,562.0799804687499,1414.054443359375,-402.2400878906251,127.19985351562491,40.26882324218741,-461.28001556396487,512.6399658203125,446.828857421875
1763686127.7995908,9,3,3,-1.1491451676043942,0.37554006216315117,-6.299552361012626,0.015563576170422807,0.06942429979652284,0.0020997711451301955,307.6799560546874,-547.2000183105469,586.2208496093749,205.43999633789065,-183.3600143432617,271.8145019531248,43.67995605468741,571.6800781249999,1456.646240234375,-411.8399414062501,136.7999511718749,32.52480468749991,-478.08001098632815,531.8400390625,470.060791015625
1763686128.223625,9,3,3,-1.3609969101203583,0.36408556956070115,-7.206178673970326,0.014123457042489863,0.07281501120050429,0.001616164556262123,329.2799316406249,-607.2000183105469,632.6849609374999,212.6400085449219,-200.16000976562498,291.1743652343748,43.67995605468741,619.6800781249999,1599.910400390625,-445.4400390625001,153.5999999999999,44.14077148437491,-526.0800109863281,589.4400146484375,493.292724609375
1763686128.3197176,9,3,3,-1.3742218951352536,0.37586945272686406,-6.938056495449731,0.013635980196605672,0.07219808437954692,0.0017868931091519387,0,0,0,0,0,0,0,0,0,0,0,0,0,0,0
1763686128.6285033,9,3,3,-1.1993344804884516,0.4184072186743769,-6.77742354251592,0.01596726888888716,0.06428334279197882,0.0016134671796436293,324.4800048828124,-600.0000061035156,636.5567871093749,210.24004516601565,-202.56001129150388,279.5581542968748,55.67995605468741,619.6800781249999,1596.038330078125,-438.2400878906251,158.4000488281249,48.01284179687491,-528.4800201416016,582.2400634765625,477.804931640625
1763686128.7259169,9,3,3,-1.154548248902894,0.3772597100627646,-6.6460401810710685,0.015359918647861091,0.0629711319631884,0.0018953718600909567,322.0799804687499,-602.4,628.8128906249999,212.6400085449219,-204.9600128173828,279.5581542968748,55.67995605468741,622.0799804687499,1584.422607421875,-435.8399414062501,155.9999023437499,51.88479003906241,-521.2800231933594,577.4400146484375,485.548828125
1763686128.8183744,9,3,3,-1.1864678260000119,0.3849826534017218,-6.545295899069293,0.0149258698874054,0.06353838712700563,0.0013036268636108265,322.0799804687499,-604.8000244140625,628.8128906249999,207.84002075195315,-207.3600143432617,287.3022949218748,58.07998046874991,614.8800292968749,1603.782470703125,-435.8399414062501,158.4000488281249,51.88479003906241,-521.2800231933594,579.8400390625,485.548828125
1763686129.0213528,9,3,3,-1.3344565482238728,0.356460506100576,-6.653756205523574,0.012754539734081659,0.068978047677668,0.0016508247210385843,326.8800292968749,-609.6000122070312,640.4288574218749,205.43999633789065,-202.56001129150388,287.3022949218748,48.48000488281241,619.6800781249999,1603.782470703125,-440.6399902343751,158.4000488281249,51.88479003906241,-526.0800109863281,589.4400146484375,485.548828125
1763686129.1306963,9,3,3,-1.2656413887951368,0.3206329135141971,-6.622397298206925,0.012493095248789983,0.06745691167093401,0.0015851376182716738,329.2799316406249,-612.0000061035156,636.5567871093749,210.24004516601565,-200.16000976562498,287.3022949218748,46.07998046874991,619.6800781249999,1599.910400390625,-445.4400390625001,158.4000488281249,44.14077148437491,-526.0800109863281,589.4400146484375,493.292724609375
1763686129.2239373,9,3,3,-1.2766053212560715,0.3239063741087739,-6.536082804593621,0.013035563576410952,0.06804176092708968,0.0013055153618338365,326.8800292968749,-604.8000244140625,636.5567871093749,210.24004516601565,-197.7600158691406,279.5581542968748,46.07998046874991,622.0799804687499,1603.782470703125,-443.0401367187501,160.7999511718749,44.14077148437491,-523.6800170898438,587.039990234375,493.292724609375
1763686129.319318,9,3,3,-1.2922944070172504,0.3420649794184269,-6.570791496353151,0.012839990838394117,0.0685348016783842,0.0016817715655134914,324.4800048828124,-604.8000244140625,640.4288574218749,210.24004516601565,-204.9600128173828,287.3022949218748,50.87990722656241,619.6800781249999,1607.654541015625,-440.6399902343751,163.1998535156249,44.14077148437491,-530.880014038086,589.4400146484375,485.548828125
1763686129.4289498,9,3,3,-1.2915642388577755,0.3371078512385525,-6.45142290043601,0.012840638691322665,0.06723681398304604,0.0014118298317359864,334.0799804687499,-607.2000183105469,640.4288574218749,210.24004516601565,-202.56001129150388,283.4302246093748,41.27993164062491,622.0799804687499,1603.782470703125,-443.0401367187501,160.7999511718749,48.01284179687491,-533.2800231933594,587.039990234375,497.164794921875
1763686129.631839,9,3,3,-1.2516938313377781,0.3616565704515202,-6.416034040538637,0.013725563553653739,0.06709620017563937,0.001269569037557666,326.8800292968749,-607.2000183105469,640.4288574218749,210.24004516601565,-204.9600128173828,287.3022949218748,43.67995605468741,619.6800781249999,1607.654541015625,-443.0401367187501,160.7999511718749,51.88479003906241,-528.4800201416016,589.4400146484375,489.4208984375
1763686129.7262344,9,3,3,-1.2346452809911912,0.33374925558361657,-6.484517057423441,0.013489869469147833,0.06656586520533148,0.001480863731340965,326.8800292968749,-602.4,636.5567871093749,215.0400329589844,-202.56001129150388,287.3022949218748,48.48000488281241,624.4801269531249,1603.782470703125,-443.0401367187501,160.7999511718749,51.88479003906241,-526.0800109863281,584.6399658203125,485.548828125
1763686129.9296062,9,3,3,-1.2057721597153028,0.3727756525596508,-6.451594317306002,0.013335217155509883,0.0650908852007898,0.0016443975064268151,326.8800292968749,-607.2000183105469,632.6849609374999,210.24004516601565,-200.16000976562498,283.4302246093748,43.67995605468741,619.6800781249999,1607.654541015625,-438.2400878906251,158.4000488281249,51.88479003906241,-528.4800201416016,589.4400146484375,485.548828125
1763686130.1315415,9,3,3,-1.1893716708519426,0.3443473759627451,-6.401530422206846,0.01329267822511599,0.06467955299998951,0.0016644129523031414,326.8800292968749,-604.8000244140625,632.6849609374999,207.84002075195315,-202.56001129150388,287.3022949218748,43.67995605468741,624.4801269531249,1599.910400390625,-440.6399902343751,158.4000488281249,51.88479003906241,-528.4800201416016,587.039990234375,493.292724609375
1763686130.2244205,9,3,3,-1.197138356311632,0.3577796575763892,-6.351373516237242,0.01324542669361995,0.06502923693432971,0.0016810628346625982,324.4800048828124,-607.2000183105469,640.4288574218749,212.6400085449219,-200.16000976562498,291.1743652343748,41.27993164062491,619.6800781249999,1599.910400390625,-440.6399902343751,158.4000488281249,48.01284179687491,-528.4800201416016,587.039990234375,493.292724609375
1763686130.4254284,9,3,3,-1.1946284759907702,0.3218802350124942,-6.386752464773347,0.012446662171550618,0.06396948952261351,0.001589657423781813,324.4800048828124,-609.6000122070312,632.6849609374999,210.24004516601565,-202.56001129150388,287.3022949218748,46.07998046874991,622.0799804687499,1599.910400390625,-438.2400878906251,160.7999511718749,44.14077148437491,-523.6800170898438,582.2400634765625,493.292724609375
1763686130.8285491,9,3,3,-1.0775965542086436,0.353351449777639,-5.696748291826761,0.012465023425761718,0.05845135102863471,0.0013624966640255112,0,0,0,0,0,0,0,0,0,0,0,0,0,0,0
1763686130.9201407,9,3,3,-1.0208349473797038,0.28681644987391264,-5.299054913493453,0.011051806933459153,0.056878154154491795,0.0011908429163980097,0,0,0,0,0,0,0,0,0,0,0,0,0,0,0
1763686131.1213593,9,3,3,-0.8488921113392504,0.28713302131979795,-4.636607224004186,0.012178017927951194,0.04792013831044627,0.0004912627307339908,0,0,0,0,0,0,0,0,0,0,0,0,0,0,0
1763686131.418272,9,3,3,-0.5936949813499903,0.24056003734979686,-3.2646788307565866,0.010330532666423316,0.03668473844470974,0.000582559417804863,230.8800292968749,-419.9999755859375,450.7008300781249,155.0400329589844,-154.56001129150388,205.99028320312482,38.87990722656241,420.4801269531249,1123.654541015625,-315.8399414062501,110.40004882812491,40.26882324218741,-360.4800106048584,399.84003906249995,361.644775390625
1763686131.822618,9,3,3,-0.38895910885125795,0.08820106779708332,-1.6499703660074512,0.0026984413943423255,0.017429992536111015,-0.0004296434419194476,170.8800292968749,-297.6000122070312,322.9249511718749,119.04000244140627,-120.96001281738279,147.91020507812482,38.87990722656241,310.0799804687499,794.534423828125,-222.2400878906251,91.19985351562491,32.52480468749991,-259.68000946044924,284.63996582031245,257.100830078125
1763686131.9172075,9,3,3,-0.18375570177115946,0.22484445959933547,-1.4750118469854823,0.007554480932702802,0.019484150349858252,-0.0008276836168769207,151.6799560546874,-285.6000122070312,299.6927734374999,111.84002075195315,-111.36000671386716,136.29448242187482,41.27993164062491,283.6800781249999,748.070556640625,-212.6399902343751,81.59999999999991,32.52480468749991,-245.28000793457034,270.23994140624995,241.61279296875
1763686132.028057,9,3,3,-0.033819588802497774,0.014678868824820328,-1.3218866452552507,0.0034495399901242176,0.013223259523964043,-0.0006964822395188329,144.4800048828124,-249.60001220703123,260.9728027343749,97.44002685546877,-94.56000366210935,120.80620117187482,38.87990722656241,259.6800781249999,655.142333984375,-191.0401367187501,74.40004882812491,24.78078613281241,-218.8799987792969,239.03999023437495,210.63671875
1763686132.1210496,9,3,3,-0.2908051505804645,0.20993140162327095,-1.0801854682116985,0.0033782484417623276,0.01672786880431351,-0.0003127066236238423,120.48000488281241,-232.80002441406248,237.7408691406249,87.84002075195315,-96.96001281738279,116.93413085937482,38.87990722656241,223.6800781249999,616.42236328125,-167.0401367187501,71.99990234374991,20.90883789062491,-202.08001098632815,219.84003906249995,202.892822265625
1763686132.4174368,9,3,3,-0.32009049691985136,0.07446510989944602,-0.4636639862405041,-0.001337877773974754,0.007557047501566917,-0.0009630636024060852,108.48000488281241,-189.60001220703123,175.7889648437499,85.44002685546877,-75.36000671386716,82.08623046874982,38.87990722656241,192.4800048828124,469.286376953125,-126.24008789062509,67.19985351562491,9.292749023437409,-163.6800018310547,169.44001464843745,168.044921875
1763686132.621301,9,3,3,-0.07703385744519646,-0.02106965935032374,-0.43880066417589486,-0.0010450627313895336,0.00623153762534154,-0.00039885038800557967,89.27993164062491,-170.39999999999998,160.3009277343749,71.04000244140627,-70.56000366210935,74.34233398437482,31.67995605468741,163.6799560546874,422.822509765625,-114.24008789062509,59.99990234374991,13.164819335937409,-144.48000488281252,155.03999023437495,129.32470703125
1763686132.729305,9,3,3,0.01945076683331457,-0.08309167693820861,-0.46196541340289504,-0.0020331661188010847,0.004738021146191446,-0.0003286687604431225,86.88002929687491,-153.60001220703123,148.6849609374999,71.04000244140627,-60.96001281738279,66.59843749999982,29.27993164062491,151.6799560546874,391.846435546875,-104.63999023437509,59.99990234374991,5.420800781249909,-130.07999572753909,143.03999023437495,125.452880859375
1763686133.0275276,9,3,3,0.021025056244385595,-0.06455454589394584,-0.21819310279560755,-0.004000713143640813,0.005559760421795643,-0.00040800827246057517,72.48000488281241,-134.39999999999998,121.58095703124991,68.6400085449219,-51.360006713867165,51.11040039062482,29.27993164062491,132.4800048828124,333.766357421875,-87.83994140625009,52.79995117187491,9.292749023437409,-120.48000488281252,121.44001464843745,106.0927734375
1763686140.9246619,9,3,3,0.08098895033207086,-0.05959019050601366,-0.2087384856474933,-0.0017311369427609833,0.001989375152126968,-0.00023990323720695744,12.480004882812409,-95.99997558593748,40.26894531249991,15.840020751953148,-36.96001281738279,-3.097607421875182,29.27993164062491,36.48000488281241,175.014404296875,-35.04013671875009,52.79995117187491,9.292749023437409,-74.8799987792969,71.03999023437495,20.90869140625
1763686141.1257956,9,3,3,0.04055150810702249,0.0026099903322031187,-0.32191614613908337,-9.889919148268003e-05,0.00448417178435562,0.00026938478318752607,22.07998046874991,-107.99997558593748,55.75673828124991,18.240014648437523,-44.16000976562498,0.7744628906248181,34.07998046874991,53.28005371093741,221.478515625,-42.24008789062509,59.99990234374991,13.164819335937409,-89.27999267578127,78.23994140624995,36.396728515625
1763686141.2227936,9,3,3,0.06039521212078409,0.10379800914304099,-0.41325771739316147,0.0022175488956128935,0.002920658850327891,-7.519610701282288e-05,34.07998046874991,-112.79996337890623,75.11684570312491,27.840020751953148,-51.360006713867165,12.390429687499818,34.07998046874991,70.07998046874991,252.454345703125,-54.24008789062509,55.19985351562491,9.292749023437409,-91.67998657226565,92.63996582031245,55.7568359375
1763686141.3285422,9,3,3,-0.0509338937439789,-0.014628608492162565,-0.566284462507522,0.0008351375058195879,0.00498921773117435,-0.00020260983579727134,34.07998046874991,-119.99997558593748,86.73281249999991,35.04000244140627,-53.76000061035154,20.134326171874818,31.67995605468741,84.48000488281241,275.6865234375,-66.24008789062509,55.19985351562491,9.292749023437409,-101.27999267578127,99.84003906249995,71.244873046875
1763686141.4246292,9,3,3,-0.04695694270063373,0.016565721293146936,-0.6347509194279991,0.0017193727059689355,0.008505680998749852,0.00024390829690455835,46.07998046874991,-131.99997558593748,106.09291992187491,42.24001464843752,-58.56000366210935,31.750292968749818,38.87990722656241,96.48000488281241,302.79052734375,-73.44003906250009,62.40004882812491,17.03676757812491,-108.48000488281252,111.84003906249995,71.244873046875
1763686141.625646,9,3,3,-0.08760972904627218,0.010015831196914612,-0.8468568484725274,0.0029427215156253564,0.008477342269057957,0.0003306425454054824,55.67995605468741,-151.19998779296873,137.0687499999999,47.04000244140627,-63.360006713867165,47.23833007812482,36.48000488281241,122.88002929687491,360.870361328125,-95.04013671875009,59.99990234374991,17.03676757812491,-125.27999267578127,131.03999023437495,90.604736328125
1763686141.8297205,9,3,3,-0.07345860841066951,0.14914273119461674,-1.1429657644802043,0.006135932578635403,0.012556331260946248,0.00038379048667601986,0,0,0,0,0,0,0,0,0,0,0,0,0,0,0
1763686141.9498434,9,3,3,-0.1030043452933859,0.12889949077590468,-1.289676388929337,0.006765093365366667,0.011967962068999189,0.0002577601946261929,79.67995605468741,-179.99997558593748,179.6607910156249,56.6400085449219,-82.56000366210935,74.34233398437482,41.27993164062491,166.0799804687499,469.286376953125,-126.24008789062509,59.99990234374991,20.90883789062491,-156.48000488281252,167.03999023437495,133.19677734375
1763686142.0434413,9,3,3,-0.16108752629873485,0.1624290988442973,-1.4269542862088096,0.006294721357594664,0.015055963572878207,0.0004392684089450198,84.48000488281241,-191.99997558593748,191.2767578124999,61.44002685546877,-84.96001281738279,85.95854492187482,38.87990722656241,170.8800292968749,500.262451171875,-133.4400390625001,59.99990234374991,28.65285644531241,-163.6800018310547,176.63996582031245,137.06884765625
1763686142.135551,9,3,3,-0.1831143697439882,0.20086763287510156,-1.6190650661994732,0.009203912859152157,0.017514455919201782,0.00014610064757193393,96.48000488281241,-208.79996337890623,210.6368652343749,73.44002685546877,-89.7600158691406,93.70219726562482,41.27993164062491,190.0799804687499,538.982421875,-150.2400878906251,62.40004882812491,28.65285644531241,-175.6800018310547,191.03999023437495,164.1728515625
1763686142.2446842,9,3,3,-0.2658313496982583,0.16485956880270658,-1.8836017289216733,0.009820388855140126,0.01895985295497736,0.0003709630373475109,106.07998046874991,-223.19998779296873,229.9969726562499,78.24001464843752,-96.96001281738279,101.44633789062482,48.48000488281241,206.8800292968749,581.574462890625,-167.0401367187501,67.19985351562491,28.65285644531241,-187.6800018310547,207.84003906249995,179.660888671875
1763686142.4204416,9,3,3,-0.3591276570967019,0.22157354358219244,-2.222711879644452,0.00945461670320409,0.024010698243507295,0.0004794209640260642,127.67995605468741,-251.99997558593748,264.8448730468749,87.84002075195315,-104.16000976562498,124.67827148437482,43.67995605468741,238.0799804687499,674.50244140625,-193.4400390625001,69.59999999999991,24.78078613281241,-211.6800018310547,241.44001464843745,199.020751953125
1763686142.7334383,9,3,3,-0.5155232341518889,0.26497080314542043,-2.909631843398726,0.010833601882815468,0.033533177430853225,0.0002392229512849309,161.2799316406249,-302.4,330.6688476562499,114.24001464843752,-123.36000671386716,159.52641601562482,41.27993164062491,295.6800781249999,825.510498046875,-239.0401367187501,79.19985351562491,40.26882324218741,-259.68000946044924,291.84003906249995,249.356689453125
1763686142.9205155,9,3,3,-0.6625157496277431,0.29521859341190404,-3.3581019400499663,0.012378309232785795,0.040102431125375246,0.0002417399946424031,180.4800048828124,-335.9999755859375,369.3888183593749,123.84002075195315,-130.56000366210935,178.88627929687482,46.07998046874991,334.0799804687499,910.6943359375,-263.0401367187501,88.79995117187491,32.52480468749991,-290.88000640869143,320.63996582031245,288.076904296875
1763686143.2319055,9,3,3,-0.8147394023186201,0.37713677276770374,-4.1804446217902225,0.017273600461988354,0.045960872892780266,0.0008243163970567124,221.2799316406249,-410.4,450.7008300781249,147.84002075195315,-154.56001129150388,209.86235351562482,48.48000488281241,403.6800781249999,1096.550537109375,-318.2400878906251,103.19985351562491,44.14077148437491,-350.8800102233887,387.84003906249995,342.284912109375
1763686143.4336102,9,3,3,-0.9992627418320071,0.3408377309277024,-4.882301775691552,0.014642323305860214,0.056229284511128796,0.0010376700579601428,245.2799316406249,-460.8000244140625,493.2928710937499,164.6400085449219,-161.76000823974607,229.22221679687482,53.27993164062491,463.6800781249999,1235.9423828125,-349.4400390625001,117.59999999999991,48.01284179687491,-396.48001155853274,438.24006347656245,381.0048828125
1763686143.526125,9,3,3,-0.9742503734740287,0.3516465044629722,-5.297316311396026,0.016458290089701805,0.05645913662431754,0.0012090502409466486,266.8800292968749,-487.20001831054685,532.0128417968749,176.6400085449219,-171.3600143432617,248.58256835937482,41.27993164062491,499.6800781249999,1321.126220703125,-375.8399414062501,122.40004882812491,44.14077148437491,-420.48001251220705,471.84003906249995,411.980712890625
1763686143.6348848,9,3,3,-1.2192651633658504,0.3290193987123235,-5.748857653115823,0.012512162436599564,0.06584314940505029,0.001817733820532053,0,0,0,0,0,0,0,0,0,0,0,0,0,0,0
1763686143.8207114,9,3,3,-1.3266311790779475,0.3472263549404954,-6.591591103745265,0.012504210532346096,0.0723764560424073,0.0018298252598679217,312.4800048828124,-583.2000183105469,621.0687499999999,203.0400329589844,-200.16000976562498,283.4302246093748,43.67995605468741,588.4801269531249,1549.574462890625,-435.8399414062501,143.9999023437499,55.75673828124991,-506.88001403808596,565.4400146484375,477.804931640625
1763686144.0249605,9,3,3,-1.4394001012875037,0.4373622588754018,-7.553529513012649,0.01624119901356225,0.07796140377961888,0.0017310182351395944,334.0799804687499,-655.2000183105469,683.0208984374999,210.24004516601565,-214.56001510620115,298.9185058593748,50.87990722656241,650.8800292968749,1727.686279296875,-471.8399414062501,170.4000488281249,51.88479003906241,-562.0800109863281,637.4400146484375,512.65283203125
1763686144.1360986,9,3,3,-1.621481734460098,0.39948952292828693,-8.123058899078686,0.016993540632003316,0.08697709004268746,0.0014590029577848038,355.6799560546874,-688.8000244140625,721.7408691406249,222.24004516601565,-216.9600128173828,318.2783691406248,46.07998046874991,689.2799316406249,1820.614501953125,-488.6399902343751,189.5999999999999,59.62880859374991,-595.6800170898438,675.8400390625,535.884765625
1763686144.3206809,9,3,3,-1.6148681128724587,0.5391429825261858,-8.956230178685312,0.022477968260745818,0.08210068356621947,0.0021883252650694747,360.4800048828124,-744.0000213623047,756.5887695312499,227.0400329589844,-231.3600143432617,322.1504394531248,50.87990722656241,725.2799316406249,1936.774658203125,-517.4400390625001,199.1998535156249,67.37282714843741,-634.0800262451172,726.2400634765625,547.500732421875
1763686144.43189,9,3,3,-1.7314217992638838,0.568046846905227,-9.007048721887328,0.02312028182070516,0.08956144780011754,0.002250914255037737,362.8800292968749,-744.0000213623047,756.5887695312499,224.6400085449219,-238.56001510620115,318.2783691406248,60.48000488281241,725.2799316406249,1944.518310546875,-512.6399902343751,203.9999023437499,67.37282714843741,-638.880029296875,723.8400390625,547.500732421875
1763686144.5252771,9,3,3,-1.6043655895216138,0.5531111564623252,-8.801268656649679,0.023961042747451724,0.08373836216571524,0.0019365132061826993,362.8800292968749,-744.0000213623047,760.4608398437499,224.6400085449219,-233.7600158691406,322.1504394531248,53.27993164062491,722.8800292968749,1940.646240234375,-510.2400878906251,199.1998535156249,75.11684570312491,-638.880029296875,723.8400390625,543.62890625
1763686144.6339304,9,3,3,-1.5873817582243173,0.5085292355801219,-8.581621700410093,0.019972388231336204,0.08374812339116074,0.0019231867526931824,360.4800048828124,-744.0000213623047,756.5887695312499,227.0400329589844,-233.7600158691406,322.1504394531248,55.67995605468741,730.0799804687499,1940.646240234375,-515.0401367187501,201.5999999999999,71.24477539062491,-641.2800231933594,723.8400390625,551.372802734375
1763686144.7304683,9,3,3,-1.5992096592612344,0.5265247228551961,-8.442008973733344,0.020998713376943406,0.0832268086706256,0.0017413655166691787,362.8800292968749,-748.8000091552734,760.4608398437499,219.84002075195315,-233.7600158691406,322.1504394531248,55.67995605468741,715.6800781249999,1960.006591796875,-515.0401367187501,203.9999023437499,71.24477539062491,-641.2800231933594,733.4400146484375,543.62890625
1763686145.135644,9,3,3,-1.6936134085710652,0.5828046510330617,-8.249771923356782,0.023144223201002064,0.08764092430809349,0.0018941446771484072,362.8800292968749,-746.400015258789,772.0768066406249,222.24004516601565,-236.16001358032224,326.0225097656248,46.07998046874991,715.6800781249999,1956.134521484375,-519.8399414062501,201.5999999999999,71.24477539062491,-643.6800170898438,738.2400634765625,543.62890625
1763686145.3206356,9,3,3,-1.6870930988067623,0.5709712056344549,-8.21380077180294,0.023563988101538605,0.0869463018654274,0.0016751327921679313,358.0799804687499,-751.2000183105469,772.0768066406249,224.6400085449219,-236.16001358032224,326.0225097656248,48.48000488281241,720.4801269531249,1952.262451171875,-524.6399902343751,203.9999023437499,75.11684570312491,-638.880029296875,743.039990234375,547.500732421875
1763686145.6337066,9,3,3,-1.6408797143670573,0.598031860534642,-8.123813523213677,0.025175977821957508,0.08508251304336648,0.001633097212469476,358.0799804687499,-758.400015258789,775.9488769531249,222.24004516601565,-236.16001358032224,326.0225097656248,48.48000488281241,718.0799804687499,1967.750244140625,-522.2400878906251,208.7999511718749,75.11684570312491,-638.880029296875,745.4400146484375,543.62890625
1763686145.7275164,9,3,3,-1.6067408921119912,0.5674936571700167,-8.041937271252223,0.024957516993694723,0.08498744543306366,0.001663866709391594,353.2799316406249,-758.400015258789,760.4608398437499,222.24004516601565,-238.56001510620115,333.7661621093748,50.87990722656241,718.0799804687499,1967.750244140625,-522.2400878906251,203.9999023437499,75.11684570312491,-641.2800231933594,740.6399658203125,547.500732421875
1763686145.8345184,9,3,3,-1.600177998750043,0.588215362698572,-8.046241478877183,0.023792583455258625,0.0843429436330517,0.0018116014453611728,362.8800292968749,-753.6000122070312,768.2047363281249,227.0400329589844,-233.7600158691406,329.8945800781248,50.87990722656241,718.0799804687499,1967.750244140625,-522.2400878906251,208.7999511718749,75.11684570312491,-643.6800170898438,740.6399658203125,543.62890625
1763686146.3207173,9,3,3,-1.567267995596629,0.5747189665847812,-7.824760784457052,0.024260031756715848,0.08251223254534365,0.0012679046506684898,358.0799804687499,-756.0000213623047,772.0768066406249,219.84002075195315,-233.7600158691406,329.8945800781248,48.48000488281241,715.6800781249999,1971.622314453125,-522.2400878906251,211.1998535156249,75.11684570312491,-643.6800170898438,745.4400146484375,543.62890625
1763686146.4302824,9,3,3,-1.6003829882633513,0.5962983269067978,-7.852627915980717,0.025927451607099264,0.08402980277094457,0.0015765875302565999,355.6799560546874,-756.0000213623047,772.0768066406249,219.84002075195315,-236.16001358032224,333.7661621093748,50.87990722656241,718.0799804687499,1967.750244140625,-524.6399902343751,206.4000488281249,78.98879394531241,-641.2800231933594,743.039990234375,547.500732421875
1763686146.6365025,9,3,3,-1.5606448206639207,0.5310482642942075,-7.880453492444797,0.022574459801243972,0.08073744733431765,0.0017913250652839352,360.4800048828124,-756.0000213623047,775.9488769531249,219.84002075195315,-238.56001510620115,337.6382324218748,50.87990722656241,718.0799804687499,1971.622314453125,-522.2400878906251,208.7999511718749,75.11684570312491,-638.880029296875,740.6399658203125,539.7568359375
1763686146.7401826,9,3,3,-1.5478875013150781,0.5449840926752236,-7.794655811695004,0.023533959520802932,0.08224580775834867,0.001512479851800158,360.4800048828124,-758.400015258789,775.9488769531249,227.0400329589844,-243.3600143432617,337.6382324218748,55.67995605468741,727.6800781249999,1971.622314453125,-522.2400878906251,211.1998535156249,78.98879394531241,-643.6800170898438,740.6399658203125,539.7568359375
1763686146.8343494,9,3,3,-1.5380519858136705,0.5719201796625462,-7.76012754688443,0.023594724588249908,0.08151069703105747,0.0011315848516967233,358.0799804687499,-753.6000122070312,772.0768066406249,224.6400085449219,-233.7600158691406,329.8945800781248,48.48000488281241,722.8800292968749,1971.622314453125,-519.8399414062501,206.4000488281249,75.11684570312491,-641.2800231933594,743.039990234375,547.500732421875
1763686146.9310067,9,3,3,-1.5145143189686348,0.5294110079087333,-7.790398930849389,0.020083157374021672,0.08002835724361756,0.0018123399460356262,367.6799560546874,-744.0000213623047,760.4608398437499,229.43999633789065,-228.9600128173828,329.8945800781248,43.67995605468741,722.8800292968749,1932.902587890625,-515.0401367187501,206.4000488281249,67.37282714843741,-636.4800201416016,731.039990234375,543.62890625
1763686147.3340302,9,3,3,-1.245268745020915,0.3914533856325735,-6.306540426704159,0.016353334067643492,0.06764834559842485,0.0015521828041535086,331.6799560546874,-672.0000061035156,702.3807617187499,212.6400085449219,-219.3600143432617,302.7905761718748,48.48000488281241,655.6800781249999,1750.918212890625,-471.8399414062501,184.7999511718749,63.50075683593741,-574.0800109863281,651.8400390625,512.65283203125
1763686147.428521,9,3,3,-1.0549211391516053,0.42463110954001493,-5.693782797974133,0.017570112413120287,0.05768185075179286,0.0005974896527527872,317.2799316406249,-640.8000244140625,659.7889648437499,203.0400329589844,-214.56001510620115,291.1743652343748,53.27993164062491,617.2799316406249,1673.478271484375,-452.6399902343751,177.5999999999999,67.37282714843741,-545.2800231933594,618.2400634765625,481.6767578125
1763686147.6337206,9,3,3,-0.9600473477373299,0.37089753878441245,-4.646153326078658,0.018170159760338332,0.051585939207630084,3.9009457525411226e-05,283.6799560546874,-566.4,590.0929199218749,179.0400329589844,-197.7600158691406,267.9424316406248,48.48000488281241,538.0799804687499,1487.622314453125,-409.4400390625001,153.5999999999999,63.50075683593741,-478.08001098632815,543.8400390625,442.956787109375
1763686147.7262895,9,3,3,-0.7834920497396293,0.3883819483552554,-4.046791485997383,0.01788880934574605,0.04787174227970596,0.0005612862867861125,262.0799804687499,-528.0000061035156,559.1168457031249,176.6400085449219,-185.7600158691406,252.45415039062482,46.07998046874991,518.8800292968749,1390.822509765625,-385.4400390625001,143.9999023437499,59.62880859374991,-449.28001556396487,507.84003906249995,419.724853515625
1763686147.9320989,9,3,3,-0.6144462443408326,0.39509684953458163,-2.9669514535456827,0.018203239003040897,0.03821554843177995,0.0003974663331266768,218.8800292968749,-441.6000122070312,470.0609374999999,145.44002685546877,-159.3600143432617,209.86235351562482,48.48000488281241,408.4801269531249,1162.37451171875,-325.4400390625001,122.40004882812491,51.88479003906241,-367.68001041412356,419.03999023437495,353.90087890625
1763686148.1336532,9,3,3,-0.2691728771680326,0.20533043359736133,-2.109059300372981,0.013877403047420436,0.024739051937642267,-0.00016318858930781293,190.0799804687499,-367.1999877929687,384.8768554687499,128.6400085449219,-135.36000671386716,175.01420898437482,38.87990722656241,353.2799316406249,957.158447265625,-272.6399902343751,105.59999999999991,40.26882324218741,-312.4800048828125,349.44001464843745,299.69287109375
1763686148.2258873,9,3,3,-0.3261405409524971,0.053004637903622184,-1.8441353186252876,0.006684864496921171,0.021994136462590137,-0.00039963116328246276,170.8800292968749,-340.8000244140625,365.5167480468749,114.24001464843752,-125.7600158691406,175.01420898437482,38.87990722656241,314.8800292968749,902.950439453125,-263.0401367187501,98.40004882812491,40.26882324218741,-286.08001098632815,332.63996582031245,276.460693359375
1763686148.5341685,9,3,3,-0.23192703706254467,0.20571338622655644,-1.0731383098818987,0.005545890900467929,0.015416766769974699,-0.00037913838491085883,130.0799804687499,-259.1999877929687,264.8448730468749,99.84002075195315,-99.36000671386716,128.55034179687482,41.27993164062491,250.0799804687499,670.63037109375,-191.0401367187501,81.59999999999991,28.65285644531241,-214.08001098632815,241.44001464843745,214.5087890625
1763686148.7226803,9,3,3,-0.31991579802070513,0.1634206435507054,-0.7729772709110427,0.0026355552342706085,0.01111403448876624,-0.00028139604308625304,115.67995605468741,-223.19998779296873,218.3807617187499,87.84002075195315,-84.96001281738279,101.44633789062482,31.67995605468741,214.0799804687499,562.21435546875,-157.4400390625001,71.99990234374991,17.03676757812491,-187.6800018310547,207.84003906249995,179.660888671875
1763686148.9303358,9,3,3,-0.38065408373893805,0.1558232511688129,-0.5989261248338279,0.0044503968305765725,0.01402144619312525,0.00025944764944398546,91.67995605468741,-196.79996337890623,199.0208984374999,66.24001464843752,-77.7600158691406,93.70219726562482,34.07998046874991,170.8800292968749,508.00634765625,-145.4400390625001,67.19985351562491,24.78078613281241,-168.48000488281252,183.84003906249995,140.94091796875
1763686149.02356,9,3,3,-0.12757769352553786,0.10550077040514923,-0.40356872973955693,0.004968248624522103,0.012175144220695332,-0.0005258734896439266,94.07998046874991,-182.39999999999998,171.9168945312499,71.04000244140627,-63.360006713867165,82.08623046874982,31.67995605468741,163.6799560546874,461.54248046875,-131.0401367187501,59.99990234374991,13.164819335937409,-156.48000488281252,169.44001464843745,144.812744140625
1763686149.1343236,9,3,3,-0.09913093966879823,-0.033933949259617936,-0.3177507580218454,-0.00012088090497503628,0.007390443211176736,-0.0004282433776324672,84.48000488281241,-175.19998779296873,160.3009277343749,68.6400085449219,-65.76000061035154,78.21440429687482,31.67995605468741,158.8800292968749,430.56640625,-116.63999023437509,62.40004882812491,13.164819335937409,-146.8799987792969,159.84003906249995,133.19677734375
1763686149.2260735,9,3,3,-0.05990867657173181,-0.05847344814230568,-0.2745163938058433,-0.0014858267055461833,0.007884634656559166,-0.0005730766866376793,77.27993164062491,-163.19998779296873,156.4288574218749,61.44002685546877,-60.96001281738279,74.34233398437482,29.27993164062491,144.4800048828124,411.20654296875,-111.83994140625009,57.59999999999991,20.90883789062491,-139.6800018310547,157.44001464843745,117.708740234375
1763686149.3772213,9,3,3,-0.04864009140215883,0.04889297738703165,-0.2850471923103718,0.0007333168932820155,0.008543745892257591,-0.0001855795209426343,74.88002929687491,-153.60001220703123,133.1969238281249,59.04000244140627,-60.96001281738279,58.85429687499982,36.48000488281241,134.8800292968749,364.742431640625,-97.44003906250009,52.79995117187491,9.292749023437409,-130.07999572753909,133.44001464843745,109.96484375
1763686167.6268692,9,3,3,0.12874352727959187,0.036702276774137815,-0.20543648327449912,-0.00010800275413027976,0.0024297164048567308,-0.00039661858770625194,7.679956054687409,-93.60001220703123,40.26894531249991,8.640008544921898,-39.360006713867165,-14.713574218750182,29.27993164062491,24.48000488281241,167.2705078125,-27.83994140625009,64.79995117187491,13.164819335937409,-74.8799987792969,66.23994140624995,9.292724609375
1763686167.7377827,9,3,3,0.05557712823344132,0.014203006418374142,-0.32001615893669744,0.0005071967182979441,0.00408056337654139,0.0003497042892361635,5.279931640624909,-98.39999999999998,48.01284179687491,8.640008544921898,-41.76000061035154,-10.841748046875182,34.07998046874991,29.28005371093741,171.142333984375,-27.83994140625009,62.40004882812491,9.292749023437409,-77.27999267578127,71.03999023437495,13.164794921875
1763686167.934744,9,3,3,0.03693491879479302,0.005224158939303752,-0.3009588539057696,0.0007658620149976974,0.004066760091605744,4.580178346416086e-05,0,0,0,0,0,0,0,0,0,0,0,0,0,0,0
1763686168.0308874,9,3,3,0.018609535225586386,0.0018713235188418803,-0.3004300152693257,0.000889416365713528,0.005073302034612525,-0.0001873973179061425,7.679956054687409,-100.79996337890623,40.26894531249991,8.640008544921898,-39.360006713867165,-6.969677734375182,36.48000488281241,34.07998046874991,194.37451171875,-35.04013671875009,59.99990234374991,9.292749023437409,-77.27999267578127,78.23994140624995,17.036865234375
1763686168.1384246,9,3,3,0.05333786269975894,0.03381732299785679,-0.3001906218902945,0.0011620690367572437,0.004210320190894066,-0.00018930871476245269,0,0,0,0,0,0,0,0,0,0,0,0,0,0,0
1763686168.2335463,9,3,3,0.07818152901650366,0.0164599940241257,-0.2988534259900799,0.0013866671895374498,0.0023131829326106385,0.0002040295729878611,10.079980468749909,-103.19998779296873,44.14077148437491,6.240014648437523,-46.56000366210935,-14.713574218750182,36.48000488281241,31.67995605468741,182.758544921875,-32.63999023437509,62.40004882812491,9.292749023437409,-77.27999267578127,73.44001464843745,17.036865234375
1763686168.3267715,9,3,3,0.07083633988867939,0.06283483993748455,-0.3313754541562139,0.0015951380949379317,0.0018951684371396396,0.00042374100385310836,10.079980468749909,-103.19998779296873,51.88491210937491,8.640008544921898,-44.16000976562498,-14.713574218750182,38.87990722656241,38.88002929687491,194.37451171875,-30.24008789062509,59.99990234374991,9.292749023437409,-77.27999267578127,71.03999023437495,20.90869140625
1763686168.4342384,9,3,3,0.08084755341072553,0.03741125055475715,-0.2826106503713471,0.0010561058775827258,0.0018186820710090184,-0.00010630713670989789,0,0,0,0,0,0,0,0,0,0,0,0,0,0,0
1763686168.6378071,9,3,3,0.08997685044259976,0.04040429281052629,-0.3009928955714977,0.0009084196217756704,0.002200692097882945,4.261715149634683e-05,10.079980468749909,-103.19998779296873,48.01284179687491,8.640008544921898,-39.360006713867165,-3.097607421875182,36.48000488281241,34.07998046874991,182.758544921875,-32.63999023437509,62.40004882812491,20.90883789062491,-79.67998657226565,68.63996582031245,9.292724609375
1763686168.7305539,9,3,3,0.12322865961541779,0.04506769448029921,-0.29903262514493195,0.0012885148782164828,0.0008032849257762999,-0.0004250153349950586,12.480004882812409,-103.19998779296873,44.14077148437491,11.040002441406273,-41.76000061035154,-18.585644531250182,38.87990722656241,31.67995605468741,186.63037109375,-35.04013671875009,59.99990234374991,5.420800781249909,-82.08001098632815,68.63996582031245,13.164794921875
1763686168.8242612,9,3,3,0.07158800042456603,-0.002012464640519268,-0.23367224954129642,0.0007282649134004975,0.0030356544609221985,-0.0004773831575940104,5.279931640624909,-98.39999999999998,51.88491210937491,11.040002441406273,-44.16000976562498,-10.841748046875182,34.07998046874991,38.88002929687491,190.50244140625,-37.44003906250009,62.40004882812491,13.164819335937409,-74.8799987792969,73.44001464843745,20.90869140625
1763686168.90035,9,3,3,0.07857813176298228,0.022456748572134894,-0.29957421217854086,0.001244793065576743,0.003157635632471815,-0.00042264621796835115,7.679956054687409,-100.79996337890623,44.14077148437491,11.040002441406273,-44.16000976562498,-14.713574218750182,36.48000488281241,34.07998046874991,182.758544921875,-35.04013671875009,62.40004882812491,9.292749023437409,-77.27999267578127,75.84003906249995,20.90869140625
1763686169.0287483,9,3,3,0.05550847975706672,0.00935179984317604,-0.21566904206557796,0.0006500506500698841,0.002710154430414727,-0.0008631878502481127,7.679956054687409,-98.39999999999998,48.01284179687491,11.040002441406273,-48.96001281738279,-6.969677734375182,34.07998046874991,31.67995605468741,182.758544921875,-35.04013671875009,59.99990234374991,13.164819335937409,-79.67998657226565,68.63996582031245,20.90869140625
1763686169.3335204,9,3,3,0.09112027994605211,0.00905973723291742,-0.3374489332511159,0.0003087031058562744,0.002554479385664582,0.0002643465561970477,12.480004882812409,-103.19998779296873,51.88491210937491,6.240014648437523,-46.56000366210935,-3.097607421875182,34.07998046874991,34.07998046874991,175.014404296875,-32.63999023437509,59.99990234374991,9.292749023437409,-74.8799987792969,73.44001464843745,20.90869140625
1763686169.528422,9,3,3,0.04492078628819023,0.03956175678786052,-0.28288506142241143,0.001217892275026351,0.0040949828307962925,-2.7003333141574262e-05,7.679956054687409,-100.79996337890623,44.14077148437491,8.640008544921898,-41.76000061035154,-10.841748046875182,31.67995605468741,38.88002929687491,182.758544921875,-37.44003906250009,62.40004882812491,13.164819335937409,-72.48000488281252,71.03999023437495,17.036865234375
1763686169.6367733,9,3,3,0.04814814959310723,0.020022818547565602,-0.20059344487105102,0.0003958532973455506,0.003704862442801311,-0.0008595903388839896,10.079980468749909,-103.19998779296873,51.88491210937491,11.040002441406273,-39.360006713867165,-14.713574218750182,34.07998046874991,36.48000488281241,182.758544921875,-32.63999023437509,59.99990234374991,9.292749023437409,-77.27999267578127,68.63996582031245,20.90869140625
1763686169.7300718,9,3,3,0.0644685576208797,-0.00706636778686799,-0.28563036909063977,0.0003416095791601698,0.0030813715424540776,-0.00018441204475419168,10.079980468749909,-100.79996337890623,48.01284179687491,8.640008544921898,-44.16000976562498,-10.841748046875182,34.07998046874991,38.88002929687491,186.63037109375,-32.63999023437509,62.40004882812491,9.292749023437409,-79.67998657226565,71.03999023437495,17.036865234375
1763686169.8401592,9,3,3,0.0909815196258235,0.035523231955011364,-0.30365535131242555,0.0005221155815316748,0.003309657475599987,4.064753197082464e-05,12.480004882812409,-100.79996337890623,48.01284179687491,8.640008544921898,-44.16000976562498,-10.841748046875182,31.67995605468741,34.07998046874991,178.886474609375,-37.44003906250009,57.59999999999991,13.164819335937409,-74.8799987792969,73.44001464843745,13.164794921875
1763686169.9342618,9,3,3,0.04717515361085677,-0.008615310962398688,-0.2686481187884009,0.0003271839650484356,0.0036067451831191246,-0.00017806163207954357,12.480004882812409,-100.79996337890623,51.88491210937491,11.040002441406273,-39.360006713867165,-14.713574218750182,34.07998046874991,31.67995605468741,186.63037109375,-35.04013671875009,57.59999999999991,9.292749023437409,-77.27999267578127,68.63996582031245,20.90869140625
1763686170.030604,9,3,3,0.03942115317218348,-0.0034849238102413497,-0.28550274856108143,0.00019336892852988725,0.0035759308346231724,-0.00026326484638538537,10.079980468749909,-95.99997558593748,44.14077148437491,8.640008544921898,-41.76000061035154,-6.969677734375182,31.67995605468741,34.07998046874991,186.63037109375,-35.04013671875009,57.59999999999991,13.164819335937409,-77.27999267578127,68.63996582031245,17.036865234375
1763686170.2280347,9,3,3,0.06385837732060236,0.02236247150170196,-0.26746957470334365,0.000753779954095063,0.003182892629588966,-0.00017868367743417837,7.679956054687409,-100.79996337890623,48.01284179687491,6.240014648437523,-39.360006713867165,0.7744628906248181,36.48000488281241,34.07998046874991,178.886474609375,-35.04013671875009,59.99990234374991,9.292749023437409,-72.48000488281252,73.44001464843745,20.90869140625
1763686170.3377583,9,3,3,0.03764722609694611,-0.013466107427626422,-0.3523597831069725,0.00043464613421397355,0.0037714261641413347,0.000105747993047537,0,0,0,0,0,0,0,0,0,0,0,0,0,0,0
1763686170.365356,9,3,3,0.053414793767870956,0.00630420003148486,-0.3000561730141031,0.0009374448031071387,0.0036534907293476596,-0.000422494854172148,7.679956054687409,-98.39999999999998,48.01284179687491,11.040002441406273,-41.76000061035154,-6.969677734375182,36.48000488281241,34.07998046874991,182.758544921875,-32.63999023437509,62.40004882812491,5.420800781249909,-74.8799987792969,75.84003906249995,17.036865234375
1763686170.4592512,9,3,3,0.05424212934158,0.015768521706248255,-0.2840913880329428,0.0008584407468482918,0.00373390348666036,-0.00010522737147512058,7.679956054687409,-100.79996337890623,51.88491210937491,8.640008544921898,-39.360006713867165,-3.097607421875182,34.07998046874991,34.07998046874991,186.63037109375,-39.83994140625009,64.79995117187491,9.292749023437409,-74.8799987792969,71.03999023437495,20.90869140625
1763686170.540552,9,3,3,0.06436806781186744,0.020209353107475993,-0.28525401088953695,0.0005531523864886309,0.003645112591458324,-0.0004201705775885336,7.679956054687409,-100.79996337890623,48.01284179687491,8.640008544921898,-41.76000061035154,-6.969677734375182,34.07998046874991,34.07998046874991,178.886474609375,-32.63999023437509,59.99990234374991,9.292749023437409,-74.8799987792969,71.03999023437495,17.036865234375
1763686177.5315,9,3,3,0.05991128834915204,-0.012494138668334877,-0.20491755701522865,-0.0005097059996173193,0.003018478988348591,0.0001539151974519751,2.880029296874909,-83.99997558593748,28.65273437499991,6.240014648437523,-34.56000366210935,-26.329541015625182,29.27993164062491,17.28005371093741,128.550537109375,-18.24008789062509,64.79995117187491,1.548852539062409,-65.27999267578127,54.239941406249955,-2.3232421875
1763686177.8404686,9,3,3,0.04374962118565237,-0.07293408098914703,-0.2744601853838501,-0.001369741707121538,0.0033390891161354003,-0.00010376078228127524,12.480004882812409,-93.60001220703123,44.14077148437491,18.240014648437523,-32.16000976562498,-6.969677734375182,31.67995605468741,36.48000488281241,175.014404296875,-37.44003906250009,62.40004882812491,5.420800781249909,-67.67998657226565,71.03999023437495,20.90869140625
1763686178.1375499,9,3,3,0.0367473198794308,-0.055368701131492996,-0.3439812913201815,-0.0017824114832044415,0.004981635654894403,-0.0007569958914187489,0,0,0,0,0,0,0,0,0,0,0,0,0,0,0
1763686178.231101,9,3,3,0.19564192216520107,-0.3461351336517408,-0.5626583718579696,-0.004012342617750441,0.006122879877168461,0.0003528156047272362,22.07998046874991,-115.19998779296873,82.86074218749991,27.840020751953148,-41.76000061035154,12.390429687499818,29.27993164062491,74.88002929687491,244.71044921875,-54.24008789062509,57.59999999999991,9.292749023437409,-91.67998657226565,92.63996582031245,44.140869140625
1763686178.3395731,9,3,3,-0.33120000271177086,0.13989498864671726,-0.5017582688815019,0.003206845623079842,0.011062695281310415,0.0002110131331489434,38.88002929687491,-119.99997558593748,86.73281249999991,27.840020751953148,-48.96001281738279,24.006396484374818,29.27993164062491,84.48000488281241,264.070556640625,-63.83994140625009,55.19985351562491,9.292749023437409,-98.8799987792969,102.23994140624995,63.500732421875
1763686178.434971,9,3,3,0.19113249410080083,-0.20591787066324657,-0.8441038691454714,-0.0021389948675121766,0.008472375857402105,0.0002486900431795619,53.27993164062491,-129.60001220703123,94.47695312499991,42.24001464843752,-53.76000061035154,24.006396484374818,34.07998046874991,98.88002929687491,287.302490234375,-66.24008789062509,59.99990234374991,9.292749023437409,-113.27999267578127,107.03999023437495,75.11669921875
1763686178.6369605,9,3,3,-0.13489228956574506,0.10234640979245219,-0.9190644737320751,0.00246266930990145,0.01268163328839977,0.0006867382145135194,65.27993164062491,-139.19998779296873,121.58095703124991,49.44002685546877,-60.96001281738279,43.36625976562482,31.67995605468741,122.88002929687491,329.89453125,-85.44003906250009,59.99990234374991,9.292749023437409,-125.27999267578127,126.23994140624995,94.476806640625
1763686178.7281842,9,3,3,-0.043892976582447785,0.02699011124863785,-1.0447222231704083,0.0006559763814491845,0.010658494741232314,0.0002487212746886573,67.67995605468741,-143.99997558593748,121.58095703124991,51.84002075195315,-56.16000976562498,51.11040039062482,29.27993164062491,125.28005371093741,349.25439453125,-92.63999023437509,57.59999999999991,1.548852539062409,-120.48000488281252,128.63996582031245,98.348876953125
1763686178.933881,9,3,3,-0.07600653824229892,0.025194869552426117,-1.0455832216224152,0.00012272760067905906,0.011210859833175997,1.199223383057795e-05,62.88002929687491,-148.79996337890623,125.45278320312491,49.44002685546877,-63.360006713867165,47.23833007812482,31.67995605468741,122.88002929687491,349.25439453125,-90.24008789062509,57.59999999999991,17.03676757812491,-122.8799987792969,128.63996582031245,94.476806640625
1763686179.0420365,9,3,3,-0.04371797628570911,0.0814728420144141,-1.0537220692793454,0.0029409747043142717,0.011149227402969157,0.00032899563356432335,58.07998046874991,-146.39999999999998,117.70888671874991,51.84002075195315,-65.76000061035154,43.36625976562482,36.48000488281241,120.48000488281241,349.25439453125,-90.24008789062509,57.59999999999991,17.03676757812491,-122.8799987792969,126.23994140624995,98.348876953125
1763686179.1417506,9,3,3,-0.04760794134905905,0.02531325800439961,-0.9708981223007065,0.0016750257411160833,0.008851673806807016,-0.00026796184083977036,62.88002929687491,-143.99997558593748,117.70888671874991,51.84002075195315,-56.16000976562498,39.49443359374982,41.27993164062491,125.28005371093741,345.38232421875,-90.24008789062509,55.19985351562491,9.292749023437409,-125.27999267578127,123.84003906249995,98.348876953125
1763686179.2291007,9,3,3,0.002173964742439991,0.07340485904712077,-1.0264519287823872,0.0007446740907019043,0.007257723081296899,0.0004069136226419768,58.07998046874991,-146.39999999999998,121.58095703124991,47.04000244140627,-65.76000061035154,43.36625976562482,38.87990722656241,120.48000488281241,345.38232421875,-87.83994140625009,59.99990234374991,9.292749023437409,-122.8799987792969,128.63996582031245,90.604736328125
1763686179.5393698,9,3,3,0.04438939076279133,0.05868655052825371,-0.8925177170832361,0.0008317724035948862,0.00682656579338354,-1.2986898686975247e-05,62.88002929687491,-148.79996337890623,117.70888671874991,54.24001464843752,-65.76000061035154,43.36625976562482,38.87990722656241,115.67995605468741,341.510498046875,-85.44003906250009,59.99990234374991,20.90883789062491,-122.8799987792969,123.84003906249995,94.476806640625
1763686179.737935,9,3,3,-0.009154336373346419,0.04218003220858067,-0.9514972916142923,0.002846345414431414,0.008344319806151492,0.00021137597085606037,55.67995605468741,-146.39999999999998,113.83681640624991,49.44002685546877,-65.76000061035154,43.36625976562482,38.87990722656241,118.07998046874991,345.38232421875,-87.83994140625009,59.99990234374991,17.03676757812491,-120.48000488281252,123.84003906249995,102.220703125
1763686179.8352954,9,3,3,0.012422787832949464,0.04523847834975033,-0.8866772096276784,0.0020600821637966698,0.007125709995632702,-4.109238715751045e-06,62.88002929687491,-141.60001220703123,121.58095703124991,47.04000244140627,-63.360006713867165,43.36625976562482,41.27993164062491,120.48000488281241,349.25439453125,-85.44003906250009,59.99990234374991,13.164819335937409,-127.68000183105471,128.63996582031245,94.476806640625
1763686180.039787,9,3,3,-0.004936586436964656,0.05231421220903066,-0.8536529233538359,0.0021305728462993733,0.008019493197576387,0.000554941626575975,55.67995605468741,-143.99997558593748,125.45278320312491,47.04000244140627,-60.96001281738279,43.36625976562482,41.27993164062491,118.07998046874991,349.25439453125,-87.83994140625009,59.99990234374991,17.03676757812491,-122.8799987792969,126.23994140624995,90.604736328125
1763686180.4426012,9,3,3,-0.03809472560185392,0.029589230386286736,-0.8542800416138217,0.0015825146676783485,0.008871518280770025,-7.076728531648933e-05,58.07998046874991,-146.39999999999998,125.45278320312491,42.24001464843752,-60.96001281738279,39.49443359374982,36.48000488281241,120.48000488281241,341.510498046875,-90.24008789062509,59.99990234374991,17.03676757812491,-122.8799987792969,126.23994140624995,90.604736328125
1763686180.5480292,9,3,3,-0.0416464204190078,0.010859803136285477,-0.8429858180403098,0.0002517908373597783,0.009540548612074162,-7.073510088643673e-05,62.88002929687491,-141.60001220703123,117.70888671874991,49.44002685546877,-60.96001281738279,43.36625976562482,36.48000488281241,122.88002929687491,349.25439453125,-83.04013671875009,57.59999999999991,13.164819335937409,-122.8799987792969,123.84003906249995,98.348876953125
1763686180.6442983,9,3,3,-0.01378253848653588,0.029312564317215274,-0.8105954042881887,0.00010195127550694096,0.008354861172352832,0.0004072358116926929,62.88002929687491,-146.39999999999998,113.83681640624991,47.04000244140627,-63.360006713867165,39.49443359374982,36.48000488281241,120.48000488281241,337.638427734375,-90.24008789062509,62.40004882812491,13.164819335937409,-122.8799987792969,123.84003906249995,98.348876953125
1763686180.7403066,9,3,3,-0.06081100500477532,0.012335968555907871,-0.7391325407101191,0.0007976472010631523,0.00944502365158324,-3.129760504564147e-05,60.48000488281241,-146.39999999999998,117.70888671874991,44.6400085449219,-60.96001281738279,43.36625976562482,34.07998046874991,120.48000488281241,345.38232421875,-85.44003906250009,62.40004882812491,13.164819335937409,-120.48000488281252,126.23994140624995,90.604736328125
1763686180.8334098,9,3,3,-0.040805581623244325,0.031029377179871726,-0.9104644576529115,0.00023247193176715393,0.009425427189501448,5.963730129993644e-05,60.48000488281241,-141.60001220703123,125.45278320312491,47.04000244140627,-60.96001281738279,39.49443359374982,38.87990722656241,115.67995605468741,341.510498046875,-85.44003906250009,57.59999999999991,9.292749023437409,-120.48000488281252,123.84003906249995,94.476806640625
1763686180.9309838,9,3,3,-0.0354104445144833,-0.02111169823353871,-0.8756352154245562,0.0004979419690695595,0.009021393120774802,0.0002340667116386451,60.48000488281241,-146.39999999999998,117.70888671874991,44.6400085449219,-63.360006713867165,47.23833007812482,34.07998046874991,118.07998046874991,341.510498046875,-85.44003906250009,57.59999999999991,13.164819335937409,-120.48000488281252,126.23994140624995,94.476806640625
1763686181.041253,9,3,3,7.040123435171142e-05,0.029260721933109964,-0.8757846108269799,0.0007484743579175383,0.008429619732727316,0.0001521743980505412,60.48000488281241,-146.39999999999998,117.70888671874991,47.04000244140627,-65.76000061035154,43.36625976562482,36.48000488281241,122.88002929687491,341.510498046875,-87.83994140625009,59.99990234374991,9.292749023437409,-125.27999267578127,128.63996582031245,90.604736328125
1763686181.2385423,9,3,3,-0.01845587474624836,0.040015866995354685,-0.8561177244783567,0.0011662472665664855,0.008414520644841687,-0.0002307322736141271,60.48000488281241,-143.99997558593748,113.83681640624991,44.6400085449219,-65.76000061035154,35.62236328124982,36.48000488281241,113.28005371093741,333.766357421875,-83.04013671875009,59.99990234374991,13.164819335937409,-115.67998657226565,121.44001464843745,90.604736328125
1763686181.33809,9,3,3,0.002875965924478495,-0.03452666675268327,-0.7593976251276019,-0.00023726922365679645,0.006832030029181374,-0.0003525975324355811,55.67995605468741,-136.79996337890623,109.96474609374991,47.04000244140627,-60.96001281738279,27.878466796874818,34.07998046874991,108.48000488281241,314.406494140625,-78.24008789062509,59.99990234374991,17.03676757812491,-115.67998657226565,114.23994140624995,82.86083984375
1763686181.4314232,9,3,3,0.019735705275875058,-0.049917132621227475,-0.691704857798002,-0.00015373606335721652,0.005664649457414939,-1.4321746178551321e-05,46.07998046874991,-129.60001220703123,90.60488281249991,39.84002075195315,-58.56000366210935,27.878466796874818,36.48000488281241,94.07998046874991,291.174560546875,-73.44003906250009,52.79995117187491,13.164819335937409,-108.48000488281252,102.23994140624995,67.372802734375
1763686181.538454,9,3,3,-0.05382423638722042,-0.04455863378642023,-0.5059624081794163,-0.0007383690377679357,0.0059348494602217946,-2.871883130302268e-05,38.88002929687491,-124.79996337890623,86.73281249999991,37.44002685546877,-56.16000976562498,16.262255859374818,38.87990722656241,86.88002929687491,267.9423828125,-61.44003906250009,59.99990234374991,13.164819335937409,-98.8799987792969,97.44001464843745,63.500732421875
1763686181.6329732,9,3,3,0.04268234274151051,-0.010827497806563098,-0.3718074916023894,-0.0005528796306705079,0.0027763831255027084,-0.00014054208072399868,34.07998046874991,-115.19998779296873,71.24477539062491,30.240014648437523,-48.96001281738279,12.390429687499818,36.48000488281241,77.28005371093741,236.966552734375,-54.24008789062509,52.79995117187491,9.292749023437409,-91.67998657226565,85.44001464843745,51.884765625
1763686181.7411342,9,3,3,0.1085067068211873,0.027972903397441403,-0.43011984922213153,-0.0015882694001478354,0.0032974947320723006,6.499552731817554e-05,24.48000488281241,-107.99997558593748,55.75673828124991,18.240014648437523,-46.56000366210935,4.646289062499818,34.07998046874991,60.48000488281241,213.734375,-42.24008789062509,59.99990234374991,5.420800781249909,-84.48000488281252,78.23994140624995,40.268798828125
1763686181.8356502,9,3,3,0.07239290253091178,-0.06449894908471225,-0.20865148375140213,-0.001770996828090858,0.002062673500095483,-0.00016136975347008658,19.67995605468741,-93.60001220703123,55.75673828124991,18.240014648437523,-41.76000061035154,-6.969677734375182,31.67995605468741,46.07998046874991,194.37451171875,-37.44003906250009,55.19985351562491,5.420800781249909,-79.67998657226565,71.03999023437495,32.52490234375
1763686189.1381116,9,3,3,-0.012222792219529863,0.035651415343992965,-0.29051921437958406,-0.0013538743460376433,0.004829011260775109,-0.0002746992574633631,-1.920019531250091,-79.19998779296873,28.65273437499991,11.040002441406273,-24.96001281738279,-18.585644531250182,26.87990722656241,17.28005371093741,136.29443359375,-23.04013671875009,62.40004882812491,-2.323217773437591,-58.08001098632815,54.239941406249955,5.4208984375
1763686189.3408291,9,3,3,0.006728398095986427,-0.03821129177340591,-0.3342817938118017,-0.0028246223015014594,0.00810867787949709,0.00017944912667016002,19.67995605468741,-95.99997558593748,48.01284179687491,13.439996337890648,-34.56000366210935,-3.097607421875182,31.67995605468741,36.48000488281241,186.63037109375,-39.83994140625009,57.59999999999991,5.420800781249909,-79.67998657226565,68.63996582031245,24.78076171875
1763686189.5514288,9,3,3,0.007208531556326086,-0.005648992253721237,-0.4118789477554504,-0.000920628494826875,0.00906120496618375,-0.00015532890514984726,22.07998046874991,-105.60001220703123,63.50087890624991,20.640008544921898,-41.76000061035154,12.390429687499818,31.67995605468741,48.48000488281241,209.862548828125,-47.04013671875009,55.19985351562491,13.164819335937409,-82.08001098632815,83.03999023437495,28.65283203125
1763686189.6450195,9,3,3,-0.02404533547793019,0.010357391336058456,-0.5408401543846623,0.0003435989351458712,0.009423934719933042,3.752010845000999e-05,29.27993164062491,-112.79996337890623,75.11684570312491,18.240014648437523,-44.16000976562498,24.006396484374818,34.07998046874991,62.88002929687491,240.83837890625,-59.04013671875009,59.99990234374991,13.164819335937409,-89.27999267578127,92.63996582031245,51.884765625
1763686189.7452633,9,3,3,-0.053116893522103914,0.04246041422254007,-0.6039205158524367,0.0012312157469788311,0.010432166051755048,-0.0005308471732360293,36.48000488281241,-112.79996337890623,82.86074218749991,23.040002441406273,-41.76000061035154,20.134326171874818,31.67995605468741,70.07998046874991,252.454345703125,-66.24008789062509,55.19985351562491,5.420800781249909,-94.08001098632815,99.84003906249995,51.884765625
1763686189.93206,9,3,3,-0.08122071580004353,0.11532580883640157,-0.8320041724629635,0.00393630177973691,0.013002749256586229,0.0004883705887761311,43.67995605468741,-131.99997558593748,102.22084960937491,32.6400085449219,-51.360006713867165,35.62236328124982,26.87990722656241,89.28005371093741,306.662353515625,-75.83994140625009,52.79995117187491,13.164819335937409,-103.67998657226565,111.84003906249995,75.11669921875
1763686190.3389559,9,3,3,-0.2309116599196695,0.11170664295196345,-1.2598922813392572,0.005880942297561762,0.018308685092733312,-4.457621094496869e-05,70.07998046874991,-165.60001220703123,156.4288574218749,51.84002075195315,-63.360006713867165,66.59843749999982,26.87990722656241,134.8800292968749,411.20654296875,-114.24008789062509,59.99990234374991,17.03676757812491,-142.07999572753909,150.23994140624995,117.708740234375
1763686190.4339225,9,3,3,-0.25649326413946527,0.1543394391577107,-1.4357843740751837,0.0041583446319924675,0.0197736558525275,0.0005072376551469233,72.48000488281241,-172.79996337890623,179.6607910156249,59.04000244140627,-65.76000061035154,74.34233398437482,24.48000488281241,149.2800537109374,438.310546875,-126.24008789062509,55.19985351562491,9.292749023437409,-149.28000793457034,164.63996582031245,125.452880859375
1763686190.736765,9,3,3,-0.38669400008472576,0.2259493015449533,-1.8998731795993504,0.010078281146219645,0.02439141291095507,0.00028459233309000064,98.88002929687491,-215.99997558593748,222.2528320312499,73.44002685546877,-87.36000671386716,101.44633789062482,41.27993164062491,194.8800292968749,566.08642578125,-162.2400878906251,62.40004882812491,28.65285644531241,-180.48000488281252,203.03999023437495,168.044921875
1763686191.033083,9,3,3,-0.3803314437871204,0.40402648782487494,-2.4500533368343307,0.017027544214273257,0.028474241091312347,-5.270944164482852e-05,115.67995605468741,-259.1999877929687,272.5887695312499,83.04000244140627,-106.56000366210935,128.55034179687482,41.27993164062491,228.4801269531249,674.50244140625,-193.4400390625001,79.19985351562491,32.52480468749991,-214.08001098632815,239.03999023437495,199.020751953125
1763686191.3430424,9,3,3,-0.4460847419938196,0.34981643696484066,-2.3950140803133966,0.017770807550090785,0.02934555587632712,0.0003664268887791926,108.48000488281241,-256.8000244140625,268.7169433593749,75.84002075195315,-108.96001281738279,128.55034179687482,48.48000488281241,221.2799316406249,678.37451171875,-198.2400878906251,74.40004882812491,44.14077148437491,-214.08001098632815,243.84003906249995,187.40478515625
1763686191.4343107,9,3,3,-0.4155072419588515,0.34614565992310276,-2.3994674294164513,0.016745845972299098,0.0285026989683526,0.00043850690046611483,110.88002929687491,-256.8000244140625,272.5887695312499,83.04000244140627,-111.36000671386716,124.67827148437482,43.67995605468741,218.8800292968749,686.118408203125,-193.4400390625001,74.40004882812491,44.14077148437491,-214.08001098632815,241.44001464843745,191.27685546875
1763686191.7453473,9,3,3,-0.3832342128984795,0.36309441017710686,-2.243957252920395,0.017615407057569626,0.026573438912632155,0.0001048539666822822,108.48000488281241,-251.99997558593748,268.7169433593749,80.6400085449219,-108.96001281738279,120.80620117187482,48.48000488281241,216.4801269531249,682.246337890625,-193.4400390625001,79.19985351562491,40.26882324218741,-214.08001098632815,241.44001464843745,187.40478515625
1763686191.8378923,9,3,3,-0.37548681229850706,0.303885355961085,-2.1500918085583405,0.015478729958489408,0.025939349419269498,-0.0003350267114533307,113.27993164062491,-251.99997558593748,264.8448730468749,73.44002685546877,-108.96001281738279,120.80620117187482,46.07998046874991,216.4801269531249,674.50244140625,-195.8399414062501,76.79995117187491,44.14077148437491,-211.6800018310547,243.84003906249995,183.53271484375
1763686191.883427,9,3,3,-0.3581946165370815,0.315564727009349,-2.2176110662282147,0.01556779181329079,0.025402967054870704,-4.726802260264593e-05,110.88002929687491,-251.99997558593748,260.9728027343749,78.24001464843752,-106.56000366210935,124.67827148437482,53.27993164062491,214.0799804687499,678.37451171875,-191.0401367187501,74.40004882812491,40.26882324218741,-209.28000793457034,239.03999023437495,183.53271484375
1763686192.0427954,9,3,3,-0.35489882413788554,0.35115408440687135,-2.246258296351475,0.017027456737852165,0.025479401889891652,0.00010211403149146909,103.67995605468741,-251.99997558593748,264.8448730468749,78.24001464843752,-106.56000366210935,120.80620117187482,46.07998046874991,216.4801269531249,674.50244140625,-195.8399414062501,76.79995117187491,44.14077148437491,-211.6800018310547,246.23994140624995,187.40478515625
1763686192.1360066,9,3,3,-0.37784330678270767,0.3413238505102336,-2.1310886161237335,0.016288483768010224,0.026621399899227217,-0.00024964299380007306,108.48000488281241,-254.39999999999998,268.7169433593749,73.44002685546877,-106.56000366210935,120.80620117187482,48.48000488281241,216.4801269531249,674.50244140625,-195.8399414062501,71.99990234374991,51.88479003906241,-211.6800018310547,243.84003906249995,183.53271484375
1763686192.228219,9,3,3,-0.3471034869372204,0.31142698034547145,-2.169846354182095,0.015063191134623467,0.02501645331777906,0.0005150807175839539,106.07998046874991,-256.8000244140625,264.8448730468749,71.04000244140627,-111.36000671386716,120.80620117187482,53.27993164062491,214.0799804687499,678.37451171875,-191.0401367187501,76.79995117187491,44.14077148437491,-214.08001098632815,243.84003906249995,187.40478515625
1763686192.2733247,9,3,3,-0.33806972006759195,0.3380128664747821,-2.117688559562163,0.015287654090835514,0.02438999104043809,-9.328816832728957e-05,106.07998046874991,-251.99997558593748,272.5887695312499,73.44002685546877,-108.96001281738279,124.67827148437482,48.48000488281241,218.8800292968749,674.50244140625,-193.4400390625001,74.40004882812491,44.14077148437491,-211.6800018310547,241.44001464843745,183.53271484375
1763686192.4334505,9,3,3,-0.3915957563081106,0.3140999718589217,-2.0662757690145463,0.01543041788347494,0.025982900298606254,0.00024117695461838527,108.48000488281241,-251.99997558593748,268.7169433593749,75.84002075195315,-108.96001281738279,120.80620117187482,48.48000488281241,216.4801269531249,682.246337890625,-191.0401367187501,79.19985351562491,44.14077148437491,-214.08001098632815,243.84003906249995,191.27685546875
1763686192.5434477,9,3,3,-0.3306757757632791,0.33012711796932465,-2.119051921679621,0.015397843334852527,0.02516411055264497,0.00045480579030974513,108.48000488281241,-256.8000244140625,260.9728027343749,78.24001464843752,-111.36000671386716,124.67827148437482,50.87990722656241,214.0799804687499,670.63037109375,-193.4400390625001,71.99990234374991,44.14077148437491,-211.6800018310547,241.44001464843745,191.27685546875
1763686192.7334979,9,3,3,-0.3252131181045013,0.3348034018633258,-2.082804247500184,0.01611024723599358,0.02532360172130272,0.00015773425142689198,103.67995605468741,-254.39999999999998,268.7169433593749,73.44002685546877,-111.36000671386716,120.80620117187482,50.87990722656241,216.4801269531249,682.246337890625,-191.0401367187501,79.19985351562491,44.14077148437491,-216.48000488281252,251.03999023437495,187.40478515625
1763686192.8424277,9,3,3,-0.32718793735558804,0.3389301984030223,-2.1305232339251576,0.016645742989422264,0.024497456029124325,0.000377039520780483,106.07998046874991,-256.8000244140625,264.8448730468749,71.04000244140627,-116.16000976562498,120.80620117187482,50.87990722656241,216.4801269531249,682.246337890625,-195.8399414062501,74.40004882812491,44.14077148437491,-211.6800018310547,241.44001464843745,183.53271484375
1763686192.9349928,9,3,3,-0.33171750707297065,0.3240655246346343,-2.0324352357015747,0.015711380795925968,0.024257590960067802,0.00017472581853009064,110.88002929687491,-254.39999999999998,264.8448730468749,73.44002685546877,-108.96001281738279,120.80620117187482,48.48000488281241,216.4801269531249,678.37451171875,-193.4400390625001,76.79995117187491,36.39675292968741,-214.08001098632815,243.84003906249995,191.27685546875
1763686193.0406103,9,3,3,-0.3562816258120928,0.2973725833070575,-2.067254475106798,0.01513157010477043,0.02484034486288643,-0.00015036549853103282,106.07998046874991,-259.1999877929687,268.7169433593749,78.24001464843752,-104.16000976562498,124.67827148437482,48.48000488281241,211.6800781249999,678.37451171875,-191.0401367187501,69.59999999999991,48.01284179687491,-211.6800018310547,243.84003906249995,179.660888671875
1763686193.5414283,9,3,3,-0.3306851384969214,0.30974756115508295,-2.0177225033514947,0.015242030137876339,0.025189583803579052,-0.0003678847450152181,0,0,0,0,0,0,0,0,0,0,0,0,0,0,0
1763686193.635061,9,3,3,-0.3216712584677003,0.30070787109401825,-2.1017297827847923,0.015173502752447363,0.023782685999974382,0.0003058783514963666,103.67995605468741,-247.19998779296873,257.1007324218749,68.6400085449219,-106.56000366210935,116.93413085937482,48.48000488281241,204.4801269531249,662.886474609375,-188.6399902343751,71.99990234374991,40.26882324218741,-206.8799987792969,236.63996582031245,175.788818359375
1763686193.9328935,9,3,3,-0.25042263326933945,0.24773908591157484,-1.637953449835197,0.012907304154081093,0.019642435515964455,7.407854899853521e-05,79.67995605468741,-218.39999999999998,226.1249023437499,61.44002685546877,-96.96001281738279,97.57426757812482,48.48000488281241,175.6799560546874,566.08642578125,-157.4400390625001,69.59999999999991,36.39675292968741,-182.8799987792969,207.84003906249995,152.556884765625
1763686194.0438278,9,3,3,-0.1343277672766867,0.25723323222367667,-1.2695289880980407,0.012654560236662477,0.014837834991958909,0.0002802287589509559,74.88002929687491,-201.60001220703123,202.8929687499999,51.84002075195315,-89.7600158691406,85.95854492187482,46.07998046874991,149.2800537109374,515.75048828125,-143.0401367187501,62.40004882812491,32.52480468749991,-168.48000488281252,181.44001464843745,125.452880859375
1763686194.1367981,9,3,3,-0.1678261586463996,0.20579548979689347,-1.1942008584981971,0.01004332661144939,0.016142286744799218,-0.00040292169189828865,60.48000488281241,-187.19998779296873,183.5328613281249,47.04000244140627,-89.7600158691406,70.47026367187482,46.07998046874991,139.6799560546874,473.158447265625,-131.0401367187501,64.79995117187491,32.52480468749991,-149.28000793457034,169.44001464843745,113.8369140625
1763686194.2316444,9,3,3,-0.10355071066322243,0.16696737857411212,-0.9599431715410844,0.009354448130156252,0.011580436589638985,7.070709976941304e-05,55.67995605468741,-172.79996337890623,152.5567871093749,42.24001464843752,-77.7600158691406,62.72636718749982,41.27993164062491,122.88002929687491,426.6943359375,-114.24008789062509,64.79995117187491,32.52480468749991,-139.6800018310547,155.03999023437495,102.220703125
1763686194.4322588,9,3,3,-0.0960646933867854,0.16383189984843227,-0.5445330109385818,0.007923315262921171,0.011646127811486733,-0.0007250921616369947,34.07998046874991,-151.19998779296873,125.45278320312491,25.439996337890648,-70.56000366210935,39.49443359374982,38.87990722656241,96.48000488281241,360.870361328125,-92.63999023437509,55.19985351562491,28.65285644531241,-118.08001098632815,128.63996582031245,75.11669921875
1763686194.6354578,9,3,3,-0.42770699426744474,0.41677354165496033,-0.3339148692450687,0.006498097113994938,0.010793786961240406,-0.00028578712560340877,22.07998046874991,-127.19998779296873,102.22084960937491,25.439996337890648,-53.76000061035154,31.750292968749818,36.48000488281241,65.28005371093741,287.302490234375,-68.63999023437509,55.19985351562491,20.90883789062491,-101.27999267578127,102.23994140624995,55.7568359375
1763686194.7304606,9,3,3,0.30976146452042014,-0.5654398183791396,-0.2705682748591967,-0.006358723059401994,0.0040626824201117195,-3.99877524512272e-06,22.07998046874991,-115.19998779296873,90.60488281249991,18.240014648437523,-46.56000366210935,24.006396484374818,34.07998046874991,67.67995605468741,267.9423828125,-71.04013671875009,57.59999999999991,13.164819335937409,-96.48000488281252,97.44001464843745,48.0126953125
1763686194.8423781,9,3,3,0.28916989876200505,-0.6870273042441398,-0.22596737315512072,-0.008510912447105242,0.003394722322551337,-0.0001431879656041725,26.88002929687491,-105.60001220703123,71.24477539062491,23.040002441406273,-44.16000976562498,16.262255859374818,34.07998046874991,62.88002929687491,236.966552734375,-56.63999023437509,57.59999999999991,13.164819335937409,-91.67998657226565,90.23994140624995,40.268798828125
1763686202.5361402,9,3,3,0.4493262041151893,-0.5699958851521902,-0.22460486935520985,-0.012038777706911655,-0.0013359154653704228,-0.0007176050303418931,2.880029296874909,-81.60001220703123,24.78090820312491,13.439996337890648,-29.76000061035154,-18.585644531250182,29.27993164062491,17.28005371093741,136.29443359375,-18.24008789062509,67.19985351562491,-2.323217773437591,-60.48000488281252,56.639965820312455,5.4208984375
1763686202.7380772,9,3,3,0.10802856128548638,-0.059979256198420386,-0.23675747010865422,-0.004119155055932334,0.003595182146278384,-0.000885562743025815,14.880029296874909,-93.60001220703123,44.14077148437491,25.439996337890648,-34.56000366210935,-10.841748046875182,31.67995605468741,36.48000488281241,178.886474609375,-35.04013671875009,62.40004882812491,9.292749023437409,-74.8799987792969,71.03999023437495,24.78076171875
1763686202.8456886,9,3,3,-0.3116161098746256,0.6651052793700438,-0.31083350153578454,0.009739572311017788,0.00988342762408739,0.00026124055587732576,19.67995605468741,-105.60001220703123,51.88491210937491,18.240014648437523,-41.76000061035154,0.7744628906248181,34.07998046874991,48.48000488281241,205.990478515625,-42.24008789062509,57.59999999999991,5.420800781249909,-84.48000488281252,80.63996582031245,32.52490234375
1763686202.9388092,9,3,3,-0.0020109005062900146,-0.00985081276729804,-0.5428205660376015,-0.0006275574933037709,0.006691297126697586,0.000268162867605076,22.07998046874991,-107.99997558593748,67.37294921874991,27.840020751953148,-44.16000976562498,12.390429687499818,31.67995605468741,60.48000488281241,233.094482421875,-49.44003906250009,59.99990234374991,13.164819335937409,-91.67998657226565,85.44001464843745,44.140869140625
1763686203.1400054,9,3,3,-0.06608252195775718,-0.010705996961682484,-0.69144816396141,-3.341776457694417e-05,0.00891948560350928,0.0003749510454249243,38.88002929687491,-112.79996337890623,78.98891601562491,32.6400085449219,-36.96001281738279,24.006396484374818,24.48000488281241,77.28005371093741,248.58251953125,-61.44003906250009,55.19985351562491,-2.323217773437591,-91.67998657226565,99.84003906249995,59.62890625
1763686203.343929,9,3,3,-0.0847903961449476,-0.07574928038043097,-0.7687909118650749,-0.00246423269367404,0.01120305553881475,3.0295652997140444e-05,53.27993164062491,-117.60001220703123,98.34877929687491,44.6400085449219,-41.76000061035154,43.36625976562482,26.87990722656241,103.67995605468741,295.04638671875,-75.83994140625009,55.19985351562491,-13.939184570312591,-103.67998657226565,111.84003906249995,86.73291015625
1763686203.4366415,9,3,3,-0.1451793250733265,-0.1106926572828389,-0.8975018610030232,-0.005004975461134373,0.014946106448885586,0.0002901729135715514,55.67995605468741,-127.19998779296873,106.09291992187491,47.04000244140627,-39.360006713867165,43.36625976562482,22.07998046874991,103.67995605468741,298.91845703125,-78.24008789062509,57.59999999999991,-6.195166015625091,-106.08001098632815,116.63996582031245,82.86083984375
1763686203.6382527,9,3,3,-0.25564676110061374,-0.008720172801161934,-1.1522530492016152,-0.001119034045118282,0.019749204869261475,0.000287045648424557,72.48000488281241,-139.19998779296873,137.0687499999999,61.44002685546877,-46.56000366210935,66.59843749999982,17.27993164062491,125.28005371093741,345.38232421875,-95.04013671875009,52.79995117187491,1.548852539062409,-120.48000488281252,131.03999023437495,106.0927734375
1763686203.9366481,9,3,3,-0.27859094297749976,0.009211633300270153,-1.5214460763627444,-0.0002811445206643156,0.023192363468765773,0.0001581400487045859,94.07998046874991,-172.79996337890623,168.0448242187499,75.84002075195315,-51.360006713867165,85.95854492187482,19.67995605468741,163.6799560546874,434.4384765625,-123.83994140625009,57.59999999999991,5.420800781249909,-149.28000793457034,162.23994140624995,144.812744140625
1763686204.045643,9,3,3,-0.3656563609973623,-0.04498054084946253,-1.5796550860618457,-0.002616940182023161,0.025871092855498903,0.0003675160883161448,98.88002929687491,-172.79996337890623,179.6607910156249,80.6400085449219,-63.360006713867165,89.83012695312482,22.07998046874991,180.4800048828124,457.67041015625,-133.4400390625001,57.59999999999991,5.420800781249909,-158.8799987792969,169.44001464843745,156.4287109375
1763686204.1356428,9,3,3,-0.2889304562778807,-0.0357986031930668,-1.6638690981316258,-0.002387938588828592,0.024180924048038212,-0.00021044089033504798,113.27993164062491,-203.99997558593748,202.8929687499999,85.44002685546877,-82.56000366210935,97.57426757812482,38.87990722656241,209.2799316406249,542.8544921875,-150.2400878906251,62.40004882812491,13.164819335937409,-182.8799987792969,188.63996582031245,179.660888671875
1763686204.2469354,9,3,3,-0.18237767894511314,0.049431917661249845,-2.009459998757108,0.0036672697109387063,0.017304766312384687,0.0004647961156613895,115.67995605468741,-211.19998779296873,214.5089355468749,85.44002685546877,-89.7600158691406,101.44633789062482,36.48000488281241,214.0799804687499,554.470458984375,-152.6399902343751,64.79995117187491,17.03676757812491,-187.6800018310547,193.44001464843745,175.788818359375
1763686204.6424284,9,3,3,-0.5657837131149106,0.05528134970800522,-2.4107063051617272,0.003579143840225105,0.03151390180822851,0.00024762945623364773,144.4800048828124,-263.9999755859375,280.3329101562499,104.6400085449219,-99.36000671386716,132.42241210937482,36.48000488281241,274.0799804687499,701.6064453125,-203.0401367187501,74.40004882812491,20.90883789062491,-226.08001098632815,251.03999023437495,229.996826171875
1763686204.7339761,9,3,3,-0.36085485581344845,0.20425689736342084,-2.7247137976560305,0.006929105578082333,0.02908147119216656,0.0002135346833622596,154.0799804687499,-290.4,303.5648437499999,111.84002075195315,-111.36000671386716,144.03813476562482,43.67995605468741,288.4801269531249,767.430419921875,-217.4400390625001,81.59999999999991,24.78078613281241,-250.08001098632815,270.23994140624995,245.48486328125
1763686204.9386969,9,3,3,-0.5686564163221425,0.16461211408809187,-3.039592162518793,0.007916870250922126,0.03750755732630506,0.00011186110599991327,185.2799316406249,-307.1999877929687,330.6688476562499,131.04000244140627,-111.36000671386716,163.39848632812482,38.87990722656241,326.8800292968749,802.278564453125,-231.8399414062501,83.99990234374991,24.78078613281241,-271.68000946044924,287.03999023437495,272.5888671875
1763686205.0469124,9,3,3,-0.5362882906029436,0.10706266695316932,-3.2606673705616647,0.0023908783368041617,0.034308892687960744,0.0005601812185979478,190.0799804687499,-328.8000244140625,361.6449218749999,135.84002075195315,-128.16000976562498,171.14213867187482,41.27993164062491,346.0799804687499,883.59033203125,-253.4400390625001,86.40004882812491,32.52480468749991,-288.4800048828125,313.44001464843745,299.69287109375
1763686205.0741985,9,3,3,-0.5490244257536545,0.11094149497684827,-3.324397930515321,0.003227768301548894,0.03489715887265345,0.00022820438795609268,0,0,0,0,0,0,0,0,0,0,0,0,0,0,0
1763686205.1682143,9,3,3,-0.6237481632836814,0.19408526433466028,-3.421617741546442,0.008696889792095314,0.03832109233410465,-2.330493211083213e-05,202.0799804687499,-345.6000122070312,377.1329589843749,143.04000244140627,-128.16000976562498,186.63041992187482,36.48000488281241,362.8800292968749,926.182373046875,-267.8399414062501,88.79995117187491,28.65285644531241,-305.28000793457034,335.03999023437495,311.308837890625
1763686205.2778409,9,3,3,-0.7125079497788425,0.21332270905932835,-3.7184881250927657,0.010727068655647279,0.043569876247037786,0.00027039120565906447,214.0799804687499,-359.9999755859375,392.6207519531249,152.6400085449219,-137.7600158691406,186.63041992187482,43.67995605468741,396.4801269531249,972.646484375,-279.8399414062501,95.99990234374991,20.90883789062491,-324.4800086975098,339.84003906249995,326.796875
1763686205.3696516,9,3,3,-0.6570688762436523,0.13132003982170543,-4.02325573877417,0.005481830049563501,0.040267694932284506,0.0006138603980535926,216.4800048828124,-357.6000122070312,388.7489257812499,155.0400329589844,-137.7600158691406,178.88627929687482,41.27993164062491,396.4801269531249,961.030517578125,-270.2400878906251,98.40004882812491,24.78078613281241,-319.68000946044924,342.24006347656245,326.796875
1763686205.449216,9,3,3,-0.48040321957986243,0.13958691896907843,-3.963649534515257,0.0033066341270778267,0.03235281148507945,0.0003876510259890405,211.6799560546874,-367.1999877929687,388.7489257812499,150.24001464843752,-140.16000976562498,190.50249023437482,43.67995605468741,394.0799804687499,980.390380859375,-277.4400390625001,95.99990234374991,28.65285644531241,-322.0800071716309,349.44001464843745,322.9248046875
1763686205.6393304,9,3,3,-0.5151613160071215,0.11992952518932515,-3.7726834741253263,0.005029290120676092,0.03429723877499904,0.00046574594338867235,218.8800292968749,-362.4,381.0047851562499,155.0400329589844,-140.16000976562498,178.88627929687482,53.27993164062491,394.0799804687499,976.5185546875,-272.6399902343751,95.99990234374991,28.65285644531241,-324.4800086975098,344.63996582031245,334.540771484375
1763686205.932919,9,3,3,-0.5158336713608402,0.14873127109254575,-3.5264924567825204,0.007506141003470049,0.03372238654967583,-0.00029814273896160495,218.8800292968749,-364.8000244140625,384.8768554687499,155.0400329589844,-142.56001129150388,178.88627929687482,55.67995605468741,398.8800292968749,980.390380859375,-275.0401367187501,98.40004882812491,28.65285644531241,-324.4800086975098,342.24006347656245,322.9248046875
1763686206.1354716,9,3,3,-0.402975666021001,0.19722076350657347,-3.6997030191380755,0.006265946006658243,0.027815750974013894,0.0008011049114349377,214.0799804687499,-367.1999877929687,381.0047851562499,150.24001464843752,-144.9600128173828,175.01420898437482,58.07998046874991,396.4801269531249,972.646484375,-272.6399902343751,100.79995117187491,32.52480468749991,-326.8800102233887,337.44001464843745,326.796875
1763686206.4375153,9,3,3,-0.44074661340177457,0.37526641494258883,-3.4871313625459432,0.017979904110973485,0.0295502542601149,5.317959986528677e-05,204.4800048828124,-367.1999877929687,388.7489257812499,145.44002685546877,-149.76000823974607,171.14213867187482,62.87990722656241,386.8800292968749,984.262451171875,-275.0401367187501,103.19985351562491,44.14077148437491,-322.0800071716309,342.24006347656245,311.308837890625
1763686206.6363597,9,3,3,-0.39697018535686734,0.30179607986490775,-3.3693156708785583,0.013577190142192155,0.027911911482868583,8.187623614697376e-05,197.2799316406249,-371.9999755859375,392.6207519531249,140.6400085449219,-154.56001129150388,175.01420898437482,67.67995605468741,382.0799804687499,995.87841796875,-275.0401367187501,103.19985351562491,51.88479003906241,-322.0800071716309,342.24006347656245,315.180908203125
1763686206.8405576,9,3,3,-0.39812975165398234,0.3169783296679649,-3.518107608542339,0.014008673148930086,0.02678158312940261,0.0003417603132001147,197.2799316406249,-362.4,381.0047851562499,138.24001464843752,-161.76000823974607,171.14213867187482,67.67995605468741,379.6800781249999,980.390380859375,-275.0401367187501,105.59999999999991,44.14077148437491,-322.0800071716309,337.44001464843745,311.308837890625
1763686206.9620945,9,3,3,-0.3023378482704344,0.28495054872793757,-3.3335803475013464,0.01384727961270865,0.022801551876666652,0.0001738333379666878,194.8800292968749,-367.1999877929687,377.1329589843749,138.24001464843752,-156.9600128173828,175.01420898437482,65.27993164062491,377.2799316406249,980.390380859375,-270.2400878906251,103.19985351562491,44.14077148437491,-319.68000946044924,339.84003906249995,307.436767578125
1763686207.0704682,9,3,3,-0.3648503287991812,0.3266168513857699,-3.3797383334759115,0.014655560434606578,0.024182093545551557,0.00015786330055413567,192.4800048828124,-369.6000122070312,377.1329589843749,131.04000244140627,-156.9600128173828,171.14213867187482,74.87990722656241,372.4801269531249,984.262451171875,-265.4400390625001,100.79995117187491,48.01284179687491,-322.0800071716309,339.84003906249995,299.69287109375
1763686207.1636758,9,3,3,-0.35130498158119233,0.38047471726998794,-3.234718488292141,0.017816234938380787,0.024873485995907135,6.246397366980886e-05,0,0,0,0,0,0,0,0,0,0,0,0,0,0,0
1763686207.3372388,9,3,3,-0.29445441018333973,0.29724368705779486,-3.330849986044726,0.01431037320053583,0.02104841973363995,0.0005662302617501435,190.0799804687499,-367.1999877929687,377.1329589843749,131.04000244140627,-159.3600143432617,159.52641601562482,79.67995605468741,367.6800781249999,968.7744140625,-263.0401367187501,105.59999999999991,55.75673828124991,-314.88000640869143,332.63996582031245,299.69287109375
1763686207.446517,9,3,3,-0.2685582746622566,0.40634731188417744,-3.3142286410383903,0.01907817661798253,0.02059884911707519,0.0008177235165412471,0,0,0,0,0,0,0,0,0,0,0,0,0,0,0
1763686207.5395076,9,3,3,-0.25861557756556625,0.35322317055548674,-3.10420075047215,0.016496793399703388,0.020617814119480292,-0.0004430102201674188,192.4800048828124,-362.4,373.2608886718749,135.84002075195315,-161.76000823974607,159.52641601562482,74.87990722656241,370.0799804687499,961.030517578125,-260.6399902343751,107.99990234374991,48.01284179687491,-312.4800048828125,327.84003906249995,295.82080078125
1763686207.648746,9,3,3,-0.18374751924943916,0.34198023579771986,-3.17665475037227,0.015252574964884164,0.0176019051109204,-0.0001616920401265715,197.2799316406249,-362.4,377.1329589843749,131.04000244140627,-159.3600143432617,167.27055664062482,72.48000488281241,367.6800781249999,972.646484375,-267.8399414062501,110.40004882812491,48.01284179687491,-312.4800048828125,337.44001464843745,295.82080078125
1763686207.836365,9,3,3,-0.39544685746661906,0.38698059622999126,-3.2432043509744437,0.0198501947423349,0.02660123882469895,-0.0003225349122413755,187.6799560546874,-367.1999877929687,377.1329589843749,128.6400085449219,-161.76000823974607,163.39848632812482,74.87990722656241,362.8800292968749,980.390380859375,-267.8399414062501,100.79995117187491,51.88479003906241,-314.88000640869143,335.03999023437495,303.564697265625
1763686207.9440117,9,3,3,-0.32143970235421904,0.3680664645855706,-3.238095153330576,0.016883136376595907,0.0237639564261253,-0.00017668568407282854,192.4800048828124,-364.8000244140625,377.1329589843749,133.44002685546877,-156.9600128173828,159.52641601562482,70.07998046874991,362.8800292968749,980.390380859375,-265.4400390625001,105.59999999999991,51.88479003906241,-314.88000640869143,332.63996582031245,299.69287109375
1763686208.0399935,9,3,3,-0.36920735356669004,0.3092134674846472,-3.241354516567969,0.015567450596678384,0.02387806883475248,0.0002909498931620469,185.2799316406249,-359.9999755859375,373.2608886718749,126.24001464843752,-154.56001129150388,167.27055664062482,70.07998046874991,350.8800292968749,964.90234375,-267.8399414062501,103.19985351562491,48.01284179687491,-307.68000946044924,335.03999023437495,299.69287109375
1763686208.1454616,9,3,3,-0.42122886979930835,0.31445215405972343,-3.125703849436964,0.015427707365267095,0.027803598610770877,1.9618538149770732e-05,175.6799560546874,-352.8000244140625,357.7728515624999,121.44002685546877,-152.16000976562498,159.52641601562482,65.27993164062491,348.4801269531249,937.79833984375,-260.6399902343751,103.19985351562491,48.01284179687491,-300.4800048828125,320.63996582031245,284.204833984375
1763686208.3548517,9,3,3,-0.1996442250100266,0.3332928794296959,-2.6847854303179197,0.015524927539737964,0.014896620336513308,9.363357271424178e-05,161.2799316406249,-331.1999877929687,334.5409179687499,116.6400085449219,-154.56001129150388,147.91020507812482,70.07998046874991,314.8800292968749,864.23046875,-231.8399414062501,100.79995117187491,55.75673828124991,-276.4800048828125,299.03999023437495,260.972900390625
1763686208.4409971,9,3,3,-0.12724850424784342,0.32863352096923526,-2.4392440864060054,0.014730024786855579,0.015130363658884555,0.00017793767228116994,154.0799804687499,-314.4,319.0528808593749,107.04000244140627,-140.16000976562498,144.03813476562482,62.87990722656241,298.0799804687499,833.25439453125,-222.2400878906251,98.40004882812491,48.01284179687491,-271.68000946044924,289.44001464843745,249.356689453125
1763686208.7380927,9,3,3,-0.13718683398328382,0.19988324389492082,-1.651217790606746,0.00888106866612176,0.013559885078513256,-0.0003369309683139497,132.4800048828124,-261.6000122070312,272.5887695312499,95.04000244140627,-116.16000976562498,113.06254882812482,53.27993164062491,262.0799804687499,689.990478515625,-179.0401367187501,83.99990234374991,40.26882324218741,-226.08001098632815,229.44001464843745,218.380859375
1763686208.7955437,9,3,3,-0.14837064117425625,0.18623423249149246,-1.8173960314411668,0.009221175186742942,0.0135527318187095,-0.0003935472068540921,127.67995605468741,-254.39999999999998,253.2289062499999,97.44002685546877,-116.16000976562498,116.93413085937482,53.27993164062491,254.8800292968749,655.142333984375,-179.0401367187501,79.19985351562491,32.52480468749991,-216.48000488281252,229.44001464843745,206.764892578125
1763686208.8886063,9,3,3,0.08241421488842679,-0.10037799283669283,-1.4319502037931997,0.0015292018389258218,0.009947569155150684,-0.00018816711554909833,118.07998046874991,-230.39999999999998,226.1249023437499,90.24001464843752,-106.56000366210935,93.70219726562482,55.67995605468741,230.8800292968749,597.0625,-157.4400390625001,71.99990234374991,32.52480468749991,-202.08001098632815,203.03999023437495,199.020751953125
1763686208.9982233,9,3,3,0.11243226318239286,0.1337036734495868,-1.2427320892296976,0.002999044717941899,0.009032207728636506,-0.00029145447617110577,113.27993164062491,-208.79996337890623,202.8929687499999,80.6400085449219,-99.36000671386716,85.95854492187482,48.48000488281241,199.6800781249999,535.1103515625,-143.0401367187501,71.99990234374991,28.65285644531241,-180.48000488281252,186.23994140624995,168.044921875
1763686209.1419997,9,3,3,-0.05373142684542584,-0.03369553458330679,-0.892768606895605,0.004417562611077982,0.008498130914089864,8.9803783187475e-05,96.48000488281241,-191.99997558593748,171.9168945312499,80.6400085449219,-92.16000976562498,74.34233398437482,50.87990722656241,190.0799804687499,484.7744140625,-121.44003906250009,71.99990234374991,28.65285644531241,-166.07999572753909,171.84003906249995,152.556884765625
1763686209.2355359,9,3,3,-0.2740098405398778,0.24975417232591288,-0.7331403527720882,0.0034195849335938357,0.0052829964252239636,0.00011803822672863391,74.88002929687491,-179.99997558593748,164.1727539062499,61.44002685546877,-89.7600158691406,70.47026367187482,48.48000488281241,163.6799560546874,457.67041015625,-114.24008789062509,64.79995117187491,24.78078613281241,-151.6800018310547,159.84003906249995,137.06884765625
1763686209.3473687,9,3,3,0.5025800201909888,-0.3095984707899751,-0.6867641258130428,0.0006887859457336794,0.0005473913960558803,-0.0002243664251601659,77.27993164062491,-170.39999999999998,144.8128906249999,54.24001464843752,-80.16000976562498,54.98247070312482,46.07998046874991,142.0799804687499,407.33447265625,-102.24008789062509,62.40004882812491,24.78078613281241,-142.07999572753909,143.03999023437495,113.8369140625
1763686209.4397938,9,3,3,-0.10204235609031562,0.19286982457811522,-0.4157483364724418,0.004756516376845911,0.004807732677298188,0.0001630341862406652,72.48000488281241,-160.79996337890623,137.0687499999999,61.44002685546877,-75.36000671386716,39.49443359374982,38.87990722656241,137.2800537109374,387.974365234375,-97.44003906250009,57.59999999999991,17.03676757812491,-134.8799987792969,133.44001464843745,109.96484375
1763686209.4835322,9,3,3,0.09283142824148301,0.0545964631777974,-0.460168252912276,0.0038020731264713304,0.0043608138130198084,-0.00031510646849687335,82.07998046874991,-148.79996337890623,133.1969238281249,61.44002685546877,-70.56000366210935,47.23833007812482,38.87990722656241,146.8800292968749,360.870361328125,-95.04013671875009,57.59999999999991,9.292749023437409,-132.48000488281252,128.63996582031245,109.96484375
1763686209.5911741,9,3,3,0.09252331321899981,0.05226559047030001,-0.32266000299143344,-0.0011747290234441923,-0.00019272814950803435,-0.000523090585240801,74.88002929687491,-143.99997558593748,121.58095703124991,61.44002685546877,-68.16000976562498,35.62236328124982,41.27993164062491,132.4800048828124,341.510498046875,-85.44003906250009,62.40004882812491,13.164819335937409,-122.8799987792969,123.84003906249995,98.348876953125
1763686209.8589208,9,3,3,0.07087794311196717,-0.11373328750244353,-0.23389054878051785,-0.0038653575324948852,0.0027974943160828003,-0.00017504113619403047,58.07998046874991,-124.79996337890623,98.34877929687491,47.04000244140627,-51.360006713867165,39.49443359374982,31.67995605468741,110.88002929687491,283.430419921875,-71.04013671875009,52.79995117187491,9.292749023437409,-106.08001098632815,102.23994140624995,82.86083984375
1763686217.934958,9,3,3,0.08525674959404755,-0.03550936433850366,-0.21327632001428043,-0.002552724275618227,0.0030567722454172097,-0.00024701770855068593,14.880029296874909,-95.99997558593748,44.14077148437491,13.439996337890648,-36.96001281738279,-3.097607421875182,34.07998046874991,31.67995605468741,182.758544921875,-35.04013671875009,55.19985351562491,5.420800781249909,-79.67998657226565,71.03999023437495,24.78076171875
1763686218.0427032,9,3,3,0.023430954191778805,-0.06616677574071886,-0.3770801669033944,-0.0010414689535761675,0.00687434943768204,1.7682149770254288e-05,17.27993164062491,-103.19998779296873,55.75673828124991,15.840020751953148,-44.16000976562498,-6.969677734375182,34.07998046874991,50.88002929687491,205.990478515625,-37.44003906250009,59.99990234374991,13.164819335937409,-74.8799987792969,73.44001464843745,32.52490234375
1763686218.2492878,9,3,3,0.053895662002084066,0.009306389691550584,-0.5047866253005404,0.0005446614398184115,0.005306784430160244,-0.0006536081251410171,38.88002929687491,-117.60001220703123,86.73281249999991,27.840020751953148,-44.16000976562498,20.134326171874818,34.07998046874991,77.28005371093741,256.326416015625,-61.44003906250009,57.59999999999991,1.548852539062409,-98.8799987792969,99.84003906249995,55.7568359375
1763686218.3411212,9,3,3,-0.030808689903591542,-0.024106611552410128,-0.7618243411209309,-0.0005124940881568183,0.009359510901284342,-0.0001984737811840439,38.88002929687491,-117.60001220703123,94.47695312499991,32.6400085449219,-41.76000061035154,24.006396484374818,29.27993164062491,77.28005371093741,267.9423828125,-63.83994140625009,57.59999999999991,9.292749023437409,-96.48000488281252,102.23994140624995,63.500732421875
1763686218.3841798,9,3,3,0.004621590678074699,0.004617901775715905,-0.5945760801641607,-0.00039441342848636415,0.009165717460123658,-0.0003755206064908921,38.88002929687491,-122.39999999999998,94.47695312499991,32.6400085449219,-48.96001281738279,35.62236328124982,29.27993164062491,82.07998046874991,283.430419921875,-66.24008789062509,57.59999999999991,5.420800781249909,-98.8799987792969,107.03999023437495,67.372802734375
1763686218.4750922,9,3,3,-0.08082544334224255,-0.007412280991840994,-0.7748841203098311,0.0009485054511961936,0.012232004343206392,0.0005845113287822797,43.67995605468741,-136.79996337890623,113.83681640624991,39.84002075195315,-53.76000061035154,47.23833007812482,29.27993164062491,96.48000488281241,314.406494140625,-78.24008789062509,57.59999999999991,17.03676757812491,-113.27999267578127,119.03999023437495,78.98876953125
1763686218.573987,9,3,3,-0.1334347099548586,0.08289923414957039,-1.000054618495403,0.0036031679399886824,0.0141841362954688,0.0004302809266261687,53.27993164062491,-143.99997558593748,117.70888671874991,39.84002075195315,-63.360006713867165,47.23833007812482,34.07998046874991,110.88002929687491,349.25439453125,-90.24008789062509,55.19985351562491,13.164819335937409,-122.8799987792969,131.03999023437495,94.476806640625
1763686218.7488344,9,3,3,-0.19019065591322593,0.05521576614494061,-0.9544219630213355,0.0023302175546428576,0.017481324286511533,-0.00025914595604109895,0,0,0,0,0,0,0,0,0,0,0,0,0,0,0
1763686218.8519247,9,3,3,-0.1789457568473678,0.12894638846054626,-1.2966943046286816,0.005856494482023373,0.01850247169700612,0.00033132577123543905,65.27993164062491,-163.19998779296873,156.4288574218749,49.44002685546877,-68.16000976562498,66.59843749999982,36.48000488281241,137.2800537109374,415.078369140625,-114.24008789062509,59.99990234374991,20.90883789062491,-137.28000793457034,152.63996582031245,113.8369140625
1763686218.949984,9,3,3,-0.15392432817583274,0.1453883988440403,-1.3973851336294199,0.006140926195963346,0.01799280654074365,0.0005294521020056248,77.27993164062491,-170.39999999999998,168.0448242187499,61.44002685546877,-65.76000061035154,74.34233398437482,31.67995605468741,146.8800292968749,449.926513671875,-126.24008789062509,57.59999999999991,24.78078613281241,-144.48000488281252,162.23994140624995,125.452880859375
1763686219.0442975,9,3,3,-0.29098652592737617,0.1160883884726914,-1.3828130923120465,0.005319767549134307,0.023762458292676657,-1.1602186766834516e-05,0,0,0,0,0,0,0,0,0,0,0,0,0,0,0
1763686219.4493108,9,3,3,-0.47824454626943835,0.22243303370456638,-2.207460887399794,0.010195543270759298,0.033573363053276975,0.00017807753808851516,125.27993164062491,-242.39999999999998,260.9728027343749,85.44002685546877,-94.56000366210935,120.80620117187482,38.87990722656241,230.8800292968749,643.5263671875,-188.6399902343751,76.79995117187491,28.65285644531241,-204.48000488281252,231.84003906249995,199.020751953125
1763686219.8400967,9,3,3,-0.51681185135685,0.3095869511487425,-2.8163049641306146,0.013397300107248286,0.034059044295241925,4.542291327766729e-05,154.0799804687499,-290.4,322.9249511718749,109.44002685546877,-116.16000976562498,155.65434570312482,38.87990722656241,286.0799804687499,794.534423828125,-229.4400390625001,79.19985351562491,32.52480468749991,-254.88000640869143,284.63996582031245,245.48486328125
1763686220.0440462,9,3,3,-0.567212006262716,0.2827360517803237,-3.3278253176093187,0.01213804067870776,0.03863152851650246,1.7209762602550353e-05,163.6799560546874,-338.4,365.5167480468749,107.04000244140627,-128.16000976562498,182.75834960937482,38.87990722656241,310.0799804687499,918.4384765625,-267.8399414062501,88.79995117187491,48.01284179687491,-283.68000946044924,325.44001464843745,272.5888671875
1763686220.1506374,9,3,3,-0.7295713376381625,0.3120438671121557,-3.536298404636428,0.020415605830570043,0.04977925570752468,-2.0294274818893464e-05,187.6799560546874,-347.9999755859375,377.1329589843749,128.6400085449219,-135.36000671386716,178.88627929687482,46.07998046874991,350.8800292968749,945.54248046875,-265.4400390625001,91.19985351562491,40.26882324218741,-302.88000640869143,332.63996582031245,295.82080078125
1763686220.2431335,9,3,3,-0.6844227775395852,0.30766678819026794,-3.75427689195968,0.013569109485689668,0.037726836726888875,0.0008075605269211011,0,0,0,0,0,0,0,0,0,0,0,0,0,0,0
1763686220.3364189,9,3,3,-0.6843054525610931,0.28126834505105414,-4.049628618443906,0.013833838276650174,0.04819037238498882,0.00047331124131545126,202.0799804687499,-386.4,415.8529296874999,135.84002075195315,-144.9600128173828,190.50249023437482,50.87990722656241,382.0799804687499,1046.21435546875,-294.2400878906251,100.79995117187491,48.01284179687491,-331.68000946044924,363.84003906249995,322.9248046875
1763686220.5381696,9,3,3,-1.0602489184127548,0.472723068701819,-4.727759237233836,0.019756264827541368,0.05814595073273521,0.000635302331170616,235.6799560546874,-439.1999877929687,485.5487304687499,159.84002075195315,-161.76000823974607,233.09428710937482,50.87990722656241,444.4801269531249,1197.222412109375,-337.4400390625001,110.40004882812491,40.26882324218741,-382.08001098632815,423.84003906249995,369.388916015625
1763686220.646006,9,3,3,-0.8153010326438432,0.2371304936086627,-5.098593419031301,0.011295891013536792,0.05037125076767858,0.001187136795026765,250.0799804687499,-458.4,493.2928710937499,167.0400329589844,-164.16000976562498,229.22221679687482,50.87990722656241,475.6800781249999,1243.6865234375,-359.0401367187501,117.59999999999991,44.14077148437491,-403.6800113677979,447.84003906249995,388.748779296875
1763686220.7415643,9,3,3,-0.863378646494048,0.21954815059519067,-5.281821314908906,0.013191703105112949,0.058200753065200755,0.0007426076047147212,266.8800292968749,-494.4,524.2689453124999,176.6400085449219,-171.3600143432617,244.71049804687482,55.67995605468741,504.4801269531249,1324.998291015625,-380.6399902343751,127.19985351562491,44.14077148437491,-430.08001098632815,476.63996582031245,411.980712890625
1763686220.8359003,9,3,3,-1.171061400782752,0.4627270181139267,-5.748029865848507,0.01535591188408049,0.05721528934861649,0.001425617699200351,283.6799560546874,-518.4,562.9889160156249,181.43999633789065,-180.9600128173828,267.9424316406248,48.48000488281241,528.4801269531249,1406.310302734375,-392.6399902343751,129.5999999999999,44.14077148437491,-449.28001556396487,500.63996582031245,431.3408203125
1763686220.9469898,9,3,3,-1.1755961319720747,0.3681553255221613,-6.323787818008691,0.01748746906013287,0.06950697269429629,0.0013185135756242274,0,0,0,0,0,0,0,0,0,0,0,0,0,0,0
1763686220.9910328,9,3,3,-1.1128085901490297,0.3185670297685775,-6.27231482616387,0.018275024388669268,0.06928161967505196,0.0009533984240578074,305.2799316406249,-564.0000061035156,593.9647460937499,200.6400085449219,-195.3600143432617,279.5581542968748,53.27993164062491,586.0799804687499,1503.110595703125,-416.6399902343751,146.4000488281249,44.14077148437491,-494.88001403808596,546.2400634765625,462.31689453125
1763686221.0996947,9,3,3,-1.0788954776493387,0.27918983299726685,-6.551404516299331,0.009415128279504893,0.0606619954570213,0.0018327051532992895,317.2799316406249,-602.4,632.6849609374999,207.84002075195315,-204.9600128173828,287.3022949218748,55.67995605468741,612.4801269531249,1599.910400390625,-438.2400878906251,158.4000488281249,55.75673828124991,-523.6800170898438,579.8400390625,477.804931640625
1763686221.19232,9,3,3,-1.1480828259391496,0.43104848815896546,-6.915963569445422,0.015852585884029977,0.06560160035377224,0.0014841976248049617,317.2799316406249,-609.6000122070312,636.5567871093749,203.0400329589844,-207.3600143432617,295.0464355468748,55.67995605468741,605.2799316406249,1619.270263671875,-438.2400878906251,158.4000488281249,55.75673828124991,-526.0800109863281,587.039990234375,477.804931640625
1763686221.348716,9,3,3,-1.2316860783936505,0.40397301731839447,-6.968913957213285,0.014919348952273518,0.06798662050155704,0.0017772972486925758,322.0799804687499,-609.6000122070312,632.6849609374999,205.43999633789065,-207.3600143432617,287.3022949218748,62.87990722656241,622.0799804687499,1615.398681640625,-435.8399414062501,163.1998535156249,55.75673828124991,-528.4800201416016,589.4400146484375,481.6767578125
1763686221.3932722,9,3,3,-1.233420525781121,0.3846736316686573,-7.018651205808826,0.015084120237987627,0.06800168750378614,0.0018401414839870492,0,0,0,0,0,0,0,0,0,0,0,0,0,0,0
1763686221.5410302,9,3,3,-1.21967998590591,0.43791925347254906,-6.7214890736040385,0.018269358503050028,0.0687189787770322,0.0010956171105982997,312.4800048828124,-616.8000244140625,648.1727539062499,205.43999633789065,-207.3600143432617,291.1743652343748,60.48000488281241,614.8800292968749,1630.886474609375,-443.0401367187501,163.1998535156249,55.75673828124991,-533.2800231933594,589.4400146484375,481.6767578125
1763686221.6478717,9,3,3,-1.1797656978256286,0.4444492347346538,-6.657453240825736,0.01736608160733962,0.06649037129817363,0.0013478033452859473,319.6799560546874,-607.2000183105469,636.5567871093749,203.0400329589844,-207.3600143432617,287.3022949218748,55.67995605468741,610.0799804687499,1611.526611328125,-440.6399902343751,158.4000488281249,55.75673828124991,-526.0800109863281,589.4400146484375,477.804931640625
1763686221.7058632,9,3,3,-1.1802391454969468,0.4515535794953471,-6.775900718927017,0.017382741293186357,0.06722785795465766,0.00138328885890377,317.2799316406249,-607.2000183105469,632.6849609374999,203.0400329589844,-202.56001129150388,287.3022949218748,50.87990722656241,610.0799804687499,1607.654541015625,-443.0401367187501,160.7999511718749,55.75673828124991,-528.4800201416016,584.6399658203125,485.548828125
1763686221.849767,9,3,3,-1.1922063185271061,0.39930058415883346,-6.629795034928393,0.015812319596203453,0.06761860428250964,0.001042450206812381,0,0,0,0,0,0,0,0,0,0,0,0,0,0,0
1763686221.944938,9,3,3,-1.2317429446300736,0.4025316098645767,-6.446186701541048,0.015217251743524802,0.06815395199008091,0.0012618518935417315,317.2799316406249,-607.2000183105469,636.5567871093749,207.84002075195315,-202.56001129150388,279.5581542968748,50.87990722656241,610.0799804687499,1599.910400390625,-440.6399902343751,160.7999511718749,59.62880859374991,-526.0800109863281,584.6399658203125,485.548828125
1763686222.0020068,9,3,3,-1.195272482421255,0.37187568040917734,-6.383015597687733,0.014489944784791875,0.06793474335062173,0.001283685551581544,319.6799560546874,-604.8000244140625,636.5567871093749,203.0400329589844,-200.16000976562498,287.3022949218748,48.48000488281241,612.4801269531249,1596.038330078125,-438.2400878906251,160.7999511718749,48.01284179687491,-521.2800231933594,589.4400146484375,481.6767578125
1763686222.0962348,9,3,3,-1.2163066076891074,0.33839625011593677,-6.38618072637145,0.013206201763160966,0.06754204392337426,0.001123549453253739,317.2799316406249,-602.4,632.6849609374999,205.43999633789065,-197.7600158691406,287.3022949218748,43.67995605468741,607.6800781249999,1592.166259765625,-443.0401367187501,163.1998535156249,51.88479003906241,-521.2800231933594,582.2400634765625,485.548828125
1763686222.1901479,9,3,3,-1.2373790901921544,0.3315323354217968,-6.305604386869758,0.01216368127445131,0.06790278811584213,0.0012267563175515995,322.0799804687499,-604.8000244140625,644.3009277343749,207.84002075195315,-202.56001129150388,287.3022949218748,46.07998046874991,602.8800292968749,1592.166259765625,-443.0401367187501,155.9999023437499,51.88479003906241,-523.6800170898438,591.8400390625,481.6767578125
1763686222.348283,9,3,3,-1.1619813625842226,0.3330656461425533,-6.355603139631045,0.012700346982540026,0.06584760048136111,0.0015229676254184046,317.2799316406249,-602.4,636.5567871093749,205.43999633789065,-200.16000976562498,283.4302246093748,43.67995605468741,610.0799804687499,1592.166259765625,-440.6399902343751,160.7999511718749,51.88479003906241,-530.880014038086,587.039990234375,485.548828125
1763686222.392064,9,3,3,-1.1713665624392138,0.3469325344490555,-6.354573901041708,0.012976974348079396,0.06621105561781092,0.0015234575735412247,317.2799316406249,-602.4,632.6849609374999,210.24004516601565,-200.16000976562498,283.4302246093748,48.48000488281241,607.6800781249999,1592.166259765625,-438.2400878906251,160.7999511718749,48.01284179687491,-528.4800201416016,584.6399658203125,481.6767578125
1763686222.4862535,9,3,3,-1.1946160917129154,0.3315949898374163,-6.221131160517036,0.012379653039064095,0.06632925264168679,0.0013354694766942185,317.2799316406249,-607.2000183105469,644.3009277343749,205.43999633789065,-197.7600158691406,283.4302246093748,43.67995605468741,607.6800781249999,1592.166259765625,-440.6399902343751,160.7999511718749,51.88479003906241,-521.2800231933594,582.2400634765625,477.804931640625
1763686222.6456852,9,3,3,-1.1473987315286065,0.38462199191792135,-6.318068397163456,0.013807755662118365,0.06536033327563723,0.0014583150548913909,317.2799316406249,-600.0000061035156,636.5567871093749,203.0400329589844,-192.9600128173828,287.3022949218748,46.07998046874991,607.6800781249999,1592.166259765625,-443.0401367187501,163.1998535156249,51.88479003906241,-521.2800231933594,582.2400634765625,481.6767578125
1763686222.6731858,9,3,3,-1.1447461242608394,0.3674402543899753,-6.268706445143788,0.013178156344149638,0.06449936004165954,0.0010835899677340043,319.6799560546874,-600.0000061035156,636.5567871093749,207.84002075195315,-200.16000976562498,279.5581542968748,48.48000488281241,607.6800781249999,1584.422607421875,-443.0401367187501,163.1998535156249,48.01284179687491,-521.2800231933594,584.6399658203125,485.548828125
1763686222.7645788,9,3,3,-1.177232855168596,0.32304682502095694,-6.1373731159387654,0.012340711750087701,0.06581660909005067,0.0012875796263658616,319.6799560546874,-607.2000183105469,636.5567871093749,207.84002075195315,-197.7600158691406,283.4302246093748,46.07998046874991,610.0799804687499,1592.166259765625,-438.2400878906251,158.4000488281249,51.88479003906241,-523.6800170898438,582.2400634765625,485.548828125
1763686222.858706,9,3,3,-1.1277867997775641,0.34621038156362743,-6.203343479545374,0.013032765105297009,0.06473239743031557,0.0014208567775764935,319.6799560546874,-607.2000183105469,636.5567871093749,205.43999633789065,-204.9600128173828,283.4302246093748,48.48000488281241,610.0799804687499,1596.038330078125,-440.6399902343751,160.7999511718749,48.01284179687491,-526.0800109863281,584.6399658203125,485.548828125
1763686222.9542596,9,3,3,-1.1367469662121963,0.3900562918984877,-6.083057910409984,0.013580559044757686,0.0649231869440919,0.0009933644209035569,319.6799560546874,-602.4,632.6849609374999,207.84002075195315,-200.16000976562498,283.4302246093748,46.07998046874991,612.4801269531249,1592.166259765625,-443.0401367187501,158.4000488281249,51.88479003906241,-526.0800109863281,582.2400634765625,485.548828125
1763686223.0528226,9,3,3,-1.1525380923453001,0.37004858281020325,-6.13485071245154,0.013064678954456009,0.06504803395468985,0.0010526625956608325,317.2799316406249,-607.2000183105469,632.6849609374999,203.0400329589844,-202.56001129150388,287.3022949218748,48.48000488281241,610.0799804687499,1603.782470703125,-438.2400878906251,165.5999999999999,48.01284179687491,-523.6800170898438,589.4400146484375,481.6767578125
1763686223.1564252,9,3,3,-1.121788349794805,0.36554892780964365,-6.216301383441139,0.013867501747635229,0.0637529661921124,0.0014179265710521317,317.2799316406249,-604.8000244140625,632.6849609374999,203.0400329589844,-202.56001129150388,287.3022949218748,48.48000488281241,605.2799316406249,1596.038330078125,-440.6399902343751,163.1998535156249,55.75673828124991,-521.2800231933594,584.6399658203125,481.6767578125
1763686223.349209,9,3,3,-1.0759849849039684,0.36149555325941923,-6.161183741410093,0.015211841791402041,0.062265368746952314,0.0013650854485579046,322.0799804687499,-604.8000244140625,636.5567871093749,200.6400085449219,-202.56001129150388,283.4302246093748,50.87990722656241,607.6800781249999,1599.910400390625,-438.2400878906251,163.1998535156249,51.88479003906241,-523.6800170898438,582.2400634765625,481.6767578125
1763686223.5484693,9,3,3,-1.1232668119611275,0.377956868132043,-6.137984218901716,0.016346357714447694,0.0625067656029888,0.001142649821464001,317.2799316406249,-614.4,636.5567871093749,205.43999633789065,-209.76001205444334,287.3022949218748,60.48000488281241,612.4801269531249,1619.270263671875,-445.4400390625001,163.1998535156249,59.62880859374991,-530.880014038086,589.4400146484375,481.6767578125
1763686223.9383461,9,3,3,-1.047951409459574,0.4057734854206261,-5.830834376797993,0.017555383732423713,0.05881359996795639,0.0014885239367784372,310.0799804687499,-595.2000183105469,624.9408203124999,200.6400085449219,-202.56001129150388,283.4302246093748,53.27993164062491,588.4801269531249,1565.062255859375,-431.0401367187501,158.4000488281249,48.01284179687491,-514.0800109863281,572.6399658203125,473.932861328125
1763686224.1388788,9,3,3,-0.9010915739896297,0.41560362671291745,-5.177545777058315,0.016549411886827785,0.05200032644731444,0.000697947592582104,290.8800292968749,-561.6000122070312,582.3487792968749,186.24004516601565,-195.3600143432617,264.0703613281248,55.67995605468741,554.8800292968749,1479.878662109375,-407.0401367187501,148.7999511718749,59.62880859374991,-482.88001403808596,534.2400634765625,446.828857421875
1763686224.3432982,9,3,3,-0.6677578520596007,0.4082650205747191,-4.418516423517302,0.01731650976257603,0.04308026493520921,0.000109827170798897,0,0,0,0,0,0,0,0,0,0,0,0,0,0,0
1763686224.4377506,9,3,3,-0.5679480941767463,0.36792215898111125,-3.815451580101083,0.016549613269455556,0.03835591316745109,1.1123840557342082e-05,254.8800292968749,-480.0000061035156,508.7809082031249,167.0400329589844,-178.56001129150388,229.22221679687482,53.27993164062491,470.8800292968749,1263.04638671875,-356.6399902343751,134.4000488281249,48.01284179687491,-410.8800121307373,455.03999023437495,392.620849609375
1763686224.5483167,9,3,3,-0.6053145320768294,0.2985429405613116,-3.46392088616785,0.01507539348988495,0.037032175677222785,-0.0005673787371107456,226.0799804687499,-436.8000244140625,466.1888671874999,150.24001464843752,-166.56001129150388,213.73442382812482,50.87990722656241,425.2799316406249,1170.118408203125,-323.0401367187501,122.40004882812491,59.62880859374991,-370.08001098632815,419.03999023437495,350.02880859375
1763686224.750119,9,3,3,-0.4913812628187001,0.33684854663750263,-2.554298964680436,0.015897493080748733,0.03250155288108761,6.888122112753926e-05,199.6799560546874,-379.1999877929687,396.4928222656249,135.84002075195315,-144.9600128173828,175.01420898437482,46.07998046874991,372.4801269531249,992.00634765625,-284.6399902343751,110.40004882812491,36.39675292968741,-322.0800071716309,361.44001464843745,315.180908203125
1763686225.3438923,9,3,3,-0.4659077560153416,0.407986720963493,-0.9560034785291243,0.008025473932340502,0.017720408646513842,-2.9719803881710864e-05,108.48000488281241,-235.19998779296873,245.4847656249999,78.24001464843752,-92.16000976562498,109.19047851562482,43.67995605468741,214.0799804687499,604.806396484375,-176.6399902343751,76.79995117187491,32.52480468749991,-199.6800018310547,224.63996582031245,183.53271484375
1763686225.4370472,9,3,3,-0.22392874716917008,0.2812693463446329,-0.7880830236562898,0.004922513600703197,0.013296205481342275,-0.00044355576679575015,94.07998046874991,-218.39999999999998,222.2528320312499,68.6400085449219,-89.7600158691406,97.57426757812482,41.27993164062491,187.6799560546874,558.342529296875,-152.6399902343751,74.40004882812491,24.78078613281241,-178.07999572753909,200.63996582031245,160.30078125
1763686225.5483403,9,3,3,0.13716575351327567,-0.07852097488521627,-0.7348929247269073,0.004930295525664832,0.012038293052252007,7.394462547922348e-05,82.07998046874991,-201.60001220703123,199.0208984374999,61.44002685546877,-80.16000976562498,89.83012695312482,31.67995605468741,168.4800048828124,519.62255859375,-140.6399902343751,62.40004882812491,17.03676757812491,-170.8799987792969,188.63996582031245,156.4287109375
1763686225.6390784,9,3,3,-0.19964096101761625,0.05498371878124857,-0.624001913386195,0.004803503038046592,0.015762359206579483,0.0002602964221024487,86.88002929687491,-191.99997558593748,179.6607910156249,71.04000244140627,-77.7600158691406,82.08623046874982,36.48000488281241,170.8800292968749,473.158447265625,-128.6399902343751,69.59999999999991,20.90883789062491,-161.28000793457034,174.23994140624995,144.812744140625
1763686225.7496576,9,3,3,-0.291780321455363,0.3712711420277154,-0.429663828858886,0.00443825447661709,0.009407274887873338,-0.0007951357941798922,74.88002929687491,-177.60001220703123,175.7889648437499,59.04000244140627,-72.96001281738279,70.47026367187482,34.07998046874991,151.6799560546874,449.926513671875,-123.83994140625009,62.40004882812491,13.164819335937409,-149.28000793457034,164.63996582031245,133.19677734375
1763686225.792918,9,3,3,-0.4571915566136185,0.5022691996297539,-0.38494854107597737,0.006149538890323656,0.01158697183708585,-0.0007818102197504045,0,0,0,0,0,0,0,0,0,0,0,0,0,0,0
1763686225.8836582,9,3,3,-0.017296825616983477,0.06709591721359728,-0.3438655266814449,0.003399848038509851,0.00820702367679855,0.0002723116407914646,77.27993164062491,-167.99997558593748,156.4288574218749,63.84002075195315,-60.96001281738279,58.85429687499982,29.27993164062491,146.8800292968749,403.46240234375,-111.83994140625009,59.99990234374991,13.164819335937409,-142.07999572753909,145.44001464843745,121.580810546875
1763686226.0411472,9,3,3,0.04078316541582837,-0.04332811750645908,-0.29941404348819023,-0.0026828611774157214,0.006613630950419897,-0.0003548185712919687,0,0,0,0,0,0,0,0,0,0,0,0,0,0,0
1763686226.1512232,9,3,3,0.08473415445190474,0.03823845706278285,-0.20378165405877546,4.853883908916435e-05,0.003658313381632908,-0.0007076937390599514,72.48000488281241,-148.79996337890623,125.45278320312491,54.24001464843752,-56.16000976562498,54.98247070312482,29.27993164062491,127.67995605468741,356.99853515625,-95.04013671875009,57.59999999999991,5.420800781249909,-122.8799987792969,135.84003906249995,106.0927734375
1763686226.2447925,9,3,3,0.04105378027645922,-0.07262894299459208,-0.24625787724123352,-0.0027162675747328573,0.004096523790015439,-0.00041214403827799924,60.48000488281241,-139.19998779296873,113.83681640624991,56.6400085449219,-51.360006713867165,51.11040039062482,26.87990722656241,122.88002929687491,333.766357421875,-95.04013671875009,55.19985351562491,1.548852539062409,-115.67998657226565,126.23994140624995,94.476806640625
1763686234.045532,9,3,3,0.05271448528922383,-0.025163922123663862,-0.2423189165751387,-0.0011493564553141586,0.004849222585279504,-1.7045650880591595e-05,17.27993164062491,-100.79996337890623,51.88491210937491,15.840020751953148,-34.56000366210935,0.7744628906248181,29.27993164062491,43.67995605468741,186.63037109375,-32.63999023437509,62.40004882812491,5.420800781249909,-77.27999267578127,73.44001464843745,24.78076171875
1763686234.2442107,9,3,3,0.0877936450413805,-0.0899392143336491,-0.34095251271424354,-0.004059086418231458,0.006555254045238943,0.00033179398066246935,26.88002929687491,-110.39999999999998,63.50087890624991,25.439996337890648,-46.56000366210935,8.518359374999818,31.67995605468741,65.28005371093741,236.966552734375,-47.04013671875009,59.99990234374991,9.292749023437409,-86.8799987792969,85.44001464843745,48.0126953125
1763686234.4455929,9,3,3,-0.026584038689289827,0.0056334332531364495,-0.44067735073359704,-0.0006462091816323998,0.006633333820341985,6.878257350574483e-05,36.48000488281241,-122.39999999999998,90.60488281249991,32.6400085449219,-51.360006713867165,20.134326171874818,29.27993164062491,84.48000488281241,271.814453125,-68.63999023437509,57.59999999999991,5.420800781249909,-101.27999267578127,102.23994140624995,63.500732421875
1763686234.6494331,9,3,3,-0.0037896150228088725,-0.05798888501083972,-0.8491993471049043,-0.0011360782229801933,0.008922109162639495,8.305046979542529e-05,55.67995605468741,-143.99997558593748,117.70888671874991,42.24001464843752,-58.56000366210935,43.36625976562482,29.27993164062491,108.48000488281241,329.89453125,-85.44003906250009,59.99990234374991,13.164819335937409,-120.48000488281252,121.44001464843745,90.604736328125
1763686234.745013,9,3,3,-0.06752702582985287,0.017080398297279756,-0.8622305312821923,0.00011505205301935424,0.011903950994542533,0.0003910046918273503,67.67995605468741,-146.39999999999998,133.1969238281249,54.24001464843752,-63.360006713867165,47.23833007812482,26.87990722656241,120.48000488281241,353.12646484375,-90.24008789062509,59.99990234374991,17.03676757812491,-125.27999267578127,133.44001464843745,102.220703125
1763686234.8388991,9,3,3,-0.07677337899175449,-0.00992823155000153,-1.0140286952959077,-0.00017157172514949034,0.012537337984564986,-0.00020918274663376613,67.67995605468741,-153.60001220703123,137.0687499999999,56.6400085449219,-58.56000366210935,62.72636718749982,31.67995605468741,130.0799804687499,372.486328125,-102.24008789062509,55.19985351562491,9.292749023437409,-127.68000183105471,135.84003906249995,102.220703125
1763686234.9490504,9,3,3,-0.1021300589470811,0.05127938696883192,-1.1006089119500198,-6.365141207933319e-05,0.015914396837287917,-9.583452640217266e-06,0,0,0,0,0,0,0,0,0,0,0,0,0,0,0
1763686235.2434478,9,3,3,-0.1646546654388635,0.10970567743997281,-1.485355577232262,0.004482861309835866,0.01674966518215872,0.0001809703380631928,106.07998046874991,-201.60001220703123,206.7647949218749,75.84002075195315,-82.56000366210935,93.70219726562482,31.67995605468741,190.0799804687499,523.494384765625,-145.4400390625001,67.19985351562491,20.90883789062491,-175.6800018310547,186.23994140624995,168.044921875
1763686235.4459777,9,3,3,-0.22865768523017982,0.12213902350693819,-1.9142800829799516,0.006769513415376869,0.01990751219916856,0.00019406770027800791,120.48000488281241,-232.80002441406248,241.6129394531249,85.44002685546877,-101.7600158691406,109.19047851562482,38.87990722656241,226.0799804687499,616.42236328125,-169.4400390625001,71.99990234374991,20.90883789062491,-202.08001098632815,222.23994140624995,191.27685546875
1763686235.6509998,9,3,3,-0.307965054976546,0.18603677141048403,-2.328054417504973,0.008951530811301527,0.02496831504986772,-2.644339737228863e-05,137.2799316406249,-266.4,284.2047363281249,107.04000244140627,-104.16000976562498,132.42241210937482,36.48000488281241,262.0799804687499,713.222412109375,-198.2400878906251,79.19985351562491,28.65285644531241,-230.8799987792969,255.84003906249995,222.2529296875
1763686235.7491984,9,3,3,-0.3569070728079643,0.1952503805010638,-2.5342942052617907,0.008100660400991468,0.02787286416404846,0.0002871779806952609,149.2799316406249,-280.8000244140625,303.5648437499999,104.6400085449219,-116.16000976562498,140.16655273437482,48.48000488281241,274.0799804687499,751.9423828125,-210.2400878906251,83.99990234374991,40.26882324218741,-245.28000793457034,263.03999023437495,233.868896484375
1763686235.8527553,9,3,3,-0.4130307146303711,0.25847117565543454,-2.7533622133170383,0.01157217150465124,0.027064648483500466,0.0002968486456064287,158.8800292968749,-297.6000122070312,307.4369140624999,116.6400085449219,-120.96001281738279,155.65434570312482,48.48000488281241,293.2799316406249,790.662353515625,-229.4400390625001,83.99990234374991,28.65285644531241,-252.48000488281252,287.03999023437495,249.356689453125
1763686235.9123065,9,3,3,-0.3681676408359006,0.23025400624405523,-2.6402297292300516,0.010869064096134718,0.027344731277191628,2.37576789728286e-05,168.4800048828124,-307.1999877929687,326.7967773437499,119.04000244140627,-120.96001281738279,163.39848632812482,43.67995605468741,307.6800781249999,825.510498046875,-239.0401367187501,83.99990234374991,36.39675292968741,-262.0800033569336,289.44001464843745,260.972900390625
1763686236.0208058,9,3,3,-0.4733449140752385,0.25500916122739603,-2.884104916393006,0.009103412055437004,0.03276602674087197,0.0006321648039267483,180.4800048828124,-321.6000122070312,346.1568847656249,123.84002075195315,-125.7600158691406,159.52641601562482,46.07998046874991,324.4801269531249,864.23046875,-246.2400878906251,88.79995117187491,36.39675292968741,-276.4800048828125,306.23994140624995,288.076904296875
1763686236.1481776,9,3,3,-0.6126314474798933,0.1990616381348375,-3.340258717406953,0.00827698294203931,0.03812363983955499,0.0006288374016577671,192.4800048828124,-343.1999877929687,369.3888183593749,133.44002685546877,-130.56000366210935,182.75834960937482,43.67995605468741,353.2799316406249,926.182373046875,-267.8399414062501,93.59999999999991,32.52480468749991,-300.4800048828125,327.84003906249995,295.82080078125
1763686236.2426198,9,3,3,-0.5823644779996605,0.2585690681999865,-3.589197128572372,0.009528670674783177,0.03812440684763172,0.0005399886097462868,202.0799804687499,-362.4,396.4928222656249,138.24001464843752,-137.7600158691406,186.63041992187482,46.07998046874991,367.6800781249999,980.390380859375,-284.6399902343751,98.40004882812491,36.39675292968741,-314.88000640869143,347.03999023437495,307.436767578125
1763686236.3016841,9,3,3,-0.5937737287277618,0.2946389729072032,-3.6186461381535127,0.010482371402216795,0.03804157323381386,0.0004523290210612196,206.8800292968749,-376.8000244140625,408.1087890624999,143.04000244140627,-142.56001129150388,182.75834960937482,48.48000488281241,382.0799804687499,1015.238525390625,-284.6399902343751,105.59999999999991,48.01284179687491,-329.28000793457034,359.03999023437495,326.796875
1763686236.4447458,9,3,3,-0.6816813732912688,0.2944572951828748,-4.07579957304245,0.013968004827806121,0.04237211009516014,-0.00031973819632534787,228.4800048828124,-410.4,446.8287597656249,155.0400329589844,-144.9600128173828,217.60649414062482,41.27993164062491,420.4801269531249,1108.16650390625,-315.8399414062501,105.59999999999991,40.26882324218741,-353.28000984191897,395.03999023437495,353.90087890625
1763686236.5035713,9,3,3,-0.681775042065813,0.3125188741734086,-4.077132724215653,0.014135967743122398,0.042917492156011545,0.000773603200121938,233.2799316406249,-427.1999877929687,462.3167968749999,164.6400085449219,-152.16000976562498,213.73442382812482,41.27993164062491,434.8800292968749,1139.142333984375,-325.4400390625001,107.99990234374991,36.39675292968741,-370.08001098632815,409.44001464843745,365.516845703125
1763686236.5827222,9,3,3,-0.8580231750673646,0.3315910033041136,-4.514891637934899,0.010345088913378351,0.05349431310429477,0.0006022933927922851,247.6799560546874,-446.4,485.5487304687499,167.0400329589844,-166.56001129150388,225.35014648437482,53.27993164062491,458.8800292968749,1208.83837890625,-339.8399414062501,117.59999999999991,40.26882324218741,-391.6800113677979,428.63996582031245,381.0048828125
1763686236.6916084,9,3,3,-0.829060527436006,0.3453928443758587,-4.877637141020999,0.015588341503317199,0.04889346059728722,0.00018051043859406302,266.8800292968749,-482.4,512.6527343749999,179.0400329589844,-171.3600143432617,233.09428710937482,53.27993164062491,497.2799316406249,1290.150634765625,-368.6399902343751,122.40004882812491,44.14077148437491,-420.48001251220705,459.84003906249995,408.10888671875
1763686236.7859821,9,3,3,-0.9490518701820043,0.3272683905750683,-5.243667010232546,0.01276419911777203,0.055163534264203735,0.001135603595618706,0,0,0,0,0,0,0,0,0,0,0,0,0,0,0
1763686236.8805454,9,3,3,-1.0354773504693944,0.42583636209261144,-5.8595563646090625,0.014833590505334887,0.06025193105218703,0.000995763293017064,305.2799316406249,-540.0000061035156,578.4769531249999,198.24004516601565,-183.3600143432617,267.9424316406248,38.87990722656241,559.6800781249999,1448.902587890625,-407.0401367187501,143.9999023437499,40.26882324218741,-473.28001556396487,524.6399658203125,450.700927734375
1763686236.9889388,9,3,3,-1.1649769852520602,0.35523373322646834,-6.30469123948141,0.013381449803636356,0.06785137746685932,0.0015426445328473792,310.0799804687499,-578.4,613.3248535156249,203.0400329589844,-195.3600143432617,271.8145019531248,50.87990722656241,586.0799804687499,1534.086669921875,-423.8399414062501,153.5999999999999,51.88479003906241,-499.6800170898438,558.2400634765625,466.188720703125
1763686237.0984676,9,3,3,-1.25839090800023,0.3366053087838575,-6.650077833589325,0.014620410641844014,0.06891860690631509,0.0017397935338952855,322.0799804687499,-616.8000244140625,640.4288574218749,210.24004516601565,-207.3600143432617,287.3022949218748,53.27993164062491,622.0799804687499,1634.758544921875,-445.4400390625001,165.5999999999999,55.75673828124991,-538.0800109863281,599.039990234375,489.4208984375
1763686237.1910877,9,3,3,-1.334719872372235,0.438464462407026,-7.201316973144291,0.016414415855520628,0.07428726364105037,0.0022470183804423546,331.6799560546874,-652.8000244140625,675.2767578124999,210.24004516601565,-216.9600128173828,298.9185058593748,48.48000488281241,646.0799804687499,1712.198486328125,-467.0401367187501,177.5999999999999,55.75673828124991,-564.4800201416016,635.039990234375,497.164794921875
1763686237.283222,9,3,3,-1.4032361159579168,0.47462225449194506,-7.597923656788748,0.018044251964490603,0.07739064823169535,0.0014067138831583541,350.8800292968749,-688.8000244140625,710.1249023437499,219.84002075195315,-212.16001358032224,314.4062988281248,43.67995605468741,679.6800781249999,1797.382568359375,-486.2400878906251,187.1998535156249,55.75673828124991,-593.2800231933594,671.039990234375,524.268798828125
1763686237.4459789,9,3,3,-1.4961563586357176,0.5333116487801733,-8.598766424492375,0.020859434121008002,0.08315584656485435,0.00199631484302418,360.4800048828124,-739.2000183105469,748.8448730468749,227.0400329589844,-226.56001510620115,318.2783691406248,58.07998046874991,722.8800292968749,1925.158447265625,-510.2400878906251,196.7999511718749,59.62880859374991,-634.0800262451172,719.039990234375,543.62890625
1763686237.552526,9,3,3,-1.6357065694651074,0.603553112972571,-9.03514343150714,0.021236487331166395,0.08916209101810076,0.0023070958168130307,365.2799316406249,-739.2000183105469,744.9728027343749,229.43999633789065,-231.3600143432617,326.0225097656248,58.07998046874991,722.8800292968749,1925.158447265625,-510.2400878906251,201.5999999999999,63.50075683593741,-634.0800262451172,721.4400146484375,543.62890625
1763686237.5820694,9,3,3,-1.656925273753806,0.5652357353059252,-9.048881743678576,0.021753879065815586,0.08926746744650511,0.0022297742454257773,362.8800292968749,-741.6000122070312,752.7169433593749,222.24004516601565,-236.16001358032224,318.2783691406248,60.48000488281241,722.8800292968749,1932.902587890625,-507.8399414062501,196.7999511718749,63.50075683593741,-634.0800262451172,723.8400390625,547.500732421875
1763686237.741914,9,3,3,-1.5809151296443598,0.6151668634400749,-8.571272857623725,0.023183283661220386,0.0848486881707904,0.0018535730772402106,362.8800292968749,-741.6000122070312,752.7169433593749,222.24004516601565,-228.9600128173828,326.0225097656248,55.67995605468741,718.0799804687499,1921.286376953125,-507.8399414062501,201.5999999999999,71.24477539062491,-634.0800262451172,719.039990234375,535.884765625
1763686237.8487623,9,3,3,-1.5654686551939352,0.6021466286972322,-8.386342429965133,0.02345816996201293,0.08549671671290081,0.001609310688183198,360.4800048828124,-744.0000213623047,752.7169433593749,224.6400085449219,-236.16001358032224,326.0225097656248,55.67995605468741,718.0799804687499,1932.902587890625,-512.6399902343751,203.9999023437499,67.37282714843741,-634.0800262451172,721.4400146484375,535.884765625
1763686237.8978176,9,3,3,-1.5731876192042016,0.6093429503534817,-8.521256408368117,0.02332550907639583,0.08506748375302574,0.002185308140140522,355.6799560546874,-736.8000091552734,748.8448730468749,227.0400329589844,-231.3600143432617,322.1504394531248,62.87990722656241,720.4801269531249,1940.646240234375,-507.8399414062501,201.5999999999999,63.50075683593741,-634.0800262451172,721.4400146484375,543.62890625
1763686238.0019689,9,3,3,-1.526994337800502,0.571619687301665,-8.27081492751867,0.02260732154388016,0.08273432529911522,0.0018050837540556476,362.8800292968749,-739.2000183105469,752.7169433593749,224.6400085449219,-226.56001510620115,322.1504394531248,53.27993164062491,715.6800781249999,1921.286376953125,-507.8399414062501,203.9999023437499,59.62880859374991,-638.880029296875,719.039990234375,539.7568359375
1763686238.0944173,9,3,3,-1.4984825202599072,0.5537545744579326,-8.224987079012042,0.021805175467797946,0.08304588334586559,0.0018194321640478735,360.4800048828124,-741.6000122070312,744.9728027343749,222.24004516601565,-228.9600128173828,326.0225097656248,60.48000488281241,713.2799316406249,1929.030517578125,-512.6399902343751,203.9999023437499,67.37282714843741,-631.6800170898438,726.2400634765625,535.884765625
1763686238.2047615,9,3,3,-1.4964823338636566,0.5960032672601713,-8.081555941354072,0.02388941714722542,0.0815701201415205,0.0020320903578956067,360.4800048828124,-739.2000183105469,752.7169433593749,215.0400329589844,-231.3600143432617,322.1504394531248,55.67995605468741,715.6800781249999,1932.902587890625,-507.8399414062501,203.9999023437499,67.37282714843741,-629.2800231933594,721.4400146484375,535.884765625
1763686238.2984505,9,3,3,-1.4660061424563529,0.6006010639688226,-8.069201045595873,0.02292974973047382,0.08110604017659917,0.001953453818303923,355.6799560546874,-741.6000122070312,752.7169433593749,217.43999633789065,-233.7600158691406,326.0225097656248,58.07998046874991,715.6800781249999,1932.902587890625,-507.8399414062501,203.9999023437499,63.50075683593741,-634.0800262451172,723.8400390625,543.62890625
1763686238.4412816,9,3,3,-1.429229129775715,0.623300366722909,-8.045373181988701,0.02464897915321082,0.0792275840095296,0.0017323210014178114,355.6799560546874,-746.400015258789,752.7169433593749,219.84002075195315,-231.3600143432617,326.0225097656248,65.27993164062491,715.6800781249999,1940.646240234375,-512.6399902343751,206.4000488281249,75.11684570312491,-636.4800201416016,728.6399658203125,532.0126953125
1763686238.5524702,9,3,3,-1.4333566174237482,0.6381980809021714,-8.057168462422087,0.025789004135675826,0.07833694367320983,0.002044333998366535,355.6799560546874,-746.400015258789,756.5887695312499,219.84002075195315,-238.56001510620115,322.1504394531248,70.07998046874991,718.0799804687499,1948.390380859375,-510.2400878906251,208.7999511718749,78.98879394531241,-636.4800201416016,723.8400390625,539.7568359375
1763686238.5963037,9,3,3,-1.4439775343543504,0.6364851919120974,-8.071127820614327,0.02627996895153054,0.07777898918325413,0.0021197599219924543,355.6799560546874,-744.0000213623047,756.5887695312499,222.24004516601565,-236.16001358032224,322.1504394531248,67.67995605468741,718.0799804687499,1948.390380859375,-505.4400390625001,206.4000488281249,67.37282714843741,-638.880029296875,721.4400146484375,539.7568359375
1763686238.7394302,9,3,3,-1.3608054045067974,0.6762149517787697,-8.033122325513212,0.02748170649834224,0.07474484786731404,0.0016648771026038017,353.2799316406249,-744.0000213623047,752.7169433593749,217.43999633789065,-240.96001472473142,322.1504394531248,70.07998046874991,718.0799804687499,1952.262451171875,-507.8399414062501,206.4000488281249,67.37282714843741,-636.4800201416016,726.2400634765625,535.884765625
1763686238.7973366,9,3,3,-1.3617368936090106,0.6471353392275583,-8.04995209485126,0.027408143655429953,0.07466227511864022,0.001661086130363359,353.2799316406249,-751.2000183105469,748.8448730468749,217.43999633789065,-238.56001510620115,326.0225097656248,70.07998046874991,715.6800781249999,1952.262451171875,-510.2400878906251,206.4000488281249,71.24477539062491,-636.4800201416016,723.8400390625,532.0126953125
1763686238.9099605,9,3,3,-1.3446075335124295,0.6643238237625058,-7.949441936936694,0.027569755895081902,0.07509106953756287,0.001383459436873913,353.2799316406249,-746.400015258789,756.5887695312499,219.84002075195315,-240.96001472473142,322.1504394531248,72.48000488281241,713.2799316406249,1956.134521484375,-507.8399414062501,208.7999511718749,67.37282714843741,-638.880029296875,731.039990234375,532.0126953125
1763686239.0180929,9,3,3,-1.367935115328816,0.6592020875006515,-7.916994896032415,0.02703234219990607,0.07519308068390225,0.0014714831174149814,0,0,0,0,0,0,0,0,0,0,0,0,0,0,0
1763686239.1113782,9,3,3,-1.3500827885903206,0.640521692402701,-7.969002320789863,0.026704562636072897,0.07475007006220524,0.0015311006216702158,350.8800292968749,-748.8000091552734,752.7169433593749,217.43999633789065,-243.3600143432617,318.2783691406248,67.67995605468741,718.0799804687499,1948.390380859375,-510.2400878906251,206.4000488281249,71.24477539062491,-638.880029296875,728.6399658203125,532.0126953125
1763686239.3485317,9,3,3,-1.3409994873534585,0.6473215259815392,-7.816792129803954,0.02680591596008535,0.0741318021014519,0.0012724028808300362,353.2799316406249,-746.400015258789,760.4608398437499,217.43999633789065,-240.96001472473142,322.1504394531248,70.07998046874991,720.4801269531249,1952.262451171875,-507.8399414062501,208.7999511718749,78.98879394531241,-636.4800201416016,728.6399658203125,532.0126953125
1763686239.4543335,9,3,3,-1.3408355298525727,0.6591097256005591,-7.883960294234229,0.026898082190881654,0.073739640629724,0.0017949626183442315,353.2799316406249,-753.6000122070312,752.7169433593749,217.43999633789065,-243.3600143432617,318.2783691406248,70.07998046874991,718.0799804687499,1960.006591796875,-510.2400878906251,208.7999511718749,75.11684570312491,-638.880029296875,728.6399658203125,535.884765625
1763686239.5469632,9,3,3,-1.3318442140370819,0.6302911138111409,-7.734611167802029,0.02652203865417252,0.07452891797681324,0.001302053646824606,353.2799316406249,-751.2000183105469,760.4608398437499,215.0400329589844,-238.56001510620115,329.8945800781248,67.67995605468741,710.8800292968749,1956.134521484375,-512.6399902343751,208.7999511718749,75.11684570312491,-636.4800201416016,731.039990234375,532.0126953125
1763686239.6414967,9,3,3,-1.4044592008112575,0.6309151524902863,-7.648132985843471,0.027189537903476443,0.07760758714467167,0.0014150697108437221,348.4800048828124,-748.8000091552734,752.7169433593749,219.84002075195315,-240.96001472473142,329.8945800781248,65.27993164062491,706.0799804687499,1960.006591796875,-515.0401367187501,211.1998535156249,75.11684570312491,-641.2800231933594,731.039990234375,528.140869140625
1763686239.7512815,9,3,3,-1.4645321330035024,0.7182738206442695,-7.806815174924077,0.029694170540542002,0.079150114643335,0.0020659642611492836,350.8800292968749,-751.2000183105469,760.4608398437499,219.84002075195315,-238.56001510620115,329.8945800781248,67.67995605468741,706.0799804687499,1960.006591796875,-512.6399902343751,211.1998535156249,78.98879394531241,-636.4800201416016,731.039990234375,528.140869140625
1763686240.1432106,9,3,3,-1.5456014727773635,0.7042885473223583,-7.436768611252892,0.03012492797507902,0.08449414702855591,0.0016556178075288145,350.8800292968749,-751.2000183105469,772.0768066406249,207.84002075195315,-233.7600158691406,333.7661621093748,53.27993164062491,694.0799804687499,1948.390380859375,-519.8399414062501,208.7999511718749,78.98879394531241,-631.6800170898438,731.039990234375,524.268798828125
1763686240.2515666,9,3,3,-1.4826296104932033,0.633063458199836,-7.201755072110666,0.025440125887324087,0.08195622840270789,0.0012553522625068656,336.4800048828124,-720.0000061035156,741.1007324218749,210.24004516601565,-224.16001358032224,318.2783691406248,50.87990722656241,665.2799316406249,1870.950439453125,-500.6399902343751,196.7999511718749,75.11684570312491,-598.0800262451172,699.8400390625,520.396728515625
1763686240.3536284,9,3,3,-1.4462259801911959,0.5579747915026543,-6.611694436790071,0.025038944160906188,0.07797948915475034,0.0010008032797858193,329.2799316406249,-700.8000244140625,729.4847656249999,203.0400329589844,-226.56001510620115,322.1504394531248,53.27993164062491,653.2799316406249,1839.974365234375,-500.6399902343751,196.7999511718749,75.11684570312491,-588.4800201416016,692.6399658203125,504.90869140625
1763686240.461316,9,3,3,-1.3711606996035797,0.6507385770817922,-6.451186096811986,0.02839066894623559,0.07709884486016713,0.001533124547688237,319.6799560546874,-681.6000122070312,710.1249023437499,198.24004516601565,-224.16001358032224,310.5342285156248,55.67995605468741,629.2799316406249,1774.150634765625,-481.4400390625001,184.7999511718749,75.11684570312491,-566.880014038086,661.4400146484375,497.164794921875
1763686240.6546302,9,3,3,-1.0150350737270226,0.584356264220217,-5.28924481225813,0.027384135031029145,0.05789058888914043,0.0004579561460369124,295.6799560546874,-616.8000244140625,655.9168945312499,188.6400085449219,-204.9600128173828,283.4302246093748,53.27993164062491,569.2799316406249,1630.886474609375,-445.4400390625001,170.4000488281249,75.11684570312491,-516.4800201416016,596.6399658203125,470.060791015625
1763686240.759476,9,3,3,-1.0196901118089698,0.5712178059783183,-4.921078920973528,0.026724043563492218,0.05721438957182127,0.0005876159456464948,271.6799560546874,-576.0000061035156,609.4527832031249,179.0400329589844,-202.56001129150388,275.6865722656248,50.87990722656241,535.6800781249999,1526.342529296875,-421.4400390625001,160.7999511718749,75.11684570312491,-480.48001251220705,563.039990234375,435.212890625
1763686240.9512594,9,3,3,-0.8204615906500518,0.4917358023244003,-3.7895834008340454,0.023324821022425293,0.04819890973445187,0.0002772057168361087,0,0,0,0,0,0,0,0,0,0,0,0,0,0,0
1763686241.0568063,9,3,3,-0.5585049547242231,0.5070405380969847,-3.071953923403205,0.0219300369718159,0.03767788655535491,-0.0004158365694584068,221.2799316406249,-446.4,489.4208007812499,145.44002685546877,-168.9600128173828,213.73442382812482,50.87990722656241,415.6800781249999,1181.734375,-335.0401367187501,134.4000488281249,59.62880859374991,-379.6800108909607,431.03999023437495,353.90087890625
1763686241.2467237,9,3,3,-0.5496241805786748,0.4609926509271543,-2.236896639502457,0.014966954937636568,0.033377178743270876,-0.00022311354460700277,175.6799560546874,-393.6000122070312,415.8529296874999,114.24001464843752,-149.76000823974607,182.75834960937482,53.27993164062491,348.4801269531249,1030.7265625,-289.4400390625001,115.19985351562491,59.62880859374991,-324.4800086975098,371.03999023437495,291.94873046875
1763686241.2607522,9,3,3,-0.48008981196236067,0.47185934604630125,-2.2853659077535817,0.016552768884168113,0.03420078034675002,-0.00023464717587745338,175.6799560546874,-383.9999755859375,408.1087890624999,121.44002685546877,-152.16000976562498,182.75834960937482,50.87990722656241,341.2799316406249,1022.982421875,-277.4400390625001,115.19985351562491,59.62880859374991,-322.0800071716309,371.03999023437495,295.82080078125
1763686241.3549297,9,3,3,-0.20227736353359438,0.2945741054295393,-1.9757552283782296,0.013474049666404031,0.022389530821120968,-0.0012206121914464046,161.2799316406249,-350.4,377.1329589843749,109.44002685546877,-132.9600128173828,167.27055664062482,46.07998046874991,305.2799316406249,933.926513671875,-255.8399414062501,103.19985351562491,48.01284179687491,-295.68000946044924,339.84003906249995,268.716796875
1763686241.461809,9,3,3,-0.2148785209761038,0.22431365738474857,-1.706921108646629,0.015129676806926737,0.028268467751507684,-0.0003279727300335752,139.6799560546874,-328.8000244140625,342.2848144531249,95.04000244140627,-123.36000671386716,147.91020507812482,46.07998046874991,278.8800292968749,856.486328125,-246.2400878906251,98.40004882812491,55.75673828124991,-266.88000640869143,311.03999023437495,249.356689453125
1763686241.6546998,9,3,3,-0.06110547998712512,0.08835744854883412,-1.1899903377696661,0.007903683183683815,0.017000174483308518,-0.0010262960335226299,125.27993164062491,-275.9999755859375,291.9488769531249,83.04000244140627,-101.7600158691406,136.29448242187482,38.87990722656241,230.8800292968749,720.966552734375,-207.8399414062501,83.99990234374991,36.39675292968741,-228.48000488281252,263.03999023437495,210.63671875
1763686241.7612455,9,3,3,0.028510122610828262,0.1523932120318926,-0.9308571204920671,0.011365867798362923,0.01826173508433688,-0.0006117040954998857,0,0,0,0,0,0,0,0,0,0,0,0,0,0,0
1763686241.9500508,9,3,3,-0.26751971701048793,0.11216011710180493,-0.6464181647724216,0.0017372067462405275,0.013388226468821832,-0.0003135706457742947,106.07998046874991,-218.39999999999998,210.6368652343749,78.24001464843752,-82.56000366210935,93.70219726562482,41.27993164062491,194.8800292968749,546.7265625,-152.6399902343751,74.40004882812491,24.78078613281241,-182.8799987792969,205.44001464843745,168.044921875
1763686242.1496584,9,3,3,-0.17018497177629707,0.025133354478445336,-0.44533553315146457,0.0022814536417794587,0.012321686220431132,-0.0004670268391452515,89.27993164062491,-194.39999999999998,187.4049316406249,63.84002075195315,-68.16000976562498,89.83012695312482,36.48000488281241,163.6799560546874,484.7744140625,-135.8399414062501,64.79995117187491,20.90883789062491,-161.28000793457034,181.44001464843745,140.94091796875
1763686242.2565644,9,3,3,-0.04666022337901712,0.04641853120642148,-0.4005090656102926,0.0018259773197465052,0.010689977174928299,-0.0005340933522411667,84.48000488281241,-184.79996337890623,179.6607910156249,63.84002075195315,-70.56000366210935,82.08623046874982,29.27993164062491,158.8800292968749,453.79833984375,-123.83994140625009,62.40004882812491,17.03676757812491,-151.6800018310547,167.03999023437495,133.19677734375
1763686242.3650637,9,3,3,-0.03695526419756044,0.012602340096449307,-0.31529863167399363,0.0016137188138384685,0.007991564531812234,-3.317050453359506e-05,82.07998046874991,-170.39999999999998,168.0448242187499,59.04000244140627,-60.96001281738279,78.21440429687482,22.07998046874991,149.2800537109374,422.822509765625,-121.44003906250009,64.79995117187491,13.164819335937409,-144.48000488281252,155.03999023437495,129.32470703125
1763686242.553306,9,3,3,0.05974310321228965,0.0388511457254671,-0.24273029307550073,-0.0004873629503440516,0.007316941059162758,-0.0002539613774748129,74.88002929687491,-151.19998779296873,137.0687499999999,54.24001464843752,-51.360006713867165,62.72636718749982,29.27993164062491,132.4800048828124,368.614501953125,-99.83994140625009,55.19985351562491,1.548852539062409,-125.27999267578127,138.23994140624995,109.96484375
1763686260.7575736,9,3,3,0.079595189717592,-0.061720276100471316,-0.22893144423776532,-0.001780413011970788,0.004993043559628832,-0.00016828754753761018,10.079980468749909,-98.39999999999998,36.39687499999991,6.240014648437523,-34.56000366210935,-10.841748046875182,29.27993164062491,24.48000488281241,163.3984375,-30.24008789062509,57.59999999999991,9.292749023437409,-70.08001098632815,63.840039062499955,17.036865234375
1763686260.895516,9,3,3,0.10042648196876583,-0.05043732518714777,-0.29105763443518357,-0.0005134166816578537,0.003606122548995092,-2.9991402565549626e-05,5.279931640624909,-91.19998779296873,44.14077148437491,11.040002441406273,-36.96001281738279,-3.097607421875182,29.27993164062491,29.28005371093741,171.142333984375,-32.63999023437509,59.99990234374991,5.420800781249909,-72.48000488281252,66.23994140624995,20.90869140625
1763686261.0045695,9,3,3,0.04187705811592316,0.008092659749843516,-0.2061872528125789,-0.0003666035635107688,0.005418311512082273,0.00015290936757876675,12.480004882812409,-98.39999999999998,55.75673828124991,15.840020751953148,-34.56000366210935,-3.097607421875182,31.67995605468741,36.48000488281241,190.50244140625,-37.44003906250009,55.19985351562491,1.548852539062409,-77.27999267578127,73.44001464843745,24.78076171875
1763686261.0972953,9,3,3,0.043737754527101755,-0.03260932069015939,-0.29259011301860716,-0.001247415364149835,0.0054916680408641765,-0.0006600426135133542,14.880029296874909,-100.79996337890623,55.75673828124991,15.840020751953148,-32.16000976562498,-3.097607421875182,34.07998046874991,38.88002929687491,198.246337890625,-39.83994140625009,59.99990234374991,5.420800781249909,-77.27999267578127,75.84003906249995,28.65283203125
1763686261.2068908,9,3,3,0.08342302215381522,-0.004900487255053723,-0.3951205020941121,-0.000544143770622314,0.007100894577738411,-7.043157315850165e-05,14.880029296874909,-95.99997558593748,44.14077148437491,13.439996337890648,-34.56000366210935,-3.097607421875182,29.27993164062491,34.07998046874991,186.63037109375,-32.63999023437509,57.59999999999991,9.292749023437409,-77.27999267578127,73.44001464843745,24.78076171875
1763686261.352152,9,3,3,0.0574608675398519,-0.03396283273948916,-0.3419143727839541,-0.000598800147187861,0.005937211964204343,-0.0004401376592770039,14.880029296874909,-100.79996337890623,48.01284179687491,15.840020751953148,-39.360006713867165,0.7744628906248181,31.67995605468741,41.28005371093741,198.246337890625,-39.83994140625009,57.59999999999991,13.164819335937409,-79.67998657226565,78.23994140624995,24.78076171875
1763686261.407157,9,3,3,0.06423651662707053,0.02133685095888295,-0.2549106185287545,0.0003916142745360508,0.005795092875748394,-9.692974907021831e-05,12.480004882812409,-103.19998779296873,55.75673828124991,18.240014648437523,-36.96001281738279,-3.097607421875182,29.27993164062491,41.28005371093741,190.50244140625,-39.83994140625009,62.40004882812491,5.420800781249909,-79.67998657226565,80.63996582031245,17.036865234375
1763686261.4996812,9,3,3,0.08238422403201857,-0.02352167679798499,-0.27244525231004385,-0.00014161230887009307,0.004426188772418746,-0.0004928951068914908,10.079980468749909,-95.99997558593748,40.26894531249991,15.840020751953148,-39.360006713867165,-10.841748046875182,34.07998046874991,31.67995605468741,182.758544921875,-42.24008789062509,57.59999999999991,9.292749023437409,-74.8799987792969,73.44001464843745,20.90869140625
1763686261.607364,9,3,3,0.048330665243883866,-0.028535279453242635,-0.2567759948368992,-0.0003580096790811975,0.00593224442778151,-0.00025273650920452743,14.880029296874909,-103.19998779296873,55.75673828124991,15.840020751953148,-41.76000061035154,-14.713574218750182,34.07998046874991,36.48000488281241,194.37451171875,-32.63999023437509,55.19985351562491,5.420800781249909,-82.08001098632815,73.44001464843745,17.036865234375
1763686261.7520866,9,3,3,0.09190891578875408,-0.017417170497464586,-0.2733757157378045,-0.0002460506361303685,0.004054526237446295,-0.00010344455312152125,0,0,0,0,0,0,0,0,0,0,0,0,0,0,0
1763686261.7961924,9,3,3,0.1003020435078778,0.00573856886624197,-0.35713936544978486,-9.407040394596714e-05,0.004350730563485248,-0.0005256274844801932,12.480004882812409,-95.99997558593748,48.01284179687491,11.040002441406273,-41.76000061035154,-10.841748046875182,31.67995605468741,34.07998046874991,182.758544921875,-39.83994140625009,64.79995117187491,9.292749023437409,-79.67998657226565,75.84003906249995,24.78076171875
1763686261.9210455,9,3,3,0.06572498766263754,-0.006117334998685591,-0.3575353880407624,-0.00018799332364541365,0.005202049221721886,0.00010069675556006417,0,0,0,0,0,0,0,0,0,0,0,0,0,0,0
1763686262.1556933,9,3,3,0.03252969992323092,-0.012357229039572126,-0.22388402991832934,-0.0005694652210418646,0.006818526666863926,-0.0005557782884882842,12.480004882812409,-98.39999999999998,40.26894531249991,11.040002441406273,-41.76000061035154,-3.097607421875182,31.67995605468741,34.07998046874991,186.63037109375,-39.83994140625009,59.99990234374991,5.420800781249909,-79.67998657226565,71.03999023437495,20.90869140625
1763686262.2502196,9,3,3,0.07012835617672637,-0.022945615563968545,-0.2881474168680474,0.000524552277408855,0.005845725835448505,-0.00010435047505806316,5.279931640624909,-98.39999999999998,44.14077148437491,3.8400207519531477,-32.16000976562498,-10.841748046875182,31.67995605468741,29.28005371093741,178.886474609375,-35.04013671875009,59.99990234374991,9.292749023437409,-72.48000488281252,73.44001464843745,20.90869140625
1763686262.3446755,9,3,3,0.012825784040824819,-0.022579784077326234,-0.27276044414455103,-0.00016138573547710435,0.007266891376458989,-0.00017943828483675515,5.279931640624909,-100.79996337890623,48.01284179687491,13.439996337890648,-34.56000366210935,-6.969677734375182,29.27993164062491,26.88002929687491,178.886474609375,-37.44003906250009,59.99990234374991,9.292749023437409,-77.27999267578127,75.84003906249995,17.036865234375
1763686262.7546542,9,3,3,0.060656950063498284,-0.02937290450437023,-0.23624745299907324,0.0006306378069672223,0.006229477089894497,-0.0009446483807095543,7.679956054687409,-93.60001220703123,48.01284179687491,6.240014648437523,-32.16000976562498,-3.097607421875182,29.27993164062491,26.88002929687491,178.886474609375,-37.44003906250009,59.99990234374991,1.548852539062409,-72.48000488281252,73.44001464843745,13.164794921875
1763686262.9530642,9,3,3,0.010186982768140037,0.0035973738273332645,-0.2882726836397172,0.0005463667082447712,0.008320381685668635,5.060806293949769e-05,12.480004882812409,-98.39999999999998,48.01284179687491,8.640008544921898,-39.360006713867165,-3.097607421875182,31.67995605468741,26.88002929687491,194.37451171875,-35.04013671875009,57.59999999999991,13.164819335937409,-74.8799987792969,73.44001464843745,17.036865234375
1763686263.0475824,9,3,3,-0.007648088325642739,0.03943057224124377,-0.3000820086550796,0.0011690740698250576,0.006984636034797138,-0.00042333004967122186,7.679956054687409,-91.19998779296873,48.01284179687491,8.640008544921898,-32.16000976562498,-3.097607421875182,26.87990722656241,24.48000488281241,171.142333984375,-32.63999023437509,64.79995117187491,5.420800781249909,-74.8799987792969,71.03999023437495,20.90869140625
1763686263.249852,9,3,3,0.008648635072856462,-0.024734852274562086,-0.25262377607308406,0.0006425975357183384,0.007984304988102991,-0.0008719981910610613,2.880029296874909,-103.19998779296873,48.01284179687491,6.240014648437523,-44.16000976562498,-6.969677734375182,34.07998046874991,31.67995605468741,202.118408203125,-37.44003906250009,59.99990234374991,17.03676757812491,-82.08001098632815,75.84003906249995,9.292724609375
1763686263.4500775,9,3,3,0.08900018610150331,0.06690158788157521,-0.3466824096122233,0.0029370476497953863,0.004757110960323078,0.00018977170107117733,10.079980468749909,-110.39999999999998,51.88491210937491,8.640008544921898,-44.16000976562498,-6.969677734375182,31.67995605468741,31.67995605468741,198.246337890625,-39.83994140625009,59.99990234374991,17.03676757812491,-79.67998657226565,75.84003906249995,20.90869140625
1763686263.7455497,9,3,3,0.07880102898076399,0.032154852059707126,-0.2443674562228028,0.003003698642053894,0.00487375089766965,-0.0003957097147873886,2.880029296874909,-105.60001220703123,40.26894531249991,6.240014648437523,-44.16000976562498,-6.969677734375182,34.07998046874991,34.07998046874991,190.50244140625,-37.44003906250009,62.40004882812491,17.03676757812491,-82.08001098632815,73.44001464843745,17.036865234375
1763686263.855044,9,3,3,0.14555697002984697,0.05959140507269731,-0.26746471244847536,0.0019130046612284431,0.0033283121214697786,0.00013542836905923472,5.279931640624909,-103.19998779296873,44.14077148437491,6.240014648437523,-41.76000061035154,-18.585644531250182,36.48000488281241,29.28005371093741,186.63037109375,-30.24008789062509,64.79995117187491,17.03676757812491,-79.67998657226565,75.84003906249995,13.164794921875
1763686270.65029,9,3,3,0.12858402095491112,-0.05573352916397661,-0.20971598324789917,-0.001032333511926187,0.0032737365426358848,-0.0001593288804010737,0.48000488281240905,-83.99997558593748,36.39687499999991,1.4399963378906477,-34.56000366210935,-22.457714843750182,31.67995605468741,17.28005371093741,144.038330078125,-20.63999023437509,67.19985351562491,5.420800781249909,-67.67998657226565,59.039990234374955,-2.3232421875
1763686270.8507764,9,3,3,0.09988494779306115,-0.035904530766686836,-0.2629332343061878,-0.002061488697448128,0.0032108635701252803,-2.807338950349921e-05,7.679956054687409,-88.79996337890623,36.39687499999991,13.439996337890648,-29.76000061035154,-14.713574218750182,29.27993164062491,29.28005371093741,155.654541015625,-23.04013671875009,59.99990234374991,9.292749023437409,-67.67998657226565,68.63996582031245,13.164794921875
1763686271.058881,9,3,3,0.13520956178328414,-0.0019393288032303058,-0.3330896827221075,-0.0021502924628060117,0.004202966733976879,-0.0002128439069425059,12.480004882812409,-98.39999999999998,44.14077148437491,18.240014648437523,-36.96001281738279,-3.097607421875182,29.27993164062491,36.48000488281241,186.63037109375,-37.44003906250009,57.59999999999991,5.420800781249909,-74.8799987792969,71.03999023437495,24.78076171875
1763686271.353582,9,3,3,0.11392427673895851,0.06079835292465395,-0.47305616317619875,0.0009869725164411308,0.005533970914010018,-0.00033241394115427153,29.27993164062491,-115.19998779296873,75.11684570312491,25.439996337890648,-46.56000366210935,12.390429687499818,34.07998046874991,67.67995605468741,236.966552734375,-56.63999023437509,55.19985351562491,9.292749023437409,-91.67998657226565,90.23994140624995,51.884765625
1763686271.6450357,9,3,3,-0.25276868299752986,0.1968834967932443,-0.7238927483495767,0.004566024249488117,0.016181093575844994,-0.0001794232145470513,62.88002929687491,-134.39999999999998,102.22084960937491,54.24001464843752,-46.56000366210935,39.49443359374982,29.27993164062491,118.07998046874991,306.662353515625,-80.63999023437509,55.19985351562491,-2.323217773437591,-113.27999267578127,114.23994140624995,90.604736328125
1763686271.958222,9,3,3,-0.18901512495972092,0.05151246119541178,-1.2137054872533453,0.0015321754078814619,0.020791995673686434,0.00019307472542131362,65.27993164062491,-151.19998779296873,137.0687499999999,49.44002685546877,-56.16000976562498,58.85429687499982,26.87990722656241,122.88002929687491,364.742431640625,-102.24008789062509,55.19985351562491,5.420800781249909,-122.8799987792969,131.03999023437495,106.0927734375
1763686272.0508087,9,3,3,-0.12197428559950835,0.002078290541831923,-1.1331522119934474,2.5990385109766817e-05,0.016186004832689286,6.18580226105852e-05,62.88002929687491,-146.39999999999998,125.45278320312491,54.24001464843752,-53.76000061035154,62.72636718749982,19.67995605468741,125.28005371093741,360.870361328125,-92.63999023437509,57.59999999999991,9.292749023437409,-122.8799987792969,133.44001464843745,109.96484375
1763686272.1586587,9,3,3,-0.16129530722061436,-0.00822384037830521,-1.0015883378183783,-0.0008782471422653492,0.017558468097365748,-5.003688792490227e-05,67.67995605468741,-146.39999999999998,133.1969238281249,51.84002075195315,-56.16000976562498,58.85429687499982,24.48000488281241,122.88002929687491,360.870361328125,-99.83994140625009,55.19985351562491,13.164819335937409,-125.27999267578127,135.84003906249995,98.348876953125
1763686272.2518845,9,3,3,-0.11117392336863552,0.03387405335321642,-0.9243039903233832,0.0018528495937572586,0.015865565768045653,-0.00032756986698892975,65.27993164062491,-146.39999999999998,133.1969238281249,47.04000244140627,-58.56000366210935,58.85429687499982,29.27993164062491,122.88002929687491,353.12646484375,-97.44003906250009,55.19985351562491,13.164819335937409,-120.48000488281252,135.84003906249995,102.220703125
1763686272.348928,9,3,3,-0.08918181370177933,0.008115904814680493,-1.0297869931428638,0.0006298522193675713,0.014519536091725259,0.00010034160274489625,65.27993164062491,-143.99997558593748,137.0687499999999,49.44002685546877,-53.76000061035154,51.11040039062482,29.27993164062491,118.07998046874991,356.99853515625,-97.44003906250009,57.59999999999991,9.292749023437409,-125.27999267578127,128.63996582031245,102.220703125
1763686272.4560862,9,3,3,-0.13606436127138702,0.024302605841713475,-0.9813026149490269,-0.00025283206763456774,0.01547701512175291,-0.00019987970497472262,62.88002929687491,-143.99997558593748,133.1969238281249,47.04000244140627,-56.16000976562498,51.11040039062482,22.07998046874991,120.48000488281241,353.12646484375,-99.83994140625009,55.19985351562491,5.420800781249909,-120.48000488281252,133.44001464843745,102.220703125
1763686272.5487754,9,3,3,-0.06439803621329018,0.026013408540873414,-0.9100924030514023,0.0011542038810929802,0.013578726893079433,-9.107289096661107e-05,65.27993164062491,-143.99997558593748,133.1969238281249,54.24001464843752,-60.96001281738279,51.11040039062482,29.27993164062491,125.28005371093741,356.99853515625,-102.24008789062509,55.19985351562491,9.292749023437409,-122.8799987792969,133.44001464843745,102.220703125
1763686272.6589878,9,3,3,-0.05732708937996083,0.0065677026643391895,-0.899317267343574,-0.0005038545392525624,0.013026516828753653,-1.4741092097796864e-05,0,0,0,0,0,0,0,0,0,0,0,0,0,0,0
1763686272.8470874,9,3,3,-0.005726251230499104,-0.012606400711772344,-0.9487208883555168,-0.00047358507072754817,0.010053649542882886,-3.151326442341381e-05,67.67995605468741,-143.99997558593748,125.45278320312491,51.84002075195315,-56.16000976562498,47.23833007812482,31.67995605468741,127.67995605468741,360.870361328125,-97.44003906250009,57.59999999999991,9.292749023437409,-122.8799987792969,128.63996582031245,102.220703125
1763686273.049052,9,3,3,0.043574054014514634,-0.0009361595855518351,-0.902146174962356,-0.00150724067742336,0.007646550960016594,0.00013514103201345777,67.67995605468741,-148.79996337890623,121.58095703124991,56.6400085449219,-58.56000366210935,54.98247070312482,41.27993164062491,130.0799804687499,356.99853515625,-95.04013671875009,52.79995117187491,17.03676757812491,-127.68000183105471,128.63996582031245,109.96484375
1763686273.2528415,9,3,3,0.0256846662003142,0.006801580881105531,-0.7661845176863302,-0.00125222769475264,0.00829200734597682,-0.0002065260528248109,67.67995605468741,-141.60001220703123,129.3248535156249,54.24001464843752,-60.96001281738279,54.98247070312482,34.07998046874991,134.8800292968749,349.25439453125,-92.63999023437509,55.19985351562491,9.292749023437409,-125.27999267578127,131.03999023437495,106.0927734375
1763686273.3473701,9,3,3,0.025605491351118514,-0.0002799243333978865,-0.9680414716841311,-0.0013570366966896368,0.007702806166951289,0.00011231136662650157,70.07998046874991,-146.39999999999998,129.3248535156249,54.24001464843752,-60.96001281738279,43.36625976562482,34.07998046874991,134.8800292968749,353.12646484375,-92.63999023437509,57.59999999999991,9.292749023437409,-127.68000183105471,128.63996582031245,109.96484375
1763686273.455199,9,3,3,0.03714245452933859,-0.016497135635408746,-0.9382382837951615,-0.00214508910703416,0.007780888189175412,0.0003554391202779303,70.07998046874991,-146.39999999999998,125.45278320312491,54.24001464843752,-58.56000366210935,47.23833007812482,31.67995605468741,130.0799804687499,349.25439453125,-90.24008789062509,57.59999999999991,13.164819335937409,-127.68000183105471,123.84003906249995,106.0927734375
1763686273.548285,9,3,3,-0.0027424951106296554,-0.007465446560658296,-0.9490531366992435,-0.0009218757360785848,0.008615334888754544,-3.437905217441528e-05,70.07998046874991,-148.79996337890623,121.58095703124991,56.6400085449219,-60.96001281738279,54.98247070312482,34.07998046874991,132.4800048828124,349.25439453125,-90.24008789062509,55.19985351562491,13.164819335937409,-122.8799987792969,128.63996582031245,109.96484375
1763686273.7488158,9,3,3,-0.05835225149438615,-0.02419758156058155,-0.8031694673896612,-0.0022268429167247436,0.011622137166755586,-0.00014189316863544868,67.67995605468741,-141.60001220703123,129.3248535156249,59.04000244140627,-48.96001281738279,51.11040039062482,26.87990722656241,125.28005371093741,341.510498046875,-92.63999023437509,55.19985351562491,5.420800781249909,-120.48000488281252,126.23994140624995,106.0927734375
1763686273.9538739,9,3,3,-0.06271290272793001,0.0018060384201370946,-0.8851062483976482,-0.001201529816184189,0.012872202793636937,0.00030042776775856097,62.88002929687491,-141.60001220703123,133.1969238281249,56.6400085449219,-51.360006713867165,47.23833007812482,22.07998046874991,122.88002929687491,333.766357421875,-92.63999023437509,52.79995117187491,5.420800781249909,-115.67998657226565,131.03999023437495,102.220703125
1763686274.0620236,9,3,3,-0.11876668273656979,-0.01968782237812843,-0.8547733197272562,-0.0024092536929185802,0.014660324333304027,-0.00016051624071252812,65.27993164062491,-141.60001220703123,125.45278320312491,49.44002685546877,-51.360006713867165,54.98247070312482,26.87990722656241,120.48000488281241,337.638427734375,-95.04013671875009,59.99990234374991,9.292749023437409,-115.67998657226565,128.63996582031245,102.220703125
1763686274.155228,9,3,3,-0.08665191252913673,-0.028023009020466522,-0.8033753135184694,-0.0019506411574665013,0.014118967967669371,-0.0002178962998461081,70.07998046874991,-139.19998779296873,129.3248535156249,54.24001464843752,-51.360006713867165,51.11040039062482,26.87990722656241,122.88002929687491,341.510498046875,-95.04013671875009,52.79995117187491,1.548852539062409,-125.27999267578127,131.03999023437495,106.0927734375
1763686274.3575923,9,3,3,-0.0832618881524552,0.0017844245792096244,-0.7884646261346432,-0.0023665247755006993,0.013887683981696,1.7468996242975352e-05,65.27993164062491,-139.19998779296873,121.58095703124991,51.84002075195315,-53.76000061035154,51.11040039062482,22.07998046874991,120.48000488281241,337.638427734375,-92.63999023437509,55.19985351562491,5.420800781249909,-120.48000488281252,128.63996582031245,106.0927734375
1763686274.4513931,9,3,3,-0.09645645495215244,-0.0013831304199521909,-0.8175463711579265,-0.0013989724420201187,0.013829846103831618,-0.0001447172064392788,62.88002929687491,-134.39999999999998,113.83681640624991,47.04000244140627,-46.56000366210935,47.23833007812482,24.48000488281241,115.67995605468741,322.150390625,-85.44003906250009,52.79995117187491,9.292749023437409,-115.67998657226565,123.84003906249995,98.348876953125
1763686274.5603116,9,3,3,-0.013130025795097009,-0.05425451373253535,-0.5363532818642602,-0.002702734531088756,0.009948840751001692,3.1543510166595376e-05,58.07998046874991,-124.79996337890623,109.96474609374991,44.6400085449219,-44.16000976562498,39.49443359374982,29.27993164062491,101.28005371093741,291.174560546875,-75.83994140625009,57.59999999999991,5.420800781249909,-103.67998657226565,109.44001464843745,86.73291015625
1763686274.6539493,9,3,3,0.001187296716806818,0.00948152753021103,-0.6072036411872712,-0.0033667195010212937,0.009694072761849052,0.0003885066116454817,50.88002929687491,-119.99997558593748,94.47695312499991,39.84002075195315,-44.16000976562498,31.750292968749818,24.48000488281241,98.88002929687491,275.6865234375,-73.44003906250009,52.79995117187491,1.548852539062409,-103.67998657226565,107.03999023437495,75.11669921875
1763686274.7650158,9,3,3,0.008344971417908447,-0.061934640572602694,-0.4382930647083492,-0.003569952279805933,0.00892404378200422,-0.00024961627648882216,0,0,0,0,0,0,0,0,0,0,0,0,0,0,0
1763686274.8523817,9,3,3,0.05772747299610647,-0.05040726215982596,-0.3871473767461632,-0.0029422550968652675,0.008230259126444341,-0.00015185688254505333,31.67995605468741,-110.39999999999998,71.24477539062491,25.439996337890648,-34.56000366210935,16.262255859374818,26.87990722656241,67.67995605468741,217.6064453125,-49.44003906250009,52.79995117187491,-2.323217773437591,-84.48000488281252,85.44001464843745,51.884765625
1763686275.0574057,9,3,3,0.10378587127599992,-0.01838064388876845,-0.21526997491466596,-0.002752636129781849,0.0034528082692028366,-0.00032830409346096734,17.27993164062491,-98.39999999999998,51.88491210937491,18.240014648437523,-32.16000976562498,4.646289062499818,26.87990722656241,46.07998046874991,178.886474609375,-39.83994140625009,57.59999999999991,1.548852539062409,-77.27999267578127,71.03999023437495,32.52490234375
1763686282.1499054,9,3,3,0.10513118230461581,-0.023686518724748522,-0.22691878302299562,-0.0012966495959687355,0.0039353915922416705,-0.0004818992959899783,5.279931640624909,-86.39999999999998,24.78090820312491,6.240014648437523,-32.16000976562498,-18.585644531250182,34.07998046874991,22.07998046874991,140.16650390625,-20.63999023437509,59.99990234374991,5.420800781249909,-67.67998657226565,59.039990234374955,9.292724609375
1763686282.3015115,9,3,3,0.10497503766482903,-0.08053719841131327,-0.27854050497941274,-0.0017648528072584453,0.0033701450151125993,-0.0002629680051598446,7.679956054687409,-91.19998779296873,32.52480468749991,13.439996337890648,-32.16000976562498,-10.841748046875182,26.87990722656241,24.48000488281241,155.654541015625,-27.83994140625009,59.99990234374991,1.548852539062409,-67.67998657226565,61.440014648437455,20.90869140625
1763686282.3952203,9,3,3,0.11747071370184789,-0.020546382067154218,-0.2311770109412597,-0.002102151243815995,0.004089789235244744,-9.633963124949481e-05,12.480004882812409,-93.60001220703123,48.01284179687491,13.439996337890648,-32.16000976562498,-6.969677734375182,31.67995605468741,34.07998046874991,159.5263671875,-32.63999023437509,55.19985351562491,1.548852539062409,-70.08001098632815,66.23994140624995,17.036865234375
1763686282.5541658,9,3,3,0.05352840371140353,-0.04081687642991426,-0.2619445271020323,-0.0016378843341412262,0.006150279464285979,-0.0003372595045053658,19.67995605468741,-100.79996337890623,51.88491210937491,23.040002441406273,-41.76000061035154,0.7744628906248181,31.67995605468741,50.88002929687491,194.37451171875,-37.44003906250009,55.19985351562491,5.420800781249909,-82.08001098632815,75.84003906249995,28.65283203125
1763686282.5844562,9,3,3,0.07140683071632159,-0.029666171007808988,-0.4140826691737964,-0.0017531893771737354,0.005693242976749316,-0.0003151067335674862,26.88002929687491,-103.19998779296873,55.75673828124991,20.640008544921898,-41.76000061035154,-3.097607421875182,34.07998046874991,50.88002929687491,205.990478515625,-42.24008789062509,55.19985351562491,9.292749023437409,-79.67998657226565,75.84003906249995,40.268798828125
1763686282.7568636,9,3,3,0.05862755248586507,-0.06336015339812869,-0.496174358316377,-0.0012039032025793711,0.0058960364486090305,0.00020832007955021414,31.67995605468741,-110.39999999999998,71.24477539062491,27.840020751953148,-46.56000366210935,12.390429687499818,26.87990722656241,72.48000488281241,236.966552734375,-56.63999023437509,59.99990234374991,13.164819335937409,-94.08001098632815,92.63996582031245,55.7568359375
1763686282.9605372,9,3,3,0.41645024565458977,-0.5820949596052014,-0.7059892068824734,-0.009457717079673088,0.0029540999527416486,-0.00017244779406333077,43.67995605468741,-117.60001220703123,86.73281249999991,42.24001464843752,-48.96001281738279,27.878466796874818,26.87990722656241,79.67995605468741,271.814453125,-63.83994140625009,57.59999999999991,5.420800781249909,-103.67998657226565,107.03999023437495,75.11669921875
1763686283.081019,9,3,3,0.2055793455141211,-0.2316214810310915,-0.6761916936509657,-0.007174798978588718,0.007086574332671219,-0.0007278343249738483,58.07998046874991,-129.60001220703123,106.09291992187491,49.44002685546877,-53.76000061035154,27.878466796874818,29.27993164062491,89.28005371093741,295.04638671875,-75.83994140625009,55.19985351562491,13.164819335937409,-110.8799987792969,114.23994140624995,75.11669921875
1763686283.175683,9,3,3,-0.03617949960126088,0.11922608218795752,-0.7306214175912584,-0.0014981653960149327,0.007582173403384613,-4.8234310306891916e-05,55.67995605468741,-127.19998779296873,109.96474609374991,56.6400085449219,-48.96001281738279,35.62236328124982,26.87990722656241,115.67995605468741,314.406494140625,-83.04013671875009,57.59999999999991,5.420800781249909,-118.08001098632815,116.63996582031245,82.86083984375
1763686283.3492618,9,3,3,-0.14891736681461917,-0.12967772731941984,-1.0351437452441434,-0.0008244683625288388,0.016144613122588546,0.001277599530008167,86.88002929687491,-141.60001220703123,121.58095703124991,68.6400085449219,-51.360006713867165,58.85429687499982,26.87990722656241,142.0799804687499,341.510498046875,-95.04013671875009,59.99990234374991,-10.067236328125091,-125.27999267578127,126.23994140624995,113.8369140625
1763686283.4614506,9,3,3,-0.14526858081817204,-0.3010550065178778,-1.1475472280853969,-0.0036527836281266893,0.018916262554178602,-1.0170609726652759e-05,84.48000488281241,-148.79996337890623,137.0687499999999,75.84002075195315,-56.16000976562498,54.98247070312482,26.87990722656241,151.6799560546874,368.614501953125,-102.24008789062509,59.99990234374991,-2.323217773437591,-134.8799987792969,138.23994140624995,133.19677734375
1763686283.7575526,9,3,3,-0.1181982718281584,-0.019646609016408627,-1.4902666424739843,-0.005150330375234638,0.01781611131934834,-0.0003988116238978405,94.07998046874991,-187.19998779296873,191.2767578124999,68.6400085449219,-77.7600158691406,89.83012695312482,31.67995605468741,182.8800292968749,477.030517578125,-138.2400878906251,59.99990234374991,9.292749023437409,-166.07999572753909,179.03999023437495,148.684814453125
1763686283.8609793,9,3,3,-0.47218011080019684,0.5336373693949628,-1.6682344316057258,0.007795544892794727,0.022150767333578947,0.0002521043454701915,0,0,0,0,0,0,0,0,0,0,0,0,0,0,0
1763686283.9716654,9,3,3,-0.3294515547243413,-0.04710855247999275,-1.992902591114032,0.0041368939476285884,0.025713415587847673,0.0006402820965085946,125.27993164062491,-206.39999999999998,206.7647949218749,92.6400085449219,-89.7600158691406,97.57426757812482,38.87990722656241,230.8800292968749,535.1103515625,-155.0401367187501,67.19985351562491,5.420800781249909,-187.6800018310547,191.03999023437495,187.40478515625
1763686284.0807414,9,3,3,0.031947897095864514,-0.4100178890513689,-2.1432765673997793,0.002386966303912367,0.021045809138840545,0.00013871300245864673,127.67995605468741,-230.39999999999998,241.6129394531249,90.24001464843752,-89.7600158691406,113.06254882812482,36.48000488281241,238.0799804687499,600.934326171875,-174.2400878906251,74.40004882812491,24.78078613281241,-202.08001098632815,217.44001464843745,202.892822265625
1763686284.1739895,9,3,3,-0.24446580992273365,0.1380151564497536,-2.1834532305791092,0.0039011945193266825,0.02642207705492578,8.551592450558492e-05,134.8800292968749,-239.99997558593748,257.1007324218749,95.04000244140627,-99.36000671386716,124.67827148437482,38.87990722656241,247.6800781249999,639.654541015625,-179.0401367187501,74.40004882812491,17.03676757812491,-209.28000793457034,227.03999023437495,210.63671875
1763686284.267867,9,3,3,-0.21505421635616956,0.10890698507496127,-2.3639455033470043,0.004818932337325527,0.024011361253751147,0.0004178249505191235,139.6799560546874,-242.39999999999998,253.2289062499999,102.24001464843752,-94.56000366210935,120.80620117187482,34.07998046874991,250.0799804687499,639.654541015625,-183.8399414062501,74.40004882812491,24.78078613281241,-214.08001098632815,222.23994140624995,214.5087890625
1763686284.3772538,9,3,3,-0.31410942476533465,0.13406539367685472,-2.2629286036586493,0.004187412238141265,0.025702668491124455,0.00044985416358253203,137.2799316406249,-244.80002441406248,249.3568359374999,99.84002075195315,-99.36000671386716,124.67827148437482,43.67995605468741,247.6800781249999,647.3984375,-188.6399902343751,69.59999999999991,28.65285644531241,-216.48000488281252,234.23994140624995,214.5087890625
1763686284.5461733,9,3,3,-0.2677455014631608,0.14779697536442,-2.275699910746895,0.005482044428203746,0.024667362236212242,0.0002928969797992972,137.2799316406249,-244.80002441406248,257.1007324218749,97.44002685546877,-96.96001281738279,116.93413085937482,36.48000488281241,250.0799804687499,635.782470703125,-181.4400390625001,71.99990234374991,24.78078613281241,-214.08001098632815,224.63996582031245,210.63671875
1763686284.6600633,9,3,3,-0.276760502117325,0.12652363195172062,-2.223844308816904,0.005496340994242389,0.02391412821070936,0.00023505248255448283,132.4800048828124,-244.80002441406248,260.9728027343749,97.44002685546877,-99.36000671386716,124.67827148437482,36.48000488281241,250.0799804687499,647.3984375,-183.8399414062501,74.40004882812491,24.78078613281241,-211.6800018310547,227.03999023437495,206.764892578125
1763686284.7539778,9,3,3,-0.2929572516112769,0.15571207451405117,-2.2066634463274752,0.005573008227755697,0.024140921853960714,0.0004736445130755543,132.4800048828124,-247.19998779296873,260.9728027343749,99.84002075195315,-96.96001281738279,120.80620117187482,38.87990722656241,247.6800781249999,647.3984375,-186.2400878906251,67.19985351562491,28.65285644531241,-216.48000488281252,229.44001464843745,210.63671875
1763686284.849511,9,3,3,-0.29314851766065786,0.12422320165731972,-2.0899015728767,0.005343003710494894,0.02453610046723059,0.00028265859676735697,134.8800292968749,-247.19998779296873,253.2289062499999,99.84002075195315,-99.36000671386716,116.93413085937482,34.07998046874991,250.0799804687499,643.5263671875,-179.0401367187501,71.99990234374991,24.78078613281241,-216.48000488281252,227.03999023437495,214.5087890625
1763686284.9596882,9,3,3,-0.2550541533382781,0.1375945104917077,-1.9908399022931997,0.004819557792241974,0.02308982675959961,-7.685731933907065e-05,137.2799316406249,-244.80002441406248,257.1007324218749,95.04000244140627,-94.56000366210935,116.93413085937482,34.07998046874991,245.2799316406249,639.654541015625,-181.4400390625001,69.59999999999991,17.03676757812491,-214.08001098632815,227.03999023437495,218.380859375
1763686285.162982,9,3,3,-0.3046804716523396,0.06534093217677925,-2.1033265134633115,0.0016634317294287678,0.024867467892824017,0.00018890948089469659,139.6799560546874,-237.60001220703123,253.2289062499999,97.44002685546877,-96.96001281738279,120.80620117187482,34.07998046874991,247.6800781249999,631.910400390625,-186.2400878906251,69.59999999999991,17.03676757812491,-211.6800018310547,227.03999023437495,214.5087890625
1763686285.2662036,9,3,3,-0.28034619294206253,0.06144260750411633,-2.035621317142697,0.0019966396084549207,0.024483278429292286,0.00029285805283808504,134.8800292968749,-237.60001220703123,249.3568359374999,102.24001464843752,-82.56000366210935,116.93413085937482,29.27993164062491,247.6800781249999,616.42236328125,-179.0401367187501,67.19985351562491,9.292749023437409,-209.28000793457034,222.23994140624995,210.63671875
1763686285.4590695,9,3,3,-0.30122835390350866,0.03022158290483483,-1.923390611085752,0.00057872358927741,0.025880128163575062,1.71910570753611e-05,137.2799316406249,-235.19998779296873,245.4847656249999,102.24001464843752,-89.7600158691406,120.80620117187482,29.27993164062491,240.4801269531249,612.550537109375,-179.0401367187501,69.59999999999991,13.164819335937409,-209.28000793457034,224.63996582031245,218.380859375
1763686285.6598597,9,3,3,-0.32463157151127553,0.015054798633677716,-1.890865253814486,-4.805499496413746e-05,0.025987970900273348,-0.0002069916782159592,137.2799316406249,-232.80002441406248,249.3568359374999,99.84002075195315,-87.36000671386716,116.93413085937482,31.67995605468741,242.8800292968749,612.550537109375,-176.6399902343751,69.59999999999991,17.03676757812491,-206.8799987792969,219.84003906249995,210.63671875
1763686285.7489436,9,3,3,-0.33168594922741834,0.009796813937868215,-1.892109276396472,-0.00042652241267713057,0.026042320907123266,-0.0001303955810711664,134.8800292968749,-232.80002441406248,253.2289062499999,99.84002075195315,-87.36000671386716,124.67827148437482,29.27993164062491,247.6800781249999,612.550537109375,-176.6399902343751,69.59999999999991,13.164819335937409,-211.6800018310547,222.23994140624995,210.63671875
1763686285.9566112,9,3,3,-0.28216386836889806,0.013867844129334478,-1.8911890594894898,0.00013401094134286255,0.024778322271811547,0.00010602086308087615,137.2799316406249,-232.80002441406248,253.2289062499999,99.84002075195315,-87.36000671386716,120.80620117187482,29.27993164062491,245.2799316406249,620.29443359375,-179.0401367187501,69.59999999999991,13.164819335937409,-206.8799987792969,222.23994140624995,210.63671875
1763686286.062021,9,3,3,-0.2913436055568438,0.0390814499738337,-1.9061030833879167,0.0004979110494968445,0.024765160461627102,-5.624913219516971e-05,137.2799316406249,-235.19998779296873,249.3568359374999,99.84002075195315,-87.36000671386716,113.06254882812482,26.87990722656241,245.2799316406249,620.29443359375,-179.0401367187501,69.59999999999991,17.03676757812491,-209.28000793457034,217.44001464843745,210.63671875
1763686286.1596963,9,3,3,-0.29943280827460184,0.004135707569863534,-1.9414737487818823,3.956254180756348e-05,0.02491974183147006,0.0002449905088051944,137.2799316406249,-232.80002441406248,245.4847656249999,97.44002685546877,-89.7600158691406,124.67827148437482,26.87990722656241,242.8800292968749,612.550537109375,-179.0401367187501,69.59999999999991,13.164819335937409,-204.48000488281252,222.23994140624995,218.380859375
1763686286.458698,9,3,3,-0.2992241972556433,0.04165645781528264,-1.8224506384224355,0.00036316430580004216,0.02531211303242885,-0.0003397461585487847,137.2799316406249,-227.99997558593748,249.3568359374999,99.84002075195315,-82.56000366210935,120.80620117187482,26.87990722656241,240.4801269531249,612.550537109375,-176.6399902343751,69.59999999999991,9.292749023437409,-206.8799987792969,222.23994140624995,214.5087890625
1763686286.6603107,9,3,3,-0.26146542510865667,0.04408921208898041,-1.8088738990595536,-0.0002639301907688456,0.024225190415685025,-0.00010375209638029278,137.2799316406249,-235.19998779296873,245.4847656249999,102.24001464843752,-84.96001281738279,116.93413085937482,26.87990722656241,238.0799804687499,608.678466796875,-176.6399902343751,67.19985351562491,13.164819335937409,-206.8799987792969,219.84003906249995,210.63671875
1763686286.7526376,9,3,3,-0.31663758840263256,0.002620084922426366,-1.8742882086309605,4.6406270428184324e-05,0.02544683680958486,0.0005039105771920502,132.4800048828124,-227.99997558593748,241.6129394531249,95.04000244140627,-84.96001281738279,124.67827148437482,29.27993164062491,240.4801269531249,608.678466796875,-179.0401367187501,64.79995117187491,13.164819335937409,-204.48000488281252,219.84003906249995,214.5087890625
1763686286.8642714,9,3,3,-0.2409160495133857,0.014973250649589584,-1.8385466254002338,0.0006801798676312238,0.02303575385666224,-2.9860445130108814e-05,132.4800048828124,-225.60001220703123,233.8687988281249,97.44002685546877,-80.16000976562498,113.06254882812482,24.48000488281241,233.2799316406249,585.446533203125,-167.0401367187501,64.79995117187491,13.164819335937409,-199.6800018310547,210.23994140624995,202.892822265625
1763686286.9576395,9,3,3,-0.2611551145008639,0.031188094050638604,-1.5709805657787044,-0.00011602167587719718,0.02247771278076731,-0.00017374637365882503,125.27993164062491,-211.19998779296873,226.1249023437499,95.04000244140627,-77.7600158691406,105.31840820312482,24.48000488281241,221.2799316406249,550.598388671875,-157.4400390625001,67.19985351562491,9.292749023437409,-190.08001098632815,200.63996582031245,191.27685546875
1763686287.0630174,9,3,3,-0.25456878815142386,0.01530836642791411,-1.4438112271778885,-0.001727025191674019,0.023442547639448218,-0.00021196872082595544,118.07998046874991,-201.60001220703123,210.6368652343749,85.44002685546877,-75.36000671386716,101.44633789062482,24.48000488281241,209.2799316406249,531.238525390625,-150.2400878906251,62.40004882812491,9.292749023437409,-180.48000488281252,191.03999023437495,179.660888671875
1763686287.162182,9,3,3,-0.1301785657063501,0.056703718764409806,-1.4046436013766455,3.23155546740061e-05,0.018646837488427336,0.00011705916016900705,108.48000488281241,-189.60001220703123,191.2767578124999,85.44002685546877,-75.36000671386716,85.95854492187482,26.87990722656241,197.2799316406249,504.134521484375,-145.4400390625001,62.40004882812491,9.292749023437409,-170.8799987792969,181.44001464843745,168.044921875
1763686287.267073,9,3,3,-0.06461696115533754,0.018264455825734605,-1.1908106256974613,-0.0011976000541980432,0.016224665314864533,-4.3995273820571646e-05,106.07998046874991,-182.39999999999998,179.6607910156249,75.84002075195315,-72.96001281738279,82.08623046874982,24.48000488281241,182.8800292968749,465.41455078125,-131.0401367187501,59.99990234374991,9.292749023437409,-158.8799987792969,169.44001464843745,156.4287109375
1763686287.36274,9,3,3,-0.09279296525952054,-0.016224685582627876,-1.075852237550461,-0.002605877431426256,0.014870493334677916,0.00015016238430958954,94.07998046874991,-170.39999999999998,160.3009277343749,68.6400085449219,-63.360006713867165,78.21440429687482,24.48000488281241,161.2800537109374,418.950439453125,-116.63999023437509,57.59999999999991,9.292749023437409,-146.8799987792969,155.03999023437495,133.19677734375
1763686287.4577692,9,3,3,-0.06549068036683701,0.01571306248898302,-0.9657327158052551,-0.0004276999188202389,0.01214369685044279,0.0005863682482830284,82.07998046874991,-153.60001220703123,152.5567871093749,61.44002685546877,-60.96001281738279,62.72636718749982,29.27993164062491,144.4800048828124,391.846435546875,-107.04013671875009,55.19985351562491,13.164819335937409,-132.48000488281252,138.23994140624995,121.580810546875
1763686287.7545629,9,3,3,0.07454496146121768,0.01716051614505182,-0.3868453938771224,0.00015943085788731821,0.002984386371772261,-0.000849026394641284,58.07998046874991,-129.60001220703123,98.34877929687491,49.44002685546877,-51.360006713867165,35.62236328124982,26.87990722656241,110.88002929687491,295.04638671875,-78.24008789062509,50.40004882812491,5.420800781249909,-106.08001098632815,107.03999023437495,86.73291015625
1763686295.8619287,9,3,3,0.13654697783680264,-0.023765700793817658,-0.2679404374061556,-0.002650808985115058,0.0045716440747116385,-0.00034613044701666386,24.48000488281241,-98.39999999999998,48.01284179687491,20.640008544921898,-36.96001281738279,0.7744628906248181,31.67995605468741,53.28005371093741,194.37451171875,-37.44003906250009,52.79995117187491,1.548852539062409,-79.67998657226565,75.84003906249995,32.52490234375
1763686296.0643675,9,3,3,0.07879235677749963,-0.002085493788057134,-0.4625328502140723,-0.0011934132958258312,0.00506155158617615,-1.984352864600454e-05,24.48000488281241,-107.99997558593748,67.37294921874991,20.640008544921898,-41.76000061035154,4.646289062499818,34.07998046874991,55.67995605468741,221.478515625,-47.04013671875009,57.59999999999991,9.292749023437409,-82.08001098632815,85.44001464843745,36.396728515625
1763686296.1556222,9,3,3,0.06871694089679611,0.03986572134675192,-0.45479169952508824,0.0011177154181488962,0.007439924829914483,-0.0010264472689145905,29.27993164062491,-112.79996337890623,82.86074218749991,23.040002441406273,-44.16000976562498,16.262255859374818,31.67995605468741,60.48000488281241,244.71044921875,-59.04013671875009,62.40004882812491,9.292749023437409,-94.08001098632815,90.23994140624995,40.268798828125
1763686296.3605204,9,3,3,0.030532267370825844,0.09315683781986389,-0.6712383209565335,0.0021547659998691,0.009609430459635202,-0.00016504132567069982,46.07998046874991,-122.39999999999998,86.73281249999991,39.84002075195315,-46.56000366210935,27.878466796874818,29.27993164062491,89.28005371093741,279.558349609375,-71.04013671875009,57.59999999999991,9.292749023437409,-106.08001098632815,104.63996582031245,71.244873046875
1763686296.4551291,9,3,3,-0.054166514918857836,-0.023353705389509948,-0.7845517268653751,-0.00138722587308085,0.012819841904851458,-0.0002095856658104082,0,0,0,0,0,0,0,0,0,0,0,0,0,0,0
1763686296.5665543,9,3,3,-0.04632808127913589,0.06565585595969234,-0.7503039436084334,0.003381731557120139,0.012627892240485127,-0.00010623341021928553,53.27993164062491,-136.79996337890623,113.83681640624991,44.6400085449219,-51.360006713867165,43.36625976562482,34.07998046874991,108.48000488281241,333.766357421875,-87.83994140625009,59.99990234374991,9.292749023437409,-113.27999267578127,123.84003906249995,82.86083984375
1763686296.6541016,9,3,3,-0.0671507439007209,0.041333292501195926,-0.8921091038020897,0.0017744611171432128,0.014829485831837493,-0.0001611734565434985,67.67995605468741,-143.99997558593748,129.3248535156249,51.84002075195315,-60.96001281738279,54.98247070312482,29.27993164062491,118.07998046874991,337.638427734375,-85.44003906250009,57.59999999999991,13.164819335937409,-120.48000488281252,123.84003906249995,106.0927734375
1763686296.7671547,9,3,3,0.02893313652536929,-0.0997377059282466,-1.0478635699880279,-0.003585893035960936,0.01233530103221979,-0.00030710259132380645,58.07998046874991,-151.19998779296873,137.0687499999999,42.24001464843752,-58.56000366210935,58.85429687499982,29.27993164062491,122.88002929687491,376.3583984375,-104.63999023437509,52.79995117187491,17.03676757812491,-127.68000183105471,143.03999023437495,102.220703125
1763686296.953119,9,3,3,-0.39514231813315726,0.27087005558425603,-1.2248858528109143,0.009508302576320104,0.020123921040656925,0.00028382163499941077,74.88002929687491,-167.99997558593748,156.4288574218749,66.24001464843752,-63.360006713867165,62.72636718749982,34.07998046874991,166.0799804687499,415.078369140625,-107.04013671875009,59.99990234374991,5.420800781249909,-139.6800018310547,147.84003906249995,137.06884765625
1763686297.062201,9,3,3,0.17173489075458842,-0.41246810648376125,-1.477952228533257,0.0007822354860634005,0.016054632987412703,0.00013316244094840868,103.67995605468741,-170.39999999999998,171.9168945312499,78.24001464843752,-68.16000976562498,74.34233398437482,24.48000488281241,175.6799560546874,430.56640625,-116.63999023437509,59.99990234374991,9.292749023437409,-151.6800018310547,157.44001464843745,144.812744140625
1763686297.1543837,9,3,3,0.16065688506062245,-0.517186434685486,-1.5795450147775607,-0.0036488430348940435,0.017868355865870714,-6.919325555073286e-05,96.48000488281241,-189.60001220703123,195.1488281249999,71.04000244140627,-70.56000366210935,93.70219726562482,31.67995605468741,180.4800048828124,484.7744140625,-133.4400390625001,59.99990234374991,24.78078613281241,-156.48000488281252,169.44001464843745,144.812744140625
1763686297.2638946,9,3,3,0.01878223247141221,-0.2802323115524435,-1.7532053838981587,0.0030538309788640007,0.020536654391605035,-0.00012139032725612777,94.07998046874991,-199.19998779296873,206.7647949218749,63.84002075195315,-72.96001281738279,97.57426757812482,31.67995605468741,194.8800292968749,527.366455078125,-145.4400390625001,59.99990234374991,17.03676757812491,-168.48000488281252,183.84003906249995,168.044921875
1763686297.3361742,9,3,3,0.14631862190504336,-0.3340223037638449,-1.678807888608818,0.00117035497345948,0.017647758429407898,-9.965619318823911e-05,108.48000488281241,-201.60001220703123,206.7647949218749,87.84002075195315,-82.56000366210935,105.31840820312482,36.48000488281241,206.8800292968749,546.7265625,-152.6399902343751,67.19985351562491,24.78078613281241,-178.07999572753909,195.84003906249995,160.30078125
1763686297.445315,9,3,3,-0.18986677839047938,-0.18191669118368753,-1.761253891230614,0.004291773969215186,0.025045496513497162,3.100794914855315e-05,108.48000488281241,-223.19998779296873,226.1249023437499,85.44002685546877,-84.96001281738279,113.06254882812482,36.48000488281241,206.8800292968749,581.574462890625,-174.2400878906251,62.40004882812491,28.65285644531241,-190.08001098632815,215.03999023437495,187.40478515625
1763686297.5375597,9,3,3,-0.19376248347596708,-0.1761182474806963,-1.8825314175498797,0.0033069884010183273,0.024668067030135993,0.00037371935805712573,132.4800048828124,-239.99997558593748,249.3568359374999,95.04000244140627,-94.56000366210935,116.93413085937482,31.67995605468741,233.2799316406249,604.806396484375,-176.6399902343751,64.79995117187491,20.90883789062491,-206.8799987792969,212.63996582031245,199.020751953125
1763686297.6654093,9,3,3,-0.5916848062480133,0.5202931901867622,-2.1457428184214087,0.010503722101454251,0.027477530326730906,0.0003309211136803716,146.8800292968749,-244.80002441406248,257.1007324218749,107.04000244140627,-99.36000671386716,124.67827148437482,41.27993164062491,262.0799804687499,659.014404296875,-186.2400878906251,74.40004882812491,17.03676757812491,-214.08001098632815,227.03999023437495,226.124755859375
1763686297.7619689,9,3,3,-0.5578034301543713,0.2891828848907644,-2.4207313475911696,0.00451759487983088,0.027103584874724595,0.00030475192169973197,146.8800292968749,-261.6000122070312,284.2047363281249,107.04000244140627,-99.36000671386716,136.29448242187482,34.07998046874991,271.6800781249999,701.6064453125,-195.8399414062501,71.99990234374991,24.78078613281241,-230.8799987792969,248.63996582031245,241.61279296875
1763686297.8522255,9,3,3,-0.5083970649328143,0.2492742716792787,-2.5512481277127215,0.0022734911727462503,0.02991896877420371,-0.00029509029787929157,149.2799316406249,-280.8000244140625,295.8209472656249,102.24001464843752,-111.36000671386716,140.16655273437482,41.27993164062491,274.0799804687499,744.198486328125,-217.4400390625001,79.19985351562491,28.65285644531241,-240.48000488281252,270.23994140624995,233.868896484375
1763686297.9644344,9,3,3,-0.5219117764793044,0.30139466035937446,-2.8083290064868196,0.010833195914028038,0.03302787745925294,0.0004284938068308819,163.6799560546874,-287.9999755859375,303.5648437499999,114.24001464843752,-116.16000976562498,140.16655273437482,41.27993164062491,302.8800292968749,763.558349609375,-219.8399414062501,81.59999999999991,28.65285644531241,-247.6800018310547,270.23994140624995,253.228759765625
1763686298.1657555,9,3,3,-0.30422591215875483,0.04757327754971681,-3.1835291584498435,0.008635958620713348,0.03786631970804318,0.00038524061554956793,173.2799316406249,-323.9999755859375,353.9007812499999,121.44002685546877,-118.56000366210935,171.14213867187482,38.87990722656241,319.6800781249999,868.1025390625,-248.6399902343751,83.99990234374991,32.52480468749991,-281.28000793457034,308.63996582031245,280.332763671875
1763686298.257954,9,3,3,-0.6820688733762545,0.34190419977652553,-3.3094689150024768,0.011607967776151489,0.03940790563787748,0.00048614091896206565,192.4800048828124,-333.6000122070312,369.3888183593749,135.84002075195315,-125.7600158691406,175.01420898437482,36.48000488281241,336.4801269531249,895.20654296875,-263.0401367187501,88.79995117187491,36.39675292968741,-293.28000793457034,318.24006347656245,295.82080078125
1763686298.3666048,9,3,3,-0.7418738179355912,0.3478325280889345,-3.5634955933706105,0.011215803563793009,0.04213047582361418,0.0006286402554398084,197.2799316406249,-355.1999877929687,381.0047851562499,138.24001464843752,-132.9600128173828,186.63041992187482,43.67995605468741,360.4801269531249,949.41455078125,-270.2400878906251,88.79995117187491,32.52480468749991,-307.68000946044924,337.44001464843745,303.564697265625
1763686298.464294,9,3,3,-0.6139889738959072,0.2745866810992287,-3.754293485148082,0.010577609550308911,0.040832022779081024,9.405396950138345e-05,209.2799316406249,-364.8000244140625,400.3648925781249,147.84002075195315,-135.36000671386716,190.50249023437482,38.87990722656241,384.4801269531249,992.00634765625,-287.0401367187501,91.19985351562491,28.65285644531241,-324.4800086975098,351.84003906249995,319.052734375
1763686298.757005,9,3,3,-0.6330727488109835,0.3376147990658386,-4.014393301090576,0.013189652532990863,0.04202162003533148,0.00039829812427488774,214.0799804687499,-381.6000122070312,411.9808593749999,147.84002075195315,-147.3600143432617,194.37456054687482,46.07998046874991,394.0799804687499,1026.8544921875,-294.2400878906251,100.79995117187491,44.14077148437491,-331.68000946044924,361.44001464843745,326.796875
1763686298.851303,9,3,3,-0.6104275274722946,0.29757380948138623,-3.8686578042989828,0.011732775873608705,0.04155068033243296,0.00013455224294529932,211.6799560546874,-376.8000244140625,411.9808593749999,147.84002075195315,-140.16000976562498,198.24614257812482,48.48000488281241,386.8800292968749,1022.982421875,-294.2400878906251,95.99990234374991,32.52480468749991,-329.28000793457034,359.03999023437495,330.668701171875
1763686298.8798347,9,3,3,-0.6290591659638947,0.2988440912689852,-3.9003929104083586,0.012072618124359055,0.04152241253007468,0.00035923117105926636,209.2799316406249,-381.6000122070312,408.1087890624999,143.04000244140627,-144.9600128173828,205.99028320312482,43.67995605468741,391.6800781249999,1022.982421875,-294.2400878906251,100.79995117187491,36.39675292968741,-334.08001098632815,363.84003906249995,330.668701171875
1763686298.974431,9,3,3,-0.6418833186618276,0.29926993359005327,-3.779740480057734,0.012925174683833762,0.04288505980399774,-0.00014088264223477854,211.6799560546874,-383.9999755859375,411.9808593749999,145.44002685546877,-144.9600128173828,198.24614257812482,46.07998046874991,391.6800781249999,1022.982421875,-296.6399902343751,103.19985351562491,40.26882324218741,-334.08001098632815,366.24006347656245,330.668701171875
1763686299.0692015,9,3,3,-0.647771316886699,0.3423194588498588,-3.8915119723555343,0.014605514896924729,0.042556387165474045,0.0006045315733574229,211.6799560546874,-381.6000122070312,411.9808593749999,145.44002685546877,-147.3600143432617,198.24614257812482,43.67995605468741,389.2799316406249,1030.7265625,-289.4400390625001,98.40004882812491,36.39675292968741,-334.08001098632815,363.84003906249995,330.668701171875
1763686299.1641676,9,3,3,-0.6266117174491815,0.26860580312418636,-3.7177945555848617,0.011374214033974348,0.041426107442590274,0.00018948236825164525,211.6799560546874,-381.6000122070312,411.9808593749999,145.44002685546877,-140.16000976562498,194.37456054687482,46.07998046874991,391.6800781249999,1026.8544921875,-294.2400878906251,98.40004882812491,44.14077148437491,-331.68000946044924,361.44001464843745,326.796875
1763686299.2568731,9,3,3,-0.5876239572424234,0.27513626473943265,-3.7834450998134677,0.012264883340547508,0.04099701931679274,0.0005599525195508622,206.8800292968749,-381.6000122070312,411.9808593749999,140.6400085449219,-147.3600143432617,190.50249023437482,48.48000488281241,391.6800781249999,1026.8544921875,-299.0401367187501,103.19985351562491,40.26882324218741,-331.68000946044924,361.44001464843745,330.668701171875
1763686299.5656297,9,3,3,-0.5595916747420187,0.2939930885266147,-3.6830437190193117,0.012129549941819775,0.03963716071950115,0.0005931138940356178,206.8800292968749,-383.9999755859375,411.9808593749999,145.44002685546877,-147.3600143432617,194.37456054687482,46.07998046874991,386.8800292968749,1030.7265625,-294.2400878906251,100.79995117187491,36.39675292968741,-331.68000946044924,359.03999023437495,326.796875
1763686299.6572413,9,3,3,-0.6317582840579892,0.29911564081410813,-3.645437398428872,0.012823476336471,0.041586194896580476,0.0004535925469101097,209.2799316406249,-381.6000122070312,427.4688964843749,145.44002685546877,-142.56001129150388,198.24614257812482,48.48000488281241,384.4801269531249,1022.982421875,-296.6399902343751,98.40004882812491,44.14077148437491,-334.08001098632815,366.24006347656245,330.668701171875
1763686299.7523637,9,3,3,-0.616706562837742,0.3405397566144072,-3.743668126245533,0.01364204674856883,0.041168560620818015,0.0004964473285366056,214.0799804687499,-383.9999755859375,419.7247558593749,140.6400085449219,-144.9600128173828,194.37456054687482,43.67995605468741,391.6800781249999,1026.8544921875,-294.2400878906251,100.79995117187491,40.26882324218741,-331.68000946044924,363.84003906249995,326.796875
1763686299.9547405,9,3,3,-0.6097105586684788,0.2802015958700931,-3.548552642848617,0.01169220654677195,0.04083627800283254,9.372192775719502e-05,211.6799560546874,-381.6000122070312,419.7247558593749,145.44002685546877,-144.9600128173828,198.24614257812482,41.27993164062491,389.2799316406249,1026.8544921875,-294.2400878906251,98.40004882812491,36.39675292968741,-334.08001098632815,366.24006347656245,330.668701171875
1763686300.1585193,9,3,3,-0.5824743276722687,0.28521248245606035,-3.6018020688512333,0.01140178872546152,0.040580810097619734,0.0006982420318280592,206.8800292968749,-383.9999755859375,408.1087890624999,143.04000244140627,-142.56001129150388,198.24614257812482,46.07998046874991,389.2799316406249,1019.1103515625,-291.8399414062501,100.79995117187491,48.01284179687491,-334.08001098632815,363.84003906249995,326.796875
1763686300.5609138,9,3,3,-0.5659834050997352,0.23997633582742597,-3.6350471486323914,0.011194310712785973,0.03941711426398267,0.00029817625636774543,209.2799316406249,-379.1999877929687,415.8529296874999,150.24001464843752,-142.56001129150388,194.37456054687482,43.67995605468741,386.8800292968749,1019.1103515625,-291.8399414062501,95.99990234374991,40.26882324218741,-331.68000946044924,361.44001464843745,334.540771484375
1763686300.6564815,9,3,3,-0.6077998978343666,0.25484256608220535,-3.5495943117158086,0.01116590445979047,0.03968963177495314,0.00032755919440766905,211.6799560546874,-371.9999755859375,411.9808593749999,145.44002685546877,-147.3600143432617,194.37456054687482,46.07998046874991,389.2799316406249,1026.8544921875,-296.6399902343751,105.59999999999991,44.14077148437491,-334.08001098632815,366.24006347656245,330.668701171875
1763686300.7634923,9,3,3,-0.6120547969414335,0.261193474360763,-3.5131602029174234,0.012048263314418224,0.04077891072977175,-4.677259473753791e-05,209.2799316406249,-379.1999877929687,415.8529296874999,140.6400085449219,-144.9600128173828,198.24614257812482,41.27993164062491,389.2799316406249,1038.470458984375,-294.2400878906251,100.79995117187491,48.01284179687491,-334.08001098632815,363.84003906249995,326.796875
1763686300.9671483,9,3,3,-0.5545558651246475,0.2657842907394376,-3.518229394358901,0.01093960726185363,0.03885621354894507,0.00017997303810951115,206.8800292968749,-379.1999877929687,419.7247558593749,140.6400085449219,-147.3600143432617,198.24614257812482,46.07998046874991,386.8800292968749,1034.598388671875,-291.8399414062501,100.79995117187491,40.26882324218741,-331.68000946044924,363.84003906249995,326.796875
1763686301.0622432,9,3,3,-0.5956888759023201,0.34311056112758753,-3.5100978449504012,0.01307020799404084,0.040070674936637726,0.0003422525298378853,206.8800292968749,-386.4,415.8529296874999,138.24001464843752,-147.3600143432617,186.63041992187482,43.67995605468741,384.4801269531249,1034.598388671875,-291.8399414062501,100.79995117187491,40.26882324218741,-334.08001098632815,363.84003906249995,330.668701171875
1763686301.156495,9,3,3,-0.5877428292348208,0.31119389695221344,-3.4760672980455056,0.01299225775829842,0.039358399930991564,0.0002003074229489231,211.6799560546874,-379.1999877929687,408.1087890624999,140.6400085449219,-144.9600128173828,194.37456054687482,41.27993164062491,389.2799316406249,1019.1103515625,-291.8399414062501,103.19985351562491,36.39675292968741,-331.68000946044924,361.44001464843745,330.668701171875
1763686301.359184,9,3,3,-0.6833107047772669,0.18875522602345146,-3.2249220109882426,0.008154121635833563,0.04362204418502311,4.655673959969454e-05,194.8800292968749,-359.9999755859375,396.4928222656249,133.44002685546877,-135.36000671386716,186.63041992187482,34.07998046874991,358.0799804687499,968.7744140625,-282.2400878906251,98.40004882812491,32.52480468749991,-314.88000640869143,351.84003906249995,315.180908203125
1763686301.652764,9,3,3,-0.3753988300614962,0.20037020087510504,-2.5676712153783607,0.008281320994868384,0.029249550106408735,0.00011963733774704053,168.4800048828124,-321.6000122070312,342.2848144531249,119.04000244140627,-128.16000976562498,159.52641601562482,41.27993164062491,317.2799316406249,844.870361328125,-246.2400878906251,86.40004882812491,44.14077148437491,-274.0800033569336,301.44001464843745,280.332763671875
1763686301.8587706,9,3,3,-0.321817301388645,0.15524120595625776,-2.0786031762824644,0.00810259080683242,0.025107652334284327,6.176723195911718e-05,151.6799560546874,-287.9999755859375,303.5648437499999,104.6400085449219,-116.16000976562498,140.16655273437482,41.27993164062491,278.8800292968749,755.814453125,-215.0401367187501,79.19985351562491,28.65285644531241,-247.6800018310547,267.84003906249995,241.61279296875
1763686301.9668906,9,3,3,-0.191929468628874,0.15137108610821656,-1.7677119366599903,0.006353097671333014,0.02184994092944427,-0.0003831900125673925,142.0799804687499,-261.6000122070312,276.4608398437499,104.6400085449219,-101.7600158691406,128.55034179687482,38.87990722656241,254.8800292968749,686.118408203125,-195.8399414062501,74.40004882812491,24.78078613281241,-226.08001098632815,241.44001464843745,226.124755859375
1763686302.0621514,9,3,3,-0.22162198537518624,0.07820056951087206,-1.534427428461581,0.0050009881161480925,0.020344859061448815,-0.0002213265170424078,130.0799804687499,-244.80002441406248,257.1007324218749,90.24001464843752,-94.56000366210935,116.93413085937482,36.48000488281241,240.4801269531249,639.654541015625,-186.2400878906251,71.99990234374991,36.39675292968741,-209.28000793457034,229.44001464843745,199.020751953125
1763686302.153823,9,3,3,-0.14920534510209188,0.12456930777822092,-1.2827519151621245,0.004975608648223892,0.017778630655135068,-0.0005274851162501032,120.48000488281241,-227.99997558593748,229.9969726562499,85.44002685546877,-89.7600158691406,93.70219726562482,34.07998046874991,223.6800781249999,577.702392578125,-159.8399414062501,71.99990234374991,32.52480468749991,-202.08001098632815,207.84003906249995,195.14892578125
1763686302.2623641,9,3,3,-0.25321919331145937,0.33712702461438016,-1.0305214171071444,0.0024499280779057622,0.012441828046775322,-0.0007022697546428926,110.88002929687491,-211.19998779296873,206.7647949218749,78.24001464843752,-87.36000671386716,89.83012695312482,38.87990722656241,202.0799804687499,531.238525390625,-147.8399414062501,67.19985351562491,17.03676757812491,-180.48000488281252,186.23994140624995,168.044921875
1763686302.6663418,9,3,3,-0.2811140923392879,0.3137745607826822,-0.47342890136645455,0.006985044378473273,0.011037048378695605,6.572232419313397e-05,67.67995605468741,-167.99997558593748,137.0687499999999,37.44002685546877,-65.76000061035154,66.59843749999982,34.07998046874991,130.0799804687499,415.078369140625,-114.24008789062509,59.99990234374991,28.65285644531241,-137.28000793457034,150.23994140624995,94.476806640625
1763686302.9584064,9,3,3,-0.27685424295621114,0.48229267694449535,-0.2258777419780318,0.005899315524774956,0.011264436035782872,-0.0004908335531037282,55.67995605468741,-139.19998779296873,113.83681640624991,47.04000244140627,-56.16000976562498,43.36625976562482,29.27993164062491,108.48000488281241,322.150390625,-85.44003906250009,52.79995117187491,13.164819335937409,-115.67998657226565,123.84003906249995,86.73291015625
1763686303.1629417,9,3,3,0.03471494450819643,0.010927065759805848,-0.23625534493427117,0.0009603066177667951,0.0075630310558035,-0.0002426756498375548,48.48000488281241,-127.19998779296873,94.47695312499991,37.44002685546877,-53.76000061035154,39.49443359374982,29.27993164062491,91.67995605468741,291.174560546875,-75.83994140625009,55.19985351562491,5.420800781249909,-108.48000488281252,111.84003906249995,71.244873046875
1763686308.0663702,9,3,3,0.07321454260532567,-0.008775921288135879,-0.20442665862303958,0.0001756840740528491,0.004601649551786309,6.746522231704786e-07,-4.320043945312591,-86.39999999999998,20.90883789062491,-3.3599914550781023,-29.76000061035154,-37.94575195312518,26.87990722656241,7.679956054687409,136.29443359375,-15.839941406250091,64.79995117187491,5.420800781249909,-62.8799987792969,54.239941406249955,-10.067138671875
1763686311.167488,9,3,3,0.13112310308732505,0.06908222052230284,-0.31030471017973565,-0.000554923191406059,0.004063832840063836,-0.00012580001096817772,19.67995605468741,-103.19998779296873,59.62880859374991,15.840020751953148,-41.76000061035154,-3.097607421875182,29.27993164062491,46.07998046874991,205.990478515625,-42.24008789062509,50.40004882812491,9.292749023437409,-84.48000488281252,78.23994140624995,32.52490234375
1763686311.25849,9,3,3,0.0723666799842176,-0.17440091456598383,-0.32058237013740337,-0.003418098765929979,0.00710104909882338,-0.00019777398050424588,22.07998046874991,-110.39999999999998,63.50087890624991,18.240014648437523,-46.56000366210935,0.7744628906248181,29.27993164062491,48.48000488281241,225.350341796875,-47.04013671875009,59.99990234374991,13.164819335937409,-86.8799987792969,83.03999023437495,32.52490234375
1763686311.364341,9,3,3,0.0619729515854319,0.16325549407374168,-0.45017217214393535,0.002173679208897221,0.00522543036182027,0.00021943203922774834,29.27993164062491,-119.99997558593748,78.98891601562491,23.040002441406273,-46.56000366210935,16.262255859374818,31.67995605468741,72.48000488281241,252.454345703125,-59.04013671875009,55.19985351562491,5.420800781249909,-96.48000488281252,97.44001464843745,55.7568359375
1763686311.5677376,9,3,3,-0.08972364389198573,-0.09465452501089457,-0.6388053886001397,0.0004407869718161196,0.010567557156270703,-0.00022175504070530896,46.07998046874991,-129.60001220703123,98.34877929687491,42.24001464843752,-51.360006713867165,31.750292968749818,26.87990722656241,103.67995605468741,302.79052734375,-71.04013671875009,55.19985351562491,13.164819335937409,-110.8799987792969,111.84003906249995,78.98876953125
1763686311.6607733,9,3,3,0.008558367509951738,0.04321487145663109,-0.6814040605331303,-0.0009381580355125494,0.009194207665988155,-9.959261853277463e-05,55.67995605468741,-139.19998779296873,106.09291992187491,49.44002685546877,-56.16000976562498,39.49443359374982,36.48000488281241,108.48000488281241,329.89453125,-83.04013671875009,57.59999999999991,9.292749023437409,-118.08001098632815,116.63996582031245,90.604736328125
1763686311.7063904,9,3,3,-0.028116737804096247,0.08153123009272746,-0.745063792755616,-0.00015187515977606677,0.009974997359255798,-4.37082937733514e-05,60.48000488281241,-139.19998779296873,121.58095703124991,49.44002685546877,-53.76000061035154,39.49443359374982,29.27993164062491,115.67995605468741,337.638427734375,-90.24008789062509,55.19985351562491,9.292749023437409,-118.08001098632815,121.44001464843745,98.348876953125
1763686311.8645844,9,3,3,-0.022977547466237723,0.07443466021963305,-1.0178480744980394,0.0038952907595013043,0.011742867083191277,0.0001902548986853158,67.67995605468741,-151.19998779296873,144.8128906249999,54.24001464843752,-60.96001281738279,58.85429687499982,31.67995605468741,127.67995605468741,384.1025390625,-99.83994140625009,55.19985351562491,13.164819335937409,-134.8799987792969,140.63996582031245,102.220703125
1763686311.9581985,9,3,3,-0.11536889444193277,0.08225242565062872,-1.156596957512156,0.003023473382358658,0.016531391536115925,0.00021594339290531236,72.48000488281241,-160.79996337890623,148.6849609374999,54.24001464843752,-65.76000061035154,62.72636718749982,31.67995605468741,142.0799804687499,403.46240234375,-107.04013671875009,59.99990234374991,20.90883789062491,-137.28000793457034,150.23994140624995,125.452880859375
1763686311.9879954,9,3,3,-0.11392693439911562,0.05090377014363431,-1.0236138316087167,0.0024546388646607786,0.0167282734900311,-0.00043988677048074215,72.48000488281241,-167.99997558593748,152.5567871093749,56.6400085449219,-72.96001281738279,58.85429687499982,38.87990722656241,144.4800048828124,411.20654296875,-109.44003906250009,64.79995117187491,17.03676757812491,-144.48000488281252,145.44001464843745,121.580810546875
1763686312.0691757,9,3,3,-0.10036886017767775,0.08473132106144181,-1.1882912830474854,0.003544875459929831,0.01593872188827816,0.0002064693058399929,79.67995605468741,-177.60001220703123,168.0448242187499,56.6400085449219,-68.16000976562498,66.59843749999982,34.07998046874991,151.6799560546874,434.4384765625,-116.63999023437509,59.99990234374991,17.03676757812491,-146.8799987792969,155.03999023437495,129.32470703125
1763686312.1608992,9,3,3,-0.11362685487499596,0.11978214133310294,-1.3009509006545967,0.0047967371727875,0.016242179289994396,9.057416126003457e-05,89.27993164062491,-182.39999999999998,175.7889648437499,66.24001464843752,-75.36000671386716,82.08623046874982,38.87990722656241,163.6799560546874,461.54248046875,-131.0401367187501,62.40004882812491,17.03676757812491,-154.07999572753909,167.03999023437495,144.812744140625
1763686312.2699642,9,3,3,-0.20030197214004103,0.10824937433380458,-1.537497361634118,0.004418302221153174,0.019860705694273444,6.711614888698508e-06,98.88002929687491,-194.39999999999998,195.1488281249999,75.84002075195315,-77.7600158691406,89.83012695312482,41.27993164062491,180.4800048828124,500.262451171875,-135.8399414062501,67.19985351562491,17.03676757812491,-161.28000793457034,179.03999023437495,164.1728515625
1763686312.3636322,9,3,3,-0.18918595101650243,0.15708887545644146,-1.709109946979944,0.004090326495950504,0.02103627387848335,0.0002526117747123425,98.88002929687491,-201.60001220703123,206.7647949218749,80.6400085449219,-82.56000366210935,97.57426757812482,31.67995605468741,194.8800292968749,527.366455078125,-152.6399902343751,62.40004882812491,17.03676757812491,-173.28000793457034,191.03999023437495,168.044921875
1763686312.4556377,9,3,3,-0.16723853928679744,0.1303423176169783,-1.8268080405226343,0.004509282231090011,0.0215932738195458,0.00037111819468495526,108.48000488281241,-218.39999999999998,214.5089355468749,83.04000244140627,-84.96001281738279,109.19047851562482,36.48000488281241,209.2799316406249,566.08642578125,-157.4400390625001,69.59999999999991,24.78078613281241,-187.6800018310547,200.63996582031245,179.660888671875
1763686312.5651243,9,3,3,-0.22413601154465404,0.13349891957692747,-2.004279603847121,0.005636886771724728,0.02162058780472577,-0.00015640289105574496,125.27993164062491,-235.19998779296873,249.3568359374999,90.24001464843752,-89.7600158691406,120.80620117187482,34.07998046874991,228.4801269531249,620.29443359375,-179.0401367187501,67.19985351562491,20.90883789062491,-202.08001098632815,219.84003906249995,195.14892578125
1763686312.7673273,9,3,3,-0.2936990305492573,0.1947057356731089,-2.334109051933609,0.007659006806583612,0.02595167282943846,-0.0005039692464452756,144.4800048828124,-259.1999877929687,280.3329101562499,102.24001464843752,-104.16000976562498,132.42241210937482,38.87990722656241,262.0799804687499,693.862548828125,-205.4400390625001,71.99990234374991,32.52480468749991,-223.6800018310547,248.63996582031245,226.124755859375
1763686312.8624434,9,3,3,-0.39540278687891917,0.19855157178425498,-2.4895802401064495,0.006935320620768138,0.030716883856895513,0.0002986086721632657,146.8800292968749,-273.6000122070312,291.9488769531249,102.24001464843752,-108.96001281738279,140.16655273437482,43.67995605468741,271.6800781249999,732.58251953125,-212.6399902343751,74.40004882812491,32.52480468749991,-242.8799987792969,258.23994140624995,229.996826171875
1763686312.9050105,9,3,3,-0.3612870095864297,0.18849294656574325,-2.540918207262746,0.006831559046826955,0.03042564072813914,-0.00026682483557126423,0,0,0,0,0,0,0,0,0,0,0,0,0,0,0
1763686313.014596,9,3,3,-0.32511447927172266,0.22712535299171266,-2.670209883241937,0.008644176567504087,0.029644447809050175,0.0003166033222215007,161.2799316406249,-302.4,322.9249511718749,109.44002685546877,-113.7600158691406,151.78227539062482,41.27993164062491,300.4801269531249,794.534423828125,-227.0401367187501,81.59999999999991,28.65285644531241,-259.68000946044924,284.63996582031245,253.228759765625
1763686313.10599,9,3,3,-0.3952382262731709,0.236391979638522,-2.923817969702766,0.008622817329876633,0.03301393415570694,0.0010862361726972959,170.8800292968749,-309.6000122070312,338.4127441406249,121.44002685546877,-116.16000976562498,159.52641601562482,38.87990722656241,312.4801269531249,829.38232421875,-241.4400390625001,81.59999999999991,28.65285644531241,-271.68000946044924,296.63996582031245,268.716796875
1763686313.2636611,9,3,3,-0.5712257094072077,0.18264148723064447,-3.3334478666583545,0.010334516652359321,0.03752654715858729,0.00048498415852418677,192.4800048828124,-338.4,369.3888183593749,128.6400085449219,-120.96001281738279,182.75834960937482,36.48000488281241,346.0799804687499,906.822509765625,-265.4400390625001,93.59999999999991,36.39675292968741,-293.28000793457034,323.03999023437495,291.94873046875
1763686313.2926235,9,3,3,-0.5854727490548468,0.14202369564959136,-3.2854976790360135,0.009330756544409999,0.03765446329612577,-4.587325278539644e-05,0,0,0,0,0,0,0,0,0,0,0,0,0,0,0
1763686313.4693317,9,3,3,-0.666901075653871,0.26045546826557747,-3.8844351055069684,0.012250348257363439,0.04419449433353063,0.0008389747232956167,211.6799560546874,-369.6000122070312,411.9808593749999,147.84002075195315,-144.9600128173828,198.24614257812482,41.27993164062491,382.0799804687499,1003.62255859375,-294.2400878906251,95.99990234374991,40.26882324218741,-324.4800086975098,361.44001464843745,319.052734375
1763686313.5721636,9,3,3,-0.7211473242723327,0.3244319644497413,-4.031142803880531,0.01319120964290107,0.04606095600850785,0.00016031159823899242,221.2799316406249,-400.8000244140625,435.2127929687499,152.6400085449219,-149.76000823974607,209.86235351562482,41.27993164062491,410.8800292968749,1081.0625,-311.0401367187501,103.19985351562491,40.26882324218741,-348.4800086975098,385.44001464843745,338.412841796875
1763686313.664862,9,3,3,-0.7227336491990649,0.31206435999676474,-4.284712625427555,0.013187895849222723,0.04688248816791562,0.0006964524381038533,238.0799804687499,-417.6000122070312,454.5729003906249,162.24004516601565,-147.3600143432617,221.47856445312482,41.27993164062491,434.8800292968749,1119.782470703125,-323.0401367187501,105.59999999999991,36.39675292968741,-367.68001041412356,397.44001464843745,369.388916015625
1763686313.8696973,9,3,3,-0.9029780652830355,0.36178539423520784,-5.1034542894129515,0.014443352688098762,0.0538699593870322,0.0009549109623706578,269.2799316406249,-480.0000061035156,524.2689453124999,176.6400085449219,-166.56001129150388,240.83842773437482,41.27993164062491,490.0799804687499,1270.79052734375,-366.2400878906251,122.40004882812491,40.26882324218741,-415.6800132751465,459.84003906249995,408.10888671875
1763686313.9623034,9,3,3,-1.0259818567133538,0.30054823274355125,-5.514060646266084,0.01338051388185496,0.06274585393762208,0.0005770681229013237,283.6799560546874,-504.0000061035156,551.3729492187499,181.43999633789065,-178.56001129150388,252.45415039062482,43.67995605468741,518.8800292968749,1355.974365234375,-387.8399414062501,124.79995117187491,44.14077148437491,-442.0800148010254,488.63996582031245,427.46875
1763686314.0565708,9,3,3,-1.0892649815223714,0.3890471059881725,-5.998262182483953,0.014448601711913284,0.06500266452203893,0.0012618428567025127,288.4800048828124,-530.4,578.4769531249999,191.0400329589844,-180.9600128173828,267.9424316406248,46.07998046874991,540.4801269531249,1425.670654296875,-407.0401367187501,139.1998535156249,44.14077148437491,-463.6800170898438,517.4400146484375,446.828857421875
1763686314.1726825,9,3,3,-1.2744506205863213,0.3710819603064586,-6.370995695842034,0.014247571711470975,0.07488484641877247,0.0013671475782110788,302.8800292968749,-566.4,605.5809570312499,195.84002075195315,-185.7600158691406,275.6865722656248,38.87990722656241,574.0799804687499,1503.110595703125,-426.2400878906251,146.4000488281249,44.14077148437491,-494.88001403808596,551.039990234375,466.188720703125
1763686314.3684936,9,3,3,-1.349563159940058,0.502432300870095,-6.952124217606854,0.01628766716162707,0.07780839876298719,0.0015489008726675127,319.6799560546874,-614.4,640.4288574218749,207.84002075195315,-200.16000976562498,291.1743652343748,41.27993164062491,614.8800292968749,1627.014404296875,-452.6399902343751,160.7999511718749,51.88479003906241,-533.2800231933594,601.4400146484375,489.4208984375
1763686314.4623446,9,3,3,-1.4337270977531655,0.4371891930567516,-7.338147565726107,0.016613867037430223,0.0816833686820742,0.002044942839769767,322.0799804687499,-619.2000183105469,659.7889648437499,207.84002075195315,-204.9600128173828,291.1743652343748,38.87990722656241,614.8800292968749,1642.502197265625,-455.0401367187501,163.1998535156249,51.88479003906241,-535.6800170898438,603.8400390625,493.292724609375
1763686314.5700703,9,3,3,-1.3537522127460313,0.4537444120560658,-7.195274915070967,0.01851581024359854,0.07729727621279658,0.0018668808408159347,322.0799804687499,-616.8000244140625,659.7889648437499,205.43999633789065,-204.9600128173828,295.0464355468748,46.07998046874991,614.8800292968749,1638.630615234375,-457.4400390625001,160.7999511718749,59.62880859374991,-538.0800109863281,603.8400390625,485.548828125
1763686314.6641405,9,3,3,-1.3290016133181597,0.4442974654626576,-6.915083454044144,0.017017433019827978,0.07644155107002831,0.0016481977574919083,322.0799804687499,-619.2000183105469,652.0448242187499,205.43999633789065,-204.9600128173828,295.0464355468748,41.27993164062491,610.0799804687499,1638.630615234375,-457.4400390625001,155.9999023437499,55.75673828124991,-538.0800109863281,603.8400390625,493.292724609375
1763686314.758817,9,3,3,-1.281348685979549,0.46027032198988316,-6.793187095525595,0.018209860734106725,0.0747526267311263,0.001538550214014253,324.4800048828124,-621.6000122070312,655.9168945312499,200.6400085449219,-202.56001129150388,291.1743652343748,48.48000488281241,614.8800292968749,1638.630615234375,-455.0401367187501,163.1998535156249,59.62880859374991,-533.2800231933594,608.6399658203125,485.548828125
1763686315.3689115,9,3,3,-1.2532785649823748,0.5077896479650221,-6.481776507625547,0.020387902769232025,0.07288861579197628,0.001498203652779635,317.2799316406249,-624.0000061035156,663.6607910156249,203.0400329589844,-204.9600128173828,295.0464355468748,46.07998046874991,610.0799804687499,1650.246337890625,-455.0401367187501,163.1998535156249,59.62880859374991,-533.2800231933594,606.2400634765625,485.548828125
1763686315.5693386,9,3,3,-1.2357126886568337,0.46777497030533005,-6.471874643051354,0.018236861456117116,0.07111991697554765,0.001495366906247536,312.4800048828124,-621.6000122070312,659.7889648437499,203.0400329589844,-207.3600143432617,291.1743652343748,46.07998046874991,610.0799804687499,1650.246337890625,-457.4400390625001,167.9999023437499,59.62880859374991,-535.6800170898438,608.6399658203125,489.4208984375
1763686315.661896,9,3,3,-1.2568321163836278,0.5013230166083179,-6.444210240249827,0.02118923947416078,0.072283864230992,0.0014373967179581145,314.8800292968749,-624.0000061035156,663.6607910156249,198.24004516601565,-209.76001205444334,295.0464355468748,48.48000488281241,612.4801269531249,1654.118408203125,-457.4400390625001,165.5999999999999,59.62880859374991,-538.0800109863281,608.6399658203125,485.548828125
1763686315.7562444,9,3,3,-1.2123081797816218,0.5213785821847445,-6.343161585135357,0.021232029571308035,0.0705072805172056,0.0012367337971851905,317.2799316406249,-624.0000061035156,655.9168945312499,203.0400329589844,-209.76001205444334,291.1743652343748,43.67995605468741,617.2799316406249,1646.374267578125,-455.0401367187501,165.5999999999999,59.62880859374991,-535.6800170898438,599.039990234375,481.6767578125
1763686315.8666878,9,3,3,-1.1178132571083808,0.4220217718434812,-6.3272053562414525,0.016773311675243423,0.06758276392897189,0.0012305126219501238,317.2799316406249,-624.0000061035156,655.9168945312499,203.0400329589844,-204.9600128173828,291.1743652343748,48.48000488281241,617.2799316406249,1646.374267578125,-455.0401367187501,160.7999511718749,55.75673828124991,-540.4800201416016,603.8400390625,485.548828125
1763686315.9258258,9,3,3,-1.1268030617330949,0.43900012358456264,-6.308724338324906,0.01709318696047658,0.06719254653117787,0.0014715288341176245,322.0799804687499,-621.6000122070312,655.9168945312499,200.6400085449219,-209.76001205444334,291.1743652343748,48.48000488281241,610.0799804687499,1650.246337890625,-455.0401367187501,165.5999999999999,59.62880859374991,-535.6800170898438,603.8400390625,481.6767578125
1763686316.0366786,9,3,3,-1.173044365253667,0.4716534592496624,-6.4226785058459805,0.017988801660506527,0.06832945420665565,0.0018232822758266192,312.4800048828124,-621.6000122070312,652.0448242187499,203.0400329589844,-209.76001205444334,295.0464355468748,48.48000488281241,612.4801269531249,1650.246337890625,-450.2400878906251,163.1998535156249,59.62880859374991,-535.6800170898438,603.8400390625,485.548828125
1763686316.1640759,9,3,3,-1.1590373470028856,0.4422932815114841,-6.319981431690748,0.018443897108931313,0.06824061167324251,0.0013953483924161085,317.2799316406249,-621.6000122070312,652.0448242187499,205.43999633789065,-207.3600143432617,287.3022949218748,48.48000488281241,610.0799804687499,1642.502197265625,-455.0401367187501,163.1998535156249,59.62880859374991,-535.6800170898438,606.2400634765625,485.548828125
1763686316.222489,9,3,3,-1.1922073520534147,0.43386162279084733,-6.201319330493181,0.018239136894921407,0.06807098264841026,0.0013595435516071536,317.2799316406249,-626.4,652.0448242187499,205.43999633789065,-207.3600143432617,291.1743652343748,46.07998046874991,612.4801269531249,1654.118408203125,-455.0401367187501,160.7999511718749,55.75673828124991,-533.2800231933594,606.2400634765625,485.548828125
1763686316.3157763,9,3,3,-1.1642677481980688,0.4479474077500363,-6.288041049293737,0.01782882353936111,0.06790457353697671,0.0013253444740370292,314.8800292968749,-626.4,659.7889648437499,203.0400329589844,-209.76001205444334,287.3022949218748,48.48000488281241,612.4801269531249,1657.990478515625,-457.4400390625001,167.9999023437499,59.62880859374991,-535.6800170898438,608.6399658203125,489.4208984375
1763686316.4098883,9,3,3,-1.2097214550800772,0.4853937791686768,-6.328081841336123,0.02044799368544567,0.06945271024950886,0.0011634257086693377,317.2799316406249,-628.8000244140625,659.7889648437499,200.6400085449219,-204.9600128173828,291.1743652343748,46.07998046874991,612.4801269531249,1646.374267578125,-452.6399902343751,170.4000488281249,63.50075683593741,-540.4800201416016,606.2400634765625,485.548828125
1763686316.5189383,9,3,3,-1.178454903402049,0.46108550152921907,-6.266132174895489,0.01909720277885498,0.06870948223290327,0.0008687236041816735,317.2799316406249,-628.8000244140625,655.9168945312499,200.6400085449219,-209.76001205444334,287.3022949218748,48.48000488281241,610.0799804687499,1650.246337890625,-457.4400390625001,167.9999023437499,59.62880859374991,-530.880014038086,606.2400634765625,485.548828125
1763686316.661169,9,3,3,-1.1465207021187345,0.4813651245993736,-6.349458628476448,0.01975565331129056,0.06851970820427628,0.001230747874789724,314.8800292968749,-626.4,652.0448242187499,195.84002075195315,-207.3600143432617,287.3022949218748,46.07998046874991,612.4801269531249,1657.990478515625,-455.0401367187501,167.9999023437499,59.62880859374991,-538.0800109863281,608.6399658203125,489.4208984375
1763686316.7071998,9,3,3,-1.146049670548785,0.49452163508792274,-6.3320851637341535,0.019888266101033187,0.06776020407389952,0.0017834805578124356,317.2799316406249,-624.0000061035156,659.7889648437499,198.24004516601565,-207.3600143432617,291.1743652343748,46.07998046874991,612.4801269531249,1654.118408203125,-455.0401367187501,165.5999999999999,59.62880859374991,-538.0800109863281,608.6399658203125,485.548828125
1763686316.8004982,9,3,3,-1.17958858019181,0.483672038486291,-6.264036661699274,0.01963184758664204,0.06815626634200905,0.0012606176088141192,317.2799316406249,-626.4,659.7889648437499,200.6400085449219,-207.3600143432617,291.1743652343748,48.48000488281241,612.4801269531249,1650.246337890625,-457.4400390625001,165.5999999999999,59.62880859374991,-538.0800109863281,606.2400634765625,489.4208984375
1763686316.9095876,9,3,3,-1.131869463055441,0.4407431301492245,-6.151590607757489,0.018314801198637518,0.06700278612267141,0.000829192697513307,314.8800292968749,-624.0000061035156,659.7889648437499,203.0400329589844,-212.16001358032224,291.1743652343748,48.48000488281241,612.4801269531249,1657.990478515625,-452.6399902343751,165.5999999999999,67.37282714843741,-538.0800109863281,606.2400634765625,481.6767578125
1763686317.069268,9,3,3,-1.1254036497683966,0.5153578918626012,-6.0561003095544566,0.021489933773623356,0.0663312703234753,0.0014177139664762915,310.0799804687499,-607.2000183105469,648.1727539062499,195.84002075195315,-202.56001129150388,291.1743652343748,46.07998046874991,595.6800781249999,1611.526611328125,-445.4400390625001,165.5999999999999,59.62880859374991,-523.6800170898438,594.2400634765625,470.060791015625
1763686317.1632886,9,3,3,-1.1336879583708732,0.43714049896209306,-5.760991243804996,0.019098788353970737,0.06557195351154259,0.0013630671595239313,307.6799560546874,-597.6000122070312,624.9408203124999,193.43999633789065,-197.7600158691406,283.4302246093748,48.48000488281241,583.6800781249999,1580.550537109375,-438.2400878906251,158.4000488281249,59.62880859374991,-511.6800170898438,584.6399658203125,466.188720703125
1763686317.2231271,9,3,3,-1.113399838350288,0.4379576694566055,-5.830838832452066,0.018414729566257552,0.06500696185607961,0.0011002723223037178,300.4800048828124,-590.4,624.9408203124999,193.43999633789065,-200.16000976562498,275.6865722656248,46.07998046874991,578.8800292968749,1557.318603515625,-433.4400390625001,153.5999999999999,59.62880859374991,-504.48001251220705,567.8400390625,466.188720703125
1763686317.3665304,9,3,3,-1.0026623092115363,0.4509730959458462,-5.135864738782652,0.019621872609951865,0.05956936831676661,0.0007253929385515794,295.6799560546874,-559.2000183105469,601.7088867187499,183.84002075195315,-195.3600143432617,264.0703613281248,41.27993164062491,554.8800292968749,1499.238525390625,-419.0401367187501,146.4000488281249,59.62880859374991,-480.48001251220705,543.8400390625,450.700927734375
1763686317.4583106,9,3,3,-0.9177527899397322,0.424738744942442,-4.754453538692818,0.018213962358705545,0.05624696583546375,0.0004656800600636281,276.4800048828124,-540.0000061035156,570.7328124999999,181.43999633789065,-192.9600128173828,260.1982910156248,50.87990722656241,526.0799804687499,1433.414306640625,-402.2400878906251,143.9999023437499,51.88479003906241,-461.28001556396487,522.2400634765625,431.3408203125
1763686317.5667274,9,3,3,-0.7456991946195173,0.40973855719642405,-4.2604677567286675,0.019191339524618014,0.046322693192364164,0.0004882235080467352,262.0799804687499,-513.6000122070312,551.3729492187499,169.43999633789065,-180.9600128173828,244.71049804687482,46.07998046874991,494.8800292968749,1348.230224609375,-380.6399902343751,139.1998535156249,55.75673828124991,-434.88001403808596,491.03999023437495,408.10888671875
1763686317.6611412,9,3,3,-0.7295594872047896,0.41765737471446396,-4.004198848880135,0.019853258459824098,0.04425893153974226,0.0003468715480205182,245.2799316406249,-484.79999389648435,516.5248046874999,162.24004516601565,-173.7600158691406,229.22221679687482,43.67995605468741,466.0799804687499,1290.150634765625,-363.8399414062501,131.9999023437499,55.75673828124991,-410.8800121307373,462.24006347656245,377.1328125
1763686317.7203035,9,3,3,-0.6993888585003931,0.4090466004267648,-3.908555436451199,0.018796976219433402,0.04456125418719062,-1.383070252920348e-05,230.8800292968749,-458.4,493.2928710937499,155.0400329589844,-173.7600158691406,225.35014648437482,48.48000488281241,442.0799804687499,1212.71044921875,-339.8399414062501,124.79995117187491,63.50075683593741,-386.880011177063,431.03999023437495,361.644775390625
1763686317.865563,9,3,3,-0.5571214007416417,0.2770961582551626,-2.840876606156031,0.012072124101389756,0.038507184638546126,3.491695516239651e-05,209.2799316406249,-415.1999877929687,446.8287597656249,140.6400085449219,-156.9600128173828,194.37456054687482,46.07998046874991,396.4801269531249,1088.806396484375,-311.0401367187501,117.59999999999991,51.88479003906241,-350.8800102233887,392.63996582031245,334.540771484375
1763686317.9557407,9,3,3,-0.35315389107192746,0.3581667812411237,-2.4954340145280605,0.014279865012010125,0.0291399058664915,-0.0003896279375011644,194.8800292968749,-386.4,415.8529296874999,133.44002685546877,-144.9600128173828,182.75834960937482,46.07998046874991,362.8800292968749,1019.1103515625,-291.8399414062501,105.59999999999991,48.01284179687491,-324.4800086975098,366.24006347656245,315.180908203125
1763686318.031911,9,3,3,-0.3298804997007251,0.3720318950892858,-2.5120944244126164,0.014908735719657625,0.029402848483316632,0.00030952116466452517,180.4800048828124,-364.8000244140625,388.7489257812499,121.44002685546877,-142.56001129150388,171.14213867187482,41.27993164062491,336.4801269531249,957.158447265625,-270.2400878906251,98.40004882812491,48.01284179687491,-310.08001098632815,347.03999023437495,295.82080078125
1763686318.1574726,9,3,3,-0.3498937257545621,0.2039233763342559,-1.8736585100324805,0.009037281904776658,0.026787218936206114,-0.0002556003355622819,156.4800048828124,-321.6000122070312,346.1568847656249,109.44002685546877,-125.7600158691406,151.78227539062482,43.67995605468741,305.2799316406249,860.3583984375,-243.8399414062501,93.59999999999991,44.14077148437491,-278.88000640869143,313.44001464843745,260.972900390625
1763686318.6667755,9,3,3,-0.09795317173344775,0.11543996535561662,-0.8846515523054486,0.0035407975930826577,0.015393575273830618,-0.0003915551279289526,108.48000488281241,-213.60001220703123,226.1249023437499,73.44002685546877,-87.36000671386716,101.44633789062482,34.07998046874991,197.2799316406249,558.342529296875,-159.8399414062501,71.99990234374991,24.78078613281241,-182.8799987792969,203.03999023437495,168.044921875
1763686318.86879,9,3,3,-0.016295306106205526,0.04905654266318203,-0.5502039297220275,0.0026667291717168812,0.010134117435732278,0.00011922578438082563,0,0,0,0,0,0,0,0,0,0,0,0,0,0,0
1763686319.1628087,9,3,3,0.00627898230485965,0.001575855603977214,-0.34427935327265247,-0.0006832260708881238,0.009736611642699428,-0.0002869875043735506,77.27993164062491,-160.79996337890623,148.6849609374999,59.04000244140627,-60.96001281738279,70.47026367187482,29.27993164062491,139.6799560546874,399.59033203125,-111.83994140625009,59.99990234374991,13.164819335937409,-137.28000793457034,145.44001464843745,117.708740234375
1763686371.0809462,9,3,3,0.11514524444986055,-0.014494710103100085,-0.20608189454074682,0.0003100535055538898,0.004519914635237954,0.00031365495571330105,-28.32004394531259,-71.99997558593748,-21.68320312500009,-24.959997558593727,-24.96001281738279,-61.17768554687518,29.27993164062491,-42.71994628906259,51.1103515625,15.360009765624909,76.79995117187491,13.164819335937409,-41.27999267578127,27.840039062499955,-44.915283203125
1763686378.593245,9,3,3,0.14474236514140712,0.046403584185412086,-0.24320081391622503,-4.0406907655506736e-05,0.004895267990914687,0.0004497977816610214,-37.92001953125009,-67.19998779296873,-13.939062500000091,-17.759985351562477,-20.160009765624977,-68.92158203125018,29.27993164062491,-37.92001953125009,51.1103515625,20.16005859374991,76.79995117187491,1.548852539062409,-38.8799987792969,32.639965820312455,-48.787109375
1763686379.6824636,9,3,3,0.11931345977136736,0.015425522462951924,-0.20828992765294282,-0.0002826094249780975,0.004186893749997367,0.00030754946877201546,-37.92001953125009,-69.60001220703123,-17.81113281250009,-15.359991455078102,-22.560003662109352,-61.17768554687518,31.67995605468741,-40.32004394531259,47.238525390625,20.16005859374991,74.40004882812491,9.292749023437409,-43.67998657226565,23.039990234374955,-44.915283203125
1763686381.6864579,9,3,3,0.13683545590290275,-0.006570418031204291,-0.2270350378418064,-0.0006454489964352674,0.0045061886194710295,-8.97343188313532e-05,-30.72006835937509,-69.60001220703123,-17.81113281250009,-20.159979248046852,-22.560003662109352,-72.79365234375018,31.67995605468741,-42.71994628906259,51.1103515625,12.959863281249909,74.40004882812491,5.420800781249909,-41.27999267578127,27.840039062499955,-52.6591796875
1763686382.4965532,9,3,3,0.13313908969013488,-0.004326991888298812,-0.2238854259723416,0.000226075389212763,0.004264669454954603,0.00038406187661607963,-35.51999511718759,-67.19998779296873,-21.68320312500009,-20.159979248046852,-22.560003662109352,-65.04975585937518,31.67995605468741,-37.92001953125009,54.982421875,17.75991210937491,76.79995117187491,9.292749023437409,-41.27999267578127,23.039990234374955,-41.043212890625
1763686383.2888978,9,3,3,0.13748627641424258,0.036246433027382,-0.2088749005252319,-0.0002709044179938136,0.0037430128614731563,0.0004617282873750269,-37.92001953125009,-69.60001220703123,-17.81113281250009,-17.759985351562477,-17.76000061035154,-68.92158203125018,29.27993164062491,-45.11997070312509,51.1103515625,20.16005859374991,79.19985351562491,1.548852539062409,-43.67998657226565,23.039990234374955,-48.787109375
1763686385.7747064,9,3,3,0.15319443754423653,-0.0345572109137125,-0.22819604494923365,-0.0006830944155119378,0.004079311894553935,0.000615600802539218,-33.11997070312509,-69.60001220703123,-17.81113281250009,-20.159979248046852,-15.360006713867165,-68.92158203125018,31.67995605468741,-42.71994628906259,51.1103515625,15.360009765624909,83.99990234374991,1.548852539062409,-38.8799987792969,25.440014648437455,-48.787109375
1763686386.2805412,9,3,3,0.13394286655840507,0.004899927687358509,-0.2074098338873355,0.00013398990611108086,0.004351993799368186,0.00023238468726405662,-35.51999511718759,-67.19998779296873,-25.55502929687509,-22.560003662109352,-22.560003662109352,-65.04975585937518,29.27993164062491,-45.11997070312509,51.1103515625,15.360009765624909,79.19985351562491,5.420800781249909,-43.67998657226565,25.440014648437455,-44.915283203125
1763686386.9788413,9,3,3,0.11830422031324676,-0.005148114577053942,-0.20882225809547497,-0.00027779668412796356,0.004476186361491434,0.000621986604490192,-37.92001953125009,-67.19998779296873,-21.68320312500009,-20.159979248046852,-22.560003662109352,-65.04975585937518,34.07998046874991,-42.71994628906259,54.982421875,20.16005859374991,81.59999999999991,1.548852539062409,-41.27999267578127,25.440014648437455,-44.915283203125
1763686388.7723136,9,3,3,0.14373360231395407,-0.030735370456949365,-0.22708849261600217,-0.0004958319258580625,0.0044485986296620905,0.0003038843350054984,-33.11997070312509,-69.60001220703123,-21.68320312500009,-17.759985351562477,-17.76000061035154,-65.04975585937518,29.27993164062491,-45.11997070312509,47.238525390625,15.360009765624909,79.19985351562491,1.548852539062409,-41.27999267578127,27.840039062499955,-52.6591796875
1763686388.8157732,9,3,3,0.16161435987525585,-0.012417779319445828,-0.227828373966382,-0.0005210565994656232,0.004575586186758651,-1.0897634567723401e-05,-37.92001953125009,-67.19998779296873,-17.81113281250009,-17.759985351562477,-20.160009765624977,-61.17768554687518,31.67995605468741,-47.51999511718759,51.1103515625,12.959863281249909,79.19985351562491,5.420800781249909,-41.27999267578127,25.440014648437455,-52.6591796875
1763686389.0225546,9,3,3,0.1542280543238978,0.005260975081637233,-0.24460640988745788,-0.0005285770795182473,0.003968071800124366,0.0006850663607625485,-37.92001953125009,-64.79996337890623,-29.42709960937509,-17.759985351562477,-17.76000061035154,-65.04975585937518,26.87990722656241,-45.11997070312509,47.238525390625,15.360009765624909,79.19985351562491,5.420800781249909,-41.27999267578127,27.840039062499955,-44.915283203125
1763686390.783529,9,3,3,0.1432894055008242,0.01935838846486731,-0.2419907441721269,8.011710555516551e-05,0.004353931076819089,0.0004530213646194946,-37.92001953125009,-69.60001220703123,-21.68320312500009,-17.759985351562477,-22.560003662109352,-65.04975585937518,31.67995605468741,-47.51999511718759,39.494384765625,22.55996093749991,79.19985351562491,5.420800781249909,-43.67998657226565,23.039990234374955,-48.787109375
1763686391.0800138,9,3,3,0.13596652730314254,0.011834486380190537,-0.24390048228640931,-0.00032219856692896373,0.004972237943159555,0.0005296013456419417,-35.51999511718759,-71.99997558593748,-10.067236328125091,-17.759985351562477,-22.560003662109352,-61.17768554687518,31.67995605468741,-42.71994628906259,51.1103515625,20.16005859374991,81.59999999999991,9.292749023437409,-38.8799987792969,27.840039062499955,-44.915283203125
1763686391.780146,9,3,3,0.14443649994256824,0.021889126323890902,-0.20849586284359412,-4.500389818338081e-05,0.0036865028658726157,0.0006986086906450846,-37.92001953125009,-64.79996337890623,-21.68320312500009,-17.759985351562477,-22.560003662109352,-65.04975585937518,26.87990722656241,-40.32004394531259,47.238525390625,20.16005859374991,83.99990234374991,1.548852539062409,-43.67998657226565,25.440014648437455,-48.787109375
1763686393.3863046,9,3,3,0.11863209357435028,-0.045838290744586646,-0.26149848422599564,-0.0007919684301094834,0.00474610509829724,0.0007609208621825128,-30.72006835937509,-69.60001220703123,-25.55502929687509,-24.959997558593727,-22.560003662109352,-65.04975585937518,34.07998046874991,-45.11997070312509,51.1103515625,15.360009765624909,76.79995117187491,5.420800781249909,-38.8799987792969,25.440014648437455,-52.6591796875
1763686393.995764,9,3,3,0.21261213985581445,-7.129763662887256e-05,-0.21219714471845746,-0.00021421447738973138,0.0036610487699159817,0.0007762818696309877,-33.11997070312509,-69.60001220703123,-13.939062500000091,-20.159979248046852,-24.96001281738279,-61.17768554687518,38.87990722656241,-40.32004394531259,54.982421875,17.75991210937491,79.19985351562491,5.420800781249909,-41.27999267578127,30.239941406249955,-37.171142578125
1763686394.282118,9,3,3,0.14587849888598103,0.06782276786460753,-0.2258824173688831,-2.581997422251045e-05,0.004416259677291847,0.0003758707940027037,-30.72006835937509,-71.99997558593748,-17.81113281250009,-17.759985351562477,-20.160009765624977,-61.17768554687518,26.87990722656241,-40.32004394531259,51.1103515625,15.360009765624909,76.79995117187491,5.420800781249909,-41.27999267578127,27.840039062499955,-41.043212890625
1763686394.5755255,9,3,3,0.15090391366825545,-0.005743393237049532,-0.2252348886919655,4.174310400330739e-05,0.0043929528171466675,0.00014828407221139576,0,0,0,0,0,0,0,0,0,0,0,0,0,0,0
1763686394.8730478,9,3,3,0.16198205471021543,0.00013058795965292802,-0.22775178011548466,-0.00039476204281397404,0.003998886149054016,0.0007702695745859726,-33.11997070312509,-74.39999999999998,-13.939062500000091,-22.560003662109352,-22.560003662109352,-53.43354492187518,29.27993164062491,-40.32004394531259,58.8544921875,17.75991210937491,79.19985351562491,1.548852539062409,-41.27999267578127,27.840039062499955,-44.915283203125
1763686395.6883953,9,3,3,0.1340705794633554,0.02475262120923495,-0.20705565606748352,0.0002996382309578367,0.004347242201056894,0.00038785285779123035,-30.72006835937509,-67.19998779296873,-17.81113281250009,-15.359991455078102,-20.160009765624977,-57.30561523437518,26.87990722656241,-37.92001953125009,54.982421875,12.959863281249909,81.59999999999991,5.420800781249909,-43.67998657226565,32.639965820312455,-44.915283203125
1763686396.3760064,9,3,3,0.18913371544723556,0.02286159206914383,-0.2629942571321356,-0.0005632243927011502,0.004133642575845754,0.00036391786136729363,-30.72006835937509,-71.99997558593748,-10.067236328125091,-17.759985351562477,-22.560003662109352,-61.17768554687518,29.27993164062491,-37.92001953125009,62.7265625,10.559960937499909,79.19985351562491,1.548852539062409,-43.67998657226565,27.840039062499955,-41.043212890625
1763686397.1847463,9,3,3,0.150903095029918,-0.024750540119476944,-0.2088030003934368,-0.00010450554655382235,0.0042079887133568954,0.00023332604987492869,-30.72006835937509,-69.60001220703123,-13.939062500000091,-15.359991455078102,-22.560003662109352,-65.04975585937518,29.27993164062491,-40.32004394531259,54.982421875,12.959863281249909,79.19985351562491,1.548852539062409,-46.08001098632815,32.639965820312455,-44.915283203125
1763686397.491924,9,3,3,0.1353181631639616,0.013023357090079034,-0.24264670874812422,-0.00014751138654282001,0.004703189477310092,0.00029610576129956203,-33.11997070312509,-71.99997558593748,-17.81113281250009,-20.159979248046852,-22.560003662109352,-65.04975585937518,31.67995605468741,-42.71994628906259,47.238525390625,12.959863281249909,76.79995117187491,5.420800781249909,-38.8799987792969,27.840039062499955,-48.787109375
1763686397.523854,9,3,3,0.12577642901653296,-0.0008228589578607448,-0.3602080892684512,-0.00011820233418204866,0.004675353422732611,0.0007245941281224392,-33.11997070312509,-67.19998779296873,-21.68320312500009,-20.159979248046852,-20.160009765624977,-65.04975585937518,26.87990722656241,-42.71994628906259,47.238525390625,12.959863281249909,79.19985351562491,1.548852539062409,-43.67998657226565,30.239941406249955,-48.787109375
1763686397.8851666,9,3,3,0.16105302085716422,0.028072415455219178,-0.29387721491227387,-2.957893328195036e-05,0.0044712057141505284,0.0005113526602030769,-28.32004394531259,-69.60001220703123,-6.195166015625091,-17.759985351562477,-22.560003662109352,-68.92158203125018,29.27993164062491,-35.51999511718759,58.8544921875,10.559960937499909,76.79995117187491,-2.323217773437591,-41.27999267578127,32.639965820312455,-44.915283203125
1763686398.2798142,9,3,3,0.15175774040928058,0.004414453528683464,-0.242431923888194,-4.567133390492341e-05,0.004285384327057431,0.00021901971024355547,0,0,0,0,0,0,0,0,0,0,0,0,0,0,0
1763686398.6857696,9,3,3,0.15405111019508122,0.0034845012405395268,-0.22771984870811363,-0.0005526477991105987,0.004352680336735951,0.00022214338524987828,-33.11997070312509,-67.19998779296873,-13.939062500000091,-15.359991455078102,-20.160009765624977,-57.30561523437518,29.27993164062491,-37.92001953125009,58.8544921875,10.559960937499909,76.79995117187491,1.548852539062409,-41.27999267578127,30.239941406249955,-44.915283203125
1763686401.186432,9,3,3,0.13759772637012885,0.003097985223688836,-0.2617843497718588,-0.0007326409690697761,0.004577968451570667,0.00044390817836187905,-33.11997070312509,-67.19998779296873,-21.68320312500009,-22.560003662109352,-22.560003662109352,-65.04975585937518,29.27993164062491,-45.11997070312509,47.238525390625,17.75991210937491,81.59999999999991,1.548852539062409,-43.67998657226565,27.840039062499955,-48.787109375
1763686410.1281629,9,3,3,0.16274928500362484,0.01913183273112004,-0.2610469854559875,-0.000431833419329401,0.004085569148177033,0.00020928447821727276,-35.51999511718759,-67.19998779296873,-21.68320312500009,-17.759985351562477,-20.160009765624977,-61.17768554687518,31.67995605468741,-40.32004394531259,51.1103515625,15.360009765624909,76.79995117187491,1.548852539062409,-41.27999267578127,27.840039062499955,-41.043212890625
1763686415.5906975,9,3,3,0.18142769852787677,-0.04422039064704923,-0.2659665286816753,-0.0014624850404634136,0.004766204237227374,-2.5906669596241754e-05,-6.720068359375091,-81.60001220703123,9.292871093749909,-5.759985351562477,-27.360006713867165,-30.201611328125182,29.27993164062491,-6.719946289062591,109.1904296875,-6.240087890625091,67.19985351562491,1.548852539062409,-58.08001098632815,44.639965820312455,-17.811279296875
1763686415.9792843,9,3,3,0.17933003931237618,-0.023185703442668616,-0.2622613422655275,-0.0008031641422139193,0.004521719893093643,-0.0008054137053694301,-4.320043945312591,-86.39999999999998,24.78090820312491,6.240014648437523,-36.96001281738279,-22.457714843750182,31.67995605468741,14.880029296874909,140.16650390625,-20.63999023437509,59.99990234374991,1.548852539062409,-65.27999267578127,59.039990234374955,1.548828125
1763686416.0883484,9,3,3,0.17614124968064268,-0.004544371761424165,-0.26067704167056366,3.547313433022647e-05,0.005108454455176254,5.7330129308283775e-05,-6.720068359375091,-93.60001220703123,32.52480468749991,1.4399963378906477,-34.56000366210935,-18.585644531250182,34.07998046874991,19.67995605468741,151.782470703125,-23.04013671875009,62.40004882812491,9.292749023437409,-67.67998657226565,59.039990234374955,-2.3232421875
1763686416.387058,9,3,3,0.14597023020190436,0.0462196969364814,-0.4919989278029028,0.0012021544864922542,0.006567203710895646,5.4006551726724526e-05,10.079980468749909,-98.39999999999998,48.01284179687491,11.040002441406273,-34.56000366210935,0.7744628906248181,29.27993164062491,31.67995605468741,175.014404296875,-30.24008789062509,57.59999999999991,9.292749023437409,-70.08001098632815,68.63996582031245,17.036865234375
1763686416.4802246,9,3,3,0.11214737793931404,-0.0139055321775396,-0.42560207935598987,0.0005512372790360514,0.006964777576133316,-0.0001541098077325869,7.679956054687409,-95.99997558593748,48.01284179687491,11.040002441406273,-39.360006713867165,-6.969677734375182,34.07998046874991,36.48000488281241,186.63037109375,-35.04013671875009,57.59999999999991,13.164819335937409,-79.67998657226565,71.03999023437495,17.036865234375
1763686416.5242143,9,3,3,0.14832905503988306,0.01594808787497974,-0.3596038595234562,0.0004824810408940352,0.006469177268144395,-0.00036831191052507154,10.079980468749909,-100.79996337890623,48.01284179687491,13.439996337890648,-36.96001281738279,-6.969677734375182,31.67995605468741,34.07998046874991,182.758544921875,-37.44003906250009,62.40004882812491,5.420800781249909,-72.48000488281252,73.44001464843745,20.90869140625
1763686416.6016777,9,3,3,0.10519667772025362,0.057017092160376745,-0.4426257686623436,0.0007855745188014686,0.00775724954350654,6.936037099910869e-05,10.079980468749909,-95.99997558593748,51.88491210937491,13.439996337890648,-39.360006713867165,-10.841748046875182,31.67995605468741,34.07998046874991,186.63037109375,-37.44003906250009,55.19985351562491,5.420800781249909,-72.48000488281252,68.63996582031245,17.036865234375
1763686416.692821,9,3,3,0.14130069180701796,0.06794894584595633,-0.4106543539346977,0.0005558410006981276,0.007071507999478366,-7.78970748823887e-05,12.480004882812409,-98.39999999999998,44.14077148437491,11.040002441406273,-44.16000976562498,-6.969677734375182,31.67995605468741,34.07998046874991,178.886474609375,-37.44003906250009,59.99990234374991,17.03676757812491,-67.67998657226565,68.63996582031245,13.164794921875
1763686416.8015192,9,3,3,0.14778079064723246,0.018998812941071544,-0.4256953405391284,0.0006665103113403319,0.005810343133764622,-0.0001569818399903269,7.679956054687409,-93.60001220703123,48.01284179687491,11.040002441406273,-48.96001281738279,-10.841748046875182,36.48000488281241,34.07998046874991,186.63037109375,-30.24008789062509,57.59999999999991,17.03676757812491,-77.27999267578127,68.63996582031245,13.164794921875
1763686416.9101334,9,3,3,0.18320994938622395,0.03042601225599345,-0.35930833205497276,0.0006198743550235074,0.005043534371501015,-0.00029120302630782297,2.880029296874909,-98.39999999999998,48.01284179687491,8.640008544921898,-44.16000976562498,-14.713574218750182,34.07998046874991,31.67995605468741,182.758544921875,-35.04013671875009,57.59999999999991,13.164819335937409,-77.27999267578127,68.63996582031245,17.036865234375
1763686417.0822103,9,3,3,0.21485411816855987,0.04406331719431089,-0.3399750014763084,0.0014234934410717161,0.0040334851057881585,-0.00020419767421191897,7.679956054687409,-98.39999999999998,44.14077148437491,6.240014648437523,-41.76000061035154,-10.841748046875182,36.48000488281241,31.67995605468741,175.014404296875,-32.63999023437509,59.99990234374991,13.164819335937409,-77.27999267578127,71.03999023437495,17.036865234375
1763686417.1763432,9,3,3,0.17165754241696743,-0.00036648982287940113,-0.39009745963759035,0.0010372763461716696,0.004403007105831399,-0.00021956808189737068,5.279931640624909,-95.99997558593748,44.14077148437491,11.040002441406273,-44.16000976562498,-14.713574218750182,34.07998046874991,34.07998046874991,175.014404296875,-35.04013671875009,59.99990234374991,5.420800781249909,-74.8799987792969,63.840039062499955,20.90869140625
1763686417.287621,9,3,3,0.13197577095360885,0.01742342620738447,-0.46101361509392125,0.00031182996123360466,0.0063046797138159175,0.00029827853764206815,5.279931640624909,-93.60001220703123,51.88491210937491,8.640008544921898,-44.16000976562498,-6.969677734375182,29.27993164062491,34.07998046874991,171.142333984375,-30.24008789062509,59.99990234374991,1.548852539062409,-74.8799987792969,68.63996582031245,17.036865234375
1763686417.380183,9,3,3,0.1088974888217569,0.030373809093564193,-0.24188666923266955,-5.3124148191637226e-05,0.006629642455064838,-0.0007987121482225094,5.279931640624909,-98.39999999999998,40.26894531249991,8.640008544921898,-36.96001281738279,-14.713574218750182,34.07998046874991,34.07998046874991,171.142333984375,-32.63999023437509,59.99990234374991,9.292749023437409,-74.8799987792969,68.63996582031245,13.164794921875
1763686417.5842807,9,3,3,0.12391905454515925,0.024213388064824627,-0.3081969216025081,0.0004097469538837306,0.005834088388975069,3.990951464907593e-05,7.679956054687409,-95.99997558593748,36.39687499999991,6.240014648437523,-44.16000976562498,-10.841748046875182,36.48000488281241,31.67995605468741,178.886474609375,-25.44003906250009,62.40004882812491,17.03676757812491,-70.08001098632815,63.840039062499955,13.164794921875
1763686417.7870424,9,3,3,0.16580591406280556,0.08103266376150062,-0.30584852081333813,0.00121343394199879,0.004918916526209258,-0.00035207448248409165,2.880029296874909,-95.99997558593748,40.26894531249991,6.240014648437523,-46.56000366210935,-14.713574218750182,36.48000488281241,26.88002929687491,171.142333984375,-37.44003906250009,62.40004882812491,5.420800781249909,-74.8799987792969,68.63996582031245,13.164794921875
1763686417.9898815,9,3,3,0.11054624837419612,0.056827529929180054,-0.32060486877942335,0.0016672176740341765,0.006711856915918627,-3.980710323983985e-05,5.279931640624909,-93.60001220703123,40.26894531249991,3.8400207519531477,-39.360006713867165,-10.841748046875182,34.07998046874991,29.28005371093741,171.142333984375,-30.24008789062509,59.99990234374991,13.164819335937409,-70.08001098632815,63.840039062499955,13.164794921875
1763686418.0816362,9,3,3,0.17869875892419768,0.06975870698511312,-0.33848655245189213,0.001962545021964715,0.005465117353413712,0.0002660395046614506,5.279931640624909,-98.39999999999998,44.14077148437491,8.640008544921898,-41.76000061035154,-10.841748046875182,41.27993164062491,22.07998046874991,167.2705078125,-35.04013671875009,59.99990234374991,9.292749023437409,-72.48000488281252,68.63996582031245,13.164794921875
1763686418.1714063,9,3,3,0.13537731616009718,0.03336007196744861,-0.37128995698550066,0.0016285406579070012,0.0062203278835179674,-0.0003689921294859473,0.48000488281240905,-93.60001220703123,36.39687499999991,8.640008544921898,-39.360006713867165,-18.585644531250182,31.67995605468741,31.67995605468741,171.142333984375,-30.24008789062509,59.99990234374991,9.292749023437409,-79.67998657226565,66.23994140624995,9.292724609375
1763686418.3752134,9,3,3,0.10963840397107469,0.000557576494508813,-0.3882696902760716,0.0013673833961574896,0.006060365989809198,0.00017406312757302253,7.679956054687409,-93.60001220703123,44.14077148437491,8.640008544921898,-44.16000976562498,-14.713574218750182,34.07998046874991,26.88002929687491,167.2705078125,-35.04013671875009,57.59999999999991,5.420800781249909,-72.48000488281252,66.23994140624995,13.164794921875
1763686418.487012,9,3,3,0.15309170078075307,0.04713459977215391,-0.33722611303988087,0.0017709080314594376,0.00513034292513225,-4.502268362001219e-05,5.279931640624909,-98.39999999999998,44.14077148437491,11.040002441406273,-39.360006713867165,-14.713574218750182,36.48000488281241,24.48000488281241,171.142333984375,-30.24008789062509,57.59999999999991,9.292749023437409,-77.27999267578127,66.23994140624995,9.292724609375
1763686418.783206,9,3,3,0.1302110751784325,0.04723071198854674,-0.221879342589556,0.0011147592066242502,0.006269965143024344,-0.00031904562042201233,2.880029296874909,-93.60001220703123,44.14077148437491,11.040002441406273,-41.76000061035154,-10.841748046875182,36.48000488281241,29.28005371093741,171.142333984375,-32.63999023437509,59.99990234374991,9.292749023437409,-70.08001098632815,71.03999023437495,13.164794921875
1763686418.8922925,9,3,3,0.11858264245272562,0.035530737343242566,-0.3195590518570172,0.001663681219868337,0.00580922484823345,-0.00035054997480277715,7.679956054687409,-100.79996337890623,40.26894531249991,8.640008544921898,-41.76000061035154,-10.841748046875182,34.07998046874991,29.28005371093741,175.014404296875,-27.83994140625009,59.99990234374991,13.164819335937409,-77.27999267578127,66.23994140624995,5.4208984375
1763686418.919767,9,3,3,0.10053430287989126,0.035816230051024134,-0.4032620288173345,0.0018206483793095371,0.006041372584469093,0.0003239995553946142,5.279931640624909,-95.99997558593748,40.26894531249991,3.8400207519531477,-41.76000061035154,-26.329541015625182,31.67995605468741,29.28005371093741,167.2705078125,-32.63999023437509,64.79995117187491,5.420800781249909,-70.08001098632815,68.63996582031245,9.292724609375
1763686419.0142388,9,3,3,0.16508709593021997,0.03796377124411715,-0.34207174186997696,0.0008521932551005256,0.005854529018799242,2.8314442753372038e-05,5.279931640624909,-98.39999999999998,44.14077148437491,3.8400207519531477,-39.360006713867165,-10.841748046875182,34.07998046874991,26.88002929687491,167.2705078125,-27.83994140625009,59.99990234374991,13.164819335937409,-67.67998657226565,63.840039062499955,13.164794921875
1763686419.107905,9,3,3,0.1031876034842159,0.0008028026205950285,-0.23834761173322,0.0008781463143290905,0.006981611679848612,-0.0007906692750063532,5.279931640624909,-98.39999999999998,44.14077148437491,3.8400207519531477,-39.360006713867165,-10.841748046875182,34.07998046874991,26.88002929687491,167.2705078125,-27.83994140625009,59.99990234374991,13.164819335937409,-67.67998657226565,63.840039062499955,13.164794921875
1763686419.2180867,9,3,3,0.13962276586542155,0.03405734879104981,-0.2560704004903832,0.0008297214601964869,0.00571852875255884,-0.0005660674181387379,2.880029296874909,-93.60001220703123,36.39687499999991,1.4399963378906477,-39.360006713867165,-14.713574218750182,29.27993164062491,22.07998046874991,171.142333984375,-27.83994140625009,57.59999999999991,13.164819335937409,-72.48000488281252,63.840039062499955,1.548828125
1763686419.3905609,9,3,3,0.08366623998685416,-0.01345852334977363,-0.31075595837740366,-0.0005865213817737797,0.006735927692606244,-0.00011799271245320665,-4.320043945312591,-88.79996337890623,24.78090820312491,-3.3599914550781023,-34.56000366210935,-22.457714843750182,31.67995605468741,17.28005371093741,155.654541015625,-20.63999023437509,62.40004882812491,9.292749023437409,-72.48000488281252,59.039990234374955,-2.3232421875
1763686419.484959,9,3,3,0.11466204461634039,0.001367652258192728,-0.2901688543519847,0.0003917848849534322,0.005456829961121903,-0.00026448294419224747,0.48000488281240905,-86.39999999999998,24.78090820312491,-0.9599975585937273,-36.96001281738279,-26.329541015625182,34.07998046874991,12.480004882812409,140.16650390625,-23.04013671875009,62.40004882812491,13.164819335937409,-67.67998657226565,59.039990234374955,-2.3232421875
1763686419.5779886,9,3,3,0.11558093641036943,0.011321417455877256,-0.2566517926235006,0.00031255836312637803,0.005357894396938133,-0.0004101223212326712,-4.320043945312591,-86.39999999999998,28.65273437499991,1.4399963378906477,-36.96001281738279,-26.329541015625182,31.67995605468741,7.679956054687409,140.16650390625,-18.24008789062509,64.79995117187491,9.292749023437409,-65.27999267578127,56.639965820312455,1.548828125
1763686419.6903834,9,3,3,0.150829828487086,0.049653595127454694,-0.2076961060756657,0.00048422839154079974,0.00533071921088519,-8.272284455790367e-05,-6.720068359375091,-81.60001220703123,17.03676757812491,-3.3599914550781023,-29.76000061035154,-30.201611328125182,31.67995605468741,5.280053710937409,128.550537109375,-15.839941406250091,62.40004882812491,9.292749023437409,-60.48000488281252,49.440014648437455,-6.195068359375
1763686419.999769,9,3,3,0.09431567608949434,-0.01519110965714613,-0.22714372545443207,-0.000903798386100211,0.0057147572598460206,-0.00024600860506651196,-21.11997070312509,-79.19998779296873,5.420800781249909,-5.759985351562477,-24.96001281738279,-45.68964843750018,29.27993164062491,-6.719946289062591,101.446533203125,-6.240087890625091,64.79995117187491,5.420800781249909,-55.67998657226565,42.239941406249955,-21.68310546875
1763686425.3017397,9,3,3,0.2057148121967396,0.04310080161397721,-0.22857557824882824,-0.00021758289784677524,0.0039036028625335476,0.0002976212385631052,-21.11997070312509,-71.99997558593748,-2.323095703125091,-10.560003662109352,-24.96001281738279,-45.68964843750018,34.07998046874991,-25.92001953125009,82.08642578125,3.360009765624909,74.40004882812491,1.548852539062409,-46.08001098632815,39.840039062499955,-29.42724609375
1763686425.8277884,9,3,3,0.1113787635471834,0.01233188474782742,-0.22788467047790992,-0.0006757378315450356,0.006123910030726717,-1.3151182587022741e-05,5.279931640624909,-93.60001220703123,44.14077148437491,8.640008544921898,-39.360006713867165,-14.713574218750182,34.07998046874991,31.67995605468741,171.142333984375,-30.24008789062509,62.40004882812491,9.292749023437409,-67.67998657226565,68.63996582031245,17.036865234375
1763686426.089049,9,3,3,0.0949451401861514,0.014172543407591304,-0.45803644853188535,0.0007574740964483643,0.007484758272814664,-0.00040159913188960746,22.07998046874991,-103.19998779296873,51.88491210937491,18.240014648437523,-41.76000061035154,0.7744628906248181,31.67995605468741,53.28005371093741,213.734375,-44.63999023437509,57.59999999999991,1.548852539062409,-84.48000488281252,73.44001464843745,32.52490234375
1763686426.1432831,9,3,3,0.05329990003080777,-0.01193676478184557,-0.493526209803126,0.00020693064119017054,0.008197909901821178,0.00044599994775436076,0,0,0,0,0,0,0,0,0,0,0,0,0,0,0
1763686426.2843904,9,3,3,0.059551748171139236,0.05124616926638141,-0.6085904519700547,0.001190865739480721,0.008600119134730444,0.0005600642056939808,31.67995605468741,-117.60001220703123,82.86074218749991,27.840020751953148,-51.360006713867165,12.390429687499818,34.07998046874991,72.48000488281241,252.454345703125,-59.04013671875009,57.59999999999991,17.03676757812491,-96.48000488281252,90.23994140624995,51.884765625
1763686426.3827367,9,3,3,0.10666900836989451,0.10241131880051291,-0.6381824357845136,0.002609626304800111,0.00802098542936755,0.0002380841228682716,38.88002929687491,-124.79996337890623,94.47695312499991,30.240014648437523,-53.76000061035154,16.262255859374818,34.07998046874991,79.67995605468741,267.9423828125,-61.44003906250009,62.40004882812491,17.03676757812491,-96.48000488281252,102.23994140624995,59.62890625
1763686426.4375901,9,3,3,0.13873424396687378,0.1138621848577899,-0.6868368310668271,0.0031913484799679544,0.007471434785773123,-0.00016896708124718315,41.27993164062491,-127.19998779296873,102.22084960937491,35.04000244140627,-56.16000976562498,27.878466796874818,36.48000488281241,84.48000488281241,291.174560546875,-68.63999023437509,59.99990234374991,9.292749023437409,-103.67998657226565,107.03999023437495,63.500732421875
1763686426.5857592,9,3,3,0.01766121575721264,0.04627122121005337,-1.0072092468479277,0.0023359680023355145,0.01062863097211513,-4.530040527344447e-05,55.67995605468741,-141.60001220703123,109.96474609374991,42.24001464843752,-63.360006713867165,39.49443359374982,38.87990722656241,110.88002929687491,326.0224609375,-83.04013671875009,62.40004882812491,17.03676757812491,-115.67998657226565,116.63996582031245,86.73291015625
1763686426.6900856,9,3,3,0.0339343323123609,0.08657843451048561,-1.0592856426351867,0.0026237813523157603,0.012730092957229183,-0.0003785374918197262,60.48000488281241,-148.79996337890623,129.3248535156249,49.44002685546877,-63.360006713867165,47.23833007812482,36.48000488281241,122.88002929687491,353.12646484375,-90.24008789062509,62.40004882812491,20.90883789062491,-125.27999267578127,128.63996582031245,94.476806640625
1763686426.733373,9,3,3,-0.0239555933809984,0.07017561805321434,-1.0601410388730617,0.0019774936286039296,0.01349889729931302,-0.00014519374488475588,65.27993164062491,-151.19998779296873,129.3248535156249,51.84002075195315,-68.16000976562498,47.23833007812482,36.48000488281241,125.28005371093741,356.99853515625,-92.63999023437509,59.99990234374991,13.164819335937409,-127.68000183105471,131.03999023437495,102.220703125
1763686426.8274875,9,3,3,0.049337057149864944,0.03940505465304045,-1.1273026204388157,0.0025741279089539692,0.012216546346842503,0.00014817107911769005,67.67995605468741,-153.60001220703123,140.9408203124999,54.24001464843752,-63.360006713867165,58.85429687499982,36.48000488281241,134.8800292968749,372.486328125,-97.44003906250009,59.99990234374991,17.03676757812491,-130.07999572753909,135.84003906249995,109.96484375
1763686426.92207,9,3,3,-0.022458705144292414,0.020270725900869938,-1.184388564050359,0.000837813392628104,0.015898781080980265,-0.00026782944219678925,72.48000488281241,-148.79996337890623,133.1969238281249,51.84002075195315,-65.76000061035154,51.11040039062482,31.67995605468741,132.4800048828124,368.614501953125,-97.44003906250009,57.59999999999991,17.03676757812491,-130.07999572753909,131.03999023437495,106.0927734375
1763686427.014655,9,3,3,-0.018914389379580378,0.030180916725464472,-1.1839001891972014,0.0004503006616258326,0.013325641133186128,0.00019828167509569348,67.67995605468741,-148.79996337890623,125.45278320312491,51.84002075195315,-65.76000061035154,51.11040039062482,31.67995605468741,134.8800292968749,353.12646484375,-92.63999023437509,57.59999999999991,9.292749023437409,-127.68000183105471,126.23994140624995,106.0927734375
1763686427.188431,9,3,3,0.07784554920858854,0.030474142794491413,-1.0014819327628377,0.00019697006388194008,0.011015940459211367,-0.0001296393783859231,67.67995605468741,-148.79996337890623,133.1969238281249,49.44002685546877,-70.56000366210935,43.36625976562482,36.48000488281241,125.28005371093741,360.870361328125,-92.63999023437509,62.40004882812491,17.03676757812491,-127.68000183105471,126.23994140624995,102.220703125
1763686427.2816446,9,3,3,0.10201772125461565,0.06221300455022574,-1.081780941372986,0.0009503075165993154,0.009215585811619732,-0.0003147162034329825,62.88002929687491,-148.79996337890623,125.45278320312491,47.04000244140627,-70.56000366210935,35.62236328124982,34.07998046874991,127.67995605468741,356.99853515625,-92.63999023437509,62.40004882812491,9.292749023437409,-130.07999572753909,126.23994140624995,102.220703125
1763686427.3096385,9,3,3,0.08504204895799646,0.044853758988887465,-1.081373714648177,0.0008181525497858012,0.008797145656850835,-8.948683741397752e-07,65.27993164062491,-151.19998779296873,129.3248535156249,56.6400085449219,-68.16000976562498,47.23833007812482,43.67995605468741,130.0799804687499,360.870361328125,-92.63999023437509,64.79995117187491,20.90883789062491,-127.68000183105471,126.23994140624995,98.348876953125
1763686427.482075,9,3,3,0.09902227299460092,0.016509888056621385,-1.0628079589584074,0.0012631904099403152,0.008508233138344722,-0.00022451325608274954,65.27993164062491,-151.19998779296873,129.3248535156249,51.84002075195315,-70.56000366210935,43.36625976562482,38.87990722656241,130.0799804687499,356.99853515625,-92.63999023437509,62.40004882812491,20.90883789062491,-127.68000183105471,123.84003906249995,102.220703125
1763686427.5897634,9,3,3,0.08907815170516017,0.05060611445389295,-1.0267535460980353,0.001882022949096695,0.008789325258824686,-0.00028999120866613555,0,0,0,0,0,0,0,0,0,0,0,0,0,0,0
1763686427.6179266,9,3,3,0.10759467543661812,0.04860898699214984,-1.0120599091965459,0.0015293217330522575,0.009003852969487431,-0.0005207079518946786,65.27993164062491,-146.39999999999998,129.3248535156249,54.24001464843752,-68.16000976562498,39.49443359374982,36.48000488281241,132.4800048828124,353.12646484375,-87.83994140625009,62.40004882812491,13.164819335937409,-127.68000183105471,126.23994140624995,109.96484375
1763686427.7926455,9,3,3,0.08487809269798272,0.03306555792349972,-1.0142055490389188,0.0007259862990838606,0.009189307125264681,-0.000523454608668177,65.27993164062491,-146.39999999999998,129.3248535156249,54.24001464843752,-63.360006713867165,47.23833007812482,34.07998046874991,130.0799804687499,360.870361328125,-87.83994140625009,59.99990234374991,17.03676757812491,-125.27999267578127,126.23994140624995,106.0927734375
1763686427.8201761,9,3,3,0.06753101302815581,0.06097697248531124,-1.115161695057457,0.0009307983774048325,0.009876547420901965,0.00014281027709689206,62.88002929687491,-148.79996337890623,129.3248535156249,54.24001464843752,-63.360006713867165,51.11040039062482,38.87990722656241,134.8800292968749,353.12646484375,-90.24008789062509,64.79995117187491,13.164819335937409,-125.27999267578127,128.63996582031245,98.348876953125
1763686427.9774547,9,3,3,0.04044562536390938,0.04092717749106567,-1.047377688535581,0.0009223265930158126,0.01134854917664842,-0.0005344150803543356,65.27993164062491,-151.19998779296873,129.3248535156249,49.44002685546877,-68.16000976562498,51.11040039062482,36.48000488281241,134.8800292968749,356.99853515625,-90.24008789062509,62.40004882812491,13.164819335937409,-125.27999267578127,126.23994140624995,98.348876953125
1763686428.0876462,9,3,3,0.02428102579334794,-0.019968887753506352,-1.08426930348121,8.378269478915819e-05,0.011850228961335418,-7.661454208746996e-05,67.67995605468741,-146.39999999999998,129.3248535156249,54.24001464843752,-63.360006713867165,51.11040039062482,34.07998046874991,132.4800048828124,364.742431640625,-95.04013671875009,59.99990234374991,13.164819335937409,-130.07999572753909,128.63996582031245,113.8369140625
1763686428.131228,9,3,3,0.039485617319456046,0.002277320683445964,-1.0651507579336617,0.0007855617275344033,0.01125798484845139,8.747686172697885e-05,67.67995605468741,-148.79996337890623,133.1969238281249,59.04000244140627,-65.76000061035154,58.85429687499982,36.48000488281241,134.8800292968749,356.99853515625,-95.04013671875009,59.99990234374991,9.292749023437409,-125.27999267578127,128.63996582031245,98.348876953125
1763686428.2252657,9,3,3,-0.007755778079065389,0.005578232360792283,-0.9843473639231153,-0.0001953845942943022,0.012969777778923096,-4.396280125021567e-05,70.07998046874991,-153.60001220703123,129.3248535156249,54.24001464843752,-63.360006713867165,43.36625976562482,31.67995605468741,130.0799804687499,360.870361328125,-90.24008789062509,57.59999999999991,13.164819335937409,-130.07999572753909,131.03999023437495,102.220703125
1763686428.3828425,9,3,3,0.02627171814105248,0.058043031936676474,-1.0502555858993023,0.0003965567033902965,0.012010622855840286,8.643558977406232e-05,65.27993164062491,-148.79996337890623,137.0687499999999,56.6400085449219,-63.360006713867165,47.23833007812482,31.67995605468741,130.0799804687499,356.99853515625,-95.04013671875009,57.59999999999991,13.164819335937409,-120.48000488281252,126.23994140624995,109.96484375
1763686428.409373,9,3,3,0.028733098505434675,0.08665471786966958,-1.034501436968479,0.0001249712995406716,0.012077703055289213,-0.00014618315199636418,67.67995605468741,-148.79996337890623,133.1969238281249,56.6400085449219,-63.360006713867165,54.98247070312482,34.07998046874991,130.0799804687499,364.742431640625,-95.04013671875009,57.59999999999991,9.292749023437409,-130.07999572753909,126.23994140624995,109.96484375
1763686428.502007,9,3,3,0.00798417650916282,0.007357700641704639,-0.9997431863542515,0.00015110783937991224,0.01246680827433032,-0.0002828481636812987,67.67995605468741,-148.79996337890623,125.45278320312491,56.6400085449219,-63.360006713867165,51.11040039062482,36.48000488281241,127.67995605468741,360.870361328125,-95.04013671875009,59.99990234374991,13.164819335937409,-122.8799987792969,131.03999023437495,106.0927734375
1763686428.5970438,9,3,3,0.049662727605423895,0.024946393326458614,-0.9991247555410984,0.0006496610291035354,0.01154731643708795,-4.78791568213438e-05,70.07998046874991,-141.60001220703123,133.1969238281249,54.24001464843752,-68.16000976562498,54.98247070312482,34.07998046874991,130.0799804687499,356.99853515625,-97.44003906250009,57.59999999999991,17.03676757812491,-125.27999267578127,133.44001464843745,106.0927734375
1763686428.6910017,9,3,3,-0.027110598224226505,0.01699948410480931,-1.031182270561236,0.00037602861734857963,0.0128632572076111,-0.00045002785522199514,65.27993164062491,-148.79996337890623,133.1969238281249,54.24001464843752,-63.360006713867165,47.23833007812482,34.07998046874991,130.0799804687499,356.99853515625,-95.04013671875009,57.59999999999991,17.03676757812491,-122.8799987792969,133.44001464843745,106.0927734375
1763686428.8826385,9,3,3,-0.002956109578014782,-0.01655917971802843,-0.9642637441543385,0.0004673047231489903,0.012482739344824753,-0.0003448092046231836,65.27993164062491,-143.99997558593748,129.3248535156249,54.24001464843752,-65.76000061035154,54.98247070312482,31.67995605468741,127.67995605468741,360.870361328125,-90.24008789062509,57.59999999999991,13.164819335937409,-130.07999572753909,128.63996582031245,102.220703125
1763686428.988682,9,3,3,0.01607256096395622,0.023296296171860544,-0.9479406326333205,0.00046320769669656815,0.012127262796985467,-0.000499045826021832,65.27993164062491,-148.79996337890623,129.3248535156249,54.24001464843752,-63.360006713867165,51.11040039062482,31.67995605468741,130.0799804687499,356.99853515625,-92.63999023437509,59.99990234374991,13.164819335937409,-127.68000183105471,128.63996582031245,109.96484375
1763686429.391821,9,3,3,0.030098131080320244,-0.006191532866678399,-0.993968838874779,-0.002791131862309883,0.01119809384810941,-5.831094074939489e-05,77.27993164062491,-146.39999999999998,125.45278320312491,56.6400085449219,-58.56000366210935,51.11040039062482,34.07998046874991,137.2800537109374,353.12646484375,-95.04013671875009,57.59999999999991,9.292749023437409,-130.07999572753909,123.84003906249995,109.96484375
1763686429.4650164,9,3,3,0.028097209836921683,-0.01888011746651575,-1.0102666845495485,-0.0025785964195509893,0.011973090546025878,-0.0003746339050432166,74.88002929687491,-141.60001220703123,129.3248535156249,63.84002075195315,-58.56000366210935,54.98247070312482,26.87990722656241,137.2800537109374,341.510498046875,-87.83994140625009,57.59999999999991,5.420800781249909,-122.8799987792969,123.84003906249995,106.0927734375
1763686429.68409,9,3,3,0.10358610759839967,-0.09318665857751243,-0.6690518573203904,-0.006062041481082319,0.00795319645816553,-0.0005754741651551915,60.48000488281241,-129.60001220703123,102.22084960937491,49.44002685546877,-48.96001281738279,35.62236328124982,29.27993164062491,118.07998046874991,298.91845703125,-73.44003906250009,55.19985351562491,5.420800781249909,-110.8799987792969,107.03999023437495,94.476806640625
1763686429.7921247,9,3,3,0.15374843782481667,-0.05654790617937189,-0.5991790911905208,-0.005208140501772019,0.0059404865800422955,-0.0003161765553272882,60.48000488281241,-122.39999999999998,98.34877929687491,51.84002075195315,-48.96001281738279,31.750292968749818,26.87990722656241,110.88002929687491,275.6865234375,-68.63999023437509,55.19985351562491,1.548852539062409,-106.08001098632815,102.23994140624995,86.73291015625
1763686429.8856757,9,3,3,0.13744995141809235,-0.06723561163839406,-0.48178919720607416,-0.005433312660360854,0.006187137687011645,-0.0003523262205368785,53.27993164062491,-117.60001220703123,86.73281249999991,44.6400085449219,-48.96001281738279,20.134326171874818,26.87990722656241,94.07998046874991,256.326416015625,-63.83994140625009,55.19985351562491,5.420800781249909,-106.08001098632815,97.44001464843745,75.11669921875
1763686429.9801545,9,3,3,0.16778358530728749,-0.06021598491972291,-0.49379803614358286,-0.004358472328067575,0.004446474453650919,-0.0005876332951889083,46.07998046874991,-112.79996337890623,82.86074218749991,39.84002075195315,-44.16000976562498,24.006396484374818,26.87990722656241,89.28005371093741,252.454345703125,-59.04013671875009,55.19985351562491,1.548852539062409,-94.08001098632815,90.23994140624995,63.500732421875
1763686430.3828583,9,3,3,0.11416068562769793,-0.10026016303020882,-0.22168828705110966,-0.00411758866330267,0.005049034418278496,-0.0007981610480430783,24.48000488281241,-91.19998779296873,44.14077148437491,20.640008544921898,-36.96001281738279,-10.841748046875182,29.27993164062491,46.07998046874991,171.142333984375,-32.63999023437509,57.59999999999991,-2.323217773437591,-67.67998657226565,68.63996582031245,24.78076171875
1763686436.281026,9,3,3,0.07842957572763982,0.1191562716267304,-0.6755114955278116,0.001375172508965097,0.008615225252521484,-9.45601147308538e-05,41.27993164062491,-119.99997558593748,82.86074218749991,35.04000244140627,-51.360006713867165,20.134326171874818,31.67995605468741,86.88002929687491,260.198486328125,-63.83994140625009,57.59999999999991,9.292749023437409,-96.48000488281252,97.44001464843745,67.372802734375
1763686436.4025457,9,3,3,0.13820777787045715,-0.033697816834223134,-0.7496166473567976,-4.556819043076128e-05,0.008005805034849968,-3.6086865315204534e-05,0,0,0,0,0,0,0,0,0,0,0,0,0,0,0
1763686436.4830685,9,3,3,0.04391383550324064,0.037669455066914014,-0.8745553241389995,-0.0017386696312243408,0.012599311360998025,-9.285502634457956e-05,60.48000488281241,-124.79996337890623,102.22084960937491,51.84002075195315,-46.56000366210935,43.36625976562482,24.48000488281241,103.67995605468741,295.04638671875,-75.83994140625009,52.79995117187491,5.420800781249909,-106.08001098632815,109.44001464843745,82.86083984375
1763686436.5943482,9,3,3,-0.03617715309061659,-0.06606842756952,-0.8558742884209003,-0.0020920481530451677,0.01340084811262023,-7.799468754986288e-05,65.27993164062491,-136.79996337890623,113.83681640624991,51.84002075195315,-51.360006713867165,43.36625976562482,26.87990722656241,118.07998046874991,322.150390625,-85.44003906250009,50.40004882812491,9.292749023437409,-115.67998657226565,123.84003906249995,90.604736328125
1763686436.793189,9,3,3,-0.33572717443403133,0.41879056947118654,-1.1018712901178067,0.0020506401241382555,0.01722838925869571,4.665455511748814e-05,82.07998046874991,-151.19998779296873,137.0687499999999,73.44002685546877,-58.56000366210935,58.85429687499982,29.27993164062491,151.6799560546874,368.614501953125,-97.44003906250009,57.59999999999991,1.548852539062409,-127.68000183105471,133.44001464843745,125.452880859375
1763686436.8833783,9,3,3,-0.37630828598285465,0.3304320840439288,-1.31239926611663,0.00022593396355023504,0.020909491768270776,0.00020682574676286324,89.27993164062491,-160.79996337890623,144.8128906249999,73.44002685546877,-65.76000061035154,62.72636718749982,29.27993164062491,161.2800537109374,391.846435546875,-109.44003906250009,62.40004882812491,5.420800781249909,-137.28000793457034,145.44001464843745,129.32470703125
1763686436.9909806,9,3,3,-0.1907699157096033,0.24016997841585871,-1.405395522527251,-0.0014740772499791787,0.015734536785527244,0.00017194723965514706,89.27993164062491,-172.79996337890623,175.7889648437499,66.24001464843752,-65.76000061035154,82.08623046874982,26.87990722656241,168.4800048828124,438.310546875,-123.83994140625009,57.59999999999991,5.420800781249909,-149.28000793457034,152.63996582031245,137.06884765625
1763686437.1941984,9,3,3,-0.1194056605927592,-0.29732256423887626,-1.834470698237094,-0.0010232947984703622,0.024927228346337097,6.953674468582877e-05,122.88002929687491,-196.79996337890623,199.0208984374999,83.04000244140627,-75.36000671386716,93.70219726562482,31.67995605468741,209.2799316406249,508.00634765625,-152.6399902343751,64.79995117187491,17.03676757812491,-175.6800018310547,193.44001464843745,171.916748046875
1763686437.4910293,9,3,3,-0.44498112556850167,0.08430193393701055,-2.1754289725518765,0.004099710785963627,0.028162683092410313,0.00025181429612275734,151.6799560546874,-230.39999999999998,233.8687988281249,121.44002685546877,-89.7600158691406,120.80620117187482,31.67995605468741,259.6800781249999,600.934326171875,-171.8399414062501,76.79995117187491,13.164819335937409,-206.8799987792969,210.23994140624995,222.2529296875
1763686437.6925793,9,3,3,-0.29504972365927024,0.003559767908804523,-2.631274449394488,0.0003105229837563313,0.02658997517020703,-7.801798250005104e-05,156.4800048828124,-251.99997558593748,260.9728027343749,119.04000244140627,-94.56000366210935,124.67827148437482,34.07998046874991,274.0799804687499,655.142333984375,-188.6399902343751,71.99990234374991,13.164819335937409,-226.08001098632815,231.84003906249995,233.868896484375
1763686437.9880426,9,3,3,-0.14248060651002903,0.06612783289388927,-2.330421891779723,0.00015373318103279734,0.02051581882065197,0.0002556325974649626,161.2799316406249,-249.60001220703123,249.3568359374999,123.84002075195315,-96.96001281738279,120.80620117187482,41.27993164062491,283.6800781249999,639.654541015625,-174.2400878906251,81.59999999999991,20.90883789062491,-223.6800018310547,219.84003906249995,237.74072265625
1763686438.188413,9,3,3,-0.21225250064744244,0.2147986885714553,-2.3134451930550544,0.0090535481980712,0.023110212295485294,5.394100456684154e-05,142.0799804687499,-256.8000244140625,260.9728027343749,102.24001464843752,-106.56000366210935,116.93413085937482,50.87990722656241,264.4801269531249,670.63037109375,-183.8399414062501,74.40004882812491,28.65285644531241,-223.6800018310547,236.63996582031245,218.380859375
1763686438.2817333,9,3,3,-0.15283095977046862,0.22830441019398917,-2.3281438641277923,0.009518317912392384,0.020546720510867734,-0.00026408692273054883,146.8800292968749,-251.99997558593748,253.2289062499999,111.84002075195315,-113.7600158691406,113.06254882812482,46.07998046874991,266.8800292968749,659.014404296875,-179.0401367187501,79.19985351562491,20.90883789062491,-226.08001098632815,224.63996582031245,226.124755859375
1763686438.3921714,9,3,3,-0.025360318802363065,0.02410403656136506,-2.2091179639084895,0.0009059190407055906,0.015429578198594491,-0.00016491549814869646,146.8800292968749,-251.99997558593748,245.4847656249999,109.44002685546877,-108.96001281738279,120.80620117187482,46.07998046874991,271.6800781249999,651.2705078125,-181.4400390625001,79.19985351562491,24.78078613281241,-221.28000793457034,222.23994140624995,229.996826171875
1763686438.484071,9,3,3,-0.09084469181687312,0.10931534267312272,-2.144497695019474,0.004612057058554646,0.017729176228943024,-0.0001322541447434921,139.6799560546874,-256.8000244140625,264.8448730468749,102.24001464843752,-111.36000671386716,116.93413085937482,46.07998046874991,262.0799804687499,670.63037109375,-183.8399414062501,79.19985351562491,32.52480468749991,-223.6800018310547,229.44001464843745,206.764892578125
1763686438.5932693,9,3,3,-0.16767143723971173,0.23329853199833983,-2.306435324198363,0.010911263730302646,0.021067677576888585,0.00014042422205525992,139.6799560546874,-254.39999999999998,253.2289062499999,111.84002075195315,-111.36000671386716,116.93413085937482,46.07998046874991,274.0799804687499,659.014404296875,-186.2400878906251,76.79995117187491,28.65285644531241,-226.08001098632815,227.03999023437495,222.2529296875
1763686438.68584,9,3,3,-0.11362875652006368,0.11423685159990729,-2.298431446957912,0.003949806196115364,0.017883979999131893,0.0006695924121501388,151.6799560546874,-249.60001220703123,253.2289062499999,116.6400085449219,-106.56000366210935,120.80620117187482,43.67995605468741,274.0799804687499,651.2705078125,-176.6399902343751,83.99990234374991,28.65285644531241,-221.28000793457034,224.63996582031245,233.868896484375
1763686438.8900344,9,3,3,-0.17154867151010464,0.17341544900784597,-2.183382695640312,0.007612899164625296,0.0204174926026245,0.00017510364463533342,144.4800048828124,-254.39999999999998,257.1007324218749,104.6400085449219,-113.7600158691406,116.93413085937482,43.67995605468741,264.4801269531249,662.886474609375,-188.6399902343751,81.59999999999991,20.90883789062491,-221.28000793457034,227.03999023437495,218.380859375
1763686438.9859412,9,3,3,-0.16045918001557052,0.1442791280374851,-2.1714637815458566,0.00670531538349087,0.021248167178605316,0.00033444338582670654,0,0,0,0,0,0,0,0,0,0,0,0,0,0,0
1763686439.0957973,9,3,3,-0.03905784595278317,0.03457166926874641,-2.126199392544548,0.0003419976573414622,0.01517309552256088,-0.0002950268590753258,146.8800292968749,-254.39999999999998,253.2289062499999,109.44002685546877,-106.56000366210935,113.06254882812482,43.67995605468741,271.6800781249999,659.014404296875,-181.4400390625001,79.19985351562491,20.90883789062491,-226.08001098632815,224.63996582031245,229.996826171875
1763686439.1400409,9,3,3,-0.03759392554415009,0.0427284191240363,-2.1112329775274072,8.17657088814528e-05,0.015526012535314692,2.126387166136623e-05,144.4800048828124,-249.60001220703123,260.9728027343749,104.6400085449219,-108.96001281738279,116.93413085937482,46.07998046874991,266.8800292968749,662.886474609375,-179.0401367187501,74.40004882812491,20.90883789062491,-226.08001098632815,227.03999023437495,222.2529296875
1763686439.2329786,9,3,3,-0.10631023450988648,0.10227671424959472,-2.0177883895320465,0.0024110629532213606,0.017746799931377726,-1.7722746741252455e-05,142.0799804687499,-256.8000244140625,257.1007324218749,104.6400085449219,-106.56000366210935,116.93413085937482,46.07998046874991,264.4801269531249,666.758544921875,-179.0401367187501,76.79995117187491,36.39675292968741,-226.08001098632815,231.84003906249995,218.380859375
1763686439.3907714,9,3,3,-0.09551535223967811,0.11374727757263786,-2.1640143740596214,0.003801026959135251,0.017660465197718994,-0.00022133213188137981,146.8800292968749,-254.39999999999998,249.3568359374999,116.6400085449219,-108.96001281738279,120.80620117187482,43.67995605468741,269.2799316406249,651.2705078125,-176.6399902343751,79.19985351562491,20.90883789062491,-223.6800018310547,222.23994140624995,229.996826171875
1763686439.4346082,9,3,3,-0.12127790970200111,0.10813512242969721,-2.130159055821597,0.0037661411350153363,0.01806942148284359,0.00010406191224731861,146.8800292968749,-251.99997558593748,253.2289062499999,109.44002685546877,-111.36000671386716,109.19047851562482,41.27993164062491,266.8800292968749,655.142333984375,-174.2400878906251,76.79995117187491,24.78078613281241,-223.6800018310547,227.03999023437495,218.380859375
1763686439.5934093,9,3,3,-0.1486072117034614,0.2034857704647381,-2.1699759736923436,0.006684842563312304,0.019738498370572996,-0.00029617480626597387,142.0799804687499,-251.99997558593748,257.1007324218749,104.6400085449219,-111.36000671386716,124.67827148437482,46.07998046874991,264.4801269531249,670.63037109375,-183.8399414062501,79.19985351562491,24.78078613281241,-221.28000793457034,231.84003906249995,226.124755859375
1763686439.6844919,9,3,3,-0.12120788277302495,0.1370111338161502,-2.1923015722570383,0.005641838102062524,0.019960146568117076,9.761795177632131e-06,144.4800048828124,-251.99997558593748,253.2289062499999,114.24001464843752,-104.16000976562498,113.06254882812482,43.67995605468741,276.4801269531249,659.014404296875,-179.0401367187501,79.19985351562491,24.78078613281241,-223.6800018310547,224.63996582031245,229.996826171875
1763686439.729389,9,3,3,-0.10629698754317159,0.11873972913987034,-2.1404741588484546,0.006014190152707549,0.019568842696057603,-0.00012502363215830285,151.6799560546874,-251.99997558593748,253.2289062499999,114.24001464843752,-106.56000366210935,113.06254882812482,46.07998046874991,274.0799804687499,647.3984375,-176.6399902343751,81.59999999999991,20.90883789062491,-223.6800018310547,229.44001464843745,233.868896484375
1763686439.8889692,9,3,3,-0.0936557307752372,0.04731065959760742,-2.1753286921855315,0.0009201322287665558,0.01760155677303451,0.00031512448242178694,0,0,0,0,0,0,0,0,0,0,0,0,0,0,0
1763686439.9335573,9,3,3,-0.08584965328461798,0.05198791816727857,-2.1580415699201554,0.0011302307149400315,0.017633451116497233,0.00024358944617696994,144.4800048828124,-251.99997558593748,260.9728027343749,107.04000244140627,-106.56000366210935,113.06254882812482,38.87990722656241,269.2799316406249,662.886474609375,-181.4400390625001,79.19985351562491,24.78078613281241,-223.6800018310547,229.44001464843745,222.2529296875
1763686440.0930514,9,3,3,-0.14102259256991753,-0.010641492876718416,-2.0541826251537643,-0.002579407855408484,0.02041792783604537,-0.00012001135309694573,0,0,0,0,0,0,0,0,0,0,0,0,0,0,0
1763686440.1842327,9,3,3,-0.16122704869873275,-0.10348471589986313,-2.0510103612829838,-0.006534453266948372,0.020643461100668416,-0.00036239143079333156,151.6799560546874,-239.99997558593748,237.7408691406249,116.6400085449219,-94.56000366210935,120.80620117187482,34.07998046874991,264.4801269531249,616.42236328125,-176.6399902343751,71.99990234374991,17.03676757812491,-216.48000488281252,215.03999023437495,226.124755859375
1763686440.2270327,9,3,3,-0.15810595325947246,-0.12408792180364794,-1.9533646051955191,-0.007341318687496571,0.020617214494403485,-0.0002510673958676275,144.4800048828124,-235.19998779296873,237.7408691406249,109.44002685546877,-94.56000366210935,113.06254882812482,34.07998046874991,257.2799316406249,604.806396484375,-169.4400390625001,71.99990234374991,13.164819335937409,-206.8799987792969,212.63996582031245,218.380859375
1763686440.3859396,9,3,3,-0.13781533266819504,0.0007778990802789904,-1.7647218352336964,-0.0012318570055456658,0.02147183088112478,-1.150796158199839e-05,137.2799316406249,-215.99997558593748,214.5089355468749,104.6400085449219,-84.96001281738279,93.70219726562482,31.67995605468741,233.2799316406249,542.8544921875,-147.8399414062501,69.59999999999991,13.164819335937409,-190.08001098632815,193.44001464843745,195.14892578125
1763686440.496425,9,3,3,-0.04552654209062062,-0.0653926958929692,-1.4801426089386693,-0.006315889830904416,0.016140438540347923,0.00038478328710447656,122.88002929687491,-196.79996337890623,187.4049316406249,99.84002075195315,-80.16000976562498,93.70219726562482,29.27993164062491,216.4801269531249,496.390380859375,-133.4400390625001,69.59999999999991,13.164819335937409,-175.6800018310547,174.23994140624995,183.53271484375
1763686440.6829407,9,3,3,-0.07332277307130874,-0.03320731983573509,-1.0019229413304749,-0.001200111588471377,0.013150938313587428,-0.0001290084088175902,98.88002929687491,-163.19998779296873,152.5567871093749,78.24001464843752,-63.360006713867165,70.47026367187482,24.48000488281241,175.6799560546874,407.33447265625,-109.44003906250009,62.40004882812491,1.548852539062409,-142.07999572753909,145.44001464843745,144.812744140625
1763686440.7911458,9,3,3,0.017405750464552866,-0.07018599761778367,-0.828358495439196,-0.004091109244417979,0.00972749804408776,-7.764954805419079e-05,94.07998046874991,-151.19998779296873,129.3248535156249,78.24001464843752,-63.360006713867165,62.72636718749982,31.67995605468741,158.8800292968749,372.486328125,-95.04013671875009,55.19985351562491,5.420800781249909,-134.8799987792969,133.44001464843745,125.452880859375
1763686440.8888602,9,3,3,0.022518794794246347,-0.1276177520860116,-0.546116577183008,-0.005487208213343739,0.008777772605221537,-0.000681760209746738,84.48000488281241,-136.79996337890623,121.58095703124991,63.84002075195315,-56.16000976562498,54.98247070312482,26.87990722656241,142.0799804687499,337.638427734375,-85.44003906250009,57.59999999999991,-2.323217773437591,-122.8799987792969,116.63996582031245,117.708740234375
1763686441.0879529,9,3,3,0.07666333958545508,-0.06517737997628942,-0.35725344425989675,-0.0035699976661207494,0.00909736384716325,-0.00045526276669177485,62.88002929687491,-119.99997558593748,94.47695312499991,51.84002075195315,-46.56000366210935,35.62236328124982,26.87990722656241,110.88002929687491,279.558349609375,-75.83994140625009,50.40004882812491,-2.323217773437591,-101.27999267578127,104.63996582031245,86.73291015625
1763686441.1965356,9,3,3,0.12086803332278952,-0.030486968860987236,-0.3387503331351496,-0.00324282411964981,0.006278417384116164,-0.00013841089824879517,60.48000488281241,-115.19998779296873,94.47695312499991,54.24001464843752,-41.76000061035154,31.750292968749818,26.87990722656241,101.28005371093741,267.9423828125,-66.24008789062509,50.40004882812491,-6.195166015625091,-101.27999267578127,99.84003906249995,78.98876953125
1763686441.287396,9,3,3,0.10021334330776113,-0.11556591061878747,-0.26043416387871143,-0.005092236145156463,0.006359803782367615,-0.00018909267334651936,53.27993164062491,-110.39999999999998,82.86074218749991,47.04000244140627,-39.360006713867165,27.878466796874818,29.27993164062491,98.88002929687491,252.454345703125,-61.44003906250009,47.99990234374991,-6.195166015625091,-94.08001098632815,92.63996582031245,67.372802734375
1763686441.3835068,9,3,3,0.18132021915086222,-0.04188576253468693,-0.25554824985601216,-0.0033005495025831993,0.004838996813285978,-0.0005776819778332214,50.88002929687491,-107.99997558593748,78.98891601562491,37.44002685546877,-44.16000976562498,24.006396484374818,26.87990722656241,91.67995605468741,236.966552734375,-59.04013671875009,47.99990234374991,1.548852539062409,-89.27999267578127,90.23994140624995,67.372802734375
1763686441.493564,9,3,3,0.0696139225914222,-0.08713396097356851,-0.2196242094124543,-0.003677372873117209,0.0059923839549444295,-0.0003271083532695277,46.07998046874991,-103.19998779296873,71.24477539062491,42.24001464843752,-39.360006713867165,16.262255859374818,26.87990722656241,86.88002929687491,221.478515625,-51.83994140625009,52.79995117187491,5.420800781249909,-82.08001098632815,83.03999023437495,51.884765625
1763686447.2877243,9,3,3,0.1877224815755246,-0.054902176947291,-0.20396755230870756,-0.002872151745723411,0.004511703898006789,-8.725516608297978e-05,7.679956054687409,-88.79996337890623,24.78090820312491,8.640008544921898,-34.56000366210935,-22.457714843750182,26.87990722656241,24.48000488281241,147.910400390625,-23.04013671875009,59.99990234374991,-2.323217773437591,-67.67998657226565,56.639965820312455,13.164794921875
1763686447.4914293,9,3,3,0.25962930307739085,-0.02676300150217094,-0.33546952864902,-0.0014871746811375073,0.003425496646770133,-5.3100589666307905e-05,24.48000488281241,-98.39999999999998,40.26894531249991,18.240014648437523,-36.96001281738279,-6.969677734375182,31.67995605468741,50.88002929687491,175.014404296875,-32.63999023437509,59.99990234374991,-2.323217773437591,-74.8799987792969,71.03999023437495,24.78076171875
1763686447.5355752,9,3,3,0.2451670884179159,-0.005702915421834792,-0.318875660366643,-0.0018146316025538936,0.00307521668200945,-0.0001286362454285437,22.07998046874991,-98.39999999999998,48.01284179687491,23.040002441406273,-39.360006713867165,0.7744628906248181,31.67995605468741,50.88002929687491,198.246337890625,-39.83994140625009,52.79995117187491,1.548852539062409,-79.67998657226565,75.84003906249995,32.52490234375
1763686447.629637,9,3,3,0.12254522457622155,0.03296473808898102,-0.36620098852255534,-0.0012199274090582764,0.0069306300199758275,0.0002460946839769369,29.27993164062491,-107.99997558593748,63.50087890624991,20.640008544921898,-48.96001281738279,0.7744628906248181,36.48000488281241,62.88002929687491,225.350341796875,-47.04013671875009,59.99990234374991,13.164819335937409,-89.27999267578127,80.63996582031245,40.268798828125
1763686447.787055,9,3,3,-0.1259301692403315,0.5295543681343156,-0.5752974959106048,0.008752093742604822,0.010226572139868523,0.0005643412966498224,34.07998046874991,-119.99997558593748,82.86074218749991,27.840020751953148,-53.76000061035154,16.262255859374818,31.67995605468741,96.48000488281241,267.9423828125,-61.44003906250009,55.19985351562491,9.292749023437409,-101.27999267578127,90.23994140624995,59.62890625
1763686447.8315823,9,3,3,-0.05700674876953438,0.3701377191234361,-0.6501543013565947,0.00709407946009413,0.00982564521124503,-3.3744236633270752e-06,41.27993164062491,-124.79996337890623,94.47695312499991,27.840020751953148,-58.56000366210935,20.134326171874818,36.48000488281241,101.28005371093741,279.558349609375,-61.44003906250009,59.99990234374991,13.164819335937409,-103.67998657226565,92.63996582031245,63.500732421875
1763686447.938817,9,3,3,0.1356198204806119,-0.3031049676017859,-0.6897849812998352,-0.002055294474423749,0.008709720362244187,0.00023489583035865807,58.07998046874991,-127.19998779296873,102.22084960937491,49.44002685546877,-63.360006713867165,27.878466796874818,34.07998046874991,120.48000488281241,314.406494140625,-75.83994140625009,59.99990234374991,13.164819335937409,-108.48000488281252,107.03999023437495,86.73291015625
1763686448.0946832,9,3,3,0.07597527391620704,0.02507865585458998,-0.981367038799476,0.0006641478288593389,0.01001799937101731,-0.0004328777329852469,70.07998046874991,-148.79996337890623,125.45278320312491,56.6400085449219,-60.96001281738279,39.49443359374982,38.87990722656241,134.8800292968749,349.25439453125,-87.83994140625009,64.79995117187491,20.90883789062491,-127.68000183105471,128.63996582031245,106.0927734375
1763686448.1881049,9,3,3,0.048977427350768245,0.052031445528828935,-1.0459011003817424,0.0012107330171796781,0.009864465477314186,9.14774284613249e-05,74.88002929687491,-151.19998779296873,133.1969238281249,61.44002685546877,-68.16000976562498,58.85429687499982,34.07998046874991,139.6799560546874,364.742431640625,-102.24008789062509,57.59999999999991,13.164819335937409,-127.68000183105471,131.03999023437495,113.8369140625
1763686448.2971687,9,3,3,-0.0642373169146995,0.06508675722850604,-1.199321845676766,0.0010284223630977617,0.016153816917670455,-4.143888360414171e-05,79.67995605468741,-163.19998779296873,152.5567871093749,61.44002685546877,-70.56000366210935,62.72636718749982,36.48000488281241,151.6799560546874,395.718505859375,-104.63999023437509,62.40004882812491,9.292749023437409,-144.48000488281252,147.84003906249995,125.452880859375
1763686448.3416932,9,3,3,-0.0618544181018319,0.05576952994818059,-1.2011626136914104,0.0004496110290309185,0.01584579177822377,-0.00012207098959516222,0,0,0,0,0,0,0,0,0,0,0,0,0,0,0
1763686448.4828568,9,3,3,0.0027276716780438703,0.012652599656344375,-1.4693279363920717,0.0008819542840939814,0.014057905374610779,-0.00013475226930474867,103.67995605468741,-179.99997558593748,160.3009277343749,75.84002075195315,-75.36000671386716,70.47026367187482,34.07998046874991,182.8800292968749,457.67041015625,-119.04013671875009,67.19985351562491,17.03676757812491,-161.28000793457034,162.23994140624995,156.4287109375
1763686448.544475,9,3,3,-0.0018661443026477369,0.0169991539907862,-1.4383859220704043,8.565281256612623e-05,0.013994371478084754,-0.00020573293512946743,103.67995605468741,-189.60001220703123,183.5328613281249,87.84002075195315,-75.36000671386716,78.21440429687482,34.07998046874991,190.0799804687499,477.030517578125,-131.0401367187501,67.19985351562491,13.164819335937409,-163.6800018310547,171.84003906249995,164.1728515625
1763686448.6377878,9,3,3,-0.10313584591244146,0.008646823963376658,-1.6115632332867817,-0.0009280258214097805,0.01922763408796158,4.315166971389405e-05,0,0,0,0,0,0,0,0,0,0,0,0,0,0,0
1763686448.7950583,9,3,3,-0.13932348328224792,0.10404403996584703,-1.9569642301655907,0.0017359658511899479,0.022326621290268488,0.00039300661994339024,122.88002929687491,-215.99997558593748,214.5089355468749,99.84002075195315,-89.7600158691406,101.44633789062482,34.07998046874991,230.8800292968749,554.470458984375,-150.2400878906251,71.99990234374991,13.164819335937409,-194.8799987792969,195.84003906249995,187.40478515625
1763686448.8908553,9,3,3,-0.19371866329274312,-0.03593982901685768,-2.0680396286000753,-0.0024451220886359667,0.019935012462478308,0.00034712135403364207,134.8800292968749,-230.39999999999998,237.7408691406249,104.6400085449219,-87.36000671386716,120.80620117187482,34.07998046874991,240.4801269531249,589.318359375,-167.0401367187501,71.99990234374991,24.78078613281241,-199.6800018310547,210.23994140624995,206.764892578125
1763686448.9854167,9,3,3,-0.2473943363410455,0.07984516289787266,-2.1400381967929203,0.00209020478551878,0.02699713922691412,2.0182980091687595e-05,142.0799804687499,-244.80002441406248,257.1007324218749,104.6400085449219,-96.96001281738279,116.93413085937482,34.07998046874991,257.2799316406249,639.654541015625,-179.0401367187501,76.79995117187491,20.90883789062491,-214.08001098632815,222.23994140624995,222.2529296875
1763686449.058129,9,3,3,-0.23738553988733108,0.07468243009239911,-2.192347408653045,0.0017004450596289223,0.026898635407057774,7.835304091295095e-05,144.4800048828124,-251.99997558593748,264.8448730468749,107.04000244140627,-99.36000671386716,124.67827148437482,31.67995605468741,264.4801269531249,662.886474609375,-188.6399902343751,74.40004882812491,28.65285644531241,-226.08001098632815,234.23994140624995,229.996826171875
1763686449.151851,9,3,3,-0.28452312837187976,0.114477322200662,-2.4495231098157166,0.004616838245732311,0.02806385919225353,7.443303121976467e-05,156.4800048828124,-263.9999755859375,276.4608398437499,119.04000244140627,-106.56000366210935,132.42241210937482,31.67995605468741,283.6800781249999,697.734375,-198.2400878906251,76.79995117187491,13.164819335937409,-235.6800018310547,246.23994140624995,245.48486328125
1763686449.2582917,9,3,3,-0.3865141543538947,0.09099744783551361,-2.595362688974331,0.0018131558347397726,0.032905534396034226,0.00032650572273032583,170.8800292968749,-280.8000244140625,303.5648437499999,126.24001464843752,-113.7600158691406,140.16655273437482,34.07998046874991,305.2799316406249,748.070556640625,-215.0401367187501,81.59999999999991,24.78078613281241,-247.6800018310547,265.44001464843745,253.228759765625
1763686449.3932283,9,3,3,-0.35797762218251206,0.1641277855724005,-3.0473790510859744,0.007136080243501238,0.03315263616043216,2.5411502867461787e-05,175.6799560546874,-297.6000122070312,322.9249511718749,126.24001464843752,-118.56000366210935,147.91020507812482,38.87990722656241,317.2799316406249,794.534423828125,-222.2400878906251,83.99990234374991,28.65285644531241,-259.68000946044924,279.84003906249995,268.716796875
1763686449.461938,9,3,3,-0.3687007529598333,0.17910406593439354,-2.9777740299632085,0.007785443442386893,0.03335050107786982,0.00028644630938004794,182.8800292968749,-304.8000244140625,330.6688476562499,135.84002075195315,-118.56000366210935,155.65434570312482,36.48000488281241,331.6800781249999,821.638427734375,-231.8399414062501,88.79995117187491,20.90883789062491,-276.4800048828125,289.44001464843745,280.332763671875
1763686449.5967598,9,3,3,-0.46970916101159976,0.12235865218549848,-3.3078610878344006,0.004488184988958015,0.03657880051586503,-7.416954778637855e-05,199.6799560546874,-331.1999877929687,361.6449218749999,143.04000244140627,-125.7600158691406,171.14213867187482,36.48000488281241,360.4801269531249,875.846435546875,-251.0401367187501,93.59999999999991,24.78078613281241,-293.28000793457034,313.44001464843745,307.436767578125
1763686449.6637752,9,3,3,-0.458653760045715,0.14700237792555085,-3.3262990606052703,0.004184847065542608,0.03637660953791399,-6.170695370468025e-06,199.6799560546874,-340.8000244140625,365.5167480468749,145.44002685546877,-132.9600128173828,175.01420898437482,38.87990722656241,372.4801269531249,918.4384765625,-263.0401367187501,100.79995117187491,32.52480468749991,-302.88000640869143,323.03999023437495,315.180908203125
1763686449.757053,9,3,3,-0.5233293053580672,0.1670979559280182,-3.5694097080932052,0.006744677111516757,0.04003741333885349,-0.0003169718180971444,211.6799560546874,-352.8000244140625,381.0047851562499,150.24001464843752,-137.7600158691406,182.75834960937482,41.27993164062491,384.4801269531249,949.41455078125,-267.8399414062501,100.79995117187491,24.78078613281241,-310.08001098632815,335.03999023437495,322.9248046875
1763686449.884495,9,3,3,-0.5282010344768008,0.2699652283614783,-4.070795692716096,0.008264965816040805,0.04198418378393595,0.00012744462361706597,228.4800048828124,-379.1999877929687,408.1087890624999,162.24004516601565,-144.9600128173828,186.63041992187482,48.48000488281241,415.6800781249999,1015.238525390625,-284.6399902343751,105.59999999999991,24.78078613281241,-329.28000793457034,356.63996582031245,350.02880859375
1763686449.9599366,9,3,3,-0.5378197374003492,0.20634983814414773,-4.038121841762282,0.007930880658867998,0.04198030232703197,0.0004560268696462964,230.8800292968749,-391.1999877929687,419.7247558593749,167.0400329589844,-152.16000976562498,190.50249023437482,50.87990722656241,425.2799316406249,1038.470458984375,-289.4400390625001,115.19985351562491,36.39675292968741,-343.68000946044924,363.84003906249995,361.644775390625
1763686450.055501,9,3,3,-0.545244530773259,0.21051417587929144,-4.2578096115495745,0.007556923209027617,0.04220128368134052,0.0002974576195745957,230.8800292968749,-391.1999877929687,415.8529296874999,164.6400085449219,-154.56001129150388,190.50249023437482,48.48000488281241,425.2799316406249,1042.342529296875,-287.0401367187501,110.40004882812491,40.26882324218741,-343.68000946044924,368.63996582031245,350.02880859375
1763686450.1495585,9,3,3,-0.5220696481445143,0.24293761528170707,-4.278519190022297,0.010525287035319703,0.03960895681149146,0.00022130006961419398,230.8800292968749,-391.1999877929687,411.9808593749999,162.24004516601565,-154.56001129150388,186.63041992187482,48.48000488281241,425.2799316406249,1046.21435546875,-289.4400390625001,110.40004882812491,36.39675292968741,-348.4800086975098,366.24006347656245,357.772705078125
1763686450.2921786,9,3,3,-0.4346050337518225,0.2352722001014757,-4.237017162420208,0.008511342467735869,0.036574995613159314,0.0006959380352639225,228.4800048828124,-386.4,419.7247558593749,164.6400085449219,-154.56001129150388,186.63041992187482,53.27993164062491,425.2799316406249,1030.7265625,-289.4400390625001,110.40004882812491,40.26882324218741,-341.28000793457034,366.24006347656245,350.02880859375
1763686450.3356977,9,3,3,-0.4757955128134395,0.2385817297172068,-4.101770284405157,0.008220531372202397,0.03713448190271996,0.00019576278852233677,228.4800048828124,-395.9999755859375,411.9808593749999,162.24004516601565,-152.16000976562498,194.37456054687482,53.27993164062491,422.8800292968749,1038.470458984375,-287.0401367187501,112.79995117187491,40.26882324218741,-348.4800086975098,361.44001464843745,350.02880859375
1763686450.431193,9,3,3,-0.46490074210419025,0.22948733446952194,-4.064323354286744,0.009510524746087143,0.03724949982738609,0.0006064537145492898,228.4800048828124,-391.1999877929687,415.8529296874999,162.24004516601565,-161.76000823974607,194.37456054687482,55.67995605468741,425.2799316406249,1046.21435546875,-284.6399902343751,119.99990234374991,32.52480468749991,-348.4800086975098,363.84003906249995,353.90087890625
1763686450.5068681,9,3,3,-0.4645317526691968,0.21749325025537491,-4.1327435710792635,0.009212344390569178,0.037708918439814734,0.000269135410166457,230.8800292968749,-391.1999877929687,419.7247558593749,167.0400329589844,-154.56001129150388,190.50249023437482,53.27993164062491,425.2799316406249,1030.7265625,-287.0401367187501,115.19985351562491,40.26882324218741,-346.08001098632815,361.44001464843745,350.02880859375
1763686450.7891092,9,3,3,-0.47345640915338627,0.28283477729536066,-3.9528470473177455,0.011983433399065917,0.036811531493122746,0.00010506986683690277,228.4800048828124,-391.1999877929687,411.9808593749999,162.24004516601565,-159.3600143432617,190.50249023437482,55.67995605468741,427.6800781249999,1042.342529296875,-289.4400390625001,115.19985351562491,48.01284179687491,-346.08001098632815,363.84003906249995,350.02880859375
1763686450.8972766,9,3,3,-0.46219290803632007,0.2352715558460323,-3.8108529644575206,0.009304023702550467,0.03557147822163576,0.0002261066093774771,226.0799804687499,-386.4,408.1087890624999,164.6400085449219,-152.16000976562498,182.75834960937482,55.67995605468741,427.6800781249999,1038.470458984375,-282.2400878906251,112.79995117187491,32.52480468749991,-348.4800086975098,361.44001464843745,353.90087890625
1763686451.0838926,9,3,3,-0.45288942908304564,0.2737401814193556,-3.821803165549404,0.0112950871059232,0.036259256792614374,0.000540347233467946,226.0799804687499,-388.8000244140625,415.8529296874999,162.24004516601565,-159.3600143432617,190.50249023437482,55.67995605468741,425.2799316406249,1046.21435546875,-289.4400390625001,110.40004882812491,44.14077148437491,-343.68000946044924,363.84003906249995,353.90087890625
1763686451.1890059,9,3,3,-0.44034313992169316,0.25066886514794995,-3.841791892838021,0.010262869098529484,0.03548603962164337,0.00021775439447071056,230.8800292968749,-388.8000244140625,411.9808593749999,164.6400085449219,-156.9600128173828,186.63041992187482,55.67995605468741,427.6800781249999,1038.470458984375,-284.6399902343751,110.40004882812491,40.26882324218741,-348.4800086975098,359.03999023437495,353.90087890625
1763686451.2940922,9,3,3,-0.4299878724865235,0.17597326528863,-3.8344315263370903,0.007504510007741177,0.03376845079494269,0.0007617284924324244,230.8800292968749,-388.8000244140625,415.8529296874999,164.6400085449219,-156.9600128173828,190.50249023437482,50.87990722656241,425.2799316406249,1038.470458984375,-287.0401367187501,112.79995117187491,32.52480468749991,-348.4800086975098,368.63996582031245,357.772705078125
1763686451.3940585,9,3,3,-0.42811872310502574,0.2530821557734046,-3.863091590120172,0.009444508495125204,0.03582669715502806,0.0005972762467269543,226.0799804687499,-393.6000122070312,423.5968261718749,162.24004516601565,-154.56001129150388,190.50249023437482,50.87990722656241,425.2799316406249,1038.470458984375,-294.2400878906251,117.59999999999991,40.26882324218741,-346.08001098632815,363.84003906249995,350.02880859375
1763686451.4910142,9,3,3,-0.4611480282858136,0.267507182102646,-3.7625032780581478,0.009226815271771846,0.03724698595038284,8.42098595232395e-05,230.8800292968749,-388.8000244140625,411.9808593749999,164.6400085449219,-152.16000976562498,186.63041992187482,46.07998046874991,425.2799316406249,1042.342529296875,-287.0401367187501,112.79995117187491,36.39675292968741,-348.4800086975098,366.24006347656245,353.90087890625
1763686451.5986576,9,3,3,-0.5077587462134477,0.18801488203272,-3.8856621017588417,0.007371098124263874,0.03751935144972213,0.0005866797622897787,228.4800048828124,-391.1999877929687,419.7247558593749,164.6400085449219,-152.16000976562498,194.37456054687482,48.48000488281241,425.2799316406249,1042.342529296875,-287.0401367187501,112.79995117187491,40.26882324218741,-343.68000946044924,366.24006347656245,350.02880859375
1763686451.6921163,9,3,3,-0.5083518854713929,0.2251854315810687,-3.7490094645051686,0.007858397783430001,0.03802037113989381,-0.00022553079613909155,226.0799804687499,-393.6000122070312,415.8529296874999,162.24004516601565,-156.9600128173828,194.37456054687482,46.07998046874991,425.2799316406249,1050.08642578125,-294.2400878906251,115.19985351562491,36.39675292968741,-346.08001098632815,368.63996582031245,357.772705078125
1763686451.7196171,9,3,3,-0.5117553744103429,0.2619550424473637,-3.83084640517862,0.008802614685859021,0.038980064141903414,5.90912513511949e-05,230.8800292968749,-393.6000122070312,419.7247558593749,164.6400085449219,-154.56001129150388,186.63041992187482,43.67995605468741,425.2799316406249,1046.21435546875,-291.8399414062501,110.40004882812491,36.39675292968741,-346.08001098632815,366.24006347656245,353.90087890625
1763686451.8121805,9,3,3,-0.5585983918824161,0.18386075369921423,-3.7795075277366434,0.008833441642061002,0.04052942238657899,8.502810642528396e-05,233.2799316406249,-391.1999877929687,419.7247558593749,159.84002075195315,-149.76000823974607,198.24614257812482,43.67995605468741,430.0799804687499,1050.08642578125,-291.8399414062501,110.40004882812491,32.52480468749991,-348.4800086975098,368.63996582031245,357.772705078125
1763686451.9212573,9,3,3,-0.5329845170822614,0.19053918781909115,-3.736876331639678,0.007053624498838443,0.04056576537384556,-6.460522135791433e-05,228.4800048828124,-395.9999755859375,419.7247558593749,162.24004516601565,-156.9600128173828,198.24614257812482,46.07998046874991,427.6800781249999,1046.21435546875,-291.8399414062501,110.40004882812491,32.52480468749991,-346.08001098632815,366.24006347656245,361.644775390625
1763686452.0962863,9,3,3,-0.6061390539336347,0.22974159439973357,-3.8097195708294334,0.010007904684355896,0.043284470532051686,0.00015439028485104023,228.4800048828124,-393.6000122070312,435.2127929687499,159.84002075195315,-152.16000976562498,190.50249023437482,41.27993164062491,425.2799316406249,1053.95849609375,-294.2400878906251,112.79995117187491,36.39675292968741,-343.68000946044924,373.44001464843745,353.90087890625
1763686452.2976902,9,3,3,-0.5694558838430918,0.22961571235934317,-3.7332913039170164,0.007874035673940207,0.04116201649558922,0.0002498865655699892,233.2799316406249,-395.9999755859375,419.7247558593749,162.24004516601565,-154.56001129150388,202.11821289062482,43.67995605468741,420.4801269531249,1053.95849609375,-296.6399902343751,110.40004882812491,36.39675292968741,-348.4800086975098,373.44001464843745,350.02880859375
1763686452.5934055,9,3,3,-0.510597444824238,0.2087584989092967,-3.6491906911324428,0.008078634370078466,0.03974046429749949,-3.070886561821898e-05,223.6799560546874,-379.1999877929687,411.9808593749999,164.6400085449219,-144.9600128173828,190.50249023437482,41.27993164062491,418.0799804687499,1015.238525390625,-289.4400390625001,112.79995117187491,36.39675292968741,-336.4800086975098,359.03999023437495,346.15673828125
1763686452.9842563,9,3,3,-0.23167013629479744,0.10902865253566105,-2.5313229994042326,0.004581449387797253,0.024048681232002905,-0.0003465537515637731,185.2799316406249,-319.1999877929687,334.5409179687499,135.84002075195315,-130.56000366210935,155.65434570312482,43.67995605468741,346.0799804687499,844.870361328125,-236.6399902343751,98.40004882812491,32.52480468749991,-283.68000946044924,299.03999023437495,291.94873046875
1763686453.0908186,9,3,3,-0.18715767475183287,0.11423996584075802,-2.244016222431293,0.004746652548856427,0.021076487964664003,-0.0001663797202107035,175.6799560546874,-299.9999755859375,311.3087402343749,131.04000244140627,-123.36000671386716,136.29448242187482,41.27993164062491,324.4801269531249,790.662353515625,-215.0401367187501,91.19985351562491,32.52480468749991,-264.4800048828125,275.03999023437495,268.716796875
1763686453.294431,9,3,3,0.008497139056360278,0.09768932402674152,-1.6162014503200965,0.0022043552155900977,0.01399487750113907,-0.00011077493478642907,149.2799316406249,-256.8000244140625,257.1007324218749,114.24001464843752,-104.16000976562498,116.93413085937482,38.87990722656241,274.0799804687499,659.014404296875,-181.4400390625001,86.40004882812491,24.78078613281241,-226.08001098632815,231.84003906249995,233.868896484375
1763686453.386719,9,3,3,-0.05872370107649909,-0.013721626440390978,-1.4245285855974437,-0.0010299855781386574,0.015695168668263575,-0.0005149997530287416,0,0,0,0,0,0,0,0,0,0,0,0,0,0,0
1763686453.4966722,9,3,3,0.07761885487685019,-0.0032656259147843016,-1.1148460083367573,0.00025915976310765033,0.0072680638533634346,-8.9547384826754e-05,127.67995605468741,-215.99997558593748,210.6368652343749,97.44002685546877,-89.7600158691406,97.57426757812482,36.48000488281241,228.4801269531249,542.8544921875,-147.8399414062501,76.79995117187491,13.164819335937409,-187.6800018310547,191.03999023437495,187.40478515625
1763686453.5247173,9,3,3,0.07908480242777664,0.013767842553670376,-1.0657744736655368,7.054021952116699e-05,0.007816953697543354,-0.0001524077320192246,122.88002929687491,-213.60001220703123,206.7647949218749,95.04000244140627,-89.7600158691406,89.83012695312482,34.07998046874991,223.6800781249999,527.366455078125,-143.0401367187501,76.79995117187491,20.90883789062491,-182.8799987792969,183.84003906249995,175.788818359375
1763686453.6193027,9,3,3,0.04206737955771828,-0.06278757598985915,-0.9372143965415907,-0.001865983221811149,0.008321322376638117,-0.00010790613446603895,118.07998046874991,-196.79996337890623,183.5328613281249,92.6400085449219,-84.96001281738279,82.08623046874982,38.87990722656241,204.4801269531249,477.030517578125,-131.0401367187501,64.79995117187491,5.420800781249909,-173.28000793457034,167.03999023437495,164.1728515625
1763686453.701359,9,3,3,0.12915316387375908,-0.009257426610625088,-0.8113169530059006,-0.0033878086820309157,0.007176494263457863,-0.00023138278085922616,108.48000488281241,-184.79996337890623,175.7889648437499,85.44002685546877,-75.36000671386716,78.21440429687482,36.48000488281241,192.4800048828124,453.79833984375,-121.44003906250009,67.19985351562491,9.292749023437409,-158.8799987792969,155.03999023437495,160.30078125
1763686453.806874,9,3,3,0.1815951052996649,-0.0872540860618076,-0.6605363917458184,-0.003946408596853902,0.003943681906711995,-0.0004086584836955552,98.88002929687491,-170.39999999999998,160.3009277343749,78.24001464843752,-70.56000366210935,74.34233398437482,34.07998046874991,180.4800048828124,418.950439453125,-111.83994140625009,67.19985351562491,13.164819335937409,-151.6800018310547,152.63996582031245,148.684814453125
1763686453.8996115,9,3,3,0.1599827730573708,-0.03752298322581485,-0.5066486328412663,-0.0026825937897795495,0.00668472350340908,-0.0003518070216295563,94.07998046874991,-165.60001220703123,148.6849609374999,73.44002685546877,-70.56000366210935,70.47026367187482,31.67995605468741,166.0799804687499,407.33447265625,-104.63999023437509,59.99990234374991,9.292749023437409,-142.07999572753909,143.03999023437495,137.06884765625
1763686453.9966526,9,3,3,0.0916893427861587,-0.023033755881806853,-0.4772848868781225,-0.0005404302687857179,0.005437691477653526,-0.0004113151579219012,86.88002929687491,-153.60001220703123,140.9408203124999,71.04000244140627,-65.76000061035154,62.72636718749982,36.48000488281241,158.8800292968749,380.23046875,-95.04013671875009,59.99990234374991,-2.323217773437591,-132.48000488281252,133.44001464843745,133.19677734375
1763686454.3892927,9,3,3,0.1534421412575065,-0.053212087045193986,-0.32004770090802237,-0.002897492353944368,0.004419006062481829,-0.00012881406950110863,65.27993164062491,-124.79996337890623,90.60488281249991,54.24001464843752,-51.360006713867165,43.36625976562482,29.27993164062491,122.88002929687491,295.04638671875,-73.44003906250009,55.19985351562491,-2.323217773437591,-113.27999267578127,109.44001464843745,98.348876953125
1763686454.496652,9,3,3,0.12333921391846564,-0.1153433404041046,-0.25731127116936336,-0.00440685252465319,0.0050511875059801375,-0.0003417819542826146,67.67995605468741,-124.79996337890623,94.47695312499991,51.84002075195315,-48.96001281738279,47.23833007812482,29.27993164062491,115.67995605468741,287.302490234375,-71.04013671875009,55.19985351562491,5.420800781249909,-108.48000488281252,107.03999023437495,86.73291015625
1763686460.798004,9,3,3,0.23351621907397518,-0.0003429781271851798,-0.3151833099897733,-0.0011140743993331267,0.0031944032915061206,-0.0006719109115955732,12.480004882812409,-93.60001220703123,40.26894531249991,13.439996337890648,-36.96001281738279,-10.841748046875182,29.27993164062491,41.28005371093741,167.2705078125,-27.83994140625009,59.99990234374991,5.420800781249909,-70.08001098632815,61.440014648437455,32.52490234375
1763686460.9203625,9,3,3,0.08617439588439779,-0.05994449780266761,-0.26294688356487794,-0.0014384303434057475,0.0058682586418182595,0.00021196928518170497,22.07998046874991,-105.60001220703123,48.01284179687491,23.040002441406273,-41.76000061035154,-3.097607421875182,34.07998046874991,50.88002929687491,182.758544921875,-37.44003906250009,57.59999999999991,5.420800781249909,-79.67998657226565,71.03999023437495,32.52490234375
1763686461.105721,9,3,3,0.06047659955254417,-0.05103518282537285,-0.36438018473785216,-0.001594082025706052,0.007484913172980477,-0.0002943209780583301,43.67995605468741,-117.60001220703123,86.73281249999991,37.44002685546877,-56.16000976562498,20.134326171874818,36.48000488281241,86.88002929687491,256.326416015625,-59.04013671875009,57.59999999999991,9.292749023437409,-98.8799987792969,97.44001464843745,75.11669921875
1763686461.2975023,9,3,3,0.16771019924374037,-0.09244461783807098,-0.5965230199188516,0.0005243679622900359,0.007797082870634801,-0.00044304469152700577,53.27993164062491,-122.39999999999998,94.47695312499991,44.6400085449219,-48.96001281738279,31.750292968749818,29.27993164062491,108.48000488281241,275.6865234375,-68.63999023437509,57.59999999999991,-2.323217773437591,-103.67998657226565,104.63996582031245,94.476806640625
1763686461.3908575,9,3,3,0.009080936546565846,-0.21126592508309525,-0.7248640982361245,-0.0022395098535411815,0.014927762953906791,-0.00017535073243308598,62.88002929687491,-136.79996337890623,106.09291992187491,54.24001464843752,-51.360006713867165,35.62236328124982,34.07998046874991,125.28005371093741,302.79052734375,-78.24008789062509,64.79995117187491,1.548852539062409,-110.8799987792969,111.84003906249995,106.0927734375
1763686461.4874053,9,3,3,0.23218573699970987,-0.41982853283708665,-0.8713578526612415,-0.004081805351541145,0.010847472749134644,-6.316169937212223e-05,77.27993164062491,-143.99997558593748,113.83681640624991,54.24001464843752,-58.56000366210935,47.23833007812482,29.27993164062491,137.2800537109374,345.38232421875,-92.63999023437509,59.99990234374991,5.420800781249909,-125.27999267578127,133.44001464843745,113.8369140625
1763686461.5966852,9,3,3,0.3636137680737665,-0.41092031842634297,-1.0410231181081386,-0.008208097985321069,0.007658423813690517,1.235196197607244e-05,91.67995605468741,-146.39999999999998,125.45278320312491,78.24001464843752,-60.96001281738279,62.72636718749982,29.27993164062491,158.8800292968749,360.870361328125,-92.63999023437509,59.99990234374991,1.548852539062409,-132.48000488281252,128.63996582031245,129.32470703125
1763686461.6895063,9,3,3,0.022949815544213166,0.07887266036619942,-1.2186076881793464,-0.004359960148880012,0.011662577104595851,-0.00038729296667348097,86.88002929687491,-165.60001220703123,152.5567871093749,61.44002685546877,-68.16000976562498,66.59843749999982,34.07998046874991,149.2800537109374,418.950439453125,-107.04013671875009,59.99990234374991,20.90883789062491,-146.8799987792969,150.23994140624995,129.32470703125
1763686461.804701,9,3,3,-0.28334202168175715,0.5103732485833473,-1.2620490993831837,0.004634860183870859,0.01555465088789534,0.0007738460738409302,103.67995605468741,-179.99997558593748,164.1727539062499,80.6400085449219,-72.96001281738279,74.34233398437482,34.07998046874991,187.6799560546874,438.310546875,-116.63999023437509,64.79995117187491,5.420800781249909,-151.6800018310547,155.03999023437495,152.556884765625
1763686461.8914313,9,3,3,0.008577439258111635,0.03305742537868574,-1.4057993241704922,-9.801203736555333e-05,0.013523773382092246,3.807824107951232e-05,103.67995605468741,-182.39999999999998,179.6607910156249,87.84002075195315,-72.96001281738279,82.08623046874982,29.27993164062491,197.2799316406249,465.41455078125,-121.44003906250009,67.19985351562491,9.292749023437409,-158.8799987792969,169.44001464843745,164.1728515625
1763686461.9865177,9,3,3,-0.10359427785341846,0.0016004411570648656,-1.5769144170831786,-0.0007973634556240117,0.018581530023572657,0.00021294229687075046,110.88002929687491,-191.99997558593748,187.4049316406249,90.24001464843752,-75.36000671386716,89.83012695312482,34.07998046874991,206.8800292968749,492.5185546875,-131.0401367187501,69.59999999999991,17.03676757812491,-170.8799987792969,171.84003906249995,168.044921875
1763686462.0969164,9,3,3,-0.09184344189233203,0.03396742409425497,-1.7735775722886906,0.0005861406111856701,0.01819381395703448,0.00014574312609555467,127.67995605468741,-201.60001220703123,206.7647949218749,97.44002685546877,-82.56000366210935,97.57426757812482,38.87990722656241,223.6800781249999,527.366455078125,-143.0401367187501,69.59999999999991,13.164819335937409,-180.48000488281252,191.03999023437495,187.40478515625
1763686462.2999692,9,3,3,-0.042730865857145375,0.027641403794440977,-1.941251992722256,0.0010068049518238437,0.017102919623977933,0.00024409570667951238,137.2799316406249,-225.60001220703123,237.7408691406249,111.84002075195315,-94.56000366210935,109.19047851562482,36.48000488281241,247.6800781249999,585.446533203125,-157.4400390625001,74.40004882812491,13.164819335937409,-206.8799987792969,210.23994140624995,210.63671875
1763686462.6910243,9,3,3,-0.17168488107037727,0.09722989544327698,-2.685571049362228,0.004478335833797003,0.022940337180444807,0.0005365442814718096,166.0799804687499,-283.1999877929687,295.8209472656249,119.04000244140627,-118.56000366210935,128.55034179687482,43.67995605468741,307.6800781249999,740.326416015625,-207.8399414062501,86.40004882812491,28.65285644531241,-245.28000793457034,251.03999023437495,257.100830078125
1763686462.7997556,9,3,3,-0.2544724078758862,0.1136552774342884,-2.73063366062286,0.005552741256106461,0.025918533364086793,-0.00010064408915651745,178.0799804687499,-292.8000244140625,311.3087402343749,133.44002685546877,-116.16000976562498,144.03813476562482,38.87990722656241,319.6800781249999,779.04638671875,-215.0401367187501,86.40004882812491,28.65285644531241,-262.0800033569336,275.03999023437495,264.8447265625
1763686462.9858081,9,3,3,-0.30762208228551424,0.19256487213301865,-3.1708644496066953,0.005848572324431161,0.03145652301148899,0.00028525069300670055,192.4800048828124,-319.1999877929687,338.4127441406249,138.24001464843752,-130.56000366210935,155.65434570312482,46.07998046874991,348.4801269531249,848.742431640625,-234.2400878906251,93.59999999999991,32.52480468749991,-281.28000793457034,299.03999023437495,295.82080078125
1763686463.0962358,9,3,3,-0.3678515875546545,0.18794385994999008,-3.366477156832037,0.007407382450857068,0.03366200099608492,0.0004579584733288872,206.8800292968749,-338.4,361.6449218749999,145.44002685546877,-137.7600158691406,167.27055664062482,46.07998046874991,374.8800292968749,906.822509765625,-251.0401367187501,95.99990234374991,36.39675292968741,-305.28000793457034,313.44001464843745,307.436767578125
1763686463.2986095,9,3,3,-0.4473342597339548,0.18605299103784273,-3.819835208336281,0.007396419363950995,0.03625690341953981,0.0006880496358268881,223.6799560546874,-371.9999755859375,400.3648925781249,157.43999633789065,-147.3600143432617,186.63041992187482,50.87990722656241,408.4801269531249,995.87841796875,-277.4400390625001,110.40004882812491,36.39675292968741,-329.28000793457034,344.63996582031245,342.284912109375
1763686463.4005773,9,3,3,-0.4807723807709736,0.2516847110190663,-4.075500112145505,0.011187699180552131,0.03843658928298223,0.0006863733654319231,238.0799804687499,-395.9999755859375,419.7247558593749,164.6400085449219,-156.9600128173828,190.50249023437482,53.27993164062491,430.0799804687499,1057.830322265625,-294.2400878906251,115.19985351562491,36.39675292968741,-348.4800086975098,368.63996582031245,357.772705078125
1763686463.4860191,9,3,3,-0.5594608127729273,0.2934966890539845,-4.310404662966884,0.01140754314557613,0.04226830246987674,0.00044466371437058925,245.2799316406249,-415.1999877929687,439.0848632812499,174.24004516601565,-159.3600143432617,205.99028320312482,46.07998046874991,446.8800292968749,1104.29443359375,-301.4400390625001,119.99990234374991,36.39675292968741,-367.68001041412356,387.84003906249995,373.2607421875
1763686463.79929,9,3,3,-0.7917990141012257,0.33076445963344303,-5.404805505216619,0.011914543390278906,0.05518596966140247,0.0006822588706388898,286.0799804687499,-499.20001831054685,532.0128417968749,195.84002075195315,-180.9600128173828,240.83842773437482,50.87990722656241,533.2799316406249,1324.998291015625,-366.2400878906251,139.1998535156249,44.14077148437491,-442.0800148010254,474.24006347656245,435.212890625
1763686464.0929925,9,3,3,-1.1167650956736868,0.36528026970503796,-6.597924952704629,0.01202682633153678,0.0683186032982436,0.0011963874851948489,317.2799316406249,-583.2000183105469,613.3248535156249,210.24004516601565,-204.9600128173828,279.5581542968748,43.67995605468741,605.2799316406249,1530.214599609375,-416.6399902343751,163.1998535156249,55.75673828124991,-509.28001556396487,558.2400634765625,489.4208984375
1763686464.2989728,9,3,3,-1.1864645423592022,0.3875629026755043,-7.367824889404791,0.013449426660749959,0.07268156248576552,0.0015524316356264802,334.0799804687499,-621.6000122070312,644.3009277343749,222.24004516601565,-212.16001358032224,287.3022949218748,48.48000488281241,648.4801269531249,1630.886474609375,-431.0401367187501,177.5999999999999,59.62880859374991,-545.2800231933594,606.2400634765625,512.65283203125
1763686464.698762,9,3,3,-1.1233597511380067,0.42196164921736296,-7.005525637092061,0.015554966401371892,0.06884025640027762,0.0013741051533201418,329.2799316406249,-631.2000183105469,652.0448242187499,219.84002075195315,-216.9600128173828,283.4302246093748,55.67995605468741,646.0799804687499,1650.246337890625,-438.2400878906251,179.9999023437499,59.62880859374991,-550.0800109863281,606.2400634765625,504.90869140625
1763686464.9007094,9,3,3,-1.1177563931043633,0.4364788991573289,-6.918642181502056,0.01636492309716004,0.06900254891679507,0.001172865019418455,331.6799560546874,-626.4,652.0448242187499,217.43999633789065,-216.9600128173828,279.5581542968748,55.67995605468741,646.0799804687499,1642.502197265625,-433.4400390625001,177.5999999999999,63.50075683593741,-547.6800170898438,608.6399658203125,508.78076171875
1763686464.9952757,9,3,3,-1.0528922578226922,0.4541435613005913,-6.818299053043965,0.015910423641866275,0.06507493706984151,0.0011257619652094847,329.2799316406249,-624.0000061035156,644.3009277343749,217.43999633789065,-214.56001510620115,283.4302246093748,58.07998046874991,646.0799804687499,1634.758544921875,-431.0401367187501,172.7999511718749,59.62880859374991,-547.6800170898438,601.4400146484375,508.78076171875
1763686465.089829,9,3,3,-0.9676237960705233,0.35711950924041397,-6.79486748366529,0.01349643232682888,0.062257198936547783,0.0016001097724005374,331.6799560546874,-626.4,640.4288574218749,217.43999633789065,-221.7600158691406,279.5581542968748,58.07998046874991,648.4801269531249,1638.630615234375,-431.0401367187501,179.9999023437499,63.50075683593741,-550.0800109863281,599.039990234375,504.90869140625
1763686465.3865907,9,3,3,-0.8647037877535939,0.43762034309735787,-6.568637194831986,0.014944914441913083,0.056170896777946344,0.0009746272282459452,331.6799560546874,-626.4,640.4288574218749,217.43999633789065,-219.3600143432617,275.6865722656248,67.67995605468741,646.0799804687499,1646.374267578125,-433.4400390625001,177.5999999999999,59.62880859374991,-554.880014038086,596.6399658203125,504.90869140625
1763686465.494658,9,3,3,-0.8575414144107772,0.4612606780836419,-6.711536474127064,0.017289226950486097,0.055840667084105594,0.0013225481241668398,331.6799560546874,-626.4,640.4288574218749,212.6400085449219,-221.7600158691406,271.8145019531248,67.67995605468741,648.4801269531249,1650.246337890625,-433.4400390625001,184.7999511718749,55.75673828124991,-550.0800109863281,603.8400390625,508.78076171875
1763686465.7871554,9,3,3,-0.8676774072441857,0.4542719777905089,-6.724596895854519,0.017751604814694143,0.05415371891366552,0.001554744533192172,329.2799316406249,-626.4,640.4288574218749,219.84002075195315,-224.16001358032224,271.8145019531248,74.87990722656241,646.0799804687499,1646.374267578125,-428.6399902343751,177.5999999999999,67.37282714843741,-545.2800231933594,603.8400390625,504.90869140625
1763686465.9942021,9,3,3,-0.8089494017846393,0.4320923267021303,-6.394980923461199,0.016141993624265473,0.05358797332821998,0.0003378617999944709,331.6799560546874,-628.8000244140625,636.5567871093749,215.0400329589844,-221.7600158691406,271.8145019531248,67.67995605468741,655.6800781249999,1646.374267578125,-428.6399902343751,179.9999023437499,59.62880859374991,-550.0800109863281,601.4400146484375,508.78076171875
1763686466.0894418,9,3,3,-0.8165687826059551,0.43344924259861817,-6.532224701099295,0.015780408355759085,0.05455915830070717,0.00091285026956236,331.6799560546874,-631.2000183105469,636.5567871093749,217.43999633789065,-224.16001358032224,275.6865722656248,67.67995605468741,648.4801269531249,1650.246337890625,-433.4400390625001,182.4000488281249,71.24477539062491,-552.4800201416016,601.4400146484375,504.90869140625
1763686466.1982648,9,3,3,-0.8675872734502221,0.45548075715236375,-6.575273032633165,0.01760622011326562,0.05614161668517696,0.0009823284716248756,326.8800292968749,-633.6000122070312,636.5567871093749,215.0400329589844,-228.9600128173828,275.6865722656248,70.07998046874991,653.2799316406249,1654.118408203125,-431.0401367187501,182.4000488281249,59.62880859374991,-550.0800109863281,601.4400146484375,501.036865234375
1763686466.2918708,9,3,3,-0.869860925971507,0.4578810520706638,-6.445487626727059,0.01631299979456843,0.05634544877228402,0.0007101559705633828,331.6799560546874,-631.2000183105469,636.5567871093749,222.24004516601565,-216.9600128173828,275.6865722656248,67.67995605468741,658.0799804687499,1638.630615234375,-426.2400878906251,179.9999023437499,59.62880859374991,-552.4800201416016,601.4400146484375,508.78076171875
1763686466.401808,9,3,3,-0.8547273451245117,0.33510958942286,-6.5691975014518045,0.01010678161251354,0.05470912043620231,0.0014310029646118902,348.4800048828124,-628.8000244140625,644.3009277343749,227.0400329589844,-216.9600128173828,271.8145019531248,58.07998046874991,662.8800292968749,1646.374267578125,-428.6399902343751,189.5999999999999,59.62880859374991,-554.880014038086,596.6399658203125,512.65283203125
1763686466.49509,9,3,3,-0.8986711270247905,0.20845976961635937,-6.553969358170632,0.005183042628185959,0.05719205108856044,0.001114115497993692,353.2799316406249,-621.6000122070312,628.8128906249999,229.43999633789065,-214.56001510620115,271.8145019531248,46.07998046874991,672.4801269531249,1611.526611328125,-423.8399414062501,187.1998535156249,51.88479003906241,-552.4800201416016,594.2400634765625,535.884765625
1763686466.5896442,9,3,3,-0.8845341838913341,0.004805084938159315,-6.391687812491779,-0.005327318270909265,0.05724144322593704,0.0009094322639805683,353.2799316406249,-616.8000244140625,632.6849609374999,236.6400085449219,-207.3600143432617,271.8145019531248,36.48000488281241,672.4801269531249,1592.166259765625,-416.6399902343751,182.4000488281249,40.26882324218741,-554.880014038086,589.4400146484375,535.884765625
1763686466.6957457,9,3,3,-0.9270040872451604,0.051970805276004645,-6.324820634048679,-0.005102290874627585,0.05937913217524491,0.0014781377116457515,350.8800292968749,-624.0000061035156,644.3009277343749,229.43999633789065,-207.3600143432617,279.5581542968748,43.67995605468741,667.6800781249999,1623.142333984375,-428.6399902343751,182.4000488281249,44.14077148437491,-554.880014038086,599.039990234375,524.268798828125
1763686466.8989682,9,3,3,-1.0052467747025717,0.17157987461411262,-6.326816655297376,0.0033740808567006174,0.06307429658278395,0.0011924807401600592,350.8800292968749,-612.0000061035156,632.6849609374999,234.24004516601565,-204.9600128173828,275.6865722656248,34.07998046874991,665.2799316406249,1576.678466796875,-416.6399902343751,177.5999999999999,44.14077148437491,-545.2800231933594,591.8400390625,528.140869140625
1763686466.9931252,9,3,3,-0.9382919577758408,0.007585576669216193,-6.1922621203616535,-0.0051160817765104625,0.06193612495029599,0.0013735960134992685,346.0799804687499,-604.8000244140625,621.0687499999999,227.0400329589844,-204.9600128173828,264.0703613281248,38.87990722656241,650.8800292968749,1565.062255859375,-416.6399902343751,175.1998535156249,40.26882324218741,-538.0800109863281,579.8400390625,524.268798828125
1763686467.0990164,9,3,3,-1.0376094184870017,0.1739899882906398,-5.882503472681338,0.001146827188367467,0.0656148915465077,0.001107444861430858,329.2799316406249,-585.6000122070312,605.5809570312499,222.24004516601565,-200.16000976562498,264.0703613281248,43.67995605468741,624.4801269531249,1518.598388671875,-407.0401367187501,170.4000488281249,48.01284179687491,-511.6800170898438,560.6399658203125,497.164794921875
1763686467.1958468,9,3,3,-0.9156875237405036,0.20911251859007807,-5.426951347532743,0.005665532085480728,0.05925867967230265,0.0008938524404255395,334.0799804687499,-568.7999938964844,586.2208496093749,227.0400329589844,-190.56001129150388,260.1982910156248,36.48000488281241,612.4801269531249,1472.134521484375,-395.0401367187501,165.5999999999999,40.26882324218741,-509.28001556396487,543.8400390625,501.036865234375
1763686467.292949,9,3,3,-0.7104873490692735,0.07069927272222318,-4.97220625572916,0.00026010175424805593,0.047476298403720044,0.0002592763348716635,324.4800048828124,-549.6000122070312,570.7328124999999,215.0400329589844,-192.9600128173828,252.45415039062482,43.67995605468741,598.0799804687499,1429.542236328125,-378.2400878906251,158.4000488281249,44.14077148437491,-485.28001556396487,517.4400146484375,477.804931640625
1763686467.6946445,9,3,3,-0.3859204568953049,-0.03345725801032244,-3.184330474681926,0.00047775743923384253,0.02956535001654777,-3.589221124825721e-05,259.6799560546874,-424.8000244140625,442.9569335937499,174.24004516601565,-156.9600128173828,205.99028320312482,36.48000488281241,461.2799316406249,1115.910400390625,-306.2400878906251,124.79995117187491,32.52480468749991,-379.6800108909607,402.24006347656245,392.620849609375
1763686467.8017676,9,3,3,-0.3979180497949531,0.05101487173718251,-2.8317250689145768,0.0017311020506411172,0.03448463344184771,8.927719708972303e-05,235.6799560546874,-393.6000122070312,411.9808593749999,171.84002075195315,-154.56001129150388,175.01420898437482,43.67995605468741,437.2799316406249,1026.8544921875,-279.8399414062501,117.59999999999991,32.52480468749991,-350.8800102233887,361.44001464843745,365.516845703125
1763686467.894016,9,3,3,-0.11449069567432385,0.07485631749791494,-2.4407633191903875,0.0017124109528007941,0.018514701216160407,-0.00024742731517884595,228.4800048828124,-364.8000244140625,381.0047851562499,162.24004516601565,-142.56001129150388,175.01420898437482,38.87990722656241,413.2799316406249,949.41455078125,-253.4400390625001,112.79995117187491,28.65285644531241,-326.8800102233887,332.63996582031245,342.284912109375
1763686468.0016193,9,3,3,-0.07442090157490747,-0.00832955404220248,-2.1517124610872402,-0.0018814876649100212,0.01703735501707631,-0.00023129958998234035,209.2799316406249,-343.1999877929687,350.0289550781249,152.6400085449219,-140.16000976562498,151.78227539062482,53.27993164062491,389.2799316406249,891.33447265625,-236.6399902343751,107.99990234374991,40.26882324218741,-307.68000946044924,313.44001464843745,315.180908203125
1763686468.1055017,9,3,3,0.04644377270827556,0.00243671221547709,-1.8716006620128596,0.0007250969351296961,0.010260855460012147,0.00011158969745660039,182.8800292968749,-323.9999755859375,326.7967773437499,138.24001464843752,-132.9600128173828,140.16655273437482,53.27993164062491,348.4801269531249,829.38232421875,-222.2400878906251,105.59999999999991,36.39675292968741,-283.68000946044924,291.84003906249995,276.460693359375
1763686468.1995757,9,3,3,0.009269199678683209,0.14258857088033075,-1.6818500946372672,0.006440969472268354,0.011323559319317689,0.00011429423970898202,168.4800048828124,-304.8000244140625,311.3087402343749,126.24001464843752,-130.56000366210935,136.29448242187482,55.67995605468741,317.2799316406249,790.662353515625,-212.6399902343751,98.40004882812491,32.52480468749991,-266.88000640869143,275.03999023437495,268.716796875
1763686468.5917459,9,3,3,0.22623104717970272,-0.0028781558580391123,-0.9256813154080403,0.0018582062353238696,0.003709602729733406,-0.0010329870351764516,134.8800292968749,-232.80002441406248,226.1249023437499,104.6400085449219,-101.7600158691406,97.57426757812482,48.48000488281241,247.6800781249999,589.318359375,-152.6399902343751,81.59999999999991,20.90883789062491,-206.8799987792969,205.44001464843745,202.892822265625
1763686468.7021918,9,3,3,0.1876957680627294,0.024153260793525443,-0.7790533163108911,0.0011192110307771661,0.005708940830062916,0.00010898868733866826,132.4800048828124,-215.99997558593748,214.5089355468749,104.6400085449219,-96.96001281738279,93.70219726562482,43.67995605468741,238.0799804687499,550.598388671875,-143.0401367187501,79.19985351562491,20.90883789062491,-197.28000793457034,186.23994140624995,187.40478515625
1763686468.7928448,9,3,3,0.19869348467909556,-0.06395338373623166,-0.7692837672468557,-0.0017528737756579234,0.002314600389712842,-0.0002058740509920053,127.67995605468741,-208.79996337890623,195.1488281249999,99.84002075195315,-89.7600158691406,89.83012695312482,41.27993164062491,233.2799316406249,519.62255859375,-133.4400390625001,79.19985351562491,13.164819335937409,-185.28000793457034,183.84003906249995,191.27685546875
1763686468.995489,9,3,3,0.23723299729077812,-0.10451803404057884,-0.6148357565225046,-0.004891225067440138,0.0026138186336802363,-0.00031736244075555907,118.07998046874991,-191.99997558593748,175.7889648437499,97.44002685546877,-80.16000976562498,66.59843749999982,36.48000488281241,211.6800781249999,461.54248046875,-119.04013671875009,74.40004882812491,9.292749023437409,-168.48000488281252,167.03999023437495,175.788818359375
1763686469.0871942,9,3,3,0.19152321723529836,-0.10411421730643264,-0.5495864292604543,-0.006053689396750964,0.0025309240979647695,-0.0005334862842086637,113.27993164062491,-182.39999999999998,156.4288574218749,99.84002075195315,-75.36000671386716,74.34233398437482,31.67995605468741,204.4801269531249,446.054443359375,-114.24008789062509,71.99990234374991,13.164819335937409,-163.6800018310547,157.44001464843745,168.044921875
1763686469.1934757,9,3,3,0.1652615007443099,-0.16159070327425906,-0.46707898078005455,-0.006505274946573131,0.0035174375802911355,-0.00034420912680119546,106.07998046874991,-170.39999999999998,156.4288574218749,87.84002075195315,-65.76000061035154,70.47026367187482,34.07998046874991,194.8800292968749,418.950439453125,-104.63999023437509,69.59999999999991,9.292749023437409,-151.6800018310547,147.84003906249995,164.1728515625
1763686469.2089665,9,3,3,0.181984203628067,-0.13993112304166805,-0.4487806525108035,-0.006155184871570669,0.002913156710060609,-0.0006509997808011018,110.88002929687491,-167.99997558593748,160.3009277343749,90.24001464843752,-68.16000976562498,78.21440429687482,31.67995605468741,194.8800292968749,411.20654296875,-104.63999023437509,62.40004882812491,1.548852539062409,-156.48000488281252,150.23994140624995,160.30078125
1763686469.316854,9,3,3,0.1341935129101017,-0.16199772712065172,-0.23532825581305822,-0.007318149109490932,0.005959406273164503,-0.0008896856962848882,106.07998046874991,-158.39999999999998,137.0687499999999,90.24001464843752,-58.56000366210935,62.72636718749982,26.87990722656241,185.2800537109374,380.23046875,-95.04013671875009,69.59999999999991,1.548852539062409,-142.07999572753909,133.44001464843745,152.556884765625
1763686469.4907062,9,3,3,0.19064993286823123,-0.10519335269654045,-0.28771855080110537,-0.007671497903844067,0.0034781002127199385,-0.0005248857970161513,98.88002929687491,-146.39999999999998,125.45278320312491,80.6400085449219,-56.16000976562498,62.72636718749982,24.48000488281241,170.8800292968749,353.12646484375,-87.83994140625009,62.40004882812491,-10.067236328125091,-132.48000488281252,126.23994140624995,133.19677734375
1763686469.8951411,9,3,3,0.18801048355818054,-0.07688382732813831,-0.22642173661353643,-0.004906321143725105,0.0032688173176101593,-0.0006497876702575778,74.88002929687491,-124.79996337890623,106.09291992187491,66.24001464843752,-46.56000366210935,47.23833007812482,26.87990722656241,125.28005371093741,298.91845703125,-71.04013671875009,55.19985351562491,-2.323217773437591,-103.67998657226565,104.63996582031245,106.0927734375
1763686476.2960427,9,3,3,0.235516321565786,-0.006661540361478389,-0.2824535755941715,-0.0014728584918070877,0.00223444248675279,-0.0002705459693948262,38.88002929687491,-110.39999999999998,71.24477539062491,32.6400085449219,-46.56000366210935,0.7744628906248181,29.27993164062491,74.88002929687491,225.350341796875,-47.04013671875009,59.99990234374991,1.548852539062409,-94.08001098632815,87.84003906249995,51.884765625
1763686476.5944657,9,3,3,0.09941572680981396,0.042855735894793176,-0.4358136105314532,0.0020089714062156926,0.00671679237558459,-0.0005472706936744335,55.67995605468741,-136.79996337890623,106.09291992187491,47.04000244140627,-60.96001281738279,24.006396484374818,36.48000488281241,110.88002929687491,298.91845703125,-71.04013671875009,57.59999999999991,17.03676757812491,-115.67998657226565,107.03999023437495,82.86083984375
1763686476.8933337,9,3,3,0.09487592554675185,0.12278627013196458,-0.9216655913404236,0.0031583131895320726,0.009325427295539626,-0.0007222221434174689,86.88002929687491,-165.60001220703123,152.5567871093749,68.6400085449219,-70.56000366210935,66.59843749999982,31.67995605468741,163.6799560546874,403.46240234375,-104.63999023437509,67.19985351562491,13.164819335937409,-142.07999572753909,147.84003906249995,125.452880859375
1763686477.0992072,9,3,3,0.03602870934483242,0.07523478058891538,-1.3235827513641676,0.003802850609996691,0.01232684536829293,-0.00023235322957491374,98.88002929687491,-194.39999999999998,179.6607910156249,83.04000244140627,-87.36000671386716,74.34233398437482,38.87990722656241,192.4800048828124,496.390380859375,-126.24008789062509,69.59999999999991,20.90883789062491,-173.28000793457034,171.84003906249995,160.30078125
1763686477.202917,9,3,3,-0.03873808596642633,0.11993990048251496,-1.5977176624481755,0.003016281704811122,0.017599771316554668,-0.00041424880078719424,115.67995605468741,-208.79996337890623,202.8929687499999,92.6400085449219,-89.7600158691406,89.83012695312482,38.87990722656241,214.0799804687499,531.238525390625,-135.8399414062501,74.40004882812491,20.90883789062491,-182.8799987792969,188.63996582031245,179.660888671875
1763686477.2987921,9,3,3,-0.044027207179408764,0.07687656911021853,-1.710749895757024,0.00381767309279079,0.016437071421632976,-0.00036938586475154654,122.88002929687491,-218.39999999999998,226.1249023437499,99.84002075195315,-92.16000976562498,97.57426757812482,38.87990722656241,230.8800292968749,569.95849609375,-152.6399902343751,76.79995117187491,28.65285644531241,-194.8799987792969,205.44001464843745,195.14892578125
1763686477.3916621,9,3,3,-0.18526927333425441,0.05437646066067635,-1.8256987670135132,0.004041788047070751,0.020926951589650054,-0.00048390523673590667,127.67995605468741,-235.19998779296873,229.9969726562499,102.24001464843752,-101.7600158691406,105.31840820312482,48.48000488281241,245.2799316406249,612.550537109375,-162.2400878906251,79.19985351562491,20.90883789062491,-204.48000488281252,217.44001464843745,206.764892578125
1763686477.5009706,9,3,3,-0.14698882338104727,0.16621232828909777,-1.9888639555956469,0.00590181228536399,0.021340975419404204,-0.0009349166325508625,142.0799804687499,-251.99997558593748,260.9728027343749,109.44002685546877,-104.16000976562498,116.93413085937482,36.48000488281241,259.6800781249999,647.3984375,-176.6399902343751,86.40004882812491,20.90883789062491,-221.28000793457034,231.84003906249995,226.124755859375
1763686477.5938015,9,3,3,-0.13402081663895468,0.15856945644830195,-2.267960179564302,0.004407661518715864,0.024158219018755783,-0.00017991531529488352,154.0799804687499,-263.9999755859375,268.7169433593749,114.24001464843752,-113.7600158691406,120.80620117187482,43.67995605468741,278.8800292968749,682.246337890625,-179.0401367187501,88.79995117187491,28.65285644531241,-230.8799987792969,243.84003906249995,233.868896484375
1763686477.703344,9,3,3,-0.1298857358162261,0.14888635204941347,-2.3815465178162056,0.005316157383445981,0.023187597636519765,1.8639640942932174e-05,163.6799560546874,-280.8000244140625,291.9488769531249,126.24001464843752,-116.16000976562498,132.42241210937482,46.07998046874991,302.8800292968749,740.326416015625,-198.2400878906251,93.59999999999991,28.65285644531241,-247.6800018310547,260.63996582031245,253.228759765625
1763686477.7983742,9,3,3,-0.18930301082932585,0.17556088037641657,-2.5496557751333864,0.005103925193225253,0.025551896749496823,-0.0005911092437074475,175.6799560546874,-295.1999877929687,299.6927734374999,135.84002075195315,-120.96001281738279,144.03813476562482,46.07998046874991,322.0799804687499,775.174560546875,-210.2400878906251,98.40004882812491,32.52480468749991,-259.68000946044924,270.23994140624995,272.5888671875
1763686477.9044867,9,3,3,-0.21161996857419138,0.14577411908988436,-2.681098603303659,0.005825745222449309,0.026118799811827388,-0.0003974962176450425,182.8800292968749,-311.9999755859375,326.7967773437499,138.24001464843752,-130.56000366210935,147.91020507812482,46.07998046874991,341.2799316406249,813.89453125,-222.2400878906251,100.79995117187491,32.52480468749991,-278.88000640869143,284.63996582031245,288.076904296875
1763686478.0000644,9,3,3,-0.3247498447067666,0.13610838461187647,-3.1538687062972497,0.005391438958938151,0.030864781949736603,5.9701166163408015e-05,0,0,0,0,0,0,0,0,0,0,0,0,0,0,0
1763686478.0948367,9,3,3,-0.31434311134751897,0.1636508140155068,-3.2883460458628404,0.005244320244470877,0.030005491295485506,-0.00014801190390178283,199.6799560546874,-335.9999755859375,353.9007812499999,152.6400085449219,-132.9600128173828,163.39848632812482,48.48000488281241,372.4801269531249,891.33447265625,-236.6399902343751,105.59999999999991,28.65285644531241,-302.88000640869143,313.44001464843745,315.180908203125
1763686478.5005577,9,3,3,-0.40174896469059046,0.2372466728105633,-4.058406481858011,0.010924082053437858,0.03505653907389013,-0.0003249525947533094,238.0799804687499,-403.1999877929687,427.4688964843749,169.43999633789065,-168.9600128173828,190.50249023437482,60.48000488281241,444.4801269531249,1081.0625,-291.8399414062501,122.40004882812491,48.01284179687491,-360.4800106048584,378.24006347656245,365.516845703125
1763686478.7956288,9,3,3,-0.5585501686121171,0.313533268249105,-5.02627874911593,0.012857592220001941,0.04155265216825376,-0.0002757382460860554,281.2799316406249,-480.0000061035156,493.2928710937499,193.43999633789065,-188.16000976562498,217.60649414062482,62.87990722656241,521.2799316406249,1263.04638671875,-330.2400878906251,148.7999511718749,51.88479003906241,-422.88001403808596,450.24006347656245,419.724853515625
1763686479.0904996,9,3,3,-0.811433084519378,0.33524239291394387,-6.452992843448287,0.006079382715932353,0.05672983134937402,0.0005169265589839694,0,0,0,0,0,0,0,0,0,0,0,0,0,0,0
1763686479.2930334,9,3,3,-0.910778145505754,0.4091466965485817,-7.02611391004098,0.021140071756755127,0.06918240541640763,-9.425332923308945e-05,322.0799804687499,-624.0000061035156,640.4288574218749,212.6400085449219,-228.9600128173828,275.6865722656248,72.48000488281241,629.2799316406249,1646.374267578125,-426.2400878906251,187.1998535156249,71.24477539062491,-538.0800109863281,603.8400390625,489.4208984375
1763686479.5910006,9,3,3,-1.363523939367146,0.6363584885938898,-8.172525518781162,0.027037393466814337,0.07964069862996881,0.0002886480633913016,343.6799560546874,-705.6000122070312,710.1249023437499,229.43999633789065,-255.360015296936,291.1743652343748,84.48000488281241,710.8800292968749,1843.846435546875,-455.0401367187501,225.5999999999999,86.73281249999991,-607.6800170898438,683.039990234375,532.0126953125
1763686479.9036677,9,3,3,-1.437674658005664,0.8257208963253572,-9.516650192978837,0.03251431396504238,0.08409391200205504,0.0011462890641024594,370.0799804687499,-801.6000122070312,795.3087402343749,234.24004516601565,-264.96001567840574,322.1504394531248,82.07998046874991,773.2799316406249,2060.678466796875,-500.6399902343751,254.4000488281249,98.34877929687491,-682.0800109863281,786.2400634765625,566.86083984375
1763686480.0088742,9,3,3,-1.628098643344982,0.9010689526644132,-9.909880113981961,0.03607684074442421,0.09499879233780367,0.0011745947528774003,374.8800292968749,-823.2000183105469,799.1808105468749,246.24004516601565,-274.56001605987547,329.8945800781248,91.67995605468741,794.8800292968749,2114.886474609375,-510.2400878906251,263.9999023437499,106.09279785156241,-694.0800109863281,803.039990234375,574.604736328125
1763686480.197956,9,3,3,-1.574860008702408,0.9239459162243898,-10.472813957597783,0.0378186516832054,0.09075536338446444,0.0011342388847870744,377.2799316406249,-840.0000213623047,818.5409179687499,248.6400085449219,-276.9600161552429,333.7661621093748,101.27993164062491,806.8800292968749,2169.094482421875,-515.0401367187501,273.5999999999999,106.09279785156241,-710.880029296875,829.44013671875,574.604736328125
1763686480.2915192,9,3,3,-1.498159998350407,1.0646978393890727,-10.317154543065362,0.04341973444085763,0.08699337401569417,0.0011225183505898882,372.4800048828124,-842.400015258789,822.4127441406249,248.6400085449219,-284.1600164413452,326.0225097656248,106.07998046874991,802.0799804687499,2176.838623046875,-517.4400390625001,273.5999999999999,109.96474609374991,-703.6800170898438,824.640087890625,574.604736328125
1763686480.3973122,9,3,3,-1.4817913964816876,1.0473619424150844,-9.945355364182856,0.04372285620744639,0.08616233212250342,0.0006324493621113324,374.8800292968749,-840.0000213623047,806.9249511718749,243.84002075195315,-279.36001625061033,333.7661621093748,98.87990722656241,797.2799316406249,2161.350341796875,-510.2400878906251,275.9999023437499,113.83681640624991,-703.6800170898438,822.23994140625,566.86083984375
1763686480.4941862,9,3,3,-1.462085145861237,0.9757406674277013,-9.83739678143865,0.04083296430483027,0.08466467089025431,0.0004296908803548081,370.0799804687499,-840.0000213623047,814.6688476562499,239.0400329589844,-281.7600158691406,326.0225097656248,106.07998046874991,799.6800781249999,2176.838623046875,-512.6399902343751,273.5999999999999,109.96474609374991,-706.0800109863281,822.23994140625,566.86083984375
1763686480.605312,9,3,3,-1.395202358716465,1.0754393658834274,-9.789922540822793,0.04438990064024053,0.08094785379866459,0.000530425829673253,367.6799560546874,-842.400015258789,810.7967773437499,239.0400329589844,-284.1600164413452,326.0225097656248,110.87990722656241,794.8800292968749,2169.094482421875,-517.4400390625001,275.9999023437499,113.83681640624991,-703.6800170898438,819.8400390625,562.98876953125
1763686480.6749382,9,3,3,-1.385554045264092,1.019376550252924,-9.777048961394454,0.043609381598111056,0.08123373563726924,0.0009274615113374352,372.4800048828124,-837.6000122070312,810.7967773437499,236.6400085449219,-286.5600170135498,326.0225097656248,110.87990722656241,794.8800292968749,2169.094482421875,-507.8399414062501,275.9999023437499,117.70876464843741,-701.2800231933594,819.8400390625,566.86083984375
1763686480.7678828,9,3,3,-1.379707041497717,1.0734804850384818,-9.689201747348148,0.04474409421525745,0.0813899807567875,0.0008026853650285465,367.6799560546874,-842.400015258789,806.9249511718749,241.43999633789065,-286.5600170135498,326.0225097656248,110.87990722656241,794.8800292968749,2161.350341796875,-512.6399902343751,273.5999999999999,113.83681640624991,-701.2800231933594,822.23994140625,555.244873046875
1763686480.8617356,9,3,3,-1.313815711122875,1.0417764319575271,-9.74321737454049,0.04351230265300145,0.0774294007865739,0.0010140995664052795,365.2799316406249,-840.0000213623047,810.7967773437499,241.43999633789065,-281.7600158691406,326.0225097656248,113.27993164062491,790.0799804687499,2172.966552734375,-507.8399414062501,275.9999023437499,117.70876464843741,-703.6800170898438,822.23994140625,562.98876953125
1763686480.9698267,9,3,3,-1.3127277274666345,1.021286855156121,-9.457427318101367,0.04324516543229294,0.07737038992635652,0.00025679987073351333,365.2799316406249,-842.400015258789,806.9249511718749,239.0400329589844,-293.7600158691406,326.0225097656248,115.67995605468741,794.8800292968749,2172.966552734375,-510.2400878906251,273.5999999999999,121.58083496093741,-701.2800231933594,817.4400146484375,559.11669921875
1763686481.0982094,9,3,3,-1.288836437490219,1.0573518599863672,-9.354087368550704,0.044079686081521886,0.07690254166735469,0.0002157763632847469,367.6799560546874,-842.400015258789,806.9249511718749,243.84002075195315,-284.1600164413452,322.1504394531248,110.87990722656241,794.8800292968749,2165.222412109375,-505.4400390625001,275.9999023437499,121.58083496093741,-701.2800231933594,822.23994140625,559.11669921875
1763686481.19139,9,3,3,-1.2671259391584773,0.9894849667460425,-9.309823771370375,0.042552270435563935,0.07614204764990432,0.0006214997016286625,365.2799316406249,-840.0000213623047,806.9249511718749,239.0400329589844,-286.5600170135498,326.0225097656248,115.67995605468741,790.0799804687499,2169.094482421875,-512.6399902343751,275.9999023437499,113.83681640624991,-701.2800231933594,819.8400390625,566.86083984375
1763686481.2659407,9,3,3,-1.2998028664347705,1.019303199040487,-9.410838727033168,0.04243888689382021,0.07639405942026806,0.0012861720133722004,358.0799804687499,-840.0000213623047,803.0528808593749,236.6400085449219,-284.1600164413452,326.0225097656248,118.07998046874991,797.2799316406249,2169.094482421875,-512.6399902343751,275.9999023437499,117.70876464843741,-698.880029296875,822.23994140625,562.98876953125
1763686481.395845,9,3,3,-1.2956614900790302,1.0619681608340783,-9.254492323979285,0.04382004081180462,0.07696141435076073,0.000640773517566166,362.8800292968749,-837.6000122070312,799.1808105468749,239.0400329589844,-281.7600158691406,326.0225097656248,115.67995605468741,792.4801269531249,2161.350341796875,-510.2400878906251,278.4000488281249,113.83681640624991,-698.880029296875,819.8400390625,559.11669921875
1763686481.4521368,9,3,3,-1.2707291996646468,1.0576598706097522,-9.271661413410982,0.043955422488001064,0.07665311496451496,0.0007135885166283064,360.4800048828124,-835.2000183105469,799.1808105468749,239.0400329589844,-286.5600170135498,318.2783691406248,115.67995605468741,790.0799804687499,2157.478271484375,-510.2400878906251,278.4000488281249,121.58083496093741,-694.0800109863281,815.039990234375,555.244873046875
1763686481.5947225,9,3,3,-1.2613660460627616,1.018699601466662,-9.035640132500967,0.04372003124254803,0.07510851491817552,0.0005653540998769319,355.6799560546874,-830.400015258789,799.1808105468749,231.84002075195315,-286.5600170135498,322.1504394531248,115.67995605468741,778.0799804687499,2161.350341796875,-512.6399902343751,280.7999511718749,121.58083496093741,-689.2800231933594,815.039990234375,551.372802734375
1763686481.7057495,9,3,3,-1.2518176261074816,1.0591967420607422,-9.045413808834827,0.04572186142978395,0.0752392482428115,0.0004106661623631304,355.6799560546874,-830.400015258789,803.0528808593749,241.43999633789065,-288.96001663208006,326.0225097656248,115.67995605468741,778.0799804687499,2153.606201171875,-507.8399414062501,273.5999999999999,121.58083496093741,-691.6800170898438,817.4400146484375,555.244873046875
1763686481.79819,9,3,3,-1.2023399844892892,1.0435058799943158,-8.94875677129159,0.04449139164853133,0.07227358584994495,0.0008311763299303819,355.6799560546874,-835.2000183105469,799.1808105468749,231.84002075195315,-286.5600170135498,322.1504394531248,113.27993164062491,780.4801269531249,2149.734619140625,-505.4400390625001,275.9999023437499,113.83681640624991,-689.2800231933594,810.2400634765625,551.372802734375
1763686481.841733,9,3,3,-1.2202296770554468,1.052953454499845,-8.93008825502865,0.044727936671643286,0.07253099103110497,0.00044729289914440234,360.4800048828124,-830.400015258789,799.1808105468749,231.84002075195315,-288.96001663208006,326.0225097656248,120.48000488281241,782.8800292968749,2149.734619140625,-507.8399414062501,280.7999511718749,117.70876464843741,-689.2800231933594,812.6399658203125,562.98876953125
1763686481.9512768,9,3,3,-1.206540862155762,1.006958178156801,-8.919776888851327,0.043189106397171995,0.07248860359714963,0.0006827549173385643,358.0799804687499,-828.0000213623047,791.4369140624999,234.24004516601565,-288.96001663208006,326.0225097656248,115.67995605468741,775.6800781249999,2149.734619140625,-507.8399414062501,273.5999999999999,121.58083496093741,-689.2800231933594,805.4400146484375,547.500732421875
1763686482.0649352,9,3,3,-1.2129081317573378,1.0207532302748796,-8.778021606181744,0.0448562230124871,0.0719308072128214,0.0005830132248386567,353.2799316406249,-828.0000213623047,799.1808105468749,229.43999633789065,-288.96001663208006,322.1504394531248,118.07998046874991,775.6800781249999,2157.478271484375,-505.4400390625001,271.1998535156249,121.58083496093741,-686.880029296875,805.4400146484375,551.372802734375
1763686482.190938,9,3,3,-1.1935771734049194,1.0108044095196551,-8.847969031738943,0.044253260416530535,0.07165618814578306,0.00047791727756708435,360.4800048828124,-825.6000122070312,795.3087402343749,231.84002075195315,-284.1600164413452,318.2783691406248,118.07998046874991,773.2799316406249,2145.862548828125,-503.0401367187501,273.5999999999999,121.58083496093741,-686.880029296875,800.6399658203125,551.372802734375
1763686482.3013253,9,3,3,-1.1555862311472653,1.0509953143785573,-8.715879995560538,0.04396284912882799,0.07095472515418595,0.0005981193365768318,350.8800292968749,-832.8000244140625,803.0528808593749,234.24004516601565,-284.1600164413452,322.1504394531248,118.07998046874991,775.6800781249999,2161.350341796875,-510.2400878906251,271.1998535156249,117.70876464843741,-686.880029296875,810.2400634765625,543.62890625
1763686482.3946872,9,3,3,-1.2502605499372033,1.0155592143544436,-8.826679649806254,0.04527637170047842,0.07366275385110872,0.0003339667810713636,355.6799560546874,-835.2000183105469,803.0528808593749,236.6400085449219,-286.5600170135498,322.1504394531248,118.07998046874991,773.2799316406249,2157.478271484375,-505.4400390625001,275.9999023437499,117.70876464843741,-686.880029296875,812.6399658203125,547.500732421875
1763686482.5026617,9,3,3,-1.1784088259433805,1.0411151099662153,-8.761328145170634,0.045028521512667424,0.07145135392646106,0.00027491710504122177,350.8800292968749,-830.400015258789,799.1808105468749,234.24004516601565,-288.96001663208006,322.1504394531248,122.87990722656241,780.4801269531249,2153.606201171875,-503.0401367187501,273.5999999999999,121.58083496093741,-694.0800109863281,810.2400634765625,547.500732421875
1763686482.534656,9,3,3,-1.1612952977140722,1.0404314553254181,-8.72877282230613,0.04504036821462827,0.0714916584701174,0.0005211202369320937,353.2799316406249,-837.6000122070312,795.3087402343749,234.24004516601565,-288.96001663208006,326.0225097656248,120.48000488281241,773.2799316406249,2153.606201171875,-505.4400390625001,275.9999023437499,117.70876464843741,-689.2800231933594,810.2400634765625,547.500732421875
1763686482.6251833,9,3,3,-1.1742571746806145,1.0067283147169521,-8.865383370847573,0.04390049153787497,0.06998287251547526,0.0006263999699240826,350.8800292968749,-835.2000183105469,803.0528808593749,229.43999633789065,-291.36001625061033,322.1504394531248,118.07998046874991,775.6800781249999,2165.222412109375,-507.8399414062501,278.4000488281249,117.70876464843741,-689.2800231933594,812.6399658203125,547.500732421875
1763686482.7969277,9,3,3,-1.166955310531262,1.0468996109895516,-8.543947190080157,0.0446376270323572,0.07090555910147259,3.744035804339064e-05,353.2799316406249,-818.400015258789,787.5648437499999,227.0400329589844,-284.1600164413452,318.2783691406248,120.48000488281241,761.2799316406249,2134.246337890625,-503.0401367187501,268.7999511718749,121.58083496093741,-682.0800109863281,800.6399658203125,543.62890625
1763686482.8099303,9,3,3,-1.194870839936161,1.0537682063016378,-8.591461302979319,0.04518880246485723,0.07086196950810647,0.0004133257877211487,348.4800048828124,-816.0000213623047,791.4369140624999,229.43999633789065,-288.96001663208006,314.4062988281248,125.27993164062491,758.8800292968749,2126.502197265625,-500.6399902343751,266.4000488281249,125.45278320312491,-670.0800109863281,791.039990234375,543.62890625
1763686482.9193966,9,3,3,-1.1246188564991808,1.012367351796453,-8.213614183047577,0.042969720240526435,0.06877963652023565,7.230054164572997e-05,343.6799560546874,-804.0000213623047,779.8209472656249,224.6400085449219,-286.5600170135498,318.2783691406248,125.27993164062491,744.4801269531249,2099.398193359375,-495.8399414062501,266.4000488281249,121.58083496093741,-665.2800231933594,779.039990234375,532.0126953125
1763686483.0413404,9,3,3,-1.081463653860268,1.0010958588273806,-8.003969789888846,0.04497648529304424,0.06678388615661832,-9.181035103607987e-08,331.6799560546874,-787.2000183105469,768.2047363281249,219.84002075195315,-276.9600161552429,310.5342285156248,115.67995605468741,730.0799804687499,2052.934326171875,-491.0401367187501,256.7999511718749,125.45278320312491,-650.880029296875,762.2400634765625,528.140869140625
1763686483.1993904,9,3,3,-0.9883280635965701,0.9351615376077987,-7.065224406178212,0.03988781354471491,0.0634956188587162,-0.00022971572530301743,324.4800048828124,-751.2000183105469,737.2289062499999,217.43999633789065,-274.56001605987547,306.6621582031248,120.48000488281241,698.8800292968749,1971.622314453125,-474.2400878906251,247.1998535156249,121.58083496093741,-622.0800262451172,731.039990234375,512.65283203125
1763686483.2278886,9,3,3,-0.9988761906825712,0.928625549442047,-7.165644880653536,0.04013979637589769,0.06413801231074613,4.9016723187657145e-05,317.2799316406249,-739.2000183105469,721.7408691406249,217.43999633789065,-272.16001596450803,298.9185058593748,118.07998046874991,686.8800292968749,1948.390380859375,-469.4400390625001,244.7999511718749,113.83681640624991,-612.4800201416016,721.4400146484375,504.90869140625
1763686483.3214304,9,3,3,-0.8355678860713681,0.8844875086011841,-6.5686007815545775,0.0410806820841481,0.05290755765960088,-0.0002803772944211984,310.0799804687499,-715.2000183105469,706.2528320312499,207.84002075195315,-264.96001567840574,291.1743652343748,108.48000488281241,655.6800781249999,1874.822509765625,-457.4400390625001,232.7999511718749,117.70876464843741,-586.0800262451172,690.2400634765625,493.292724609375
1763686483.4188223,9,3,3,-0.8335519453883047,0.8993321809398613,-6.049280672997643,0.04102017168511108,0.05387728284952433,6.013226735400792e-05,0,0,0,0,0,0,0,0,0,0,0,0,0,0,0
1763686483.5912366,9,3,3,-0.6738081852726953,0.7604984799767878,-4.781170969069596,0.03408950191125086,0.04911739787413171,-0.001226902491576874,271.6799560546874,-626.4,624.9408203124999,186.24004516601565,-243.3600143432617,264.0703613281248,103.67995605468741,576.4801269531249,1638.630615234375,-409.4400390625001,199.1998535156249,106.09279785156241,-516.4800201416016,596.6399658203125,442.956787109375
1763686483.701334,9,3,3,-0.5063005083598978,0.7050602208521455,-4.192036568511559,0.03374448489265043,0.04035497388703965,-0.0013286775635304921,271.6799560546874,-619.2000183105469,621.0687499999999,186.24004516601565,-238.56001510620115,264.0703613281248,96.48000488281241,566.8800292968749,1623.142333984375,-409.4400390625001,199.1998535156249,106.09279785156241,-506.88001403808596,591.8400390625,442.956787109375
1763686483.728853,9,3,3,-0.498600096063778,0.7019624480899387,-4.343444576187602,0.03385818473815612,0.039985648297552474,-0.0008348433317612149,271.6799560546874,-619.2000183105469,621.0687499999999,186.24004516601565,-238.56001510620115,264.0703613281248,96.48000488281241,566.8800292968749,1623.142333984375,-409.4400390625001,199.1998535156249,106.09279785156241,-506.88001403808596,591.8400390625,442.956787109375
1763686483.822899,9,3,3,-0.5487614733806715,0.6320096244278925,-3.771177418813969,0.02940693301873696,0.04173607316736665,-0.0008776114707565738,242.8800292968749,-530.4,539.7567382812499,169.43999633789065,-214.56001510620115,236.96635742187482,84.48000488281241,499.6800781249999,1410.182373046875,-356.6399902343751,172.7999511718749,86.73281249999991,-437.2800117492676,503.03999023437495,408.10888671875
1763686483.9320264,9,3,3,-0.5486684061686973,0.6206588082406841,-3.585794997400737,0.02935054229084163,0.041955784796325044,-0.0015924110940979696,230.8800292968749,-489.6000122070312,493.2928710937499,159.84002075195315,-200.16000976562498,213.73442382812482,79.67995605468741,458.8800292968749,1286.2783203125,-327.8399414062501,158.4000488281249,86.73281249999991,-406.08001098632815,459.84003906249995,377.1328125
1763686484.0916882,9,3,3,-0.20883577629895875,0.3562067122818343,-2.5195878379130265,0.016818221879135058,0.024110890624225903,-0.00124889590761814,202.0799804687499,-439.1999877929687,446.8287597656249,145.44002685546877,-178.56001129150388,198.24614257812482,70.07998046874991,403.6800781249999,1146.886474609375,-296.6399902343751,146.4000488281249,75.11684570312491,-355.68000946044924,411.84003906249995,338.412841796875
1763686484.1369061,9,3,3,-0.2071774796042199,0.34474407093519815,-2.3360472464675217,0.016436305039329236,0.024304742317188474,-0.0014966882441661286,199.6799560546874,-417.6000122070312,427.4688964843749,145.44002685546877,-173.7600158691406,182.75834960937482,67.67995605468741,391.6800781249999,1092.678466796875,-284.6399902343751,143.9999023437499,71.24477539062491,-346.08001098632815,390.24006347656245,326.796875
1763686484.2140286,9,3,3,-0.139634148326328,0.2655361279157161,-2.1265290407351243,0.01438796093635208,0.022128350287263582,-0.0007992314681438192,190.0799804687499,-398.4,408.1087890624999,138.24001464843752,-171.3600143432617,171.14213867187482,77.27993164062491,372.4801269531249,1042.342529296875,-267.8399414062501,134.4000488281249,67.37282714843741,-334.08001098632815,373.44001464843745,307.436767578125
1763686484.3903062,9,3,3,-0.15270307374819633,0.23982474506258977,-1.6657566745481722,0.010329244657045884,0.017551050458768137,-0.0007292440401174983,168.4800048828124,-352.8000244140625,361.6449218749999,128.6400085449219,-149.76000823974607,155.65434570312482,65.27993164062491,331.6800781249999,926.182373046875,-239.0401367187501,122.40004882812491,59.62880859374991,-298.08001098632815,330.24006347656245,288.076904296875
1763686484.5003355,9,3,3,-0.010640785524329746,0.24277221695971296,-1.5758370439835396,0.009224269658359804,0.017721188335283976,-0.0006247661860474993,154.0799804687499,-331.1999877929687,334.5409179687499,114.24001464843752,-137.7600158691406,147.91020507812482,60.48000488281241,307.6800781249999,860.3583984375,-222.2400878906251,115.19985351562491,51.88479003906241,-278.88000640869143,308.63996582031245,260.972900390625
1763686484.7033014,9,3,3,0.02783228111774682,0.11233043754244681,-1.1774565634716208,0.006153136410017688,0.010960607727404051,-0.0011115858380987159,142.0799804687499,-295.1999877929687,295.8209472656249,109.44002685546877,-125.7600158691406,124.67827148437482,53.27993164062491,276.4801269531249,748.070556640625,-198.2400878906251,103.19985351562491,48.01284179687491,-247.6800018310547,265.44001464843745,233.868896484375
1763686484.904324,9,3,3,0.035605571645231635,0.047509951367923756,-0.863994089672069,0.004230106894852414,0.00931651415488402,-0.0008463636337333917,127.67995605468741,-261.6000122070312,253.2289062499999,99.84002075195315,-111.36000671386716,105.31840820312482,46.07998046874991,245.2799316406249,662.886474609375,-174.2400878906251,95.99990234374991,36.39675292968741,-218.8799987792969,234.23994140624995,199.020751953125
1763686485.4032927,9,3,3,0.15627716736429997,0.0701904393016016,-0.44183787239999817,0.0010641616543536426,0.006485749936364159,-0.0005563158349017547,101.27993164062491,-201.60001220703123,187.4049316406249,78.24001464843752,-87.36000671386716,82.08623046874982,43.67995605468741,190.0799804687499,508.00634765625,-131.0401367187501,81.59999999999991,32.52480468749991,-173.28000793457034,181.44001464843745,160.30078125
1763686485.49559,9,3,3,0.210091559108328,-0.014550937194661002,-0.41267699259104984,-0.00010428641273695571,0.004810312855440682,-0.0007787703617716875,96.48000488281241,-196.79996337890623,168.0448242187499,75.84002075195315,-82.56000366210935,82.08623046874982,41.27993164062491,187.6799560546874,488.646484375,-121.44003906250009,74.40004882812491,24.78078613281241,-166.07999572753909,174.23994140624995,156.4287109375
1763686485.5904348,9,3,3,0.15984500252486666,0.01607145385655219,-0.3602001982390203,-8.7738996346077e-06,0.004959940062204474,-0.0005274452674162163,94.07998046874991,-187.19998779296873,164.1727539062499,80.6400085449219,-84.96001281738279,70.47026367187482,38.87990722656241,175.6799560546874,457.67041015625,-114.24008789062509,74.40004882812491,20.90883789062491,-156.48000488281252,167.03999023437495,144.812744140625
1763686485.7928102,9,3,3,0.14717160971165774,-0.06012458788427062,-0.26700502253361647,-0.0017876469624869126,0.006467807186633928,-0.0003384646412829634,82.07998046874991,-172.79996337890623,160.3009277343749,71.04000244140627,-77.7600158691406,66.59843749999982,41.27993164062491,166.0799804687499,418.950439453125,-102.24008789062509,69.59999999999991,13.164819335937409,-151.6800018310547,150.23994140624995,133.19677734375
1763686492.706031,9,3,3,0.1745771456426179,-0.06313023289975826,-0.3189996119638928,-0.0021566628258639837,0.005661125615413485,-0.0005150795184357904,46.07998046874991,-127.19998779296873,94.47695312499991,44.6400085449219,-58.56000366210935,27.878466796874818,34.07998046874991,94.07998046874991,291.174560546875,-68.63999023437509,67.19985351562491,13.164819335937409,-110.8799987792969,107.03999023437495,75.11669921875
1763686492.9993067,9,3,3,0.09473661459951682,-0.03776023027499158,-0.6960933790899148,8.40336638296419e-05,0.008117497018531239,-0.0006412388831421337,72.48000488281241,-153.60001220703123,129.3248535156249,61.44002685546877,-68.16000976562498,51.11040039062482,34.07998046874991,137.2800537109374,364.742431640625,-97.44003906250009,64.79995117187491,17.03676757812491,-127.68000183105471,133.44001464843745,113.8369140625
1763686493.091973,9,3,3,0.12659142732988177,-0.033973204372858196,-0.7989681945644757,0.00041787669473187535,0.009516776690896655,-0.00036399550122109543,0,0,0,0,0,0,0,0,0,0,0,0,0,0,0
1763686493.293976,9,3,3,0.09000679452083617,0.07783330004249138,-1.165016157817698,0.0015167531262221723,0.011665194125945093,-0.0009681930832486129,94.07998046874991,-196.79996337890623,195.1488281249999,80.6400085449219,-89.7600158691406,89.83012695312482,41.27993164062491,197.2799316406249,515.75048828125,-138.2400878906251,71.99990234374991,24.78078613281241,-175.6800018310547,186.23994140624995,152.556884765625
1763686493.7056215,9,3,3,-0.31402491227466317,0.25755581304927794,-1.9913338950135748,0.003940429845312482,0.022719151756029385,-0.00032572657328022595,142.0799804687499,-261.6000122070312,260.9728027343749,114.24001464843752,-111.36000671386716,124.67827148437482,48.48000488281241,274.0799804687499,682.246337890625,-179.0401367187501,91.19985351562491,24.78078613281241,-230.8799987792969,241.44001464843745,229.996826171875
1763686493.8030467,9,3,3,-0.06008166008686333,0.10610984772990747,-2.127083195696155,0.005254766507315721,0.018416829123624485,-0.0003575035615151434,158.8800292968749,-271.1999877929687,276.4608398437499,119.04000244140627,-116.16000976562498,124.67827148437482,48.48000488281241,283.6800781249999,717.094482421875,-191.0401367187501,95.99990234374991,28.65285644531241,-233.28000793457034,255.84003906249995,237.74072265625
1763686494.2003038,9,3,3,-0.26614040717079734,0.15171696629576426,-2.863818481882883,0.00630703623893632,0.027787344481106944,-0.00014778933267531845,194.8800292968749,-338.4,350.0289550781249,140.6400085449219,-132.9600128173828,159.52641601562482,53.27993164062491,365.2799316406249,887.46240234375,-236.6399902343751,110.40004882812491,40.26882324218741,-298.08001098632815,308.63996582031245,303.564697265625
1763686494.4049575,9,3,3,-0.3430670381246055,0.22027011551058062,-3.370454675988683,0.010023834865687777,0.030878289047621604,-0.0005519879952553001,216.4800048828124,-374.4,392.6207519531249,159.84002075195315,-154.56001129150388,178.88627929687482,53.27993164062491,398.8800292968749,992.00634765625,-267.8399414062501,122.40004882812491,44.14077148437491,-331.68000946044924,347.03999023437495,338.412841796875
1763686494.4986145,9,3,3,-0.4784107099000249,0.2362812488297448,-3.856722242137212,0.010796372604757054,0.037132383287360425,0.00037295480310517307,221.2799316406249,-393.6000122070312,408.1087890624999,159.84002075195315,-164.16000976562498,182.75834960937482,58.07998046874991,418.0799804687499,1038.470458984375,-282.2400878906251,117.59999999999991,44.14077148437491,-346.08001098632815,371.03999023437495,342.284912109375
1763686494.6059647,9,3,3,-0.4171115148617798,0.26400169365913095,-3.9033184034400494,0.012512201111325932,0.037470942180611984,-0.00010797806897963613,0,0,0,0,0,0,0,0,0,0,0,0,0,0,0
1763686494.7014308,9,3,3,-0.6244796321667009,0.2921038745293083,-4.280274087408692,0.010347653968669277,0.04525742021715826,-0.00017352146861941004,0,0,0,0,0,0,0,0,0,0,0,0,0,0,0
1763686494.744858,9,3,3,-0.5983107199235056,0.2949547668087524,-4.34921071316548,0.010175593980529345,0.045493487989370036,-0.0005119678864850294,252.4800048828124,-458.4,473.9327636718749,181.43999633789065,-180.9600128173828,205.99028320312482,62.87990722656241,480.4801269531249,1208.83837890625,-318.2400878906251,136.7999511718749,59.62880859374991,-396.48001155853274,426.24006347656245,392.620849609375
1763686494.9062734,9,3,3,-0.6893202571266666,0.2995700915113727,-5.090024084329956,0.014319481444042164,0.049063362955788246,-0.00021032864442917546,278.8800292968749,-504.0000061035156,520.3968749999999,193.43999633789065,-195.3600143432617,229.22221679687482,58.07998046874991,528.4801269531249,1324.998291015625,-349.4400390625001,155.9999023437499,59.62880859374991,-442.0800148010254,476.63996582031245,435.212890625
1763686494.9518034,9,3,3,-0.7026785210466452,0.298603823939753,-5.127006037714133,0.013468813927492666,0.049247298581211886,0.0002420337096823151,281.2799316406249,-511.20001831054685,535.8849121093749,198.24004516601565,-200.16000976562498,236.96635742187482,58.07998046874991,538.0799804687499,1352.102294921875,-351.8399414062501,155.9999023437499,55.75673828124991,-449.28001556396487,481.44001464843745,442.956787109375
1763686495.0935602,9,3,3,-0.841455414615659,0.35822894135379035,-5.769699269395863,0.013158642762308794,0.05774912944706036,8.502158931888992e-06,298.0799804687499,-559.2000183105469,582.3487792968749,203.0400329589844,-207.3600143432617,260.1982910156248,62.87990722656241,569.2799316406249,1476.006591796875,-385.4400390625001,170.4000488281249,63.50075683593741,-482.88001403808596,534.2400634765625,462.31689453125
1763686495.2010067,9,3,3,-0.8904217314212184,0.4892164094996158,-6.220215558647154,0.018942727025612168,0.0603320204384296,0.0005658188466893853,300.4800048828124,-590.4,609.4527832031249,207.84002075195315,-221.7600158691406,256.3262207031248,67.67995605468741,600.4801269531249,1557.318603515625,-404.6399902343751,179.9999023437499,75.11684570312491,-509.28001556396487,563.039990234375,477.804931640625
1763686495.2598631,9,3,3,-0.8631565929115308,0.4746599656703511,-6.205552790608926,0.01849462634229537,0.05991058875501609,0.00033558891026465917,307.6799560546874,-607.2000183105469,624.9408203124999,207.84002075195315,-228.9600128173828,271.8145019531248,74.87990722656241,614.8800292968749,1599.910400390625,-411.8399414062501,184.7999511718749,82.86074218749991,-518.880014038086,582.2400634765625,489.4208984375
1763686495.401592,9,3,3,-0.9715079956098512,0.5107617849186785,-7.006625850293255,0.01935000442988223,0.062165030231109024,0.00012927123119818498,322.0799804687499,-648.0000061035156,659.7889648437499,222.24004516601565,-236.16001358032224,283.4302246093748,70.07998046874991,653.2799316406249,1696.710205078125,-428.6399902343751,203.9999023437499,82.86074218749991,-554.880014038086,625.4400146484375,508.78076171875
1763686495.4986346,9,3,3,-1.2294108864099358,0.5979826023213035,-7.688477627393808,0.02627198305576758,0.07422603078587012,0.0006160156618991624,324.4800048828124,-686.4,683.0208984374999,227.0400329589844,-248.16001548767088,291.1743652343748,79.67995605468741,679.6800781249999,1797.382568359375,-440.6399902343751,218.4000488281249,94.47683105468741,-581.2800231933594,656.6399658203125,532.0126953125
1763686495.5406458,9,3,3,-1.202700867658996,0.538155979259341,-7.7021378670177025,0.02728086151677237,0.07449843805139297,0.00015162610936310123,326.8800292968749,-703.2000183105469,706.2528320312499,215.0400329589844,-252.96001472473142,306.6621582031248,91.67995605468741,677.2799316406249,1836.102294921875,-459.8399414062501,215.9999023437499,90.60476074218741,-593.2800231933594,673.4400146484375,524.268798828125
1763686495.649751,9,3,3,-1.0392697089432583,0.44890993100258847,-8.19423865553481,0.033140663117348174,0.07650882414572963,0.0008688542199399912,341.2799316406249,-732.0000061035156,721.7408691406249,229.43999633789065,-262.5600155830383,306.6621582031248,94.07998046874991,703.6800781249999,1894.182373046875,-467.0401367187501,232.7999511718749,98.34877929687491,-619.6800170898438,714.2400634765625,535.884765625
1763686495.7931762,9,3,3,-1.288214185336917,0.6974304867547014,-9.163402129537118,0.03426842467414201,0.08459173862834042,0.0008998031053450038,353.2799316406249,-780.0000213623047,756.5887695312499,234.24004516601565,-269.7600158691406,318.2783691406248,94.07998046874991,758.8800292968749,2025.830322265625,-476.6399902343751,254.4000488281249,98.34877929687491,-658.0800109863281,747.8400390625,555.244873046875
1763686495.8345833,9,3,3,-1.2096633499855038,0.7006666144125556,-9.10523808031046,0.03233234960120344,0.08257488958418421,0.001145503640508215,358.0799804687499,-777.6000122070312,768.2047363281249,239.0400329589844,-276.9600161552429,306.6621582031248,98.87990722656241,758.8800292968749,2033.574462890625,-483.8399414062501,259.1998535156249,109.96474609374991,-665.2800231933594,759.8400390625,551.372802734375
1763686495.9446776,9,3,3,-1.4667975437637288,0.7644385829049742,-9.622375984817594,0.041327912157583094,0.08991953328979689,0.001232066122412936,365.2799316406249,-818.400015258789,783.6927734374999,241.43999633789065,-279.36001625061033,310.5342285156248,113.27993164062491,780.4801269531249,2118.758544921875,-500.6399902343751,271.1998535156249,117.70876464843741,-686.880029296875,805.4400146484375,559.11669921875
1763686496.0380907,9,3,3,-1.5523942297876037,0.9325776823091236,-9.971495545537243,0.04238259986262779,0.09312797873200224,0.001098366675410566,374.8800292968749,-852.0000213623047,818.5409179687499,241.43999633789065,-286.5600170135498,326.0225097656248,103.67995605468741,806.8800292968749,2188.454345703125,-517.4400390625001,278.4000488281249,109.96474609374991,-710.880029296875,831.8400390625,570.73291015625
1763686496.132732,9,3,3,-1.612001303973127,0.9480785504649774,-10.580320542639212,0.041808553611113214,0.09607406986968652,0.0018943590957058339,379.6799560546874,-871.2000183105469,822.4127441406249,248.6400085449219,-298.5600170135498,326.0225097656248,120.48000488281241,828.4801269531249,2250.406494140625,-522.2400878906251,292.7999511718749,121.58083496093741,-732.4800354003906,848.640087890625,582.348876953125
1763686496.2292314,9,3,3,-1.643872400452421,1.0996774643661302,-10.816193914926483,0.04870793100458025,0.09098360122695028,0.0012787015999627047,394.0799804687499,-916.8000244140625,865.0047851562499,258.24004516601565,-293.7600158691406,337.6382324218748,103.67995605468741,866.8800292968749,2327.846435546875,-536.6399902343751,311.9999023437499,125.45278320312491,-770.880029296875,906.23994140625,593.96484375
1763686496.4013066,9,3,3,-1.8029167527499124,1.1692786091350467,-12.155639762673463,0.046763037690453466,0.10075717254129876,0.001726834163995045,410.8800292968749,-976.8000244140625,899.8529296874999,270.24004516601565,-308.1600173950195,349.2544433593748,110.87990722656241,914.8800292968749,2459.494384765625,-558.2400878906251,333.5999999999999,133.1968017578124,-816.4800354003906,963.8400390625,613.32470703125
1763686496.4133885,9,3,3,-1.7686368015464202,1.1967260917991536,-12.10652851147403,0.047009263192850384,0.10102382571938977,0.0019774601905218833,408.4800048828124,-976.8000244140625,903.7247558593749,263.0400329589844,-308.1600173950195,345.3823730468748,110.87990722656241,912.4801269531249,2455.622314453125,-555.8399414062501,333.5999999999999,121.58083496093741,-821.2800231933594,971.039990234375,609.452880859375
1763686496.6004417,9,3,3,-1.7560098335151597,1.2450403534372463,-12.478676717642802,0.05033892238286423,0.09848275407666075,0.002010560432772899,403.6799560546874,-984.0000242233276,899.8529296874999,260.6400085449219,-315.36001815795896,349.2544433593748,120.48000488281241,917.2799316406249,2471.110595703125,-555.8399414062501,345.5999999999999,129.3248535156249,-816.4800354003906,968.640087890625,609.452880859375
1763686496.6954193,9,3,3,-1.7292724665486203,1.2527248269066158,-12.090644518808787,0.050515263096498994,0.0973719098157868,0.001367054215742106,401.2799316406249,-979.2000240325928,903.7247558593749,260.6400085449219,-310.5600189208984,349.2544433593748,118.07998046874991,905.2799316406249,2463.366455078125,-551.0401367187501,343.1998535156249,129.3248535156249,-811.6800170898438,963.8400390625,601.708740234375
1763686496.8985834,9,3,3,-1.7614875957810452,1.327935198366005,-11.884204381647086,0.05638361484260998,0.09877971641308855,0.0016948724536006467,396.4800048828124,-981.6000241279602,911.4688964843749,260.6400085449219,-315.36001815795896,353.1265136718748,118.07998046874991,900.4801269531249,2471.110595703125,-555.8399414062501,340.7999511718749,137.0687499999999,-814.0800415039063,973.44013671875,597.8369140625
1763686496.9949107,9,3,3,-1.7631585734523494,1.2552485861392038,-11.628812838745258,0.05250083637355499,0.0985941660590731,0.0012282131492554749,0,0,0,0,0,0,0,0,0,0,0,0,0,0,0
1763686497.307505,9,3,3,-1.6995872343723857,1.2629371232240656,-11.371368722873271,0.054007658934792604,0.09641672369558181,0.0010907104690704248,396.4800048828124,-979.2000240325928,903.7247558593749,253.43999633789065,-310.5600189208984,345.3823730468748,125.27993164062491,910.0799804687499,2478.854248046875,-555.8399414062501,345.5999999999999,129.3248535156249,-814.0800415039063,971.039990234375,597.8369140625
1763686497.4012387,9,3,3,-1.6098378739787726,1.1913863696085856,-11.272248941856445,0.049144633459744784,0.09258918189651735,0.0014225393359668208,403.6799560546874,-979.2000240325928,903.7247558593749,260.6400085449219,-312.96001663208006,341.5103027343748,120.48000488281241,910.0799804687499,2467.238525390625,-548.6399902343751,350.4000488281249,125.45278320312491,-811.6800170898438,968.640087890625,605.580810546875
1763686497.443681,9,3,3,-1.610460138280283,1.2224063405176788,-11.371125880169824,0.04953179512726599,0.09230610757840184,0.001151579017984565,403.6799560546874,-981.6000241279602,903.7247558593749,263.0400329589844,-312.96001663208006,341.5103027343748,122.87990722656241,907.6800781249999,2467.238525390625,-548.6399902343751,345.5999999999999,129.3248535156249,-814.0800415039063,971.039990234375,609.452880859375
1763686497.6043534,9,3,3,-1.5865514989513902,1.1754925078226062,-11.124317039272833,0.04788802024610591,0.09099248855354652,0.000845349191409224,401.2799316406249,-986.400024318695,907.5968261718749,260.6400085449219,-315.36001815795896,345.3823730468748,125.27993164062491,905.2799316406249,2478.854248046875,-558.2400878906251,345.5999999999999,129.3248535156249,-814.0800415039063,975.8400390625,605.580810546875
1763686497.6318746,9,3,3,-1.6069423523861155,1.167356430242009,-11.25581558943928,0.0484541885674614,0.09097519062121776,0.0009580367808681468,403.6799560546874,-988.8000244140625,903.7247558593749,255.84002075195315,-310.5600189208984,345.3823730468748,120.48000488281241,910.0799804687499,2482.726318359375,-553.4400390625001,350.4000488281249,125.45278320312491,-814.0800415039063,968.640087890625,593.96484375
1763686497.8154588,9,3,3,-1.524671112290649,1.0990054983312048,-11.115957745252059,0.04530991860629324,0.08686987075012997,0.0013116281998438502,0,0,0,0,0,0,0,0,0,0,0,0,0,0,0
1763686497.9943495,9,3,3,-1.4951564861011408,1.164517116838276,-10.885494652848022,0.048935907618853317,0.0870628164173852,0.001325744565058547,396.4800048828124,-976.8000244140625,911.4688964843749,258.24004516601565,-310.5600189208984,341.5103027343748,127.67995605468741,902.8800292968749,2459.494384765625,-548.6399902343751,347.9999023437499,137.0687499999999,-809.2800231933594,963.8400390625,601.708740234375
1763686498.103161,9,3,3,-1.5079220487545748,1.147499047909046,-10.76910166880574,0.04798531136856779,0.08615294459277038,0.0007390736034906895,398.8800292968749,-986.400024318695,907.5968261718749,255.84002075195315,-320.1600173950195,337.6382324218748,127.67995605468741,902.8800292968749,2471.110595703125,-548.6399902343751,347.9999023437499,133.1968017578124,-814.0800415039063,968.640087890625,597.8369140625
1763686498.225065,9,3,3,-1.4778919937691681,1.1658861410976453,-10.856078387379634,0.0472906276841924,0.08483621767702035,0.0009374417067022269,401.2799316406249,-981.6000241279602,899.8529296874999,260.6400085449219,-317.7600158691406,341.5103027343748,127.67995605468741,907.6800781249999,2471.110595703125,-548.6399902343751,352.7999511718749,137.0687499999999,-816.4800354003906,973.44013671875,605.580810546875
1763686498.398423,9,3,3,-1.5353827283395494,1.17610598973915,-10.810514100076215,0.050374254700091325,0.08726087202984208,0.0007326037383909682,391.6799560546874,-986.400024318695,911.4688964843749,255.84002075195315,-320.1600173950195,337.6382324218748,134.8799072265624,900.4801269531249,2482.726318359375,-551.0401367187501,352.7999511718749,137.0687499999999,-811.6800170898438,971.039990234375,597.8369140625
1763686498.5080125,9,3,3,-1.55571460156087,1.2301463894975377,-10.901297828209787,0.053305666523947796,0.08829760912781047,0.0012558532892770462,394.0799804687499,-976.8000244140625,892.1087890624999,253.43999633789065,-317.7600158691406,333.7661621093748,134.8799072265624,898.0799804687499,2463.366455078125,-546.2400878906251,343.1998535156249,129.3248535156249,-806.880029296875,966.23994140625,593.96484375
1763686499.207733,9,3,3,-1.2724456227843648,1.1787000064637585,-9.530882140930968,0.05089650342519878,0.07654703259700246,0.0002497663828957327,372.4800048828124,-936.0000213623047,857.2608886718749,239.0400329589844,-312.96001663208006,329.8945800781248,139.6799560546874,842.8800292968749,2382.054443359375,-536.6399902343751,328.7999511718749,133.1968017578124,-761.2800231933594,913.44013671875,566.86083984375
1763686499.3021376,9,3,3,-1.2646466621957857,1.1715608973554839,-9.073123965628476,0.05150119356453206,0.0745761979105415,0.0004160754415815735,362.8800292968749,-916.8000244140625,853.3888183593749,239.0400329589844,-305.7600158691406,333.7661621093748,137.2799316406249,826.0799804687499,2327.846435546875,-531.8399414062501,323.9999023437499,129.3248535156249,-744.4800354003906,901.44013671875,562.98876953125
1763686499.3452334,9,3,3,-1.2550816728082759,1.1873543476855397,-9.073366533940723,0.051466497969792066,0.07420907117775884,0.0004143154046782026,360.4800048828124,-912.0000213623047,845.6449218749999,236.6400085449219,-308.1600173950195,333.7661621093748,139.6799560546874,816.4801269531249,2320.102294921875,-527.0401367187501,323.9999023437499,137.0687499999999,-742.0800109863281,889.44013671875,555.244873046875
1763686499.4244158,9,3,3,-1.282626693179571,1.0976846991646156,-8.76386083158555,0.049129454376132205,0.07651895208802689,0.0006013875216310666,355.6799560546874,-890.4000228881836,826.2848144531249,236.6400085449219,-308.1600173950195,326.0225097656248,139.6799560546874,802.0799804687499,2277.510498046875,-517.4400390625001,316.7999511718749,137.0687499999999,-725.2800231933594,867.8400390625,559.11669921875
1763686499.5180993,9,3,3,-1.042729692252346,1.141618404907884,-8.131067126759365,0.05115509005891435,0.06369832512401885,0.00012462995753009277,343.6799560546874,-861.6000198364258,806.9249511718749,234.24004516601565,-303.36001815795896,318.2783691406248,149.2799316406249,780.4801269531249,2211.686279296875,-503.0401367187501,304.7999511718749,133.1968017578124,-701.2800231933594,834.23994140625,543.62890625
1763686499.6119158,9,3,3,-0.8463494993968894,1.1286262077898024,-7.743596269324581,0.05061848474457839,0.05268481883756826,0.00010195600056199083,338.8800292968749,-844.8000244140625,806.9249511718749,229.43999633789065,-291.36001625061033,314.4062988281248,132.4800048828124,751.6800781249999,2161.350341796875,-498.2400878906251,297.5999999999999,129.3248535156249,-684.4800354003906,817.4400146484375,528.140869140625
1763686499.8011694,9,3,3,-0.8175181264952731,0.9922406475116579,-6.638664024448555,0.04545815840908257,0.05400867339797993,-0.00013923138766959615,314.8800292968749,-780.0000213623047,756.5887695312499,219.84002075195315,-281.7600158691406,302.7905761718748,122.87990722656241,701.2799316406249,2014.214599609375,-474.2400878906251,271.1998535156249,129.3248535156249,-629.2800231933594,757.4400146484375,508.78076171875
1763686499.9072819,9,3,3,-0.8238950972856016,0.913905243332868,-5.914677827644147,0.041003721614630104,0.0537188590144619,-0.000362318291754587,305.2799316406249,-739.2000183105469,713.9967285156249,205.43999633789065,-272.16001596450803,298.9185058593748,118.07998046874991,658.0799804687499,1905.798583984375,-457.4400390625001,256.7999511718749,121.58083496093741,-595.6800170898438,714.2400634765625,493.292724609375
1763686500.0182486,9,3,3,-0.738447190347286,0.8305079136684808,-5.163411136856614,0.03923867407775651,0.049696734519097514,-0.0009557004939492134,286.0799804687499,-688.8000244140625,667.5328613281249,200.6400085449219,-257.7600158691406,279.5581542968748,108.48000488281241,612.4801269531249,1778.022216796875,-433.4400390625001,235.1998535156249,113.83681640624991,-559.6800170898438,661.4400146484375,470.060791015625
1763686500.1106071,9,3,3,-0.6205231602560676,0.7372660228669199,-4.496146551622956,0.03384101633424072,0.04691549479445743,-0.001359457056906075,276.4800048828124,-650.4,648.1727539062499,191.0400329589844,-245.7600158691406,267.9424316406248,98.87990722656241,581.2799316406249,1685.094482421875,-414.2400878906251,225.5999999999999,117.70876464843741,-533.2800231933594,620.6399658203125,458.44482421875
1763686500.1936672,9,3,3,-0.5511871337500885,0.660336087126002,-4.0470483502733625,0.0319006403672433,0.041576794698112346,-0.0011241335318215237,257.2799316406249,-612.0000061035156,613.3248535156249,181.43999633789065,-236.16001358032224,260.1982910156248,98.87990722656241,540.4801269531249,1588.294677734375,-397.4400390625001,211.1998535156249,109.96474609374991,-497.28001556396487,587.039990234375,427.46875
1763686500.3962862,9,3,3,-0.45672672083870963,0.4644388281206301,-3.1187824886463975,0.023586769798209128,0.03684237575736411,-0.0011259580987164263,0,0,0,0,0,0,0,0,0,0,0,0,0,0,0
1763686500.4730062,9,3,3,-0.4756533507942446,0.46274966712973,-3.118021490041635,0.023911174174496223,0.037566046044848894,-0.000654763441453756,214.0799804687499,-496.79999389648435,504.9088378906249,155.0400329589844,-197.7600158691406,213.73442382812482,77.27993164062491,434.8800292968749,1286.2783203125,-327.8399414062501,172.7999511718749,90.60476074218741,-401.2800117492676,474.24006347656245,357.772705078125
1763686500.5673509,9,3,3,-0.328703382358289,0.44446605277792095,-2.5966254190785207,0.022832281086065748,0.028025241060168814,-0.0013345443960480173,192.4800048828124,-453.6000122070312,470.0609374999999,140.6400085449219,-183.3600143432617,205.99028320312482,70.07998046874991,391.6800781249999,1189.478515625,-308.6399902343751,160.7999511718749,86.73281249999991,-365.28000984191897,428.63996582031245,334.540771484375
1763686500.6597748,9,3,3,-0.3221010888554191,0.41059339719776994,-2.27587569996013,0.019296323968787332,0.029257309541572008,-0.000841297069795564,0,0,0,0,0,0,0,0,0,0,0,0,0,0,0
1763686500.7548003,9,3,3,-0.3608601613048985,0.26737068893340604,-1.9359927875030252,0.015365651878978343,0.029876935090236884,-0.0008804933540104039,170.8800292968749,-398.4,400.3648925781249,121.44002685546877,-161.76000823974607,175.01420898437482,65.27993164062491,331.6800781249999,1034.598388671875,-265.4400390625001,143.9999023437499,75.11684570312491,-322.0800071716309,375.84003906249995,288.076904296875
1763686500.9000359,9,3,3,-0.17744982566102951,0.29366810271353555,-1.4598140542351181,0.013606458938740854,0.025972477782004604,-0.0005658974293267767,154.0799804687499,-362.4,377.1329589843749,111.84002075195315,-147.3600143432617,171.14213867187482,58.07998046874991,307.6800781249999,945.54248046875,-248.6399902343751,131.9999023437499,71.24477539062491,-293.28000793457034,349.44001464843745,264.8447265625
1763686500.9285789,9,3,3,-0.20136312371367968,0.30979201165361536,-1.4764731567939968,0.013401192818866706,0.02579205593772172,-0.0003395261430393917,154.0799804687499,-357.6000122070312,369.3888183593749,111.84002075195315,-144.9600128173828,159.52641601562482,53.27993164062491,298.0799804687499,918.4384765625,-246.2400878906251,124.79995117187491,67.37282714843741,-286.08001098632815,337.44001464843745,257.100830078125
1763686501.0390625,9,3,3,-0.19699030311285565,0.25476951804207837,-1.327822884548801,0.012161535546147163,0.024364579154635996,-0.0007564418613175486,139.6799560546874,-328.8000244140625,334.5409179687499,107.04000244140627,-135.36000671386716,147.91020507812482,55.67995605468741,281.2799316406249,848.742431640625,-224.6399902343751,117.59999999999991,67.37282714843741,-271.68000946044924,308.63996582031245,245.48486328125
1763686501.132298,9,3,3,-0.10320618401119239,0.20893517668248568,-1.2128263213602377,0.010732707396352736,0.017465231330620726,-0.00032871386120117245,130.0799804687499,-314.4,319.0528808593749,102.24001464843752,-128.16000976562498,140.16655273437482,55.67995605468741,257.2799316406249,802.278564453125,-217.4400390625001,110.40004882812491,51.88479003906241,-252.48000488281252,296.63996582031245,229.996826171875
1763686501.3064728,9,3,3,-0.09664259727652856,0.19880947501861618,-1.0328684902549492,0.009365356922698291,0.017034825352571108,-0.0003478299029566771,122.88002929687491,-283.1999877929687,288.0768066406249,95.04000244140627,-108.96001281738279,128.55034179687482,43.67995605468741,235.6800781249999,720.966552734375,-195.8399414062501,103.19985351562491,48.01284179687491,-230.8799987792969,272.63996582031245,214.5087890625
1763686501.4104571,9,3,3,-0.06859032722532962,0.09691248259714846,-0.8643527514799755,0.005884800211457251,0.019209372604780603,-0.0002935604587502717,115.67995605468741,-266.4,264.8448730468749,90.24001464843752,-104.16000976562498,120.80620117187482,43.67995605468741,226.0799804687499,670.63037109375,-176.6399902343751,100.79995117187491,44.14077148437491,-218.8799987792969,253.44001464843745,202.892822265625
1763686501.507747,9,3,3,0.020348127108789325,0.09003806364233491,-0.667556940738788,0.003931836510654152,0.01338390168798501,-0.0005457010471583621,108.48000488281241,-249.60001220703123,249.3568359374999,92.6400085449219,-99.36000671386716,116.93413085937482,46.07998046874991,216.4801269531249,639.654541015625,-167.0401367187501,98.40004882812491,36.39675292968741,-204.48000488281252,236.63996582031245,183.53271484375
1763686501.6971226,9,3,3,-0.004520734599268557,0.05612797792921048,-0.5668099774225395,0.003512145435828074,0.013330905792441951,-0.0006648070951851086,98.88002929687491,-223.19998779296873,222.2528320312499,83.04000244140627,-87.36000671386716,105.31840820312482,38.87990722656241,197.2799316406249,569.95849609375,-152.6399902343751,86.40004882812491,32.52480468749991,-185.28000793457034,210.23994140624995,164.1728515625
1763686501.8970494,9,3,3,0.1475198385397643,0.06023783076139989,-0.41728663837467916,-0.001053676385523424,0.00840995578566495,-0.0010245449485881868,101.27993164062491,-206.39999999999998,206.7647949218749,71.04000244140627,-80.16000976562498,93.70219726562482,36.48000488281241,166.0799804687499,523.494384765625,-138.2400878906251,79.19985351562491,40.26882324218741,-173.28000793457034,200.63996582031245,144.812744140625
1763686502.005067,9,3,3,-0.0845990731895169,0.49709383363817644,-0.37508287676646623,0.004807579880847352,0.013033929895844915,-0.0005508592661399622,96.48000488281241,-196.79996337890623,183.5328613281249,66.24001464843752,-77.7600158691406,78.21440429687482,36.48000488281241,163.6799560546874,492.5185546875,-126.24008789062509,76.79995117187491,17.03676757812491,-161.28000793457034,183.84003906249995,133.19677734375
1763686502.0990274,9,3,3,-0.3068777456662916,0.6226942870616674,-0.3159572773930193,0.00969186263152489,0.014340948280221526,0.00042025794669695764,91.67995605468741,-182.39999999999998,160.3009277343749,75.84002075195315,-68.16000976562498,82.08623046874982,38.87990722656241,158.8800292968749,442.182373046875,-121.44003906250009,81.59999999999991,17.03676757812491,-154.07999572753909,176.63996582031245,140.94091796875
1763686502.2086449,9,3,3,0.00905111560749363,-0.06405096969967813,-0.2209485565910363,0.0016691319395257043,0.01210887188647972,0.00047726865880852535,74.88002929687491,-179.99997558593748,160.3009277343749,66.24001464843752,-63.360006713867165,74.34233398437482,36.48000488281241,154.0799804687499,442.182373046875,-107.04013671875009,74.40004882812491,20.90883789062491,-154.07999572753909,169.44001464843745,133.19677734375
1763686502.3042333,9,3,3,-0.03068464001801218,0.041156884713717465,-0.2517598725844152,0.0020094455075169455,0.011963375020025292,0.00045868764039621,70.07998046874991,-175.19998779296873,152.5567871093749,54.24001464843752,-68.16000976562498,62.72636718749982,36.48000488281241,151.6799560546874,418.950439453125,-111.83994140625009,69.59999999999991,24.78078613281241,-149.28000793457034,159.84003906249995,109.96484375
1763686502.5062103,9,3,3,0.3239627039321631,-0.17080715163237079,-0.252517424940154,-0.005652099937056907,0.0034056806536536064,-0.00018573254847930654,79.67995605468741,-158.39999999999998,137.0687499999999,63.84002075195315,-58.56000366210935,62.72636718749982,34.07998046874991,142.0799804687499,372.486328125,-95.04013671875009,71.99990234374991,13.164819335937409,-134.8799987792969,140.63996582031245,121.580810546875
1763686509.604199,9,3,3,0.19782179623846408,-0.028305523537278734,-0.2288843305554015,-0.0009838247326178278,0.003145033931960285,-0.0006378730649495529,43.67995605468741,-127.19998779296873,90.60488281249991,35.04000244140627,-51.360006713867165,12.390429687499818,36.48000488281241,84.48000488281241,275.6865234375,-56.63999023437509,69.59999999999991,17.03676757812491,-101.27999267578127,104.63996582031245,55.7568359375
1763686509.8111644,9,3,3,0.188090433297814,-0.035626318950889885,-0.2625476135165712,-0.0008920229010747232,0.0038823046978892096,-0.0005704545713560254,36.48000488281241,-127.19998779296873,86.73281249999991,35.04000244140627,-51.360006713867165,20.134326171874818,41.27993164062491,82.07998046874991,271.814453125,-59.04013671875009,64.79995117187491,13.164819335937409,-101.27999267578127,102.23994140624995,59.62890625
1763686509.902247,9,3,3,0.22262710477504152,-0.006031617248401129,-0.2125152423106461,-0.0006284898539304043,0.0035884568452546257,-0.0005542847646758015,38.88002929687491,-127.19998779296873,78.98891601562491,35.04000244140627,-53.76000061035154,12.390429687499818,38.87990722656241,82.07998046874991,275.6865234375,-56.63999023437509,67.19985351562491,13.164819335937409,-98.8799987792969,99.84003906249995,59.62890625
1763686509.9477882,9,3,3,0.21311216510608388,-0.020894141030758852,-0.24594530216309377,-0.0005891232174036088,0.0037606907581286563,-0.00033011190381329136,34.07998046874991,-127.19998779296873,82.86074218749991,32.6400085449219,-56.16000976562498,16.262255859374818,41.27993164062491,86.88002929687491,271.814453125,-59.04013671875009,67.19985351562491,13.164819335937409,-103.67998657226565,99.84003906249995,59.62890625
1763686510.055915,9,3,3,0.24716451526311006,-0.005750109918889051,-0.31215156765104346,-0.0002980896002388123,0.00224362637767298,-0.0002761614021608999,34.07998046874991,-129.60001220703123,82.86074218749991,32.6400085449219,-58.56000366210935,16.262255859374818,38.87990722656241,86.88002929687491,267.9423828125,-59.04013671875009,67.19985351562491,17.03676757812491,-103.67998657226565,99.84003906249995,63.500732421875
1763686510.149065,9,3,3,0.2528305218391711,0.02882391514916366,-0.27562803008690134,0.0006693275065246918,0.0023925343547615075,-0.00010555834935317893,38.88002929687491,-124.79996337890623,82.86074218749991,35.04000244140627,-58.56000366210935,12.390429687499818,36.48000488281241,77.28005371093741,275.6865234375,-54.24008789062509,67.19985351562491,9.292749023437409,-103.67998657226565,99.84003906249995,59.62890625
1763686510.257511,9,3,3,0.21890717989448527,-0.004025593207111794,-0.20885482336402234,0.00022995310515740988,0.003353849267312626,-0.0005494332409836356,38.88002929687491,-127.19998779296873,75.11684570312491,32.6400085449219,-56.16000976562498,16.262255859374818,36.48000488281241,79.67995605468741,267.9423828125,-59.04013671875009,62.40004882812491,17.03676757812491,-106.08001098632815,99.84003906249995,55.7568359375
1763686510.349985,9,3,3,0.19556622034245816,0.030001972615025928,-0.2936582812320476,-1.8480175394617205e-05,0.003622262854164921,-0.00019270566507178794,34.07998046874991,-127.19998779296873,82.86074218749991,37.44002685546877,-51.360006713867165,20.134326171874818,36.48000488281241,77.28005371093741,264.070556640625,-61.44003906250009,62.40004882812491,17.03676757812491,-98.8799987792969,99.84003906249995,51.884765625
1763686510.6032999,9,3,3,0.15466086134272367,-0.06107334138207281,-0.23118943414123888,-0.0014424375299417385,0.00547935630221915,-0.00048070308284849875,34.07998046874991,-122.39999999999998,82.86074218749991,30.240014648437523,-51.360006713867165,20.134326171874818,36.48000488281241,82.07998046874991,260.198486328125,-59.04013671875009,64.79995117187491,13.164819335937409,-103.67998657226565,99.84003906249995,59.62890625
1763686510.7418354,9,3,3,0.18756439311420353,-0.05904659949307196,-0.24770255983146708,-0.0010794273469969871,0.00482179851899289,-0.00025097249106297676,34.07998046874991,-122.39999999999998,82.86074218749991,32.6400085449219,-51.360006713867165,20.134326171874818,41.27993164062491,77.28005371093741,252.454345703125,-61.44003906250009,64.79995117187491,13.164819335937409,-103.67998657226565,104.63996582031245,55.7568359375
1763686510.849077,9,3,3,0.19771552758982988,-0.01635407217713316,-0.28223976628486946,-0.0010791369796454274,0.005096024244174554,-0.0002670549802795887,34.07998046874991,-127.19998779296873,78.98891601562491,30.240014648437523,-48.96001281738279,20.134326171874818,36.48000488281241,82.07998046874991,264.070556640625,-61.44003906250009,64.79995117187491,9.292749023437409,-96.48000488281252,95.03999023437495,63.500732421875
1763686510.9421608,9,3,3,0.20701119801958434,-0.021833685448147275,-0.2667161609657506,-0.0012839294759942922,0.0051078902524847305,-0.00018378915254783988,34.07998046874991,-124.79996337890623,86.73281249999991,32.6400085449219,-53.76000061035154,16.262255859374818,38.87990722656241,79.67995605468741,264.070556640625,-61.44003906250009,64.79995117187491,9.292749023437409,-96.48000488281252,102.23994140624995,51.884765625
1763686511.207639,9,3,3,0.1840751267823653,-0.007442162055974505,-0.2933599862180268,0.00017186708269953865,0.004573590605969204,-0.00011002019700873133,31.67995605468741,-122.39999999999998,82.86074218749991,27.840020751953148,-56.16000976562498,8.518359374999818,36.48000488281241,77.28005371093741,256.326416015625,-56.63999023437509,64.79995117187491,9.292749023437409,-103.67998657226565,97.44001464843745,51.884765625
1763686511.501796,9,3,3,0.22399873673546478,-0.044799200120454685,-0.24899346032531583,-0.0012741008517372428,0.003373751487918719,5.8671342641795085e-05,0,0,0,0,0,0,0,0,0,0,0,0,0,0,0
1763686511.7026694,9,3,3,0.27140926469558835,-0.001261159303405951,-0.2278935276720604,0.00010695315088519704,0.002234758060651598,-8.845705237838669e-05,34.07998046874991,-122.39999999999998,78.98891601562491,30.240014648437523,-51.360006713867165,20.134326171874818,36.48000488281241,77.28005371093741,256.326416015625,-61.44003906250009,67.19985351562491,13.164819335937409,-98.8799987792969,97.44001464843745,51.884765625
1763686511.904933,9,3,3,0.19797134338678496,-0.005786260324555197,-0.21456251432160697,-0.0009687252268756022,0.004912565668934068,-0.0001651857613318657,31.67995605468741,-122.39999999999998,78.98891601562491,35.04000244140627,-46.56000366210935,16.262255859374818,36.48000488281241,77.28005371093741,256.326416015625,-59.04013671875009,64.79995117187491,13.164819335937409,-89.27999267578127,95.03999023437495,55.7568359375
1763686511.9334002,9,3,3,0.179951912223338,-0.025068099204568657,-0.23035329556467293,-0.0009694409411242537,0.004978749607147374,-0.00032538627602030155,34.07998046874991,-124.79996337890623,86.73281249999991,30.240014648437523,-51.360006713867165,20.134326171874818,36.48000488281241,79.67995605468741,260.198486328125,-59.04013671875009,64.79995117187491,9.292749023437409,-98.8799987792969,99.84003906249995,51.884765625
1763686519.1160371,9,3,3,0.14719892002174084,-0.053439634743043585,-0.24788915546891094,-0.0015393228851382516,0.004877673508018829,-9.694550801182377e-05,22.07998046874991,-112.79996337890623,71.24477539062491,20.640008544921898,-46.56000366210935,4.646289062499818,36.48000488281241,55.67995605468741,229.222412109375,-51.83994140625009,59.99990234374991,9.292749023437409,-82.08001098632815,85.44001464843745,36.396728515625
1763686519.410812,9,3,3,0.08723907579122055,0.03878488154335992,-0.49234458068813297,0.0007960705630066969,0.007625084853875764,0.0003660450197620158,36.48000488281241,-122.39999999999998,86.73281249999991,35.04000244140627,-51.360006713867165,16.262255859374818,34.07998046874991,79.67995605468741,275.6865234375,-66.24008789062509,59.99990234374991,13.164819335937409,-98.8799987792969,107.03999023437495,55.7568359375
1763686519.5052516,9,3,3,0.06580230990494951,-0.0169893439512109,-0.5421619162445368,0.0009629143895045783,0.009512686454451288,-0.00027103992417590236,43.67995605468741,-134.39999999999998,102.22084960937491,35.04000244140627,-56.16000976562498,27.878466796874818,38.87990722656241,86.88002929687491,298.91845703125,-71.04013671875009,64.79995117187491,17.03676757812491,-108.48000488281252,116.63996582031245,63.500732421875
1763686519.8005545,9,3,3,0.060358935874477215,0.03712686467014635,-0.791141518473916,0.0023239533396597093,0.01122471737982668,-0.00012383054468412917,62.88002929687491,-158.39999999999998,140.9408203124999,54.24001464843752,-63.360006713867165,66.59843749999982,38.87990722656241,130.0799804687499,384.1025390625,-99.83994140625009,67.19985351562491,17.03676757812491,-132.48000488281252,143.03999023437495,106.0927734375
1763686520.0062659,9,3,3,-0.030205632018496936,0.09890946231973605,-1.1005837046396252,0.00519663142988029,0.015843112701012806,-0.0002257226215664657,74.88002929687491,-167.99997558593748,164.1727539062499,61.44002685546877,-68.16000976562498,82.08623046874982,34.07998046874991,137.2800537109374,418.950439453125,-111.83994140625009,64.79995117187491,24.78078613281241,-144.48000488281252,162.23994140624995,125.452880859375
1763686520.0985532,9,3,3,-0.11915612478911042,0.07919043816859175,-1.1241567350759805,0.0034718316875082555,0.019857549576122308,-0.00016039024777955973,72.48000488281241,-170.39999999999998,156.4288574218749,63.84002075195315,-63.360006713867165,70.47026367187482,34.07998046874991,142.0799804687499,418.950439453125,-107.04013671875009,69.59999999999991,24.78078613281241,-142.07999572753909,157.44001464843745,113.8369140625
1763686520.2120733,9,3,3,0.00653406446037077,0.04095934065436255,-1.1638801812051527,0.002196395556818723,0.015760713814268457,-0.00010020809928709649,67.67995605468741,-167.99997558593748,156.4288574218749,63.84002075195315,-63.360006713867165,78.21440429687482,36.48000488281241,134.8800292968749,415.078369140625,-109.44003906250009,69.59999999999991,20.90883789062491,-137.28000793457034,157.44001464843745,121.580810546875
1763686520.4134324,9,3,3,-0.021715988374761915,0.2146140181623754,-1.0499164632878473,0.010008762716267943,0.016301148431800683,-0.000353067842199485,62.88002929687491,-177.60001220703123,164.1727539062499,51.84002075195315,-75.36000671386716,62.72636718749982,48.48000488281241,130.0799804687499,442.182373046875,-119.04013671875009,74.40004882812491,24.78078613281241,-146.8799987792969,167.03999023437495,109.96484375
1763686520.5073938,9,3,3,-0.0026948663795524214,0.22398027765228143,-1.111377344082145,0.011590518311725553,0.015497132625054345,-0.00021285042735989584,65.27993164062491,-172.79996337890623,156.4288574218749,54.24001464843752,-72.96001281738279,74.34233398437482,43.67995605468741,132.4800048828124,426.6943359375,-111.83994140625009,69.59999999999991,24.78078613281241,-139.6800018310547,157.44001464843745,113.8369140625
1763686520.5993228,9,3,3,-0.022615977183328303,0.09811273026693884,-1.0148202305930913,0.005569650915105116,0.014852927369507723,0.00011908093032479195,65.27993164062491,-172.79996337890623,156.4288574218749,59.04000244140627,-72.96001281738279,66.59843749999982,43.67995605468741,132.4800048828124,426.6943359375,-109.44003906250009,74.40004882812491,24.78078613281241,-146.8799987792969,157.44001464843745,117.708740234375
1763686521.0130198,9,3,3,0.007990734209354484,0.07316478926569954,-0.8340682433336141,0.00440547442451854,0.014232157879500124,-0.0006013727680281771,62.88002929687491,-167.99997558593748,148.6849609374999,51.84002075195315,-63.360006713867165,62.72636718749982,34.07998046874991,127.67995605468741,415.078369140625,-109.44003906250009,67.19985351562491,20.90883789062491,-130.07999572753909,155.03999023437495,106.0927734375
1763686521.3085122,9,3,3,-0.10796217515161424,0.05494385676346068,-0.9253701208063828,0.002845768567646205,0.0194913188418626,0.00030078228459515217,65.27993164062491,-165.60001220703123,148.6849609374999,51.84002075195315,-60.96001281738279,62.72636718749982,31.67995605468741,127.67995605468741,403.46240234375,-104.63999023437509,64.79995117187491,17.03676757812491,-127.68000183105471,155.03999023437495,106.0927734375
1763686521.6053984,9,3,3,-0.06528741122306234,0.025835616524258222,-0.8241312841581674,0.002819586105907787,0.01774210661062874,-5.214134552071443e-05,62.88002929687491,-163.19998779296873,144.8128906249999,54.24001464843752,-65.76000061035154,70.47026367187482,34.07998046874991,125.28005371093741,399.59033203125,-107.04013671875009,69.59999999999991,17.03676757812491,-132.48000488281252,164.63996582031245,109.96484375
1763686521.9014108,9,3,3,-0.05081989436771233,0.07666511753469463,-0.803638010487246,0.003914135837673796,0.01744109928565703,-0.00012283172396806578,0,0,0,0,0,0,0,0,0,0,0,0,0,0,0
1763686522.1989014,9,3,3,0.020904977543541137,0.08911658193001827,-1.026947751798985,0.0071707736990288175,0.014696730500831093,-0.0001904625222513966,67.67995605468741,-172.79996337890623,152.5567871093749,51.84002075195315,-70.56000366210935,62.72636718749982,38.87990722656241,132.4800048828124,415.078369140625,-107.04013671875009,71.99990234374991,24.78078613281241,-137.28000793457034,155.03999023437495,106.0927734375
1763686522.3096058,9,3,3,-0.02159853951609606,0.13349703165333196,-0.9737928127156918,0.007539809185607235,0.015065591955369653,-0.0001734485315629437,60.48000488281241,-172.79996337890623,152.5567871093749,56.6400085449219,-68.16000976562498,70.47026367187482,43.67995605468741,125.28005371093741,415.078369140625,-114.24008789062509,69.59999999999991,20.90883789062491,-139.6800018310547,159.84003906249995,102.220703125
1763686522.509853,9,3,3,0.030217729513053897,0.15564525665819906,-0.9745924081950139,0.007739614727349415,0.014053853429983287,-1.895039500826042e-05,60.48000488281241,-172.79996337890623,152.5567871093749,54.24001464843752,-68.16000976562498,66.59843749999982,43.67995605468741,122.88002929687491,418.950439453125,-109.44003906250009,69.59999999999991,20.90883789062491,-139.6800018310547,152.63996582031245,109.96484375
1763686522.604838,9,3,3,-0.0026724245357224313,0.1144692126461596,-0.8408287825145108,0.007087624119420299,0.01454500876764808,-0.0005173848735040499,62.88002929687491,-170.39999999999998,148.6849609374999,51.84002075195315,-75.36000671386716,66.59843749999982,41.27993164062491,122.88002929687491,415.078369140625,-109.44003906250009,67.19985351562491,28.65285644531241,-139.6800018310547,157.44001464843745,106.0927734375
1763686522.6987863,9,3,3,-0.008743235575004879,0.14809848675480536,-0.8248105427770388,0.006859002994631717,0.014683011516375175,-0.0005937360471542904,53.27993164062491,-170.39999999999998,148.6849609374999,49.44002685546877,-68.16000976562498,62.72636718749982,36.48000488281241,122.88002929687491,403.46240234375,-102.24008789062509,71.99990234374991,28.65285644531241,-139.6800018310547,150.23994140624995,94.476806640625
1763686522.8089406,9,3,3,0.001253782100479793,0.12980133393455806,-0.8081547761215073,0.006573188362128087,0.01300084696830347,-0.0001969453663889259,53.27993164062491,-155.99997558593748,137.0687499999999,44.6400085449219,-65.76000061035154,54.98247070312482,34.07998046874991,108.48000488281241,372.486328125,-95.04013671875009,64.79995117187491,24.78078613281241,-120.48000488281252,140.63996582031245,90.604736328125
1763686522.9135172,9,3,3,0.025845001195789932,0.07777313627476708,-0.7329367295072104,0.004499145937848275,0.012960010156428737,-9.652993734358954e-05,48.48000488281241,-153.60001220703123,125.45278320312491,44.6400085449219,-58.56000366210935,51.11040039062482,36.48000488281241,103.67995605468741,353.12646484375,-92.63999023437509,62.40004882812491,20.90883789062491,-118.08001098632815,140.63996582031245,94.476806640625
1763686523.011064,9,3,3,0.03005097174466019,0.08778861524714755,-0.6348369575968889,0.003776832655499341,0.012638639344318747,1.2563382520621049e-05,48.48000488281241,-143.99997558593748,109.96474609374991,37.44002685546877,-53.76000061035154,43.36625976562482,34.07998046874991,96.48000488281241,337.638427734375,-85.44003906250009,62.40004882812491,20.90883789062491,-115.67998657226565,126.23994140624995,71.244873046875
1763686523.1071794,9,3,3,0.03925595267458799,-0.003883334356817078,-0.5532520813878217,0.002891139968778641,0.011919936326003057,-0.00011068163365939729,41.27993164062491,-134.39999999999998,109.96474609374991,35.04000244140627,-48.96001281738279,35.62236328124982,31.67995605468741,84.48000488281241,310.534423828125,-78.24008789062509,59.99990234374991,17.03676757812491,-110.8799987792969,119.03999023437495,67.372802734375
1763686523.3086443,9,3,3,0.06128676359495057,0.0028593111129313203,-0.24260681485723626,0.00036452612432449254,0.010415396225203741,-0.0003245325710794426,26.88002929687491,-122.39999999999998,86.73281249999991,25.439996337890648,-48.96001281738279,12.390429687499818,36.48000488281241,62.88002929687491,267.9423828125,-61.44003906250009,59.99990234374991,13.164819335937409,-96.48000488281252,104.63996582031245,48.0126953125
1763686523.3826075,9,3,3,0.04518886620399373,-0.02022654192772818,-0.26164810937156113,-0.00017333255784668117,0.011295637145857696,-0.0002531910041222626,24.48000488281241,-117.60001220703123,75.11684570312491,23.040002441406273,-44.16000976562498,20.134326171874818,34.07998046874991,62.88002929687491,252.454345703125,-63.83994140625009,59.99990234374991,13.164819335937409,-94.08001098632815,97.44001464843745,40.268798828125
1763686523.4769716,9,3,3,0.1291378921088334,0.05717418947216358,-0.2409740928811304,0.0011656148385958646,0.008710756679031442,-0.0004041520651679839,19.67995605468741,-115.19998779296873,71.24477539062491,25.439996337890648,-39.360006713867165,16.262255859374818,29.27993164062491,58.07998046874991,236.966552734375,-54.24008789062509,59.99990234374991,9.292749023437409,-89.27999267578127,97.44001464843745,36.396728515625
1763686523.5709472,9,3,3,0.1332503653470746,0.0434114828701189,-0.3135655369361684,2.2072946457484584e-05,0.009397871296957926,-0.000277377222812232,17.27993164062491,-115.19998779296873,63.50087890624991,15.840020751953148,-39.360006713867165,8.518359374999818,26.87990722656241,43.67995605468741,225.350341796875,-49.44003906250009,62.40004882812491,1.548852539062409,-84.48000488281252,90.23994140624995,32.52490234375
1763686529.0146835,9,3,3,0.21030759968175083,-0.06565899238131186,-0.22180276456756404,-0.002469707285480621,0.005914223432753584,-1.2551141906048079e-05,7.679956054687409,-103.19998779296873,48.01284179687491,13.439996337890648,-39.360006713867165,-10.841748046875182,29.27993164062491,34.07998046874991,186.63037109375,-32.63999023437509,64.79995117187491,9.292749023437409,-77.27999267578127,73.44001464843745,17.036865234375
1763686529.1248448,9,3,3,0.15621512934452064,-0.04229671954194788,-0.24920775040299475,-0.001628255698699805,0.005641916272068933,-0.0003332101104454103,19.67995605468741,-110.39999999999998,59.62880859374991,20.640008544921898,-41.76000061035154,12.390429687499818,34.07998046874991,53.28005371093741,217.6064453125,-42.24008789062509,62.40004882812491,9.292749023437409,-86.8799987792969,78.23994140624995,28.65283203125
1763686529.3115492,9,3,3,0.24557870864473608,0.018906081827922652,-0.34952044446390795,-0.00013560039776163964,0.005990384150686453,2.260261419032147e-05,31.67995605468741,-122.39999999999998,75.11684570312491,23.040002441406273,-58.56000366210935,12.390429687499818,36.48000488281241,79.67995605468741,248.58251953125,-54.24008789062509,62.40004882812491,17.03676757812491,-96.48000488281252,92.63996582031245,48.0126953125
1763686529.408582,9,3,3,0.3070956615747149,0.06579320637340026,-0.47733072730867093,0.0019123080703930288,0.0041586666666454525,5.921676221928981e-05,38.88002929687491,-127.19998779296873,90.60488281249991,32.6400085449219,-53.76000061035154,27.878466796874818,34.07998046874991,84.48000488281241,275.6865234375,-68.63999023437509,59.99990234374991,13.164819335937409,-103.67998657226565,102.23994140624995,55.7568359375
1763686529.6112971,9,3,3,0.16236515134849216,0.024893963296868216,-0.7466849945561748,0.0009620732212991316,0.0069519824329135225,0.0005111239497883465,0,0,0,0,0,0,0,0,0,0,0,0,0,0,0
1763686529.7050905,9,3,3,0.14538045844978137,0.07574334341995866,-0.7467344634363845,0.0011701056536520037,0.009067058124178622,-0.00019552960213502647,60.48000488281241,-151.19998779296873,125.45278320312491,51.84002075195315,-68.16000976562498,51.11040039062482,36.48000488281241,118.07998046874991,356.99853515625,-80.63999023437509,64.79995117187491,17.03676757812491,-130.07999572753909,128.63996582031245,94.476806640625
1763686529.8107092,9,3,3,0.1509271656003256,0.03869143374732661,-1.01340426471062,0.001484265295633599,0.007498215952120438,0.00018255453634938008,67.67995605468741,-158.39999999999998,133.1969238281249,59.04000244140627,-65.76000061035154,54.98247070312482,38.87990722656241,134.8800292968749,387.974365234375,-92.63999023437509,64.79995117187491,13.164819335937409,-132.48000488281252,138.23994140624995,106.0927734375
1763686529.904753,9,3,3,0.06433243213315659,0.024109743263022888,-0.9975567656273164,0.001136003096194198,0.01171695227308001,-0.0005142545247534574,72.48000488281241,-165.60001220703123,144.8128906249999,63.84002075195315,-65.76000061035154,54.98247070312482,38.87990722656241,139.6799560546874,403.46240234375,-102.24008789062509,69.59999999999991,17.03676757812491,-144.48000488281252,150.23994140624995,113.8369140625
1763686530.0147076,9,3,3,0.034682454411827074,0.011678953639937827,-1.094808130984527,0.0018519498514438025,0.011688429680714934,-7.552485550729623e-05,84.48000488281241,-170.39999999999998,156.4288574218749,71.04000244140627,-70.56000366210935,78.21440429687482,38.87990722656241,158.8800292968749,438.310546875,-114.24008789062509,67.19985351562491,17.03676757812491,-146.8799987792969,159.84003906249995,125.452880859375
1763686530.2006738,9,3,3,-0.1426882197485612,0.029026783185327684,-1.3456881744635714,0.006388414538586219,0.017649334162338666,0.0005590899416067351,86.88002929687491,-191.99997558593748,175.7889648437499,73.44002685546877,-75.36000671386716,85.95854492187482,38.87990722656241,178.0799804687499,480.90234375,-128.6399902343751,67.19985351562491,20.90883789062491,-161.28000793457034,181.44001464843745,148.684814453125
1763686530.3105948,9,3,3,-0.3466207141934825,0.2314942076911442,-1.4402229143911,0.007437683770792547,0.023016864407648146,0.000827144899241155,110.88002929687491,-194.39999999999998,183.5328613281249,92.6400085449219,-72.96001281738279,89.83012695312482,38.87990722656241,197.2799316406249,488.646484375,-133.4400390625001,76.79995117187491,9.292749023437409,-173.28000793457034,181.44001464843745,152.556884765625
1763686530.5118883,9,3,3,0.08482398286026119,-0.5108031766504708,-1.6814109688045462,-0.0041707187548985294,0.020469593163560208,-0.00034197852939432346,130.0799804687499,-215.99997558593748,214.5089355468749,92.6400085449219,-82.56000366210935,97.57426757812482,41.27993164062491,226.0799804687499,554.470458984375,-152.6399902343751,79.19985351562491,13.164819335937409,-187.6800018310547,198.23994140624995,187.40478515625
1763686530.6056933,9,3,3,0.09378051771385512,-0.4222313635695656,-1.929701056700196,-0.002033196872212102,0.023466214612930372,-0.00011576806221358761,132.4800048828124,-232.80002441406248,241.6129394531249,107.04000244140627,-82.56000366210935,120.80620117187482,34.07998046874991,228.4801269531249,612.550537109375,-174.2400878906251,76.79995117187491,20.90883789062491,-197.28000793457034,215.03999023437495,202.892822265625
1763686530.6991878,9,3,3,-0.1180805211910338,-0.027222865846210174,-2.1502355690104626,-0.00444600455863514,0.02392313743887231,7.417569159095014e-05,0,0,0,0,0,0,0,0,0,0,0,0,0,0,0
1763686530.8083508,9,3,3,-0.24586776880277647,0.12107440668842498,-2.2441412736386623,0.0018769474386590547,0.028923788221615336,0.0001352239392916157,149.2799316406249,-261.6000122070312,276.4608398437499,111.84002075195315,-101.7600158691406,128.55034179687482,34.07998046874991,271.6800781249999,693.862548828125,-193.4400390625001,81.59999999999991,24.78078613281241,-228.48000488281252,248.63996582031245,233.868896484375
1763686531.0150263,9,3,3,-0.24765136057336118,0.0794077793306194,-2.258252455649716,0.0020544292781576262,0.027169589065816097,0.0002124228620151809,144.4800048828124,-261.6000122070312,280.3329101562499,107.04000244140627,-104.16000976562498,128.55034179687482,34.07998046874991,266.8800292968749,682.246337890625,-198.2400878906251,79.19985351562491,24.78078613281241,-228.48000488281252,246.23994140624995,229.996826171875
1763686531.1195018,9,3,3,-0.2288337607707851,0.11373178216994172,-2.219340710572134,0.0038598774051599788,0.027500169629956054,0.0003875326049899927,144.4800048828124,-259.1999877929687,276.4608398437499,107.04000244140627,-94.56000366210935,120.80620117187482,36.48000488281241,269.2799316406249,682.246337890625,-195.8399414062501,81.59999999999991,28.65285644531241,-230.8799987792969,251.03999023437495,222.2529296875
1763686531.2154865,9,3,3,-0.22374820424543318,0.08816374390360276,-2.2054921515933192,0.0026561377915362864,0.02613627839751972,0.00015458823768563245,154.0799804687499,-261.6000122070312,272.5887695312499,114.24001464843752,-96.96001281738279,132.42241210937482,36.48000488281241,271.6800781249999,678.37451171875,-188.6399902343751,79.19985351562491,17.03676757812491,-226.08001098632815,243.84003906249995,226.124755859375
1763686531.4074595,9,3,3,-0.1899253905243554,0.07100667559984061,-2.121519320500736,0.0027190365533679988,0.025205829683698423,2.9612333528084207e-05,144.4800048828124,-261.6000122070312,268.7169433593749,109.44002685546877,-99.36000671386716,128.55034179687482,41.27993164062491,264.4801269531249,686.118408203125,-191.0401367187501,81.59999999999991,24.78078613281241,-228.48000488281252,243.84003906249995,222.2529296875
1763686531.6062396,9,3,3,-0.1634623909745061,0.07222188657412698,-2.087486345920696,0.0027660044507755517,0.023479885341068516,0.0003540685789639985,144.4800048828124,-256.8000244140625,260.9728027343749,107.04000244140627,-106.56000366210935,128.55034179687482,43.67995605468741,274.0799804687499,678.37451171875,-183.8399414062501,81.59999999999991,17.03676757812491,-228.48000488281252,243.84003906249995,229.996826171875
1763686531.7151208,9,3,3,-0.1299804357695396,0.029771722799640653,-2.162144547229494,0.0007287918141789245,0.022225760864722676,8.721845955104762e-05,144.4800048828124,-261.6000122070312,268.7169433593749,107.04000244140627,-99.36000671386716,120.80620117187482,38.87990722656241,269.2799316406249,682.246337890625,-191.0401367187501,83.99990234374991,24.78078613281241,-228.48000488281252,239.03999023437495,229.996826171875
1763686531.7895873,9,3,3,-0.1057612720950123,0.025146552611032703,-2.111480820206399,0.0010491407332481296,0.022027831307724968,0.00018512921780550505,149.2799316406249,-263.9999755859375,264.8448730468749,109.44002685546877,-104.16000976562498,124.67827148437482,38.87990722656241,266.8800292968749,682.246337890625,-188.6399902343751,81.59999999999991,28.65285644531241,-230.8799987792969,243.84003906249995,226.124755859375
1763686531.9020321,9,3,3,-0.12086486143059333,0.07233660199099887,-2.103675098669458,0.0029459782535416583,0.021899451357094986,0.00019211475028920865,154.0799804687499,-259.1999877929687,260.9728027343749,109.44002685546877,-104.16000976562498,120.80620117187482,41.27993164062491,271.6800781249999,670.63037109375,-183.8399414062501,83.99990234374991,20.90883789062491,-230.8799987792969,239.03999023437495,233.868896484375
1763686532.0126455,9,3,3,-0.06790840101887197,0.04464672991129809,-2.111262139392599,0.0007317026641384303,0.019167329572846337,2.4899979250735344e-05,0,0,0,0,0,0,0,0,0,0,0,0,0,0,0
1763686532.105523,9,3,3,-0.040327557889347596,0.00540326488111199,-2.1472795143993677,9.426021448536315e-05,0.01760611126574481,0.00048129203555663904,0,0,0,0,0,0,0,0,0,0,0,0,0,0,0
1763686532.2011719,9,3,3,-0.05152871198259409,0.05827694010111888,-1.9239803854061586,0.0012437820322425694,0.018118735957879155,-6.384589774431236e-05,146.8800292968749,-261.6000122070312,260.9728027343749,119.04000244140627,-101.7600158691406,120.80620117187482,46.07998046874991,274.0799804687499,674.50244140625,-181.4400390625001,83.99990234374991,17.03676757812491,-228.48000488281252,241.44001464843745,229.996826171875
1763686532.312303,9,3,3,-0.03791653011745314,0.02177813746260165,-2.1464363048117594,-8.99783988595553e-05,0.015892916564560017,0.000557137083850825,154.0799804687499,-261.6000122070312,257.1007324218749,114.24001464843752,-99.36000671386716,113.06254882812482,41.27993164062491,278.8800292968749,662.886474609375,-176.6399902343751,83.99990234374991,9.292749023437409,-228.48000488281252,229.44001464843745,222.2529296875
1763686532.4053555,9,3,3,-0.02319047421690417,-0.014790238115238614,-2.000924277806388,-0.0016982001139712371,0.015772315245737592,-2.0262657861026705e-05,156.4800048828124,-256.8000244140625,257.1007324218749,114.24001464843752,-104.16000976562498,113.06254882812482,46.07998046874991,276.4801269531249,666.758544921875,-181.4400390625001,83.99990234374991,28.65285644531241,-230.8799987792969,239.03999023437495,233.868896484375
1763686532.5137253,9,3,3,-0.038972670436875204,0.026447605910764345,-1.9783296354658726,0.00014649232537271924,0.017146090156405606,0.00022718467453034096,146.8800292968749,-261.6000122070312,260.9728027343749,109.44002685546877,-101.7600158691406,120.80620117187482,48.48000488281241,271.6800781249999,674.50244140625,-183.8399414062501,83.99990234374991,20.90883789062491,-233.28000793457034,234.23994140624995,229.996826171875
1763686532.6061065,9,3,3,-0.054997607822838364,0.019678168522309025,-2.0234548851642025,0.0015733246130073108,0.018148869979462814,6.184256451677777e-05,154.0799804687499,-254.39999999999998,257.1007324218749,114.24001464843752,-104.16000976562498,116.93413085937482,46.07998046874991,276.4801269531249,666.758544921875,-181.4400390625001,86.40004882812491,17.03676757812491,-230.8799987792969,234.23994140624995,229.996826171875
1763686532.6333683,9,3,3,-0.07545849229422213,0.07167679742949402,-2.0004948452927223,0.002835688881466939,0.017874167577048922,-0.00024168596562245694,149.2799316406249,-256.8000244140625,257.1007324218749,116.6400085449219,-106.56000366210935,116.93413085937482,46.07998046874991,278.8800292968749,662.886474609375,-181.4400390625001,86.40004882812491,20.90883789062491,-228.48000488281252,234.23994140624995,229.996826171875
1763686532.8053625,9,3,3,-0.03662886072812954,-0.002688994378123615,-1.9303212919142823,-0.0005766979904548543,0.016844537955947772,0.00024365405499080664,149.2799316406249,-259.1999877929687,260.9728027343749,114.24001464843752,-104.16000976562498,120.80620117187482,50.87990722656241,276.4801269531249,670.63037109375,-181.4400390625001,83.99990234374991,24.78078613281241,-228.48000488281252,234.23994140624995,218.380859375
1763686532.916491,9,3,3,-0.07648943305610348,0.025587243651473145,-1.9580788395101003,0.0008058454559920023,0.01785703716735239,0.0002377385756919471,151.6799560546874,-254.39999999999998,260.9728027343749,114.24001464843752,-101.7600158691406,124.67827148437482,46.07998046874991,274.0799804687499,662.886474609375,-176.6399902343751,83.99990234374991,20.90883789062491,-223.6800018310547,231.84003906249995,229.996826171875
1763686533.1025817,9,3,3,-0.02169894080262725,0.011357350952602756,-1.9182584302685395,-0.0018021258258410404,0.016510266331249756,6.670588385923807e-06,149.2799316406249,-254.39999999999998,257.1007324218749,111.84002075195315,-104.16000976562498,113.06254882812482,41.27993164062491,274.0799804687499,655.142333984375,-181.4400390625001,79.19985351562491,20.90883789062491,-230.8799987792969,234.23994140624995,233.868896484375
1763686533.3069491,9,3,3,-0.045351889532930026,0.01898444278217829,-1.8966961111169416,-0.00039660468562794596,0.01766955859522348,0.0003329608499535649,149.2799316406249,-254.39999999999998,257.1007324218749,116.6400085449219,-101.7600158691406,124.67827148437482,41.27993164062491,274.0799804687499,662.886474609375,-181.4400390625001,83.99990234374991,13.164819335937409,-228.48000488281252,234.23994140624995,229.996826171875
1763686533.506023,9,3,3,-0.006188093565269727,0.01596472310634202,-1.7981663646945376,-0.0012061488917470453,0.015365715440782805,0.00028597691598619245,139.6799560546874,-232.80002441406248,237.7408691406249,109.44002685546877,-99.36000671386716,101.44633789062482,43.67995605468741,247.6800781249999,600.934326171875,-164.6399902343751,79.19985351562491,17.03676757812491,-211.6800018310547,207.84003906249995,210.63671875
1763686533.9112327,9,3,3,0.18317871480606673,-0.08313210245678943,-1.0380892486378361,-0.004898252123218184,0.0077072990073036775,-0.00039085759535378406,103.67995605468741,-179.99997558593748,168.0448242187499,85.44002685546877,-70.56000366210935,78.21440429687482,36.48000488281241,182.8800292968749,442.182373046875,-111.83994140625009,67.19985351562491,5.420800781249909,-158.8799987792969,155.03999023437495,148.684814453125
1763686534.1134355,9,3,3,0.17580039386273683,-0.10583246667651097,-0.5803337294640687,-0.0047470169540306285,0.00473857461258542,-0.00014712080894943884,84.48000488281241,-151.19998779296873,125.45278320312491,71.04000244140627,-56.16000976562498,51.11040039062482,29.27993164062491,151.6799560546874,353.12646484375,-90.24008789062509,62.40004882812491,9.292749023437409,-132.48000488281252,126.23994140624995,121.580810546875
1763686534.2060077,9,3,3,0.23614252055917076,-0.18900965758408525,-0.4197440744446556,-0.005723315681117244,0.006300491587684212,-0.0003212405361448338,74.88002929687491,-139.19998779296873,121.58095703124991,59.04000244140627,-58.56000366210935,43.36625976562482,36.48000488281241,139.6799560546874,329.89453125,-85.44003906250009,62.40004882812491,1.548852539062409,-125.27999267578127,123.84003906249995,109.96484375
1763686534.319736,9,3,3,0.23537704864875975,-0.07691002462104346,-0.27596061894374835,-0.0040696053871935875,0.0031465036025143,-0.00042956340023587807,65.27993164062491,-134.39999999999998,106.09291992187491,59.04000244140627,-53.76000061035154,51.11040039062482,29.27993164062491,125.28005371093741,310.534423828125,-78.24008789062509,57.59999999999991,1.548852539062409,-115.67998657226565,116.63996582031245,98.348876953125
1763686534.4208727,9,3,3,0.1932916656798444,-0.02215641789245725,-0.32685196776899694,-0.004011460811094868,0.005744049872838924,-0.0007642224007763155,67.67995605468741,-129.60001220703123,102.22084960937491,56.6400085449219,-41.76000061035154,43.36625976562482,29.27993164062491,110.88002929687491,279.558349609375,-71.04013671875009,57.59999999999991,5.420800781249909,-110.8799987792969,104.63996582031245,82.86083984375
1763686540.6181407,9,3,3,0.11184742435337847,-0.045945067669414266,-0.2802493588922185,-0.0013317096485418924,0.005834623506552907,-2.966897864364079e-05,14.880029296874909,-107.99997558593748,55.75673828124991,20.640008544921898,-41.76000061035154,0.7744628906248181,34.07998046874991,50.88002929687491,209.862548828125,-44.63999023437509,59.99990234374991,9.292749023437409,-82.08001098632815,80.63996582031245,32.52490234375
1763686540.7253647,9,3,3,0.1880484110916516,-0.042886096085880475,-0.24875706396700467,-0.0011253958832373422,0.005656963831614721,-0.0003309695240755298,22.07998046874991,-107.99997558593748,63.50087890624991,27.840020751953148,-44.16000976562498,4.646289062499818,31.67995605468741,53.28005371093741,221.478515625,-47.04013671875009,57.59999999999991,13.164819335937409,-84.48000488281252,83.03999023437495,44.140869140625
1763686541.0088902,9,3,3,0.10159967884501085,0.027703202239707757,-0.6094233431045151,0.0011703536741270212,0.007966090545108686,0.0002486477840495206,43.67995605468741,-129.60001220703123,98.34877929687491,37.44002685546877,-53.76000061035154,27.878466796874818,34.07998046874991,96.48000488281241,295.04638671875,-73.44003906250009,62.40004882812491,17.03676757812491,-113.27999267578127,109.44001464843745,67.372802734375
1763686541.1052022,9,3,3,0.2792190244946773,-0.21814928356709357,-0.6470418497380067,-0.002685180473043389,0.008021000037248762,-0.00046462949239217135,62.88002929687491,-136.79996337890623,113.83681640624991,54.24001464843752,-56.16000976562498,39.49443359374982,29.27993164062491,120.48000488281241,322.150390625,-78.24008789062509,64.79995117187491,13.164819335937409,-115.67998657226565,116.63996582031245,90.604736328125
1763686541.2126074,9,3,3,0.369584086761885,-0.3412788722039597,-0.895639344728614,-0.005085555361314189,0.008130366201202763,-8.447867106110667e-05,70.07998046874991,-143.99997558593748,121.58095703124991,61.44002685546877,-58.56000366210935,54.98247070312482,34.07998046874991,125.28005371093741,353.12646484375,-92.63999023437509,62.40004882812491,1.548852539062409,-125.27999267578127,128.63996582031245,102.220703125
1763686541.415745,9,3,3,-0.05441672063956944,-0.006973791601825374,-1.0418946460885607,-0.0016875528760351927,0.016148165838916033,0.00016556823585150195,79.67995605468741,-158.39999999999998,140.9408203124999,63.84002075195315,-60.96001281738279,62.72636718749982,29.27993164062491,144.4800048828124,399.59033203125,-107.04013671875009,64.79995117187491,13.164819335937409,-137.28000793457034,143.03999023437495,121.580810546875
1763686541.5095956,9,3,3,-0.013107073169874537,0.008196962207105737,-1.091889816832708,-0.0012406579948788365,0.01579436531091872,-8.652086629611337e-05,86.88002929687491,-165.60001220703123,160.3009277343749,68.6400085449219,-58.56000366210935,62.72636718749982,29.27993164062491,151.6799560546874,415.078369140625,-114.24008789062509,62.40004882812491,9.292749023437409,-142.07999572753909,150.23994140624995,129.32470703125
1763686541.603678,9,3,3,-0.04647481643365846,-0.003184712912673351,-1.16316924191183,-0.0018903466710616778,0.01878018480134704,-0.00011297717041125642,91.67995605468741,-175.19998779296873,164.1727539062499,71.04000244140627,-68.16000976562498,74.34233398437482,34.07998046874991,166.0799804687499,442.182373046875,-119.04013671875009,67.19985351562491,17.03676757812491,-156.48000488281252,157.44001464843745,140.94091796875
1763686541.7104905,9,3,3,-0.013814547850016073,-0.010194049339973163,-1.3025775575941207,0.0005713790551877264,0.014872610476833489,3.9175201956141e-06,98.88002929687491,-189.60001220703123,183.5328613281249,78.24001464843752,-70.56000366210935,82.08623046874982,29.27993164062491,182.8800292968749,473.158447265625,-131.0401367187501,69.59999999999991,17.03676757812491,-161.28000793457034,174.23994140624995,156.4287109375
1763686541.802917,9,3,3,-0.05673546257036059,0.04003182282832395,-1.5242394986328625,0.000550945130119904,0.01875497576661579,0.0005467858509086529,110.88002929687491,-199.19998779296873,195.1488281249999,87.84002075195315,-70.56000366210935,89.83012695312482,31.67995605468741,199.6800781249999,500.262451171875,-138.2400878906251,69.59999999999991,13.164819335937409,-173.28000793457034,186.23994140624995,168.044921875
1763686541.9158497,9,3,3,-0.07698471039777768,0.03331611594692792,-1.6718584065679813,0.0011215620766003103,0.018363436680179385,0.000418979408445069,118.07998046874991,-208.79996337890623,218.3807617187499,92.6400085449219,-80.16000976562498,101.44633789062482,34.07998046874991,216.4801269531249,538.982421875,-147.8399414062501,67.19985351562491,20.90883789062491,-185.28000793457034,195.84003906249995,187.40478515625
1763686542.3049963,9,3,3,-0.18957801572058308,0.00606893210051878,-2.1973154465897426,0.00014684716510410408,0.024796818698729656,-0.0003940020267001094,154.0799804687499,-263.9999755859375,264.8448730468749,116.6400085449219,-106.56000366210935,128.55034179687482,41.27993164062491,278.8800292968749,686.118408203125,-186.2400878906251,83.99990234374991,20.90883789062491,-235.6800018310547,246.23994140624995,233.868896484375
1763686542.4130332,9,3,3,-0.22923109282949905,-0.0016791414295775908,-2.4822475093118097,0.0008232855362863725,0.027449658659401972,0.0002122972419248537,163.6799560546874,-273.6000122070312,291.9488769531249,119.04000244140627,-108.96001281738279,136.29448242187482,34.07998046874991,298.0799804687499,717.094482421875,-200.6399902343751,83.99990234374991,17.03676757812491,-242.8799987792969,253.44001464843745,253.228759765625
1763686542.5047631,9,3,3,-0.2920874512292164,0.05468140404038917,-2.6727708430402735,-0.00031818617033646133,0.03083671731556952,0.00044812001351342366,175.6799560546874,-283.1999877929687,299.6927734374999,123.84002075195315,-111.36000671386716,144.03813476562482,43.67995605468741,312.4801269531249,763.558349609375,-210.2400878906251,88.79995117187491,32.52480468749991,-257.28000793457034,270.23994140624995,268.716796875
1763686542.6168213,9,3,3,-0.2032827523294704,0.09109168600760728,-2.8269132525499607,0.0033336593516140453,0.026925832174345615,0.0003262843385243193,180.4800048828124,-304.8000244140625,315.1808105468749,131.04000244140627,-123.36000671386716,144.03813476562482,38.87990722656241,326.8800292968749,794.534423828125,-222.2400878906251,91.19985351562491,28.65285644531241,-269.28000793457034,282.23994140624995,280.332763671875
1763686542.709267,9,3,3,-0.35089092447412984,0.10097124234443605,-3.010640916685859,0.0032952473470933452,0.03191760194387289,0.00033971317861831735,187.6799560546874,-316.8000244140625,330.6688476562499,138.24001464843752,-120.96001281738279,159.52641601562482,36.48000488281241,341.2799316406249,833.25439453125,-234.2400878906251,93.59999999999991,32.52480468749991,-278.88000640869143,294.23994140624995,288.076904296875
1763686542.8022559,9,3,3,-0.393050646198447,0.12786888223011444,-3.1755519029949473,0.004767426400961084,0.03583717087361064,0.0003641576828772295,197.2799316406249,-333.6000122070312,350.0289550781249,143.04000244140627,-125.7600158691406,159.52641601562482,41.27993164062491,360.4801269531249,887.46240234375,-246.2400878906251,95.99990234374991,32.52480468749991,-293.28000793457034,311.03999023437495,295.82080078125
1763686542.9121547,9,3,3,-0.43658847468381384,0.17629427338073825,-3.35895820702051,0.005073875680506496,0.03769029308136011,-9.453606128721455e-05,206.8800292968749,-347.9999755859375,369.3888183593749,152.6400085449219,-128.16000976562498,175.01420898437482,36.48000488281241,379.6800781249999,918.4384765625,-255.8399414062501,100.79995117187491,32.52480468749991,-310.08001098632815,325.44001464843745,326.796875
1763686543.2071238,9,3,3,-0.5775146231194421,0.1973126462269456,-4.0273352471083514,0.006814378441209078,0.04549067019666149,0.000378608485673026,240.4800048828124,-398.4,431.3409667968749,167.0400329589844,-152.16000976562498,202.11821289062482,46.07998046874991,434.8800292968749,1061.702392578125,-294.2400878906251,117.59999999999991,40.26882324218741,-353.28000984191897,375.84003906249995,361.644775390625
1763686543.5171642,9,3,3,-0.5065681169963232,0.23174382504995777,-3.949857488543973,0.009019598665952032,0.04051774605983668,0.0004114058583570765,235.6799560546874,-405.6000122070312,427.4688964843749,164.6400085449219,-152.16000976562498,194.37456054687482,46.07998046874991,434.8800292968749,1065.574462890625,-299.0401367187501,117.59999999999991,44.14077148437491,-358.08001098632815,380.63996582031245,357.772705078125
1763686543.6119413,9,3,3,-0.520688652037504,0.22110915486320268,-3.9520901304980254,0.008256123123633479,0.04062990186721106,0.0003301257163682734,235.6799560546874,-403.1999877929687,423.5968261718749,162.24004516601565,-152.16000976562498,194.37456054687482,43.67995605468741,437.2799316406249,1069.446533203125,-299.0401367187501,119.99990234374991,40.26882324218741,-353.28000984191897,378.24006347656245,365.516845703125
1763686543.64007,9,3,3,-0.5090231572134994,0.2437517834631586,-3.938364652970666,0.00777996769062186,0.04088819638545286,0.0006436796609801871,235.6799560546874,-403.1999877929687,423.5968261718749,169.43999633789065,-154.56001129150388,202.11821289062482,41.27993164062491,432.4801269531249,1077.1904296875,-299.0401367187501,119.99990234374991,40.26882324218741,-358.08001098632815,378.24006347656245,365.516845703125
1763686543.7330422,9,3,3,-0.4860514903414359,0.22342813502478304,-3.902434119265431,0.008308113358052214,0.03977231298041107,0.000582054060086129,233.2799316406249,-400.8000244140625,431.3409667968749,164.6400085449219,-152.16000976562498,194.37456054687482,43.67995605468741,434.8800292968749,1065.574462890625,-296.6399902343751,115.19985351562491,28.65285644531241,-353.28000984191897,380.63996582031245,357.772705078125
1763686543.8277977,9,3,3,-0.5008725533035878,0.23160243193890492,-3.853521235765306,0.007882394407976749,0.04017634692043137,0.000675300042150473,0,0,0,0,0,0,0,0,0,0,0,0,0,0,0
1763686544.0147655,9,3,3,-0.47648529258083155,0.22909115777746714,-3.852139679959941,0.008198781522863454,0.0394161949720429,0.00028618492678413564,233.2799316406249,-400.8000244140625,431.3409667968749,164.6400085449219,-154.56001129150388,190.50249023437482,43.67995605468741,432.4801269531249,1065.574462890625,-294.2400878906251,115.19985351562491,40.26882324218741,-355.68000946044924,375.84003906249995,357.772705078125
1763686544.1168466,9,3,3,-0.4758124639414999,0.21971909335720366,-3.92066039270411,0.00794407155361679,0.03930128935200006,0.0006522997463297977,233.2799316406249,-403.1999877929687,427.4688964843749,164.6400085449219,-154.56001129150388,198.24614257812482,46.07998046874991,434.8800292968749,1069.446533203125,-296.6399902343751,112.79995117187491,36.39675292968741,-355.68000946044924,378.24006347656245,365.516845703125
1763686544.3155718,9,3,3,-0.4679674226717477,0.19436117038318676,-3.7525284593034396,0.007949883447019891,0.03935584250428895,0.00040185441998025076,240.4800048828124,-398.4,423.5968261718749,167.0400329589844,-154.56001129150388,190.50249023437482,48.48000488281241,434.8800292968749,1065.574462890625,-296.6399902343751,119.99990234374991,36.39675292968741,-355.68000946044924,383.03999023437495,361.644775390625
1763686544.407981,9,3,3,-0.48324519399731347,0.20607563604046103,-3.7521547805340005,0.0077079712975330495,0.03892169400456133,0.00024352361317326373,0,0,0,0,0,0,0,0,0,0,0,0,0,0,0
1763686544.7183044,9,3,3,-0.4879797976809336,0.22800896641724644,-3.7215243037158277,0.007053469901957648,0.03941736535979986,0.00032799499779516796,238.0799804687499,-405.6000122070312,431.3409667968749,167.0400329589844,-152.16000976562498,198.24614257812482,48.48000488281241,432.4801269531249,1069.446533203125,-299.0401367187501,117.59999999999991,36.39675292968741,-355.68000946044924,378.24006347656245,357.772705078125
1763686544.8128536,9,3,3,-0.4812427609203167,0.20692395942786737,-3.568026788887858,0.007439267579843134,0.03854575726812896,0.0003079538139347253,233.2799316406249,-403.1999877929687,431.3409667968749,164.6400085449219,-154.56001129150388,198.24614257812482,46.07998046874991,427.6800781249999,1069.446533203125,-296.6399902343751,119.99990234374991,40.26882324218741,-355.68000946044924,380.63996582031245,361.644775390625
1763686544.8566697,9,3,3,-0.45429647633441755,0.19088050397136816,-3.6376502477251926,0.006944179628891323,0.038495124047624785,-0.0001869214080873682,230.8800292968749,-400.8000244140625,419.7247558593749,162.24004516601565,-156.9600128173828,198.24614257812482,48.48000488281241,430.0799804687499,1069.446533203125,-299.0401367187501,115.19985351562491,40.26882324218741,-355.68000946044924,373.44001464843745,357.772705078125
1763686545.0173373,9,3,3,-0.4733092738557375,0.23316374404875037,-3.6676786286655747,0.0077965464179173515,0.03818484879587027,0.00034967060895240527,230.8800292968749,-400.8000244140625,427.4688964843749,167.0400329589844,-154.56001129150388,198.24614257812482,48.48000488281241,432.4801269531249,1061.702392578125,-299.0401367187501,117.59999999999991,36.39675292968741,-358.08001098632815,375.84003906249995,357.772705078125
1763686545.0618975,9,3,3,-0.4406339446801773,0.242613513002331,-3.684169573204744,0.008205451078343966,0.03809578365396398,0.00018817450147740186,235.6799560546874,-398.4,435.2127929687499,162.24004516601565,-149.76000823974607,198.24614257812482,48.48000488281241,430.0799804687499,1065.574462890625,-294.2400878906251,115.19985351562491,44.14077148437491,-355.68000946044924,375.84003906249995,353.90087890625
1763686545.1388812,9,3,3,-0.4443105060465842,0.2188995389852302,-3.586846722920933,0.00703742579134404,0.03756338600284278,0.00014163841558628406,230.8800292968749,-403.1999877929687,427.4688964843749,169.43999633789065,-152.16000976562498,186.63041992187482,48.48000488281241,432.4801269531249,1073.318359375,-294.2400878906251,115.19985351562491,36.39675292968741,-358.08001098632815,378.24006347656245,357.772705078125
1763686545.2327313,9,3,3,-0.4476374923216849,0.1800113055448834,-3.5851484328624617,0.007389884918811754,0.03760733008679196,6.904918671460977e-05,238.0799804687499,-405.6000122070312,423.5968261718749,167.0400329589844,-152.16000976562498,202.11821289062482,46.07998046874991,427.6800781249999,1069.446533203125,-296.6399902343751,117.59999999999991,40.26882324218741,-353.28000984191897,375.84003906249995,361.644775390625
1763686545.3257363,9,3,3,-0.4680273111124444,0.21660028405413762,-3.5654614920722674,0.008360122762114364,0.03872505405422332,0.00039019459074504485,233.2799316406249,-400.8000244140625,435.2127929687499,164.6400085449219,-152.16000976562498,202.11821289062482,46.07998046874991,430.0799804687499,1073.318359375,-296.6399902343751,117.59999999999991,32.52480468749991,-353.28000984191897,380.63996582031245,361.644775390625
1763686545.704279,9,3,3,-0.44702739848221373,0.17801020854567465,-3.5529849825306057,0.00721706740888365,0.03806781558406314,0.00031460427983866094,235.6799560546874,-398.4,431.3409667968749,162.24004516601565,-154.56001129150388,202.11821289062482,46.07998046874991,432.4801269531249,1073.318359375,-294.2400878906251,117.59999999999991,36.39675292968741,-355.68000946044924,380.63996582031245,357.772705078125
1763686545.9044347,9,3,3,-0.4427664180782529,0.18527373740549832,-3.418394160274069,0.006660031573829244,0.035979338622999846,0.00012457578680033846,218.8800292968749,-381.6000122070312,408.1087890624999,162.24004516601565,-147.3600143432617,186.63041992187482,46.07998046874991,410.8800292968749,1011.366455078125,-284.6399902343751,107.99990234374991,40.26882324218741,-334.08001098632815,366.24006347656245,346.15673828125
1763686546.111686,9,3,3,-0.35193632374190437,0.13702935433666869,-2.8329494946780986,0.0058165679719625425,0.03207850193627995,9.835200383867949e-05,199.6799560546874,-350.4,361.6449218749999,145.44002685546877,-144.9600128173828,171.14213867187482,43.67995605468741,372.4801269531249,922.310546875,-255.8399414062501,105.59999999999991,32.52480468749991,-305.28000793457034,325.44001464843745,311.308837890625
1763686546.217603,9,3,3,-0.20532242590101907,0.17738822145568262,-2.482392578541349,0.004983778248219917,0.025220126485819616,-9.86613573711805e-05,185.2799316406249,-331.1999877929687,350.0289550781249,138.24001464843752,-132.9600128173828,155.65434570312482,36.48000488281241,355.6800781249999,875.846435546875,-246.2400878906251,93.59999999999991,36.39675292968741,-293.28000793457034,306.23994140624995,299.69287109375
1763686546.3109763,9,3,3,-0.19425532246205024,0.04758605423742972,-2.2003465966758395,0.0035109441574186747,0.02394873001962599,-0.00046237469526741774,178.0799804687499,-311.9999755859375,326.7967773437499,126.24001464843752,-125.7600158691406,140.16655273437482,46.07998046874991,329.2799316406249,813.89453125,-224.6399902343751,95.99990234374991,40.26882324218741,-276.4800048828125,287.03999023437495,276.460693359375
1763686546.4041688,9,3,3,-0.11963302941582399,0.058539486145175054,-1.9134992833280262,0.00308518627597259,0.01789680076892608,-0.00020811880258845335,170.8800292968749,-297.6000122070312,299.6927734374999,128.6400085449219,-116.16000976562498,136.29448242187482,41.27993164062491,307.6800781249999,763.558349609375,-212.6399902343751,88.79995117187491,28.65285644531241,-257.28000793457034,267.84003906249995,260.972900390625
1763686546.5116503,9,3,3,-0.0877022792271395,0.03789875656735233,-1.7161389773699578,0.0018199594996939675,0.016223994542366966,-0.0002200621982174154,161.2799316406249,-271.1999877929687,276.4608398437499,116.6400085449219,-108.96001281738279,132.42241210937482,29.27993164062491,281.2799316406249,701.6064453125,-191.0401367187501,86.40004882812491,17.03676757812491,-240.48000488281252,248.63996582031245,241.61279296875
1763686546.524656,9,3,3,-0.08940911417951111,0.0365902099814915,-1.698176795024877,0.002141037026987152,0.016624095625187782,-0.00044657545224341096,158.8800292968749,-268.8000244140625,280.3329101562499,116.6400085449219,-106.56000366210935,128.55034179687482,29.27993164062491,281.2799316406249,693.862548828125,-193.4400390625001,83.99990234374991,20.90883789062491,-238.08001098632815,248.63996582031245,245.48486328125
1763686546.617873,9,3,3,-0.07196922303513154,-0.009399513109831326,-1.3531815702351606,2.5999921012955104e-05,0.016209266116189534,-0.0005632733450192618,134.8800292968749,-244.80002441406248,241.6129394531249,104.6400085449219,-104.16000976562498,109.19047851562482,38.87990722656241,252.4801269531249,631.910400390625,-171.8399414062501,81.59999999999991,24.78078613281241,-216.48000488281252,227.03999023437495,214.5087890625
1763686547.1021824,9,3,3,0.47319967043560823,-0.3355923093981844,-0.6018179219872943,-0.006779792572995082,0.006406507634081453,-0.0005356479420551312,94.07998046874991,-179.99997558593748,164.1727539062499,75.84002075195315,-77.7600158691406,74.34233398437482,31.67995605468741,175.6799560546874,434.4384765625,-114.24008789062509,67.19985351562491,13.164819335937409,-156.48000488281252,157.44001464843745,148.684814453125
1763686547.2122307,9,3,3,0.12826141840949448,-0.1396630912451364,-0.47465454142846086,-0.003996942111563287,0.005181553027000331,-0.00025912534726356526,86.88002929687491,-160.79996337890623,152.5567871093749,75.84002075195315,-63.360006713867165,62.72636718749982,24.48000488281241,166.0799804687499,395.718505859375,-107.04013671875009,64.79995117187491,9.292749023437409,-142.07999572753909,147.84003906249995,137.06884765625
1763686547.3052797,9,3,3,0.09698800657588035,-0.0741345348183362,-0.3773302360176706,-0.004309070567677561,0.008533013531607375,-0.00030874970110723106,84.48000488281241,-155.99997558593748,140.9408203124999,73.44002685546877,-63.360006713867165,58.85429687499982,26.87990722656241,156.4800048828124,380.23046875,-99.83994140625009,62.40004882812491,5.420800781249909,-134.8799987792969,135.84003906249995,125.452880859375
1763686547.413835,9,3,3,0.1238760409293172,-0.04294030182085267,-0.2240409262485925,-0.003990936098600497,0.00663440351225293,-0.00041227575413943203,77.27993164062491,-153.60001220703123,125.45278320312491,68.6400085449219,-58.56000366210935,62.72636718749982,29.27993164062491,149.2800537109374,372.486328125,-90.24008789062509,59.99990234374991,5.420800781249909,-132.48000488281252,126.23994140624995,113.8369140625
1763686547.738818,9,3,3,0.18515077534675234,-0.09604738140162894,-0.29568622952242574,-0.004766977667215462,0.005723595877562693,-0.0005153116336706031,60.48000488281241,-124.79996337890623,109.96474609374991,51.84002075195315,-51.360006713867165,31.750292968749818,29.27993164062491,120.48000488281241,298.91845703125,-73.44003906250009,57.59999999999991,5.420800781249909,-110.8799987792969,109.44001464843745,86.73291015625
1763686547.9132352,9,3,3,0.12160670647851532,-0.0983382652228274,-0.22261915699145124,-0.003931115965695841,0.005824233942493333,-0.0004068053411227985,62.88002929687491,-124.79996337890623,106.09291992187491,54.24001464843752,-48.96001281738279,35.62236328124982,29.27993164062491,108.48000488281241,283.430419921875,-73.44003906250009,57.59999999999991,5.420800781249909,-108.48000488281252,109.44001464843745,86.73291015625
1763686553.9750469,9,3,3,0.24473454521156818,0.0076707084905625195,-0.20204896546087317,-0.0016912932477013184,0.004593341603435904,-0.000399928641847709,14.880029296874909,-105.60001220703123,48.01284179687491,23.040002441406273,-36.96001281738279,-6.969677734375182,31.67995605468741,48.48000488281241,194.37451171875,-37.44003906250009,62.40004882812491,5.420800781249909,-77.27999267578127,75.84003906249995,28.65283203125
1763686554.2112377,9,3,3,0.19045732448278757,0.0050555193991656255,-0.3004043036913434,-0.0012523798393618529,0.005896919414728985,-0.00019778289146219353,26.88002929687491,-107.99997558593748,59.62880859374991,23.040002441406273,-39.360006713867165,8.518359374999818,26.87990722656241,60.48000488281241,225.350341796875,-44.63999023437509,59.99990234374991,1.548852539062409,-89.27999267578127,85.44001464843745,44.140869140625
1763686554.3048449,9,3,3,0.15530965365168947,-0.0011017709834871131,-0.38455356767056725,-0.0013604769692126136,0.007694440782666158,-0.000696275308536121,31.67995605468741,-117.60001220703123,75.11684570312491,27.840020751953148,-48.96001281738279,12.390429687499818,34.07998046874991,70.07998046874991,236.966552734375,-49.44003906250009,59.99990234374991,5.420800781249909,-94.08001098632815,97.44001464843745,51.884765625
1763686554.4120028,9,3,3,0.12393134866993885,0.05806478770691154,-0.5108869297711903,0.00043358254554068257,0.0072146620168802,-0.00042596942097949134,38.88002929687491,-129.60001220703123,90.60488281249991,35.04000244140627,-48.96001281738279,27.878466796874818,34.07998046874991,86.88002929687491,275.6865234375,-66.24008789062509,57.59999999999991,20.90883789062491,-103.67998657226565,104.63996582031245,63.500732421875
1763686554.440704,9,3,3,0.15454384130673707,0.06818836756248309,-0.3907138700959668,0.0013936495617927914,0.0070738322676204305,-0.000536297244434206,38.88002929687491,-124.79996337890623,90.60488281249991,32.6400085449219,-48.96001281738279,20.134326171874818,34.07998046874991,89.28005371093741,279.558349609375,-66.24008789062509,64.79995117187491,9.292749023437409,-106.08001098632815,102.23994140624995,71.244873046875
1763686554.5329142,9,3,3,0.17202605499846524,0.05722046210668674,-0.5438719052126224,0.001088847940029708,0.0071855042364483545,-0.0006696287611111147,48.48000488281241,-131.99997558593748,106.09291992187491,39.84002075195315,-56.16000976562498,39.49443359374982,34.07998046874991,103.67995605468741,314.406494140625,-75.83994140625009,64.79995117187491,13.164819335937409,-108.48000488281252,119.03999023437495,78.98876953125
1763686554.625946,9,3,3,0.20007068183926555,0.02496589773625664,-0.6604258152148751,0.001967367284582398,0.007978526787439754,-0.0004700195572964009,58.07998046874991,-143.99997558593748,121.58095703124991,47.04000244140627,-60.96001281738279,43.36625976562482,38.87990722656241,113.28005371093741,341.510498046875,-83.04013671875009,67.19985351562491,9.292749023437409,-122.8799987792969,126.23994140624995,94.476806640625
1763686554.7178867,9,3,3,0.04505424449593892,0.013018801914975092,-0.7429148095143079,0.0016128322169734648,0.012206747162817524,-0.0007327476039230735,67.67995605468741,-155.99997558593748,133.1969238281249,56.6400085449219,-63.360006713867165,58.85429687499982,34.07998046874991,127.67995605468741,376.3583984375,-95.04013671875009,62.40004882812491,13.164819335937409,-132.48000488281252,140.63996582031245,109.96484375
1763686554.8121765,9,3,3,0.06706615027698984,0.14276512450066822,-1.0338291143130287,0.00527343705688643,0.012575356554790055,-0.0005193798920870961,72.48000488281241,-167.99997558593748,152.5567871093749,61.44002685546877,-72.96001281738279,62.72636718749982,36.48000488281241,146.8800292968749,407.33447265625,-104.63999023437509,67.19985351562491,20.90883789062491,-139.6800018310547,152.63996582031245,113.8369140625
1763686554.9062257,9,3,3,0.009857253870920908,0.05580590909660329,-1.223735790079962,0.003665031707063142,0.013685008389441157,3.940963040330642e-05,82.07998046874991,-172.79996337890623,160.3009277343749,71.04000244140627,-65.76000061035154,66.59843749999982,31.67995605468741,156.4800048828124,426.6943359375,-114.24008789062509,64.79995117187491,17.03676757812491,-142.07999572753909,157.44001464843745,129.32470703125
1763686555.1083117,9,3,3,-0.024650557416600997,0.11135391569152527,-1.305901400959316,0.004071187094019708,0.014907773892768745,-0.00022713449682793446,101.27993164062491,-196.79996337890623,187.4049316406249,75.84002075195315,-80.16000976562498,82.08623046874982,34.07998046874991,187.6799560546874,492.5185546875,-128.6399902343751,69.59999999999991,24.78078613281241,-166.07999572753909,179.03999023437495,160.30078125
1763686555.312935,9,3,3,-0.053099029084783624,0.08821208562780765,-1.63058265629736,0.00374241483387422,0.019792145070343478,-2.8550630893745628e-05,113.27993164062491,-215.99997558593748,218.3807617187499,87.84002075195315,-87.36000671386716,97.57426757812482,38.87990722656241,209.2799316406249,554.470458984375,-147.8399414062501,74.40004882812491,24.78078613281241,-187.6800018310547,200.63996582031245,179.660888671875
1763686555.4061232,9,3,3,-0.08054547002527751,0.09796417056670093,-1.8825718176025803,0.0038942662235888774,0.021405304933818994,-0.00011825079960564903,122.88002929687491,-230.39999999999998,226.1249023437499,90.24001464843752,-96.96001281738279,101.44633789062482,41.27993164062491,223.6800781249999,581.574462890625,-159.8399414062501,79.19985351562491,28.65285644531241,-197.28000793457034,205.44001464843745,187.40478515625
1763686555.513914,9,3,3,-0.0961928787978796,0.12380508805910143,-1.7369688679548387,0.006007958727796551,0.019248964619894757,-0.0002942115198649438,122.88002929687491,-237.60001220703123,241.6129394531249,95.04000244140627,-96.96001281738279,105.31840820312482,41.27993164062491,233.2799316406249,612.550537109375,-164.6399902343751,79.19985351562491,24.78078613281241,-206.8799987792969,222.23994140624995,202.892822265625
1763686555.6078796,9,3,3,-0.12994613930975543,0.15040848613308155,-2.0607545209164004,0.005598616016855691,0.02275989628580775,0.0001342381297495972,134.8800292968749,-249.60001220703123,257.1007324218749,107.04000244140627,-101.7600158691406,120.80620117187482,43.67995605468741,250.0799804687499,655.142333984375,-179.0401367187501,86.40004882812491,28.65285644531241,-218.8799987792969,239.03999023437495,210.63671875
1763686555.7165096,9,3,3,-0.20892623923491815,0.14756385044494907,-2.1601355144476573,0.005671131205643656,0.025401406067958238,-0.00021240646669430695,142.0799804687499,-268.8000244140625,272.5887695312499,109.44002685546877,-108.96001281738279,120.80620117187482,38.87990722656241,269.2799316406249,697.734375,-193.4400390625001,86.40004882812491,32.52480468749991,-228.48000488281252,248.63996582031245,226.124755859375
1763686555.8115678,9,3,3,-0.170969857278727,0.14557965791233424,-2.4262887429166256,0.006588208306243579,0.024688392539203977,-0.000460027608179743,154.0799804687499,-278.4,288.0768066406249,111.84002075195315,-108.96001281738279,144.03813476562482,38.87990722656241,278.8800292968749,732.58251953125,-207.8399414062501,88.79995117187491,32.52480468749991,-240.48000488281252,265.44001464843745,245.48486328125
1763686556.016828,9,3,3,-0.2525194239883447,0.21561987990766485,-2.7188769519770157,0.009557075626192527,0.02847290533375602,6.901776239202299e-05,166.0799804687499,-304.8000244140625,326.7967773437499,121.44002685546877,-125.7600158691406,151.78227539062482,38.87990722656241,307.6800781249999,806.150390625,-222.2400878906251,98.40004882812491,32.52480468749991,-271.68000946044924,284.63996582031245,264.8447265625
1763686556.313275,9,3,3,-0.36216064447659596,0.2467800919848387,-3.2882598275721486,0.010406431872913827,0.03432431355054647,-0.00020968606069693245,197.2799316406249,-345.6000122070312,377.1329589843749,143.04000244140627,-135.36000671386716,167.27055664062482,53.27993164062491,360.4801269531249,941.67041015625,-258.2400878906251,100.79995117187491,40.26882324218741,-307.68000946044924,327.84003906249995,303.564697265625
1763686556.4064586,9,3,3,-0.45327813603729866,0.2808234892599961,-3.4336437357901706,0.011614098146920106,0.03678983376354607,-0.0001801066380618002,199.6799560546874,-359.9999755859375,384.8768554687499,147.84002075195315,-144.9600128173828,171.14213867187482,53.27993164062491,374.8800292968749,972.646484375,-265.4400390625001,112.79995117187491,40.26882324218741,-314.88000640869143,342.24006347656245,315.180908203125
1763686556.4348598,9,3,3,-0.4776145282948113,0.3032728371557883,-3.485129806545287,0.011448630724083343,0.03754005697851428,0.00034637932507016215,204.4800048828124,-369.6000122070312,384.8768554687499,147.84002075195315,-149.76000823974607,178.88627929687482,55.67995605468741,386.8800292968749,976.5185546875,-272.6399902343751,107.99990234374991,36.39675292968741,-324.4800086975098,344.63996582031245,319.052734375
1763686556.608896,9,3,3,-0.5833084394341779,0.3059968510498776,-4.041763391083589,0.01124740088572784,0.04287261599336858,0.0005390926570676131,0,0,0,0,0,0,0,0,0,0,0,0,0,0,0
1763686556.7181835,9,3,3,-0.44005048075520525,0.3682351089628112,-4.116390465382422,0.014467022090520268,0.03923770354300601,0.00044126669961455905,228.4800048828124,-422.4,442.9569335937499,167.0400329589844,-161.76000823974607,205.99028320312482,60.48000488281241,439.6800781249999,1131.3984375,-311.0401367187501,122.40004882812491,48.01284179687491,-367.68001041412356,399.84003906249995,361.644775390625
1763686556.8106642,9,3,3,-0.6179208793613119,0.33498513894704757,-4.400363282690282,0.014676124775522398,0.04674785709274155,-0.00020097353051491424,0,0,0,0,0,0,0,0,0,0,0,0,0,0,0
1763686556.9052548,9,3,3,-0.6552792515464317,0.3530155196763687,-4.7520306081283294,0.015230101799946414,0.04786275350782748,0.0007692420696109336,247.6799560546874,-465.6000122070312,485.5487304687499,174.24004516601565,-178.56001129150388,221.47856445312482,62.87990722656241,480.4801269531249,1251.430419921875,-335.0401367187501,134.4000488281249,51.88479003906241,-406.08001098632815,438.24006347656245,388.748779296875
1763686557.0137558,9,3,3,-0.6277791861124646,0.4479849882426585,-5.083804326577039,0.017244778527795795,0.04909571775363483,0.0009640385691455635,266.8800292968749,-492.0000061035156,520.3968749999999,181.43999633789065,-188.16000976562498,229.22221679687482,65.27993164062491,509.2799316406249,1313.382568359375,-354.2400878906251,143.9999023437499,63.50075683593741,-422.88001403808596,469.44001464843745,415.852783203125
1763686557.2143238,9,3,3,-0.7757287853877697,0.5127429468232637,-5.840308391890235,0.021165099711260425,0.05389834537709526,0.00047257330254103606,281.2799316406249,-542.4,570.7328124999999,193.43999633789065,-200.16000976562498,256.3262207031248,65.27993164062491,554.8800292968749,1452.774658203125,-385.4400390625001,163.1998535156249,59.62880859374991,-470.88001403808596,527.039990234375,435.212890625
1763686557.3088703,9,3,3,-0.9021629474576325,0.470940756016863,-6.11482890605706,0.019679356237709625,0.05905444762569659,0.0007644348963502861,295.6799560546874,-568.7999938964844,590.0929199218749,198.24004516601565,-202.56001129150388,271.8145019531248,60.48000488281241,566.8800292968749,1499.238525390625,-399.8399414062501,165.5999999999999,59.62880859374991,-487.6800170898438,543.8400390625,454.57275390625
1763686557.4207346,9,3,3,-0.9827175103307865,0.5044144738313581,-6.357333709394241,0.022198124133107823,0.06199823125224342,0.0009996967167063301,300.4800048828124,-597.6000122070312,617.1969238281249,203.0400329589844,-216.9600128173828,271.8145019531248,72.48000488281241,590.8800292968749,1580.550537109375,-414.2400878906251,177.5999999999999,75.11684570312491,-509.28001556396487,572.6399658203125,466.188720703125
1763686557.6053445,9,3,3,-1.0956095287323755,0.60473077613205,-7.209191294544535,0.024205103468044817,0.06821753953004989,0.0011664440005841343,310.0799804687499,-631.2000183105469,648.1727539062499,207.84002075195315,-221.7600158691406,283.4302246093748,74.87990722656241,619.6800781249999,1661.862548828125,-438.2400878906251,184.7999511718749,78.98879394531241,-535.6800170898438,606.2400634765625,477.804931640625
1763686557.8105433,9,3,3,-1.0747309485679473,0.6341876105337282,-6.747725245915522,0.025922569452153797,0.0670001100379545,0.000475818288907341,305.2799316406249,-631.2000183105469,648.1727539062499,200.6400085449219,-228.9600128173828,287.3022949218748,77.27993164062491,612.4801269531249,1677.350341796875,-435.8399414062501,184.7999511718749,82.86074218749991,-533.2800231933594,608.6399658203125,473.932861328125
1763686558.0129163,9,3,3,-0.9974829651222287,0.6248997453557034,-6.546683248472954,0.026104905919466417,0.0649576913578021,0.0005483723922690238,302.8800292968749,-636.0000061035156,648.1727539062499,200.6400085449219,-221.7600158691406,287.3022949218748,79.67995605468741,610.0799804687499,1673.478271484375,-433.4400390625001,187.1998535156249,78.98879394531241,-533.2800231933594,613.4400146484375,477.804931640625
1763686558.215951,9,3,3,-0.9894234014454123,0.6329779289237918,-6.613117134145676,0.02633533576674908,0.0642221030934459,0.000915641315857336,302.8800292968749,-631.2000183105469,648.1727539062499,200.6400085449219,-226.56001510620115,279.5581542968748,77.27993164062491,614.8800292968749,1681.222412109375,-438.2400878906251,189.5999999999999,78.98879394531241,-540.4800201416016,611.039990234375,477.804931640625
1763686558.3092256,9,3,3,-1.0164058435195267,0.6296581353959396,-6.52629557819333,0.026664552932880642,0.06409813961389382,0.0007921415067434975,302.8800292968749,-636.0000061035156,644.3009277343749,200.6400085449219,-226.56001510620115,283.4302246093748,74.87990722656241,612.4801269531249,1673.478271484375,-433.4400390625001,187.1998535156249,86.73281249999991,-533.2800231933594,613.4400146484375,473.932861328125
1763686558.5078945,9,3,3,-0.9792165647166615,0.6420710986593601,-6.426901256519342,0.02629848666190186,0.06294331853337962,0.000433586228317984,300.4800048828124,-633.6000122070312,652.0448242187499,203.0400329589844,-233.7600158691406,279.5581542968748,74.87990722656241,607.6800781249999,1677.350341796875,-435.8399414062501,191.9999023437499,86.73281249999991,-538.0800109863281,613.4400146484375,470.060791015625
1763686558.536886,9,3,3,-0.9934530330260335,0.6117024364505315,-6.429743480189946,0.02537590351966571,0.06305677014098351,0.00043131025607303676,300.4800048828124,-640.8000244140625,652.0448242187499,203.0400329589844,-224.16001358032224,283.4302246093748,79.67995605468741,607.6800781249999,1677.350341796875,-435.8399414062501,191.9999023437499,82.86074218749991,-538.0800109863281,618.2400634765625,470.060791015625
1763686558.6297657,9,3,3,-1.0245385871329744,0.6555406251294738,-6.440369469469089,0.026893989952778582,0.06380733529686054,0.00043063317485486467,300.4800048828124,-633.6000122070312,652.0448242187499,198.24004516601565,-228.9600128173828,283.4302246093748,77.27993164062491,607.6800781249999,1677.350341796875,-438.2400878906251,187.1998535156249,78.98879394531241,-535.6800170898438,613.4400146484375,477.804931640625
1763686558.7234037,9,3,3,-0.9544747224962011,0.6252810832332635,-6.343740362264438,0.026350112489410937,0.06321516185712743,0.00023037333072404003,307.6799560546874,-633.6000122070312,648.1727539062499,205.43999633789065,-226.56001510620115,283.4302246093748,77.27993164062491,607.6800781249999,1677.350341796875,-438.2400878906251,189.5999999999999,86.73281249999991,-535.6800170898438,611.039990234375,477.804931640625
1763686559.0060954,9,3,3,-0.9803092515363809,0.6434991737278543,-6.239855814859515,0.02670045729687676,0.0626087342899549,0.00026741886441995506,300.4800048828124,-631.2000183105469,655.9168945312499,195.84002075195315,-228.9600128173828,291.1743652343748,79.67995605468741,607.6800781249999,1685.094482421875,-438.2400878906251,189.5999999999999,86.73281249999991,-538.0800109863281,618.2400634765625,477.804931640625
1763686559.2098742,9,3,3,-0.9336924395661126,0.5913474443017063,-6.31332451160201,0.02544461437415776,0.061524835015009785,0.000865230714675108,0,0,0,0,0,0,0,0,0,0,0,0,0,0,0
1763686559.3199728,9,3,3,-0.9857451148562105,0.6378065823878067,-6.191972170641725,0.02599811099141163,0.06264931309093094,0.0003601748953882891,300.4800048828124,-633.6000122070312,655.9168945312499,198.24004516601565,-228.9600128173828,283.4302246093748,77.27993164062491,607.6800781249999,1681.222412109375,-438.2400878906251,191.9999023437499,90.60476074218741,-533.2800231933594,620.6399658203125,473.932861328125
1763686559.4152997,9,3,3,-0.9686437565731701,0.6661418017331255,-6.226130337767861,0.026224301869004527,0.0628670287996151,0.0005809728064766406,298.0799804687499,-633.6000122070312,655.9168945312499,198.24004516601565,-228.9600128173828,283.4302246093748,79.67995605468741,612.4801269531249,1677.350341796875,-438.2400878906251,191.9999023437499,82.86074218749991,-533.2800231933594,615.8400390625,477.804931640625
1763686559.5091414,9,3,3,-0.9450303249768147,0.5905506163490446,-6.114442766435712,0.024307268236497426,0.061355290036514624,0.0002277589079776824,302.8800292968749,-638.4,655.9168945312499,200.6400085449219,-224.16001358032224,283.4302246093748,79.67995605468741,605.2799316406249,1681.222412109375,-435.8399414062501,189.5999999999999,86.73281249999991,-530.880014038086,618.2400634765625,470.060791015625
1763686559.6178787,9,3,3,-0.9277263490300252,0.6023486873929025,-6.182217427264415,0.024402870791703873,0.06081545187406034,0.0007499899334844299,300.4800048828124,-633.6000122070312,655.9168945312499,205.43999633789065,-226.56001510620115,283.4302246093748,77.27993164062491,610.0799804687499,1685.094482421875,-438.2400878906251,194.4000488281249,78.98879394531241,-533.2800231933594,615.8400390625,470.060791015625
1763686559.7110677,9,3,3,-0.9783978589334165,0.6645750321661283,-6.207005127839716,0.026559756720375388,0.062209058753106804,0.0006674976041789234,298.0799804687499,-638.4,655.9168945312499,195.84002075195315,-228.9600128173828,291.1743652343748,79.67995605468741,605.2799316406249,1685.094482421875,-440.6399902343751,191.9999023437499,82.86074218749991,-535.6800170898438,615.8400390625,481.6767578125
1763686559.8194253,9,3,3,-0.9521419588766071,0.6294449511014839,-6.192874689582327,0.026116468777140897,0.062076919662354145,0.0007517048103517368,298.0799804687499,-636.0000061035156,655.9168945312499,200.6400085449219,-224.16001358032224,287.3022949218748,77.27993164062491,607.6800781249999,1673.478271484375,-435.8399414062501,184.7999511718749,82.86074218749991,-540.4800201416016,613.4400146484375,466.188720703125
1763686559.9113014,9,3,3,-0.9470548910156728,0.5920366530776527,-6.0111959880884,0.02485656091541255,0.06111208840806558,0.0002668676864521092,302.8800292968749,-636.0000061035156,655.9168945312499,200.6400085449219,-231.3600143432617,283.4302246093748,74.87990722656241,607.6800781249999,1673.478271484375,-440.6399902343751,189.5999999999999,82.86074218749991,-538.0800109863281,618.2400634765625,473.932861328125
1763686560.0088685,9,3,3,-0.923842424112951,0.5964315439034469,-6.060684498267662,0.02538111565294928,0.061196337161672824,0.0001728061913434404,298.0799804687499,-638.4,655.9168945312499,200.6400085449219,-228.9600128173828,283.4302246093748,74.87990722656241,607.6800781249999,1685.094482421875,-440.6399902343751,189.5999999999999,90.60476074218741,-538.0800109863281,618.2400634765625,473.932861328125
1763686560.6176245,9,3,3,-0.7533013220922504,0.4870426852643176,-4.781967718147056,0.020610613091442145,0.05214366036321137,0.00014631497543537986,269.2799316406249,-549.6000122070312,574.6048828124999,186.24004516601565,-204.9600128173828,264.0703613281248,60.48000488281241,526.0799804687499,1456.646240234375,-390.2400878906251,163.1998535156249,71.24477539062491,-466.08001098632815,527.039990234375,435.212890625
1763686560.7112246,9,3,3,-0.6771648821434522,0.4815508447014326,-4.333258709322279,0.019378125108433758,0.049841171330680334,-0.0002465039455283513,259.6799560546874,-518.4,543.6288085937499,179.0400329589844,-190.56001129150388,248.58256835937482,65.27993164062491,497.2799316406249,1383.078369140625,-368.6399902343751,155.9999023437499,75.11684570312491,-442.0800148010254,498.24006347656245,411.980712890625
1763686560.8175757,9,3,3,-0.580399980358641,0.45212975427808577,-3.9432576348704322,0.019506372501714705,0.04278502440086252,5.0226292339471644e-05,247.6799560546874,-494.4,524.2689453124999,171.84002075195315,-180.9600128173828,240.83842773437482,53.27993164062491,478.0799804687499,1305.638427734375,-356.6399902343751,143.9999023437499,63.50075683593741,-418.08001098632815,476.63996582031245,392.620849609375
1763686560.846156,9,3,3,-0.5787164012153426,0.4514910663432846,-3.84341587120299,0.019190681524490192,0.04277988612770768,-0.00014998878872578064,238.0799804687499,-482.4,508.7809082031249,169.43999633789065,-176.16000976562498,233.09428710937482,55.67995605468741,468.4801269531249,1282.406494140625,-347.0401367187501,146.4000488281249,67.37282714843741,-408.48001251220705,469.44001464843745,381.0048828125
1763686560.9413204,9,3,3,-0.5036501617004208,0.3719665040586893,-3.4315284796243066,0.013469812415135545,0.043131665162491034,-9.938443236607881e-05,223.6799560546874,-451.1999877929687,485.5487304687499,155.0400329589844,-178.56001129150388,217.60649414062482,53.27993164062491,437.2799316406249,1193.350341796875,-325.4400390625001,136.7999511718749,67.37282714843741,-382.08001098632815,435.84003906249995,369.388916015625
1763686561.1152508,9,3,3,-0.33966966070268567,0.11220168366999232,-2.5407114578813292,0.00835280693983112,0.035054427980653544,-0.00025248608087783883,199.6799560546874,-395.9999755859375,423.5968261718749,140.6400085449219,-156.9600128173828,190.50249023437482,48.48000488281241,379.6800781249999,1042.342529296875,-284.6399902343751,122.40004882812491,55.75673828124991,-334.08001098632815,378.24006347656245,330.668701171875
1763686561.2083604,9,3,3,-0.22463457043715968,0.19669751460957938,-2.230380960521317,0.00938741038221773,0.02652067739225443,-0.000537968252525762,185.2799316406249,-367.1999877929687,400.3648925781249,133.44002685546877,-142.56001129150388,182.75834960937482,43.67995605468741,355.6800781249999,976.5185546875,-265.4400390625001,112.79995117187491,55.75673828124991,-317.28000793457034,351.84003906249995,307.436767578125
1763686561.4112966,9,3,3,-0.23043536370755907,0.11528557311927697,-1.6052366649677015,0.004885696031185484,0.024534469782829298,-0.0011094078777092089,166.0799804687499,-321.6000122070312,338.4127441406249,116.6400085449219,-125.7600158691406,151.78227539062482,48.48000488281241,305.2799316406249,829.38232421875,-227.0401367187501,105.59999999999991,44.14077148437491,-266.88000640869143,296.63996582031245,264.8447265625
1763686561.5225706,9,3,3,-0.09930413311368991,0.0917663798752116,-1.3863531174677395,0.00484151925125931,0.018187783162877686,-0.0007969236428210332,154.0799804687499,-295.1999877929687,315.1808105468749,114.24001464843752,-116.16000976562498,151.78227539062482,38.87990722656241,281.2799316406249,775.174560546875,-212.6399902343751,95.99990234374991,36.39675292968741,-247.6800018310547,275.03999023437495,253.228759765625
1763686561.6146522,9,3,3,-0.060026385152189464,0.11719804819277177,-1.2827882626517289,0.0020631323269080333,0.01930165478998162,-0.000383363622145283,139.6799560546874,-275.9999755859375,284.2047363281249,107.04000244140627,-104.16000976562498,136.29448242187482,31.67995605468741,262.0799804687499,713.222412109375,-198.2400878906251,95.99990234374991,32.52480468749991,-235.6800018310547,258.23994140624995,226.124755859375
1763686561.9108756,9,3,3,-0.053831739118662056,0.0013406724151375851,-0.86565520318004,0.0002770767015762418,0.015729832225209402,-7.644412651236271e-05,120.48000488281241,-232.80002441406248,237.7408691406249,90.24001464843752,-89.7600158691406,101.44633789062482,29.27993164062491,216.4801269531249,589.318359375,-162.2400878906251,81.59999999999991,32.52480468749991,-194.8799987792969,217.44001464843745,183.53271484375
1763686562.0061784,9,3,3,0.06714869701525358,0.036732854899178526,-0.7827301366633913,0.0006181243584034253,0.013204078982242802,-0.0005187547161907319,113.27993164062491,-220.80002441406248,222.2528320312499,85.44002685546877,-87.36000671386716,101.44633789062482,34.07998046874991,204.4801269531249,566.08642578125,-155.0401367187501,76.79995117187491,20.90883789062491,-182.8799987792969,205.44001464843745,175.788818359375
1763686562.114197,9,3,3,-0.04031051293016827,0.03019622732559218,-0.6644503164031734,-0.0002650209080607411,0.01422559520571375,-0.0006353403386402595,108.48000488281241,-211.19998779296873,218.3807617187499,80.6400085449219,-80.16000976562498,93.70219726562482,26.87990722656241,194.8800292968749,527.366455078125,-147.8399414062501,76.79995117187491,28.65285644531241,-175.6800018310547,195.84003906249995,164.1728515625
1763686562.2106009,9,3,3,0.13092817330608433,0.04949674321508141,-0.515223627756944,0.00033689361770459646,0.010521649020052324,-0.0002701272685757158,101.27993164062491,-208.79996337890623,199.0208984374999,73.44002685546877,-82.56000366210935,89.83012695312482,34.07998046874991,187.6799560546874,511.87841796875,-143.0401367187501,69.59999999999991,20.90883789062491,-173.28000793457034,186.23994140624995,164.1728515625
1763686562.4089909,9,3,3,0.12240003689147114,0.05925204959806989,-0.3780397222852552,0.000633568509613086,0.009397400697024837,-0.0002990689005259471,84.48000488281241,-184.79996337890623,175.7889648437499,68.6400085449219,-77.7600158691406,74.34233398437482,34.07998046874991,166.0799804687499,457.67041015625,-121.44003906250009,67.19985351562491,20.90883789062491,-156.48000488281252,171.84003906249995,137.06884765625
1763686562.5169444,9,3,3,0.11413431820158917,0.07067455547211354,-0.47992461101808337,0.0005182828301531694,0.010295510089884581,-0.00033672709224099294,0,0,0,0,0,0,0,0,0,0,0,0,0,0,0
1763686562.6118052,9,3,3,0.05805573292915814,-0.031224295554005417,-0.2805386275688686,-0.0011054188669221417,0.009959543103514124,-0.0007325059813711472,77.27993164062491,-163.19998779296873,160.3009277343749,59.04000244140627,-65.76000061035154,70.47026367187482,31.67995605468741,149.2800537109374,407.33447265625,-109.44003906250009,57.59999999999991,17.03676757812491,-137.28000793457034,150.23994140624995,121.580810546875
1763686562.8140664,9,3,3,0.11123590911711018,-0.030208917252090163,-0.2493507979550333,-0.0014145402268602061,0.009128500668505568,-0.000957826229320489,72.48000488281241,-153.60001220703123,133.1969238281249,59.04000244140627,-48.96001281738279,66.59843749999982,24.48000488281241,139.6799560546874,364.742431640625,-99.83994140625009,59.99990234374991,5.420800781249909,-130.07999572753909,140.63996582031245,109.96484375
1763686563.017556,9,3,3,0.14870154600875837,-0.042998400880694135,-0.22954999758966127,-0.0041891331534385234,0.010067298085014473,-0.00041447732053209187,0,0,0,0,0,0,0,0,0,0,0,0,0,0,0
1763686569.4094825,9,3,3,0.23719494076907727,-0.003617351274570732,-0.2527754919638624,-0.0019491558830348186,0.003801517573282411,5.077358943401944e-05,29.27993164062491,-110.39999999999998,67.37294921874991,27.840020751953148,-46.56000366210935,-3.097607421875182,31.67995605468741,65.28005371093741,225.350341796875,-47.04013671875009,59.99990234374991,13.164819335937409,-94.08001098632815,83.03999023437495,51.884765625
1763686569.8109882,9,3,3,0.22687121753980893,-0.015586593747637018,-0.5487946218838031,-0.00014294384550149594,0.005017890130811407,-0.00035842467415566205,53.27993164062491,-134.39999999999998,102.22084960937491,47.04000244140627,-60.96001281738279,31.750292968749818,34.07998046874991,106.07998046874991,314.406494140625,-68.63999023437509,62.40004882812491,13.164819335937409,-118.08001098632815,114.23994140624995,82.86083984375
1763686570.0120125,9,3,3,-0.0012707876102338311,0.35214309429390667,-0.7290124691540011,0.004048632620732524,0.009217067499548398,-0.0014509900478135746,79.67995605468741,-163.19998779296873,140.9408203124999,68.6400085449219,-68.16000976562498,51.11040039062482,38.87990722656241,139.6799560546874,380.23046875,-97.44003906250009,71.99990234374991,13.164819335937409,-137.28000793457034,138.23994140624995,121.580810546875
1763686570.213832,9,3,3,0.18872686098732613,-0.23460911171740712,-1.1627099843181423,0.0032157556083968154,0.011171022866566861,0.00031778180331376387,70.07998046874991,-187.19998779296873,175.7889648437499,66.24001464843752,-70.56000366210935,78.21440429687482,38.87990722656241,161.2800537109374,469.286376953125,-121.44003906250009,67.19985351562491,28.65285644531241,-156.48000488281252,176.63996582031245,129.32470703125
1763686570.9123356,9,3,3,-0.040672267578930374,0.2382695137624801,-2.3086705645466505,0.011294163257147884,0.01998995811535046,-0.0006418898964803755,139.6799560546874,-280.8000244140625,280.3329101562499,104.6400085449219,-113.7600158691406,128.55034179687482,58.07998046874991,274.0799804687499,740.326416015625,-193.4400390625001,88.79995117187491,32.52480468749991,-240.48000488281252,265.44001464843745,226.124755859375
1763686570.9719145,9,3,3,-0.05823374278499679,0.2695836558541629,-2.307045238720536,0.011733508735684654,0.019851091566195595,6.156249642638072e-05,146.8800292968749,-297.6000122070312,299.6927734374999,116.6400085449219,-118.56000366210935,136.29448242187482,55.67995605468741,278.8800292968749,767.430419921875,-207.8399414062501,93.59999999999991,40.26882324218741,-247.6800018310547,282.23994140624995,237.74072265625
1763686571.120092,9,3,3,-0.16972016766033785,0.28374552162765143,-2.6889938835030613,0.013006955887556428,0.025096707093101914,-0.00030332776663952003,158.8800292968749,-311.9999755859375,322.9249511718749,121.44002685546877,-123.36000671386716,155.65434570312482,67.67995605468741,307.6800781249999,825.510498046875,-222.2400878906251,100.79995117187491,44.14077148437491,-271.68000946044924,296.63996582031245,245.48486328125
1763686571.210378,9,3,3,-0.21925545017289205,0.28371555974637813,-3.022123807131553,0.01407408567273623,0.0272702839601886,0.0004430952514241195,161.2799316406249,-326.4,338.4127441406249,123.84002075195315,-132.9600128173828,163.39848632812482,58.07998046874991,322.0799804687499,868.1025390625,-234.2400878906251,103.19985351562491,44.14077148437491,-281.28000793457034,313.44001464843745,268.716796875
1763686571.2695076,9,3,3,-0.21979935722334898,0.3028098893951701,-2.9027119093118925,0.014419807722214264,0.027391446705661935,-6.166049862070663e-05,175.6799560546874,-338.4,346.1568847656249,131.04000244140627,-132.9600128173828,163.39848632812482,60.48000488281241,331.6800781249999,883.59033203125,-236.6399902343751,105.59999999999991,44.14077148437491,-286.08001098632815,318.24006347656245,264.8447265625
1763686571.411996,9,3,3,-0.29046520128224734,0.3143296551736643,-3.1704203623534823,0.014557962106807154,0.030128010831606183,-0.00046943427056331147,0,0,0,0,0,0,0,0,0,0,0,0,0,0,0
1763686571.5200655,9,3,3,-0.3852199433339534,0.32696433154673754,-3.4447590920331397,0.014024326886516338,0.03641281960959863,0.00029104019599981035,199.6799560546874,-371.9999755859375,388.7489257812499,140.6400085449219,-144.9600128173828,175.01420898437482,65.27993164062491,372.4801269531249,992.00634765625,-267.8399414062501,115.19985351562491,51.88479003906241,-319.68000946044924,349.44001464843745,299.69287109375
1763686571.6130555,9,3,3,-0.42493960337850895,0.38750834801727846,-3.6728990237387085,0.015613735822162772,0.03683698182389294,0.00021148146007257977,202.0799804687499,-383.9999755859375,400.3648925781249,145.44002685546877,-152.16000976562498,190.50249023437482,60.48000488281241,386.8800292968749,1026.8544921875,-279.8399414062501,117.59999999999991,51.88479003906241,-331.68000946044924,366.24006347656245,311.308837890625
1763686571.7219126,9,3,3,-0.5142489910362797,0.35032514075097554,-3.7713932557124155,0.01573652617793445,0.03957786567473521,-0.00028789452378334777,211.6799560546874,-403.1999877929687,415.8529296874999,152.6400085449219,-159.3600143432617,198.24614257812482,67.67995605468741,406.0799804687499,1073.318359375,-289.4400390625001,119.99990234374991,55.75673828124991,-346.08001098632815,378.24006347656245,334.540771484375
1763686571.817294,9,3,3,-0.4946697279462014,0.41075293085148856,-4.0705266723126,0.017307360574387216,0.04079124012581885,-0.00023666791782440055,223.6799560546874,-419.9999755859375,442.9569335937499,162.24004516601565,-159.3600143432617,209.86235351562482,62.87990722656241,425.2799316406249,1123.654541015625,-308.6399902343751,127.19985351562491,48.01284179687491,-367.68001041412356,404.63996582031245,346.15673828125
1763686571.8594515,9,3,3,-0.5112520329012425,0.40064414943526944,-4.155482357584702,0.01703635532342965,0.04101027110120522,0.00012373780474635035,233.2799316406249,-429.6000122070312,454.5729003906249,159.84002075195315,-159.3600143432617,213.73442382812482,62.87990722656241,439.6800781249999,1146.886474609375,-313.4400390625001,131.9999023437499,44.14077148437491,-370.08001098632815,414.24006347656245,357.772705078125
1763686571.970054,9,3,3,-0.6870091083640311,0.3430921158250441,-4.435582689452744,0.014532229710990585,0.05023120789065232,0.00017716498809089735,235.6799560546874,-453.6000122070312,470.0609374999999,167.0400329589844,-171.3600143432617,225.35014648437482,70.07998046874991,458.8800292968749,1212.71044921875,-320.6399902343751,134.4000488281249,51.88479003906241,-386.880011177063,431.03999023437495,377.1328125
1763686572.062593,9,3,3,-0.5727031057734494,0.4020319644716269,-4.595045706207034,0.016701277972517168,0.04494869490012362,-3.3658260135182704e-05,247.6799560546874,-480.0000061035156,497.1649414062499,179.0400329589844,-178.56001129150388,229.22221679687482,70.07998046874991,482.8800292968749,1278.534423828125,-342.2400878906251,141.5999999999999,55.75673828124991,-413.2800117492676,455.03999023437495,392.620849609375
1763686572.1577947,9,3,3,-0.6983289192586375,0.42767436007578996,-5.032916134183372,0.017211842934859764,0.05224816900679449,0.00043766816059242087,266.8800292968749,-504.0000061035156,528.1407714843749,181.43999633789065,-183.3600143432617,244.71049804687482,70.07998046874991,504.4801269531249,1344.358642578125,-361.4400390625001,146.4000488281249,67.37282714843741,-432.48001251220705,486.24006347656245,411.980712890625
1763686572.2499497,9,3,3,-0.8145830452046737,0.45566982769868947,-5.394252413891373,0.01832354906590147,0.052843308230148274,0.0006244853939863515,271.6799560546874,-525.6000122070312,547.5008789062499,188.6400085449219,-190.56001129150388,252.45415039062482,67.67995605468741,530.8800292968749,1406.310302734375,-373.4400390625001,155.9999023437499,59.62880859374991,-451.6800170898438,507.84003906249995,427.46875
1763686572.4090762,9,3,3,-0.9895493385266734,0.522823312244415,-6.148788933272286,0.020036206672649076,0.06410332975151878,0.0008290839325255399,278.8800292968749,-566.4,593.9647460937499,191.0400329589844,-207.3600143432617,264.0703613281248,72.48000488281241,552.4801269531249,1510.854248046875,-404.6399902343751,170.4000488281249,67.37282714843741,-487.6800170898438,555.8400390625,431.3408203125
1763686572.452612,9,3,3,-0.9861270796126069,0.5111134941441096,-6.077249315510654,0.021148137720647116,0.06363112942620158,0.0010949509981353026,0,0,0,0,0,0,0,0,0,0,0,0,0,0,0
1763686572.6105576,9,3,3,-1.036790704089019,0.613131144158567,-6.705700332965407,0.019384284884952613,0.06639391782032036,-5.330901656436585e-06,305.2799316406249,-636.0000061035156,652.0448242187499,207.84002075195315,-219.3600143432617,295.0464355468748,77.27993164062491,610.0799804687499,1673.478271484375,-433.4400390625001,194.4000488281249,78.98879394531241,-538.0800109863281,615.8400390625,473.932861328125
1763686572.7216115,9,3,3,-1.1714531620624722,0.5850326849049874,-7.52697165501854,0.02767558893655396,0.08227953078287173,0.001307911862504292,314.8800292968749,-672.0000061035156,690.7647949218749,205.43999633789065,-228.9600128173828,310.5342285156248,60.48000488281241,638.8800292968749,1770.278564453125,-462.2400878906251,203.9999023437499,82.86074218749991,-566.880014038086,671.039990234375,501.036865234375
1763686572.9086409,9,3,3,-1.3073742650049254,0.8702872210125207,-8.187388372505037,0.030869916758182292,0.07195745166519316,0.0005902459798906197,324.4800048828124,-734.400015258789,748.8448730468749,215.0400329589844,-245.7600158691406,326.0225097656248,89.27993164062491,694.0799804687499,1932.902587890625,-486.2400878906251,230.4000488281249,98.34877929687491,-614.880014038086,719.039990234375,512.65283203125
1763686572.9547064,9,3,3,-1.3353776356903015,0.8516103165804774,-8.334188268085649,0.03266495570979991,0.07501853536332839,0.0009390370570052115,334.0799804687499,-741.6000122070312,744.9728027343749,217.43999633789065,-248.16001548767088,318.2783691406248,94.07998046874991,698.8800292968749,1936.774658203125,-479.0401367187501,235.1998535156249,98.34877929687491,-622.0800262451172,733.4400146484375,524.268798828125
1763686573.111214,9,3,3,-1.407465728684897,0.9389671368376276,-9.231558333346008,0.027511894461812583,0.08095180991808598,0.001137266168075999,346.0799804687499,-792.0000213623047,775.9488769531249,224.6400085449219,-262.5600155830383,337.6382324218748,94.07998046874991,739.6800781249999,2064.550537109375,-505.4400390625001,251.9999023437499,106.09279785156241,-660.4800354003906,783.8400390625,535.884765625
1763686573.1397016,9,3,3,-1.4672589011038957,0.9882461951217947,-9.141794475318655,0.02810174697910912,0.0802628230240868,0.0009332049944476995,346.0799804687499,-801.6000122070312,795.3087402343749,227.0400329589844,-257.7600158691406,333.7661621093748,91.67995605468741,751.6800781249999,2091.654541015625,-512.6399902343751,251.9999023437499,106.09279785156241,-667.6800170898438,803.039990234375,547.500732421875
1763686573.3138373,9,3,3,-1.5772968867425865,1.0567351439116226,-10.195253091079238,0.04131863369388331,0.09401172062591107,0.0017850272898031032,362.8800292968749,-854.400015258789,822.4127441406249,231.84002075195315,-272.16001596450803,349.2544433593748,110.87990722656241,790.0799804687499,2215.558349609375,-524.6399902343751,273.5999999999999,113.83681640624991,-708.4800354003906,846.23994140625,559.11669921875
1763686573.5178537,9,3,3,-1.5480008021756946,1.1450484164533505,-10.367439637284381,0.04501629018525462,0.09359454073487611,0.0018098493710849567,353.2799316406249,-864.0000213623047,826.2848144531249,231.84002075195315,-276.9600161552429,345.3823730468748,115.67995605468741,785.2799316406249,2234.918212890625,-529.4400390625001,278.4000488281249,121.58083496093741,-701.2800231933594,858.23994140625,547.500732421875
1763686573.6109815,9,3,3,-1.5364499494782837,1.1863938801633362,-10.193085328782969,0.046749416674220806,0.09334933734681701,0.0017195916308248241,355.6799560546874,-861.6000198364258,834.0289550781249,231.84002075195315,-272.16001596450803,353.1265136718748,106.07998046874991,778.0799804687499,2219.430419921875,-529.4400390625001,278.4000488281249,117.70876464843741,-708.4800354003906,855.8400390625,543.62890625
1763686573.9162903,9,3,3,-1.5540284180400874,1.1018158426907776,-9.745669733329887,0.044506895558313074,0.09297721450068801,0.0013297862433108328,355.6799560546874,-852.0000213623047,826.2848144531249,229.43999633789065,-274.56001605987547,353.1265136718748,106.07998046874991,773.2799316406249,2223.302490234375,-531.8399414062501,280.7999511718749,121.58083496093741,-706.0800109863281,860.640087890625,543.62890625
1763686574.0114245,9,3,3,-1.5681108943231192,1.0695665871226419,-9.53030143849632,0.043632237679026534,0.09348907159832855,0.0014059212504820753,350.8800292968749,-856.8000244140625,837.9007812499999,229.43999633789065,-272.16001596450803,349.2544433593748,106.07998046874991,778.0799804687499,2227.174560546875,-534.2400878906251,283.1998535156249,121.58083496093741,-701.2800231933594,858.23994140625,543.62890625
1763686574.213375,9,3,3,-1.5282395791728618,1.0726789911653405,-9.49295914089167,0.044534544092024536,0.09138429886534102,0.0015004279819312068,348.4800048828124,-849.6000122070312,826.2848144531249,229.43999633789065,-274.56001605987547,349.2544433593748,113.27993164062491,768.4801269531249,2219.430419921875,-531.8399414062501,278.4000488281249,121.58083496093741,-701.2800231933594,853.44013671875,539.7568359375
1763686574.3248727,9,3,3,-1.4781894294832314,1.0960312994098205,-9.404069292002012,0.0454645800360417,0.0877896628876128,0.001611304228845584,0,0,0,0,0,0,0,0,0,0,0,0,0,0,0
1763686574.418389,9,3,3,-1.3644828585442208,1.1561004461016475,-9.346886437292152,0.04768629216280409,0.0845985059817927,0.0013221053672344517,348.4800048828124,-854.400015258789,822.4127441406249,229.43999633789065,-279.36001625061033,349.2544433593748,120.48000488281241,770.8800292968749,2219.430419921875,-527.0401367187501,280.7999511718749,121.58083496093741,-701.2800231933594,851.039990234375,535.884765625
1763686574.5115798,9,3,3,-1.4182855068813145,1.087683230302619,-9.386958694024207,0.04559088389701717,0.08569140826550811,0.0013833632471298395,343.6799560546874,-861.6000198364258,818.5409179687499,227.0400329589844,-276.9600161552429,349.2544433593748,120.48000488281241,768.4801269531249,2234.918212890625,-529.4400390625001,283.1998535156249,121.58083496093741,-698.880029296875,851.039990234375,535.884765625
1763686574.5392025,9,3,3,-1.4551620211555871,1.1193905894051648,-9.297755352982097,0.04654360462579052,0.08565364409081547,0.001416798293749983,343.6799560546874,-861.6000198364258,826.2848144531249,229.43999633789065,-279.36001625061033,341.5103027343748,122.87990722656241,773.2799316406249,2231.046630859375,-524.6399902343751,285.5999999999999,125.45278320312491,-701.2800231933594,855.8400390625,539.7568359375
1763686574.7172692,9,3,3,-1.374261425535133,1.1627168702325736,-9.26049428977199,0.04810176980589179,0.0843244900199044,0.001276010926347857,343.6799560546874,-861.6000198364258,818.5409179687499,224.6400085449219,-279.36001625061033,341.5103027343748,120.48000488281241,770.8800292968749,2231.046630859375,-527.0401367187501,285.5999999999999,121.58083496093741,-706.0800109863281,853.44013671875,535.884765625
1763686575.0134034,9,3,3,-1.3204802219641445,1.199329943739426,-9.167420781079688,0.05012684198765529,0.08128534914512572,0.0006884668060124707,336.4800048828124,-861.6000198364258,826.2848144531249,222.24004516601565,-286.5600170135498,345.3823730468748,134.8799072265624,768.4801269531249,2246.534423828125,-527.0401367187501,283.1998535156249,125.45278320312491,-701.2800231933594,853.44013671875,532.0126953125
1763686575.123254,9,3,3,-1.239328078910411,1.2097526885697305,-9.298310086027351,0.05139437323176181,0.07843073307326459,0.0011143510301536638,338.8800292968749,-861.6000198364258,830.1568847656249,219.84002075195315,-286.5600170135498,349.2544433593748,132.4800048828124,770.8800292968749,2246.534423828125,-529.4400390625001,285.5999999999999,125.45278320312491,-696.4800354003906,855.8400390625,524.268798828125
1763686575.31394,9,3,3,-1.3163933317062195,1.1634373965019371,-9.204896964814573,0.04900909207423507,0.08019628601027085,0.001298541024600891,0,0,0,0,0,0,0,0,0,0,0,0,0,0,0
1763686575.4178739,9,3,3,-1.309721361399626,1.1555721913395858,-9.170823118672859,0.04927621604476107,0.08090316146738757,0.000921781903340654,341.2799316406249,-859.2000183105469,822.4127441406249,219.84002075195315,-281.7600158691406,345.3823730468748,130.0799804687499,768.4801269531249,2231.046630859375,-527.0401367187501,285.5999999999999,125.45278320312491,-696.4800354003906,853.44013671875,532.0126953125
1763686575.513662,9,3,3,-1.3286558860491544,1.1373625332333135,-9.093264072847862,0.047644117437873904,0.081512925750906,0.001413285219211859,341.2799316406249,-859.2000183105469,826.2848144531249,224.6400085449219,-281.7600158691406,349.2544433593748,127.67995605468741,768.4801269531249,2234.918212890625,-529.4400390625001,287.9999023437499,125.45278320312491,-696.4800354003906,851.039990234375,535.884765625
1763686575.812951,9,3,3,-1.3155736280639836,1.090404814193299,-8.913180894617883,0.04629354883913553,0.08160508561888873,0.0007721483048359311,343.6799560546874,-854.400015258789,822.4127441406249,224.6400085449219,-284.1600164413452,345.3823730468748,122.87990722656241,766.0799804687499,2231.046630859375,-524.6399902343751,285.5999999999999,129.3248535156249,-698.880029296875,848.640087890625,532.0126953125
1763686576.111952,9,3,3,-1.189963134378398,1.1436022555903484,-8.515964684745617,0.0484433776084261,0.07376023880542953,0.0007599701088784666,331.6799560546874,-837.6000122070312,803.0528808593749,222.24004516601565,-281.7600158691406,345.3823730468748,132.4800048828124,742.0799804687499,2184.582275390625,-519.8399414062501,283.1998535156249,125.45278320312491,-672.4800354003906,822.23994140625,520.396728515625
1763686576.2207744,9,3,3,-1.2352813972607517,1.0908154327169295,-8.252196337440303,0.046740253076578024,0.07453602553365801,0.000929989260782557,326.8800292968749,-823.2000183105469,791.4369140624999,215.0400329589844,-281.7600158691406,333.7661621093748,132.4800048828124,732.4801269531249,2157.478271484375,-515.0401367187501,271.1998535156249,133.1968017578124,-670.0800109863281,817.4400146484375,516.52490234375
1763686576.724961,9,3,3,-0.758768714289287,0.9745464032009457,-5.91323483955757,0.04623421511016561,0.051728262743256974,4.584249726030838e-05,276.4800048828124,-686.4,683.0208984374999,186.24004516601565,-248.16001548767088,291.1743652343748,108.48000488281241,598.0799804687499,1812.870361328125,-452.6399902343751,223.1998535156249,113.83681640624991,-554.880014038086,673.4400146484375,446.828857421875
1763686576.8180876,9,3,3,-0.7960007909232008,0.9042415097528422,-5.227909535709665,0.040788539076473465,0.05430746386290604,-0.000508015736266302,262.0799804687499,-650.4,659.7889648437499,183.84002075195315,-238.56001510620115,295.0464355468748,103.67995605468741,574.0799804687499,1727.686279296875,-428.6399902343751,211.1998535156249,117.70876464843741,-528.4800201416016,637.4400146484375,439.084716796875
1763686576.9201672,9,3,3,-0.7225241550124205,0.7795527854381237,-4.659818481637195,0.035454837677657884,0.05133281732580241,-0.00016213542577166434,254.8800292968749,-609.6000122070312,621.0687499999999,171.84002075195315,-221.7600158691406,267.9424316406248,103.67995605468741,533.2799316406249,1615.398681640625,-407.0401367187501,196.7999511718749,106.09279785156241,-492.48001251220705,591.8400390625,415.852783203125
1763686577.0127163,9,3,3,-0.5330283460343065,0.7984336642803254,-3.9270491163557617,0.036941128676361845,0.04008274720207617,-0.0009936223515008345,233.2799316406249,-568.7999938964844,582.3487792968749,162.24004516601565,-214.56001510620115,252.45415039062482,89.27993164062491,490.0799804687499,1499.238525390625,-385.4400390625001,182.4000488281249,98.34877929687491,-456.48001251220705,551.039990234375,388.748779296875
1763686577.216157,9,3,3,-0.4554127047993105,0.599728215196875,-2.9914305190152586,0.02509581768756715,0.03272648993120258,-0.0013212281210044138,209.2799316406249,-489.6000122070312,501.0367675781249,150.24001464843752,-185.7600158691406,233.09428710937482,79.67995605468741,422.8800292968749,1286.2783203125,-337.4400390625001,160.7999511718749,90.60476074218741,-396.48001155853274,474.24006347656245,338.412841796875
1763686577.4193804,9,3,3,-0.3133781465678589,0.4163477021492352,-2.259176636116319,0.019355583526145234,0.02899429549356352,-0.0006793204047271149,175.6799560546874,-417.6000122070312,435.2127929687499,126.24001464843752,-164.16000976562498,198.24614257812482,74.87990722656241,358.0799804687499,1100.42236328125,-291.8399414062501,141.5999999999999,82.86074218749991,-338.8800102233887,404.63996582031245,307.436767578125
1763686577.5144656,9,3,3,-0.2564954271506892,0.31558672870238197,-1.7841182595382605,0.01583752321616944,0.026751443130880646,-0.0012205898888915478,163.6799560546874,-395.9999755859375,411.9808593749999,121.44002685546877,-152.16000976562498,175.01420898437482,58.07998046874991,326.8800292968749,1022.982421875,-272.6399902343751,131.9999023437499,75.11684570312491,-317.28000793457034,380.63996582031245,280.332763671875
1763686577.6090376,9,3,3,-0.3106032086493701,0.2690899413036793,-1.7555932096771378,0.014123119408407605,0.027382551042562053,-0.0007442796235884021,151.6799560546874,-374.4,384.8768554687499,111.84002075195315,-147.3600143432617,171.14213867187482,58.07998046874991,310.0799804687499,968.7744140625,-258.2400878906251,127.19985351562491,75.11684570312491,-295.68000946044924,356.63996582031245,264.8447265625
1763686577.653401,9,3,3,-0.320472855585547,0.23166732366540713,-1.7388182587120258,0.013968095959525504,0.0281390379182747,-0.0013609107364621596,151.6799560546874,-362.4,377.1329589843749,109.44002685546877,-142.56001129150388,171.14213867187482,58.07998046874991,305.2799316406249,945.54248046875,-253.4400390625001,122.40004882812491,63.50075683593741,-290.88000640869143,351.84003906249995,264.8447265625
1763686577.8171391,9,3,3,-0.09269662907078753,0.2621474601979791,-1.4480116293672034,0.012060543088802098,0.021667645698762693,-0.0005670865595065262,0,0,0,0,0,0,0,0,0,0,0,0,0,0,0
1763686577.924441,9,3,3,-0.020403433893071615,0.3028123167775719,-1.2420790737467289,0.012343024434549663,0.015732743184743672,-0.0008103042297950981,130.0799804687499,-307.1999877929687,311.3087402343749,95.04000244140627,-130.56000366210935,140.16655273437482,58.07998046874991,252.4801269531249,794.534423828125,-215.0401367187501,105.59999999999991,63.50075683593741,-252.48000488281252,291.84003906249995,218.380859375
1763686578.019031,9,3,3,-0.022680359930033256,0.22918402383713116,-1.0465661119082252,0.01046480949180051,0.015196718853191935,-0.0007423088104158193,120.48000488281241,-285.6000122070312,299.6927734374999,85.44002685546877,-120.96001281738279,136.29448242187482,53.27993164062491,238.0799804687499,751.9423828125,-203.0401367187501,103.19985351562491,55.75673828124991,-238.08001098632815,275.03999023437495,206.764892578125
1763686578.1228917,9,3,3,-0.04047007653209256,0.19063889669013256,-0.8945489258115347,0.010362031015233215,0.015093470088280781,-0.0007631753830187897,113.27993164062491,-275.9999755859375,276.4608398437499,87.84002075195315,-111.36000671386716,124.67827148437482,48.48000488281241,228.4801269531249,705.478515625,-191.0401367187501,98.40004882812491,48.01284179687491,-221.28000793457034,260.63996582031245,199.020751953125
1763686578.2199488,9,3,3,-0.0165012071026701,0.19705841235247878,-0.8678835774196052,0.008914503151792458,0.01533156553283679,-0.0006824368020992291,106.07998046874991,-261.6000122070312,257.1007324218749,83.04000244140627,-108.96001281738279,116.93413085937482,55.67995605468741,216.4801269531249,678.37451171875,-181.4400390625001,98.40004882812491,51.88479003906241,-214.08001098632815,243.84003906249995,187.40478515625
1763686578.3150058,9,3,3,0.08329059736130731,0.167119058775341,-0.8038995600489192,0.00790658767229607,0.010630677953030418,-0.0006629431949980442,101.27993164062491,-249.60001220703123,241.6129394531249,78.24001464843752,-99.36000671386716,116.93413085937482,50.87990722656241,204.4801269531249,635.782470703125,-171.8399414062501,88.79995117187491,40.26882324218741,-202.08001098632815,234.23994140624995,171.916748046875
1763686578.424094,9,3,3,-0.02459386026754149,0.12119231596811922,-0.6225674798120618,0.006532477318407681,0.014003114683478323,-0.0007551648202897724,94.07998046874991,-239.99997558593748,233.8687988281249,75.84002075195315,-101.7600158691406,101.44633789062482,48.48000488281241,197.2799316406249,612.550537109375,-162.2400878906251,88.79995117187491,40.26882324218741,-197.28000793457034,222.23994140624995,168.044921875
1763686578.81255,9,3,3,0.10119677583649195,0.06794438398734048,-0.3907920963200364,0.0015216106677593277,0.01006522236322706,-0.0006911531762264286,84.48000488281241,-201.60001220703123,187.4049316406249,71.04000244140627,-82.56000366210935,85.95854492187482,43.67995605468741,168.4800048828124,496.390380859375,-131.0401367187501,76.79995117187491,28.65285644531241,-166.07999572753909,181.44001464843745,137.06884765625
1763686578.9253242,9,3,3,0.14751504942770124,0.07204450343666222,-0.3583635800089332,0.0010998759740239038,0.007317243517248637,-0.00036990755295085415,86.88002929687491,-189.60001220703123,168.0448242187499,71.04000244140627,-75.36000671386716,82.08623046874982,38.87990722656241,161.2800537109374,461.54248046875,-123.83994140625009,74.40004882812491,13.164819335937409,-158.8799987792969,171.84003906249995,129.32470703125
1763686579.027395,9,3,3,0.11238343220532739,0.02046654280572643,-0.29925670127845716,-0.0011725276814522445,0.008819991940444454,-0.0005882137578380578,77.27993164062491,-175.19998779296873,175.7889648437499,66.24001464843752,-72.96001281738279,74.34233398437482,36.48000488281241,156.4800048828124,442.182373046875,-114.24008789062509,71.99990234374991,17.03676757812491,-154.07999572753909,164.63996582031245,133.19677734375
1763686579.124522,9,3,3,0.16409757416234877,0.03187619511290401,-0.2668161618813458,-0.001053676632241012,0.00800206625290738,-0.0004993901985184462,79.67995605468741,-177.60001220703123,160.3009277343749,61.44002685546877,-75.36000671386716,74.34233398437482,41.27993164062491,156.4800048828124,422.822509765625,-114.24008789062509,67.19985351562491,20.90883789062491,-146.8799987792969,157.44001464843745,129.32470703125
1763686585.7127476,9,3,3,0.036350933222237314,-0.0226318270758481,-0.2443526953591814,-0.0014932023367729863,0.006674357300295741,-0.00040991325718606837,26.88002929687491,-122.39999999999998,67.37294921874991,25.439996337890648,-44.16000976562498,4.646289062499818,26.87990722656241,58.07998046874991,233.094482421875,-51.83994140625009,62.40004882812491,13.164819335937409,-89.27999267578127,95.03999023437495,40.268798828125
1763686585.9175541,9,3,3,0.09266864271926487,-0.011311027729015606,-0.34592426948506466,-0.0007536073123620456,0.007307653420532703,-0.00020957857272941796,34.07998046874991,-131.99997558593748,82.86074218749991,32.6400085449219,-48.96001281738279,24.006396484374818,34.07998046874991,82.07998046874991,283.430419921875,-66.24008789062509,62.40004882812491,13.164819335937409,-106.08001098632815,104.63996582031245,59.62890625
1763686586.0106575,9,3,3,0.31160391932783404,0.026004388625057814,-0.46550149386484224,0.0005911292111567013,0.0039181533470860185,0.0002174507466848382,48.48000488281241,-136.79996337890623,102.22084960937491,39.84002075195315,-58.56000366210935,31.750292968749818,38.87990722656241,94.07998046874991,306.662353515625,-75.83994140625009,62.40004882812491,17.03676757812491,-113.27999267578127,119.03999023437495,71.244873046875
1763686586.2145922,9,3,3,0.05805697501921958,0.12837872677837128,-0.7522919231600339,0.0037592223600429854,0.010875623640574698,0.00012278194619932929,62.88002929687491,-165.60001220703123,140.9408203124999,47.04000244140627,-70.56000366210935,47.23833007812482,46.07998046874991,125.28005371093741,391.846435546875,-97.44003906250009,69.59999999999991,17.03676757812491,-132.48000488281252,143.03999023437495,98.348876953125
1763686586.3246737,9,3,3,0.06780685121164941,0.07077482807337732,-0.8148832441741817,0.0047672434249535255,0.010730029418311998,-0.0005938324543450414,74.88002929687491,-175.19998779296873,152.5567871093749,63.84002075195315,-70.56000366210935,54.98247070312482,36.48000488281241,149.2800537109374,426.6943359375,-104.63999023437509,69.59999999999991,24.78078613281241,-146.8799987792969,155.03999023437495,117.708740234375
1763686586.4148924,9,3,3,0.032913400849425005,0.025442635086533535,-1.0411772390055103,0.00249318632187121,0.010873718242428623,2.3236804766284502e-05,84.48000488281241,-184.79996337890623,168.0448242187499,71.04000244140627,-75.36000671386716,70.47026367187482,46.07998046874991,170.8800292968749,465.41455078125,-123.83994140625009,74.40004882812491,28.65285644531241,-158.8799987792969,174.23994140624995,137.06884765625
1763686586.5248356,9,3,3,0.03391250044242813,0.10365911606331843,-1.1875640026554328,0.004591718621257694,0.01282499863012281,0.0005209458680642774,98.88002929687491,-208.79996337890623,195.1488281249999,75.84002075195315,-84.96001281738279,89.83012695312482,46.07998046874991,185.2800537109374,519.62255859375,-135.8399414062501,79.19985351562491,28.65285644531241,-175.6800018310547,193.44001464843745,156.4287109375
1763686586.6196718,9,3,3,0.02372269680907607,0.18802727790617135,-1.5816075176813968,0.007127081767493655,0.014595406329847408,-0.000788428655264826,106.07998046874991,-223.19998779296873,214.5089355468749,83.04000244140627,-87.36000671386716,89.83012695312482,53.27993164062491,197.2799316406249,566.08642578125,-152.6399902343751,81.59999999999991,32.52480468749991,-190.08001098632815,207.84003906249995,164.1728515625
1763686586.7119977,9,3,3,-0.03538745231027762,0.11809160921420912,-1.6107308550439756,0.008055799072359905,0.015777553802772487,-0.00016258486494924565,113.27993164062491,-230.39999999999998,222.2528320312499,87.84002075195315,-89.7600158691406,109.19047851562482,50.87990722656241,211.6800781249999,604.806396484375,-162.2400878906251,83.99990234374991,24.78078613281241,-197.28000793457034,222.23994140624995,179.660888671875
1763686586.9270334,9,3,3,-0.15381211237356257,0.24515129395548219,-2.0833064574121027,0.011901577799500063,0.02053128932208191,-0.0006367811340348057,125.27993164062491,-268.8000244140625,268.7169433593749,99.84002075195315,-113.7600158691406,128.55034179687482,55.67995605468741,250.0799804687499,701.6064453125,-193.4400390625001,91.19985351562491,40.26882324218741,-226.08001098632815,253.44001464843745,206.764892578125
1763686587.020113,9,3,3,-0.027891349053196665,0.316709321210514,-2.305043797987329,0.012965248631356696,0.020437165318813403,0.00045439477562356234,137.2799316406249,-287.9999755859375,288.0768066406249,102.24001464843752,-111.36000671386716,136.29448242187482,55.67995605468741,266.8800292968749,748.070556640625,-203.0401367187501,93.59999999999991,32.52480468749991,-235.6800018310547,265.44001464843745,218.380859375
1763686587.1141253,9,3,3,-0.22013097665359177,0.23158564292257433,-2.4290321666725125,0.010457963643941907,0.0267454365907039,-0.00021638102236113494,144.4800048828124,-299.9999755859375,307.4369140624999,109.44002685546877,-118.56000366210935,144.03813476562482,55.67995605468741,286.0799804687499,790.662353515625,-219.8399414062501,95.99990234374991,40.26882324218741,-259.68000946044924,282.23994140624995,233.868896484375
1763686587.2220418,9,3,3,-0.17571555571692254,0.3180087500125319,-2.490745365208274,0.012647901127971213,0.02740713308243908,-0.0004710908246930445,156.4800048828124,-319.1999877929687,334.5409179687499,109.44002685546877,-128.16000976562498,151.78227539062482,60.48000488281241,300.4801269531249,837.12646484375,-229.4400390625001,95.99990234374991,44.14077148437491,-266.88000640869143,299.03999023437495,241.61279296875
1763686587.316132,9,3,3,-0.2983906655556009,0.32499304920849825,-2.7466046540014446,0.014947457361312564,0.02866058419543524,-0.0006302860124546088,163.6799560546874,-331.1999877929687,346.1568847656249,116.6400085449219,-130.56000366210935,163.39848632812482,55.67995605468741,312.4801269531249,879.718505859375,-241.4400390625001,100.79995117187491,44.14077148437491,-278.88000640869143,315.84003906249995,260.972900390625
1763686587.4252613,9,3,3,-0.4485372714716083,0.20792448922802378,-2.906552646204657,0.012374210754868664,0.034125030854672604,-0.0002954378126166111,173.2799316406249,-352.8000244140625,369.3888183593749,126.24001464843752,-137.7600158691406,167.27055664062482,60.48000488281241,338.8800292968749,933.926513671875,-255.8399414062501,105.59999999999991,48.01284179687491,-298.08001098632815,332.63996582031245,276.460693359375
1763686587.7211533,9,3,3,-0.4060368278740851,0.317966038518423,-3.5328324577170007,0.012723911515940885,0.037227163933352084,-0.00037047646885712696,199.6799560546874,-393.6000122070312,415.8529296874999,143.04000244140627,-156.9600128173828,194.37456054687482,65.27993164062491,384.4801269531249,1069.446533203125,-296.6399902343751,115.19985351562491,55.75673828124991,-336.4800086975098,380.63996582031245,315.180908203125
1763686587.8120399,9,3,3,-0.519947880976397,0.4681587025799457,-3.8097313101568897,0.019687999980598506,0.041907610440680525,-0.0001377613205764518,209.2799316406249,-422.4,446.8287597656249,147.84002075195315,-161.76000823974607,209.86235351562482,70.07998046874991,410.8800292968749,1139.142333984375,-313.4400390625001,119.99990234374991,55.75673828124991,-358.08001098632815,407.03999023437495,334.540771484375
1763686587.922153,9,3,3,-0.6713318989734183,0.4879257317432288,-4.378169021705116,0.02028734957385883,0.047267725116709076,5.299182862976166e-05,230.8800292968749,-441.6000122070312,462.3167968749999,162.24004516601565,-161.76000823974607,217.60649414062482,62.87990722656241,437.2799316406249,1177.862548828125,-327.8399414062501,127.19985351562491,51.88479003906241,-377.2800107955933,426.24006347656245,365.516845703125
1763686588.0141733,9,3,3,-0.5839850268057394,0.4274039549179481,-4.502209107645682,0.015397155587056139,0.04811717356286655,7.052221620888277e-05,238.0799804687499,-470.4,493.2928710937499,167.0400329589844,-173.7600158691406,229.22221679687482,72.48000488281241,461.2799316406249,1251.430419921875,-342.2400878906251,139.1998535156249,59.62880859374991,-401.2800117492676,452.63996582031245,377.1328125
1763686588.1232655,9,3,3,-0.6841900083490475,0.47275914779380057,-4.993638992672814,0.018434962883702888,0.050930272298647,6.180203722973548e-05,245.2799316406249,-504.0000061035156,528.1407714843749,171.84002075195315,-185.7600158691406,240.83842773437482,77.27993164062491,490.0799804687499,1355.974365234375,-361.4400390625001,146.4000488281249,63.50075683593741,-427.6800132751465,481.44001464843745,392.620849609375
1763686588.3230026,9,3,3,-0.986382219005097,0.6486134836854559,-5.644493266846709,0.027137520010644026,0.05758467820674342,0.0004804700960480404,264.4800048828124,-561.6000122070312,582.3487792968749,181.43999633789065,-202.56001129150388,267.9424316406248,77.27993164062491,538.0799804687499,1503.110595703125,-402.2400878906251,165.5999999999999,75.11684570312491,-475.6800170898438,541.4400146484375,427.46875
1763686588.4142694,9,3,3,-0.8963217007064341,0.6707061429954645,-5.932437409907257,0.01738991405182053,0.05239565678846591,0.0005659669815042956,276.4800048828124,-588.0000061035156,621.0687499999999,186.24004516601565,-219.3600143432617,271.8145019531248,84.48000488281241,562.0799804687499,1580.550537109375,-411.8399414062501,175.1998535156249,86.73281249999991,-492.48001251220705,572.6399658203125,439.084716796875
1763686588.4575396,9,3,3,-0.9582130398132755,0.6640551609098986,-5.980579704596231,0.017646316564726747,0.05348625746101418,0.0008637828878998192,278.8800292968749,-600.0000061035156,613.3248535156249,188.6400085449219,-214.56001510620115,283.4302246093748,89.27993164062491,564.4801269531249,1599.910400390625,-423.8399414062501,179.9999023437499,82.86074218749991,-506.88001403808596,575.039990234375,450.700927734375
1763686588.5345745,9,3,3,-0.7851553278922094,0.6666734218464043,-6.339466642127984,0.027780580824017458,0.05671487682889643,0.00038851157039359197,293.2799316406249,-631.2000183105469,644.3009277343749,195.84002075195315,-236.16001358032224,283.4302246093748,106.07998046874991,600.4801269531249,1665.734619140625,-440.6399902343751,189.5999999999999,90.60476074218741,-530.880014038086,608.6399658203125,458.44482421875
1763686588.627129,9,3,3,-0.822227199167124,0.6928854243696366,-7.15645753016071,0.03252328194931269,0.06814342372906998,0.0009778388617926077,310.0799804687499,-660.0000061035156,655.9168945312499,212.6400085449219,-238.56001510620115,291.1743652343748,98.87990722656241,629.2799316406249,1754.790283203125,-438.2400878906251,211.1998535156249,90.60476074218741,-552.4800201416016,637.4400146484375,481.6767578125
1763686588.8170428,9,3,3,-1.3046370335050033,0.792760833740798,-7.957791817381078,0.030925429891118485,0.07778110711969072,0.0006024150777322991,317.2799316406249,-732.0000061035156,729.4847656249999,212.6400085449219,-255.360015296936,314.4062988281248,108.48000488281241,686.8800292968749,1925.158447265625,-479.0401367187501,230.4000488281249,102.22084960937491,-602.880014038086,709.4400146484375,501.036865234375
1763686588.9260776,9,3,3,-1.147998390112718,0.9390650225609445,-8.331109509796812,0.03280764538963792,0.06497316510421439,0.00030436449492758817,336.4800048828124,-758.400015258789,748.8448730468749,219.84002075195315,-260.1600154876709,310.5342285156248,110.87990722656241,722.8800292968749,1979.366455078125,-483.8399414062501,237.5999999999999,106.09279785156241,-631.6800170898438,740.6399658203125,520.396728515625
1763686589.0207713,9,3,3,-1.2541269044814467,0.8263020830134198,-8.969508349953053,0.0255868850533794,0.07412534112605058,0.0014645565304436687,341.2799316406249,-784.8000091552734,764.3329101562499,219.84002075195315,-269.7600158691406,329.8945800781248,122.87990722656241,739.6800781249999,2056.806396484375,-493.4400390625001,249.5999999999999,106.09279785156241,-653.2800231933594,769.4400146484375,516.52490234375
1763686589.1116884,9,3,3,-1.3155412955094443,0.9485419491206619,-9.634488221416355,0.040012810823210614,0.08882772024841035,0.001752018800088003,346.0799804687499,-820.8000244140625,803.0528808593749,229.43999633789065,-272.16001596450803,341.5103027343748,122.87990722656241,756.4801269531249,2157.478271484375,-517.4400390625001,263.9999023437499,109.96474609374991,-684.4800354003906,812.6399658203125,535.884765625
1763686589.2206988,9,3,3,-1.37018008476492,0.9674969144700517,-10.01679066730358,0.045881542888997415,0.09244042092071977,0.0014841756278589618,0,0,0,0,0,0,0,0,0,0,0,0,0,0,0
1763686589.314177,9,3,3,-1.5566127285880664,1.1176891252028842,-10.542547685180445,0.04677251678883971,0.09125148243980954,0.001678722696963151,360.4800048828124,-888.0000213623047,830.1568847656249,234.24004516601565,-288.96001663208006,345.3823730468748,134.8799072265624,806.8800292968749,2285.254638671875,-539.0401367187501,290.4000488281249,129.3248535156249,-725.2800231933594,872.640087890625,539.7568359375
1763686589.512974,9,3,3,-1.6003856737282316,1.3060710077501865,-11.510055318271366,0.05353841810065589,0.09336453602236634,0.0018941114757317756,0,0,0,0,0,0,0,0,0,0,0,0,0,0,0
1763686589.7175455,9,3,3,-1.5990543614451802,1.5215048657713979,-12.57178093031884,0.062021092371970274,0.09370174075682416,0.0017676014946786476,374.8800292968749,-986.400024318695,895.9808593749999,243.84002075195315,-312.96001663208006,364.7422363281248,161.2799316406249,883.6800781249999,2533.062255859375,-567.8399414062501,333.5999999999999,137.0687499999999,-802.0800415039063,975.8400390625,559.11669921875
1763686589.9164534,9,3,3,-1.6409403170483525,1.5485668103476178,-12.129933841460202,0.06384470224095866,0.09741438677208988,0.0017757182323048168,367.6799560546874,-993.6000246047973,903.7247558593749,239.0400329589844,-315.36001815795896,364.7422363281248,168.4800048828124,871.6800781249999,2552.422607421875,-575.0401367187501,338.4000488281249,144.8127685546874,-799.6800170898438,985.44013671875,555.244873046875
1763686589.960526,9,3,3,-1.6323068166397843,1.535280648437157,-12.147006178795941,0.06373644379998836,0.09696468729626848,0.001770167229341018,370.0799804687499,-988.8000244140625,907.5968261718749,239.0400329589844,-312.96001663208006,364.7422363281248,168.4800048828124,869.2799316406249,2544.678466796875,-572.6399902343751,338.4000488281249,148.6848388671874,-797.2800231933594,978.23994140625,555.244873046875
1763686590.0539966,9,3,3,-1.7139317989792686,1.5155268625972997,-11.831268510958584,0.06263299402016102,0.0997457759616658,0.002037294143010274,0,0,0,0,0,0,0,0,0,0,0,0,0,0,0
1763686590.2138538,9,3,3,-1.8020172472953906,1.4970958324020402,-11.495883199994687,0.06268341444992157,0.10495272123665858,0.0016914842708246926,365.2799316406249,-993.6000246047973,915.3409667968749,236.6400085449219,-308.1600173950195,368.6143066406248,156.4800048828124,864.4801269531249,2560.166259765625,-575.0401367187501,333.5999999999999,148.6848388671874,-794.880029296875,992.640087890625,551.372802734375
1763686590.2428977,9,3,3,-1.7857558230301365,1.4968408839069165,-11.529318859485482,0.06283582002375866,0.1049085158907833,0.0014455843530706766,365.2799316406249,-991.2000245094299,919.2127929687499,236.6400085449219,-305.7600158691406,368.6143066406248,154.0799804687499,862.0799804687499,2552.422607421875,-577.4400390625001,340.7999511718749,144.8127685546874,-797.2800231933594,990.23994140625,551.372802734375
1763686590.6215746,9,3,3,-1.6854737812765923,1.4608114017492309,-11.169738896115694,0.06003253992036957,0.09992233959459043,0.0018760201861380953,360.4800048828124,-991.2000245094299,907.5968261718749,231.84002075195315,-308.1600173950195,372.4863769531248,156.4800048828124,857.2799316406249,2560.166259765625,-575.0401367187501,343.1998535156249,152.5567871093749,-794.880029296875,990.23994140625,551.372802734375
1763686590.9200869,9,3,3,-1.6003997020581964,1.439654488770401,-11.039545140062586,0.058605223737840856,0.09544268204570022,0.001760325294485587,360.4800048828124,-991.2000245094299,907.5968261718749,234.24004516601565,-310.5600189208984,368.6143066406248,163.6799560546874,854.8800292968749,2552.422607421875,-577.4400390625001,345.5999999999999,148.6848388671874,-794.880029296875,987.8400390625,547.500732421875
1763686591.0197294,9,3,3,-1.652531114527437,1.4539424766702649,-10.975030051315919,0.06239493636996506,0.0982096316543383,0.0014868503094379037,358.0799804687499,-996.0000247001648,907.5968261718749,234.24004516601565,-310.5600189208984,364.7422363281248,168.4800048828124,857.2799316406249,2575.654541015625,-575.0401367187501,343.1998535156249,148.6848388671874,-792.4800354003906,995.039990234375,543.62890625
1763686591.2152028,9,3,3,-1.584173701987036,1.453455459667727,-10.953180776996941,0.059087845827417815,0.094383734224634,0.001635384775796278,360.4800048828124,-993.6000246047973,911.4688964843749,236.6400085449219,-312.96001663208006,364.7422363281248,166.0799804687499,859.6800781249999,2556.294677734375,-575.0401367187501,343.1998535156249,140.9408203124999,-794.880029296875,987.8400390625,543.62890625
1763686591.4185734,9,3,3,-1.6197487859623982,1.4978756828231257,-10.9042732093315,0.06328475475767414,0.0969165469970582,0.0011207775888083197,355.6799560546874,-998.4000247955322,911.4688964843749,234.24004516601565,-315.36001815795896,364.7422363281248,166.0799804687499,854.8800292968749,2556.294677734375,-570.2400878906251,343.1998535156249,144.8127685546874,-797.2800231933594,992.640087890625,547.500732421875
1763686591.5248482,9,3,3,-1.630441454635386,1.469715951365418,-10.84161161089586,0.06173639244168111,0.09624706233454816,0.0011387780973314138,358.0799804687499,-998.4000247955322,907.5968261718749,234.24004516601565,-312.96001663208006,364.7422363281248,173.2799316406249,859.6800781249999,2560.166259765625,-572.6399902343751,345.5999999999999,152.5567871093749,-794.880029296875,990.23994140625,547.500732421875
1763686591.6189263,9,3,3,-1.5610400602416108,1.420343973413102,-10.82616201464183,0.061381066826441,0.09321815576577677,0.0013805780590560035,358.0799804687499,-993.6000246047973,911.4688964843749,227.0400329589844,-315.36001815795896,368.6143066406248,166.0799804687499,852.4801269531249,2567.910400390625,-572.6399902343751,345.5999999999999,152.5567871093749,-792.4800354003906,992.640087890625,547.500732421875
1763686591.8219717,9,3,3,-1.48766190017147,1.4969627374549592,-10.853119984015777,0.06321564995510798,0.08988042811562048,0.0015274557463624775,355.6799560546874,-996.0000247001648,911.4688964843749,234.24004516601565,-312.96001663208006,368.6143066406248,170.8799072265624,857.2799316406249,2556.294677734375,-570.2400878906251,347.9999023437499,152.5567871093749,-794.880029296875,990.23994140625,535.884765625
1763686591.9169054,9,3,3,-1.4696120065588367,1.4731085638962882,-10.844272625172241,0.06101864016854333,0.08894689457907917,0.0014446219686363448,353.2799316406249,-996.0000247001648,915.3409667968749,229.43999633789065,-315.36001815795896,364.7422363281248,185.2799316406249,859.6800781249999,2575.654541015625,-575.0401367187501,345.5999999999999,152.5567871093749,-792.4800354003906,990.23994140625,539.7568359375
1763686592.028008,9,3,3,-1.440275232573315,1.5289574875771406,-10.880092810306017,0.06467564024962688,0.08677317870289031,0.0014422593062241706,355.6799560546874,-1000.8000244140625,903.7247558593749,236.6400085449219,-317.7600158691406,364.7422363281248,185.2799316406249,862.0799804687499,2560.166259765625,-565.4400390625001,347.9999023437499,148.6848388671874,-794.880029296875,985.44013671875,539.7568359375
1763686592.5249815,9,3,3,-1.2302311999660294,1.3649850816907312,-9.909398044012438,0.05820118804638476,0.07593212934796785,0.0008333817438771953,343.6799560546874,-955.2000221252441,868.8768554687499,227.0400329589844,-312.96001663208006,349.2544433593748,185.2799316406249,823.6800781249999,2467.238525390625,-551.0401367187501,331.1998535156249,152.5567871093749,-761.2800231933594,942.23994140625,520.396728515625
1763686592.6179447,9,3,3,-1.2047920642070045,1.3141836574250412,-9.42907855166999,0.05624920092635283,0.07537912017015878,0.0003751748671889533,331.6799560546874,-940.8000244140625,861.1329589843749,219.84002075195315,-320.1600173950195,349.2544433593748,192.4800048828124,809.2799316406249,2436.262451171875,-543.8399414062501,331.1998535156249,156.4288574218749,-744.4800354003906,920.640087890625,512.65283203125
1763686592.7124655,9,3,3,-1.0454675767801849,1.4812806787141315,-8.998209271481853,0.06338347214188123,0.06711314131952358,0.0007774271957629369,329.2799316406249,-931.2000221252441,849.5167480468749,224.6400085449219,-315.36001815795896,349.2544433593748,194.8799072265624,792.4801269531249,2409.158447265625,-541.4400390625001,321.5999999999999,152.5567871093749,-732.4800354003906,911.039990234375,508.78076171875
1763686592.7702088,9,3,3,-1.0372302898820416,1.4458759072875393,-9.016301501158571,0.06308571714360728,0.06723215026754148,0.0006163919132793141,0,0,0,0,0,0,0,0,0,0,0,0,0,0,0
1763686592.914776,9,3,3,-0.8981537774889431,1.267103998129342,-7.734848471531942,0.05485135043883836,0.06131790176801051,3.54302797075292e-05,302.8800292968749,-854.400015258789,795.3087402343749,210.24004516601565,-296.1600173950195,329.8945800781248,175.6799560546874,725.2799316406249,2231.046630859375,-512.6399902343751,295.1998535156249,152.5567871093749,-670.0800109863281,831.8400390625,485.548828125
1763686592.974303,9,3,3,-0.8579916124904773,1.2958658679346329,-7.8165978403268035,0.05575473696149372,0.06021836832330073,0.000319913928543962,298.0799804687499,-835.2000183105469,787.5648437499999,203.0400329589844,-300.96001663208006,326.0225097656248,178.0799804687499,706.0799804687499,2188.454345703125,-505.4400390625001,290.4000488281249,152.5567871093749,-653.2800231933594,817.4400146484375,481.6767578125
1763686593.1177287,9,3,3,-0.7876507413054536,1.2220293326540268,-6.358203144863461,0.05411135784864521,0.05612602784575946,-0.00017747595545455647,281.2799316406249,-772.8000091552734,733.3568359374999,193.43999633789065,-286.5600170135498,318.2783691406248,166.0799804687499,646.0799804687499,2037.446533203125,-479.0401367187501,266.4000488281249,144.8127685546874,-605.2800231933594,755.039990234375,458.44482421875
1763686593.2267294,9,3,3,-0.6028118196618398,1.0880445549321718,-5.553047152700598,0.051704860641917844,0.042833568368130875,-0.0010652955878208753,257.2799316406249,-715.2000183105469,698.5089355468749,181.43999633789065,-264.96001567840574,302.7905761718748,137.2799316406249,590.8800292968749,1894.182373046875,-457.4400390625001,239.9999023437499,140.9408203124999,-564.4800201416016,699.8400390625,439.084716796875
1763686593.3214734,9,3,3,-0.6577467452693528,0.9568849443242808,-4.797984264536998,0.048950317849951526,0.05187905641272973,-1.1956499203426459e-05,250.0799804687499,-672.0000061035156,667.5328613281249,171.84002075195315,-250.56001510620115,279.5581542968748,127.67995605468741,557.2799316406249,1774.150634765625,-438.2400878906251,232.7999511718749,125.45278320312491,-528.4800201416016,656.6399658203125,419.724853515625
1763686593.4162638,9,3,3,-0.7406182031569071,0.8651081983642367,-4.186179544273648,0.03768175627275163,0.04259533953011087,-0.0014780316970835735,226.0799804687499,-633.6000122070312,624.9408203124999,157.43999633789065,-240.96001472473142,271.8145019531248,127.67995605468741,509.2799316406249,1669.606201171875,-416.6399902343751,213.5999999999999,129.3248535156249,-494.88001403808596,615.8400390625,388.748779296875
1763686593.5237858,9,3,3,-0.31505000548852663,0.8664773459084674,-3.558372245745967,0.04417056649784656,0.04143975137504423,-0.0008371923018101295,214.0799804687499,-571.2000183105469,574.6048828124999,152.6400085449219,-219.3600143432617,244.71049804687482,108.48000488281241,456.4801269531249,1499.238525390625,-385.4400390625001,191.9999023437499,117.70876464843741,-451.6800170898438,555.8400390625,377.1328125
1763686593.5669737,9,3,3,-0.3044427202596869,0.791323612255577,-3.610201516906802,0.04323322863294972,0.03909405919885969,-0.0006974134282783126,204.4800048828124,-566.4,574.6048828124999,138.24001464843752,-212.16001358032224,248.58256835937482,103.67995605468741,442.0799804687499,1495.366455078125,-380.6399902343751,187.1998535156249,117.70876464843741,-439.6800132751465,551.039990234375,365.516845703125
1763686593.6579518,9,3,3,-0.6183750248585809,0.7168322986635101,-2.8865472410721402,0.029705284444701156,0.03663538031760499,-0.0018194245862473944,194.8800292968749,-518.4,528.1407714843749,143.04000244140627,-207.3600143432617,229.22221679687482,101.27993164062491,422.8800292968749,1371.462646484375,-344.6399902343751,179.9999023437499,109.96474609374991,-413.2800117492676,505.44001464843745,342.284912109375
1763686593.75013,9,3,3,-0.3178902111278761,0.6265724433391974,-2.677477296975667,0.02931052361136885,0.030795681557701144,-0.0010378303475903627,173.2799316406249,-489.6000122070312,501.0367675781249,121.44002685546877,-190.56001129150388,225.35014648437482,86.87990722656241,370.0799804687499,1286.2783203125,-335.0401367187501,165.5999999999999,113.83681640624991,-379.6800108909607,474.24006347656245,315.180908203125
1763686593.9273658,9,3,3,-0.46480185027746546,0.3799880630324727,-1.9525399811081123,0.023981979672760646,0.03200351225960723,-0.00023214557642049424,0,0,0,0,0,0,0,0,0,0,0,0,0,0,0
1763686594.0349412,9,3,3,-0.1399134159650437,0.10058168831454434,-1.901489504973024,0.02179028641242453,0.02736940941587129,-0.0008271897856439354,0,0,0,0,0,0,0,0,0,0,0,0,0,0,0
1763686594.1288009,9,3,3,0.021750179613199083,0.24911964345007676,-1.6245924734914112,0.017720645977005282,0.02927651671813997,-0.0006032127107898673,132.4800048828124,-369.6000122070312,392.6207519531249,99.84002075195315,-144.9600128173828,178.88627929687482,67.67995605468741,276.4801269531249,980.390380859375,-263.0401367187501,129.5999999999999,86.73281249999991,-295.68000946044924,366.24006347656245,249.356689453125
1763686594.2261288,9,3,3,-0.07217209753820411,0.24289658933021296,-1.500695708944536,0.017875869195859442,0.027950293881617707,-0.0005575121737292582,130.0799804687499,-355.1999877929687,357.7728515624999,95.04000244140627,-142.56001129150388,155.65434570312482,65.27993164062491,266.8800292968749,910.6943359375,-241.4400390625001,124.79995117187491,78.98879394531241,-281.28000793457034,337.44001464843745,233.868896484375
1763686594.4326422,9,3,3,-0.03864282347596014,0.31034256484800826,-1.1101123675039044,0.012417322095063387,0.018897243849872687,-0.0006063337775718922,0,0,0,0,0,0,0,0,0,0,0,0,0,0,0
1763686594.5200996,9,3,3,-0.014253573252160867,0.22640999346067597,-0.8555464372600552,0.012327788979591737,0.01621307334192912,-0.001134599279867166,106.07998046874991,-295.1999877929687,295.8209472656249,83.04000244140627,-118.56000366210935,140.16655273437482,58.07998046874991,223.6800781249999,763.558349609375,-198.2400878906251,110.40004882812491,63.50075683593741,-238.08001098632815,279.84003906249995,195.14892578125
1763686594.7243426,9,3,3,-0.035832897047034774,0.16057234412339663,-0.8318285069232911,0.009131864240166862,0.014859213895433248,-0.0007435823264270809,96.48000488281241,-271.1999877929687,268.7169433593749,78.24001464843752,-113.7600158691406,113.06254882812482,58.07998046874991,209.2799316406249,686.118408203125,-179.0401367187501,98.40004882812491,51.88479003906241,-214.08001098632815,248.63996582031245,187.40478515625
1763686594.817194,9,3,3,0.0966913199799147,0.1507859233642409,-0.6064990406262303,0.0068238911575849515,0.01052599471113046,-0.0008303677238125035,91.67995605468741,-251.99997558593748,253.2289062499999,75.84002075195315,-106.56000366210935,116.93413085937482,55.67995605468741,199.6800781249999,639.654541015625,-171.8399414062501,98.40004882812491,48.01284179687491,-204.48000488281252,239.03999023437495,175.788818359375
1763686594.9254298,9,3,3,-0.002511099778005191,0.10434420649331597,-0.6437420728734391,0.005402361693961047,0.012854779177925997,-0.00045383477187863503,91.67995605468741,-239.99997558593748,233.8687988281249,71.04000244140627,-99.36000671386716,97.57426757812482,53.27993164062491,187.6799560546874,616.42236328125,-164.6399902343751,91.19985351562491,51.88479003906241,-194.8799987792969,227.03999023437495,168.044921875
1763686594.9529386,9,3,3,-0.001986783560721385,0.11717793563926435,-0.5753991057617244,0.005536621700522798,0.012107363747831331,-0.0003519494367696807,91.67995605468741,-239.99997558593748,229.9969726562499,73.44002685546877,-104.16000976562498,105.31840820312482,46.07998046874991,190.0799804687499,604.806396484375,-150.2400878906251,88.79995117187491,44.14077148437491,-190.08001098632815,222.23994140624995,164.1728515625
1763686595.0457819,9,3,3,0.0919453276600743,0.1304472586853985,-0.4399346887808076,0.00605244995459987,0.00926404995934066,-0.0006163428373422114,84.48000488281241,-232.80002441406248,214.5089355468749,71.04000244140627,-96.96001281738279,105.31840820312482,50.87990722656241,182.8800292968749,573.83056640625,-152.6399902343751,86.40004882812491,44.14077148437491,-192.48000488281252,210.23994140624995,160.30078125
1763686595.1398325,9,3,3,0.09721534029052326,0.09262558328990625,-0.3978393136703471,0.004405812632292697,0.010885520110778592,-0.0003703009938622305,0,0,0,0,0,0,0,0,0,0,0,0,0,0,0
1763686595.248892,9,3,3,0.1668894111118316,0.10011179704113707,-0.44549810555160513,0.004676711513228225,0.006068353963518615,-0.000231885364164584,82.07998046874991,-215.99997558593748,199.0208984374999,61.44002685546877,-92.16000976562498,85.95854492187482,55.67995605468741,170.8800292968749,531.238525390625,-133.4400390625001,88.79995117187491,36.39675292968741,-173.28000793457034,193.44001464843745,144.812744140625
1763686595.327005,9,3,3,0.2398109552485259,0.0931548098641522,-0.38241919726167195,0.0038113923536799744,0.004412545671722532,-0.0007605631475290824,79.67995605468741,-206.39999999999998,187.4049316406249,66.24001464843752,-87.36000671386716,78.21440429687482,50.87990722656241,163.6799560546874,508.00634765625,-123.83994140625009,83.99990234374991,40.26882324218741,-168.48000488281252,183.84003906249995,133.19677734375
1763686595.517876,9,3,3,0.16954733122052562,0.00612074479792523,-0.26246476129471064,-0.00040204424669356494,0.0060048813616691505,-0.0004150154781126772,74.88002929687491,-182.39999999999998,171.9168945312499,66.24001464843752,-77.7600158691406,70.47026367187482,41.27993164062491,154.0799804687499,442.182373046875,-111.83994140625009,79.19985351562491,28.65285644531241,-154.07999572753909,164.63996582031245,129.32470703125
1763686595.7215166,9,3,3,0.1509960788217355,-0.0716528958175284,-0.20283156012084858,-0.0027144079227050537,0.006530619374958964,-0.0008658597894520909,72.48000488281241,-170.39999999999998,144.8128906249999,61.44002685546877,-70.56000366210935,66.59843749999982,38.87990722656241,137.2800537109374,411.20654296875,-104.63999023437509,76.79995117187491,17.03676757812491,-142.07999572753909,157.44001464843745,117.708740234375
1763686602.3161435,9,3,3,0.1614775433628251,-0.0386605416678341,-0.20192150638144465,-0.002568571733518923,0.0044554230785936195,0.0001480519573787396,31.67995605468741,-122.39999999999998,75.11684570312491,27.840020751953148,-48.96001281738279,12.390429687499818,38.87990722656241,65.28005371093741,248.58251953125,-51.83994140625009,62.40004882812491,13.164819335937409,-96.48000488281252,95.03999023437495,48.0126953125
1763686602.6267598,9,3,3,0.2010665494364352,-0.03379375400996023,-0.26780421140714533,-0.0018787524420865141,0.004309206600578839,-0.00018587165829503187,34.07998046874991,-127.19998779296873,78.98891601562491,30.240014648437523,-51.360006713867165,16.262255859374818,36.48000488281241,74.88002929687491,260.198486328125,-49.44003906250009,62.40004882812491,5.420800781249909,-96.48000488281252,99.84003906249995,48.0126953125
1763686602.7201002,9,3,3,0.23223839244624983,0.0042452099167406,-0.26605711130279047,-0.0008937570500427686,0.004609659356632119,-0.0001062064318034365,31.67995605468741,-127.19998779296873,82.86074218749991,27.840020751953148,-53.76000061035154,24.006396484374818,36.48000488281241,74.88002929687491,256.326416015625,-61.44003906250009,64.79995117187491,13.164819335937409,-101.27999267578127,99.84003906249995,59.62890625
1763686602.8156948,9,3,3,0.1726282153742818,-0.05159914819663336,-0.21583114533969466,-0.0015180052647539625,0.005412092369993991,-0.0001637643173068525,31.67995605468741,-124.79996337890623,86.73281249999991,35.04000244140627,-48.96001281738279,20.134326171874818,34.07998046874991,79.67995605468741,271.814453125,-59.04013671875009,67.19985351562491,13.164819335937409,-101.27999267578127,99.84003906249995,59.62890625
1763686603.126198,9,3,3,0.1718500239672685,-0.038696228281667945,-0.2674220002958881,-0.0014517117589550248,0.007100945801024479,-0.0004953864893253295,34.07998046874991,-131.99997558593748,86.73281249999991,30.240014648437523,-48.96001281738279,12.390429687499818,36.48000488281241,74.88002929687491,275.6865234375,-63.83994140625009,64.79995117187491,9.292749023437409,-101.27999267578127,104.63996582031245,59.62890625
1763686603.2191653,9,3,3,0.18102004788164724,0.009114761972785226,-0.2998075584008012,-0.0010520359230231221,0.006259294563244741,-4.055468745016975e-05,34.07998046874991,-131.99997558593748,86.73281249999991,30.240014648437523,-53.76000061035154,20.134326171874818,38.87990722656241,79.67995605468741,275.6865234375,-56.63999023437509,69.59999999999991,13.164819335937409,-101.27999267578127,104.63996582031245,51.884765625
1763686603.625487,9,3,3,0.2150109588778206,-0.005928410440924944,-0.2651168969025232,-0.0009930989609230143,0.00476662343217781,-0.0006525564717508344,36.48000488281241,-124.79996337890623,82.86074218749991,27.840020751953148,-48.96001281738279,20.134326171874818,31.67995605468741,74.88002929687491,264.070556640625,-59.04013671875009,62.40004882812491,9.292749023437409,-98.8799987792969,104.63996582031245,59.62890625
1763686603.720614,9,3,3,0.16756216036536492,-0.05027867739533866,-0.252799605565024,-0.0023722832968959616,0.0060970539008819834,-0.0004933685687711325,34.07998046874991,-127.19998779296873,82.86074218749991,30.240014648437523,-48.96001281738279,20.134326171874818,31.67995605468741,77.28005371093741,267.9423828125,-59.04013671875009,64.79995117187491,9.292749023437409,-101.27999267578127,102.23994140624995,55.7568359375
1763686603.82863,9,3,3,0.15640342369985236,-0.07553054796107629,-0.25165850611161744,-0.0020752636217719403,0.006482048994093468,-0.000332932899014337,38.88002929687491,-127.19998779296873,78.98891601562491,32.6400085449219,-46.56000366210935,20.134326171874818,36.48000488281241,82.07998046874991,267.9423828125,-59.04013671875009,67.19985351562491,17.03676757812491,-103.67998657226565,102.23994140624995,55.7568359375
1763686603.924203,9,3,3,0.19416310076795923,-0.0815183888978463,-0.3048378988684096,-0.002795462327734327,0.005018083881423021,-0.00043326427918509544,36.48000488281241,-124.79996337890623,75.11684570312491,35.04000244140627,-53.76000061035154,16.262255859374818,38.87990722656241,79.67995605468741,271.814453125,-59.04013671875009,64.79995117187491,13.164819335937409,-103.67998657226565,102.23994140624995,67.372802734375
1763686604.127086,9,3,3,0.21501290255612848,-0.05863466755133441,-0.2730036114354866,-0.0032540265705978044,0.0038912822350703072,-0.00026990785595555275,36.48000488281241,-124.79996337890623,86.73281249999991,30.240014648437523,-53.76000061035154,12.390429687499818,38.87990722656241,82.07998046874991,267.9423828125,-61.44003906250009,67.19985351562491,13.164819335937409,-96.48000488281252,99.84003906249995,51.884765625
1763686604.3290038,9,3,3,0.2521067412532953,-0.030309351565308625,-0.26770421107529857,-0.0016699080424709928,0.0030331712045644573,-0.0004203372786085763,36.48000488281241,-127.19998779296873,90.60488281249991,32.6400085449219,-53.76000061035154,16.262255859374818,34.07998046874991,84.48000488281241,271.814453125,-56.63999023437509,69.59999999999991,9.292749023437409,-106.08001098632815,104.63996582031245,63.500732421875
1763686604.4206774,9,3,3,0.24972272044073526,-0.03828943831916737,-0.36672469588601253,-0.0012558133239145908,0.0027681810273646077,-0.0002968795326226234,36.48000488281241,-127.19998779296873,90.60488281249991,32.6400085449219,-53.76000061035154,12.390429687499818,38.87990722656241,82.07998046874991,264.070556640625,-61.44003906250009,64.79995117187491,9.292749023437409,-103.67998657226565,99.84003906249995,55.7568359375
1763686604.4351938,9,3,3,0.24660348212978528,-0.042964747049714244,-0.42193292248523917,-0.00247052265073084,0.002481093034651505,0.00022572850867736902,38.88002929687491,-127.19998779296873,82.86074218749991,32.6400085449219,-53.76000061035154,16.262255859374818,36.48000488281241,84.48000488281241,264.070556640625,-56.63999023437509,67.19985351562491,9.292749023437409,-103.67998657226565,99.84003906249995,59.62890625
1763686604.8352017,9,3,3,0.26197759639140966,-0.003017161510784641,-0.2339421538302799,-0.0015895208354434068,0.0022876930471933737,-9.781526547884183e-05,36.48000488281241,-129.60001220703123,82.86074218749991,35.04000244140627,-53.76000061035154,12.390429687499818,36.48000488281241,79.67995605468741,264.070556640625,-56.63999023437509,64.79995117187491,17.03676757812491,-103.67998657226565,97.44001464843745,63.500732421875
1763686604.9187326,9,3,3,0.2741915287821381,-0.0382807423534736,-0.2547736844626601,-0.0027284112676874118,0.002080808523020699,-0.0004981583109654893,34.07998046874991,-129.60001220703123,86.73281249999991,27.840020751953148,-53.76000061035154,8.518359374999818,36.48000488281241,84.48000488281241,267.9423828125,-61.44003906250009,62.40004882812491,17.03676757812491,-101.27999267578127,95.03999023437495,55.7568359375
1763686605.2247913,9,3,3,0.24214506175996287,-0.01165609573175689,-0.2851261886462975,-0.001364471270508821,0.004704968381916075,-0.00011371094937347214,34.07998046874991,-127.19998779296873,86.73281249999991,25.439996337890648,-51.360006713867165,12.390429687499818,38.87990722656241,72.48000488281241,260.198486328125,-56.63999023437509,64.79995117187491,9.292749023437409,-96.48000488281252,99.84003906249995,51.884765625
1763686605.6161673,9,3,3,0.1741938336044302,-0.06783282867716234,-0.21941365605829255,-0.002174902077281109,0.006799393598416272,-0.00047891710970778434,29.27993164062491,-127.19998779296873,86.73281249999991,27.840020751953148,-51.360006713867165,20.134326171874818,34.07998046874991,72.48000488281241,256.326416015625,-56.63999023437509,69.59999999999991,9.292749023437409,-96.48000488281252,102.23994140624995,51.884765625
1763686605.8185918,9,3,3,0.14744084210340147,-0.011423781155382028,-0.23244695066290663,-0.0013781971949967703,0.006650821025538335,-0.00017220704157020503,29.27993164062491,-124.79996337890623,75.11684570312491,27.840020751953148,-48.96001281738279,16.262255859374818,34.07998046874991,70.07998046874991,252.454345703125,-54.24008789062509,62.40004882812491,13.164819335937409,-94.08001098632815,95.03999023437495,44.140869140625
1763686605.927833,9,3,3,0.14820440784745947,-0.03931354869727596,-0.2669834991935901,-0.0017793782764098567,0.0061716029887559625,-0.00018395710502451177,0,0,0,0,0,0,0,0,0,0,0,0,0,0,0
1763686612.3334975,9,3,3,0.20740628936831823,-0.017012388609858715,-0.3665575203182143,-0.001259149512480358,0.003966166476461908,1.4520774621358664e-05,0,0,0,0,0,0,0,0,0,0,0,0,0,0,0
1763686612.5290718,9,3,3,0.2046499167807856,-0.03556779812323992,-0.41852514011231257,-0.0011134877881769827,0.006238140917735164,-7.943771218972529e-05,34.07998046874991,-127.19998779296873,82.86074218749991,27.840020751953148,-56.16000976562498,16.262255859374818,38.87990722656241,74.88002929687491,267.9423828125,-61.44003906250009,62.40004882812491,9.292749023437409,-103.67998657226565,97.44001464843745,55.7568359375
1763686612.6207044,9,3,3,0.07842953767577465,0.028858255498451068,-0.4564322394528235,0.000897639871976998,0.006495233861112032,0.00014544057564424355,41.27993164062491,-134.39999999999998,94.47695312499991,35.04000244140627,-56.16000976562498,24.006396484374818,36.48000488281241,89.28005371093741,291.174560546875,-66.24008789062509,64.79995117187491,20.90883789062491,-108.48000488281252,109.44001464843745,59.62890625
1763686612.8231487,9,3,3,0.14936862575008888,0.04899802900205409,-0.6059512173589727,0.0021720503558449304,0.00730098026541769,-0.0007643803529120304,53.27993164062491,-148.79996337890623,117.70888671874991,49.44002685546877,-56.16000976562498,43.36625976562482,38.87990722656241,108.48000488281241,345.38232421875,-83.04013671875009,67.19985351562491,20.90883789062491,-120.48000488281252,123.84003906249995,82.86083984375
1763686612.932043,9,3,3,0.06020019783003022,0.04866099409117236,-0.7975876204082797,0.000555854084964294,0.011481394065156246,-0.0006039095808231889,53.27993164062491,-158.39999999999998,125.45278320312491,51.84002075195315,-65.76000061035154,47.23833007812482,36.48000488281241,120.48000488281241,364.742431640625,-92.63999023437509,64.79995117187491,20.90883789062491,-127.68000183105471,138.23994140624995,98.348876953125
1763686613.026037,9,3,3,0.06704277290036982,0.0019526167520769397,-0.8076473210819104,0.0023582651463476606,0.01136613047674509,-0.0005174007959361613,70.07998046874991,-160.79996337890623,140.9408203124999,61.44002685546877,-63.360006713867165,58.85429687499982,38.87990722656241,134.8800292968749,387.974365234375,-102.24008789062509,64.79995117187491,13.164819335937409,-134.8799987792969,147.84003906249995,113.8369140625
1763686613.1193223,9,3,3,0.050049667755558885,0.019004955504971492,-1.0614104090166983,0.0022613799952463437,0.012309263635035988,0.0002503336267187005,72.48000488281241,-165.60001220703123,144.8128906249999,61.44002685546877,-68.16000976562498,58.85429687499982,36.48000488281241,142.0799804687499,403.46240234375,-102.24008789062509,69.59999999999991,17.03676757812491,-137.28000793457034,147.84003906249995,117.708740234375
1763686613.1938884,9,3,3,0.05421827302765657,0.01978761286342911,-0.9966495463124031,0.001447832169227594,0.011802287374702262,3.516101722986502e-05,77.27993164062491,-175.19998779296873,156.4288574218749,66.24001464843752,-68.16000976562498,78.21440429687482,36.48000488281241,149.2800537109374,422.822509765625,-104.63999023437509,69.59999999999991,28.65285644531241,-144.48000488281252,157.44001464843745,125.452880859375
1763686613.322457,9,3,3,-0.021529758474029673,0.03277235969514362,-1.1366484596009943,0.0006014973386193993,0.01757558463467827,-0.0003307220228518768,77.27993164062491,-175.19998779296873,160.3009277343749,71.04000244140627,-65.76000061035154,74.34233398437482,41.27993164062491,156.4800048828124,430.56640625,-114.24008789062509,67.19985351562491,20.90883789062491,-146.8799987792969,159.84003906249995,129.32470703125
1763686613.4325237,9,3,3,-0.006008253692759902,0.020201118788904383,-1.117673050085196,0.001039298369133104,0.01585456262761282,0.00022588228145116205,77.27993164062491,-177.60001220703123,160.3009277343749,63.84002075195315,-70.56000366210935,74.34233398437482,43.67995605468741,156.4800048828124,426.6943359375,-109.44003906250009,74.40004882812491,17.03676757812491,-146.8799987792969,159.84003906249995,125.452880859375
1763686613.6296806,9,3,3,0.08860164565905451,0.020415500312385575,-0.9805656657254742,0.0014610230600904572,0.011324129879836614,-0.00019393093996335821,77.27993164062491,-175.19998779296873,160.3009277343749,63.84002075195315,-72.96001281738279,62.72636718749982,41.27993164062491,151.6799560546874,418.950439453125,-107.04013671875009,69.59999999999991,20.90883789062491,-146.8799987792969,155.03999023437495,125.452880859375
1763686613.6611958,9,3,3,0.09152145809752762,0.056073569048655014,-0.9994603333220651,0.0010587752909192976,0.012037314145687508,-0.0005963403086558429,79.67995605468741,-175.19998779296873,156.4288574218749,66.24001464843752,-70.56000366210935,62.72636718749982,41.27993164062491,156.4800048828124,426.6943359375,-109.44003906250009,69.59999999999991,17.03676757812491,-146.8799987792969,147.84003906249995,129.32470703125
1763686613.818281,9,3,3,0.09183755260204597,0.0022489728792465837,-0.9831715807278013,0.0006485486373963915,0.010723572146856528,-0.00011878543023101205,79.67995605468741,-167.99997558593748,152.5567871093749,63.84002075195315,-68.16000976562498,58.85429687499982,34.07998046874991,146.8800292968749,415.078369140625,-104.63999023437509,71.99990234374991,17.03676757812491,-139.6800018310547,152.63996582031245,121.580810546875
1763686613.8627613,9,3,3,0.08452727236908479,0.013850918717500712,-1.0017686103866066,0.00039902232947148125,0.011523387319495499,0.00010722490876852425,79.67995605468741,-175.19998779296873,148.6849609374999,59.04000244140627,-70.56000366210935,66.59843749999982,36.48000488281241,149.2800537109374,415.078369140625,-107.04013671875009,69.59999999999991,13.164819335937409,-144.48000488281252,150.23994140624995,121.580810546875
1763686614.0192294,9,3,3,0.07841819089592982,0.04666796666060089,-0.9523331469023337,0.00017227087080536388,0.01185282710855544,4.293324490205517e-05,79.67995605468741,-167.99997558593748,148.6849609374999,63.84002075195315,-70.56000366210935,66.59843749999982,34.07998046874991,154.0799804687499,407.33447265625,-111.83994140625009,67.19985351562491,13.164819335937409,-146.8799987792969,150.23994140624995,113.8369140625
1763686614.1281924,9,3,3,0.019900184275024286,-0.01830572669093762,-1.0241371736316796,-0.0010922144624211393,0.014780048039525246,-0.00029429191905397503,79.67995605468741,-167.99997558593748,144.8128906249999,66.24001464843752,-63.360006713867165,66.59843749999982,31.67995605468741,154.0799804687499,407.33447265625,-107.04013671875009,64.79995117187491,13.164819335937409,-142.07999572753909,152.63996582031245,129.32470703125
1763686614.3306541,9,3,3,0.05548100462642572,-0.015926007090298774,-0.8909378987060056,-0.0011810055660024217,0.013827620720426963,-1.3167384378561658e-05,74.88002929687491,-167.99997558593748,148.6849609374999,61.44002685546877,-60.96001281738279,66.59843749999982,29.27993164062491,151.6799560546874,407.33447265625,-109.44003906250009,64.79995117187491,9.292749023437409,-139.6800018310547,150.23994140624995,121.580810546875
1763686614.624766,9,3,3,0.03593729103368794,-0.04055516346942975,-0.9122984304323635,-0.002733390936881091,0.013599857046252755,-0.00010354459499184302,77.27993164062491,-165.60001220703123,144.8128906249999,66.24001464843752,-65.76000061035154,70.47026367187482,31.67995605468741,156.4800048828124,403.46240234375,-109.44003906250009,64.79995117187491,9.292749023437409,-139.6800018310547,150.23994140624995,121.580810546875
1763686614.8277454,9,3,3,0.09112710194504697,0.008676443487411055,-0.9580426966968032,-0.001152296032569722,0.012292687997700053,-0.00011789251868802962,79.67995605468741,-167.99997558593748,144.8128906249999,66.24001464843752,-68.16000976562498,74.34233398437482,36.48000488281241,151.6799560546874,403.46240234375,-109.44003906250009,69.59999999999991,9.292749023437409,-139.6800018310547,150.23994140624995,125.452880859375
1763686614.921373,9,3,3,0.07522237248087396,-0.02389837280436173,-0.859046820316756,-0.0017372033704739576,0.013002854869168221,-0.0003165249184412096,79.67995605468741,-165.60001220703123,148.6849609374999,68.6400085449219,-65.76000061035154,62.72636718749982,34.07998046874991,149.2800537109374,403.46240234375,-104.63999023437509,69.59999999999991,13.164819335937409,-142.07999572753909,152.63996582031245,129.32470703125
1763686615.0289636,9,3,3,0.05696217983190748,0.00938354622582152,-0.9397882346912083,-0.0011463097142969977,0.012401781471176508,-0.00011119727247078245,79.67995605468741,-165.60001220703123,152.5567871093749,61.44002685546877,-65.76000061035154,62.72636718749982,31.67995605468741,154.0799804687499,407.33447265625,-111.83994140625009,69.59999999999991,17.03676757812491,-142.07999572753909,147.84003906249995,129.32470703125
1763686615.2315528,9,3,3,0.05658840332691632,-0.029794976639189213,-1.0421801875290067,-0.0014874414830375088,0.01239056301912852,0.00024508875232813276,79.67995605468741,-165.60001220703123,152.5567871093749,66.24001464843752,-63.360006713867165,58.85429687499982,31.67995605468741,154.0799804687499,407.33447265625,-104.63999023437509,64.79995117187491,13.164819335937409,-142.07999572753909,147.84003906249995,121.580810546875
1763686615.3249643,9,3,3,0.07237991972578345,-0.038924842343544507,-0.9234184885618402,-0.0011924462848171976,0.01209176062258614,-2.3276545168280283e-05,74.88002929687491,-165.60001220703123,144.8128906249999,68.6400085449219,-60.96001281738279,62.72636718749982,29.27993164062491,151.6799560546874,415.078369140625,-104.63999023437509,69.59999999999991,13.164819335937409,-142.07999572753909,150.23994140624995,121.580810546875
1763686615.4205544,9,3,3,0.05791516193016425,-0.03444273556793582,-0.8759142860449116,-0.0018297821022381447,0.013335711472574696,-0.00016549576340592527,79.67995605468741,-170.39999999999998,152.5567871093749,66.24001464843752,-65.76000061035154,66.59843749999982,36.48000488281241,149.2800537109374,407.33447265625,-102.24008789062509,67.19985351562491,17.03676757812491,-144.48000488281252,150.23994140624995,121.580810546875
1763686615.7189496,9,3,3,0.030921066357417287,0.011973324135133264,-0.9895312491253323,-0.0011584400678672762,0.013186072020209523,-0.00044165909640473815,79.67995605468741,-172.79996337890623,148.6849609374999,68.6400085449219,-68.16000976562498,62.72636718749982,29.27993164062491,149.2800537109374,418.950439453125,-102.24008789062509,67.19985351562491,13.164819335937409,-146.8799987792969,155.03999023437495,121.580810546875
1763686616.3259935,9,3,3,0.08432638573140686,-0.07750797334942264,-0.5420003652278413,-0.0035475323394896117,0.008542432809657842,-0.0002856944692445079,60.48000488281241,-141.60001220703123,113.83681640624991,54.24001464843752,-56.16000976562498,43.36625976562482,34.07998046874991,120.48000488281241,318.278564453125,-78.24008789062509,64.79995117187491,9.292749023437409,-120.48000488281252,121.44001464843745,90.604736328125
1763686616.4213986,9,3,3,0.125562728484267,-0.07823110052078266,-0.37180938536443187,-0.0029894361576794635,0.007191371388604707,-0.0006138317791183527,58.07998046874991,-131.99997558593748,102.22084960937491,44.6400085449219,-51.360006713867165,35.62236328124982,29.27993164062491,108.48000488281241,306.662353515625,-78.24008789062509,62.40004882812491,9.292749023437409,-115.67998657226565,114.23994140624995,78.98876953125
1763686616.528396,9,3,3,0.1546034334999309,-0.025044815560906375,-0.4374640803056386,-0.0015689282924941843,0.008811561583711491,-0.000166456025289739,41.27993164062491,-124.79996337890623,86.73281249999991,39.84002075195315,-48.96001281738279,31.750292968749818,36.48000488281241,91.67995605468741,291.174560546875,-68.63999023437509,64.79995117187491,9.292749023437409,-106.08001098632815,104.63996582031245,63.500732421875
1763686616.6343694,9,3,3,0.18416651242819304,-0.02809223286681034,-0.3361848747867529,-0.002032028339509209,0.005472051385593992,-0.00013293685709400704,41.27993164062491,-122.39999999999998,86.73281249999991,39.84002075195315,-46.56000366210935,24.006396484374818,34.07998046874991,86.88002929687491,267.9423828125,-61.44003906250009,57.59999999999991,9.292749023437409,-98.8799987792969,102.23994140624995,75.11669921875
1763686622.039693,9,3,3,0.19729360603801196,-0.18645207700215471,-0.20847612558561873,-0.004273885850652629,0.003871482573085237,-8.362543922148464e-05,10.079980468749909,-93.60001220703123,32.52480468749991,11.040002441406273,-32.16000976562498,-22.457714843750182,29.27993164062491,26.88002929687491,155.654541015625,-25.44003906250009,67.19985351562491,1.548852539062409,-74.8799987792969,59.039990234374955,17.036865234375
1763686622.431738,9,3,3,0.2602667065662927,-0.009063426369537456,-0.3528997869295325,-0.0015221539241847008,0.003882965009170192,-0.000139119318600284,29.27993164062491,-117.60001220703123,63.50087890624991,30.240014648437523,-46.56000366210935,8.518359374999818,31.67995605468741,65.28005371093741,236.966552734375,-49.44003906250009,62.40004882812491,1.548852539062409,-89.27999267578127,90.23994140624995,44.140869140625
1763686622.724552,9,3,3,0.18280320402823386,0.0753405693453002,-0.45990549463957103,0.0009372192610159875,0.006159582206626288,-0.0006421764833605139,48.48000488281241,-136.79996337890623,94.47695312499991,44.6400085449219,-58.56000366210935,27.878466796874818,38.87990722656241,96.48000488281241,310.534423828125,-68.63999023437509,64.79995117187491,17.03676757812491,-108.48000488281252,109.44001464843745,78.98876953125
1763686622.8306425,9,3,3,0.14597885985969924,0.03318008424821509,-0.6959302790044017,0.0008618803723059665,0.007381876301604553,0.0001373626504486983,55.67995605468741,-143.99997558593748,113.83681640624991,47.04000244140627,-53.76000061035154,39.49443359374982,36.48000488281241,110.88002929687491,333.766357421875,-75.83994140625009,62.40004882812491,17.03676757812491,-120.48000488281252,121.44001464843745,90.604736328125
1763686622.9246778,9,3,3,0.08811249241755897,0.030030388673676914,-0.7660060576010075,0.0001181882672801715,0.009730885586425648,0.00026655811502158445,58.07998046874991,-153.60001220703123,117.70888671874991,54.24001464843752,-65.76000061035154,43.36625976562482,34.07998046874991,120.48000488281241,349.25439453125,-83.04013671875009,64.79995117187491,20.90883789062491,-125.27999267578127,128.63996582031245,90.604736328125
1763686622.9682143,9,3,3,0.11375993499778053,0.03491569821394895,-0.816902845503827,0.00014021513172899204,0.009508189208072606,-6.487374258049163e-05,60.48000488281241,-155.99997558593748,129.3248535156249,54.24001464843752,-60.96001281738279,47.23833007812482,38.87990722656241,118.07998046874991,360.870361328125,-90.24008789062509,64.79995117187491,17.03676757812491,-127.68000183105471,133.44001464843745,98.348876953125
1763686623.124779,9,3,3,0.10230111327732651,0.046252328590083075,-0.97905487342855,0.0023359097123024242,0.012338591978594129,-0.00019168719820157864,74.88002929687491,-160.79996337890623,137.0687499999999,61.44002685546877,-68.16000976562498,58.85429687499982,38.87990722656241,142.0799804687499,407.33447265625,-99.83994140625009,67.19985351562491,20.90883789062491,-142.07999572753909,145.44001464843745,117.708740234375
1763686623.1686914,9,3,3,0.10329331033640456,0.05908425575307345,-1.0970143867542774,0.0022559676949480906,0.011649800779063902,0.0003118145859064824,77.27993164062491,-167.99997558593748,140.9408203124999,68.6400085449219,-65.76000061035154,70.47026367187482,36.48000488281241,144.4800048828124,403.46240234375,-104.63999023437509,71.99990234374991,13.164819335937409,-137.28000793457034,147.84003906249995,125.452880859375
1763686623.3259053,9,3,3,-0.03271041604210533,0.03228166194731284,-1.099150754662395,0.0012884186945278536,0.016750302995221927,-0.00023622202534886332,0,0,0,0,0,0,0,0,0,0,0,0,0,0,0
1763686623.4352424,9,3,3,0.01790615859236875,0.09407842577308503,-1.2577625953376983,0.003943151673684874,0.015113007749796072,-0.0004437123793353805,94.07998046874991,-191.99997558593748,175.7889648437499,78.24001464843752,-77.7600158691406,78.21440429687482,36.48000488281241,175.6799560546874,473.158447265625,-126.24008789062509,74.40004882812491,17.03676757812491,-161.28000793457034,171.84003906249995,144.812744140625
1763686623.528038,9,3,3,-0.03841884228721375,0.0922893370017086,-1.4464625381563072,0.002842384073392606,0.017055017468889877,-0.00035867064029916266,96.48000488281241,-203.99997558593748,191.2767578124999,80.6400085449219,-82.56000366210935,85.95854492187482,38.87990722656241,190.0799804687499,504.134521484375,-133.4400390625001,76.79995117187491,17.03676757812491,-170.8799987792969,183.84003906249995,160.30078125
1763686623.926532,9,3,3,-0.0959802914814357,0.07426427107874269,-1.9357733016223138,0.0031667692712645246,0.02237006885506017,-0.0002944178280347566,134.8800292968749,-251.99997558593748,253.2289062499999,109.44002685546877,-99.36000671386716,124.67827148437482,38.87990722656241,254.8800292968749,651.2705078125,-176.6399902343751,86.40004882812491,24.78078613281241,-218.8799987792969,239.03999023437495,214.5087890625
1763686624.0245867,9,3,3,-0.238289033582315,0.09414426401253587,-2.263409176900409,0.00420665992176299,0.023945032808199734,-0.00025116732246245436,139.6799560546874,-261.6000122070312,264.8448730468749,109.44002685546877,-104.16000976562498,128.55034179687482,43.67995605468741,269.2799316406249,686.118408203125,-186.2400878906251,88.79995117187491,32.52480468749991,-228.48000488281252,246.23994140624995,218.380859375
1763686624.2263105,9,3,3,-0.21300388721606173,0.07798640046104795,-2.184320480791895,0.00391365007285417,0.026447923609917146,-0.00014417565831659825,144.4800048828124,-268.8000244140625,272.5887695312499,109.44002685546877,-106.56000366210935,132.42241210937482,43.67995605468741,271.6800781249999,701.6064453125,-186.2400878906251,88.79995117187491,32.52480468749991,-233.28000793457034,253.44001464843745,226.124755859375
1763686624.2810442,9,3,3,-0.22185734921587613,0.10177783337811268,-2.3694166331766575,0.004058899575006922,0.02686762716931471,0.0003356648281513171,142.0799804687499,-266.4,272.5887695312499,107.04000244140627,-104.16000976562498,132.42241210937482,50.87990722656241,266.8800292968749,693.862548828125,-183.8399414062501,93.59999999999991,24.78078613281241,-230.8799987792969,246.23994140624995,222.2529296875
1763686624.4257948,9,3,3,-0.12238116595020035,0.14509275724927545,-2.1440510664759223,0.005683351656042859,0.022790723746702754,-0.000520170305058105,144.4800048828124,-266.4,272.5887695312499,109.44002685546877,-108.96001281738279,128.55034179687482,48.48000488281241,266.8800292968749,689.990478515625,-186.2400878906251,93.59999999999991,32.52480468749991,-230.8799987792969,246.23994140624995,218.380859375
1763686624.5328333,9,3,3,-0.10559866079043671,0.15892524677404088,-2.1937858889127746,0.005973041078134289,0.021792121426377552,9.07528257314597e-06,142.0799804687499,-266.4,264.8448730468749,109.44002685546877,-108.96001281738279,120.80620117187482,50.87990722656241,266.8800292968749,689.990478515625,-183.8399414062501,88.79995117187491,36.39675292968741,-233.28000793457034,246.23994140624995,226.124755859375
1763686624.6258037,9,3,3,-0.0924171205276206,0.0948222320334548,-2.0646160692878417,0.004485565843099129,0.021309531518761297,-0.00010219401457768531,142.0799804687499,-266.4,268.7169433593749,109.44002685546877,-111.36000671386716,120.80620117187482,48.48000488281241,264.4801269531249,682.246337890625,-183.8399414062501,91.19985351562491,28.65285644531241,-230.8799987792969,243.84003906249995,222.2529296875
1763686624.6540897,9,3,3,-0.10462902582623389,0.13896253123309973,-2.00967941895181,0.005696068674533136,0.021712388872820492,-8.100205075144888e-05,139.6799560546874,-268.8000244140625,272.5887695312499,109.44002685546877,-111.36000671386716,124.67827148437482,46.07998046874991,264.4801269531249,693.862548828125,-191.0401367187501,93.59999999999991,32.52480468749991,-228.48000488281252,246.23994140624995,226.124755859375
1763686624.8305113,9,3,3,-0.0903688251747988,0.11471311147903795,-2.107996491969516,0.006153027530004762,0.020468012494395702,-0.00011234832169208309,139.6799560546874,-268.8000244140625,268.7169433593749,109.44002685546877,-113.7600158691406,128.55034179687482,46.07998046874991,264.4801269531249,689.990478515625,-183.8399414062501,91.19985351562491,20.90883789062491,-235.6800018310547,243.84003906249995,222.2529296875
1763686624.9260702,9,3,3,-0.10269023727113975,0.15231132045236684,-2.076746683140633,0.005453853507478757,0.020747689593788372,-0.00026378058843073515,142.0799804687499,-263.9999755859375,268.7169433593749,109.44002685546877,-111.36000671386716,120.80620117187482,48.48000488281241,262.0799804687499,689.990478515625,-183.8399414062501,93.59999999999991,20.90883789062491,-228.48000488281252,246.23994140624995,226.124755859375
1763686625.01627,9,3,3,-0.09141232532927165,0.12678000682757692,-2.1992628739951527,0.004558413184779432,0.02080224862623314,0.0005507381263164539,139.6799560546874,-271.1999877929687,264.8448730468749,107.04000244140627,-106.56000366210935,124.67827148437482,48.48000488281241,266.8800292968749,686.118408203125,-183.8399414062501,91.19985351562491,28.65285644531241,-230.8799987792969,248.63996582031245,222.2529296875
1763686625.1295846,9,3,3,-0.12739311554113358,0.13906615444563664,-2.009062766246234,0.0051979410910517835,0.020498505063847355,-0.00023947797494309163,142.0799804687499,-266.4,268.7169433593749,111.84002075195315,-108.96001281738279,124.67827148437482,46.07998046874991,262.0799804687499,686.118408203125,-186.2400878906251,91.19985351562491,32.52480468749991,-230.8799987792969,246.23994140624995,218.380859375
1763686625.223495,9,3,3,-0.10270455895681231,0.1225989211531349,-1.976871370972611,0.005247919706679552,0.020758259672049487,8.156470900068553e-06,0,0,0,0,0,0,0,0,0,0,0,0,0,0,0
1763686625.3306434,9,3,3,-0.09303787103775416,0.10098622294357512,-1.9269532896740065,0.004927045062251812,0.01983840061276878,-5.1954128754491116e-05,142.0799804687499,-266.4,268.7169433593749,109.44002685546877,-111.36000671386716,116.93413085937482,48.48000488281241,262.0799804687499,693.862548828125,-183.8399414062501,86.40004882812491,32.52480468749991,-228.48000488281252,241.44001464843745,222.2529296875
1763686625.5330973,9,3,3,-0.04236908652353254,0.149741285178369,-2.0282166616246116,0.005472856501900989,0.01966804566651421,6.602380342711874e-05,137.2799316406249,-266.4,257.1007324218749,109.44002685546877,-108.96001281738279,124.67827148437482,50.87990722656241,266.8800292968749,686.118408203125,-183.8399414062501,86.40004882812491,28.65285644531241,-228.48000488281252,241.44001464843745,226.124755859375
1763686625.6266804,9,3,3,-0.09134402403416779,0.1123064967304712,-1.9951970761178126,0.004674063067000411,0.019430746597236998,0.00023419588896493506,137.2799316406249,-266.4,264.8448730468749,107.04000244140627,-106.56000366210935,124.67827148437482,48.48000488281241,266.8800292968749,689.990478515625,-183.8399414062501,91.19985351562491,24.78078613281241,-228.48000488281252,243.84003906249995,218.380859375
1763686625.670216,9,3,3,-0.10009143026989563,0.11473538509488891,-1.944629200369294,0.0046948262960215875,0.020077714721418057,-6.040000998529401e-05,142.0799804687499,-263.9999755859375,268.7169433593749,104.6400085449219,-108.96001281738279,124.67827148437482,41.27993164062491,262.0799804687499,693.862548828125,-181.4400390625001,88.79995117187491,32.52480468749991,-226.08001098632815,243.84003906249995,226.124755859375
1763686625.7620661,9,3,3,-0.09204731163908578,0.08881957533944095,-2.0807586008673145,0.00444411993824352,0.020366797725227943,4.8538657025650996e-05,142.0799804687499,-271.1999877929687,264.8448730468749,107.04000244140627,-108.96001281738279,120.80620117187482,53.27993164062491,264.4801269531249,693.862548828125,-188.6399902343751,95.99990234374991,28.65285644531241,-228.48000488281252,243.84003906249995,222.2529296875
1763686625.8402758,9,3,3,-0.08769235526891238,0.09605894245088313,-1.9418522042921007,0.005554977599700013,0.019988178858179387,2.4087598523212764e-05,142.0799804687499,-266.4,257.1007324218749,111.84002075195315,-111.36000671386716,116.93413085937482,48.48000488281241,262.0799804687499,689.990478515625,-181.4400390625001,91.19985351562491,24.78078613281241,-228.48000488281252,243.84003906249995,222.2529296875
1763686625.9500973,9,3,3,-0.07500290960347941,0.13985003272487556,-1.9605008131356314,0.005059058332673914,0.01977265532293265,-0.00045779977340383734,137.2799316406249,-266.4,264.8448730468749,109.44002685546877,-111.36000671386716,124.67827148437482,48.48000488281241,266.8800292968749,689.990478515625,-183.8399414062501,91.19985351562491,28.65285644531241,-230.8799987792969,243.84003906249995,226.124755859375
1763686626.043522,9,3,3,-0.06367132217187461,0.08485836160209925,-1.9650786082424245,0.003944380320368627,0.01966534770520601,-0.0003031955306215087,142.0799804687499,-268.8000244140625,260.9728027343749,107.04000244140627,-108.96001281738279,120.80620117187482,48.48000488281241,264.4801269531249,686.118408203125,-179.0401367187501,91.19985351562491,40.26882324218741,-230.8799987792969,248.63996582031245,218.380859375
1763686626.1376195,9,3,3,-0.047803741339524614,0.13391826560389541,-1.9297960082054413,0.004695873939608745,0.019719633194461444,-0.00013532926404076604,142.0799804687499,-268.8000244140625,264.8448730468749,107.04000244140627,-111.36000671386716,116.93413085937482,50.87990722656241,264.4801269531249,693.862548828125,-183.8399414062501,91.19985351562491,32.52480468749991,-233.28000793457034,251.03999023437495,218.380859375
1763686626.232906,9,3,3,-0.07416258603318815,0.13930262698582557,-1.8942544241300938,0.004911958743860262,0.019860621013051194,-0.00020016905539699888,142.0799804687499,-271.1999877929687,260.9728027343749,114.24001464843752,-106.56000366210935,124.67827148437482,48.48000488281241,264.4801269531249,686.118408203125,-181.4400390625001,86.40004882812491,32.52480468749991,-228.48000488281252,246.23994140624995,226.124755859375
1763686626.3276467,9,3,3,-0.046911254075405466,0.11575076338433588,-1.913441371329851,0.004385704937366962,0.019246672289834437,-0.00028572025605470375,142.0799804687499,-268.8000244140625,264.8448730468749,109.44002685546877,-111.36000671386716,120.80620117187482,46.07998046874991,269.2799316406249,686.118408203125,-183.8399414062501,91.19985351562491,36.39675292968741,-228.48000488281252,243.84003906249995,222.2529296875
1763686626.5291035,9,3,3,-0.05738245063692175,0.08170165284168107,-2.013727401181984,0.004413063549773417,0.01933223631327386,-0.00024017394661519638,142.0799804687499,-268.8000244140625,260.9728027343749,109.44002685546877,-108.96001281738279,116.93413085937482,50.87990722656241,264.4801269531249,689.990478515625,-181.4400390625001,93.59999999999991,32.52480468749991,-226.08001098632815,248.63996582031245,222.2529296875
1763686626.5869699,9,3,3,-0.05044491158862354,0.07564624051115404,-1.9463368272612358,0.004725527568003854,0.019656224598797012,9.85595595224611e-05,139.6799560546874,-261.6000122070312,260.9728027343749,104.6400085449219,-113.7600158691406,113.06254882812482,48.48000488281241,264.4801269531249,674.50244140625,-179.0401367187501,88.79995117187491,28.65285644531241,-228.48000488281252,241.44001464843745,218.380859375
1763686626.6809576,9,3,3,-0.03929510809615998,0.11564755647081162,-1.8608397177194123,0.004750314040551576,0.018068505716863168,-0.0001874485486131949,132.4800048828124,-259.1999877929687,249.3568359374999,99.84002075195315,-106.56000366210935,116.93413085937482,43.67995605468741,252.4801269531249,651.2705078125,-171.8399414062501,88.79995117187491,28.65285644531241,-221.28000793457034,229.44001464843745,210.63671875
1763686626.8244386,9,3,3,0.07564454860608688,0.1563675577045559,-1.4557038153323822,0.005090745924841841,0.012913573710843876,-0.0004375000861930109,0,0,0,0,0,0,0,0,0,0,0,0,0,0,0
1763686626.8685122,9,3,3,0.06454975511478311,0.11361429162474845,-1.5047098711912605,0.005231236897174452,0.012734186412944031,-0.00045061378934103697,120.48000488281241,-232.80002441406248,222.2528320312499,92.6400085449219,-94.56000366210935,105.31840820312482,46.07998046874991,221.2799316406249,585.446533203125,-157.4400390625001,83.99990234374991,28.65285644531241,-197.28000793457034,205.44001464843745,191.27685546875
1763686626.9630952,9,3,3,0.050709116828365375,0.07481363170175168,-1.3846007719222497,0.0020746788480174244,0.015534993511150704,-0.0002610335794957679,106.07998046874991,-215.99997558593748,202.8929687499999,90.24001464843752,-92.16000976562498,93.70219726562482,43.67995605468741,211.6800781249999,535.1103515625,-143.0401367187501,76.79995117187491,20.90883789062491,-182.8799987792969,193.44001464843745,171.916748046875
1763686627.0716558,9,3,3,0.09573381175674422,0.09444980623844351,-1.1459887628600964,0.002349133337904271,0.011430789372509763,-0.000255662888977253,98.88002929687491,-203.99997558593748,183.5328613281249,78.24001464843752,-84.96001281738279,78.21440429687482,38.87990722656241,187.6799560546874,500.262451171875,-126.24008789062509,76.79995117187491,24.78078613281241,-168.48000488281252,179.03999023437495,156.4287109375
1763686627.2298944,9,3,3,0.06260713262910833,-0.029999867747657703,-0.7145849688101338,-0.00035962777674408654,0.008843378838704759,-0.00010285464170536364,79.67995605468741,-172.79996337890623,152.5567871093749,68.6400085449219,-75.36000671386716,62.72636718749982,38.87990722656241,163.6799560546874,418.950439453125,-109.44003906250009,67.19985351562491,20.90883789062491,-144.48000488281252,150.23994140624995,125.452880859375
1763686627.3224115,9,3,3,0.21435370518665478,0.031044455445139285,-0.6029309704976329,-0.000773577410288794,0.0056487109420412015,0.00047559354511343796,84.48000488281241,-158.39999999999998,137.0687499999999,68.6400085449219,-68.16000976562498,62.72636718749982,36.48000488281241,151.6799560546874,384.1025390625,-95.04013671875009,67.19985351562491,5.420800781249909,-137.28000793457034,140.63996582031245,129.32470703125
1763686627.365995,9,3,3,0.2207364635858659,0.03554407601298678,-0.48262922642925415,-0.00021503627202744836,0.005720275270526962,-0.00026122647055578133,72.48000488281241,-155.99997558593748,129.3248535156249,66.24001464843752,-63.360006713867165,54.98247070312482,36.48000488281241,142.0799804687499,376.3583984375,-90.24008789062509,64.79995117187491,9.292749023437409,-134.8799987792969,140.63996582031245,109.96484375
1763686627.4594216,9,3,3,0.27515915107250144,-0.24656585379817592,-0.4501330409092157,-0.0038714450232514783,0.008626870353345214,-0.0004750031715422718,67.67995605468741,-151.19998779296873,125.45278320312491,56.6400085449219,-56.16000976562498,47.23833007812482,29.27993164062491,132.4800048828124,349.25439453125,-90.24008789062509,59.99990234374991,5.420800781249909,-125.27999267578127,131.03999023437495,106.0927734375
1763686627.537608,9,3,3,0.3207566491487856,-0.007604003013868918,-0.35241019614381375,-2.627007425534851e-06,0.005909500052614266,0.0001804179441280379,0,0,0,0,0,0,0,0,0,0,0,0,0,0,0
1763686627.6439698,9,3,3,0.3207176103138814,-0.2081284154658959,-0.3635413023286379,-0.0036567559830292065,0.004774887454251729,-0.00036943302497480734,58.07998046874991,-131.99997558593748,106.09291992187491,47.04000244140627,-53.76000061035154,39.49443359374982,34.07998046874991,108.48000488281241,306.662353515625,-78.24008789062509,57.59999999999991,9.292749023437409,-115.67998657226565,116.63996582031245,90.604736328125
1763686633.2557096,9,3,3,0.18873172108002234,-0.034328539905336644,-0.20343522189380628,-0.002876964486746324,0.004222411286073136,-0.00040169230184320835,5.279931640624909,-93.60001220703123,24.78090820312491,13.439996337890648,-29.76000061035154,-22.457714843750182,26.87990722656241,17.28005371093741,144.038330078125,-20.63999023437509,74.40004882812491,-2.323217773437591,-74.8799987792969,56.639965820312455,13.164794921875
1763686634.0321329,9,3,3,0.2227639699205518,-0.051205458764009434,-0.29220754397281967,-0.003209205533528864,0.005690282780550538,-4.232108090656433e-05,34.07998046874991,-127.19998779296873,71.24477539062491,30.240014648437523,-46.56000366210935,16.262255859374818,31.67995605468741,79.67995605468741,252.454345703125,-59.04013671875009,59.99990234374991,13.164819335937409,-96.48000488281252,92.63996582031245,63.500732421875
1763686634.2352648,9,3,3,0.23182379490880256,0.02038038359914668,-0.5617314076615348,0.0009909725247352209,0.004889116716638434,-0.00020494219090033043,50.88002929687491,-139.19998779296873,98.34877929687491,42.24001464843752,-56.16000976562498,27.878466796874818,34.07998046874991,106.07998046874991,310.534423828125,-73.44003906250009,62.40004882812491,9.292749023437409,-115.67998657226565,114.23994140624995,86.73291015625
1763686634.2638776,9,3,3,0.22391800767098718,-0.015296304651967088,-0.4447043791217814,0.000550647051832666,0.005073052663672119,-0.0007872999319653266,55.67995605468741,-141.60001220703123,102.22084960937491,49.44002685546877,-53.76000061035154,39.49443359374982,36.48000488281241,108.48000488281241,318.278564453125,-75.83994140625009,59.99990234374991,13.164819335937409,-118.08001098632815,114.23994140624995,82.86083984375
1763686634.3573766,9,3,3,0.13679584798765673,-0.00461917861160225,-0.7138263253282651,0.0005303000714823069,0.008215974605877805,-0.0002578323864782503,55.67995605468741,-143.99997558593748,113.83681640624991,49.44002685546877,-60.96001281738279,39.49443359374982,36.48000488281241,125.28005371093741,337.638427734375,-80.63999023437509,62.40004882812491,17.03676757812491,-120.48000488281252,128.63996582031245,98.348876953125
1763686634.5306334,9,3,3,-0.002448752378681668,0.05011581525574966,-0.9724207861955448,0.002858975462929864,0.012407139349541123,-0.00018678464339537428,74.88002929687491,-158.39999999999998,137.0687499999999,63.84002075195315,-68.16000976562498,58.85429687499982,36.48000488281241,142.0799804687499,391.846435546875,-97.44003906250009,69.59999999999991,20.90883789062491,-134.8799987792969,145.44001464843745,113.8369140625
1763686634.8268142,9,3,3,0.037722733698390506,0.04800638579972419,-1.1425490476649187,0.003109185199280411,0.013923490827958346,-0.0005588886354532291,86.88002929687491,-184.79996337890623,171.9168945312499,71.04000244140627,-75.36000671386716,74.34233398437482,34.07998046874991,170.8800292968749,453.79833984375,-116.63999023437509,71.99990234374991,20.90883789062491,-158.8799987792969,162.23994140624995,148.684814453125
1763686634.9353683,9,3,3,-0.02546274515376343,0.07790523833598623,-1.1805634862648156,0.0019685030385911953,0.016496747204114145,-0.0005009832841974188,0,0,0,0,0,0,0,0,0,0,0,0,0,0,0
1763686635.031476,9,3,3,-0.0766476927764638,0.059842151625670456,-1.3682190819933677,0.0014083952348132006,0.01896515212048364,-0.00017713987142237907,0,0,0,0,0,0,0,0,0,0,0,0,0,0,0
1763686635.2319405,9,3,3,-0.1335424003654196,0.06206261341082731,-1.753029543774682,0.002128223474898186,0.021756394513295467,0.00023655522045119143,115.67995605468741,-223.19998779296873,218.3807617187499,95.04000244140627,-87.36000671386716,105.31840820312482,41.27993164062491,221.2799316406249,573.83056640625,-155.0401367187501,81.59999999999991,24.78078613281241,-192.48000488281252,203.03999023437495,191.27685546875
1763686635.324763,9,3,3,-0.059404856764695764,0.06921506114420667,-1.819459525440225,0.002848763658915216,0.020750867796738848,-9.80097084937915e-05,125.27993164062491,-235.19998779296873,233.8687988281249,102.24001464843752,-92.16000976562498,116.93413085937482,38.87990722656241,235.6800781249999,608.678466796875,-162.2400878906251,86.40004882812491,20.90883789062491,-202.08001098632815,224.63996582031245,191.27685546875
1763686635.4352946,9,3,3,-0.18681068609859083,0.09474661360631832,-2.036855264610656,0.002433370373360078,0.023969745004546975,-0.0004910454639553829,132.4800048828124,-251.99997558593748,253.2289062499999,102.24001464843752,-106.56000366210935,109.19047851562482,46.07998046874991,252.4801269531249,651.2705078125,-176.6399902343751,81.59999999999991,28.65285644531241,-218.8799987792969,236.63996582031245,210.63671875
1763686635.5265162,9,3,3,-0.09338921476244016,0.14677422497262504,-2.107110795415656,0.006895685164811281,0.022467692378914998,-0.00026750698301289746,146.8800292968749,-261.6000122070312,268.7169433593749,111.84002075195315,-106.56000366210935,128.55034179687482,43.67995605468741,269.2799316406249,697.734375,-191.0401367187501,86.40004882812491,28.65285644531241,-230.8799987792969,246.23994140624995,222.2529296875
1763686635.7300427,9,3,3,-0.1612564423205912,0.16659505757573306,-2.5130707452222323,0.006403895603909411,0.02551578218846029,5.372530118885263e-05,154.0799804687499,-297.6000122070312,299.6927734374999,119.04000244140627,-118.56000366210935,136.29448242187482,46.07998046874991,298.0799804687499,767.430419921875,-207.8399414062501,98.40004882812491,32.52480468749991,-252.48000488281252,272.63996582031245,249.356689453125
1763686635.8225536,9,3,3,-0.20439084758362047,0.2118030621044994,-2.698907345752492,0.006524890872754711,0.028194998125565834,0.00029745569964327503,170.8800292968749,-309.6000122070312,315.1808105468749,123.84002075195315,-120.96001281738279,147.91020507812482,46.07998046874991,314.8800292968749,802.278564453125,-217.4400390625001,100.79995117187491,32.52480468749991,-269.28000793457034,287.03999023437495,264.8447265625
1763686635.932534,9,3,3,-0.29386133881743726,0.12145205176982084,-2.919186980476256,0.0060188716114497245,0.03194284874225509,0.0005385456536192014,173.2799316406249,-323.9999755859375,334.5409179687499,133.44002685546877,-130.56000366210935,151.78227539062482,48.48000488281241,334.0799804687499,848.742431640625,-231.8399414062501,103.19985351562491,40.26882324218741,-278.88000640869143,301.44001464843745,276.460693359375
1763686636.0565126,9,3,3,-0.30140906265259865,0.24594702124805196,-2.8761006796585953,0.00869047083454357,0.03335370215541676,-0.0003049757298041354,187.6799560546874,-340.8000244140625,353.9007812499999,135.84002075195315,-135.36000671386716,167.27055664062482,46.07998046874991,353.2799316406249,899.078369140625,-246.2400878906251,103.19985351562491,36.39675292968741,-293.28000793457034,315.84003906249995,299.69287109375
1763686636.4306152,9,3,3,-0.4298790632456767,0.3023734807332206,-3.9026906376902843,0.012188496642062776,0.03531085581711711,0.0005906872630999926,0,0,0,0,0,0,0,0,0,0,0,0,0,0,0
1763686636.5262654,9,3,3,-0.4937867226688214,0.26663403462281743,-3.9982956432474426,0.010119960485553515,0.041816107797040133,0.00047424699812140215,216.4800048828124,-393.6000122070312,411.9808593749999,155.0400329589844,-154.56001129150388,186.63041992187482,55.67995605468741,413.2799316406249,1042.342529296875,-284.6399902343751,122.40004882812491,40.26882324218741,-338.8800102233887,368.63996582031245,338.412841796875
1763686636.6372714,9,3,3,-0.4460270986006971,0.31880016247647536,-3.9064446324892144,0.011774833995725428,0.03853511263652029,0.00011780650302788348,218.8800292968749,-391.1999877929687,411.9808593749999,162.24004516601565,-149.76000823974607,186.63041992187482,58.07998046874991,406.0799804687499,1042.342529296875,-282.2400878906251,124.79995117187491,48.01284179687491,-338.8800102233887,368.63996582031245,334.540771484375
1763686636.8229601,9,3,3,-0.461691455513909,0.24978344514079312,-3.7407574470511444,0.010929688004803238,0.038499375700943285,0.0003358060254023041,216.4800048828124,-395.9999755859375,408.1087890624999,157.43999633789065,-159.3600143432617,190.50249023437482,58.07998046874991,408.4801269531249,1046.21435546875,-282.2400878906251,122.40004882812491,48.01284179687491,-341.28000793457034,371.03999023437495,346.15673828125
1763686637.0250413,9,3,3,-0.43698693923783105,0.2880271852055365,-3.772595566058722,0.01158858351642829,0.03753137192532154,0.0007145124094881231,0,0,0,0,0,0,0,0,0,0,0,0,0,0,0
1763686637.1340961,9,3,3,-0.4176495963784852,0.28998296866335976,-3.554224921952861,0.011329411908580118,0.03664560607498849,8.727251251369923e-05,216.4800048828124,-395.9999755859375,415.8529296874999,159.84002075195315,-156.9600128173828,190.50249023437482,55.67995605468741,410.8800292968749,1042.342529296875,-287.0401367187501,119.99990234374991,51.88479003906241,-346.08001098632815,366.24006347656245,334.540771484375
1763686637.226836,9,3,3,-0.3698189895636657,0.2781721896834972,-3.576348418263112,0.010249133199120224,0.03527283974255952,0.0005442127002408931,221.2799316406249,-395.9999755859375,404.2369628906249,157.43999633789065,-156.9600128173828,178.88627929687482,60.48000488281241,410.8800292968749,1038.470458984375,-279.8399414062501,122.40004882812491,44.14077148437491,-338.8800102233887,368.63996582031245,338.412841796875
1763686637.3353553,9,3,3,-0.3974013834923811,0.2519736193394121,-3.557791511845537,0.010354725487249375,0.03590212325509535,6.621140886806185e-06,216.4800048828124,-395.9999755859375,411.9808593749999,150.24001464843752,-156.9600128173828,194.37456054687482,58.07998046874991,410.8800292968749,1042.342529296875,-284.6399902343751,124.79995117187491,48.01284179687491,-346.08001098632815,368.63996582031245,338.412841796875
1763686637.347975,9,3,3,-0.3894171530264024,0.24829692327608827,-3.506853943826715,0.010514258444192485,0.03556041779515248,0.00010389998127449847,214.0799804687499,-395.9999755859375,408.1087890624999,152.6400085449219,-154.56001129150388,178.88627929687482,53.27993164062491,406.0799804687499,1046.21435546875,-284.6399902343751,119.99990234374991,44.14077148437491,-341.28000793457034,371.03999023437495,342.284912109375
1763686637.4425871,9,3,3,-0.4308316519592713,0.33336900343656306,-3.5496697128974013,0.012689106455243127,0.037331283093146615,0.000325800122294973,218.8800292968749,-395.9999755859375,411.9808593749999,157.43999633789065,-154.56001129150388,190.50249023437482,60.48000488281241,410.8800292968749,1042.342529296875,-284.6399902343751,122.40004882812491,51.88479003906241,-343.68000946044924,366.24006347656245,334.540771484375
1763686637.5358849,9,3,3,-0.38225089552591907,0.25553546272689664,-3.573210578682861,0.010908608653885321,0.035112826324022565,0.0007066018748055243,0,0,0,0,0,0,0,0,0,0,0,0,0,0,0
1763686637.6333685,9,3,3,-0.3675902079852039,0.22088100195482338,-3.5957057891793482,0.009273731064347077,0.03459554086296659,0.00030336081391073256,218.8800292968749,-393.6000122070312,419.7247558593749,155.0400329589844,-156.9600128173828,190.50249023437482,58.07998046874991,403.6800781249999,1038.470458984375,-279.8399414062501,122.40004882812491,48.01284179687491,-341.28000793457034,366.24006347656245,338.412841796875
1763686637.8378756,9,3,3,-0.36564300460554733,0.2747583645418151,-3.454660580691036,0.011264307735400388,0.03508285658790201,0.00043598974517463935,216.4800048828124,-388.8000244140625,411.9808593749999,157.43999633789065,-152.16000976562498,190.50249023437482,55.67995605468741,408.4801269531249,1038.470458984375,-279.8399414062501,117.59999999999991,44.14077148437491,-346.08001098632815,366.24006347656245,342.284912109375
1763686638.1342497,9,3,3,-0.3755847094808102,0.28859373485792306,-3.317532153415609,0.011733867787655316,0.03538596617155269,-0.00021770641082442246,214.0799804687499,-395.9999755859375,411.9808593749999,155.0400329589844,-154.56001129150388,190.50249023437482,58.07998046874991,406.0799804687499,1046.21435546875,-282.2400878906251,124.79995117187491,48.01284179687491,-341.28000793457034,368.63996582031245,334.540771484375
1763686638.2248635,9,3,3,-0.34693482494806993,0.2751125350386119,-3.4897599215050823,0.010920726144704252,0.03472825031037374,0.00018719179963087905,211.6799560546874,-393.6000122070312,411.9808593749999,155.0400329589844,-156.9600128173828,190.50249023437482,58.07998046874991,406.0799804687499,1050.08642578125,-279.8399414062501,124.79995117187491,44.14077148437491,-343.68000946044924,371.03999023437495,334.540771484375
1763686638.3349004,9,3,3,-0.3456985912413223,0.2983935725124015,-3.5397867799355334,0.010944655159943308,0.033859456339757996,0.0005580904643404713,0,0,0,0,0,0,0,0,0,0,0,0,0,0,0
1763686638.4278088,9,3,3,-0.3680237899201001,0.2655245685405848,-3.4690389372710126,0.011675378610919019,0.03502484796980548,-0.00011381268566207706,216.4800048828124,-398.4,411.9808593749999,152.6400085449219,-156.9600128173828,190.50249023437482,58.07998046874991,406.0799804687499,1042.342529296875,-287.0401367187501,119.99990234374991,48.01284179687491,-336.4800086975098,371.03999023437495,342.284912109375
1763686638.6308713,9,3,3,-0.3628618656774396,0.29643646675088514,-3.4213763369665338,0.010946605387486059,0.03440209583714166,0.00013169084540216348,218.8800292968749,-398.4,408.1087890624999,152.6400085449219,-154.56001129150388,186.63041992187482,58.07998046874991,403.6800781249999,1042.342529296875,-277.4400390625001,124.79995117187491,40.26882324218741,-338.8800102233887,368.63996582031245,334.540771484375
1763686638.7366319,9,3,3,-0.3605843290723486,0.2776343759736227,-3.474619097635024,0.010289863399373062,0.03408090197786556,0.0006586443427320718,211.6799560546874,-395.9999755859375,415.8529296874999,152.6400085449219,-156.9600128173828,186.63041992187482,62.87990722656241,406.0799804687499,1046.21435546875,-282.2400878906251,122.40004882812491,51.88479003906241,-341.28000793457034,366.24006347656245,334.540771484375
1763686638.8339593,9,3,3,-0.3858151047950489,0.2662474444640871,-3.434527654909896,0.011868121273985396,0.035084545857901106,0.00036849696094869416,216.4800048828124,-391.1999877929687,415.8529296874999,155.0400329589844,-156.9600128173828,182.75834960937482,58.07998046874991,406.0799804687499,1042.342529296875,-282.2400878906251,122.40004882812491,48.01284179687491,-341.28000793457034,368.63996582031245,334.540771484375
1763686638.9292834,9,3,3,-0.34563201470552024,0.28634923037242277,-3.3212425368047924,0.010896674808138915,0.0342671492170877,8.982268758915644e-05,221.2799316406249,-398.4,408.1087890624999,155.0400329589844,-154.56001129150388,182.75834960937482,60.48000488281241,406.0799804687499,1038.470458984375,-279.8399414062501,117.59999999999991,48.01284179687491,-338.8800102233887,366.24006347656245,338.412841796875
1763686639.036384,9,3,3,-0.3176065455323811,0.2451567283315607,-3.42575844367659,0.01005041687497047,0.03315951793825803,0.0005211028650296318,211.6799560546874,-393.6000122070312,404.2369628906249,157.43999633789065,-156.9600128173828,186.63041992187482,62.87990722656241,406.0799804687499,1030.7265625,-282.2400878906251,122.40004882812491,48.01284179687491,-336.4800086975098,363.84003906249995,338.412841796875
1763686639.4297993,9,3,3,-0.29392032724700123,0.1785025989999784,-2.454830199362426,0.007311482738706961,0.027526916423862232,-0.00039047243310504293,180.4800048828124,-340.8000244140625,346.1568847656249,131.04000244140627,-135.36000671386716,163.39848632812482,53.27993164062491,346.0799804687499,883.59033203125,-236.6399902343751,107.99990234374991,40.26882324218741,-288.4800048828125,308.63996582031245,288.076904296875
1763686639.6316361,9,3,3,-0.09499642835013992,0.1711298798435526,-1.9901182246377676,0.00597943989076173,0.019759664258373208,-0.00023245353895955502,151.6799560546874,-299.9999755859375,303.5648437499999,119.04000244140627,-130.56000366210935,124.67827148437482,53.27993164062491,305.2799316406249,775.174560546875,-210.2400878906251,100.79995117187491,40.26882324218741,-262.0800033569336,275.03999023437495,249.356689453125
1763686639.8343754,9,3,3,0.016591179436408282,0.09884488552583001,-1.4242838996651666,0.004292032999999923,0.014164403506125151,0.00020134447256182566,130.0799804687499,-259.1999877929687,264.8448730468749,104.6400085449219,-111.36000671386716,124.67827148437482,41.27993164062491,247.6800781249999,670.63037109375,-181.4400390625001,86.40004882812491,36.39675292968741,-221.28000793457034,236.63996582031245,218.380859375
1763686639.9272776,9,3,3,0.012961354396658673,-0.06423332735171706,-1.2132460170764396,0.001845179902192959,0.013751498266288804,-0.00018879609580492598,120.48000488281241,-237.60001220703123,226.1249023437499,97.44002685546877,-99.36000671386716,97.57426757812482,48.48000488281241,242.8800292968749,600.934326171875,-159.8399414062501,83.99990234374991,28.65285644531241,-206.8799987792969,210.23994140624995,195.14892578125
1763686639.9708323,9,3,3,-0.09325735575725541,-0.007308667163053638,-1.3278009853844028,0.0012385011890408202,0.013705027838871002,-0.0008622598619805926,125.27993164062491,-235.19998779296873,226.1249023437499,95.04000244140627,-104.16000976562498,97.57426757812482,48.48000488281241,230.8800292968749,585.446533203125,-155.0401367187501,81.59999999999991,28.65285644531241,-202.08001098632815,200.63996582031245,195.14892578125
1763686640.0809243,9,3,3,-0.0035047299734534618,0.13614344655020838,-0.9036478506530489,0.002435713360143298,0.009122634008482414,-0.00017235256420769312,110.88002929687491,-218.39999999999998,202.8929687499999,95.04000244140627,-92.16000976562498,85.95854492187482,41.27993164062491,214.0799804687499,542.8544921875,-140.6399902343751,79.19985351562491,20.90883789062491,-185.28000793457034,191.03999023437495,179.660888671875
1763686640.2223818,9,3,3,0.09246102240216406,-0.07166439702082222,-0.6507373331283904,-0.0015201519572800772,0.007563349676362471,-0.0007855437630282461,98.88002929687491,-199.19998779296873,187.4049316406249,75.84002075195315,-84.96001281738279,78.21440429687482,36.48000488281241,182.8800292968749,492.5185546875,-128.6399902343751,71.99990234374991,28.65285644531241,-163.6800018310547,176.63996582031245,148.684814453125
1763686640.2658122,9,3,3,0.010190433212699846,-0.051224522680802874,-0.6156743803456052,-0.0020297230955678286,0.007890020826263123,-0.0008547034917860022,91.67995605468741,-196.79996337890623,175.7889648437499,75.84002075195315,-87.36000671386716,70.47026367187482,41.27993164062491,187.6799560546874,480.90234375,-123.83994140625009,76.79995117187491,20.90883789062491,-163.6800018310547,171.84003906249995,156.4287109375
1763686640.3597784,9,3,3,-0.027644037052170514,0.266232080464805,-0.635587406621196,0.001726243610324067,0.008297311362110078,-0.00048209307765886426,91.67995605468741,-184.79996337890623,168.0448242187499,75.84002075195315,-82.56000366210935,74.34233398437482,38.87990722656241,168.4800048828124,449.926513671875,-119.04013671875009,69.59999999999991,24.78078613281241,-154.07999572753909,162.23994140624995,144.812744140625
1763686640.4388056,9,3,3,0.40652030511751996,-0.1321321139880224,-0.4738734854517382,0.00025993788809673636,0.008194355343531242,-0.0006326593142718523,84.48000488281241,-177.60001220703123,168.0448242187499,68.6400085449219,-72.96001281738279,62.72636718749982,38.87990722656241,166.0799804687499,430.56640625,-107.04013671875009,69.59999999999991,17.03676757812491,-149.28000793457034,152.63996582031245,129.32470703125
1763686640.5349023,9,3,3,0.1797701331459003,0.026692859249547354,-0.48432434194144613,-0.0008054524813902624,0.006906439775592918,-0.00018496580606416652,82.07998046874991,-167.99997558593748,144.8128906249999,71.04000244140627,-68.16000976562498,58.85429687499982,34.07998046874991,151.6799560546874,399.59033203125,-104.63999023437509,67.19985351562491,13.164819335937409,-142.07999572753909,143.03999023437495,125.452880859375
1763686640.6278794,9,3,3,0.16768784555375027,-0.02628698347305827,-0.35526012294876974,-0.0023887331830815253,0.0074834460066182645,-0.0005318422750237918,82.07998046874991,-158.39999999999998,140.9408203124999,63.84002075195315,-60.96001281738279,51.11040039062482,34.07998046874991,144.4800048828124,384.1025390625,-102.24008789062509,64.79995117187491,13.164819335937409,-134.8799987792969,140.63996582031245,113.8369140625
1763686640.736385,9,3,3,0.17176058160018748,-0.05773669573421683,-0.3011934018951167,-0.001619229752049058,0.006914260357963446,-0.0006629141688617809,70.07998046874991,-158.39999999999998,133.1969238281249,63.84002075195315,-63.360006713867165,51.11040039062482,31.67995605468741,144.4800048828124,364.742431640625,-92.63999023437509,64.79995117187491,13.164819335937409,-132.48000488281252,133.44001464843745,117.708740234375
1763686640.8301952,9,3,3,0.15885263486860973,-0.017899987765135433,-0.30261784983130036,-0.0021325048418297608,0.006726540364614165,-0.0005909568527992261,70.07998046874991,-148.79996337890623,121.58095703124991,59.04000244140627,-60.96001281738279,51.11040039062482,34.07998046874991,134.8800292968749,349.25439453125,-87.83994140625009,64.79995117187491,13.164819335937409,-125.27999267578127,128.63996582031245,106.0927734375
1763686647.3495262,9,3,3,0.2306507302015811,-0.06759377221715189,-0.25515929893551176,-0.002988488630671696,0.0035821255688620124,-0.0005744677963255148,36.48000488281241,-110.39999999999998,71.24477539062491,35.04000244140627,-46.56000366210935,0.7744628906248181,29.27993164062491,72.48000488281241,225.350341796875,-42.24008789062509,69.59999999999991,5.420800781249909,-94.08001098632815,80.63996582031245,55.7568359375
1763686647.5353384,9,3,3,0.25391592231919247,-0.06853932152339441,-0.3123147971146508,-0.004334588931503271,0.0033431110044799144,0.00010277362829450736,36.48000488281241,-119.99997558593748,67.37294921874991,30.240014648437523,-56.16000976562498,4.646289062499818,38.87990722656241,82.07998046874991,244.71044921875,-49.44003906250009,62.40004882812491,13.164819335937409,-101.27999267578127,87.84003906249995,59.62890625
1763686647.6332917,9,3,3,0.2362990849160988,0.038653207970613834,-0.41068823257321385,0.0005492419527342117,0.0026016366134057126,0.0003922182229946765,38.88002929687491,-127.19998779296873,86.73281249999991,35.04000244140627,-58.56000366210935,12.390429687499818,36.48000488281241,94.07998046874991,275.6865234375,-56.63999023437509,67.19985351562491,5.420800781249909,-106.08001098632815,104.63996582031245,63.500732421875
1763686648.2372048,9,3,3,0.17686545821253158,0.06922620990877376,-1.1833927273039155,0.0015073722790596678,0.008280758931834003,4.109961145284328e-05,86.88002929687491,-179.99997558593748,164.1727539062499,73.44002685546877,-77.7600158691406,70.47026367187482,43.67995605468741,170.8800292968749,449.926513671875,-111.83994140625009,76.79995117187491,24.78078613281241,-158.8799987792969,159.84003906249995,140.94091796875
1763686648.5342684,9,3,3,0.12421538112504094,0.06615252044626015,-1.5052613215570196,0.0011716468637760736,0.011972354638418406,-0.00023033156004764272,113.27993164062491,-211.19998779296873,202.8929687499999,95.04000244140627,-89.7600158691406,85.95854492187482,41.27993164062491,216.4801269531249,531.238525390625,-133.4400390625001,83.99990234374991,20.90883789062491,-182.8799987792969,188.63996582031245,175.788818359375
1763686648.6278062,9,3,3,0.019432513047379012,0.020579042099985245,-1.6217991384876265,0.0009001806245612556,0.014456278337188905,-0.00011165498009476633,115.67995605468741,-225.60001220703123,214.5089355468749,97.44002685546877,-99.36000671386716,97.57426757812482,48.48000488281241,226.0799804687499,554.470458984375,-140.6399902343751,83.99990234374991,28.65285644531241,-192.48000488281252,195.84003906249995,183.53271484375
1763686648.7378328,9,3,3,0.0519932397742766,0.1260139442757285,-1.6280309270973659,0.0041063856859866465,0.014396590086385004,-0.0003438704999899208,0,0,0,0,0,0,0,0,0,0,0,0,0,0,0
1763686648.8303785,9,3,3,-0.02114554405512349,0.05852623323375906,-1.9046463975415961,0.0020850269140393327,0.017973383537920547,-0.0005225747829491068,137.2799316406249,-249.60001220703123,237.7408691406249,111.84002075195315,-106.56000366210935,105.31840820312482,48.48000488281241,252.4801269531249,631.910400390625,-164.6399902343751,91.19985351562491,24.78078613281241,-211.6800018310547,222.23994140624995,206.764892578125
1763686649.038037,9,3,3,-0.12109530794009957,0.04516500132868429,-2.30537542240749,0.0026624394993155155,0.021321913362072432,-0.00011346067144387849,154.0799804687499,-273.6000122070312,272.5887695312499,121.44002685546877,-113.7600158691406,124.67827148437482,46.07998046874991,286.0799804687499,697.734375,-186.2400878906251,98.40004882812491,28.65285644531241,-238.08001098632815,248.63996582031245,245.48486328125
1763686649.130782,9,3,3,-0.18478055531791251,0.10261418801351938,-2.3682983570616347,0.003750500362352683,0.023742828579480842,-0.00021352816401251163,158.8800292968749,-283.1999877929687,288.0768066406249,126.24001464843752,-116.16000976562498,120.80620117187482,50.87990722656241,302.8800292968749,732.58251953125,-193.4400390625001,100.79995117187491,28.65285644531241,-250.08001098632815,255.84003906249995,249.356689453125
1763686649.2391484,9,3,3,-0.14447613732961256,0.1306640632457974,-2.5429771330289332,0.002600911223229487,0.023531827139325872,0.00018540967458748623,170.8800292968749,-299.9999755859375,303.5648437499999,128.6400085449219,-118.56000366210935,140.16655273437482,48.48000488281241,310.0799804687499,782.91845703125,-210.2400878906251,100.79995117187491,32.52480468749991,-262.0800033569336,277.44001464843745,264.8447265625
1763686649.3324668,9,3,3,-0.25553299315220096,0.1427246028133279,-2.766415699861861,0.005756386260507213,0.028540833171477393,-3.632017708764452e-05,175.6799560546874,-311.9999755859375,322.9249511718749,128.6400085449219,-128.16000976562498,147.91020507812482,48.48000488281241,319.6800781249999,821.638427734375,-222.2400878906251,107.99990234374991,40.26882324218741,-274.0800033569336,291.84003906249995,276.460693359375
1763686649.4254458,9,3,3,-0.2760086337146896,0.2223329822504146,-3.000809755438848,0.010686456370071552,0.029877094825941794,5.127501065516505e-05,185.2799316406249,-323.9999755859375,334.5409179687499,138.24001464843752,-130.56000366210935,151.78227539062482,55.67995605468741,343.6800781249999,856.486328125,-227.0401367187501,105.59999999999991,36.39675292968741,-281.28000793457034,303.84003906249995,288.076904296875
1763686649.5347564,9,3,3,-0.3102074237990919,0.1505480439358206,-3.167346103847757,0.006189752046155444,0.029810972349348732,0.00013497572819468453,199.6799560546874,-338.4,342.2848144531249,150.24001464843752,-135.36000671386716,163.39848632812482,50.87990722656241,365.2799316406249,883.59033203125,-236.6399902343751,107.99990234374991,32.52480468749991,-300.4800048828125,313.44001464843745,303.564697265625
1763686649.7355878,9,3,3,-0.3917866354572388,0.2957471449299664,-3.53813235450333,0.011392107786390326,0.036234915337157204,0.0002489204624412317,209.2799316406249,-371.9999755859375,384.8768554687499,150.24001464843752,-144.9600128173828,178.88627929687482,55.67995605468741,389.2799316406249,976.5185546875,-263.0401367187501,119.99990234374991,40.26882324218741,-324.4800086975098,344.63996582031245,326.796875
1763686649.8289583,9,3,3,-0.4226154649386831,0.26573755181205005,-3.7088628799657934,0.010245123109394546,0.03637877533425223,-4.878954187255511e-05,221.2799316406249,-386.4,396.4928222656249,157.43999633789065,-156.9600128173828,175.01420898437482,60.48000488281241,408.4801269531249,1011.366455078125,-275.0401367187501,122.40004882812491,44.14077148437491,-338.8800102233887,356.63996582031245,338.412841796875
1763686649.9389162,9,3,3,-0.4076575824562477,0.20781101859049236,-3.9447082824858697,0.010035978508131285,0.03604870039774649,-0.00036356183147871236,233.2799316406249,-410.4,419.7247558593749,171.84002075195315,-159.3600143432617,190.50249023437482,53.27993164062491,437.2799316406249,1065.574462890625,-289.4400390625001,131.9999023437499,44.14077148437491,-355.68000946044924,380.63996582031245,361.644775390625
1763686650.4384532,9,3,3,-0.7437915037504971,0.37770679894978765,-5.482049084711109,0.019946388750291144,0.059948223731775815,0.00021735065581918785,281.2799316406249,-525.6000122070312,539.7567382812499,203.0400329589844,-190.56001129150388,248.58256835937482,62.87990722656241,538.0799804687499,1367.590576171875,-361.4400390625001,163.1998535156249,59.62880859374991,-454.08001098632815,498.24006347656245,442.956787109375
1763686650.5485628,9,3,3,-1.0075358097755305,0.4434636389533734,-5.6788284345490245,0.01302733978603714,0.0573891959573849,0.00019008705278222762,290.8800292968749,-542.4,562.9889160156249,200.6400085449219,-200.16000976562498,248.58256835937482,58.07998046874991,564.4801269531249,1441.158447265625,-380.6399902343751,172.7999511718749,67.37282714843741,-473.28001556396487,527.039990234375,446.828857421875
1763686650.6561372,9,3,3,-0.8269765509469726,0.45348357182328647,-6.037981227546214,0.018243858597356073,0.05745794378908515,0.0008645637291321154,293.2799316406249,-576.0000061035156,593.9647460937499,207.84002075195315,-207.3600143432617,260.1982910156248,67.67995605468741,578.8800292968749,1514.726318359375,-399.8399414062501,179.9999023437499,71.24477539062491,-497.28001556396487,555.8400390625,466.188720703125
1763686650.7402513,9,3,3,-0.9487536521379727,0.5096915563534388,-6.48553685972997,0.020172197650877917,0.0635324222880328,0.0007101911489010033,305.2799316406249,-604.8000244140625,624.9408203124999,205.43999633789065,-219.3600143432617,271.8145019531248,70.07998046874991,605.2799316406249,1592.166259765625,-409.4400390625001,189.5999999999999,78.98879394531241,-516.4800201416016,584.6399658203125,473.932861328125
1763686650.833186,9,3,3,-0.9670193297023129,0.6116589926681133,-6.829036389012826,0.022898088925353208,0.06479877378708371,0.0005908210418638623,302.8800292968749,-602.4,621.0687499999999,203.0400329589844,-219.3600143432617,279.5581542968748,70.07998046874991,600.4801269531249,1588.294677734375,-407.0401367187501,189.5999999999999,78.98879394531241,-516.4800201416016,582.2400634765625,473.932861328125
1763686650.93895,9,3,3,-0.9642018516895307,0.525140959121632,-6.655988839058351,0.019733681128843487,0.06466358860415604,0.000802728000286375,0,0,0,0,0,0,0,0,0,0,0,0,0,0,0
1763686651.1299708,9,3,3,-1.1505237851560879,0.32967837227365254,-6.064131898122127,0.011515223608569207,0.07223016520690877,0.0009981030377945828,0,0,0,0,0,0,0,0,0,0,0,0,0,0,0
1763686651.3330114,9,3,3,-1.062815871028237,0.3750378960664772,-5.896273495074188,0.011791441429847178,0.06990255120158285,0.0006633801728636209,305.2799316406249,-580.7999938964844,609.4527832031249,210.24004516601565,-197.7600158691406,275.6865722656248,36.48000488281241,583.6800781249999,1518.598388671875,-402.2400878906251,179.9999023437499,63.50075683593741,-502.0800186157227,570.2400634765625,481.6767578125
1763686651.5364392,9,3,3,-1.121725693595047,0.3552400564705645,-5.7965445651119225,0.011308142364294694,0.07153711924224158,0.0009338630676528374,310.0799804687499,-576.0000061035156,613.3248535156249,210.24004516601565,-192.9600128173828,283.4302246093748,31.67995605468741,583.6800781249999,1510.854248046875,-399.8399414062501,179.9999023437499,67.37282714843741,-497.28001556396487,572.6399658203125,481.6767578125
1763686651.6561074,9,3,3,-1.102941184540732,0.3347918667346637,-5.647460187102499,0.010851508721509242,0.07139077722905252,0.0008304207642757522,305.2799316406249,-573.6000122070312,617.1969238281249,215.0400329589844,-190.56001129150388,287.3022949218748,26.87990722656241,576.4801269531249,1495.366455078125,-404.6399902343751,182.4000488281249,55.75673828124991,-494.88001403808596,565.4400146484375,477.804931640625
1763686651.7485151,9,3,3,-1.1747230537852102,0.28420949846376975,-5.652311081922751,0.009064480293514214,0.07311640585377835,0.0005915509839407506,305.2799316406249,-576.0000061035156,609.4527832031249,207.84002075195315,-195.3600143432617,283.4302246093748,36.48000488281241,574.0799804687499,1510.854248046875,-404.6399902343751,177.5999999999999,67.37282714843741,-494.88001403808596,570.2400634765625,477.804931640625
1763686651.8896413,9,3,3,-1.007215862118389,0.4038191444458804,-5.589161094007925,0.013309988393530972,0.06863637375703324,0.0006202453326355443,298.0799804687499,-600.0000061035156,617.1969238281249,203.0400329589844,-212.16001358032224,279.5581542968748,55.67995605468741,586.0799804687499,1572.806396484375,-409.4400390625001,184.7999511718749,82.86074218749991,-506.88001403808596,587.039990234375,473.932861328125
1763686652.0299356,9,3,3,-1.0187726806954567,0.5174103587280443,-5.659352088115686,0.020765821192905504,0.06686750750612198,0.00022653656692633427,293.2799316406249,-590.4,617.1969238281249,205.43999633789065,-207.3600143432617,275.6865722656248,46.07998046874991,574.0799804687499,1534.086669921875,-409.4400390625001,184.7999511718749,75.11684570312491,-499.6800170898438,579.8400390625,462.31689453125
1763686652.10459,9,3,3,-1.0119773531071725,0.5133542403658476,-5.8104274410663965,0.021036900682720936,0.0667896344892675,0.0007213314342870104,0,0,0,0,0,0,0,0,0,0,0,0,0,0,0
1763686652.2122288,9,3,3,-0.9383950612490664,0.4856006005425697,-5.864197413857212,0.020002348667693105,0.06304720872206775,0.0008551727761965605,295.6799560546874,-590.4,621.0687499999999,203.0400329589844,-202.56001129150388,275.6865722656248,48.48000488281241,576.4801269531249,1565.062255859375,-407.0401367187501,182.4000488281249,78.98879394531241,-504.48001251220705,579.8400390625,473.932861328125
1763686652.3373451,9,3,3,-1.0588502754687803,0.48394408975379066,-5.664319236589817,0.01962999335995346,0.06916393311558612,0.0003798317723988998,298.0799804687499,-597.6000122070312,624.9408203124999,203.0400329589844,-209.76001205444334,275.6865722656248,53.27993164062491,581.2799316406249,1576.678466796875,-411.8399414062501,184.7999511718749,67.37282714843741,-511.6800170898438,584.6399658203125,477.804931640625
1763686652.4337158,9,3,3,-0.9263726638149299,0.5738352748374577,-5.874904235195856,0.02188538284946092,0.0634265305416377,0.0006172964481575447,298.0799804687499,-590.4,617.1969238281249,205.43999633789065,-209.76001205444334,275.6865722656248,53.27993164062491,578.8800292968749,1565.062255859375,-409.4400390625001,187.1998535156249,78.98879394531241,-504.48001251220705,577.4400146484375,470.060791015625
1763686652.5264978,9,3,3,-0.9140402467813351,0.5021797650006155,-5.668426625095319,0.018681608410799674,0.06311911146310822,0.0006050305437272615,293.2799316406249,-588.0000061035156,624.9408203124999,203.0400329589844,-209.76001205444334,283.4302246093748,43.67995605468741,571.6800781249999,1557.318603515625,-409.4400390625001,182.4000488281249,78.98879394531241,-499.6800170898438,582.2400634765625,470.060791015625
1763686652.6351342,9,3,3,-1.0498349715841928,0.5035076000247333,-5.598881697753084,0.019634164762668927,0.07030521833226326,0.00047989260505868457,290.8800292968749,-597.6000122070312,628.8128906249999,198.24004516601565,-207.3600143432617,291.1743652343748,46.07998046874991,569.2799316406249,1576.678466796875,-419.0401367187501,182.4000488281249,75.11684570312491,-504.48001251220705,587.039990234375,458.44482421875
1763686652.7297056,9,3,3,-1.1077834146796792,0.6258198550759357,-5.7423861411980415,0.02576792619464379,0.07133574730618653,0.00021068899678447495,290.8800292968749,-609.6000122070312,636.5567871093749,195.84002075195315,-216.9600128173828,287.3022949218748,50.87990722656241,574.0799804687499,1599.910400390625,-423.8399414062501,189.5999999999999,78.98879394531241,-506.88001403808596,596.6399658203125,466.188720703125
1763686652.8380954,9,3,3,-1.024227880795325,0.6625717180158076,-5.968601559221323,0.028565938546811512,0.06846852034307094,0.0006850628034916015,286.0799804687499,-607.2000183105469,640.4288574218749,195.84002075195315,-209.76001205444334,287.3022949218748,53.27993164062491,569.2799316406249,1603.782470703125,-423.8399414062501,187.1998535156249,82.86074218749991,-511.6800170898438,603.8400390625,470.060791015625
1763686652.9316905,9,3,3,-1.1456207548379838,0.612885930223954,-5.723233551867465,0.026327147616852058,0.07260957114832818,0.0003779650265135909,281.2799316406249,-609.6000122070312,648.1727539062499,195.84002075195315,-212.16001358032224,291.1743652343748,43.67995605468741,564.4801269531249,1611.526611328125,-428.6399902343751,184.7999511718749,86.73281249999991,-502.0800186157227,601.4400146484375,458.44482421875
1763686653.0407672,9,3,3,-1.1518918972548913,0.685388093508019,-5.743751496127829,0.030082435693032043,0.0739284738930159,0.00014645848316996446,286.0799804687499,-616.8000244140625,640.4288574218749,191.0400329589844,-214.56001510620115,283.4302246093748,60.48000488281241,571.6800781249999,1619.270263671875,-433.4400390625001,184.7999511718749,86.73281249999991,-506.88001403808596,606.2400634765625,462.31689453125
1763686653.1333342,9,3,3,-1.0536945305770733,0.6768377257354945,-5.863130987984013,0.029539261194839163,0.06903135892921333,0.0004914785402138563,286.0799804687499,-604.8000244140625,636.5567871093749,195.84002075195315,-207.3600143432617,287.3022949218748,48.48000488281241,569.2799316406249,1599.910400390625,-426.2400878906251,189.5999999999999,86.73281249999991,-504.48001251220705,596.6399658203125,466.188720703125
1763686653.430026,9,3,3,-1.0601568081222559,0.6622387008936312,-5.526950800344782,0.02917243720121742,0.06875699515908942,-9.24169075658312e-05,283.6799560546874,-592.7999938964844,632.6849609374999,195.84002075195315,-212.16001358032224,275.6865722656248,48.48000488281241,554.8800292968749,1568.934326171875,-419.0401367187501,179.9999023437499,90.60476074218741,-497.28001556396487,582.2400634765625,454.57275390625
1763686653.6330545,9,3,3,-0.9931291704647895,0.6763844425339389,-5.084635321359135,0.030307413638312814,0.06478079394189555,6.805453605913947e-05,264.4800048828124,-583.2000183105469,609.4527832031249,183.84002075195315,-204.9600128173828,271.8145019531248,58.07998046874991,530.8800292968749,1522.470458984375,-409.4400390625001,177.5999999999999,90.60476074218741,-475.6800170898438,565.4400146484375,435.212890625
1763686653.7261248,9,3,3,-0.8632703774487853,0.7149309992107871,-4.8985722594468655,0.0309008083277188,0.060223186117380416,-2.4359188431352825e-05,257.2799316406249,-554.4,574.6048828124999,181.43999633789065,-202.56001129150388,264.0703613281248,58.07998046874991,511.6800781249999,1452.774658203125,-392.6399902343751,172.7999511718749,82.86074218749991,-454.08001098632815,536.6399658203125,423.596923828125
1763686653.9310327,9,3,3,-0.695122962763053,0.5953484833848741,-4.267785942197022,0.02803899960599596,0.050868933967942565,-3.8571477170655684e-05,238.0799804687499,-516.0000061035156,539.7567382812499,164.6400085449219,-192.9600128173828,236.96635742187482,65.27993164062491,470.8800292968749,1363.718505859375,-363.8399414062501,158.4000488281249,86.73281249999991,-425.2800117492676,498.24006347656245,392.620849609375
1763686654.0532131,9,3,3,-0.5961506834567314,0.5834368939205956,-3.7132942578534287,0.027637063760932105,0.0464375534549441,-0.0008590985855884319,0,0,0,0,0,0,0,0,0,0,0,0,0,0,0
1763686654.1458013,9,3,3,-0.5492389619194314,0.45620547852398974,-3.328304628467983,0.02239523842993412,0.04320440926051137,-0.0004997308079247851,206.8800292968749,-451.1999877929687,477.8048339843749,145.44002685546877,-178.56001129150388,213.73442382812482,55.67995605468741,418.0799804687499,1197.222412109375,-320.6399902343751,143.9999023437499,78.98879394531241,-374.88001070022585,438.24006347656245,350.02880859375
1763686654.2396078,9,3,3,-0.40508118022415046,0.462559949724345,-2.806045044434241,0.022013108483615314,0.03509479153451613,-0.000943443720758374,192.4800048828124,-424.8000244140625,442.9569335937499,135.84002075195315,-164.16000976562498,205.99028320312482,50.87990722656241,374.8800292968749,1119.782470703125,-301.4400390625001,129.5999999999999,75.11684570312491,-343.68000946044924,402.24006347656245,322.9248046875
1763686654.6412594,9,3,3,-0.1915919823571588,0.2897779561653585,-1.6583229280118486,0.013213330736120472,0.02213409544306053,-0.00056077839944034,137.2799316406249,-323.9999755859375,342.2848144531249,102.24001464843752,-135.36000671386716,147.91020507812482,50.87990722656241,283.6800781249999,840.99853515625,-229.4400390625001,105.59999999999991,63.50075683593741,-264.4800048828125,308.63996582031245,245.48486328125
1763686654.8277473,9,3,3,-0.04830860263834785,0.2345239497216165,-1.319102660110981,0.010073199667637124,0.017806739815750268,-0.00037203237395207466,130.0799804687499,-285.6000122070312,284.2047363281249,97.44002685546877,-118.56000366210935,136.29448242187482,38.87990722656241,247.6800781249999,736.454345703125,-198.2400878906251,93.59999999999991,44.14077148437491,-233.28000793457034,267.84003906249995,210.63671875
1763686655.1386778,9,3,3,0.050203133800654894,0.1581220019010201,-0.8747686747102537,0.00728728796658319,0.013049084799032072,-0.0004549110461904938,103.67995605468741,-235.19998779296873,233.8687988281249,78.24001464843752,-96.96001281738279,109.19047851562482,36.48000488281241,199.6800781249999,600.934326171875,-162.2400878906251,83.99990234374991,40.26882324218741,-194.8799987792969,219.84003906249995,175.788818359375
1763686655.2330232,9,3,3,-0.014472795276152202,0.10188828228624389,-0.7442180286672821,0.0058272296946396945,0.014924530553683224,-0.0007998568463535788,94.07998046874991,-227.99997558593748,222.2528320312499,73.44002685546877,-92.16000976562498,105.31840820312482,43.67995605468741,192.4800048828124,569.95849609375,-150.2400878906251,81.59999999999991,36.39675292968741,-185.28000793457034,210.23994140624995,164.1728515625
1763686655.4379556,9,3,3,0.07267124086031872,0.08214930488483245,-0.7038142036350769,0.0037131534314517813,0.012453446188606984,-0.00016849675334104495,86.88002929687491,-201.60001220703123,199.0208984374999,71.04000244140627,-80.16000976562498,89.83012695312482,36.48000488281241,175.6799560546874,519.62255859375,-140.6399902343751,74.40004882812491,32.52480468749991,-173.28000793457034,191.03999023437495,148.684814453125
1763686655.637812,9,3,3,0.05976316876530043,0.07213145788462114,-0.5045447267637365,0.002851212760011458,0.012294857931880586,-0.0001783482449067579,79.67995605468741,-189.60001220703123,175.7889648437499,63.84002075195315,-80.16000976562498,74.34233398437482,36.48000488281241,158.8800292968749,465.41455078125,-128.6399902343751,67.19985351562491,28.65285644531241,-156.48000488281252,176.63996582031245,137.06884765625
1763686655.7314093,9,3,3,0.12958920397213208,0.08187607808494399,-0.43680768709943074,0.0029879386539153003,0.009267240967348045,-0.0001554635126037594,79.67995605468741,-184.79996337890623,160.3009277343749,66.24001464843752,-77.7600158691406,70.47026367187482,38.87990722656241,151.6799560546874,446.054443359375,-119.04013671875009,71.99990234374991,28.65285644531241,-146.8799987792969,162.23994140624995,129.32470703125
1763686656.0398815,9,3,3,0.22400848535600004,0.048469219292644035,-0.2597474804667587,0.0011222345231397231,0.006394760017814545,-0.00041131443228610586,0,0,0,0,0,0,0,0,0,0,0,0,0,0,0
1763686656.2553704,9,3,3,0.16663839224700666,-0.007982308436876202,-0.24577893974403253,-1.0637358816544592e-05,0.007252400322359649,-1.4901291371774688e-05,55.67995605468741,-151.19998779296873,125.45278320312491,47.04000244140627,-58.56000366210935,51.11040039062482,31.67995605468741,118.07998046874991,349.25439453125,-95.04013671875009,59.99990234374991,13.164819335937409,-120.48000488281252,131.03999023437495,98.348876953125
1763686663.2428925,9,3,3,0.10430781385196088,0.06124946379920794,-0.8403156590043357,0.0025407151290006732,0.00858922949893857,9.115210420604982e-05,84.48000488281241,-165.60001220703123,144.8128906249999,66.24001464843752,-68.16000976562498,62.72636718749982,38.87990722656241,146.8800292968749,391.846435546875,-102.24008789062509,71.99990234374991,17.03676757812491,-146.8799987792969,147.84003906249995,129.32470703125
1763686663.4307945,9,3,3,0.1133263217203632,-0.10393434163956669,-1.1136474927029976,-0.0018144962716204098,0.014353635318117697,-0.0008697763659772152,89.27993164062491,-184.79996337890623,168.0448242187499,68.6400085449219,-72.96001281738279,70.47026367187482,31.67995605468741,163.6799560546874,442.182373046875,-119.04013671875009,67.19985351562491,9.292749023437409,-154.07999572753909,159.84003906249995,140.94091796875
1763686663.63064,9,3,3,0.24549618355128067,-0.17373435268421644,-1.451051732858982,6.740866542108756e-05,0.015545326254114112,0.0002745149360494231,103.67995605468741,-203.99997558593748,195.1488281249999,80.6400085449219,-80.16000976562498,82.08623046874982,38.87990722656241,202.0799804687499,504.134521484375,-133.4400390625001,76.79995117187491,17.03676757812491,-175.6800018310547,183.84003906249995,168.044921875
1763686664.0345166,9,3,3,-0.13181430017052348,0.11344625661882043,-1.9881491782292606,0.006008539125012394,0.019808804932229526,-0.0002263418058438308,139.6799560546874,-263.9999755859375,264.8448730468749,109.44002685546877,-101.7600158691406,116.93413085937482,48.48000488281241,259.6800781249999,682.246337890625,-181.4400390625001,86.40004882812491,28.65285644531241,-226.08001098632815,239.03999023437495,222.2529296875
1763686664.1282895,9,3,3,-0.15466687970155696,0.13644590144135438,-2.2325497069797526,0.00490035406539632,0.0251004820875275,-8.466426844379175e-05,149.2799316406249,-275.9999755859375,280.3329101562499,114.24001464843752,-108.96001281738279,136.29448242187482,46.07998046874991,276.4801269531249,720.966552734375,-198.2400878906251,93.59999999999991,28.65285644531241,-242.8799987792969,263.03999023437495,229.996826171875
1763686664.4401505,9,3,3,-0.2736814365060631,0.23015895913039122,-2.690457341387349,0.008475904198094433,0.03079608717748856,-0.00031711254419498317,175.6799560546874,-323.9999755859375,334.5409179687499,131.04000244140627,-130.56000366210935,155.65434570312482,48.48000488281241,331.6800781249999,856.486328125,-231.8399414062501,100.79995117187491,28.65285644531241,-281.28000793457034,303.84003906249995,280.332763671875
1763686664.5345166,9,3,3,-0.2279446485807713,0.23814992744350522,-2.8538839415649004,0.009868224611740847,0.02890079683005088,9.831410043692154e-05,180.4800048828124,-335.9999755859375,350.0289550781249,135.84002075195315,-132.9600128173828,159.52641601562482,50.87990722656241,338.8800292968749,883.59033203125,-239.0401367187501,103.19985351562491,44.14077148437491,-290.88000640869143,315.84003906249995,288.076904296875
1763686664.6300416,9,3,3,-0.33562537019431105,0.22245522425743336,-3.2069629453390807,0.010086637102192831,0.03400180431009983,0.0004453350257556416,192.4800048828124,-352.8000244140625,361.6449218749999,143.04000244140627,-140.16000976562498,163.39848632812482,53.27993164062491,358.0799804687499,926.182373046875,-253.4400390625001,107.99990234374991,40.26882324218741,-302.88000640869143,325.44001464843745,299.69287109375
1763686664.7451713,9,3,3,-0.3896918270032136,0.30307633970700354,-3.284174401609584,0.011379916055802786,0.03427747788353167,0.000338494780431531,204.4800048828124,-369.6000122070312,388.7489257812499,143.04000244140627,-144.9600128173828,182.75834960937482,53.27993164062491,379.6800781249999,980.390380859375,-272.6399902343751,110.40004882812491,44.14077148437491,-322.0800071716309,354.24006347656245,315.180908203125
1763686664.8317053,9,3,3,-0.4439992059818452,0.29192377138814685,-3.556737978958388,0.011131672740964157,0.039964485384796675,-0.00038287146255120254,206.8800292968749,-386.4,404.2369628906249,155.0400329589844,-154.56001129150388,186.63041992187482,60.48000488281241,394.0799804687499,1022.982421875,-282.2400878906251,122.40004882812491,44.14077148437491,-336.4800086975098,359.03999023437495,330.668701171875
1763686664.941616,9,3,3,-0.3372259040393081,0.3919443943906544,-3.726645195947217,0.015331818478339707,0.03494310340141985,0.00042430774643306256,223.6799560546874,-405.6000122070312,431.3409667968749,162.24004516601565,-154.56001129150388,202.11821289062482,53.27993164062491,415.6800781249999,1077.1904296875,-296.6399902343751,124.79995117187491,40.26882324218741,-353.28000984191897,387.84003906249995,350.02880859375
1763686665.0352082,9,3,3,-0.5573987090844947,0.3517055237469668,-4.038718963235414,0.013080694473459418,0.04633472961410872,-0.00039338080305009824,233.2799316406249,-431.9999755859375,454.5729003906249,167.0400329589844,-161.76000823974607,217.60649414062482,60.48000488281241,444.4801269531249,1146.886474609375,-311.0401367187501,136.7999511718749,48.01284179687491,-370.08001098632815,411.84003906249995,357.772705078125
1763686665.1289756,9,3,3,-0.5605767612072625,0.39844440057249714,-4.446185458168933,0.016055673495123695,0.044287994440226686,9.49798146919166e-05,240.4800048828124,-453.6000122070312,470.0609374999999,169.43999633789065,-171.3600143432617,213.73442382812482,62.87990722656241,456.4801269531249,1197.222412109375,-325.4400390625001,136.7999511718749,48.01284179687491,-386.880011177063,428.63996582031245,377.1328125
1763686665.2376003,9,3,3,-0.5815843932371487,0.3984214646039138,-4.66553269397571,0.01647042272508253,0.04716161919492929,0.00033192140952209613,247.6799560546874,-480.0000061035156,504.9088378906249,179.0400329589844,-180.9600128173828,225.35014648437482,65.27993164062491,482.8800292968749,1270.79052734375,-342.2400878906251,143.9999023437499,63.50075683593741,-408.48001251220705,455.03999023437495,388.748779296875
1763686665.3304317,9,3,3,-0.6622796942003966,0.3905506091477876,-5.06003346348508,0.019900036241435375,0.05461114856646677,0.0002087761542695606,259.6799560546874,-501.6000122070312,528.1407714843749,183.84002075195315,-185.7600158691406,236.96635742187482,65.27993164062491,504.4801269531249,1340.486572265625,-354.2400878906251,148.7999511718749,59.62880859374991,-430.08001098632815,479.03999023437495,408.10888671875
1763686665.5333614,9,3,3,-0.8606606006310711,0.4604839615788026,-5.805821661933711,0.01800556969930605,0.0607615270198394,0.0011031201452764271,278.8800292968749,-554.4,574.6048828124999,195.84002075195315,-207.3600143432617,260.1982910156248,70.07998046874991,550.0799804687499,1468.262451171875,-387.8399414062501,167.9999023437499,67.37282714843741,-473.28001556396487,527.039990234375,442.956787109375
1763686665.6275234,9,3,3,-0.842987170980479,0.55242153201354,-6.02195613187201,0.02255900331446395,0.05849635763505797,0.000489861262729519,290.8800292968749,-580.7999938964844,597.8368164062499,200.6400085449219,-204.9600128173828,275.6865722656248,70.07998046874991,571.6800781249999,1537.958251953125,-407.0401367187501,177.5999999999999,75.11684570312491,-492.48001251220705,560.6399658203125,458.44482421875
1763686665.8300095,9,3,3,-1.0789642658038732,0.5734983175886095,-6.868402065228942,0.022007680805019306,0.07145528371362526,0.0010474025812745548,307.6799560546874,-638.4,652.0448242187499,207.84002075195315,-221.7600158691406,295.0464355468748,62.87990722656241,619.6800781249999,1677.350341796875,-435.8399414062501,187.1998535156249,78.98879394531241,-538.0800109863281,623.039990234375,481.6767578125
1763686665.9353669,9,3,3,-1.2697999527027595,0.5756701208182429,-7.341688628475187,0.021448150606915205,0.0799607992355194,0.0011131761845899384,322.0799804687499,-667.2000183105469,683.0208984374999,217.43999633789065,-228.9600128173828,302.7905761718748,70.07998046874991,648.4801269531249,1750.918212890625,-452.6399902343751,206.4000488281249,90.60476074218741,-566.880014038086,654.2400634765625,485.548828125
1763686666.030881,9,3,3,-1.178980789883489,0.7127565319433733,-7.71334629037031,0.02553516415528544,0.07561225814628351,0.0014538606530779047,0,0,0,0,0,0,0,0,0,0,0,0,0,0,0
1763686666.326331,9,3,3,-1.5026875578921557,0.8398413507453781,-9.071547020260976,0.031541971520869745,0.09057002575093,0.0020834107174684136,353.2799316406249,-789.6000122070312,783.6927734374999,231.84002075195315,-260.1600154876709,333.7661621093748,84.48000488281241,742.0799804687499,2037.446533203125,-503.0401367187501,259.1998535156249,102.22084960937491,-660.4800354003906,776.6399658203125,539.7568359375
1763686666.444952,9,3,3,-1.4615782055083741,0.9548604707358992,-9.658374014199246,0.036522771595085046,0.08880168745828051,0.00211937702167052,358.0799804687499,-816.0000213623047,795.3087402343749,231.84002075195315,-267.36001577377317,337.6382324218748,96.48000488281241,766.0799804687499,2103.270263671875,-512.6399902343751,266.4000488281249,102.22084960937491,-682.0800109863281,807.8400390625,551.372802734375
1763686666.5294895,9,3,3,-1.514225351220604,0.9392271882471335,-9.944184031922958,0.036276040188066495,0.09072509687617153,0.001705562279515174,360.4800048828124,-837.6000122070312,818.5409179687499,236.6400085449219,-272.16001596450803,337.6382324218748,91.67995605468741,785.2799316406249,2172.966552734375,-522.2400878906251,273.5999999999999,113.83681640624991,-701.2800231933594,829.44013671875,562.98876953125
1763686666.844747,9,3,3,-1.3070341444461604,1.0463190070104904,-9.88961179381094,0.04164889117975742,0.08077399396459174,0.0018139702060540842,350.8800292968749,-847.2000183105469,795.3087402343749,236.6400085449219,-291.36001625061033,329.8945800781248,139.6799560546874,785.2799316406249,2192.326416015625,-512.6399902343751,283.1998535156249,121.58083496093741,-694.0800109863281,822.23994140625,547.500732421875
1763686666.9353385,9,3,3,-0.9954655687225754,1.2647415736797099,-9.69639112446047,0.052035280577557616,0.0653352382739933,0.0008095152043400711,350.8800292968749,-840.0000213623047,791.4369140624999,231.84002075195315,-288.96001663208006,326.0225097656248,144.4800048828124,780.4801269531249,2180.710205078125,-505.4400390625001,280.7999511718749,129.3248535156249,-689.2800231933594,815.039990234375,535.884765625
1763686667.2335649,9,3,3,-1.1719988051525907,1.110486594464033,-9.484637444629165,0.045538773788415074,0.07289457118995062,0.0004820502988555717,355.6799560546874,-854.400015258789,814.6688476562499,236.6400085449219,-286.5600170135498,337.6382324218748,125.27993164062491,785.2799316406249,2200.070556640625,-515.0401367187501,287.9999023437499,121.58083496093741,-706.0800109863281,836.640087890625,543.62890625
1763686667.4358342,9,3,3,-1.385293910178952,1.0019991055537059,-9.527329530671054,0.03949260838104725,0.08437394317261564,0.0012354416384471982,355.6799560546874,-849.6000122070312,818.5409179687499,234.24004516601565,-284.1600164413452,337.6382324218748,110.87990722656241,780.4801269531249,2196.198486328125,-519.8399414062501,285.5999999999999,121.58083496093741,-701.2800231933594,836.640087890625,551.372802734375
1763686667.5336034,9,3,3,-1.3963372278134842,0.9757642481857689,-9.391853824192184,0.039820954993280464,0.08496072956514489,0.0014441314639320572,355.6799560546874,-856.8000244140625,814.6688476562499,231.84002075195315,-284.1600164413452,341.5103027343748,115.67995605468741,782.8800292968749,2203.942626953125,-519.8399414062501,285.5999999999999,121.58083496093741,-701.2800231933594,839.039990234375,555.244873046875
1763686667.6424294,9,3,3,-1.408028702725272,1.0491400711346834,-9.34511685366735,0.04311568008153718,0.08473353332701332,0.001312427741368881,355.6799560546874,-849.6000122070312,814.6688476562499,234.24004516601565,-286.5600170135498,333.7661621093748,115.67995605468741,782.8800292968749,2203.942626953125,-519.8399414062501,285.5999999999999,121.58083496093741,-703.6800170898438,836.640087890625,547.500732421875
1763686667.736859,9,3,3,-1.3394373445546808,1.012034970273543,-9.302208577021045,0.04118843425893316,0.08187332460639045,0.0015561295784443027,358.0799804687499,-859.2000183105469,810.7967773437499,239.0400329589844,-284.1600164413452,341.5103027343748,120.48000488281241,782.8800292968749,2200.070556640625,-519.8399414062501,290.4000488281249,117.70876464843741,-701.2800231933594,836.640087890625,551.372802734375
1763686667.936646,9,3,3,-0.8855561909962641,1.2362698137760875,-8.932240365177893,0.05328566482726117,0.05804515147914856,0.0007755032863372832,338.8800292968749,-840.0000213623047,787.5648437499999,229.43999633789065,-298.5600170135498,322.1504394531248,156.4800048828124,773.2799316406249,2180.710205078125,-505.4400390625001,287.9999023437499,133.1968017578124,-689.2800231933594,817.4400146484375,532.0126953125
1763686668.1375804,9,3,3,-0.94045169841084,1.1611568784913957,-8.914353921468077,0.049278068559854976,0.06146839498897798,0.0005374910484552391,350.8800292968749,-844.8000244140625,806.9249511718749,231.84002075195315,-288.96001663208006,333.7661621093748,130.0799804687499,782.8800292968749,2200.070556640625,-519.8399414062501,287.9999023437499,121.58083496093741,-701.2800231933594,834.23994140625,547.500732421875
1763686668.2286239,9,3,3,-1.3235039196362381,1.002615643929788,-9.082274096320733,0.04150634602718855,0.08158833231568513,0.0010894865943061934,350.8800292968749,-856.8000244140625,810.7967773437499,231.84002075195315,-291.36001625061033,329.8945800781248,130.0799804687499,773.2799316406249,2207.814208984375,-515.0401367187501,287.9999023437499,129.3248535156249,-701.2800231933594,831.8400390625,543.62890625
1763686668.341261,9,3,3,-1.2679650121709536,1.06047533632972,-9.057267284114683,0.04336126036752,0.07813916162376139,0.0008658265699234185,350.8800292968749,-849.6000122070312,806.9249511718749,231.84002075195315,-286.5600170135498,333.7661621093748,127.67995605468741,782.8800292968749,2203.942626953125,-515.0401367187501,287.9999023437499,121.58083496093741,-703.6800170898438,836.640087890625,535.884765625
1763686668.3697703,9,3,3,-1.2875935940301764,1.0620076600276638,-9.223515146081485,0.043840236710596996,0.07819364350259599,0.0015121566524517486,350.8800292968749,-847.2000183105469,814.6688476562499,229.43999633789065,-286.5600170135498,322.1504394531248,130.0799804687499,775.6800781249999,2203.942626953125,-515.0401367187501,287.9999023437499,129.3248535156249,-696.4800354003906,834.23994140625,543.62890625
1763686668.44969,9,3,3,-1.2635474902113475,1.039204220836497,-9.079422216482534,0.042186552645253006,0.07826296069115651,0.0014019254425233487,350.8800292968749,-856.8000244140625,818.5409179687499,231.84002075195315,-288.96001663208006,333.7661621093748,132.4800048828124,780.4801269531249,2207.814208984375,-517.4400390625001,290.4000488281249,121.58083496093741,-698.880029296875,836.640087890625,543.62890625
1763686668.7304034,9,3,3,-1.2667154001743812,1.044607071909443,-8.990043646752595,0.04309620896131864,0.07710396525034682,0.0009680213563162052,350.8800292968749,-854.400015258789,814.6688476562499,229.43999633789065,-288.96001663208006,337.6382324218748,130.0799804687499,778.0799804687499,2200.070556640625,-515.0401367187501,287.9999023437499,121.58083496093741,-696.4800354003906,836.640087890625,539.7568359375
1763686668.839805,9,3,3,-1.2482037467982152,1.005849359250882,-9.027128360801811,0.042454034279601385,0.07674158317953046,0.0015806487662893241,348.4800048828124,-852.0000213623047,814.6688476562499,229.43999633789065,-288.96001663208006,333.7661621093748,130.0799804687499,770.8800292968749,2211.686279296875,-517.4400390625001,285.5999999999999,117.70876464843741,-698.880029296875,836.640087890625,539.7568359375
1763686669.1339414,9,3,3,-1.2945038585878124,1.0137725475490729,-8.77149421058284,0.04322610072533454,0.07887495938003762,0.0009717315187241105,348.4800048828124,-854.400015258789,810.7967773437499,234.24004516601565,-288.96001663208006,329.8945800781248,130.0799804687499,773.2799316406249,2203.942626953125,-517.4400390625001,295.1998535156249,125.45278320312491,-694.0800109863281,839.039990234375,547.500732421875
1763686669.2434998,9,3,3,-1.211827694948059,1.0160835892076536,-8.7925559728742,0.04226359318431531,0.07608691760537635,0.0008023636016376663,346.0799804687499,-837.6000122070312,806.9249511718749,231.84002075195315,-286.5600170135498,322.1504394531248,120.48000488281241,766.0799804687499,2172.966552734375,-512.6399902343751,280.7999511718749,125.45278320312491,-694.0800109863281,829.44013671875,539.7568359375
1763686669.5407646,9,3,3,-0.9208514467070944,1.0093298716835186,-7.640506164340472,0.044202941991648974,0.0629921036177833,0.00012392113720233796,329.2799316406249,-799.2000183105469,772.0768066406249,219.84002075195315,-274.56001605987547,318.2783691406248,122.87990722656241,722.8800292968749,2072.294677734375,-491.0401367187501,271.1998535156249,125.45278320312491,-655.6800170898438,779.039990234375,512.65283203125
1763686669.633511,9,3,3,-0.9332193206136221,0.9586012896988855,-7.358724334799136,0.038996796240357096,0.06445625253342747,0.00036303843669961266,322.0799804687499,-775.2000183105469,756.5887695312499,222.24004516601565,-276.9600161552429,314.4062988281248,122.87990722656241,708.4801269531249,2029.702392578125,-479.0401367187501,263.9999023437499,125.45278320312491,-634.0800262451172,755.039990234375,508.78076171875
1763686669.7492425,9,3,3,-0.7958326551972489,0.9535707275053021,-6.7231891186040125,0.04191749177100112,0.056471014317286884,0.00020983706359457323,307.6799560546874,-736.8000091552734,721.7408691406249,210.24004516601565,-272.16001596450803,306.6621582031248,122.87990722656241,667.6800781249999,1944.518310546875,-469.4400390625001,249.5999999999999,125.45278320312491,-602.880014038086,723.8400390625,497.164794921875
1763686669.8362057,9,3,3,-0.6778102175003332,0.9552811817165047,-6.225520899127876,0.043509265761046585,0.047866289585128924,-7.72279471989868e-05,298.0799804687499,-710.4,698.5089355468749,200.6400085449219,-260.1600154876709,306.6621582031248,115.67995605468741,648.4801269531249,1870.950439453125,-450.2400878906251,242.4000488281249,121.58083496093741,-581.2800231933594,690.2400634765625,481.6767578125
1763686669.9305272,9,3,3,-0.6797631033515403,0.7694917550030669,-5.680065992790057,0.03676973049925514,0.04937321563641777,-0.00020789400147719524,293.2799316406249,-684.0000061035156,671.4049316406249,203.0400329589844,-250.56001510620115,287.3022949218748,110.87990722656241,619.6800781249999,1781.894287109375,-433.4400390625001,227.9999023437499,109.96474609374991,-559.6800170898438,656.6399658203125,470.060791015625
1763686670.040519,9,3,3,-0.5962559757017917,0.7083882434945392,-4.863186543625806,0.03405640152198798,0.043198386977564694,-0.0005498638712694631,271.6799560546874,-640.8000244140625,636.5567871093749,188.6400085449219,-236.16001358032224,275.6865722656248,98.87990722656241,576.4801269531249,1677.350341796875,-419.0401367187501,211.1998535156249,106.09279785156241,-526.0800109863281,620.6399658203125,442.956787109375
1763686670.1344762,9,3,3,-0.5971815507253326,0.6880903701500782,-4.419442575496881,0.032142511144578535,0.04632273787639731,-0.0007881434402833678,259.6799560546874,-600.0000061035156,605.5809570312499,179.0400329589844,-231.3600143432617,256.3262207031248,106.07998046874991,545.2799316406249,1592.166259765625,-395.0401367187501,203.9999023437499,106.09279785156241,-490.0800186157227,567.8400390625,415.852783203125
1763686670.2285886,9,3,3,-0.2998979712100518,0.7021889390354932,-3.8330781155367037,0.030931952976930223,0.03107529627169564,-0.0007465865725886666,247.6799560546874,-566.4,570.7328124999999,174.24004516601565,-224.16001358032224,244.71049804687482,96.48000488281241,509.2799316406249,1483.750244140625,-371.0401367187501,191.9999023437499,98.34877929687491,-461.28001556396487,536.6399658203125,408.10888671875
1763686670.339857,9,3,3,-0.3240964555542953,0.5094341981107848,-3.379635591278301,0.02546754707805708,0.029980305510962906,-0.0010607566044863413,233.2799316406249,-520.7999938964844,532.0128417968749,164.6400085449219,-209.76001205444334,225.35014648437482,86.87990722656241,478.0799804687499,1371.462646484375,-347.0401367187501,175.1998535156249,86.73281249999991,-427.6800132751465,498.24006347656245,384.876708984375
1763686670.5393014,9,3,3,-0.21428121874550982,0.40015890359599104,-2.491277223756801,0.020202008622230233,0.025140277946090934,-0.0009930509994587546,202.0799804687499,-448.8000244140625,458.4449707031249,145.44002685546877,-180.9600128173828,205.99028320312482,74.87990722656241,408.4801269531249,1181.734375,-306.2400878906251,153.5999999999999,78.98879394531241,-367.68001041412356,426.24006347656245,330.668701171875
1763686670.7412722,9,3,3,-0.09523136774480101,0.332076554655991,-1.8309701907860756,0.013011707177556113,0.021744106449255785,-0.0008622077099096436,175.6799560546874,-393.6000122070312,396.4928222656249,131.04000244140627,-166.56001129150388,178.88627929687482,77.27993164062491,350.8800292968749,1026.8544921875,-263.0401367187501,141.5999999999999,71.24477539062491,-324.4800086975098,368.63996582031245,295.82080078125
1763686670.833587,9,3,3,-0.06455182467950045,0.2442679396076438,-1.7568246394620377,0.013536019558359584,0.01655957844846811,-0.0012179424238631783,161.2799316406249,-371.9999755859375,373.2608886718749,116.6400085449219,-154.56001129150388,167.27055664062482,67.67995605468741,326.8800292968749,961.030517578125,-251.0401367187501,127.19985351562491,67.37282714843741,-307.68000946044924,349.44001464843745,280.332763671875
1763686670.9426925,9,3,3,-0.013414205671857984,0.27272284552742077,-1.470960131634769,0.01015979232813002,0.017772679268820844,-0.0010549115267684743,151.6799560546874,-345.6000122070312,346.1568847656249,119.04000244140627,-140.16000976562498,155.65434570312482,58.07998046874991,302.8800292968749,883.59033203125,-229.4400390625001,122.40004882812491,67.37282714843741,-283.68000946044924,320.63996582031245,268.716796875
1763686671.03639,9,3,3,0.03626683086429029,0.18221968690638385,-1.273981785548072,0.008356964444856499,0.013701552150522262,-0.0007511025050205427,144.4800048828124,-323.9999755859375,326.7967773437499,107.04000244140627,-137.7600158691406,144.03813476562482,60.48000488281241,290.8800292968749,833.25439453125,-219.8399414062501,119.99990234374991,55.75673828124991,-264.4800048828125,303.84003906249995,241.61279296875
1763686671.0953217,9,3,3,0.012085032442398863,0.1960776785659563,-1.2913066036146652,0.00812785007018114,0.014085087157485177,-0.0005247473334737315,142.0799804687499,-316.8000244140625,315.1808105468749,104.6400085449219,-132.9600128173828,132.42241210937482,58.07998046874991,278.8800292968749,806.150390625,-212.6399902343751,110.40004882812491,51.88479003906241,-259.68000946044924,291.84003906249995,237.74072265625
1763686671.189418,9,3,3,0.12319543288405055,0.21016909920550061,-1.1898659069732103,0.008645244975037878,0.010902659645605498,-0.0008015289597566306,132.4800048828124,-297.6000122070312,291.9488769531249,99.84002075195315,-123.36000671386716,120.80620117187482,60.48000488281241,266.8800292968749,763.558349609375,-198.2400878906251,107.99990234374991,48.01284179687491,-245.28000793457034,277.44001464843745,222.2529296875
1763686671.2817361,9,3,3,0.05463993551498893,0.1758961285741072,-0.9953448119183974,0.006368634627392103,0.01317721699501708,-0.0012853768340634264,127.67995605468741,-287.9999755859375,284.2047363281249,97.44002685546877,-116.16000976562498,124.67827148437482,60.48000488281241,254.8800292968749,724.83837890625,-191.0401367187501,105.59999999999991,40.26882324218741,-233.28000793457034,260.63996582031245,226.124755859375
1763686671.3895712,9,3,3,0.16135214934004324,0.17260311400509293,-1.0008473951727992,0.005726920942082768,0.010549942226726098,-0.0004310202980806117,122.88002929687491,-268.8000244140625,264.8448730468749,97.44002685546877,-111.36000671386716,113.06254882812482,50.87990722656241,245.2799316406249,674.50244140625,-181.4400390625001,98.40004882812491,40.26882324218741,-221.28000793457034,241.44001464843745,206.764892578125
1763686671.4982529,9,3,3,0.07972540198921912,0.06168938007607279,-0.8701875660956957,0.0038338000215766476,0.011449038374914485,-0.0005385926485084059,118.07998046874991,-259.1999877929687,249.3568359374999,90.24001464843752,-111.36000671386716,101.44633789062482,53.27993164062491,233.2799316406249,643.5263671875,-162.2400878906251,100.79995117187491,36.39675292968741,-211.6800018310547,231.84003906249995,191.27685546875
1763686671.5925615,9,3,3,0.17432425460640893,0.09520423102134541,-0.630222845298146,0.0047450713181199766,0.006081915576223226,-0.0004535437698039471,113.27993164062491,-247.19998779296873,229.9969726562499,90.24001464843752,-101.7600158691406,101.44633789062482,48.48000488281241,221.2799316406249,600.934326171875,-162.2400878906251,88.79995117187491,36.39675292968741,-199.6800018310547,219.84003906249995,191.27685546875
1763686671.7380562,9,3,3,0.07339135469829278,0.07464430780297265,-0.5986686442436702,0.0038708908163017555,0.00937971930648438,-0.000521185283278414,106.07998046874991,-223.19998779296873,214.5089355468749,87.84002075195315,-96.96001281738279,89.83012695312482,46.07998046874991,206.8800292968749,566.08642578125,-147.8399414062501,86.40004882812491,36.39675292968741,-187.6800018310547,203.03999023437495,175.788818359375
1763686671.8327565,9,3,3,0.13660988417835068,0.03578153549929763,-0.5599773091813964,0.0010673883632098004,0.007959865929906957,-0.0005950443390857953,101.27993164062491,-218.39999999999998,199.0208984374999,87.84002075195315,-89.7600158691406,89.83012695312482,41.27993164062491,202.0799804687499,531.238525390625,-140.6399902343751,83.99990234374991,24.78078613281241,-180.48000488281252,200.63996582031245,168.044921875
1763686671.937859,9,3,3,0.18101901257762226,-0.03561029454449992,-0.4509930557366788,-0.001456105401317643,0.005124272650400807,-0.0002490125081477942,98.88002929687491,-206.39999999999998,202.8929687499999,85.44002685546877,-84.96001281738279,85.95854492187482,41.27993164062491,190.0799804687499,519.62255859375,-133.4400390625001,81.59999999999991,28.65285644531241,-170.8799987792969,191.03999023437495,160.30078125
1763686671.9959836,9,3,3,0.17970554471476502,-0.029668376852285867,-0.5183937872621383,-0.0012738781572227118,0.006161844877908751,-0.0004289413740931284,91.67995605468741,-203.99997558593748,195.1488281249999,78.24001464843752,-80.16000976562498,78.21440429687482,38.87990722656241,180.4800048828124,504.134521484375,-135.8399414062501,83.99990234374991,20.90883789062491,-173.28000793457034,181.44001464843745,148.684814453125
1763686672.1391196,9,3,3,0.22380466004451705,0.07513679557990721,-0.27666799531828656,0.0013274590814767839,0.007141305179896476,-0.00041863844177178586,91.67995605468741,-194.39999999999998,168.0448242187499,73.44002685546877,-82.56000366210935,74.34233398437482,46.07998046874991,173.2800537109374,469.286376953125,-119.04013671875009,83.99990234374991,24.78078613281241,-163.6800018310547,169.44001464843745,148.684814453125
1763686672.231885,9,3,3,0.22947951386782312,0.013631148030433755,-0.25446378007758785,-0.002176858430805393,0.005554433932448636,-0.0005773657502107854,91.67995605468741,-179.99997558593748,164.1727539062499,78.24001464843752,-72.96001281738279,70.47026367187482,36.48000488281241,168.4800048828124,438.310546875,-116.63999023437509,71.99990234374991,17.03676757812491,-154.07999572753909,159.84003906249995,140.94091796875
1763686672.2913978,9,3,3,0.23436620746897524,0.03079506005893265,-0.30168277473049354,-0.001197378624987508,0.0052320634880074915,-0.0001224662743538761,79.67995605468741,-177.60001220703123,160.3009277343749,73.44002685546877,-72.96001281738279,74.34233398437482,36.48000488281241,163.6799560546874,438.310546875,-111.83994140625009,71.99990234374991,17.03676757812491,-149.28000793457034,159.84003906249995,137.06884765625
1763686672.4368184,9,3,3,0.1921999708348071,0.039165569559301866,-0.2101719659594,0.0005578198877035422,0.006383809597580932,-0.0002387194467658436,84.48000488281241,-170.39999999999998,148.6849609374999,68.6400085449219,-70.56000366210935,54.98247070312482,38.87990722656241,154.0799804687499,411.20654296875,-102.24008789062509,76.79995117187491,20.90883789062491,-146.8799987792969,152.63996582031245,133.19677734375
1763686672.4803357,9,3,3,0.16460135357347966,0.024232435387785405,-0.32653879218211584,0.000734531545105399,0.006798558625813165,-4.341406324770956e-05,79.67995605468741,-170.39999999999998,140.9408203124999,66.24001464843752,-70.56000366210935,66.59843749999982,38.87990722656241,154.0799804687499,407.33447265625,-102.24008789062509,71.99990234374991,17.03676757812491,-142.07999572753909,147.84003906249995,125.452880859375
1763686706.764336,9,3,3,0.20614744899057463,-0.05738874790790324,-0.2068261920014834,-0.003224630498572128,0.004905579933463739,0.00014493494963540763,-9.119970703125091,-76.79996337890623,-6.195166015625091,6.240014648437523,-20.160009765624977,-37.94575195312518,19.67995605468741,-6.719946289062591,82.08642578125,3.360009765624909,88.79995117187491,-2.323217773437591,-55.67998657226565,42.239941406249955,-2.3232421875
1763686714.8500223,9,3,3,0.20537137197213184,-0.07605257082851263,-0.2059265963318439,-0.003215591643498512,0.004641283065512291,-0.00024402880592386766,-11.519995117187591,-74.39999999999998,-10.067236328125091,11.040002441406273,-24.96001281738279,-45.68964843750018,24.48000488281241,-6.719946289062591,74.342529296875,3.360009765624909,83.99990234374991,-2.323217773437591,-48.48000488281252,39.840039062499955,-13.939208984375
