timestamp,position,x_pos,y_pos,fx,fy,fz,tx,ty,tz,mag0_x,mag0_y,mag0_z,mag1_x,mag1_y,mag1_z,mag2_x,mag2_y,mag2_z,mag3_x,mag3_y,mag3_z,mag4_x,mag4_y,mag4_z
1763686815.3639522,5,2,2,0.2479672531974889,0.035277217886777415,-0.25664639100448633,-0.0036196280387538566,0.0008643716260527889,3.795977591224261e-05,-35.51999511718759,-74.39999999999998,-10.067236328125091,-22.560003662109352,-24.96001281738279,-68.92158203125018,34.07998046874991,-35.51999511718759,62.7265625,8.160058593749909,71.99990234374991,5.420800781249909,-43.67998657226565,32.639965820312455,-44.915283203125
1763686815.48466,5,2,2,0.22861040598793747,0.037821750988827854,-0.33758641759482544,-0.0031198272311573293,0.0005618782232925954,1.104580142616393e-05,-33.11997070312509,-71.99997558593748,-10.067236328125091,-15.359991455078102,-24.96001281738279,-61.17768554687518,34.07998046874991,-35.51999511718759,66.598388671875,8.160058593749909,74.40004882812491,9.292749023437409,-46.08001098632815,30.239941406249955,-37.171142578125
1763686815.6726565,5,2,2,0.27404827437228463,0.0715139599679394,-0.27318437656917705,-0.003316870051674756,0.0002585722391334447,0.0001862781340573568,-30.72006835937509,-74.39999999999998,-13.939062500000091,-20.159979248046852,-22.560003662109352,-61.17768554687518,29.27993164062491,-35.51999511718759,70.470458984375,10.559960937499909,79.19985351562491,13.164819335937409,-46.08001098632815,35.039990234374955,-37.171142578125
1763686815.7832582,5,2,2,0.261451203261444,0.047219460162333096,-0.2534153793127737,-0.002674924593628934,0.00047971155878081634,0.00012021666735738163,-33.11997070312509,-76.79996337890623,-10.067236328125091,-15.359991455078102,-24.96001281738279,-65.04975585937518,34.07998046874991,-35.51999511718759,62.7265625,8.160058593749909,79.19985351562491,9.292749023437409,-48.48000488281252,30.239941406249955,-33.299072265625
1763686816.1738229,5,2,2,0.20506760973213725,0.03011131427761319,-0.25483558955766283,-0.0036794419939348588,0.0012399349410372933,-0.0003517939771152577,-35.51999511718759,-71.99997558593748,-6.195166015625091,-22.560003662109352,-24.96001281738279,-65.04975585937518,34.07998046874991,-37.92001953125009,58.8544921875,10.559960937499909,79.19985351562491,5.420800781249909,-43.67998657226565,35.039990234374955,-41.043212890625
1763686816.373984,5,2,2,0.2110240376282138,0.04219008385604188,-0.2540029426194781,-0.0030780783134882624,0.0020351628017929485,-0.00011523913557412273,-35.51999511718759,-74.39999999999998,-13.939062500000091,-20.159979248046852,-27.360006713867165,-65.04975585937518,31.67995605468741,-37.92001953125009,62.7265625,12.959863281249909,76.79995117187491,9.292749023437409,-50.8799987792969,35.039990234374955,-41.043212890625
1763686816.5641568,5,2,2,0.24805962820293082,0.054773808297304424,-0.2555260025763092,-0.003473601853394135,0.0008699874067728146,-0.0005099890611872444,-33.11997070312509,-71.99997558593748,-10.067236328125091,-20.159979248046852,-24.96001281738279,-57.30561523437518,36.48000488281241,-35.51999511718759,62.7265625,8.160058593749909,76.79995117187491,1.548852539062409,-48.48000488281252,35.039990234374955,-41.043212890625
1763686816.6716557,5,2,2,0.2290289301971847,0.006041613846066524,-0.3059542340505007,-0.0035411172305107154,0.0010294911290222065,2.3398638372730974e-05,-35.51999511718759,-81.60001220703123,-17.81113281250009,-17.759985351562477,-27.360006713867165,-72.79365234375018,34.07998046874991,-35.51999511718759,66.598388671875,10.559960937499909,79.19985351562491,9.292749023437409,-46.08001098632815,32.639965820312455,-41.043212890625
1763686816.968749,5,2,2,0.2096752322452886,0.03476017955614537,-0.25192788797715054,-0.002804987401488385,0.001495985874983114,-0.000425492054030051,0,0,0,0,0,0,0,0,0,0,0,0,0,0,0
1763686817.1729429,5,2,2,0.21255595562670143,0.05059887523313419,-0.22097344374228092,-0.0033516141559117494,0.0022156430831327414,-0.0007307999360421748,-35.51999511718759,-71.99997558593748,-13.939062500000091,-17.759985351562477,-24.96001281738279,-61.17768554687518,29.27993164062491,-37.92001953125009,58.8544921875,8.160058593749909,74.40004882812491,13.164819335937409,-43.67998657226565,35.039990234374955,-41.043212890625
1763686817.4672785,5,2,2,0.21223589382874958,0.0462265729629621,-0.2870871054180352,-0.003213479367572442,0.0009883162996502368,-0.00012824316214923447,-35.51999511718759,-71.99997558593748,-10.067236328125091,-15.359991455078102,-20.160009765624977,-57.30561523437518,31.67995605468741,-33.11997070312509,66.598388671875,8.160058593749909,79.19985351562491,9.292749023437409,-43.67998657226565,32.639965820312455,-37.171142578125
1763686817.8589237,5,2,2,0.21270731383720887,0.043261228424790694,-0.2714543177343227,-0.003412237267362627,0.0016419733032897602,-0.00035767055358248057,-28.32004394531259,-71.99997558593748,-6.195166015625091,-12.959997558593727,-27.360006713867165,-53.43354492187518,29.27993164062491,-35.51999511718759,66.598388671875,10.559960937499909,76.79995117187491,5.420800781249909,-50.8799987792969,32.639965820312455,-44.915283203125
1763686817.9801698,5,2,2,0.2086786773659427,0.005884648006609199,-0.3194717549383278,-0.002886738159620276,0.0014047802032707652,-0.00021290802033444576,-33.11997070312509,-76.79996337890623,-10.067236328125091,-12.959997558593727,-20.160009765624977,-61.17768554687518,29.27993164062491,-35.51999511718759,66.598388671875,10.559960937499909,76.79995117187491,5.420800781249909,-43.67998657226565,35.039990234374955,-44.915283203125
1763686818.1680593,5,2,2,0.20366745918658796,0.05930865354469614,-0.2193006709562804,-0.0030970330177069014,0.001446648719357656,-0.000339067162580811,-30.72006835937509,-74.39999999999998,-13.939062500000091,-22.560003662109352,-24.96001281738279,-65.04975585937518,26.87990722656241,-35.51999511718759,62.7265625,5.759912109374909,79.19985351562491,5.420800781249909,-43.67998657226565,35.039990234374955,-44.915283203125
1763686818.5718908,5,2,2,0.2139915307851949,-0.0056701033516702165,-0.30759881770015474,-0.004153753855559621,0.0014365553301664445,-0.0002913932030658081,-33.11997070312509,-69.60001220703123,-6.195166015625091,-20.159979248046852,-17.76000061035154,-65.04975585937518,34.07998046874991,-30.71994628906259,62.7265625,8.160058593749909,79.19985351562491,-2.323217773437591,-43.67998657226565,37.440014648437455,-41.043212890625
1763686818.773099,5,2,2,0.2137405019610708,0.03493469233895981,-0.20446389792455338,-0.0036248534789812795,0.0011718137254303495,-0.0004122301400588934,-33.11997070312509,-76.79996337890623,-13.939062500000091,-17.759985351562477,-24.96001281738279,-53.43354492187518,24.48000488281241,-33.11997070312509,66.598388671875,5.759912109374909,76.79995117187491,9.292749023437409,-43.67998657226565,35.039990234374955,-44.915283203125
1763686818.8699996,5,2,2,0.19459925893188018,0.02394606905669963,-0.3374483889588758,-0.00343422232414752,0.0017064359021718605,-0.0007704407253545579,-30.72006835937509,-74.39999999999998,-13.939062500000091,-17.759985351562477,-24.96001281738279,-61.17768554687518,31.67995605468741,-30.71994628906259,74.342529296875,10.559960937499909,76.79995117187491,5.420800781249909,-48.48000488281252,37.440014648437455,-44.915283203125
1763686818.9633467,5,2,2,0.22839639998650021,0.02510262265934634,-0.2367456244039412,-0.003216664527997013,0.0011489325268414907,-0.0007339267664260714,-33.11997070312509,-71.99997558593748,-6.195166015625091,-15.359991455078102,-22.560003662109352,-53.43354492187518,34.07998046874991,-28.32004394531259,74.342529296875,10.559960937499909,74.40004882812491,5.420800781249909,-46.08001098632815,32.639965820312455,-41.043212890625
1763686819.0728922,5,2,2,0.3052202040692569,0.08212518147118437,-0.32176152109642425,-0.0025712275213643876,-2.981598350847972e-06,1.4659899560040372e-05,-30.72006835937509,-76.79996337890623,-10.067236328125091,-15.359991455078102,-27.360006713867165,-49.56171875000018,31.67995605468741,-23.51999511718759,78.21435546875,5.759912109374909,76.79995117187491,9.292749023437409,-50.8799987792969,35.039990234374955,-41.043212890625
1763686819.3729775,5,2,2,0.22483059256467075,0.07508260777230238,-0.2155686031724729,-0.001961630760763009,0.0012835986970657768,-0.0005688554561990864,-28.32004394531259,-79.19998779296873,-6.195166015625091,-17.759985351562477,-27.360006713867165,-53.43354492187518,34.07998046874991,-23.51999511718759,78.21435546875,-1.440039062500091,69.59999999999991,5.420800781249909,-50.8799987792969,42.239941406249955,-33.299072265625
1763686819.4643373,5,2,2,0.25918596206397687,0.08685723129575369,-0.3341530513884533,-0.0018838612085041295,0.0005943625082940769,-0.0002995228077602789,-25.92001953125009,-79.19998779296873,1.548730468749909,-17.759985351562477,-24.96001281738279,-49.56171875000018,34.07998046874991,-18.71994628906259,89.83056640625,-1.440039062500091,64.79995117187491,9.292749023437409,-50.8799987792969,37.440014648437455,-37.171142578125
1763686819.5718977,5,2,2,0.23184070419868827,0.03848618718561128,-0.40225653662532795,-0.0021459695571660123,0.0018578771871028347,-0.00032031522682059675,-23.51999511718759,-81.60001220703123,5.420800781249909,-20.159979248046852,-27.360006713867165,-37.94575195312518,34.07998046874991,-18.71994628906259,97.574462890625,-8.639990234375091,62.40004882812491,9.292749023437409,-53.27999267578127,44.639965820312455,-37.171142578125
1763686819.6672885,5,2,2,0.2528033739856177,0.11651284393541742,-0.4627872057464243,-0.00034921519698784324,0.0010321056142052198,-0.000575785946593478,-25.92001953125009,-83.99997558593748,9.292871093749909,-17.759985351562477,-24.96001281738279,-41.81757812500018,34.07998046874991,-16.32004394531259,97.574462890625,-6.240087890625091,62.40004882812491,9.292749023437409,-55.67998657226565,47.039990234374955,-33.299072265625
1763686819.8676467,5,2,2,0.1924110348442583,0.10438522542975619,-0.42166092417169027,0.0013926311070190148,0.00261564389742763,-0.00039537058638932363,-23.51999511718759,-79.19998779296873,9.292871093749909,-20.159979248046852,-29.76000061035154,-34.07368164062518,34.07998046874991,-13.920019531250091,113.0625,-11.040136718750091,52.79995117187491,13.164819335937409,-55.67998657226565,44.639965820312455,-33.299072265625
1763686819.959763,5,2,2,0.18260731112542122,0.15003225081258523,-0.4522638698476651,0.002090548470818625,0.002511486136278963,-0.00040723347114117177,-28.32004394531259,-81.60001220703123,5.420800781249909,-22.560003662109352,-32.16000976562498,-41.81757812500018,36.48000488281241,-13.920019531250091,120.806396484375,-11.040136718750091,50.40004882812491,17.03676757812491,-62.8799987792969,47.039990234374955,-33.299072265625
1763686820.0711682,5,2,2,0.18703717088592492,0.13389749549227195,-0.4160377188066652,0.002794683691696786,0.0029671815023757453,-0.0008588125459799512,-30.72006835937509,-79.19998779296873,13.164941406249909,-27.359991455078102,-29.76000061035154,-37.94575195312518,36.48000488281241,-18.71994628906259,113.0625,-8.639990234375091,52.79995117187491,17.03676757812491,-58.08001098632815,47.039990234374955,-33.299072265625
1763686820.2722418,5,2,2,0.2182566465915704,0.1931282428485396,-0.5490372618160055,0.003933622615174592,0.0030507239751211587,3.148370653961144e-05,-28.32004394531259,-83.99997558593748,17.03676757812491,-22.560003662109352,-29.76000061035154,-26.329541015625182,31.67995605468741,-6.719946289062591,136.29443359375,-15.839941406250091,47.99990234374991,17.03676757812491,-55.67998657226565,54.239941406249955,-29.42724609375
1763686820.365807,5,2,2,0.1601993961472423,0.18904028210196347,-0.624282595022172,0.005383397462359733,0.0025388479209896204,-6.667864310745068e-05,-23.51999511718759,-81.60001220703123,20.90883789062491,-22.560003662109352,-24.96001281738279,-22.457714843750182,31.67995605468741,-11.519995117187591,144.038330078125,-18.24008789062509,40.79995117187491,13.164819335937409,-58.08001098632815,56.639965820312455,-29.42724609375
1763686820.5722651,5,2,2,0.20936344679981805,0.21224838929115553,-0.6761848255595524,0.0058814316295943345,0.003801243821011653,-0.00031961549672268906,-18.72006835937509,-79.19998779296873,20.90883789062491,-10.560003662109352,-24.96001281738279,-6.969677734375182,31.67995605468741,5.280053710937409,147.910400390625,-25.44003906250009,38.40004882812491,13.164819335937409,-55.67998657226565,63.840039062499955,-29.42724609375
1763686820.6633587,5,2,2,0.178333123177382,0.203057538601139,-0.6437280318395946,0.0051402376835203555,0.0036885565022344953,-0.0003884912943398753,-21.11997070312509,-81.60001220703123,24.78090820312491,-12.959997558593727,-22.560003662109352,-10.841748046875182,36.48000488281241,-1.920019531250091,147.910400390625,-23.04013671875009,35.99990234374991,17.03676757812491,-58.08001098632815,66.23994140624995,-25.55517578125
1763686820.772859,5,2,2,0.23160274181711266,0.2231133843676323,-0.5787688008344509,0.004998634319291927,0.003044199507210849,-0.0004462838649935578,-11.519995117187591,-79.19998779296873,24.78090820312491,-17.759985351562477,-27.360006713867165,-10.841748046875182,41.27993164062491,-4.320043945312591,151.782470703125,-25.44003906250009,40.79995117187491,13.164819335937409,-55.67998657226565,59.039990234374955,-25.55517578125
1763686820.9605107,5,2,2,0.20421079574765588,0.2093965394433839,-0.6605418804527614,0.005187982470234725,0.003093340307024864,-0.0007078475275094061,-23.51999511718759,-83.99997558593748,20.90883789062491,-17.759985351562477,-27.360006713867165,-10.841748046875182,34.07998046874991,0.48000488281240905,144.038330078125,-20.63999023437509,38.40004882812491,17.03676757812491,-60.48000488281252,56.639965820312455,-25.55517578125
1763686821.1653275,5,2,2,0.2141399017749477,0.1764353217139053,-0.7809830172964256,0.0045656330575247605,0.0026087224279601404,-0.00020358173167309027,-18.72006835937509,-79.19998779296873,24.78090820312491,-17.759985351562477,-24.96001281738279,-6.969677734375182,36.48000488281241,0.48000488281240905,144.038330078125,-20.63999023437509,35.99990234374991,13.164819335937409,-60.48000488281252,59.039990234374955,-29.42724609375
1763686821.2599168,5,2,2,0.22085493036268264,0.22055494883067533,-0.6095142244078529,0.005470199476539251,0.0026759606906156127,-0.0006113680875138887,0,0,0,0,0,0,0,0,0,0,0,0,0,0,0
1763686821.3781493,5,2,2,0.20270252306439046,0.17379740758475037,-0.7444064304941032,0.005235246870289061,0.002343941848474314,0.00012537448555835896,-18.72006835937509,-83.99997558593748,24.78090820312491,-15.359991455078102,-29.76000061035154,-10.841748046875182,36.48000488281241,-1.920019531250091,140.16650390625,-23.04013671875009,40.79995117187491,20.90883789062491,-60.48000488281252,59.039990234374955,-25.55517578125
1763686821.4654286,5,2,2,0.2129967756647621,0.2060700444698004,-0.6272338390614696,0.005183817541153076,0.0026429863540923977,-0.00038309479958882007,-21.11997070312509,-79.19998779296873,20.90883789062491,-17.759985351562477,-27.360006713867165,-14.713574218750182,38.87990722656241,-1.920019531250091,151.782470703125,-25.44003906250009,38.40004882812491,13.164819335937409,-58.08001098632815,61.440014648437455,-25.55517578125
1763686821.5594769,5,2,2,0.24744400486428605,0.21662427875449403,-0.6109728694530465,0.005279832595086713,0.002162453057866905,-0.0005344526727809574,-18.72006835937509,-76.79996337890623,20.90883789062491,-15.359991455078102,-24.96001281738279,-14.713574218750182,36.48000488281241,2.880029296874909,144.038330078125,-20.63999023437509,45.59999999999991,17.03676757812491,-60.48000488281252,56.639965820312455,-21.68310546875
1763686821.763978,5,2,2,0.21299837427664964,0.16680204115715466,-0.5097279349286367,0.004888296401562802,0.0024800396988767523,-0.0008862710209727073,-21.11997070312509,-79.19998779296873,24.78090820312491,-17.759985351562477,-24.96001281738279,-14.713574218750182,41.27993164062491,0.48000488281240905,144.038330078125,-20.63999023437509,38.40004882812491,17.03676757812491,-58.08001098632815,59.039990234374955,-37.171142578125
1763686821.874108,5,2,2,0.20303802918141084,0.2121637043221995,-0.6085972540512796,0.005578248310396537,0.002546597335713399,-0.00021885203188135564,-23.51999511718759,-76.79996337890623,20.90883789062491,-17.759985351562477,-27.360006713867165,-10.841748046875182,41.27993164062491,-1.920019531250091,140.16650390625,-23.04013671875009,40.79995117187491,20.90883789062491,-58.08001098632815,54.239941406249955,-33.299072265625
1763686821.9636965,5,2,2,0.18164992897688867,0.20255906798772932,-0.5276650140883801,0.004485716703575317,0.003485121555508017,-0.001053550620438518,-21.11997070312509,-79.19998779296873,20.90883789062491,-20.159979248046852,-29.76000061035154,-14.713574218750182,36.48000488281241,2.880029296874909,147.910400390625,-20.63999023437509,40.79995117187491,17.03676757812491,-55.67998657226565,59.039990234374955,-21.68310546875
1763686822.0700636,5,2,2,0.20455532193222148,0.19256992940002693,-0.5929855832475646,0.005080310703323876,0.0023495964772389266,-0.0006046921111638897,-21.11997070312509,-76.79996337890623,17.03676757812491,-17.759985351562477,-32.16000976562498,-14.713574218750182,41.27993164062491,-4.320043945312591,147.910400390625,-23.04013671875009,38.40004882812491,13.164819335937409,-58.08001098632815,61.440014648437455,-33.299072265625
1763686822.1663651,5,2,2,0.22268947809927578,0.24171618878642107,-0.6271222286954343,0.005314770273268951,0.002271108008630675,-0.00022938666408142124,-18.72006835937509,-79.19998779296873,20.90883789062491,-20.159979248046852,-27.360006713867165,-10.841748046875182,38.87990722656241,-1.920019531250091,144.038330078125,-20.63999023437509,40.79995117187491,17.03676757812491,-60.48000488281252,63.840039062499955,-25.55517578125
1763686822.2603493,5,2,2,0.20644112816414664,0.20453166828970928,-0.593729206792929,0.0048549162994527585,0.0017608596853841707,-0.0002944069598302728,-21.11997070312509,-79.19998779296873,20.90883789062491,-17.759985351562477,-29.76000061035154,-22.457714843750182,36.48000488281241,0.48000488281240905,144.038330078125,-23.04013671875009,38.40004882812491,17.03676757812491,-58.08001098632815,59.039990234374955,-21.68310546875
1763686822.572002,5,2,2,0.21131237750096865,0.18770158578686344,-0.7106437163074286,0.005353259874457213,0.0024631605347523585,-9.783774092698907e-05,-23.51999511718759,-86.39999999999998,17.03676757812491,-20.159979248046852,-27.360006713867165,-14.713574218750182,38.87990722656241,-1.920019531250091,144.038330078125,-23.04013671875009,38.40004882812491,17.03676757812491,-60.48000488281252,56.639965820312455,-25.55517578125
1763686822.66557,5,2,2,0.22397481699764893,0.21008217122398598,-0.5624054762065058,0.0047379703062502936,0.002638705353292075,-0.0002059349520202252,-23.51999511718759,-83.99997558593748,17.03676757812491,-17.759985351562477,-29.76000061035154,-14.713574218750182,38.87990722656241,-1.920019531250091,144.038330078125,-23.04013671875009,38.40004882812491,13.164819335937409,-60.48000488281252,59.039990234374955,-29.42724609375
1763686822.7609847,5,2,2,0.2307828277170401,0.19772415931085,-0.7804923691541836,0.004922486308101904,0.0021803340877791623,0.0001870068076859025,-21.11997070312509,-83.99997558593748,20.90883789062491,-20.159979248046852,-27.360006713867165,-22.457714843750182,36.48000488281241,-1.920019531250091,144.038330078125,-18.24008789062509,38.40004882812491,13.164819335937409,-58.08001098632815,59.039990234374955,-29.42724609375
1763686822.8677232,5,2,2,0.20464437430912047,0.24074797172256523,-0.6261830779904495,0.005468713590880404,0.002710237299037069,-0.00022809731204068232,-18.72006835937509,-76.79996337890623,20.90883789062491,-15.359991455078102,-24.96001281738279,-18.585644531250182,38.87990722656241,-4.320043945312591,144.038330078125,-23.04013671875009,38.40004882812491,9.292749023437409,-62.8799987792969,56.639965820312455,-25.55517578125
1763686823.0708473,5,2,2,0.2097778276451526,0.17039530622506327,-0.5481279150515066,0.003738881233787161,0.0025717286496075393,-0.0005143795341015882,-11.519995117187591,-76.79996337890623,24.78090820312491,-10.560003662109352,-20.160009765624977,-6.969677734375182,34.07998046874991,2.880029296874909,140.16650390625,-25.44003906250009,35.99990234374991,9.292749023437409,-55.67998657226565,61.440014648437455,-25.55517578125
1763686823.2115548,5,2,2,0.16441745152338452,0.13448534929085837,-0.6388803165521945,0.0018932283806239016,0.004142984970349831,-0.0003165663244326875,-11.519995117187591,-79.19998779296873,17.03676757812491,-5.759985351562477,-17.76000061035154,-6.969677734375182,34.07998046874991,5.280053710937409,144.038330078125,-25.44003906250009,43.19985351562491,5.420800781249909,-55.67998657226565,61.440014648437455,-21.68310546875
1763686823.4617672,5,2,2,0.1629270399776604,0.12563507430775167,-0.6206849112930531,0.002161870711945892,0.003978049201950298,-0.00038632521076427444,-21.11997070312509,-74.39999999999998,17.03676757812491,-12.959997558593727,-22.560003662109352,-26.329541015625182,34.07998046874991,-6.719946289062591,128.550537109375,-20.63999023437509,47.99990234374991,17.03676757812491,-55.67998657226565,56.639965820312455,-25.55517578125
1763686823.571033,5,2,2,0.21178108204605478,0.1142557775434494,-0.5414574633994551,0.0009340474850058288,0.0023345519041878594,-0.000597568029961384,-21.11997070312509,-76.79996337890623,9.292871093749909,-15.359991455078102,-22.560003662109352,-26.329541015625182,34.07998046874991,-4.320043945312591,124.678466796875,-20.63999023437509,50.40004882812491,9.292749023437409,-55.67998657226565,51.840039062499955,-25.55517578125
1763686823.6659524,5,2,2,0.16774918903373987,0.07126889418377658,-0.4804224089886231,-0.0010903157429810238,0.003071761756911021,-0.0006586137970377014,-21.11997070312509,-74.39999999999998,13.164941406249909,-10.560003662109352,-20.160009765624977,-34.07368164062518,34.07998046874991,-9.119970703125091,113.0625,-15.839941406250091,50.40004882812491,5.420800781249909,-50.8799987792969,51.840039062499955,-29.42724609375
1763686823.775601,5,2,2,0.21977001528848794,0.11318443237223055,-0.43040913310530887,-0.0007101332453850614,0.0020604487619633317,-0.0003305501702763565,-28.32004394531259,-81.60001220703123,5.420800781249909,-20.159979248046852,-29.76000061035154,-34.07368164062518,34.07998046874991,-16.32004394531259,116.934326171875,-6.240087890625091,57.59999999999991,13.164819335937409,-50.8799987792969,54.239941406249955,-37.171142578125
1763686823.960896,5,2,2,0.27200683573776663,0.11242923909161837,-0.3654714252047606,-0.0008600052958603324,0.001712295966213318,-0.000542850276276822,-23.51999511718759,-79.19998779296873,9.292871093749909,-12.959997558593727,-27.360006713867165,-34.07368164062518,31.67995605468741,-9.119970703125091,109.1904296875,-6.240087890625091,59.99990234374991,5.420800781249909,-53.27999267578127,47.039990234374955,-25.55517578125
1763686824.0719833,5,2,2,0.2777159895078391,0.08254963736780191,-0.3341932634216601,-0.002066391468438531,-0.0009737604965590265,-0.00014404167607622964,-18.72006835937509,-81.60001220703123,1.548730468749909,-12.959997558593727,-27.360006713867165,-45.68964843750018,36.48000488281241,-16.32004394531259,109.1904296875,-3.839941406250091,64.79995117187491,9.292749023437409,-50.8799987792969,42.239941406249955,-33.299072265625
1763686824.2752924,5,2,2,-0.06269182131579171,0.19373114315087542,-0.28433388183538033,-7.824098957000605e-05,0.005254763312047972,-0.0004368017650605595,-21.11997070312509,-76.79996337890623,1.548730468749909,-10.560003662109352,-24.96001281738279,-37.94575195312518,31.67995605468741,-11.519995117187591,97.574462890625,-6.240087890625091,62.40004882812491,9.292749023437409,-53.27999267578127,44.639965820312455,-21.68310546875
1763686824.5701125,5,2,2,-0.059168321975815064,0.6057135914764027,-0.212410606393458,0.006648040054860527,0.006938759500522301,-0.0001830164780891937,-33.11997070312509,-76.79996337890623,1.548730468749909,-20.159979248046852,-24.96001281738279,-57.30561523437518,29.27993164062491,-28.32004394531259,78.21435546875,3.360009765624909,71.99990234374991,13.164819335937409,-48.48000488281252,42.239941406249955,-41.043212890625
1763686824.6636457,5,2,2,0.00603914852450374,0.31546271031378503,-0.349704666826235,0.0010872606572917992,0.003990535998003912,-0.00023186688729497247,-35.51999511718759,-76.79996337890623,-6.195166015625091,-20.159979248046852,-27.360006713867165,-57.30561523437518,31.67995605468741,-33.11997070312509,78.21435546875,3.360009765624909,69.59999999999991,9.292749023437409,-46.08001098632815,37.440014648437455,-41.043212890625
1763686824.9748726,5,2,2,0.16822863499417723,0.02921172932083426,-0.3016514009921226,-0.003224678232790743,0.001850879510659195,-0.0010697528515172376,-33.11997070312509,-76.79996337890623,-6.195166015625091,-22.560003662109352,-27.360006713867165,-57.30561523437518,31.67995605468741,-33.11997070312509,78.21435546875,0.959863281249909,71.99990234374991,9.292749023437409,-48.48000488281252,39.840039062499955,-37.171142578125
1763686825.069052,5,2,2,0.21870455531444305,0.07273020349801226,-0.3349492284653879,-0.002502864359828029,0.0006515333020024319,-6.649165914547725e-05,-35.51999511718759,-81.60001220703123,-13.939062500000091,-20.159979248046852,-27.360006713867165,-65.04975585937518,31.67995605468741,-28.32004394531259,78.21435546875,3.360009765624909,64.79995117187491,9.292749023437409,-46.08001098632815,35.039990234374955,-44.915283203125
1763686825.1120915,5,2,2,0.23260905690887762,0.06176902718719878,-0.2659809134250041,-0.0019078385098322934,0.0009304589689566722,-0.00035103300836969095,-30.72006835937509,-74.39999999999998,-6.195166015625091,-24.959997558593727,-24.96001281738279,-61.17768554687518,31.67995605468741,-30.71994628906259,82.08642578125,5.759912109374909,69.59999999999991,13.164819335937409,-46.08001098632815,37.440014648437455,-41.043212890625
1763686825.206158,5,2,2,0.2087068058883077,0.044592466887811204,-0.3854973518517058,-0.0026026512401039455,0.001586727162586185,-0.0006295238205266898,-30.72006835937509,-74.39999999999998,-6.195166015625091,-20.159979248046852,-24.96001281738279,-53.43354492187518,29.27993164062491,-30.71994628906259,78.21435546875,3.360009765624909,69.59999999999991,5.420800781249909,-53.27999267578127,37.440014648437455,-41.043212890625
1763686825.4077654,5,2,2,0.21410016870497112,0.06682762846907284,-0.25321480212110603,-0.0033803427933123673,0.000602463921499729,-0.0006660537606470554,-33.11997070312509,-79.19998779296873,-10.067236328125091,-22.560003662109352,-24.96001281738279,-57.30561523437518,34.07998046874991,-30.71994628906259,74.342529296875,8.160058593749909,67.19985351562491,1.548852539062409,-46.08001098632815,37.440014648437455,-41.043212890625
1763686825.5656376,5,2,2,0.21275706037913017,0.04590198841743443,-0.42242008630189737,-0.0034260341893383936,0.0010590292521755874,-0.0001774740641014653,-33.11997070312509,-76.79996337890623,-6.195166015625091,-20.159979248046852,-22.560003662109352,-53.43354492187518,31.67995605468741,-25.92001953125009,78.21435546875,5.759912109374909,74.40004882812491,9.292749023437409,-53.27999267578127,32.639965820312455,-41.043212890625
1763686825.6755779,5,2,2,0.2379081037206846,0.04121885625833454,-0.2879576924635433,-0.0032530073229083438,0.000769717060247349,-0.0002848394487971845,-35.51999511718759,-81.60001220703123,-10.067236328125091,-20.159979248046852,-24.96001281738279,-61.17768554687518,29.27993164062491,-37.92001953125009,70.470458984375,8.160058593749909,69.59999999999991,5.420800781249909,-46.08001098632815,35.039990234374955,-44.915283203125
1763686825.8617036,5,2,2,0.21573469245482801,0.04915692652383233,-0.3510915089586242,-0.0022157734395674795,0.0017203584037492742,-0.0004595880738533849,-30.72006835937509,-76.79996337890623,-13.939062500000091,-20.159979248046852,-27.360006713867165,-61.17768554687518,29.27993164062491,-33.11997070312509,74.342529296875,0.959863281249909,71.99990234374991,9.292749023437409,-46.08001098632815,35.039990234374955,-41.043212890625
1763686825.969155,5,2,2,0.2077533085218652,0.06770176899927488,-0.3156462708081197,-0.0020469595370364462,0.0008558842687813531,-0.00044796701351131833,-33.11997070312509,-74.39999999999998,-2.323095703125091,-22.560003662109352,-29.76000061035154,-57.30561523437518,31.67995605468741,-35.51999511718759,74.342529296875,8.160058593749909,74.40004882812491,9.292749023437409,-43.67998657226565,39.840039062499955,-56.53125
1763686826.074503,5,2,2,0.2631503134334011,0.06616274286399537,-0.2029119183334019,-0.002859318025349303,0.0004750119238914887,-0.0006460445707538043,-30.72006835937509,-81.60001220703123,-10.067236328125091,-24.959997558593727,-24.96001281738279,-65.04975585937518,34.07998046874991,-33.11997070312509,78.21435546875,8.160058593749909,69.59999999999991,13.164819335937409,-46.08001098632815,30.239941406249955,-44.915283203125
1763686826.27017,5,2,2,0.206006175863478,0.05670427766244187,-0.2983719846179656,-0.0017956247457226776,0.0012514495664400214,-0.00028326968072142405,-35.51999511718759,-76.79996337890623,-10.067236328125091,-24.959997558593727,-27.360006713867165,-61.17768554687518,36.48000488281241,-33.11997070312509,66.598388671875,10.559960937499909,71.99990234374991,13.164819335937409,-50.8799987792969,37.440014648437455,-41.043212890625
1763686826.3741543,5,2,2,0.2091541910400732,0.08493931900771559,-0.31728883304825684,-0.0022437669995266345,0.0013961411894533307,-0.0002944523458859202,-33.11997070312509,-76.79996337890623,-10.067236328125091,-24.959997558593727,-22.560003662109352,-61.17768554687518,34.07998046874991,-35.51999511718759,74.342529296875,5.759912109374909,76.79995117187491,5.420800781249909,-50.8799987792969,37.440014648437455,-44.915283203125
1763686826.576071,5,2,2,0.22996292395325374,-0.01256737222444218,-0.23837469254362972,-0.003856179744875834,0.000572074729342661,-0.0008123120416786341,-33.11997070312509,-74.39999999999998,-6.195166015625091,-17.759985351562477,-24.96001281738279,-57.30561523437518,31.67995605468741,-28.32004394531259,74.342529296875,3.360009765624909,74.40004882812491,5.420800781249909,-46.08001098632815,39.840039062499955,-33.299072265625
1763686826.6682599,5,2,2,0.23505499352403347,0.04337099976690389,-0.2512127040751539,-0.0025500743334658177,0.00043509392362273586,-0.0002688890513448376,-35.51999511718759,-71.99997558593748,-10.067236328125091,-20.159979248046852,-27.360006713867165,-65.04975585937518,31.67995605468741,-35.51999511718759,70.470458984375,8.160058593749909,71.99990234374991,13.164819335937409,-50.8799987792969,35.039990234374955,-44.915283203125
1763686826.7611287,5,2,2,0.20640562509039517,0.07756917879554112,-0.21270996333114645,-0.0016091520080652741,0.000889722661649349,-0.0008010455722456057,-35.51999511718759,-74.39999999999998,-10.067236328125091,-22.560003662109352,-29.76000061035154,-61.17768554687518,34.07998046874991,-35.51999511718759,74.342529296875,8.160058593749909,74.40004882812491,9.292749023437409,-46.08001098632815,37.440014648437455,-41.043212890625
1763686827.080263,5,2,2,0.21228836095092152,0.026896643461757068,-0.2196857164934915,-0.003358080814950129,0.0008154409144140161,-0.0004940485351746087,-37.92001953125009,-76.79996337890623,-10.067236328125091,-22.560003662109352,-27.360006713867165,-61.17768554687518,31.67995605468741,-37.92001953125009,66.598388671875,8.160058593749909,71.99990234374991,9.292749023437409,-48.48000488281252,35.039990234374955,-44.915283203125
1763686827.1662223,5,2,2,0.18568314616972154,0.10367572625549765,-0.31115896943448185,-0.0007640545431974589,0.002185728091432733,-0.0005998667023848785,-35.51999511718759,-76.79996337890623,-13.939062500000091,-24.959997558593727,-24.96001281738279,-57.30561523437518,31.67995605468741,-35.51999511718759,74.342529296875,5.759912109374909,71.99990234374991,9.292749023437409,-43.67998657226565,37.440014648437455,-48.787109375
1763686827.4661329,5,2,2,0.2448367959104717,0.03550086600083831,-0.25296272786314555,-0.0029685758243989894,0.0009160914798665588,-0.0008960547957066758,-35.51999511718759,-76.79996337890623,-10.067236328125091,-29.759985351562477,-27.360006713867165,-65.04975585937518,34.07998046874991,-35.51999511718759,78.21435546875,3.360009765624909,74.40004882812491,9.292749023437409,-43.67998657226565,37.440014648437455,-44.915283203125
1763686827.5714927,5,2,2,0.23952264718394728,0.0846137880841614,-0.26504842855845884,-0.0013875710202877324,0.0014353142230923502,-0.0002721770524782806,-33.11997070312509,-76.79996337890623,-6.195166015625091,-24.959997558593727,-32.16000976562498,-57.30561523437518,29.27993164062491,-33.11997070312509,78.21435546875,8.160058593749909,71.99990234374991,5.420800781249909,-50.8799987792969,30.239941406249955,-44.915283203125
1763686828.068403,5,2,2,0.2468247291301378,0.05820117794373949,-0.28694648637569325,-0.0031130157342288065,0.00013354184570513395,-0.0005200950668457844,-35.51999511718759,-79.19998779296873,-13.939062500000091,-20.159979248046852,-27.360006713867165,-61.17768554687518,31.67995605468741,-30.71994628906259,66.598388671875,8.160058593749909,76.79995117187491,13.164819335937409,-48.48000488281252,35.039990234374955,-41.043212890625
1763686828.2698443,5,2,2,0.20770162137185488,0.02875654803867385,-0.2491098668040103,-0.002344127882907558,0.0006808488953958272,-0.0005002958851623308,-37.92001953125009,-74.39999999999998,-13.939062500000091,-24.959997558593727,-24.96001281738279,-61.17768554687518,36.48000488281241,-35.51999511718759,62.7265625,8.160058593749909,71.99990234374991,13.164819335937409,-50.8799987792969,32.639965820312455,-48.787109375
1763686828.3750758,5,2,2,0.20510514516351047,0.07349936919854436,-0.22982909057824186,-0.001495020296761615,0.0019348478243464975,-0.0010406112029929093,-33.11997070312509,-74.39999999999998,-6.195166015625091,-27.359991455078102,-24.96001281738279,-57.30561523437518,34.07998046874991,-37.92001953125009,62.7265625,8.160058593749909,81.59999999999991,9.292749023437409,-46.08001098632815,32.639965820312455,-44.915283203125
1763686828.4731698,5,2,2,0.21654131569692875,0.07325199267368324,-0.24823310952320443,-0.0019795120606440086,0.0006015031436954778,-0.000502365363947032,-30.72006835937509,-76.79996337890623,-10.067236328125091,-17.759985351562477,-27.360006713867165,-61.17768554687518,31.67995605468741,-35.51999511718759,74.342529296875,5.759912109374909,71.99990234374991,5.420800781249909,-46.08001098632815,32.639965820312455,-41.043212890625
1763686828.5648587,5,2,2,0.238139542247716,0.03254211912968431,-0.20333774493819837,-0.0033019256466416905,0.00040820596649375745,-0.0005668729239697838,-35.51999511718759,-76.79996337890623,-13.939062500000091,-20.159979248046852,-24.96001281738279,-57.30561523437518,34.07998046874991,-35.51999511718759,70.470458984375,8.160058593749909,74.40004882812491,9.292749023437409,-46.08001098632815,32.639965820312455,-41.043212890625
1763686828.67478,5,2,2,0.21786656244470481,0.08044449490767899,-0.24979735713939952,-0.002265684398635257,0.0011475916568864345,-0.0006610571175905622,-37.92001953125009,-76.79996337890623,-6.195166015625091,-27.359991455078102,-27.360006713867165,-65.04975585937518,34.07998046874991,-40.32004394531259,70.470458984375,12.959863281249909,76.79995117187491,13.164819335937409,-50.8799987792969,35.039990234374955,-48.787109375
1763686828.7683885,5,2,2,0.19503007511974707,0.08899661182224232,-0.27877098337430506,-0.0010388122406584605,0.0020137099894625295,-0.0005882971470150902,-37.92001953125009,-79.19998779296873,-17.81113281250009,-22.560003662109352,-24.96001281738279,-61.17768554687518,31.67995605468741,-37.92001953125009,78.21435546875,3.360009765624909,71.99990234374991,5.420800781249909,-48.48000488281252,32.639965820312455,-44.915283203125
1763686828.863697,5,2,2,0.22581221888128178,0.07766540566075175,-0.2827357052688426,-0.0021227497372857404,0.000609272013406995,-0.0005939351078763773,-35.51999511718759,-76.79996337890623,-10.067236328125091,-22.560003662109352,-24.96001281738279,-57.30561523437518,36.48000488281241,-35.51999511718759,70.470458984375,5.759912109374909,79.19985351562491,1.548852539062409,-46.08001098632815,32.639965820312455,-44.915283203125
1763686829.1807623,5,2,2,0.22151987162280593,0.013200516220820739,-0.3216323412818841,-0.0036641654405375253,0.0004416315057806283,-0.0005307331307361412,-30.72006835937509,-79.19998779296873,-13.939062500000091,-20.159979248046852,-32.16000976562498,-57.30561523437518,34.07998046874991,-35.51999511718759,66.598388671875,10.559960937499909,74.40004882812491,9.292749023437409,-48.48000488281252,37.440014648437455,-37.171142578125
1763686829.2658718,5,2,2,0.2611750648502223,0.035160536422730024,-0.23593969640521495,-0.0028014416150443366,0.0008770632736641412,-0.0011238574020509832,-30.72006835937509,-79.19998779296873,-6.195166015625091,-15.359991455078102,-24.96001281738279,-57.30561523437518,34.07998046874991,-28.32004394531259,82.08642578125,5.759912109374909,74.40004882812491,13.164819335937409,-48.48000488281252,35.039990234374955,-37.171142578125
1763686829.8719351,5,2,2,0.2407547797234637,0.09857871265813145,-0.5592353217143372,0.00032849951097872526,-0.0002661757924251921,-0.00044955918176710114,-11.519995117187591,-81.60001220703123,13.164941406249909,-5.759985351562477,-27.360006713867165,-14.713574218750182,36.48000488281241,2.880029296874909,132.42236328125,-18.24008789062509,47.99990234374991,1.548852539062409,-55.67998657226565,54.239941406249955,-13.939208984375
1763686829.9652445,5,2,2,0.29587081162820694,0.12550247618270644,-0.6311733189743423,-0.0003118310130206121,-0.0002937313221775893,-0.0007152744080469671,-9.119970703125091,-81.60001220703123,17.03676757812491,-3.3599914550781023,-22.560003662109352,-6.969677734375182,34.07998046874991,14.880029296874909,136.29443359375,-23.04013671875009,38.40004882812491,1.548852539062409,-55.67998657226565,54.239941406249955,-13.939208984375
1763686830.07558,5,2,2,0.2544010482465974,0.09731058113712074,-0.6590182747400479,0.0009623860969142758,0.00017419100175894106,-0.00024775154970693236,-13.920019531250091,-79.19998779296873,20.90883789062491,-10.560003662109352,-15.360006713867165,-3.097607421875182,36.48000488281241,12.480004882812409,163.3984375,-30.24008789062509,31.19985351562491,1.548852539062409,-55.67998657226565,66.23994140624995,-17.811279296875
1763686830.1670341,5,2,2,0.17008008912427428,0.20617814999054743,-0.8126244570120121,0.004938388503178336,0.004206167615001428,-0.0005280025881193812,-4.320043945312591,-76.79996337890623,24.78090820312491,-3.3599914550781023,-15.360006713867165,8.518359374999818,41.27993164062491,24.48000488281241,167.2705078125,-32.63999023437509,26.40004882812491,1.548852539062409,-58.08001098632815,66.23994140624995,-17.811279296875
1763686830.2878523,5,2,2,0.21469161455729482,0.18154198059787127,-0.8125580026262449,0.004598378468479119,0.0012962832572618673,-0.0006845536784530228,10.079980468749909,-71.99997558593748,40.26894531249991,8.640008544921898,-10.560003662109352,39.49443359374982,36.48000488281241,34.07998046874991,182.758544921875,-44.63999023437509,19.19985351562491,-6.195166015625091,-55.67998657226565,73.44001464843745,-2.3232421875
1763686830.3809855,5,2,2,0.22073687823270538,0.2160808829642097,-1.0125402353212596,0.005330324200289919,0.001502094131593619,-0.0003649038348887764,0,0,0,0,0,0,0,0,0,0,0,0,0,0,0
1763686830.489434,5,2,2,0.24388022190031008,0.304952855137077,-1.157346579880273,0.008164873284486045,0.004406201468966978,-0.0005678973598788491,17.27993164062491,-71.99997558593748,48.01284179687491,18.240014648437523,1.4399963378906477,70.47026367187482,38.87990722656241,46.07998046874991,209.862548828125,-56.63999023437509,7.199853515624909,-6.195166015625091,-53.27999267578127,92.63996582031245,-2.3232421875
1763686830.664578,5,2,2,0.1506361277138735,0.21330525558060826,-1.3088838996756265,0.007029632012057238,0.004627005695884184,-0.00030565094075234216,31.67995605468741,-64.79996337890623,59.62880859374991,37.44002685546877,15.839990234375023,101.44633789062482,36.48000488281241,70.07998046874991,233.094482421875,-73.44003906250009,-12.000097656250091,-25.55515136718759,-53.27999267578127,99.84003906249995,24.78076171875
1763686830.9762838,5,2,2,0.06969605248843583,0.20532861231937682,-1.5006838991123066,0.005327001083909396,0.009310821175370824,-0.0010048808631699221,46.07998046874991,-64.79996337890623,55.75673828124991,51.84002075195315,23.040002441406273,113.06254882812482,34.07998046874991,82.07998046874991,240.83837890625,-80.63999023437509,-12.000097656250091,-29.42722167968759,-50.8799987792969,104.63996582031245,28.65283203125
1763686831.2705188,5,2,2,0.06217918501331335,0.26428152531633614,-1.4431732648620468,0.007507864089753101,0.009960442076286932,-0.0005107082194507609,38.88002929687491,-69.60001220703123,55.75673828124991,44.6400085449219,20.640008544921898,109.19047851562482,38.87990722656241,82.07998046874991,236.966552734375,-75.83994140625009,-9.599951171875091,-33.29916992187509,-53.27999267578127,104.63996582031245,28.65283203125
1763686831.3648522,5,2,2,0.14706859852581355,0.18971940915485416,-1.4342540877866248,0.00543865685981664,0.0064946626881186974,-0.0003548818906208982,48.48000488281241,-64.79996337890623,67.37294921874991,49.44002685546877,18.239984130859398,109.19047851562482,41.27993164062491,89.28005371093741,240.83837890625,-73.44003906250009,-9.599951171875091,-33.29916992187509,-58.08001098632815,99.84003906249995,32.52490234375
1763686831.4717226,5,2,2,0.2163041743009719,0.15436821182448246,-1.3648844245904341,0.0015049776357058623,0.0037934908014524028,-0.0006578943342895349,50.88002929687491,-69.60001220703123,55.75673828124991,49.44002685546877,15.839990234375023,105.31840820312482,46.07998046874991,89.28005371093741,244.71044921875,-78.24008789062509,-12.000097656250091,-29.42722167968759,-60.48000488281252,102.23994140624995,28.65283203125
1763686831.56456,5,2,2,0.21974825973874618,0.20501314655705552,-1.4682774896146311,0.0051107162414487164,0.002011465218670736,9.788708202575571e-05,46.07998046874991,-74.39999999999998,63.50087890624991,42.24001464843752,13.439996337890648,109.19047851562482,46.07998046874991,91.67995605468741,252.454345703125,-75.83994140625009,-14.400000000000091,-21.68320312500009,-60.48000488281252,102.23994140624995,36.396728515625
1763686831.766275,5,2,2,0.28894362132152923,0.22155598019990214,-1.3576038871657965,0.0034398342941424007,0.0003770715680274997,-0.0005757144715172091,50.88002929687491,-69.60001220703123,63.50087890624991,56.6400085449219,15.839990234375023,105.31840820312482,46.07998046874991,96.48000488281241,252.454345703125,-78.24008789062509,-12.000097656250091,-25.55515136718759,-62.8799987792969,102.23994140624995,36.396728515625
1763686831.877037,5,2,2,0.24565548912865837,0.17663672964899063,-1.4252786219317657,0.00305383966222099,0.0009259418911186329,-0.00012817801818650423,41.27993164062491,-69.60001220703123,63.50087890624991,39.84002075195315,11.040002441406273,109.19047851562482,48.48000488281241,89.28005371093741,252.454345703125,-71.04013671875009,-14.400000000000091,-25.55515136718759,-60.48000488281252,104.63996582031245,32.52490234375
1763686831.969612,5,2,2,0.21847314651849942,0.26033454698244823,-1.4583940335128207,0.007734099625654546,0.002341797905160265,-0.00028280803311245,46.07998046874991,-74.39999999999998,63.50087890624991,47.04000244140627,8.640008544921898,105.31840820312482,41.27993164062491,89.28005371093741,248.58251953125,-71.04013671875009,-12.000097656250091,-21.68320312500009,-58.08001098632815,102.23994140624995,36.396728515625
1763686832.1697488,5,2,2,0.24726140558983895,0.1570762751565027,-1.3594636615602482,0.0025771713989689938,0.0007306623716034515,-0.0002614484407221767,48.48000488281241,-74.39999999999998,67.37294921874991,44.6400085449219,13.439996337890648,101.44633789062482,38.87990722656241,98.88002929687491,248.58251953125,-75.83994140625009,-14.400000000000091,-29.42722167968759,-58.08001098632815,99.84003906249995,28.65283203125
1763686832.2635365,5,2,2,0.2512166064428145,0.234171291795612,-1.331196345296052,0.006054981229426962,0.0019590398083270664,-0.0003208561826284743,43.67995605468741,-71.99997558593748,67.37294921874991,44.6400085449219,11.040002441406273,101.44633789062482,38.87990722656241,86.88002929687491,248.58251953125,-78.24008789062509,-9.599951171875091,-17.81125488281259,-58.08001098632815,99.84003906249995,24.78076171875
1763686832.3065107,5,2,2,0.2549638412231667,0.25186593980054883,-1.3844504731286318,0.005334376542318015,0.002190630237459648,-0.0006572815293710787,43.67995605468741,-67.19998779296873,63.50087890624991,47.04000244140627,11.040002441406273,101.44633789062482,41.27993164062491,86.88002929687491,244.71044921875,-75.83994140625009,-14.400000000000091,-21.68320312500009,-60.48000488281252,102.23994140624995,24.78076171875
1763686832.3997464,5,2,2,0.2058571329848339,0.26583573832492297,-1.3276792245513889,0.0067986028420512126,0.003199457725774599,-0.00039679169187872897,50.88002929687491,-71.99997558593748,59.62880859374991,47.04000244140627,11.040002441406273,101.44633789062482,48.48000488281241,94.07998046874991,248.58251953125,-80.63999023437509,-9.599951171875091,-29.42722167968759,-55.67998657226565,102.23994140624995,32.52490234375
1763686832.492016,5,2,2,0.23866250877754602,0.21329436894151182,-1.2847338112312316,0.004891343333503018,0.0020563444110461545,-0.0002292381367509902,0,0,0,0,0,0,0,0,0,0,0,0,0,0,0
1763686832.5860767,5,2,2,0.2644144120516435,0.1470744193790746,-1.3097885534089606,0.002512512190187078,0.0005905386128681818,-0.0003214139222611766,41.27993164062491,-69.60001220703123,63.50087890624991,49.44002685546877,13.439996337890648,105.31840820312482,43.67995605468741,91.67995605468741,244.71044921875,-75.83994140625009,-12.000097656250091,-29.42722167968759,-55.67998657226565,99.84003906249995,28.65283203125
1763686832.679708,5,2,2,0.2002521369272359,0.21330419470002282,-1.3816989048140709,0.005696148842498878,0.002667237017523277,-2.546760101944487e-05,48.48000488281241,-69.60001220703123,63.50087890624991,51.84002075195315,8.640008544921898,105.31840820312482,43.67995605468741,84.48000488281241,244.71044921875,-73.44003906250009,-12.000097656250091,-25.55515136718759,-55.67998657226565,102.23994140624995,28.65283203125
1763686832.7793107,5,2,2,0.21490095858097497,0.205958774955025,-1.3536144671895316,0.004294083397782124,0.002715413934674456,-0.00041189754203268825,48.48000488281241,-69.60001220703123,67.37294921874991,54.24001464843752,15.839990234375023,101.44633789062482,48.48000488281241,96.48000488281241,256.326416015625,-75.83994140625009,-9.599951171875091,-33.29916992187509,-60.48000488281252,99.84003906249995,40.268798828125
1763686832.8727558,5,2,2,0.2478893603490575,0.1818240351073594,-1.2252402560308349,0.0026257318235545822,0.0017756105679861572,-0.0009188742468014583,50.88002929687491,-71.99997558593748,63.50087890624991,49.44002685546877,11.040002441406273,105.31840820312482,43.67995605468741,91.67995605468741,240.83837890625,-73.44003906250009,-12.000097656250091,-21.68320312500009,-55.67998657226565,99.84003906249995,32.52490234375
1763686832.9621737,5,2,2,0.20628044677481536,0.2092332098278516,-1.2862605255365673,0.004334246302049452,0.00317266635853029,-0.00046598329201911305,43.67995605468741,-71.99997558593748,63.50087890624991,42.24001464843752,11.040002441406273,101.44633789062482,41.27993164062491,84.48000488281241,248.58251953125,-73.44003906250009,-7.200048828125091,-17.81125488281259,-60.48000488281252,107.03999023437495,20.90869140625
1763686833.0713136,5,2,2,0.18028338503151237,0.24770673448785274,-1.4299996909080064,0.006444489779124966,0.00424545962000753,-0.00019837874939664877,0,0,0,0,0,0,0,0,0,0,0,0,0,0,0
1763686833.1659386,5,2,2,0.21262260401984884,0.20575371864457576,-1.2839398180347135,0.004804576736622119,0.0028516436865270783,-0.0008538090592761832,50.88002929687491,-69.60001220703123,63.50087890624991,51.84002075195315,11.040002441406273,105.31840820312482,43.67995605468741,94.07998046874991,244.71044921875,-78.24008789062509,-14.400000000000091,-25.55515136718759,-55.67998657226565,102.23994140624995,32.52490234375
1763686833.2760718,5,2,2,0.21172036779074502,0.14366852056358562,-1.3582500118598935,0.0026079245561608714,0.0018907125953222079,-0.0008065252443779398,46.07998046874991,-69.60001220703123,55.75673828124991,49.44002685546877,8.640008544921898,101.44633789062482,46.07998046874991,89.28005371093741,244.71044921875,-80.63999023437509,-14.400000000000091,-21.68320312500009,-62.8799987792969,102.23994140624995,32.52490234375
1763686833.3701007,5,2,2,0.23782378395745526,0.174573771353319,-1.2334742964244783,0.004742921783265536,0.0018054320682469789,-0.0009900450756329022,43.67995605468741,-67.19998779296873,63.50087890624991,44.6400085449219,11.040002441406273,97.57426757812482,46.07998046874991,89.28005371093741,244.71044921875,-80.63999023437509,-12.000097656250091,-25.55515136718759,-58.08001098632815,102.23994140624995,32.52490234375
1763686833.478105,5,2,2,0.18278217873672967,0.18084120279039356,-1.2808611973636905,0.005436767620631678,0.0034032638136171204,-0.0006911072845790828,41.27993164062491,-74.39999999999998,63.50087890624991,39.84002075195315,3.8399902343750227,97.57426757812482,43.67995605468741,84.48000488281241,244.71044921875,-71.04013671875009,-7.200048828125091,-13.939184570312591,-62.8799987792969,102.23994140624995,20.90869140625
1763686833.8670795,5,2,2,0.153658671117729,0.3322772303285667,-0.9654067671461519,0.009427653351034111,0.005968683637019571,-0.0004953763430214509,7.679956054687409,-79.19998779296873,48.01284179687491,6.240014648437523,-12.959997558593727,47.23833007812482,38.87990722656241,34.07998046874991,198.246337890625,-49.44003906250009,14.400048828124909,1.548852539062409,-58.08001098632815,83.03999023437495,-6.195068359375
1763686834.6583629,5,2,2,0.22533225756329966,0.09900559072897563,-0.32778168399445334,-0.0001161679331685906,0.0020332413724957056,-5.5537738493285763e-05,-25.92001953125009,-79.19998779296873,17.03676757812491,-20.159979248046852,-27.360006713867165,-34.07368164062518,38.87990722656241,-13.920019531250091,113.0625,-11.040136718750091,52.79995117187491,9.292749023437409,-53.27999267578127,54.239941406249955,-25.55517578125
1763686834.7737246,5,2,2,0.12001126162310474,0.08785071125108299,-0.27117580891583676,0.0002649429253254351,0.003251078561871391,-0.001048193523469172,-28.32004394531259,-79.19998779296873,5.420800781249909,-17.759985351562477,-27.360006713867165,-34.07368164062518,38.87990722656241,-13.920019531250091,113.0625,-15.839941406250091,55.19985351562491,9.292749023437409,-55.67998657226565,49.440014648437455,-33.299072265625
1763686834.9752262,5,2,2,0.29260608544375377,0.11935243848491714,-0.21385756623345797,-0.001249906922158398,-0.0004152092620451262,-0.0009606813737251146,-23.51999511718759,-79.19998779296873,5.420800781249909,-10.560003662109352,-24.96001281738279,-34.07368164062518,34.07998046874991,-11.519995117187591,109.1904296875,-13.440039062500091,55.19985351562491,5.420800781249909,-53.27999267578127,49.440014648437455,-29.42724609375
1763686835.0037277,5,2,2,0.2670095112499571,0.13440520290912994,-0.21306529381459638,-0.0011210140918812197,-0.00020244161433963974,-0.0004918786656759448,-23.51999511718759,-79.19998779296873,13.164941406249909,-12.959997558593727,-24.96001281738279,-34.07368164062518,29.27993164062491,-13.920019531250091,105.318359375,-11.040136718750091,57.59999999999991,5.420800781249909,-50.8799987792969,49.440014648437455,-25.55517578125
1763686835.2068036,5,2,2,0.17949873545100192,0.03572717557047322,-0.23666812928951825,-0.0036335957904468966,0.0012757300645235025,-0.00042363221408079114,-23.51999511718759,-81.60001220703123,-6.195166015625091,-15.359991455078102,-27.360006713867165,-41.81757812500018,34.07998046874991,-16.32004394531259,97.574462890625,-8.639990234375091,62.40004882812491,5.420800781249909,-50.8799987792969,44.639965820312455,-29.42724609375
1763686835.4875915,5,2,2,0.2381916193923212,0.04234976486178175,-0.20290525249153535,-0.0032256421973173915,0.00040928596041877056,-0.0007236111746936688,-21.11997070312509,-76.79996337890623,-2.323095703125091,-12.959997558593727,-22.560003662109352,-45.68964843750018,34.07998046874991,-21.11997070312509,93.702392578125,-6.240087890625091,62.40004882812491,9.292749023437409,-48.48000488281252,44.639965820312455,-29.42724609375
1763686835.6909702,5,2,2,0.2370042271300129,0.030130082304386394,-0.23708802983679847,-0.003170263929259549,0.0010721783854949769,-0.000577987914349485,-25.92001953125009,-74.39999999999998,-2.323095703125091,-15.359991455078102,-24.96001281738279,-45.68964843750018,31.67995605468741,-21.11997070312509,93.702392578125,0.959863281249909,62.40004882812491,1.548852539062409,-48.48000488281252,47.039990234374955,-37.171142578125
1763686835.893246,5,2,2,0.17340980498683778,0.028618104085140886,-0.2476414707866682,-0.0023575412392955603,0.0009796580695884882,-0.0007341107868900226,-21.11997070312509,-76.79996337890623,-6.195166015625091,-12.959997558593727,-22.560003662109352,-49.56171875000018,31.67995605468741,-18.71994628906259,93.702392578125,-3.839941406250091,67.19985351562491,9.292749023437409,-48.48000488281252,42.239941406249955,-33.299072265625
1763686836.8742309,5,2,2,0.23594911810720887,0.06321779122460328,-0.267721843347293,-0.0025677460358234563,0.00033206122015981115,-0.0005893640000371608,-25.92001953125009,-76.79996337890623,-2.323095703125091,-12.959997558593727,-22.560003662109352,-57.30561523437518,34.07998046874991,-25.92001953125009,85.95849609375,0.959863281249909,67.19985351562491,9.292749023437409,-46.08001098632815,44.639965820312455,-41.043212890625
1763686837.264174,5,2,2,0.18276039842761568,0.06083000202355861,-0.21401214155973455,-0.0022681892308366765,0.0013735410051271843,-0.0012717762666467952,-28.32004394531259,-81.60001220703123,-2.323095703125091,-17.759985351562477,-24.96001281738279,-45.68964843750018,31.67995605468741,-23.51999511718759,89.83056640625,3.360009765624909,67.19985351562491,9.292749023437409,-50.8799987792969,42.239941406249955,-37.171142578125
1763686837.669865,5,2,2,0.2510780738813355,0.07541895193189815,-0.24852498288905656,-0.001955331876566714,-0.0002543513044054671,-0.0007374790180602279,-25.92001953125009,-76.79996337890623,-2.323095703125091,-15.359991455078102,-27.360006713867165,-53.43354492187518,29.27993164062491,-23.51999511718759,85.95849609375,3.360009765624909,67.19985351562491,5.420800781249909,-48.48000488281252,39.840039062499955,-37.171142578125
1763686837.8772767,5,2,2,0.20924208277971812,0.03853775023975849,-0.30097789944490183,-0.0026080991702838547,0.0006508918297765175,-0.00020812417101238206,-28.32004394531259,-76.79996337890623,1.548730468749909,-20.159979248046852,-27.360006713867165,-53.43354492187518,31.67995605468741,-25.92001953125009,82.08642578125,3.360009765624909,71.99990234374991,5.420800781249909,-46.08001098632815,39.840039062499955,-33.299072265625
1763686838.074144,5,2,2,0.24246821943653402,0.06151477373775575,-0.28228769724716213,-0.002073344880025682,-0.00037356999159840406,-0.0005142667916819338,0,0,0,0,0,0,0,0,0,0,0,0,0,0,0
1763686838.5861676,5,2,2,0.24246821943653402,0.06151477373775575,-0.28228769724716213,-0.002073344880025682,-0.00037356999159840406,-0.0005142667916819338,-30.72006835937509,-71.99997558593748,-2.323095703125091,-17.759985351562477,-22.560003662109352,-45.68964843750018,36.48000488281241,-23.51999511718759,85.95849609375,3.360009765624909,69.59999999999991,5.420800781249909,-53.27999267578127,42.239941406249955,-29.42724609375
1763686839.0869806,5,2,2,0.24257997267713294,0.02665649307361783,-0.2179040055042564,-0.002516613464881796,0.000849436815821408,-0.0004898705628464152,-30.72006835937509,-79.19998779296873,-10.067236328125091,-20.159979248046852,-27.360006713867165,-53.43354492187518,31.67995605468741,-25.92001953125009,82.08642578125,5.759912109374909,67.19985351562491,9.292749023437409,-50.8799987792969,39.840039062499955,-37.171142578125
1763686839.4641976,5,2,2,0.1985356910929844,0.0629655734263846,-0.23017417449814104,-0.0019020746568986027,0.0008602041178515986,-0.0008072446208286599,-28.32004394531259,-79.19998779296873,-2.323095703125091,-22.560003662109352,-27.360006713867165,-49.56171875000018,36.48000488281241,-25.92001953125009,85.95849609375,0.959863281249909,59.99990234374991,9.292749023437409,-53.27999267578127,37.440014648437455,-33.299072265625
1763686839.6183794,5,2,2,0.2580803745328064,0.07086929094283728,-0.24771345271367462,-0.0016531479071062675,-0.00030978130563173934,-0.0006573368652225669,-30.72006835937509,-74.39999999999998,1.548730468749909,-22.560003662109352,-32.16000976562498,-45.68964843750018,34.07998046874991,-28.32004394531259,89.83056640625,0.959863281249909,64.79995117187491,13.164819335937409,-46.08001098632815,44.639965820312455,-41.043212890625
1763686839.778343,5,2,2,0.21600094321209834,0.18183393288213986,-0.2988065647103344,0.0027329131379430246,0.0016898956151946607,-0.0008218601928401332,-30.72006835937509,-79.19998779296873,13.164941406249909,-22.560003662109352,-32.16000976562498,-41.81757812500018,38.87990722656241,-18.71994628906259,105.318359375,-3.839941406250091,55.19985351562491,17.03676757812491,-53.27999267578127,47.039990234374955,-37.171142578125
1763686839.8713484,5,2,2,0.20559675215683948,0.18388520171356892,-0.26394913424637556,0.0030794249361745414,0.0025420719918784343,-0.0011205565181487199,-28.32004394531259,-81.60001220703123,13.164941406249909,-22.560003662109352,-29.76000061035154,-45.68964843750018,34.07998046874991,-11.519995117187591,116.934326171875,-6.240087890625091,50.40004882812491,13.164819335937409,-55.67998657226565,51.840039062499955,-33.299072265625
1763686839.9149697,5,2,2,0.18876229593199484,0.1970839019844454,-0.34663115407280953,0.0031726034450101775,0.001923346058360643,-0.0008381620924699642,-25.92001953125009,-83.99997558593748,13.164941406249909,-24.959997558593727,-32.16000976562498,-30.201611328125182,34.07998046874991,-11.519995117187591,124.678466796875,-8.639990234375091,47.99990234374991,13.164819335937409,-60.48000488281252,54.239941406249955,-33.299072265625
1763686840.0075562,5,2,2,0.2614586594321701,0.17730985526726536,-0.41210646930451855,0.004020208355458082,0.0003730266331979531,-0.0009350311063851538,-21.11997070312509,-83.99997558593748,20.90883789062491,-24.959997558593727,-29.76000061035154,-22.457714843750182,38.87990722656241,-4.320043945312591,140.16650390625,-20.63999023437509,40.79995117187491,17.03676757812491,-60.48000488281252,59.039990234374955,-25.55517578125
1763686840.116037,5,2,2,0.3186080557139158,0.2738267636474369,-0.5011102020893632,0.007486848461858413,-0.0012153761947411722,-0.0009608195392873414,-9.119970703125091,-81.60001220703123,32.52480468749991,-12.959997558593727,-32.16000976562498,0.7744628906248181,41.27993164062491,19.67995605468741,163.3984375,-32.63999023437509,31.19985351562491,13.164819335937409,-60.48000488281252,71.03999023437495,-17.811279296875
1763686840.2750537,5,2,2,0.26158938660573317,0.2626420826012322,-0.866648170147024,0.00827627101046775,-2.6042436968545975e-06,-0.0009300181527853814,0.48000488281240905,-79.19998779296873,36.39687499999991,-3.3599914550781023,-22.560003662109352,16.262255859374818,43.67995605468741,38.88002929687491,194.37451171875,-42.24008789062509,14.400048828124909,9.292749023437409,-65.27999267578127,75.84003906249995,-17.811279296875
1763686840.3031003,5,2,2,0.27700583106347637,0.2518918646196834,-0.8504911873503369,0.008544123547185893,0.00023837277661487195,-0.0002967048656302301,-1.920019531250091,-81.60001220703123,44.14077148437491,1.4399963378906477,-17.76000061035154,27.878466796874818,41.27993164062491,31.67995605468741,186.63037109375,-39.83994140625009,19.19985351562491,5.420800781249909,-62.8799987792969,80.63996582031245,-6.195068359375
1763686840.4625373,5,2,2,0.20077399153268724,0.3341221998705779,-1.0107185384203776,0.010645934441479411,0.0030444539849391423,-0.00011639585158534326,5.279931640624909,-81.60001220703123,40.26894531249991,8.640008544921898,-12.959997558593727,51.11040039062482,43.67995605468741,46.07998046874991,209.862548828125,-49.44003906250009,4.799951171874909,1.548852539062409,-62.8799987792969,87.84003906249995,-6.195068359375
1763686840.5723095,5,2,2,0.21773464829402137,0.36563217309340207,-1.164222064915224,0.010664086731805378,0.0048464849084468966,-0.0005645223024050756,17.27993164062491,-71.99997558593748,48.01284179687491,13.439996337890648,-5.760015869140602,62.72636718749982,43.67995605468741,55.67995605468741,221.478515625,-59.04013671875009,-9.765625009094947e-05,-6.195166015625091,-58.08001098632815,92.63996582031245,-2.3232421875
1763686840.6775308,5,2,2,0.16477137190764485,0.3005097490796154,-1.1785320192861326,0.01046053513364718,0.004376528526133201,-0.0006427982637774324,19.67995605468741,-69.60001220703123,59.62880859374991,18.240014648437523,6.239984130859398,82.08623046874982,38.87990722656241,60.48000488281241,229.222412109375,-68.63999023437509,-7.200048828125091,-10.067236328125091,-58.08001098632815,97.44001464843745,9.292724609375
1763686840.8680487,5,2,2,0.13433599534084922,0.359080846019609,-1.5069443455984988,0.013324628610886038,0.008096362707527293,-0.0004390210865474322,41.27993164062491,-69.60001220703123,71.24477539062491,44.6400085449219,20.640008544921898,109.19047851562482,38.87990722656241,79.67995605468741,260.198486328125,-83.04013671875009,-16.80014648437509,-25.55515136718759,-58.08001098632815,104.63996582031245,28.65283203125
1763686840.976953,5,2,2,0.013392360240114642,0.3341880139682708,-1.6382754197586729,0.009164153211173027,0.011779413389004153,-0.0008131826935064535,0,0,0,0,0,0,0,0,0,0,0,0,0,0,0
1763686841.0730746,5,2,2,0.12594493553025032,0.3591048424410707,-1.769180486549749,0.011039414756142282,0.0100699184998139,-0.0006985666438665489,58.07998046874991,-74.39999999999998,78.98891601562491,59.04000244140627,32.6400085449219,136.29448242187482,41.27993164062491,113.28005371093741,291.174560546875,-107.04013671875009,-36.00009765625009,-37.17124023437509,-65.27999267578127,123.84003906249995,36.396728515625
1763686841.1666422,5,2,2,0.02306737652775176,0.33400850558653994,-2.0926021230431666,0.010191439120962816,0.014740481206962999,-0.0001885439951517658,70.07998046874991,-76.79996337890623,82.86074218749991,66.24001464843752,30.239984130859398,151.78227539062482,48.48000488281241,127.67995605468741,322.150390625,-114.24008789062509,-36.00009765625009,-44.91519775390634,-70.08001098632815,128.63996582031245,44.140869140625
1763686841.4752572,5,2,2,-0.03552432975567345,0.2789874100973772,-2.4298244492921612,0.009110531872190655,0.015303200489100811,-0.0008557246909024189,106.07998046874991,-76.79996337890623,94.47695312499991,99.84002075195315,63.83999023437502,205.99028320312482,50.87990722656241,175.6799560546874,368.614501953125,-147.8399414062501,-60.00009765625009,-75.89121093750009,-72.48000488281252,147.84003906249995,67.372802734375
1763686841.567888,5,2,2,-0.04920325614132483,0.23039604216795728,-2.647315595156635,0.005606221043896404,0.018152931983143588,-0.0006310264143726803,125.27993164062491,-76.79996337890623,98.34877929687491,114.24001464843752,71.04000244140627,225.35014648437482,48.48000488281241,194.8800292968749,391.846435546875,-152.6399902343751,-67.20004882812509,-91.37918701171884,-74.8799987792969,155.03999023437495,82.86083984375
1763686841.6760547,5,2,2,-0.07931011320896819,0.21338162592197063,-2.922192903477919,0.004191815845375836,0.019951152532372663,-0.0005769762902381046,130.0799804687499,-74.39999999999998,106.09291992187491,121.44002685546877,80.6400085449219,236.96635742187482,53.27993164062491,197.2799316406249,399.59033203125,-159.8399414062501,-69.59995117187509,-95.25119628906259,-72.48000488281252,159.84003906249995,86.73291015625
1763686841.770953,5,2,2,-0.07105820092868509,0.19296370039256436,-2.8541577319574936,0.004228948404881255,0.018860526117090184,-0.0003946393548425962,130.0799804687499,-71.99997558593748,106.09291992187491,121.44002685546877,78.2399841308594,233.09428710937482,53.27993164062491,197.2799316406249,391.846435546875,-159.8399414062501,-72.00009765625009,-91.37918701171884,-67.67998657226565,157.44001464843745,78.98876953125
1763686841.8631237,5,2,2,-0.05937009872169891,0.2196859313680541,-2.8814271484144807,0.005804830717863391,0.017461084658507008,-9.305296699192809e-06,130.0799804687499,-74.39999999999998,109.96474609374991,123.84002075195315,75.83999023437502,229.22221679687482,53.27993164062491,197.2799316406249,395.718505859375,-159.8399414062501,-72.00009765625009,-95.25119628906259,-72.48000488281252,155.03999023437495,82.86083984375
1763686842.0669322,5,2,2,-0.0076131545731943084,0.18008021068189206,-2.728839368650022,0.005715284950953538,0.01452058911610542,-0.0005781010249039119,125.27993164062491,-76.79996337890623,109.96474609374991,116.6400085449219,73.43999633789065,229.22221679687482,50.87990722656241,199.6800781249999,399.59033203125,-150.2400878906251,-69.59995117187509,-87.50717773437509,-79.67998657226565,157.44001464843745,78.98876953125
1763686842.1764662,5,2,2,0.020380077443293537,0.25639995860963805,-2.728958554002451,0.006023591009327386,0.01370007828829862,-0.00011474590280868087,127.67995605468741,-71.99997558593748,106.09291992187491,119.04000244140627,71.04000244140627,229.22221679687482,53.27993164062491,197.2799316406249,395.718505859375,-152.6399902343751,-64.80014648437509,-87.50717773437509,-70.08001098632815,162.23994140624995,75.11669921875
1763686842.3641691,5,2,2,0.0033543552426878315,0.23810978596918464,-2.694878700311646,0.005886764998911793,0.013476530971344875,-2.3337394646419287e-05,125.27993164062491,-76.79996337890623,109.96474609374991,119.04000244140627,73.43999633789065,229.22221679687482,53.27993164062491,197.2799316406249,395.718505859375,-152.6399902343751,-69.59995117187509,-83.63522949218759,-79.67998657226565,157.44001464843745,86.73291015625
1763686842.6804063,5,2,2,0.03321726259812472,0.21724734930876133,-2.5382582903762776,0.006957946289219476,0.011296306601942394,-0.00019606785923295819,127.67995605468741,-76.79996337890623,109.96474609374991,116.6400085449219,66.2399841308594,233.09428710937482,60.48000488281241,202.0799804687499,395.718505859375,-152.6399902343751,-67.20004882812509,-83.63522949218759,-77.27999267578127,157.44001464843745,78.98876953125
1763686842.770606,5,2,2,0.07859217989065047,0.23259261596829,-2.5407894718301973,0.006584975095880064,0.01061833392643557,-0.0004348950488813387,125.27993164062491,-76.79996337890623,106.09291992187491,119.04000244140627,71.04000244140627,225.35014648437482,55.67995605468741,192.4800048828124,399.59033203125,-157.4400390625001,-64.80014648437509,-87.50717773437509,-74.8799987792969,152.63996582031245,90.604736328125
1763686842.971327,5,2,2,0.08006908817528853,0.2307376384914121,-2.475541452972651,0.006256647619622287,0.010978803871356288,-0.00017824108266503762,122.88002929687491,-79.19998779296873,98.34877929687491,119.04000244140627,68.6400085449219,225.35014648437482,53.27993164062491,194.8800292968749,395.718505859375,-155.0401367187501,-67.20004882812509,-87.50717773437509,-74.8799987792969,159.84003906249995,82.86083984375
1763686843.2687,5,2,2,0.08463041244465344,0.24090312777380457,-2.4193344498098894,0.007361673807220582,0.009846525563809602,-0.0007017775253815978,122.88002929687491,-74.39999999999998,109.96474609374991,119.04000244140627,66.2399841308594,225.35014648437482,58.07998046874991,194.8800292968749,395.718505859375,-152.6399902343751,-67.20004882812509,-83.63522949218759,-77.27999267578127,155.03999023437495,82.86083984375
1763686843.357669,5,2,2,0.08526294288922244,0.2218421186519101,-2.4885430589875064,0.007037221099379597,0.00972708416302025,5.554787989516908e-05,127.67995605468741,-79.19998779296873,113.83681640624991,114.24001464843752,63.83999023437502,221.47856445312482,53.27993164062491,199.6800781249999,399.59033203125,-150.2400878906251,-69.59995117187509,-83.63522949218759,-79.67998657226565,152.63996582031245,82.86083984375
1763686843.453109,5,2,2,0.12124088133085513,0.2509355726419472,-2.4897895989127945,0.0069343365597882775,0.009416022422106977,-0.0004172616932833565,122.88002929687491,-81.60001220703123,109.96474609374991,119.04000244140627,63.83999023437502,225.35014648437482,58.07998046874991,202.0799804687499,391.846435546875,-155.0401367187501,-62.40000000000009,-83.63522949218759,-74.8799987792969,157.44001464843745,78.98876953125
1763686843.5666018,5,2,2,0.0793104825914392,0.2549445288184991,-2.37084122306626,0.006818435103557532,0.009885808556326231,-0.0006880256595555962,127.67995605468741,-79.19998779296873,109.96474609374991,114.24001464843752,66.2399841308594,225.35014648437482,62.87990722656241,202.0799804687499,403.46240234375,-150.2400878906251,-62.40000000000009,-83.63522949218759,-77.27999267578127,155.03999023437495,90.604736328125
1763686843.6385763,5,2,2,0.12784860645660812,0.24926587547672877,-2.454152163024549,0.007450007051638698,0.008712112559581008,-8.95948280850002e-05,122.88002929687491,-76.79996337890623,102.22084960937491,114.24001464843752,63.83999023437502,221.47856445312482,58.07998046874991,199.6800781249999,399.59033203125,-150.2400878906251,-64.80014648437509,-79.76322021484384,-74.8799987792969,155.03999023437495,82.86083984375
1763686843.7673097,5,2,2,0.09630695455327432,0.21722956856135336,-2.43975673273186,0.006506457572166899,0.009354393600614623,-0.00031999272447927297,130.0799804687499,-79.19998779296873,109.96474609374991,116.6400085449219,66.2399841308594,221.47856445312482,58.07998046874991,199.6800781249999,399.59033203125,-150.2400878906251,-62.40000000000009,-79.76322021484384,-79.67998657226565,152.63996582031245,86.73291015625
1763686843.876533,5,2,2,0.09560884376365528,0.21577767949533125,-2.287537191807841,0.006694941684186388,0.009668289186568186,-0.000733684798573367,127.67995605468741,-79.19998779296873,106.09291992187491,114.24001464843752,66.2399841308594,225.35014648437482,58.07998046874991,194.8800292968749,395.718505859375,-155.0401367187501,-64.80014648437509,-83.63522949218759,-74.8799987792969,155.03999023437495,82.86083984375
1763686843.9721193,5,2,2,0.10417649857095106,0.26097074878801985,-2.4892614173034104,0.007020265112160765,0.00955786752029979,-0.00010472655615786534,0,0,0,0,0,0,0,0,0,0,0,0,0,0,0
1763686844.174887,5,2,2,0.0900192049130985,0.23768359135641842,-2.2902466880200523,0.006202490971015789,0.01026052030691883,-0.0004258399495636132,122.88002929687491,-81.60001220703123,102.22084960937491,111.84002075195315,59.04000244140627,217.60649414062482,58.07998046874991,194.8800292968749,391.846435546875,-145.4400390625001,-57.59995117187509,-75.89121093750009,-77.27999267578127,152.63996582031245,82.86083984375
1763686844.269703,5,2,2,0.10587509370190933,0.24618133304943848,-2.236323353873069,0.006818576811889689,0.008169138479937488,-0.00017063652251755762,110.88002929687491,-76.79996337890623,98.34877929687491,102.24001464843752,56.6400085449219,198.24614257812482,55.67995605468741,180.4800048828124,376.3583984375,-138.2400878906251,-57.59995117187509,-75.89121093750009,-74.8799987792969,147.84003906249995,71.244873046875
1763686844.3638685,5,2,2,0.11307379864715228,0.217873280393863,-1.964122950808451,0.007181174095874196,0.006563499463327418,-0.00046063555735675253,98.88002929687491,-74.39999999999998,98.34877929687491,90.24001464843752,44.6400085449219,178.88627929687482,48.48000488281241,161.2800537109374,345.38232421875,-126.24008789062509,-48.00009765625009,-56.53122558593759,-67.67998657226565,138.23994140624995,71.244873046875
1763686844.5679152,5,2,2,0.19492538937703247,0.2693227066458747,-1.5145164639527189,0.006903392670916121,0.006179184504589047,-0.0006972061295473981,79.67995605468741,-74.39999999999998,82.86074218749991,68.6400085449219,30.239984130859398,147.91020507812482,48.48000488281241,130.0799804687499,310.534423828125,-109.44003906250009,-33.59995117187509,-44.91519775390634,-65.27999267578127,123.84003906249995,51.884765625
1763686844.6742346,5,2,2,0.14660468541433364,0.2349023908840991,-1.1294171238539596,0.0060354365663817305,0.007389990704444658,-0.0012635170389374993,0,0,0,0,0,0,0,0,0,0,0,0,0,0,0
1763686844.8749714,5,2,2,0.20293253326950078,0.2385439072532269,-0.7856247970589376,0.007575036830218647,0.0026546848452440406,-0.0006665659237461384,29.27993164062491,-71.99997558593748,55.75673828124991,23.040002441406273,-0.9599975585937273,70.47026367187482,41.27993164062491,65.28005371093741,225.350341796875,-68.63999023437509,-9.765625009094947e-05,-17.81125488281259,-58.08001098632815,95.03999023437495,13.164794921875
1763686844.9684086,5,2,2,0.21323886847997633,0.2692254123556287,-0.551414468882315,0.0075486161830714445,0.003338324769643278,-0.0008983465363512339,14.880029296874909,-79.19998779296873,55.75673828124991,18.240014648437523,-5.760015869140602,62.72636718749982,36.48000488281241,53.28005371093741,213.734375,-59.04013671875009,7.199853515624909,-6.195166015625091,-60.48000488281252,95.03999023437495,1.548828125
1763686845.012454,5,2,2,0.1849800210050578,0.2827901902202037,-0.6159478732589474,0.008132827166231697,0.004049487721392065,-0.0009197256140780006,7.679956054687409,-76.79996337890623,51.88491210937491,15.840020751953148,-5.760015869140602,54.98247070312482,38.87990722656241,43.67995605468741,202.118408203125,-59.04013671875009,9.599999999999909,-6.195166015625091,-60.48000488281252,92.63996582031245,1.548828125
1763686845.106344,5,2,2,0.160763920287302,0.32800141617052964,-0.41261140855273604,0.008398645937006873,0.0039912954860422435,-0.0006152366765373269,2.880029296874909,-79.19998779296873,51.88491210937491,3.8400207519531477,-8.160009765624977,47.23833007812482,36.48000488281241,36.48000488281241,202.118408203125,-51.83994140625009,11.999902343749909,1.548852539062409,-58.08001098632815,87.84003906249995,-6.195068359375
1763686845.2129295,5,2,2,0.1494782893312561,0.3019039991351045,-0.42825637518215487,0.008676265936623323,0.004566006281665159,-0.0006953111532500326,-1.920019531250091,-76.79996337890623,40.26894531249991,-0.9599975585937273,-10.560003662109352,24.006396484374818,36.48000488281241,26.88002929687491,186.63037109375,-44.63999023437509,16.79995117187491,5.420800781249909,-58.08001098632815,80.63996582031245,-13.939208984375
1763686845.3069873,5,2,2,0.1348727919440899,0.21926284283907355,-0.28101827519746375,0.007353358892161533,0.005274280937091159,-0.0012664540411163273,-6.720068359375091,-76.79996337890623,32.52480468749991,-0.9599975585937273,-12.959997558593727,31.750292968749818,34.07998046874991,22.07998046874991,175.014404296875,-39.83994140625009,26.40004882812491,9.292749023437409,-58.08001098632815,80.63996582031245,-17.811279296875
1763686845.4010458,5,2,2,0.21774134259636668,0.2703600729127855,-0.31798065293576366,0.006785572498812867,0.0026640757837509193,-0.0012876617069013982,-9.119970703125091,-76.79996337890623,36.39687499999991,-0.9599975585937273,-12.959997558593727,24.006396484374818,36.48000488281241,12.480004882812409,175.014404296875,-39.83994140625009,26.40004882812491,5.420800781249909,-53.27999267578127,75.84003906249995,-25.55517578125
1763686845.5080333,5,2,2,0.12540254963333256,0.21840444735526385,-0.3709428182785728,0.005640286615559215,0.005130601752270989,-0.0013059690843203672,0,0,0,0,0,0,0,0,0,0,0,0,0,0,0
1763686845.6010077,5,2,2,0.23750169889022904,0.23717041128629762,-0.289795167575814,0.005860964823031044,0.0032306563279508806,-0.0008096070508006049,-16.32004394531259,-79.19998779296873,28.65273437499991,-5.759985351562477,-17.76000061035154,8.518359374999818,34.07998046874991,7.679956054687409,159.5263671875,-35.04013671875009,33.59999999999991,5.420800781249909,-55.67998657226565,68.63996582031245,-13.939208984375
1763686845.6971843,5,2,2,0.04586991665862761,0.15868303539511186,-0.2392966425497245,0.003826905089186422,0.005445281086891399,-0.0017302092892474915,-13.920019531250091,-76.79996337890623,28.65273437499991,-10.560003662109352,-20.160009765624977,0.7744628906248181,34.07998046874991,5.280053710937409,151.782470703125,-27.83994140625009,35.99990234374991,13.164819335937409,-58.08001098632815,68.63996582031245,-17.811279296875
1763686846.1804438,5,2,2,0.2657074806901628,0.06489335716956524,-0.24764488905744603,-0.001538732544376466,-8.925125424885937e-05,-0.0008126437999198459,-9.119970703125091,-81.60001220703123,20.90883789062491,-0.9599975585937273,-22.560003662109352,-18.585644531250182,36.48000488281241,2.880029296874909,132.42236328125,-18.24008789062509,50.40004882812491,1.548852539062409,-55.67998657226565,59.039990234374955,-21.68310546875
1763686847.628806,5,2,2,0.19070320900618962,0.030167047286327,-0.26462372114465127,-0.00234311562506712,0.00045428442819842713,-0.0007404611999539919,-18.72006835937509,-76.79996337890623,1.548730468749909,-12.959997558593727,-17.76000061035154,-41.81757812500018,31.67995605468741,-11.519995117187591,109.1904296875,-11.040136718750091,62.40004882812491,9.292749023437409,-53.27999267578127,47.039990234374955,-25.55517578125
1763686848.0490198,5,2,2,0.20946174197800935,0.029742312065780395,-0.21610254839061857,-0.0026635582071493783,0.0002928365290757311,-0.0007246299823212347,-16.32004394531259,-76.79996337890623,-2.323095703125091,-12.959997558593727,-22.560003662109352,-37.94575195312518,31.67995605468741,-11.519995117187591,97.574462890625,-8.639990234375091,57.59999999999991,5.420800781249909,-50.8799987792969,47.039990234374955,-29.42724609375
1763686851.2753792,5,2,2,0.17776829493746163,0.1383608011261463,-0.3474300034673434,0.0030095337729692116,0.0031553854611581804,-0.001146393880966115,-30.72006835937509,-81.60001220703123,9.292871093749909,-27.359991455078102,-24.96001281738279,-37.94575195312518,36.48000488281241,-23.51999511718759,109.1904296875,-6.240087890625091,50.40004882812491,24.78078613281241,-53.27999267578127,54.239941406249955,-48.787109375
1763686851.6666312,5,2,2,0.11272358046381531,0.2849941303208011,-0.6103722761455082,0.008990606258826413,0.004398675322678862,-0.00044461455020510264,-13.920019531250091,-74.39999999999998,28.65273437499991,-15.359991455078102,-15.360006713867165,20.134326171874818,36.48000488281241,7.679956054687409,163.3984375,-32.63999023437509,19.19985351562491,5.420800781249909,-50.8799987792969,71.03999023437495,-21.68310546875
1763686852.2767084,5,2,2,-0.05385587657009272,0.23050413418760418,-1.346684603503112,0.006031327028303602,0.014044728286537085,-0.0006345502248241435,43.67995605468741,-67.19998779296873,59.62880859374991,47.04000244140627,30.239984130859398,113.06254882812482,29.27993164062491,74.88002929687491,240.83837890625,-80.63999023437509,-21.59995117187509,-33.29916992187509,-48.48000488281252,99.84003906249995,20.90869140625
1763686852.3693721,5,2,2,-0.003185883391142008,0.2691287682495548,-1.3974109680268354,0.006502502223837909,0.013885382068843858,-0.0008106813935408564,48.48000488281241,-67.19998779296873,67.37294921874991,44.6400085449219,27.839990234375023,124.67827148437482,38.87990722656241,86.88002929687491,256.326416015625,-87.83994140625009,-21.59995117187509,-29.42722167968759,-55.67998657226565,109.44001464843745,24.78076171875
1763686852.4786189,5,2,2,0.06722992116454184,0.2788216146957657,-1.6765942434936694,0.008229671465363027,0.01027102010076955,-0.0003576254191440089,60.48000488281241,-69.60001220703123,71.24477539062491,59.04000244140627,32.6400085449219,132.42241210937482,41.27993164062491,106.07998046874991,283.430419921875,-97.44003906250009,-36.00009765625009,-33.29916992187509,-55.67998657226565,114.23994140624995,28.65283203125
1763686852.5731244,5,2,2,0.010307299204881729,0.24830491594972873,-1.7134510043800977,0.007105845164820155,0.011963184362262118,-0.0004505172198621541,70.07998046874991,-67.19998779296873,75.11684570312491,63.84002075195315,37.43999633789065,144.03813476562482,43.67995605468741,115.67995605468741,295.04638671875,-109.44003906250009,-36.00009765625009,-41.04318847656259,-58.08001098632815,119.03999023437495,44.140869140625
1763686852.6652079,5,2,2,0.07996372485128195,0.28079162003914265,-1.8329715175214019,0.007192215324643314,0.010685846388696204,-0.0002618068052344394,77.27993164062491,-67.19998779296873,78.98891601562491,73.44002685546877,39.83999023437502,155.65434570312482,41.27993164062491,134.8800292968749,306.662353515625,-114.24008789062509,-40.80014648437509,-52.65921630859384,-65.27999267578127,123.84003906249995,48.0126953125
1763686852.774182,5,2,2,0.12043184371937801,0.21762948999418705,-2.0920661646768077,0.005288953157054096,0.008599750828414087,3.309871197084491e-05,91.67995605468741,-67.19998779296873,82.86074218749991,83.04000244140627,37.43999633789065,167.27055664062482,48.48000488281241,151.6799560546874,318.278564453125,-121.44003906250009,-48.00009765625009,-56.53122558593759,-67.67998657226565,131.03999023437495,55.7568359375
1763686852.8677099,5,2,2,0.17495024789442795,0.27551382619609066,-2.2010613021363,0.007269920274421689,0.005240241277497099,-0.000237854831094383,101.27993164062491,-79.19998779296873,98.34877929687491,92.6400085449219,44.6400085449219,178.88627929687482,53.27993164062491,163.6799560546874,345.38232421875,-126.24008789062509,-55.20004882812509,-64.27518310546884,-70.08001098632815,131.03999023437495,71.244873046875
1763686852.9784722,5,2,2,0.2182188811721654,0.26868564516808224,-2.271292321673693,0.0070315538693864026,0.0053240965842294005,-0.00018541938372994423,108.48000488281241,-69.60001220703123,98.34877929687491,102.24001464843752,51.83999023437502,202.11821289062482,50.87990722656241,180.4800048828124,368.614501953125,-140.6399902343751,-64.80014648437509,-68.14719238281259,-72.48000488281252,138.23994140624995,78.98876953125
1763686852.9919717,5,2,2,0.20155036930777523,0.2382826871301205,-2.305377282314097,0.006590006787895807,0.00556342368111943,-0.0006658015156424015,118.07998046874991,-69.60001220703123,106.09291992187491,107.04000244140627,44.6400085449219,205.99028320312482,58.07998046874991,192.4800048828124,380.23046875,-135.8399414062501,-64.80014648437509,-64.27518310546884,-72.48000488281252,143.03999023437495,78.98876953125
1763686853.1651328,5,2,2,0.15380536590147947,0.19781230908058917,-2.7297364484905744,0.005121512695300802,0.0060935873812527136,-0.0004289632343208125,144.4800048828124,-69.60001220703123,102.22084960937491,131.04000244140627,68.6400085449219,240.83842773437482,60.48000488281241,223.6800781249999,403.46240234375,-155.0401367187501,-81.59995117187509,-99.12320556640634,-77.27999267578127,152.63996582031245,82.86083984375
1763686853.2083838,5,2,2,0.10334044541140429,0.19967196742413362,-2.761922241683883,0.004958495130241759,0.006050272020438437,-0.00020652489075088083,139.6799560546874,-74.39999999999998,109.96474609374991,135.84002075195315,68.6400085449219,248.58256835937482,62.87990722656241,228.4801269531249,411.20654296875,-155.0401367187501,-86.40000000000009,-95.25119628906259,-74.8799987792969,157.44001464843745,98.348876953125
1763686853.3668482,5,2,2,0.2106392729290786,0.2524323327519977,-3.1113942853946073,0.006314914359129182,0.003420512243226841,-0.0008003320834940604,170.8800292968749,-69.60001220703123,109.96474609374991,152.6400085449219,87.83999023437502,279.5581542968748,70.07998046874991,252.4801269531249,438.310546875,-174.2400878906251,-100.80014648437509,-118.48319091796884,-74.8799987792969,171.84003906249995,106.0927734375
1763686853.4775414,5,2,2,0.10925342150559314,0.1856123814503402,-3.3840889896629456,0.0049947930802486514,0.006117896327365783,-0.00019285014991287785,178.0799804687499,-69.60001220703123,113.83681640624991,169.43999633789065,95.04000244140627,291.1743652343748,72.48000488281241,274.0799804687499,461.54248046875,-183.8399414062501,-112.80014648437509,-118.48319091796884,-79.67998657226565,169.44001464843745,113.8369140625
1763686853.5827992,5,2,2,0.1507433777356289,0.16214973632245747,-3.6593385998025214,0.0032395075068028314,0.003924016458616433,-6.295141522664192e-05,0,0,0,0,0,0,0,0,0,0,0,0,0,0,0
1763686853.679807,5,2,2,0.10515561711959148,0.1656856729127999,-3.8352102839772817,0.001475512004010358,0.007835846007723354,-0.0009144998423532733,204.4800048828124,-71.99997558593748,121.58095703124991,193.43999633789065,116.6400085449219,329.8945800781248,77.27993164062491,314.8800292968749,496.390380859375,-203.0401367187501,-132.0000976562501,-149.4592041015626,-82.08001098632815,183.84003906249995,125.452880859375
1763686853.7748268,5,2,2,0.13379057264919145,0.1259117398783928,-4.142149022681351,0.00041950058552121805,0.006412597793463814,-0.00032209725477957204,218.8800292968749,-64.79996337890623,125.45278320312491,207.84002075195315,133.43999633789065,345.3823730468748,79.67995605468741,334.0799804687499,519.62255859375,-217.4400390625001,-141.5999511718751,-161.0751708984376,-86.8799987792969,191.03999023437495,133.19677734375
1763686853.86629,5,2,2,0.12716451219046815,0.09441861782318067,-4.526226296616001,-0.002650174578436436,0.008808919313856828,7.789768306307198e-05,233.2799316406249,-71.99997558593748,117.70888671874991,215.0400329589844,138.24001464843752,360.8701660156248,89.27993164062491,360.4801269531249,542.8544921875,-217.4400390625001,-156.0000976562501,-168.8191894531251,-91.67998657226565,195.84003906249995,140.94091796875
1763686853.9766803,5,2,2,0.1545168005829919,0.13572461656351936,-4.625729191348733,0.0013680402361501039,0.005446479677801517,-0.0005700665767470363,240.4800048828124,-71.99997558593748,129.3248535156249,219.84002075195315,150.24001464843752,368.6143066406248,86.87990722656241,360.4801269531249,546.7265625,-227.0401367187501,-158.4000000000001,-184.3072265625001,-89.27999267578127,200.63996582031245,140.94091796875
1763686854.0712585,5,2,2,0.08407955659390018,0.05099559655557227,-4.6375906088116,-0.0014049410729238317,0.0105227043296054,-0.0009683759839521336,238.0799804687499,-69.60001220703123,121.58095703124991,219.84002075195315,152.6400085449219,364.7422363281248,84.48000488281241,358.0799804687499,550.598388671875,-229.4400390625001,-156.0000976562501,-184.3072265625001,-94.08001098632815,195.84003906249995,133.19677734375
1763686854.1792674,5,2,2,0.025668892996942434,0.08306208660055618,-4.586513809549677,-0.0014715404177437687,0.011579715195480983,-0.0005617761916570099,240.4800048828124,-69.60001220703123,125.45278320312491,219.84002075195315,150.24001464843752,368.6143066406248,82.07998046874991,350.8800292968749,538.982421875,-222.2400878906251,-158.4000000000001,-184.3072265625001,-91.67998657226565,195.84003906249995,137.06884765625
1763686854.2728949,5,2,2,-0.0225162869367199,0.036447704671705876,-4.388559754200637,-0.002660370939296105,0.013415478276968675,-0.0008042208550953914,238.0799804687499,-69.60001220703123,117.70888671874991,219.84002075195315,155.04000244140627,364.7422363281248,79.67995605468741,353.2799316406249,527.366455078125,-227.0401367187501,-153.5999511718751,-172.69119873046884,-91.67998657226565,198.23994140624995,140.94091796875
1763686854.3790684,5,2,2,0.07076728931974606,0.029766384074759414,-4.312218733025949,-0.004173528463591701,0.011380925124361934,-0.0008621196418192033,238.0799804687499,-67.19998779296873,117.70888671874991,217.43999633789065,145.43999633789065,364.7422363281248,79.67995605468741,360.4801269531249,531.238525390625,-229.4400390625001,-156.0000976562501,-180.43521728515634,-91.67998657226565,198.23994140624995,137.06884765625
1763686854.4721916,5,2,2,0.09706318334012118,-0.006980638461949419,-4.345983965454978,-0.004455055860059055,0.009278154102771961,-0.0006382464204755622,233.2799316406249,-71.99997558593748,121.58095703124991,219.84002075195315,147.83999023437502,360.8701660156248,77.27993164062491,355.6800781249999,523.494384765625,-224.6399902343751,-153.5999511718751,-176.5632080078126,-89.27999267578127,195.84003906249995,137.06884765625
1763686854.5646098,5,2,2,0.01660427831248905,0.036298636165806385,-4.326776466514401,-0.003628651873173759,0.012875285508041233,-0.0003176106426343225,0,0,0,0,0,0,0,0,0,0,0,0,0,0,0
1763686854.6746292,5,2,2,0.05525371952773003,0.11010898101039834,-4.420942723774281,-0.0018458364120178782,0.010574494934720879,4.024556716816884e-05,240.4800048828124,-67.19998779296873,117.70888671874991,222.24004516601565,147.83999023437502,364.7422363281248,86.87990722656241,360.4801269531249,527.366455078125,-224.6399902343751,-153.5999511718751,-184.3072265625001,-89.27999267578127,193.44001464843745,137.06884765625
1763686854.7705657,5,2,2,0.07418501404969553,0.03712119543985608,-4.211223285793635,-0.004561972912692192,0.009385552103613987,-0.0005943023364219957,235.6799560546874,-64.79996337890623,117.70888671874991,215.0400329589844,147.83999023437502,360.8701660156248,79.67995605468741,350.8800292968749,531.238525390625,-222.2400878906251,-153.5999511718751,-172.69119873046884,-89.27999267578127,193.44001464843745,140.94091796875
1763686854.8786752,5,2,2,0.09194008638954644,0.03144709268850762,-4.1095026512431385,-0.004570747700829927,0.008126147572016532,-0.0008706105994324345,242.8800292968749,-67.19998779296873,117.70888671874991,219.84002075195315,145.43999633789065,356.9985839843748,82.07998046874991,362.8800292968749,546.7265625,-224.6399902343751,-153.5999511718751,-176.5632080078126,-86.8799987792969,195.84003906249995,144.812744140625
1763686854.972128,5,2,2,0.18136415212793597,0.09391632691821371,-4.168176062230368,-0.0025139421147735864,0.0033450922870311827,-0.0008896196855533046,240.4800048828124,-67.19998779296873,117.70888671874991,219.84002075195315,147.83999023437502,360.8701660156248,79.67995605468741,362.8800292968749,531.238525390625,-222.2400878906251,-151.2000488281251,-184.3072265625001,-89.27999267578127,195.84003906249995,137.06884765625
1763686855.000639,5,2,2,0.2087314175586692,0.09009845583928959,-4.1867534287615715,-0.0028810883164121677,0.0027298477554849997,-0.0010541750542634551,0,0,0,0,0,0,0,0,0,0,0,0,0,0,0
1763686855.1093435,5,2,2,0.19133407851812284,0.01865713188511977,-4.164044435278058,-0.005472638661737576,0.004156915099346457,-0.0005034250641692886,245.2799316406249,-64.79996337890623,113.83681640624991,227.0400329589844,140.6400085449219,368.6143066406248,84.48000488281241,370.0799804687499,546.7265625,-219.8399414062501,-158.4000000000001,-176.5632080078126,-94.08001098632815,198.23994140624995,144.812744140625
1763686855.203331,5,2,2,0.2027683920380779,0.04368826991256945,-4.2248859822204645,-0.003935555699072724,0.003136905044404813,-0.0005991113017599642,240.4800048828124,-67.19998779296873,117.70888671874991,229.43999633789065,138.24001464843752,368.6143066406248,89.27993164062491,374.8800292968749,542.8544921875,-219.8399414062501,-156.0000976562501,-176.5632080078126,-94.08001098632815,195.84003906249995,144.812744140625
1763686855.3747308,5,2,2,0.19243354028966594,-3.9141333205636175e-06,-3.99580291199791,-0.005751703188333932,0.003706397185405213,-0.001068468765421492,245.2799316406249,-67.19998779296873,121.58095703124991,227.0400329589844,143.04000244140627,356.9985839843748,89.27993164062491,372.4801269531249,538.982421875,-219.8399414062501,-158.4000000000001,-180.43521728515634,-91.67998657226565,195.84003906249995,144.812744140625
1763686855.4671092,5,2,2,0.21421599671905273,0.05699784786344962,-4.118152784039232,-0.0024481002788301048,0.0025124991427847455,-0.0007122179656812644,242.8800292968749,-69.60001220703123,125.45278320312491,222.24004516601565,140.6400085449219,360.8701660156248,86.87990722656241,365.2799316406249,542.8544921875,-224.6399902343751,-153.5999511718751,-176.5632080078126,-91.67998657226565,191.03999023437495,140.94091796875
1763686855.5787392,5,2,2,0.22586971200891595,0.07952177593804965,-4.104171904046427,-0.002930796420264203,0.002774249455184786,-0.0006331363562562508,242.8800292968749,-69.60001220703123,113.83681640624991,222.24004516601565,143.04000244140627,349.2544433593748,82.07998046874991,360.4801269531249,535.1103515625,-222.2400878906251,-151.2000488281251,-172.69119873046884,-89.27999267578127,195.84003906249995,144.812744140625
1763686855.6707132,5,2,2,0.1976135011730511,0.022548607849090904,-4.06103956352213,-0.004920415755701792,0.004411283552268123,-0.0010118105559091106,247.6799560546874,-69.60001220703123,117.70888671874991,222.24004516601565,140.6400085449219,360.8701660156248,84.48000488281241,367.6800781249999,535.1103515625,-222.2400878906251,-151.2000488281251,-176.5632080078126,-91.67998657226565,198.23994140624995,144.812744140625
1763686855.7780209,5,2,2,0.19735453351097287,0.061801762349077694,-4.102657529739038,-0.0025847778615745633,0.003871958090089789,-0.0006291263350512663,242.8800292968749,-69.60001220703123,121.58095703124991,222.24004516601565,143.04000244140627,360.8701660156248,84.48000488281241,360.4801269531249,535.1103515625,-222.2400878906251,-156.0000976562501,-176.5632080078126,-89.27999267578127,195.84003906249995,140.94091796875
1763686855.9657748,5,2,2,0.20252819792481053,0.028565783758879887,-3.9735902281948388,-0.004005514604333932,0.00429999181489711,-0.0010553356862476472,238.0799804687499,-64.79996337890623,117.70888671874991,227.0400329589844,138.24001464843752,356.9985839843748,84.48000488281241,365.2799316406249,535.1103515625,-222.2400878906251,-158.4000000000001,-172.69119873046884,-94.08001098632815,191.03999023437495,140.94091796875
1763686856.0739596,5,2,2,0.16687126575901884,0.05969061490304528,-4.054646264392721,-0.0034353648245758085,0.0044070961719281845,-0.0006152231036199855,240.4800048828124,-67.19998779296873,121.58095703124991,222.24004516601565,143.04000244140627,356.9985839843748,86.87990722656241,362.8800292968749,538.982421875,-217.4400390625001,-153.5999511718751,-172.69119873046884,-91.67998657226565,200.63996582031245,148.684814453125
1763686856.275636,5,2,2,0.19921505710256698,0.06293954790177358,-4.019702326399618,-0.002876398123552306,0.0034822112755726305,-0.00036641844013750584,240.4800048828124,-67.19998779296873,121.58095703124991,219.84002075195315,140.6400085449219,364.7422363281248,86.87990722656241,367.6800781249999,535.1103515625,-217.4400390625001,-153.5999511718751,-176.5632080078126,-89.27999267578127,193.44001464843745,144.812744140625
1763686856.3682015,5,2,2,0.22801284586130832,0.0902110655926202,-3.8694081286316435,-0.0031019473264751116,0.002401114039753483,-0.0004728747488980383,242.8800292968749,-67.19998779296873,121.58095703124991,219.84002075195315,138.24001464843752,356.9985839843748,84.48000488281241,362.8800292968749,531.238525390625,-219.8399414062501,-156.0000976562501,-176.5632080078126,-94.08001098632815,198.23994140624995,144.812744140625
1763686856.677263,5,2,2,0.22115901832891321,-0.0047273638751188715,-3.8567136597388054,-0.004381119708146027,0.0025561789988293926,-0.0006218796855125474,228.4800048828124,-64.79996337890623,121.58095703124991,212.6400085449219,135.83999023437502,341.5103027343748,79.67995605468741,343.6800781249999,515.75048828125,-207.8399414062501,-148.8001464843751,-164.94718017578134,-86.8799987792969,183.84003906249995,140.94091796875
1763686856.8660133,5,2,2,0.14031201436259122,0.029199833207813924,-3.1460508716292077,-0.003088282896760209,0.0058728732938154804,-0.00036417214236324485,199.6799560546874,-64.79996337890623,109.96474609374991,193.43999633789065,114.2399841308594,314.4062988281248,74.87990722656241,310.0799804687499,477.030517578125,-191.0401367187501,-124.80014648437509,-145.58719482421884,-79.67998657226565,179.03999023437495,133.19677734375
1763686856.974578,5,2,2,0.2877227393501027,0.11758064106465696,-2.879825966269953,0.00014350100606397125,-0.0020656067330864416,-0.0007343737235691437,192.4800048828124,-64.79996337890623,113.83681640624991,179.0400329589844,99.83999023437502,291.1743652343748,70.07998046874991,290.8800292968749,453.79833984375,-186.2400878906251,-117.59995117187509,-126.22720947265634,-74.8799987792969,171.84003906249995,129.32470703125
1763686857.065934,5,2,2,0.2928533439592048,0.09533910898295479,-2.6584183792687104,0.0008781862841467846,-0.0025388482130091934,-0.0004938861713677484,173.2799316406249,-67.19998779296873,109.96474609374991,164.6400085449219,83.04000244140627,267.9424316406248,65.27993164062491,271.6800781249999,430.56640625,-167.0401367187501,-103.20004882812509,-110.73917236328134,-79.67998657226565,164.63996582031245,113.8369140625
1763686857.1767662,5,2,2,0.32138690393560015,0.1508003371581946,-2.2042526957954296,0.0011403202989637828,-0.0033011016648607887,-0.0004920680000827937,161.2799316406249,-67.19998779296873,109.96474609374991,150.24001464843752,68.6400085449219,240.83842773437482,58.07998046874991,247.6800781249999,395.718505859375,-150.2400878906251,-88.80014648437509,-95.25119628906259,-74.8799987792969,152.63996582031245,106.0927734375
1763686857.38125,5,2,2,0.3473113515478756,0.14158052255878834,-1.4950396865651296,0.00162123990274105,-0.005110855896791267,-0.0009399948136138761,120.48000488281241,-74.39999999999998,90.60488281249991,116.6400085449219,42.2399841308594,190.50249023437482,55.67995605468741,190.0799804687499,345.38232421875,-123.83994140625009,-57.59995117187509,-72.01920166015634,-70.08001098632815,135.84003906249995,82.86083984375
1763686857.7693589,5,2,2,0.341201843408491,0.2055389445593478,-0.7825422279428568,0.0038582417249380784,-0.003552935371818918,-0.0006027604496943242,67.67995605468741,-71.99997558593748,71.24477539062491,66.24001464843752,6.239984130859398,116.93413085937482,48.48000488281241,125.28005371093741,275.6865234375,-83.04013671875009,-14.400000000000091,-33.29916992187509,-67.67998657226565,107.03999023437495,55.7568359375
1763686858.0798464,5,2,2,0.13983106744048798,0.13297611492732225,-0.44324075535353913,0.0037792116314518897,0.0026407401490103517,-0.0010203251972453718,41.27993164062491,-74.39999999999998,63.50087890624991,42.24001464843752,3.8399902343750227,78.21440429687482,43.67995605468741,84.48000488281241,233.094482421875,-71.04013671875009,-4.800146484375091,-21.68320312500009,-60.48000488281252,95.03999023437495,32.52490234375
1763686858.1740255,5,2,2,0.215678292458005,0.1563052560249576,-0.44125011159226535,0.004507021150069171,2.8932743866440626e-05,-0.0010194769770058953,34.07998046874991,-74.39999999999998,55.75673828124991,32.6400085449219,-3.3599914550781023,66.59843749999982,41.27993164062491,77.28005371093741,221.478515625,-61.44003906250009,4.799951171874909,-13.939184570312591,-62.8799987792969,92.63996582031245,20.90869140625
1763686858.3763719,5,2,2,0.16675443940473908,0.17754216989914015,-0.35942723174451313,0.004006482434325204,0.0023188792794428866,-0.000993527199507522,29.27993164062491,-74.39999999999998,55.75673828124991,25.439996337890648,-3.3599914550781023,54.98247070312482,41.27993164062491,60.48000488281241,213.734375,-54.24008789062509,7.199853515624909,-6.195166015625091,-60.48000488281252,85.44001464843745,13.164794921875
1763686858.4705606,5,2,2,0.2636477882279412,0.18419235379067594,-0.3479351347541093,0.003600017855858053,0.0010001692477903236,-0.0003671474702065351,22.07998046874991,-76.79996337890623,44.14077148437491,23.040002441406273,-12.959997558593727,51.11040039062482,38.87990722656241,53.28005371093741,202.118408203125,-51.83994140625009,7.199853515624909,-2.323217773437591,-60.48000488281252,83.03999023437495,13.164794921875
1763686858.498543,5,2,2,0.26418509201374984,0.2000300746835889,-0.2980201386934942,0.0035556965252078964,0.0018474232784095501,-0.0008979918553140811,17.27993164062491,-71.99997558593748,44.14077148437491,25.439996337890648,-5.760015869140602,39.49443359374982,41.27993164062491,55.67995605468741,198.246337890625,-47.04013671875009,9.599999999999909,-6.195166015625091,-55.67998657226565,85.44001464843745,9.292724609375
1763686858.672751,5,2,2,0.22520592400286493,0.09016198329213405,-0.21722168799870947,0.0018472204517129334,0.000971192592351392,-0.0009451052087016654,12.480004882812409,-81.60001220703123,44.14077148437491,18.240014648437523,-12.959997558593727,35.62236328124982,36.48000488281241,31.67995605468741,194.37451171875,-44.63999023437509,19.19985351562491,-10.067236328125091,-58.08001098632815,73.44001464843745,5.4208984375
1763686859.4778397,5,2,2,-0.24263021737438903,0.5608536390908045,-0.22109101477398824,0.006900335710842491,0.008725940351626434,-0.0006487675519984259,5.279931640624909,-79.19998779296873,24.78090820312491,11.040002441406273,-15.360006713867165,0.7744628906248181,36.48000488281241,24.48000488281241,155.654541015625,-32.63999023437509,38.40004882812491,-10.067236328125091,-58.08001098632815,63.840039062499955,1.548828125
1763686862.1790478,5,2,2,0.21394199358510624,0.09011094834993981,-0.24662556475988506,-0.0013482655298855226,0.0014745651398128238,-0.0005784876252837303,-13.920019531250091,-76.79996337890623,5.420800781249909,-3.3599914550781023,-22.560003662109352,-34.07368164062518,34.07998046874991,-1.920019531250091,109.1904296875,-11.040136718750091,55.19985351562491,-10.067236328125091,-50.8799987792969,49.440014648437455,-25.55517578125
1763686863.975109,5,2,2,0.19980886070665987,0.060350429922259856,-0.23217091456163788,-0.002264530444258932,0.001405212637026096,-0.0008091981236521537,-18.72006835937509,-76.79996337890623,-2.323095703125091,-8.159979248046852,-17.76000061035154,-30.201611328125182,36.48000488281241,-9.119970703125091,97.574462890625,-6.240087890625091,59.99990234374991,5.420800781249909,-48.48000488281252,47.039990234374955,-29.42724609375
1763686864.5757685,5,2,2,0.23112929964692264,0.12475085716443166,-0.25658608535918975,0.0007745207946120451,0.0018223727100830766,-0.0006540101542435976,-18.72006835937509,-76.79996337890623,1.548730468749909,-8.159979248046852,-15.360006713867165,-26.329541015625182,31.67995605468741,-9.119970703125091,109.1904296875,-11.040136718750091,52.79995117187491,1.548852539062409,-50.8799987792969,47.039990234374955,-29.42724609375
1763686864.679303,5,2,2,0.23932995322251166,0.11353243286231285,-0.20541529305489784,0.0008816185582778459,0.0009156303871012212,-0.0003999769475297604,-18.72006835937509,-76.79996337890623,5.420800781249909,-15.359991455078102,-20.160009765624977,-30.201611328125182,34.07998046874991,-9.119970703125091,113.0625,-11.040136718750091,47.99990234374991,9.292749023437409,-53.27999267578127,51.840039062499955,-33.299072265625
1763686864.7685318,5,2,2,0.1911657817216177,0.12328137533008934,-0.23467161089036193,0.0019298610956773748,0.0028437206640006085,-0.0006405582306408256,-28.32004394531259,-76.79996337890623,9.292871093749909,-15.359991455078102,-24.96001281738279,-26.329541015625182,34.07998046874991,-1.920019531250091,120.806396484375,-11.040136718750091,50.40004882812491,9.292749023437409,-55.67998657226565,51.840039062499955,-37.171142578125
1763686864.8807368,5,2,2,0.249711148014031,0.13600867145566717,-0.2954361529207299,0.004211716039881709,0.0022729066650768945,-0.0005756730800652332,-13.920019531250091,-76.79996337890623,17.03676757812491,-12.959997558593727,-20.160009765624977,-18.585644531250182,34.07998046874991,-1.920019531250091,120.806396484375,-18.24008789062509,45.59999999999991,9.292749023437409,-53.27999267578127,56.639965820312455,-25.55517578125
1763686865.066922,5,2,2,0.20519384732364032,0.22756681858022393,-0.5095545893186759,0.005210048079438503,0.003380080156493717,-0.0007335364823334778,-11.519995117187591,-74.39999999999998,28.65273437499991,-8.159979248046852,-15.360006713867165,-3.097607421875182,34.07998046874991,5.280053710937409,144.038330078125,-30.24008789062509,26.40004882812491,5.420800781249909,-55.67998657226565,61.440014648437455,-25.55517578125
1763686865.265905,5,2,2,0.1288403818646458,0.24731114963323417,-0.7744475604074886,0.0066065434518212205,0.007012699834817335,-0.00011893014377330121,2.880029296874909,-67.19998779296873,32.52480468749991,1.4399963378906477,-5.760015869140602,35.62236328124982,34.07998046874991,22.07998046874991,175.014404296875,-44.63999023437509,14.400048828124909,-2.323217773437591,-50.8799987792969,75.84003906249995,-13.939208984375
1763686865.4703631,5,2,2,0.08086450400324371,0.2368419831126541,-0.874864208871199,0.007097292264375843,0.011368039350358251,-0.0009323271714354866,10.079980468749909,-62.39999999999998,36.39687499999991,13.439996337890648,18.239984130859398,66.59843749999982,26.87990722656241,34.07998046874991,186.63037109375,-59.04013671875009,-4.800146484375091,-17.81125488281259,-46.08001098632815,85.44001464843745,-2.3232421875
1763686865.5317848,5,2,2,0.05687224777356194,0.27160229604343494,-0.9257628798254098,0.007045037968163328,0.01154847413206393,-9.361866699134704e-05,17.27993164062491,-59.99997558593748,51.88491210937491,23.040002441406273,18.239984130859398,85.95854492187482,29.27993164062491,50.88002929687491,198.246337890625,-66.24008789062509,-4.800146484375091,-25.55515136718759,-46.08001098632815,87.84003906249995,5.4208984375
1763686865.62292,5,2,2,-0.019781903769990707,0.22588792198243393,-1.1479050613335868,0.0060624991068736755,0.014891085559397919,-9.390593484919548e-05,29.27993164062491,-62.39999999999998,51.88491210937491,32.6400085449219,27.839990234375023,93.70219726562482,36.48000488281241,60.48000488281241,225.350341796875,-73.44003906250009,-9.599951171875091,-25.55515136718759,-41.27999267578127,95.03999023437495,9.292724609375
1763686865.7671976,5,2,2,-0.044579362573893944,0.24884955317954072,-1.5021432915940163,0.005808659904562096,0.015610245985009544,0.00032399610584650637,38.88002929687491,-57.60001220703123,55.75673828124991,42.24001464843752,30.239984130859398,113.06254882812482,34.07998046874991,72.48000488281241,233.094482421875,-83.04013671875009,-14.400000000000091,-33.29916992187509,-43.67998657226565,107.03999023437495,9.292724609375
1763686865.8768396,5,2,2,-0.02844711758751242,0.21186713160809076,-1.442692189697834,0.007706592806216233,0.014123054950941506,-0.00034727823070403294,55.67995605468741,-67.19998779296873,71.24477539062491,51.84002075195315,20.640008544921898,124.67827148437482,43.67995605468741,96.48000488281241,264.070556640625,-87.83994140625009,-24.00009765625009,-29.42722167968759,-53.27999267578127,111.84003906249995,28.65283203125
1763686865.9739254,5,2,2,0.23198091235962218,0.27924168229593016,-1.514330481416673,0.010545718760596649,0.001897527102062804,-0.0009959730843000177,62.88002929687491,-71.99997558593748,78.98891601562491,59.04000244140627,23.040002441406273,132.42241210937482,48.48000488281241,115.67995605468741,283.430419921875,-90.24008789062509,-31.20004882812509,-37.17124023437509,-62.8799987792969,114.23994140624995,44.140869140625
1763686866.0165257,5,2,2,0.19887234691381744,0.3009972258001762,-1.4965653031334494,0.010573055187093117,0.0017035047918662711,-0.00036582563090558793,65.27993164062491,-67.19998779296873,75.11684570312491,66.24001464843752,23.040002441406273,132.42241210937482,50.87990722656241,115.67995605468741,295.04638671875,-95.04013671875009,-31.20004882812509,-33.29916992187509,-60.48000488281252,111.84003906249995,40.268798828125
1763686866.173016,5,2,2,0.09277635530896694,0.26094313037787437,-1.8746060471878903,0.008407923928229933,0.006099722703279152,-0.00011434603193816832,79.67995605468741,-67.19998779296873,86.73281249999991,80.6400085449219,35.04000244140627,167.27055664062482,48.48000488281241,134.8800292968749,310.534423828125,-104.63999023437509,-43.20004882812509,-48.78720703125009,-60.48000488281252,126.23994140624995,48.0126953125
1763686866.2153285,5,2,2,0.11900334035629276,0.3146438476503245,-1.7217610038122562,0.008876823278715458,0.005899679033832681,-0.000922607526487723,77.27993164062491,-67.19998779296873,86.73281249999991,83.04000244140627,32.6400085449219,163.39848632812482,50.87990722656241,144.4800048828124,322.150390625,-109.44003906250009,-40.80014648437509,-52.65921630859384,-65.27999267578127,131.03999023437495,51.884765625
1763686866.308419,5,2,2,0.22711941224369697,0.3167856198458313,-2.033432344544427,0.011540697996033494,0.002908907047081251,-0.00039828380510991535,96.48000488281241,-74.39999999999998,90.60488281249991,85.44002685546877,37.43999633789065,175.01420898437482,55.67995605468741,158.8800292968749,341.510498046875,-121.44003906250009,-57.59995117187509,-56.53122558593759,-67.67998657226565,135.84003906249995,59.62890625
1763686866.3893597,5,2,2,0.2625910220812626,0.38361731816327455,-2.0642366695463203,0.012094568552034153,0.0007263586436973288,-0.0006479648984132477,103.67995605468741,-69.60001220703123,94.47695312499991,95.04000244140627,42.2399841308594,194.37456054687482,60.48000488281241,178.0799804687499,353.12646484375,-123.83994140625009,-57.59995117187509,-56.53122558593759,-70.08001098632815,140.63996582031245,67.372802734375
1763686866.8686755,5,2,2,0.3094487112473244,0.3419214437747141,-3.2250304817727056,0.012116153954533457,-0.0009346182529481866,-4.311883548541737e-05,161.2799316406249,-67.19998779296873,117.70888671874991,157.43999633789065,80.6400085449219,291.1743652343748,82.07998046874991,264.4801269531249,461.54248046875,-167.0401367187501,-108.00009765625009,-99.12320556640634,-74.8799987792969,176.63996582031245,102.220703125
1763686866.9766147,5,2,2,0.31650045523135795,0.34172237537394884,-3.4924778576379927,0.012386072989067402,-0.0019610435066692317,0.0001750034687021529,170.8800292968749,-64.79996337890623,113.83681640624991,162.24004516601565,87.83999023437502,306.6621582031248,79.67995605468741,271.6800781249999,465.41455078125,-174.2400878906251,-117.59995117187509,-106.86722412109384,-70.08001098632815,176.63996582031245,106.0927734375
1763686867.068802,5,2,2,0.3021460253483864,0.2957587206335984,-3.598744358029001,0.01112228401996255,-0.0004551524039434346,5.7789784907664944e-05,182.8800292968749,-57.60001220703123,117.70888671874991,174.24004516601565,97.43999633789065,322.1504394531248,77.27993164062491,286.0799804687499,484.7744140625,-181.4400390625001,-124.80014648437509,-118.48319091796884,-70.08001098632815,183.84003906249995,106.0927734375
1763686867.3820047,5,2,2,0.2977187908750012,0.31076833482531496,-4.203550215089428,0.010229680807875164,-0.0030211647751027084,-0.0007112984431720004,214.0799804687499,-59.99997558593748,117.70888671874991,207.84002075195315,128.6400085449219,372.4863769531248,98.87990722656241,343.6800781249999,546.7265625,-203.0401367187501,-156.0000976562501,-149.4592041015626,-79.67998657226565,205.44001464843745,121.580810546875
1763686867.6795936,5,2,2,0.32335367472887777,0.31427124853858224,-5.082101316886433,0.00967343828598133,-0.0026127058390640594,-0.0001679170752723302,252.4800048828124,-62.39999999999998,121.58095703124991,236.6400085449219,157.43999633789065,418.9502441406248,113.27993164062491,396.4801269531249,600.934326171875,-231.8399414062501,-180.0000976562501,-192.05118408203134,-89.27999267578127,224.63996582031245,121.580810546875
1763686867.8818173,5,2,2,0.1477788896248224,0.3311421051430686,-5.682585830413139,0.011373878050276447,0.006436767294130253,-0.00013895684290232986,269.2799316406249,-59.99997558593748,117.70888671874991,258.24004516601565,186.24001464843752,465.4141113281248,118.07998046874991,425.2799316406249,639.654541015625,-248.6399902343751,-204.0000976562501,-211.4112304687501,-91.67998657226565,236.63996582031245,125.452880859375
1763686867.9747338,5,2,2,0.15334734177731107,0.31745297563103586,-5.8393626034996,0.009848967476311563,0.006922142533747339,-0.0009821655571045091,278.8800292968749,-57.60001220703123,113.83681640624991,267.84002075195315,200.6400085449219,469.2861816406248,120.48000488281241,427.6800781249999,639.654541015625,-255.8399414062501,-204.0000976562501,-223.0271972656251,-91.67998657226565,241.44001464843745,129.32470703125
1763686868.0688791,5,2,2,0.02579361526788239,0.22952790908801307,-6.121670414484775,0.006312111233547291,0.01205939308605099,-0.00046344905844845127,288.4800048828124,-59.99997558593748,113.83681640624991,277.43999633789065,217.43999633789065,492.5181152343748,127.67995605468741,444.4801269531249,659.014404296875,-258.2400878906251,-216.0000976562501,-246.25919189453134,-91.67998657226565,243.84003906249995,133.19677734375
1763686868.1273863,5,2,2,0.05084343682463016,0.20568560882552306,-6.020724020191961,0.006311079406687072,0.011586851259466877,-0.0009728144549320283,298.0799804687499,-55.19998779296873,109.96474609374991,287.0400329589844,229.43999633789065,500.2622558593748,125.27993164062491,451.6800781249999,659.014404296875,-265.4400390625001,-223.2000488281251,-257.8752197265626,-94.08001098632815,253.44001464843745,129.32470703125
1763686868.270449,5,2,2,-0.061855798599805376,0.24965552413133266,-6.982539004777105,0.005809516269533861,0.017763836883019045,-0.0009295506953874507,310.0799804687499,-50.39999999999998,102.22084960937491,303.84002075195315,255.84002075195315,523.4941894531248,132.4800048828124,470.8800292968749,682.246337890625,-277.4400390625001,-240.0000976562501,-269.4911865234376,-84.48000488281252,255.84003906249995,125.452880859375
1763686868.3788013,5,2,2,-0.06636405290242878,0.20043362403501985,-7.086684320297081,0.004558802217680444,0.01637102958850219,-0.0005772684446704722,312.4800048828124,-52.79996337890623,106.09291992187491,303.84002075195315,255.84002075195315,527.3662597656248,134.8799072265624,473.2799316406249,689.990478515625,-275.0401367187501,-232.8001464843751,-277.2352050781251,-89.27999267578127,258.23994140624995,121.580810546875
1763686868.4720476,5,2,2,0.072395311080785,0.28836745503788624,-6.9741566101183565,0.007566980750087809,0.009884902989075352,-0.0006120310673250761,314.8800292968749,-57.60001220703123,106.09291992187491,306.24004516601565,248.6400085449219,531.2383300781248,146.8799072265624,487.6800781249999,689.990478515625,-275.0401367187501,-235.2000488281251,-277.2352050781251,-96.48000488281252,258.23994140624995,125.452880859375
1763686868.5670457,5,2,2,0.1885639579376003,0.25719016560334407,-6.809273651925816,0.006742797745864192,0.0053416014240337435,-0.0007901832413271059,307.6799560546874,-50.39999999999998,106.09291992187491,306.24004516601565,251.0400329589844,531.2383300781248,132.4800048828124,470.8800292968749,674.50244140625,-270.2400878906251,-232.8001464843751,-261.74722900390634,-84.48000488281252,253.44001464843745,125.452880859375
1763686868.5965385,5,2,2,0.17305798442662512,0.27632765855564906,-6.808877792821859,0.006546780080566604,0.005475945548462804,-0.0013397407469770337,310.0799804687499,-55.19998779296873,106.09291992187491,299.0400329589844,246.2399841308594,515.7505371093748,130.0799804687499,466.0799804687499,674.50244140625,-270.2400878906251,-232.8001464843751,-269.4911865234376,-86.8799987792969,253.44001464843745,129.32470703125
1763686868.7685096,5,2,2,0.05999252680830089,0.34787630476073395,-6.574463531164764,0.011008972904843473,0.01055518773028489,-0.0009283154216596947,312.4800048828124,-50.39999999999998,113.83681640624991,303.84002075195315,246.2399841308594,523.4941894531248,142.0799804687499,475.6800781249999,686.118408203125,-267.8399414062501,-235.2000488281251,-261.74722900390634,-89.27999267578127,258.23994140624995,121.580810546875
1763686868.879915,5,2,2,0.1532306269039394,0.2767080375899483,-6.553571185305046,0.007300742730858997,0.0056839488192492685,-0.0010105783173793585,0,0,0,0,0,0,0,0,0,0,0,0,0,0,0
1763686868.9849236,5,2,2,0.13036675046575813,0.12454107365334927,-6.271731905929935,0.0015954918845180813,0.006696689770408687,-0.001233842545489041,310.0799804687499,-52.79996337890623,106.09291992187491,303.84002075195315,236.6400085449219,531.2383300781248,139.6799560546874,480.4801269531249,686.118408203125,-267.8399414062501,-237.5999511718751,-265.61917724609384,-86.8799987792969,258.23994140624995,125.452880859375
1763686869.0936491,5,2,2,0.21691759562536403,0.2928246822549549,-6.3441010400921645,0.009058690750845678,0.0015300428458986555,-0.0006962085726009812,310.0799804687499,-50.39999999999998,102.22084960937491,303.84002075195315,239.04000244140627,519.6221191406248,139.6799560546874,485.2799316406249,678.37451171875,-267.8399414062501,-235.2000488281251,-265.61917724609384,-91.67998657226565,253.44001464843745,125.452880859375
1763686869.2664769,5,2,2,0.4294182522654508,0.21304552214821304,-6.280489770253193,0.0038197536653861892,-0.006349742380671031,-0.001005009947259184,317.2799316406249,-50.39999999999998,102.22084960937491,311.0400329589844,234.24001464843752,527.3662597656248,149.2799316406249,492.4801269531249,697.734375,-267.8399414062501,-240.0000976562501,-261.74722900390634,-94.08001098632815,255.84003906249995,117.708740234375
1763686869.3774686,5,2,2,0.4252738919319458,0.25435676032220306,-6.419109293434406,0.006977836483508335,-0.007130573856771584,-0.0008881411797774803,312.4800048828124,-47.99997558593748,106.09291992187491,303.84002075195315,231.83999023437502,523.4941894531248,149.2799316406249,482.8800292968749,689.990478515625,-263.0401367187501,-235.2000488281251,-261.74722900390634,-89.27999267578127,255.84003906249995,129.32470703125
1763686869.4813564,5,2,2,0.3060682054898361,0.2642597239467039,-6.101683236837493,0.006579782739641958,-0.0014870392202522339,-0.001010003901164621,319.6799560546874,-45.60001220703123,109.96474609374991,306.24004516601565,236.6400085449219,523.4941894531248,149.2799316406249,490.0799804687499,693.862548828125,-260.6399902343751,-242.4000000000001,-265.61917724609384,-91.67998657226565,255.84003906249995,129.32470703125
1763686869.5905774,5,2,2,0.38265189840131786,0.262425238055776,-6.3356536021518295,0.006877885516041533,-0.005166185804452652,-0.0008588065797310808,314.8800292968749,-50.39999999999998,106.09291992187491,308.6400085449219,231.83999023437502,519.6221191406248,146.8799072265624,494.8800292968749,689.990478515625,-265.4400390625001,-237.5999511718751,-261.74722900390634,-89.27999267578127,258.23994140624995,133.19677734375
1763686869.6855278,5,2,2,0.3299974661177865,0.2138360712196391,-6.241369731686689,0.004822072831007246,-0.004167696388486261,-0.0005947870172482089,314.8800292968749,-52.79996337890623,106.09291992187491,308.6400085449219,236.6400085449219,531.2383300781248,146.8799072265624,490.0799804687499,686.118408203125,-265.4400390625001,-237.5999511718751,-254.00321044921884,-94.08001098632815,255.84003906249995,121.580810546875
1763686869.7783525,5,2,2,0.3377653598297219,0.19027336147569773,-6.240989629938371,0.0047946881174576635,-0.0045063715916939424,-0.000905546003938468,314.8800292968749,-47.99997558593748,102.22084960937491,301.43999633789065,234.24001464843752,527.3662597656248,151.6799560546874,492.4801269531249,689.990478515625,-263.0401367187501,-237.5999511718751,-265.61917724609384,-86.8799987792969,255.84003906249995,129.32470703125
1763686869.8751376,5,2,2,0.3468149634663394,0.25447863644844615,-6.235187714261858,0.0069863050702979185,-0.0028771550021222496,-0.0008210422161032956,310.0799804687499,-50.39999999999998,102.22084960937491,303.84002075195315,236.6400085449219,523.4941894531248,146.8799072265624,487.6800781249999,678.37451171875,-263.0401367187501,-240.0000976562501,-254.00321044921884,-94.08001098632815,248.63996582031245,121.580810546875
1763686869.9812107,5,2,2,0.29918084888967117,0.24839671637302316,-6.145830469040708,0.004086784803286642,-0.0005400600812418312,-0.0006441180448091946,312.4800048828124,-52.79996337890623,102.22084960937491,301.43999633789065,236.6400085449219,523.4941894531248,144.4800048828124,480.4801269531249,686.118408203125,-265.4400390625001,-237.5999511718751,-261.74722900390634,-86.8799987792969,253.44001464843745,125.452880859375
1763686870.090615,5,2,2,0.21639867532504717,0.25174889637973674,-6.168071216102934,0.006918300200839373,0.0025591564059264226,-0.0007952056715163078,310.0799804687499,-50.39999999999998,106.09291992187491,299.0400329589844,239.04000244140627,527.3662597656248,142.0799804687499,478.0799804687499,682.246337890625,-267.8399414062501,-237.5999511718751,-265.61917724609384,-89.27999267578127,258.23994140624995,121.580810546875
1763686870.182414,5,2,2,0.15734508629579752,0.25751903249497216,-6.211952600669147,0.008433659321773705,0.004493249018794216,-0.0009603771425210168,302.8800292968749,-45.60001220703123,102.22084960937491,301.43999633789065,243.84002075195315,527.3662597656248,139.6799560546874,473.2799316406249,682.246337890625,-263.0401367187501,-232.8001464843751,-265.61917724609384,-86.8799987792969,255.84003906249995,129.32470703125
1763686870.2822833,5,2,2,0.03880157283090316,0.19923354696160214,-6.022956259126805,0.005256692821600592,0.010552145014684745,-0.001055999749272109,305.2799316406249,-47.99997558593748,106.09291992187491,299.0400329589844,243.84002075195315,523.4941894531248,137.2799316406249,470.8800292968749,678.37451171875,-267.8399414062501,-237.5999511718751,-257.8752197265626,-84.48000488281252,258.23994140624995,125.452880859375
1763686870.3709092,5,2,2,0.04758876134199358,0.1857766237698712,-5.9391112111257405,0.005177891655706269,0.01011279979883353,-0.0010253561212857794,302.8800292968749,-50.39999999999998,102.22084960937491,299.0400329589844,243.84002075195315,527.3662597656248,132.4800048828124,470.8800292968749,682.246337890625,-267.8399414062501,-235.2000488281251,-261.74722900390634,-89.27999267578127,253.44001464843745,125.452880859375
1763686870.4825194,5,2,2,0.08418032809122214,0.28934087163246414,-6.009470069722886,0.009379378507843195,0.009642336810933402,-0.0004942567271645118,307.6799560546874,-45.60001220703123,102.22084960937491,303.84002075195315,241.43999633789065,527.3662597656248,139.6799560546874,475.6800781249999,674.50244140625,-263.0401367187501,-235.2000488281251,-265.61917724609384,-86.8799987792969,255.84003906249995,129.32470703125
1763686870.5760694,5,2,2,0.17514007343555577,0.21796754814846392,-5.9189030728435625,0.006181641684360438,0.004907327658788135,-0.0010184311400288817,302.8800292968749,-47.99997558593748,102.22084960937491,303.84002075195315,243.84002075195315,519.6221191406248,132.4800048828124,468.4801269531249,682.246337890625,-265.4400390625001,-230.4000000000001,-265.61917724609384,-86.8799987792969,251.03999023437495,121.580810546875
1763686870.66915,5,2,2,0.06339287565985852,0.19577260599505703,-5.837036803986273,0.005625676232922273,0.009995505720324472,-0.0011442910609250814,305.2799316406249,-47.99997558593748,106.09291992187491,294.24004516601565,243.84002075195315,523.4941894531248,132.4800048828124,466.0799804687499,678.37451171875,-267.8399414062501,-232.8001464843751,-257.8752197265626,-86.8799987792969,253.44001464843745,117.708740234375
1763686870.980314,5,2,2,0.09518732454717624,0.16960609407306654,-5.747494668169818,0.0024407150147193,0.007999449246088633,-0.0011245431836619335,295.6799560546874,-50.39999999999998,106.09291992187491,289.43999633789065,239.04000244140627,519.6221191406248,132.4800048828124,458.8800292968749,666.758544921875,-260.6399902343751,-228.0000976562501,-250.1312011718751,-86.8799987792969,251.03999023437495,117.708740234375
1763686871.0724251,5,2,2,0.10229313101650686,0.2825463411987197,-5.622294152303036,0.009452657300866824,0.008596799209626289,-0.0004335465417823245,293.2799316406249,-45.60001220703123,113.83681640624991,284.6400085449219,224.6400085449219,500.2622558593748,127.67995605468741,446.8800292968749,655.142333984375,-260.6399902343751,-223.2000488281251,-250.1312011718751,-86.8799987792969,251.03999023437495,121.580810546875
1763686871.181363,5,2,2,0.10102910915900476,0.26336697876405807,-5.3562979475673735,0.008044225145749581,0.006750266789184731,-0.0006561303417864229,278.8800292968749,-50.39999999999998,106.09291992187491,277.43999633789065,212.6400085449219,480.9023925781248,118.07998046874991,432.4801269531249,628.038330078125,-248.6399902343751,-213.5999511718751,-242.3871826171876,-82.08001098632815,239.03999023437495,125.452880859375
1763686871.2752082,5,2,2,0.27734385288631735,0.38552780525505,-4.689338788980413,0.015057520727693136,-0.00283978241747683,-0.000557419372428736,274.0799804687499,-55.19998779296873,113.83681640624991,265.43999633789065,195.83999023437502,480.9023925781248,127.67995605468741,427.6800781249999,631.910400390625,-243.8399414062501,-208.8001464843751,-223.0271972656251,-84.48000488281252,236.63996582031245,113.8369140625
1763686871.3685348,5,2,2,0.3269435964642528,0.4085206020359315,-4.654391765224938,0.015779031353099222,-0.0039136398080436875,-0.00038794759471662136,259.6799560546874,-47.99997558593748,113.83681640624991,251.0400329589844,176.6400085449219,465.4141113281248,127.67995605468741,413.2799316406249,631.910400390625,-236.6399902343751,-204.0000976562501,-199.79520263671884,-79.67998657226565,236.63996582031245,121.580810546875
1763686871.4761703,5,2,2,0.40655600267798975,0.49882906625654716,-4.355474729687758,0.01867161148474365,-0.009399429588752693,-0.0006690264551202005,250.0799804687499,-45.60001220703123,106.09291992187491,243.84002075195315,167.04000244140627,442.1821777343748,120.48000488281241,394.0799804687499,604.806396484375,-227.0401367187501,-192.0000976562501,-192.05118408203134,-82.08001098632815,229.44001464843745,121.580810546875
1763686871.5702994,5,2,2,0.37364182276439345,0.3522663187122998,-4.072551139975809,0.013361013888789519,-0.008303729329975378,-0.0002651410505703127,235.6799560546874,-57.60001220703123,117.70888671874991,229.43999633789065,147.83999023437502,430.5664550781248,115.67995605468741,379.6800781249999,581.574462890625,-215.0401367187501,-182.4000000000001,-164.94718017578134,-74.8799987792969,224.63996582031245,117.708740234375
1763686871.6779115,5,2,2,0.40568289571092925,0.4331698249920342,-3.7069102208538895,0.016834091307114114,-0.009622187094644005,-0.0001269254804925102,0,0,0,0,0,0,0,0,0,0,0,0,0,0,0
1763686871.7689705,5,2,2,0.4984465116556094,0.4926776600881584,-3.2836735538074233,0.018141231081425922,-0.011670240395517426,-0.00036712575550469054,202.0799804687499,-45.60001220703123,113.83681640624991,195.84002075195315,109.43999633789065,368.6143066406248,101.27993164062491,324.4801269531249,527.366455078125,-183.8399414062501,-151.2000488281251,-126.22720947265634,-67.67998657226565,200.63996582031245,113.8369140625
1763686871.8747356,5,2,2,0.5290202168184157,0.4354933459535994,-2.744628369331586,0.017378970271329838,-0.01645796808174214,-0.0004086523328024141,182.8800292968749,-52.79996337890623,113.83681640624991,169.43999633789065,83.04000244140627,345.3823730468748,98.87990722656241,310.0799804687499,500.262451171875,-167.0401367187501,-139.2000488281251,-110.73917236328134,-67.67998657226565,195.84003906249995,106.0927734375
1763686871.968304,5,2,2,0.5818638906590818,0.47722279449117344,-2.3881233852463346,0.018034780589889752,-0.019960718399892545,-0.00028316998925918954,168.4800048828124,-57.60001220703123,113.83681640624991,162.24004516601565,66.2399841308594,318.2783691406248,96.48000488281241,283.6800781249999,477.030517578125,-157.4400390625001,-122.40000000000009,-95.25119628906259,-67.67998657226565,181.44001464843745,94.476806640625
1763686872.079989,5,2,2,0.4819227627364083,0.450672611173116,-2.109911518980971,0.016641061136002805,-0.012995196178233432,-0.0006545463133342678,154.0799804687499,-57.60001220703123,113.83681640624991,147.84002075195315,61.43999633789065,287.3022949218748,89.27993164062491,264.4801269531249,453.79833984375,-150.2400878906251,-112.80014648437509,-79.76322021484384,-70.08001098632815,176.63996582031245,90.604736328125
1763686872.1739945,5,2,2,0.5828527377555239,0.39754204462963694,-1.8803942275234022,0.020510624999800067,-0.014239176907104136,-8.271002715750319e-05,130.0799804687499,-64.79996337890623,102.22084960937491,128.6400085449219,32.6400085449219,248.58256835937482,86.87990722656241,235.6800781249999,415.078369140625,-126.24008789062509,-91.20004882812509,-56.53122558593759,-70.08001098632815,162.23994140624995,90.604736328125
1763686872.5798762,5,2,2,0.5342447692135508,0.3260713962202322,-0.9983181561589856,0.01782166668581764,-0.012997827004811887,-0.00016345875054722464,79.67995605468741,-79.19998779296873,86.73281249999991,75.84002075195315,-3.3599914550781023,155.65434570312482,79.67995605468741,168.4800048828124,341.510498046875,-92.63999023437509,-40.80014648437509,-21.68320312500009,-72.48000488281252,131.03999023437495,71.244873046875
1763686872.7818747,5,2,2,0.36241587517861296,0.4079072970453734,-0.7846185687240844,0.014970662388487118,-0.010892604549663353,-0.0008090097345901658,58.07998046874991,-76.79996337890623,82.86074218749991,56.6400085449219,-12.959997558593727,128.55034179687482,70.07998046874991,132.4800048828124,318.278564453125,-80.63999023437509,-33.59995117187509,-6.195166015625091,-72.48000488281252,123.84003906249995,40.268798828125
1763686872.8748205,5,2,2,0.36727698947973225,0.3562689054598793,-0.6765315547271531,0.013221092017751858,-0.008321927659941457,-0.0006165990762134288,55.67995605468741,-81.60001220703123,75.11684570312491,54.24001464843752,-10.560003662109352,120.80620117187482,62.87990722656241,125.28005371093741,306.662353515625,-78.24008789062509,-21.59995117187509,-6.195166015625091,-70.08001098632815,116.63996582031245,36.396728515625
1763686872.9837246,5,2,2,0.32088381253867027,0.3755429082595463,-0.606279825791165,0.014049549158644717,-0.006408263052560902,-0.0005107166824869936,46.07998046874991,-76.79996337890623,75.11684570312491,47.04000244140627,-10.560003662109352,109.19047851562482,58.07998046874991,108.48000488281241,283.430419921875,-71.04013671875009,-16.80014648437509,-6.195166015625091,-70.08001098632815,114.23994140624995,36.396728515625
1763686873.5721922,5,2,2,0.23121338181235873,0.27900152331008354,-0.23399105903259654,0.010129911809593627,-0.002357221875508663,-0.0007758977751723919,12.480004882812409,-83.99997558593748,55.75673828124991,13.439996337890648,-20.160009765624977,54.98247070312482,48.48000488281241,58.07998046874991,233.094482421875,-51.83994140625009,7.199853515624909,5.420800781249909,-65.27999267578127,95.03999023437495,5.4208984375
1763686873.680053,5,2,2,0.2022648799738959,0.33293028374755795,-0.24958778576112095,0.011041038505672486,0.0006065224425647687,-0.0006250459113823198,7.679956054687409,-86.39999999999998,51.88491210937491,8.640008544921898,-22.560003662109352,54.98247070312482,53.27993164062491,53.28005371093741,236.966552734375,-47.04013671875009,4.799951171874909,17.03676757812491,-67.67998657226565,87.84003906249995,-10.067138671875
1763686873.776249,5,2,2,0.21193165453265048,0.2838898434394971,-0.24999394726671154,0.010480811000520729,-0.0008753432216121425,-0.000936439969104542,10.079980468749909,-83.99997558593748,55.75673828124991,8.640008544921898,-22.560003662109352,47.23833007812482,46.07998046874991,53.28005371093741,225.350341796875,-42.24008789062509,9.599999999999909,13.164819335937409,-70.08001098632815,83.03999023437495,1.548828125
1763686873.881952,5,2,2,0.27266274092760634,0.2638665821578689,-0.2772957256937003,0.008324437886247257,-0.0018153760717569047,-0.00040712329580132247,5.279931640624909,-83.99997558593748,51.88491210937491,13.439996337890648,-24.96001281738279,43.36625976562482,50.87990722656241,53.28005371093741,213.734375,-49.44003906250009,14.400048828124909,13.164819335937409,-65.27999267578127,85.44001464843745,-2.3232421875
1763686873.975241,5,2,2,0.2419255978844172,0.28749208377753965,-0.21253234733167142,0.007674404433878566,-0.0003387999846816744,-0.0006229569021761906,0.48000488281240905,-83.99997558593748,55.75673828124991,1.4399963378906477,-24.96001281738279,31.750292968749818,43.67995605468741,46.07998046874991,213.734375,-49.44003906250009,14.400048828124909,13.164819335937409,-67.67998657226565,83.03999023437495,-6.195068359375
1763686874.28402,5,2,2,0.13557405326881525,0.1251150764590493,-0.20756722451894444,0.0031224082968606673,0.0006417473325043083,-0.0014078319844763967,5.279931640624909,-83.99997558593748,44.14077148437491,3.8400207519531477,-24.96001281738279,24.006396484374818,46.07998046874991,38.88002929687491,198.246337890625,-42.24008789062509,23.99990234374991,5.420800781249909,-62.8799987792969,83.03999023437495,1.548828125
1763686874.7804556,5,2,2,-0.2624792970510383,0.8664093347791485,-0.2698354325716027,0.012251281096144135,0.008806488942746972,0.00042502920803669285,10.079980468749909,-81.60001220703123,36.39687499999991,11.040002441406273,-20.160009765624977,24.006396484374818,41.27993164062491,31.67995605468741,171.142333984375,-39.83994140625009,31.19985351562491,-2.323217773437591,-62.8799987792969,71.03999023437495,-2.3232421875
1763686875.1945584,5,2,2,0.2831264836031658,0.10484601771877133,-0.2480538367293137,-0.001190918146986093,-0.0002533427271363622,-3.309150472895184e-05,7.679956054687409,-79.19998779296873,28.65273437499991,11.040002441406273,-15.360006713867165,12.390429687499818,41.27993164062491,38.88002929687491,155.654541015625,-30.24008789062509,33.59999999999991,-2.323217773437591,-58.08001098632815,71.03999023437495,-6.195068359375
1763686875.9768238,5,2,2,0.16259805039735958,0.04356106415694548,-0.22823973886886362,-0.0017294473786356695,0.0011758016449258698,-0.000725645634879905,-1.920019531250091,-74.39999999999998,24.78090820312491,11.040002441406273,-17.76000061035154,0.7744628906248181,38.87990722656241,19.67995605468741,151.782470703125,-30.24008789062509,38.40004882812491,1.548852539062409,-60.48000488281252,59.039990234374955,-2.3232421875
1763686876.5816076,5,2,2,0.1701080143575107,0.027981566200080743,-0.2793177646763221,-0.0016995033819359147,0.0013866187765454478,-0.0005078393035139383,-4.320043945312591,-79.19998779296873,28.65273437499991,6.240014648437523,-24.96001281738279,-3.097607421875182,36.48000488281241,14.880029296874909,140.16650390625,-23.04013671875009,43.19985351562491,1.548852539062409,-55.67998657226565,59.039990234374955,-10.067138671875
1763686880.076497,5,2,2,0.16439946023677526,0.1141296855262344,-0.26490996961664487,0.0021881750982000086,0.0017666690834576507,-0.0006495200034904161,-16.32004394531259,-79.19998779296873,17.03676757812491,-10.560003662109352,-22.560003662109352,-18.585644531250182,38.87990722656241,-1.920019531250091,132.42236328125,-18.24008789062509,38.40004882812491,1.548852539062409,-53.27999267578127,54.239941406249955,-29.42724609375
1763686880.1856322,5,2,2,0.1434642229667631,0.1816532547435378,-0.2936412798222718,0.0035603032681397057,0.0026064958669650266,-0.0005812375812249656,-11.519995117187591,-76.79996337890623,17.03676757812491,-12.959997558593727,-22.560003662109352,-14.713574218750182,31.67995605468741,0.48000488281240905,136.29443359375,-18.24008789062509,43.19985351562491,5.420800781249909,-55.67998657226565,56.639965820312455,-21.68310546875
1763686880.372204,5,2,2,0.24670887141026931,0.26849631321381645,-0.4564592012702162,0.006094054367696142,0.0016245527334018835,-0.00032400911894734687,-9.119970703125091,-74.39999999999998,20.90883789062491,-3.3599914550781023,-15.360006713867165,0.7744628906248181,31.67995605468741,14.880029296874909,147.910400390625,-30.24008789062509,28.79995117187491,1.548852539062409,-53.27999267578127,66.23994140624995,-17.811279296875
1763686880.4778678,5,2,2,0.09001377575675254,0.1762227314745017,-0.41825659923485586,0.005627798250107306,0.0037528231774925543,-0.0012411489877292808,-6.720068359375091,-74.39999999999998,32.52480468749991,-0.9599975585937273,-15.360006713867165,12.390429687499818,41.27993164062491,26.88002929687491,163.3984375,-35.04013671875009,21.59999999999991,5.420800781249909,-50.8799987792969,73.44001464843745,-6.195068359375
1763686880.5728865,5,2,2,0.2640463746864126,0.21423468308630977,-0.5361017426855591,0.007292996707735353,0.0018799168805730482,-0.0008897618448215792,-1.920019531250091,-69.60001220703123,32.52480468749991,1.4399963378906477,-5.760015869140602,24.006396484374818,31.67995605468741,24.48000488281241,159.5263671875,-39.83994140625009,19.19985351562491,1.548852539062409,-48.48000488281252,68.63996582031245,-25.55517578125
1763686880.6816525,5,2,2,0.03707246089376897,0.19638440156272471,-0.802313138359684,0.00732926605833149,0.008480323929260188,-0.00027678747932078317,-4.320043945312591,-69.60001220703123,32.52480468749991,1.4399963378906477,-0.9599975585937273,35.62236328124982,38.87990722656241,22.07998046874991,175.014404296875,-44.63999023437509,16.79995117187491,-2.323217773437591,-48.48000488281252,80.63996582031245,-10.067138671875
1763686880.776629,5,2,2,0.11265881815798749,0.2965040980856263,-0.6125028083567109,0.008890400505741296,0.00636521014129213,-0.0007591161545521279,7.679956054687409,-71.99997558593748,40.26894531249991,11.040002441406273,-8.160009765624977,51.11040039062482,46.07998046874991,43.67995605468741,198.246337890625,-49.44003906250009,4.799951171874909,1.548852539062409,-55.67998657226565,80.63996582031245,-10.067138671875
1763686880.870162,5,2,2,0.16251101193119213,0.27817276447372385,-0.8124622898028594,0.00922817303588492,0.0033888482129133114,-0.00035929823074374245,24.48000488281241,-69.60001220703123,48.01284179687491,23.040002441406273,-0.9599975585937273,62.72636718749982,43.67995605468741,55.67995605468741,217.6064453125,-56.63999023437509,-7.200048828125091,-10.067236328125091,-58.08001098632815,90.23994140624995,1.548828125
1763686881.1809492,5,2,2,0.30727611911041813,0.3621532768404461,-1.368322761011091,0.014015179355907011,-0.0013308047740294053,7.930041446200869e-05,55.67995605468741,-67.19998779296873,71.24477539062491,49.44002685546877,11.040002441406273,124.67827148437482,53.27993164062491,113.28005371093741,279.558349609375,-80.63999023437509,-33.59995117187509,-25.55515136718759,-62.8799987792969,116.63996582031245,32.52490234375
1763686881.2750797,5,2,2,0.2504364651928402,0.34645293237438524,-1.495091231057522,0.011137044479736038,-0.0001459906543325156,-0.00028933879573745085,67.67995605468741,-69.60001220703123,71.24477539062491,61.44002685546877,25.439996337890648,136.29448242187482,48.48000488281241,118.07998046874991,283.430419921875,-95.04013671875009,-38.40000000000009,-33.29916992187509,-60.48000488281252,121.44001464843745,32.52490234375
1763686881.387276,5,2,2,0.12086412375476485,0.32924065593178875,-1.743063598023806,0.012366911529477782,0.0057373055438027015,-0.0001344707975951967,70.07998046874991,-67.19998779296873,75.11684570312491,68.6400085449219,27.839990234375023,167.27055664062482,55.67995605468741,132.4800048828124,322.150390625,-99.83994140625009,-48.00009765625009,-41.04318847656259,-62.8799987792969,126.23994140624995,48.0126953125
1763686881.58641,5,2,2,0.28656826360328497,0.33697629477349267,-2.029015146118368,0.012253791768486108,-0.001244718420659768,-0.0004747926042398322,94.07998046874991,-69.60001220703123,90.60488281249991,92.6400085449219,35.04000244140627,190.50249023437482,65.27993164062491,168.4800048828124,353.12646484375,-114.24008789062509,-62.40000000000009,-44.91519775390634,-60.48000488281252,138.23994140624995,67.372802734375
1763686881.7752993,5,2,2,0.2996076698205336,0.42890670283922355,-2.4482400359630105,0.017408730967483896,-0.0006856585865484405,-0.0003754954866078964,118.07998046874991,-64.79996337890623,106.09291992187491,114.24001464843752,49.43999633789065,244.71049804687482,70.07998046874991,204.4801269531249,387.974365234375,-135.8399414062501,-81.59995117187509,-64.27518310546884,-65.27999267578127,155.03999023437495,75.11669921875
1763686881.9749527,5,2,2,0.3919678168592002,0.4150294305061926,-2.725886220241131,0.014436402112621285,-0.0072727615277835495,-0.00017568614932106667,149.2799316406249,-59.99997558593748,109.96474609374991,147.84002075195315,61.43999633789065,287.3022949218748,82.07998046874991,250.0799804687499,449.926513671875,-150.2400878906251,-105.59995117187509,-83.63522949218759,-72.48000488281252,171.84003906249995,94.476806640625
1763686882.0825422,5,2,2,0.45753881920646466,0.47043045958146645,-3.211577311163693,0.019309572043086885,-0.010350966896200683,-0.0002556117063886145,154.0799804687499,-59.99997558593748,113.83681640624991,152.6400085449219,71.04000244140627,302.7905761718748,84.48000488281241,259.6800781249999,457.67041015625,-162.2400878906251,-112.80014648437509,-91.37918701171884,-65.27999267578127,176.63996582031245,90.604736328125
1763686882.1762784,5,2,2,0.3793727706990807,0.41606780303393953,-3.2049583726833997,0.016818840234285197,-0.006529656468787168,0.00013282934706814148,168.4800048828124,-55.19998779296873,113.83681640624991,164.6400085449219,83.04000244140627,318.2783691406248,86.87990722656241,269.2799316406249,469.286376953125,-164.6399902343751,-122.40000000000009,-99.12320556640634,-62.8799987792969,181.44001464843745,102.220703125
1763686882.2867732,5,2,2,0.23453232436429572,0.3334974670819755,-3.4833082756979366,0.013481309200485334,-0.0026313239421205323,-0.00028500578653863507,0,0,0,0,0,0,0,0,0,0,0,0,0,0,0
1763686882.4735286,5,2,2,0.2968351020075727,0.4000150178844033,-4.133723799072454,0.015196113074914704,-0.004352252753597045,-0.00028187187860996766,202.0799804687499,-52.79996337890623,121.58095703124991,200.6400085449219,109.43999633789065,376.3584472656248,103.67995605468741,324.4801269531249,527.366455078125,-193.4400390625001,-146.4000000000001,-133.97122802734384,-72.48000488281252,207.84003906249995,113.8369140625
1763686882.67327,5,2,2,0.28761972840568345,0.38335032475553493,-4.609210701441724,0.014546447022382718,-0.0013349969815638716,-0.0006087423987452907,228.4800048828124,-59.99997558593748,125.45278320312491,222.24004516601565,131.04000244140627,407.3345214843748,115.67995605468741,374.8800292968749,581.574462890625,-210.2400878906251,-172.8001464843751,-161.0751708984376,-77.27999267578127,215.03999023437495,113.8369140625
1763686882.782584,5,2,2,0.3628757557084211,0.3618212230530012,-4.759670539259222,0.013573091961823196,-0.00903655504741457,-0.00035424465818956674,238.0799804687499,-55.19998779296873,121.58095703124991,234.24004516601565,155.04000244140627,430.5664550781248,113.27993164062491,372.4801269531249,581.574462890625,-219.8399414062501,-177.5999511718751,-176.5632080078126,-74.8799987792969,217.44001464843745,117.708740234375
1763686882.877219,5,2,2,0.12341769316429052,0.26974602919167207,-5.100782157328973,0.009013066775231011,0.00632402565619445,-0.0008741267498236395,245.2799316406249,-57.60001220703123,117.70888671874991,243.84002075195315,169.43999633789065,446.0542480468748,118.07998046874991,396.4801269531249,608.678466796875,-234.2400878906251,-187.2000488281251,-195.9231933593751,-79.67998657226565,231.84003906249995,121.580810546875
1763686882.9686565,5,2,2,0.15179622065550002,0.3878296660076012,-5.456642683611862,0.013063979170133865,0.005987658334770491,-0.0009159655751182989,257.2799316406249,-57.60001220703123,113.83681640624991,253.43999633789065,186.24001464843752,461.5425292968748,118.07998046874991,396.4801269531249,616.42236328125,-239.0401367187501,-189.5999511718751,-207.53922119140634,-77.27999267578127,231.84003906249995,117.708740234375
1763686883.2810228,5,2,2,-0.1305551444641513,0.25865365059886836,-6.393958858075702,0.006029911027043476,0.020854004984339074,-0.0005617020901907987,298.0799804687499,-50.39999999999998,109.96474609374991,296.6400085449219,236.6400085449219,523.4941894531248,142.0799804687499,456.4801269531249,678.37451171875,-267.8399414062501,-228.0000976562501,-254.00321044921884,-86.8799987792969,255.84003906249995,121.580810546875
1763686883.376572,5,2,2,0.06712495397184935,0.3266116646681147,-6.822149784615599,0.01128951028755925,0.007388710964344708,-0.001170804791078622,314.8800292968749,-45.60001220703123,94.47695312499991,315.84002075195315,270.2399841308594,550.5981933593748,139.6799560546874,478.0799804687499,682.246337890625,-277.4400390625001,-237.5999511718751,-273.36319580078134,-79.67998657226565,258.23994140624995,117.708740234375
1763686883.484282,5,2,2,-0.10579479788487614,0.1578714938370548,-7.146424680194408,0.001487067010176077,0.01667025474222253,-0.0011552873819595916,322.0799804687499,-40.79996337890623,86.73281249999991,332.6400085449219,291.84002075195315,569.9585449218748,142.0799804687499,490.0799804687499,693.862548828125,-277.4400390625001,-249.5999511718751,-288.8511718750001,-82.08001098632815,263.03999023437495,113.8369140625
1763686883.5772982,5,2,2,-0.20951677418848727,0.06431826766704149,-7.5913524044701735,-0.00016602386418850326,0.02350226415035899,-0.001623871469803757,338.8800292968749,-40.79996337890623,82.86074218749991,349.43999633789065,308.6400085449219,593.1904785156248,156.4800048828124,518.8800292968749,724.83837890625,-289.4400390625001,-264.0000976562501,-312.0832275390626,-82.08001098632815,275.03999023437495,109.96484375
1763686883.6837685,5,2,2,-0.14149845801196653,0.12587653980014576,-7.990881274373052,0.0005756990077762265,0.020071248579428443,-0.0023171658517592473,365.2799316406249,-35.99997558593748,67.37294921874991,375.84002075195315,354.2399841308594,616.4224121093748,156.4800048828124,545.2799316406249,728.71044921875,-299.0401367187501,-276.0000976562501,-350.8031982421876,-74.8799987792969,272.63996582031245,102.220703125
1763686884.0751634,5,2,2,0.035567516674808126,-0.0957649201757151,-9.883435457779765,-0.010752890336744755,0.012933442040031046,-0.0016185283760186925,434.8800292968749,-33.60001220703123,13.164941406249909,464.6400085449219,445.43999633789065,701.6064941406248,221.2799316406249,662.8800292968749,833.25439453125,-320.6399902343751,-316.8001464843751,-451.4751953125001,-96.48000488281252,299.03999023437495,86.73291015625
1763686884.4790483,5,2,2,0.010583368897078865,-0.13852564639053772,-9.928816707876093,-0.013499599076320624,0.015731631556897288,-0.0018767749938318678,446.8800292968749,-38.39999999999998,5.420800781249909,471.84002075195315,450.2399841308594,717.0942871093748,235.6799560546874,670.0799804687499,844.870361328125,-327.8399414062501,-333.5999511718751,-455.34720458984384,-94.08001098632815,301.44001464843745,75.11669921875
1763686884.570304,5,2,2,0.09223350088965523,-0.018828181385015106,-9.736798397682122,-0.007203345745234395,0.011285976451625766,-0.0014798870913403093,442.0799804687499,-35.99997558593748,9.292871093749909,467.0400329589844,447.84002075195315,717.0942871093748,238.0799804687499,670.0799804687499,848.742431640625,-318.2400878906251,-326.4000000000001,-447.60318603515634,-89.27999267578127,301.44001464843745,75.11669921875
1763686884.7746925,5,2,2,0.12976894402119662,0.0017567463991220687,-9.534001984672749,-0.00727410070613721,0.008170223253960525,-0.0013322779633819985,439.6799560546874,-31.199987792968727,9.292871093749909,467.0400329589844,443.0400329589844,717.0942871093748,233.2799316406249,667.6800781249999,844.870361328125,-320.6399902343751,-328.8001464843751,-447.60318603515634,-86.8799987792969,301.44001464843745,82.86083984375
1763686884.8809083,5,2,2,0.05868190511985578,0.054619113398449624,-9.44071269746145,-0.004690822010205365,0.012108741147379826,-0.0018383202056980025,427.6799560546874,-31.199987792968727,9.292871093749909,462.24004516601565,445.43999633789065,728.7104980468748,228.4800048828124,650.8800292968749,833.25439453125,-323.0401367187501,-324.0000976562501,-451.4751953125001,-84.48000488281252,308.63996582031245,71.244873046875
1763686884.9763825,5,2,2,-0.1298875077043395,0.21333773003487885,-9.389214189026676,0.005235173511586973,0.022104797415814552,-0.0016308752712623307,427.6799560546874,-33.60001220703123,17.03676757812491,455.0400329589844,443.0400329589844,724.8384277343748,230.8799072265624,646.0799804687499,856.486328125,-325.4400390625001,-328.8001464843751,-439.8592285156251,-84.48000488281252,311.03999023437495,67.372802734375
1763686885.1801636,5,2,2,-0.30079701791977387,0.08939412266866337,-9.555834889882165,-0.00264011753091933,0.03168631692701045,-0.001319952870848749,425.2800537109374,-28.799963378906227,5.420800781249909,459.84002075195315,471.84002075195315,744.1982910156248,226.0799804687499,636.4801269531249,852.614501953125,-335.0401367187501,-326.4000000000001,-451.4751953125001,-82.08001098632815,308.63996582031245,59.62890625
1763686885.385988,5,2,2,-0.30571720295793775,0.2905062767190551,-9.54447085605075,0.009562984242655247,0.032548086744739524,-0.001514558537866017,430.0799804687499,-23.999975585937477,9.292871093749909,459.84002075195315,464.6400085449219,740.3262207031248,226.0799804687499,643.6800781249999,840.99853515625,-332.6399902343751,-326.4000000000001,-451.4751953125001,-82.08001098632815,308.63996582031245,59.62890625
1763686885.584402,5,2,2,-0.25803730785249857,0.23812208851220146,-9.341192686683089,0.0048894874923316005,0.027970341377632435,-0.0011463161013534353,427.6799560546874,-28.799963378906227,17.03676757812491,459.84002075195315,467.0400329589844,744.1982910156248,228.4800048828124,641.2799316406249,848.742431640625,-332.6399902343751,-328.8001464843751,-455.34720458984384,-82.08001098632815,311.03999023437495,55.7568359375
1763686885.678496,5,2,2,-0.2384628759742671,0.3220849717173541,-9.338717271229788,0.01059774867330317,0.029191449434727422,-0.0012840605957385723,420.4800048828124,-31.199987792968727,9.292871093749909,455.0400329589844,462.2399841308594,744.1982910156248,228.4800048828124,638.8800292968749,844.870361328125,-330.2400878906251,-328.8001464843751,-451.4751953125001,-77.27999267578127,313.44001464843745,59.62890625
1763686885.7728312,5,2,2,-0.2733220219126136,0.22894339147046527,-9.252726287574134,0.006159878143504518,0.029450872567436146,-0.001498853145795698,430.0799804687499,-23.999975585937477,20.90883789062491,462.24004516601565,464.6400085449219,744.1982910156248,228.4800048828124,646.0799804687499,852.614501953125,-327.8399414062501,-331.2000488281251,-455.34720458984384,-82.08001098632815,308.63996582031245,51.884765625
1763686885.8808475,5,2,2,-0.08487489344544302,0.26732800577265187,-9.45066020693061,0.0071915219220014814,0.021070303413174594,-0.0012585837177012114,427.6799560546874,-26.399999999999977,9.292871093749909,462.24004516601565,462.2399841308594,751.9424316406248,238.0799804687499,650.8800292968749,860.3583984375,-330.2400878906251,-333.5999511718751,-455.34720458984384,-84.48000488281252,318.24006347656245,51.884765625
1763686885.9754615,5,2,2,-0.128353263582342,0.3083488401884378,-9.507997461718288,0.009513462785039544,0.02165438224362375,-0.0011939730969941238,422.8800292968749,-26.399999999999977,13.164941406249909,457.4400573730469,464.6400085449219,751.9424316406248,228.4800048828124,643.6800781249999,844.870361328125,-330.2400878906251,-328.8001464843751,-447.60318603515634,-77.27999267578127,313.44001464843745,55.7568359375
1763686886.1769683,5,2,2,-0.12198012475490863,0.2857414128457435,-9.227709653821684,0.00806235652709612,0.021804118977780194,-0.0014891170350950454,427.6799560546874,-28.799963378906227,13.164941406249909,459.84002075195315,457.43999633789065,744.1982910156248,228.4800048828124,646.0799804687499,852.614501953125,-327.8399414062501,-336.0000976562501,-443.7311767578126,-79.67998657226565,311.03999023437495,59.62890625
1763686886.4717927,5,2,2,-0.005521149938000985,0.33220051113202725,-9.30580323510841,0.00964534342109015,0.01697415189591937,-0.0017504316886966628,432.4800048828124,-23.999975585937477,13.164941406249909,464.6400085449219,455.0400329589844,751.9424316406248,240.47994384765616,655.6800781249999,864.23046875,-327.8399414062501,-333.5999511718751,-455.34720458984384,-79.67998657226565,313.44001464843745,51.884765625
1763686886.5819216,5,2,2,-0.03589063404150024,0.21509708475005201,-9.251619248267687,0.005851207449812348,0.01729494893835777,-0.001580767069089625,427.6799560546874,-19.199987792968727,13.164941406249909,459.84002075195315,457.43999633789065,728.7104980468748,223.6799560546874,641.2799316406249,837.12646484375,-325.4400390625001,-331.2000488281251,-451.4751953125001,-82.08001098632815,308.63996582031245,63.500732421875
1763686886.6852283,5,2,2,-0.17663348036793758,0.00788964989076757,-8.839475191484516,-0.005021337972014789,0.02431172955959457,-0.0013041633132827239,425.2800537109374,-19.199987792968727,13.164941406249909,457.4400573730469,459.84002075195315,732.5825683593748,218.8799072265624,631.6800781249999,840.99853515625,-320.6399902343751,-328.8001464843751,-435.98721923828134,-74.8799987792969,315.84003906249995,51.884765625
1763686886.8770945,5,2,2,-0.23349544559792476,0.18782296257443837,-8.216648921725806,0.0038428272259665407,0.024884471598834168,-0.0009801296980957931,408.4800048828124,-21.600012207031227,24.78090820312491,438.24004516601565,433.43999633789065,724.8384277343748,214.0799804687499,614.8800292968749,821.638427734375,-318.2400878906251,-316.8001464843751,-420.49918212890634,-77.27999267578127,303.84003906249995,59.62890625
1763686886.984679,5,2,2,-0.16329524414259758,0.20760853014336988,-7.979551041143726,0.004099799984638566,0.02169411779540363,-0.0015225981114053032,0,0,0,0,0,0,0,0,0,0,0,0,0,0,0
1763686887.0801804,5,2,2,-0.004918386844782463,0.3424793597958851,-7.819469060195717,0.010881789252477667,0.014156141462089053,-0.0012156162211325824,384.4800048828124,-21.600012207031227,40.26894531249991,409.43999633789065,387.84002075195315,697.7344238281248,202.0799804687499,588.4801269531249,798.406494140625,-311.0401367187501,-312.0000976562501,-389.52322998046884,-74.8799987792969,306.23994140624995,67.372802734375
1763686887.2812586,5,2,2,0.13501379178737313,0.4521856426070954,-6.780734526460407,0.018406567794188665,0.00558124780924002,-0.0005894362678766979,358.0799804687499,-23.999975585937477,67.37294921874991,378.24004516601565,335.0400329589844,651.2705566406248,194.8799072265624,554.8800292968749,763.558349609375,-284.6399902343751,-292.8001464843751,-339.18717041015634,-72.48000488281252,284.63996582031245,86.73291015625
1763686887.4819016,5,2,2,0.42283411479502175,0.6123545702403117,-5.399818771879383,0.026846669496280746,-0.010761864467778055,-0.0009385388366411937,314.8800292968749,-28.799963378906227,82.86074218749991,327.84002075195315,270.2399841308594,589.3184082031248,175.6799560546874,504.4801269531249,713.222412109375,-263.0401367187501,-259.2000488281251,-281.10721435546884,-70.08001098632815,272.63996582031245,90.604736328125
1763686887.575976,5,2,2,0.48704177827252343,0.5792450768182724,-4.901696070615639,0.024611527341623238,-0.016068409111828778,-0.0004562612197210321,300.4800048828124,-28.799963378906227,86.73281249999991,313.43999633789065,239.04000244140627,550.5981933593748,175.6799560546874,487.6800781249999,678.37451171875,-246.2400878906251,-247.2000488281251,-254.00321044921884,-67.67998657226565,255.84003906249995,98.348876953125
1763686887.6845298,5,2,2,0.6192130647120825,0.3675859219544528,-4.253795307991438,0.013403790613601627,-0.021574221095594773,-0.000804423588743585,276.4800048828124,-33.60001220703123,90.60488281249991,282.24004516601565,198.24001464843752,508.0063964843748,161.2799316406249,442.0799804687499,643.5263671875,-231.8399414062501,-223.2000488281251,-215.2831787109376,-67.67998657226565,246.23994140624995,98.348876953125
1763686887.7828484,5,2,2,0.6512146562764859,0.5338026287714128,-3.7442485111550603,0.019635752632365878,-0.022666046441726484,-0.0002974626953403802,262.0799804687499,-31.199987792968727,102.22084960937491,265.43999633789065,179.04000244140627,488.6465332031248,156.4800048828124,425.2799316406249,628.038330078125,-222.2400878906251,-213.5999511718751,-203.6672119140626,-65.27999267578127,241.44001464843745,102.220703125
1763686887.8870497,5,2,2,0.6215158412880337,0.526617299764215,-3.407364265712056,0.02031041450283445,-0.01936035482504947,-0.0004853734540475913,240.4800048828124,-35.99997558593748,90.60488281249991,243.84002075195315,145.43999633789065,446.0542480468748,144.4800048828124,398.8800292968749,589.318359375,-200.6399902343751,-196.8001464843751,-176.5632080078126,-60.48000488281252,222.23994140624995,98.348876953125
1763686888.0754478,5,2,2,0.5754720200341367,0.5062740365973533,-2.556753684133299,0.016421340491755254,-0.025106495048341233,-0.0002759394765176864,199.6799560546874,-45.60001220703123,102.22084960937491,200.6400085449219,107.04000244140627,384.1025878906248,127.67995605468741,329.2799316406249,523.494384765625,-176.6399902343751,-165.5999511718751,-122.35520019531259,-62.8799987792969,205.44001464843745,86.73291015625
1763686888.1800327,5,2,2,0.6915943860236895,0.48868129527700804,-2.1554549735985145,0.027761210431596607,-0.018750687495961843,-0.0005497906618792279,170.8800292968749,-43.19998779296873,98.34877929687491,181.43999633789065,90.2399841308594,345.3823730468748,118.07998046874991,300.4801269531249,500.262451171875,-157.4400390625001,-139.2000488281251,-102.99521484375009,-62.8799987792969,193.44001464843745,82.86083984375
1763686888.2749531,5,2,2,0.44043235931693875,0.6021451130347447,-1.8245359650302222,0.018675153894814805,-0.019523199173411207,-0.0011055260527707367,161.2799316406249,-52.79996337890623,98.34877929687491,159.84002075195315,63.83999023437502,310.5342285156248,108.48000488281241,271.6800781249999,465.41455078125,-147.8399414062501,-129.5999511718751,-87.50717773437509,-62.8799987792969,181.44001464843745,82.86083984375
1763686888.320981,5,2,2,0.4989678915387655,0.5817947015413077,-2.007242537026038,0.02050692893272965,-0.01909870952430033,0.00032423786501323845,156.4800048828124,-55.19998779296873,102.22084960937491,155.0400329589844,51.83999023437502,306.6621582031248,108.48000488281241,276.4801269531249,465.41455078125,-140.6399902343751,-117.59995117187509,-79.76322021484384,-67.67998657226565,176.63996582031245,86.73291015625
1763686888.479038,5,2,2,0.42887335595567067,0.6293230088582061,-1.381673367030675,0.021359853213136656,-0.015786924529819467,-0.00038981430276956007,120.48000488281241,-59.99997558593748,102.22084960937491,116.6400085449219,42.2399841308594,264.0703613281248,96.48000488281241,223.6800781249999,430.56640625,-126.24008789062509,-98.40000000000009,-56.53122558593759,-65.27999267578127,164.63996582031245,71.244873046875
1763686888.7750332,5,2,2,0.4358510711599442,0.612424522469368,-0.8316845771616845,0.02132093097573903,-0.01071383956199673,-0.0012073116517119118,89.27993164062491,-67.19998779296873,78.98891601562491,90.24001464843752,18.239984130859398,202.11821289062482,84.48000488281241,180.4800048828124,364.742431640625,-99.83994140625009,-64.80014648437509,-29.42722167968759,-65.27999267578127,143.03999023437495,59.62890625
1763686888.8848307,5,2,2,0.48809670165283314,0.45805461184423435,-0.7450072357334052,0.017928694362429852,-0.011463457450267868,-0.000865331881865763,82.07998046874991,-69.60001220703123,82.86074218749991,85.44002685546877,15.839990234375023,182.75834960937482,77.27993164062491,163.6799560546874,353.12646484375,-95.04013671875009,-60.00009765625009,-21.68320312500009,-62.8799987792969,138.23994140624995,40.268798828125
1763686888.975885,5,2,2,0.31697283375286794,0.3684868718506775,-0.736875701121397,0.014787300299661337,-0.006838830334359376,-0.0008663257290520832,77.27993164062491,-71.99997558593748,82.86074218749991,75.84002075195315,1.4399963378906477,167.27055664062482,79.67995605468741,158.8800292968749,345.38232421875,-90.24008789062509,-52.80014648437509,-17.81125488281259,-70.08001098632815,131.03999023437495,40.268798828125
1763686889.0714478,5,2,2,0.4282013667439676,0.4193127996517524,-0.47163355522708794,0.01784957395636419,-0.012491506492223248,-0.0014681598495519897,65.27993164062491,-74.39999999999998,82.86074218749991,63.84002075195315,3.8399902343750227,151.78227539062482,74.87990722656241,144.4800048828124,337.638427734375,-83.04013671875009,-45.59995117187509,-13.939184570312591,-65.27999267578127,131.03999023437495,40.268798828125
1763686889.179605,5,2,2,0.32708608529249916,0.45722459662095427,-0.5100011332058619,0.017250954111472507,-0.006500918869304968,-0.001016839119022374,0,0,0,0,0,0,0,0,0,0,0,0,0,0,0
1763686889.27333,5,2,2,0.3774120296069623,0.44309480474072205,-0.5429295661816005,0.01748004911583477,-0.008239599759732708,-0.0011833833297472118,50.88002929687491,-81.60001220703123,71.24477539062491,54.24001464843752,-0.9599975585937273,128.55034179687482,70.07998046874991,127.67995605468741,314.406494140625,-75.83994140625009,-36.00009765625009,-2.323217773437591,-67.67998657226565,121.44001464843745,32.52490234375
1763686889.68206,5,2,2,0.30221200377025015,0.4005226460411671,-0.3064504772554807,0.012999433934373354,-0.0067961912727410095,-0.0005667464006689367,36.48000488281241,-79.19998779296873,63.50087890624991,32.6400085449219,-10.560003662109352,97.57426757812482,65.27993164062491,96.48000488281241,275.6865234375,-61.44003906250009,-9.599951171875091,1.548852539062409,-72.48000488281252,107.03999023437495,17.036865234375
1763686889.8801348,5,2,2,0.254120067109801,0.3204649323023967,-0.2067827855834402,0.012982409563041902,-0.0024104242025806224,-0.0013829480647814458,22.07998046874991,-88.79996337890623,59.62880859374991,25.439996337890648,-20.160009765624977,78.21440429687482,60.48000488281241,84.48000488281241,260.198486328125,-61.44003906250009,-7.200048828125091,9.292749023437409,-65.27999267578127,104.63996582031245,9.292724609375
1763686891.4107602,5,2,2,0.20146413106669825,0.1485633096224972,-0.22326496355004324,0.00014826794707512112,0.000847148533157561,-0.0004906282147535089,19.67995605468741,-79.19998779296873,36.39687499999991,25.439996337890648,-10.560003662109352,27.878466796874818,43.67995605468741,50.88002929687491,194.37451171875,-44.63999023437509,26.40004882812491,-13.939184570312591,-60.48000488281252,75.84003906249995,5.4208984375
1763686896.5802453,5,2,2,0.13938626863759354,0.18978063640251386,-0.2740937334624148,0.00446673284070047,0.0033111662992232017,-0.0004926463933633396,-9.119970703125091,-81.60001220703123,24.78090820312491,-3.3599914550781023,-12.959997558593727,0.7744628906248181,38.87990722656241,14.880029296874909,151.782470703125,-27.83994140625009,28.79995117187491,9.292749023437409,-58.08001098632815,63.840039062499955,-33.299072265625
1763686896.703439,5,2,2,0.14837788130212196,0.23195609242530454,-0.26506136374591743,0.0066430277992815985,0.002993502824268142,-0.001343736769623759,-9.119970703125091,-79.19998779296873,24.78090820312491,-0.9599975585937273,-10.560003662109352,16.262255859374818,36.48000488281241,24.48000488281241,175.014404296875,-32.63999023437509,21.59999999999991,5.420800781249909,-53.27999267578127,73.44001464843745,-17.811279296875
1763686896.7960076,5,2,2,0.15848207457551947,0.22604986307248517,-0.44482659112459183,0.008066323842327553,0.0024376110158394514,-0.001010480074014119,-9.119970703125091,-71.99997558593748,24.78090820312491,-0.9599975585937273,-8.160009765624977,27.878466796874818,43.67995605468741,22.07998046874991,175.014404296875,-39.83994140625009,9.599999999999909,-2.323217773437591,-53.27999267578127,78.23994140624995,-17.811279296875
1763686896.890027,5,2,2,0.0730968636235484,0.2843327750527135,-0.45243586188348794,0.010174958888440076,0.00507168089641879,-0.0013207817057026379,0.48000488281240905,-69.60001220703123,32.52480468749991,6.240014648437523,-5.760015869140602,27.878466796874818,46.07998046874991,24.48000488281241,182.758544921875,-39.83994140625009,9.599999999999909,-2.323217773437591,-53.27999267578127,78.23994140624995,-17.811279296875
1763686896.9871178,5,2,2,0.18430412777451333,0.314555478451061,-0.5716921213247993,0.010594233915754925,0.0028796026815650026,-0.001052570454774564,12.480004882812409,-71.99997558593748,40.26894531249991,15.840020751953148,-0.9599975585937273,54.98247070312482,46.07998046874991,50.88002929687491,205.990478515625,-51.83994140625009,-2.400000000000091,1.548852539062409,-53.27999267578127,85.44001464843745,1.548828125
1763686897.0828927,5,2,2,0.12941551794691997,0.3514995565033094,-0.7024236726845525,0.01151995393489337,0.004273692859343923,-0.0005505872405262837,14.880029296874909,-74.39999999999998,48.01284179687491,15.840020751953148,-0.9599975585937273,74.34233398437482,46.07998046874991,53.28005371093741,213.734375,-59.04013671875009,-7.200048828125091,-10.067236328125091,-53.27999267578127,90.23994140624995,-2.3232421875
1763686897.287015,5,2,2,0.04451377215031784,0.2553891311076228,-1.0522550919893097,0.011963808781640127,0.006105812560413106,0.00011752443008707097,38.88002929687491,-69.60001220703123,51.88491210937491,42.24001464843752,18.239984130859398,105.31840820312482,53.27993164062491,82.07998046874991,260.198486328125,-73.44003906250009,-19.20004882812509,-13.939184570312591,-53.27999267578127,102.23994140624995,17.036865234375
1763686897.3825197,5,2,2,0.10395648763126099,0.43593887490790717,-1.112281463497118,0.013933455267951193,0.0038123981951245244,-0.0005374671010149898,53.27993164062491,-71.99997558593748,67.37294921874991,56.6400085449219,13.439996337890648,136.29448242187482,50.87990722656241,110.88002929687491,287.302490234375,-83.04013671875009,-31.20004882812509,-21.68320312500009,-62.8799987792969,116.63996582031245,28.65283203125
1763686897.4730718,5,2,2,0.17248373291946523,0.3316859115464022,-1.3385278425509672,0.012673962841811418,0.0045130545872246785,-0.0009275748569346925,62.88002929687491,-67.19998779296873,71.24477539062491,56.6400085449219,25.439996337890648,147.91020507812482,60.48000488281241,120.48000488281241,306.662353515625,-97.44003906250009,-40.80014648437509,-33.29916992187509,-62.8799987792969,123.84003906249995,32.52490234375
1763686897.588356,5,2,2,0.10451609997047052,0.4143340018631515,-1.5647004515869907,0.014947227681436122,0.006021966463781481,-0.00045771489186838103,72.48000488281241,-69.60001220703123,78.98891601562491,75.84002075195315,30.239984130859398,175.01420898437482,58.07998046874991,142.0799804687499,326.0224609375,-109.44003906250009,-50.40000000000009,-37.17124023437509,-60.48000488281252,131.03999023437495,40.268798828125
1763686897.67422,5,2,2,0.22396539422839326,0.3797511462563302,-1.799502642594072,0.014971533248926682,0.00142662606016139,-0.001165573374684905,79.67995605468741,-64.79996337890623,90.60488281249991,80.6400085449219,35.04000244140627,190.50249023437482,62.87990722656241,151.6799560546874,345.38232421875,-114.24008789062509,-57.59995117187509,-52.65921630859384,-60.48000488281252,135.84003906249995,44.140869140625
1763686897.9734128,5,2,2,0.26584129155742625,0.4588993020593485,-2.277567421421124,0.017694294247171432,-0.0005612495306429001,-0.0005502506943618512,0,0,0,0,0,0,0,0,0,0,0,0,0,0,0
1763686898.083044,5,2,2,0.240102162180877,0.413394616304675,-2.530874113756967,0.017064830335426922,-8.415269544701301e-05,-0.0008737881851662774,127.67995605468741,-55.19998779296873,106.09291992187491,128.6400085449219,68.6400085449219,275.6865722656248,77.27993164062491,214.0799804687499,411.20654296875,-147.8399414062501,-98.40000000000009,-75.89121093750009,-60.48000488281252,162.23994140624995,71.244873046875
1763686898.179445,5,2,2,0.17120424821148922,0.45683266539945977,-2.7233394828113906,0.019189896074678522,0.0013531951672660913,-0.0007018282966871658,149.2799316406249,-59.99997558593748,109.96474609374991,140.6400085449219,75.83999023437502,302.7905761718748,84.48000488281241,242.8800292968749,446.054443359375,-157.4400390625001,-108.00009765625009,-87.50717773437509,-62.8799987792969,174.23994140624995,78.98876953125
1763686898.2856965,5,2,2,0.2643735245112133,0.4521248302474825,-3.030397792260916,0.01777210588771065,-0.0034384466237956865,-0.0007406883699120518,161.2799316406249,-52.79996337890623,106.09291992187491,167.0400329589844,90.2399841308594,314.4062988281248,82.07998046874991,266.8800292968749,461.54248046875,-162.2400878906251,-120.00009765625009,-106.86722412109384,-58.08001098632815,179.03999023437495,98.348876953125
1763686898.3897579,5,2,2,0.2537143393066311,0.3736047165569805,-3.1719655820694888,0.01558256171028363,-0.0038511681961759603,-0.0007157796508560863,170.8800292968749,-47.99997558593748,109.96474609374991,174.24004516601565,99.83999023437502,341.5103027343748,89.27993164062491,276.4801269531249,473.158447265625,-174.2400878906251,-132.0000976562501,-118.48319091796884,-60.48000488281252,186.23994140624995,94.476806640625
1763686898.4864697,5,2,2,0.2353331199995064,0.426700585959592,-3.4491058044673633,0.01792846047830423,-0.0027574761869508437,-0.0009652126944201568,190.0799804687499,-52.79996337890623,117.70888671874991,188.6400085449219,107.04000244140627,364.7422363281248,106.07998046874991,310.0799804687499,515.75048828125,-186.2400878906251,-144.0000976562501,-118.48319091796884,-67.67998657226565,203.03999023437495,109.96484375
1763686898.6747394,5,2,2,0.21609540211661085,0.3244504450079131,-4.027916527803054,0.011364580323962512,-0.0018980147106697834,-0.0013477454435333318,0,0,0,0,0,0,0,0,0,0,0,0,0,0,0
1763686898.7857006,5,2,2,0.4579126785383127,0.43236701737434513,-4.340826655480726,0.018138858527809082,-0.010576045827661125,-0.001208097270431072,228.4800048828124,-55.19998779296873,121.58095703124991,224.6400085449219,135.83999023437502,415.0781738281248,125.27993164062491,374.8800292968749,589.318359375,-212.6399902343751,-180.0000976562501,-161.0751708984376,-82.08001098632815,222.23994140624995,121.580810546875
1763686898.9848053,5,2,2,0.2653101023569758,0.3713505895003242,-4.899196498686774,0.013314107779593356,0.00031750404184654503,-0.0015761761593636424,259.6799560546874,-57.60001220703123,106.09291992187491,251.0400329589844,167.04000244140627,453.7983886718748,130.0799804687499,406.0799804687499,620.29443359375,-231.8399414062501,-196.8001464843751,-192.05118408203134,-84.48000488281252,234.23994140624995,121.580810546875
1763686899.2794127,5,2,2,0.1812168729489628,0.2980843547627001,-5.971182027155079,0.009508809189728396,0.0028371414789881214,-0.0016555545178739246,298.0799804687499,-52.79996337890623,106.09291992187491,291.84002075195315,217.43999633789065,527.3662597656248,158.8799072265624,473.2799316406249,697.734375,-253.4400390625001,-230.4000000000001,-246.25919189453134,-91.67998657226565,255.84003906249995,117.708740234375
1763686899.4792137,5,2,2,0.08118038618291518,0.19771930621101166,-6.920807383000021,0.003156152905967529,0.007898198403775841,-0.0012302321129449105,326.8800292968749,-40.79996337890623,94.47695312499991,337.43999633789065,267.84002075195315,569.9585449218748,170.8799072265624,518.8800292968749,720.966552734375,-270.2400878906251,-256.8001464843751,-292.72318115234384,-89.27999267578127,267.84003906249995,109.96484375
1763686899.575756,5,2,2,0.20276224719423883,0.1333603011673996,-7.28280891323655,0.0018421687326607636,0.00793940499550829,-0.0022984705645242853,343.6799560546874,-43.19998779296873,75.11684570312491,354.24004516601565,291.84002075195315,593.1904785156248,182.8799072265624,540.4801269531249,748.070556640625,-282.2400878906251,-266.4000000000001,-308.21121826171884,-89.27999267578127,270.23994140624995,109.96484375
1763686899.685792,5,2,2,0.06426434240342166,0.11115451770443674,-7.834600408736462,-0.002402419969943656,0.011337195030625606,-0.001885214373763959,372.4800048828124,-40.79996337890623,59.62880859374991,380.6400085449219,339.84002075195315,616.4224121093748,194.8799072265624,578.8800292968749,775.174560546875,-294.2400878906251,-288.0000976562501,-346.93118896484384,-89.27999267578127,282.23994140624995,98.348876953125
1763686899.7909324,5,2,2,0.08198960045354806,0.14648406081334478,-7.802745410230259,-0.0022708934491048258,0.012207913282172089,-0.0015635401106887524,382.0799804687499,-35.99997558593748,48.01284179687491,392.6400085449219,378.2399841308594,651.2705566406248,190.0799804687499,578.8800292968749,779.04638671875,-303.8399414062501,-290.4000000000001,-381.77921142578134,-86.8799987792969,289.44001464843745,86.73291015625
1763686899.9828866,5,2,2,-0.32981079806708885,0.03837362254398036,-9.486552054385664,-0.006456744310424624,0.0349062899448913,-0.0026356235071771316,415.6799560546874,-31.199987792968727,24.78090820312491,445.4400573730469,447.84002075195315,697.7344238281248,211.6799560546874,622.0799804687499,817.766357421875,-320.6399902343751,-312.0000976562501,-428.24320068359384,-86.8799987792969,294.23994140624995,78.98876953125
1763686900.4777834,5,2,2,-0.732234442683946,-0.34943366861214137,-11.986229322857017,-0.022833186474066118,0.053525027904309144,-0.002543349616942319,506.8800292968749,-31.199987792968727,-72.01914062500009,575.0400329589844,635.0400329589844,821.6382324218748,252.47994384765616,727.6800781249999,902.950439453125,-356.6399902343751,-357.5999511718751,-586.995184326172,-86.8799987792969,320.63996582031245,20.90869140625
1763686900.5902572,5,2,2,-0.8088107106133016,-0.42650336429799984,-12.167752959796521,-0.026079305871864106,0.05796163404867642,-0.0023796584787876022,511.6799560546874,-21.600012207031227,-79.76303710937509,582.2400451660156,637.4399963378906,829.3823730468748,257.27999267578116,734.8800292968749,899.078369140625,-356.6399902343751,-357.5999511718751,-590.8671936035157,-79.67998657226565,318.24006347656245,20.90869140625
1763686900.7754395,5,2,2,-0.6509909141298367,-0.3891328654940964,-11.558287695856231,-0.02532794508264447,0.04965576329460574,-0.002321017164733018,499.6799560546874,-26.399999999999977,-72.01914062500009,577.4400573730469,632.6400085449219,829.3823730468748,257.27999267578116,725.2799316406249,891.33447265625,-354.2400878906251,-352.8001464843751,-586.995184326172,-82.08001098632815,318.24006347656245,24.78076171875
1763686900.977436,5,2,2,-0.5506404110568643,-0.31302947046710705,-11.374894939378134,-0.021571129264814273,0.04417958936198118,-0.0024039019974632305,504.4800048828124,-19.199987792968727,-75.89121093750009,577.4400573730469,625.4399963378906,821.6382324218748,262.0799804687499,734.8800292968749,895.20654296875,-347.0401367187501,-357.5999511718751,-586.995184326172,-82.08001098632815,311.03999023437495,20.90869140625
1763686901.0725636,5,2,2,-0.44402169903699484,-0.29686864300539517,-11.207042806238617,-0.021658595603827484,0.039152698732543706,-0.0021128967509582474,504.4800048828124,-21.600012207031227,-75.89121093750009,572.6400085449219,620.6400085449219,825.5103027343748,264.47994384765616,732.4801269531249,899.078369140625,-347.0401367187501,-355.2000488281251,-583.1232055664063,-79.67998657226565,315.84003906249995,20.90869140625
1763686901.477219,5,2,2,-0.19211916926859873,-0.30329245439082625,-10.965121915315724,-0.020986139522759305,0.02514167756218713,-0.0025747354009103443,511.6799560546874,-14.399999999999977,-87.50717773437509,582.2400451660156,613.4399963378906,821.6382324218748,271.6799560546874,749.2799316406249,887.46240234375,-347.0401367187501,-362.4000000000001,-586.995184326172,-82.08001098632815,306.23994140624995,20.90869140625
1763686901.8834398,5,2,2,-0.19562020776283284,-0.3245106198674935,-10.752914040204129,-0.02227525629123973,0.02639191747540426,-0.0022678577150539525,514.0799804687499,-19.199987792968727,-83.63510742187509,591.8400207519531,613.4399963378906,821.6382324218748,278.87996826171866,754.0799804687499,899.078369140625,-344.6399902343751,-364.8001464843751,-586.995184326172,-77.27999267578127,311.03999023437495,24.78076171875
1763686901.9743998,5,2,2,-0.16578090349414729,-0.32991113718021325,-10.788144348504323,-0.022961678071579044,0.02368016553660541,-0.0018146408968016023,514.0799804687499,-19.199987792968727,-83.63510742187509,589.4400573730469,615.8400207519531,817.7661621093748,271.6799560546874,754.0799804687499,891.33447265625,-347.0401367187501,-360.0000976562501,-583.1232055664063,-82.08001098632815,308.63996582031245,24.78076171875
1763686902.0865116,5,2,2,-0.17389263034394534,-0.32036922501244725,-10.67181870739572,-0.023029038460189756,0.02497668040256882,-0.0017738881070439392,516.4800048828124,-14.399999999999977,-87.50717773437509,591.8400207519531,620.6400085449219,821.6382324218748,271.6799560546874,751.6800781249999,895.20654296875,-347.0401367187501,-362.4000000000001,-579.2511962890626,-77.27999267578127,311.03999023437495,24.78076171875
1763686902.179214,5,2,2,-0.17314533054787165,-0.32526513498994886,-10.598593220377838,-0.021375225693723056,0.025383373687392727,-0.0018963497250816118,514.0799804687499,-16.799963378906227,-91.37924804687509,582.2400451660156,613.4399963378906,810.0225097656248,276.47994384765616,754.0799804687499,891.33447265625,-342.2400878906251,-357.5999511718751,-586.995184326172,-79.67998657226565,306.23994140624995,24.78076171875
1763686902.2257318,5,2,2,-0.18954612174943047,-0.2951270253757824,-10.76595025761844,-0.021351154779422187,0.025406654646728435,-0.001958581498037699,516.4800048828124,-14.399999999999977,-83.63510742187509,587.0400329589844,615.8400207519531,821.6382324218748,278.87996826171866,751.6800781249999,887.46240234375,-339.8399414062501,-362.4000000000001,-583.1232055664063,-77.27999267578127,308.63996582031245,24.78076171875
1763686902.3153262,5,2,2,-0.17744108885813775,-0.3533680811696267,-10.507172788639231,-0.02425230031340739,0.024265575787283503,-0.0018740231503700578,518.8800292968749,-9.600012207031227,-87.50717773437509,587.0400329589844,618.2400451660156,813.8945800781248,276.47994384765616,756.4801269531249,891.33447265625,-339.8399414062501,-362.4000000000001,-590.8671936035157,-77.27999267578127,306.23994140624995,24.78076171875
1763686902.4087353,5,2,2,-0.1398375601127922,-0.3271958840268701,-10.519657819462745,-0.022868809353453076,0.02386968475047096,-0.0022659394665465278,514.0799804687499,-11.999975585937477,-87.50717773437509,584.6400085449219,620.6400085449219,821.6382324218748,274.0799804687499,749.2799316406249,891.33447265625,-344.6399902343751,-362.4000000000001,-586.995184326172,-77.27999267578127,306.23994140624995,17.036865234375
1763686902.4862747,5,2,2,-0.19714694888770773,-0.3108843790743875,-10.548162473870814,-0.02158329318026912,0.02558928171506383,-0.0018803317561317445,514.0799804687499,-16.799963378906227,-95.25107421875009,589.4400573730469,620.6400085449219,829.3823730468748,276.47994384765616,754.0799804687499,891.33447265625,-339.8399414062501,-362.4000000000001,-594.7392028808595,-77.27999267578127,306.23994140624995,20.90869140625
1763686902.6792617,5,2,2,-0.15543875399490545,-0.35543884687446914,-10.538055581754277,-0.023428714279438635,0.023617476161879057,-0.0018033550835779644,514.0799804687499,-11.999975585937477,-87.50717773437509,584.6400085449219,618.2400451660156,813.8945800781248,274.0799804687499,749.2799316406249,883.59033203125,-344.6399902343751,-360.0000976562501,-590.8671936035157,-74.8799987792969,308.63996582031245,17.036865234375
1763686902.7875547,5,2,2,-0.20570442288445168,-0.3166907442971685,-10.464199554961448,-0.02160655473968153,0.02585919424956485,-0.0017716414436139204,518.8800292968749,-14.399999999999977,-95.25107421875009,591.8400207519531,623.0400329589844,817.7661621093748,276.47994384765616,751.6800781249999,891.33447265625,-339.8399414062501,-357.5999511718751,-590.8671936035157,-77.27999267578127,308.63996582031245,20.90869140625
1763686902.8811173,5,2,2,-0.2559424757197097,-0.33594680156028855,-10.483669756811217,-0.022310467679343353,0.028439742242101905,-0.0020918620155211828,511.6799560546874,-19.199987792968727,-91.37924804687509,589.4400573730469,620.6400085449219,825.5103027343748,271.6799560546874,746.8800292968749,891.33447265625,-344.6399902343751,-357.5999511718751,-590.8671936035157,-77.27999267578127,306.23994140624995,20.90869140625
1763686902.9753454,5,2,2,-0.3689864887935044,-0.3283362592188012,-10.34897168486329,-0.022277705851320027,0.03355182994993595,-0.0024334296516989604,514.0799804687499,-11.999975585937477,-87.50717773437509,584.6400085449219,627.8400207519531,825.5103027343748,274.0799804687499,742.0799804687499,895.20654296875,-347.0401367187501,-360.0000976562501,-594.7392028808595,-72.48000488281252,311.03999023437495,9.292724609375
1763686903.0842524,5,2,2,-0.3453888166545346,-0.19177045662538544,-10.47414205169185,-0.014978327322846006,0.03314131646603109,-0.0021457319457494663,504.4800048828124,-16.799963378906227,-83.63510742187509,577.4400573730469,625.4399963378906,821.6382324218748,262.0799804687499,730.0799804687499,875.846435546875,-347.0401367187501,-357.5999511718751,-579.2511962890626,-77.27999267578127,308.63996582031245,13.164794921875
1763686903.1768913,5,2,2,-0.49656683848301175,-0.3018036876454005,-10.144081993007415,-0.020900545579684987,0.040585718218723435,-0.0021979296351680314,487.6799560546874,-14.399999999999977,-72.01914062500009,563.0400329589844,596.6400085449219,806.1504394531248,254.87996826171866,713.2799316406249,864.23046875,-339.8399414062501,-352.8001464843751,-567.6351989746095,-70.08001098632815,303.84003906249995,20.90869140625
1763686903.3801906,5,2,2,-0.3685327236666164,-0.05835489479480807,-9.05121239756373,-0.007761138193792667,0.03322055080430432,-0.0020083839965401554,466.0799804687499,-14.399999999999977,-41.04306640625009,524.6400085449219,555.8400207519531,775.1743652343748,240.47994384765616,682.0799804687499,837.12646484375,-335.0401367187501,-343.2000488281251,-521.1711791992188,-70.08001098632815,303.84003906249995,28.65283203125
1763686903.473084,5,2,2,-0.2375888847754581,0.005918423575653101,-8.666899010463005,-0.004658546876579496,0.02411577679600363,-0.0013968327405287327,449.2800537109374,-9.600012207031227,-37.17124023437509,510.24004516601565,529.4399963378906,759.6865722656248,238.0799804687499,674.8800292968749,817.766357421875,-325.4400390625001,-336.0000976562501,-501.81119384765634,-65.27999267578127,299.03999023437495,40.268798828125
1763686903.78311,5,2,2,-0.029299769393240194,0.24701820353812182,-6.6082513627951665,0.006578661836801655,0.015677232891715288,-0.0015747170396512213,384.4800048828124,-11.999975585937477,17.03676757812491,421.4400573730469,404.6400085449219,666.7583496093748,199.6799560546874,576.4801269531249,736.454345703125,-294.2400878906251,-297.5999511718751,-389.52322998046884,-58.08001098632815,277.44001464843745,71.244873046875
1763686903.8289866,5,2,2,0.01581670293139592,0.24962970226765033,-6.528515643544297,0.006135238687531448,0.01575183965620641,-0.0011577205941693959,367.6799560546874,-11.999975585937477,28.65273437499991,402.24004516601565,375.84002075195315,647.3984863281248,192.4800048828124,562.0799804687499,728.71044921875,-284.6399902343751,-292.8001464843751,-374.03519287109384,-58.08001098632815,277.44001464843745,75.11669921875
1763686903.9238832,5,2,2,0.21441682207080603,0.30564230105981005,-5.733327290823935,0.010180927639142707,0.0008015956336074447,-0.0010998560028037678,0,0,0,0,0,0,0,0,0,0,0,0,0,0,0
1763686904.033011,5,2,2,0.2938259677742099,0.417911377719427,-4.905349155419362,0.01541002859102527,-0.0036482172723258065,-0.0015743417411555652,307.6799560546874,-14.399999999999977,59.62880859374991,332.6400085449219,279.84002075195315,577.7021972656248,175.6799560546874,482.8800292968749,674.50244140625,-248.6399902343751,-249.5999511718751,-281.10721435546884,-58.08001098632815,258.23994140624995,82.86083984375
1763686904.1764436,5,2,2,0.4653671947775855,0.5536010544304312,-3.61018810799666,0.02408711071202822,-0.013859851734154004,-0.000697980699767097,271.6799560546874,-26.399999999999977,71.24477539062491,289.43999633789065,227.04000244140627,519.6221191406248,156.4800048828124,432.4801269531249,631.910400390625,-227.0401367187501,-223.2000488281251,-238.51517333984384,-58.08001098632815,243.84003906249995,86.73291015625
1763686904.284855,5,2,2,0.5847405112692532,0.5132172493640613,-3.2029848195039112,0.02073868974799005,-0.018160647740144864,-0.0009561235820229363,247.6799560546874,-23.999975585937477,78.98891601562491,265.43999633789065,193.43999633789065,473.1582519531248,151.6799560546874,396.4801269531249,589.318359375,-205.4400390625001,-208.8001464843751,-199.79520263671884,-58.08001098632815,229.44001464843745,86.73291015625
1763686904.3283834,5,2,2,0.6188578401221971,0.5555849410385081,-3.168152742756375,0.021277264134988906,-0.01910707260022924,-0.0008672646415394782,240.4800048828124,-28.799963378906227,86.73281249999991,246.24004516601565,183.83999023437502,457.6704589843748,149.2799316406249,391.6800781249999,577.702392578125,-203.0401367187501,-199.2000488281251,-188.1791748046876,-55.67998657226565,224.63996582031245,86.73291015625
1763686904.4212515,5,2,2,0.5589826149581151,0.5089231468128023,-2.7976234071359816,0.02099445052652532,-0.018170759921162512,-0.0007315060597887337,218.8800292968749,-33.60001220703123,82.86074218749991,229.43999633789065,155.04000244140627,415.0781738281248,134.8799072265624,362.8800292968749,550.598388671875,-186.2400878906251,-177.5999511718751,-164.94718017578134,-55.67998657226565,210.23994140624995,82.86083984375
1763686904.5799656,5,2,2,0.6478448000230042,0.3814912157972077,-2.1917407320054063,0.017648707895110187,-0.01880888290515513,-0.0002063963012644411,199.6799560546874,-40.79996337890623,90.60488281249991,200.6400085449219,114.2399841308594,364.7422363281248,127.67995605468741,331.6800781249999,500.262451171875,-162.2400878906251,-151.2000488281251,-130.0992187500001,-58.08001098632815,191.03999023437495,86.73291015625
1763686904.6854506,5,2,2,0.5751709540559619,0.48902035425737184,-1.8415996861849773,0.01995748382894061,-0.020175277842698333,-0.0009405894791233598,170.8800292968749,-43.19998779296873,94.47695312499991,183.84002075195315,97.43999633789065,337.6382324218748,110.87990722656241,295.6800781249999,477.030517578125,-152.6399902343751,-136.8001464843751,-110.73917236328134,-55.67998657226565,183.84003906249995,75.11669921875
1763686905.2837534,5,2,2,0.3778101407223146,0.40792876354476126,-0.6570366028107655,0.01735447019141899,-0.011711516320094602,-0.0013787404183619877,91.67995605468741,-59.99997558593748,82.86074218749991,95.04000244140627,27.839990234375023,198.24614257812482,84.48000488281241,182.8800292968749,364.742431640625,-102.24008789062509,-60.00009765625009,-37.17124023437509,-62.8799987792969,140.63996582031245,48.0126953125
1763686905.3770573,5,2,2,0.406524058424162,0.36582524248139936,-0.5798097959887056,0.016183469317746897,-0.010367308493968535,-0.0015087935524245324,86.88002929687491,-62.39999999999998,78.98891601562491,92.6400085449219,27.839990234375023,186.63041992187482,72.48000488281241,168.4800048828124,349.25439453125,-99.83994140625009,-57.59995117187509,-41.04318847656259,-60.48000488281252,135.84003906249995,44.140869140625
1763686905.5840511,5,2,2,0.338673355778071,0.43565008471580763,-0.5038176489151476,0.01843189281916385,-0.00825754537245225,-0.0012425721947648624,65.27993164062491,-69.60001220703123,71.24477539062491,66.24001464843752,15.839990234375023,155.65434570312482,77.27993164062491,139.6799560546874,329.89453125,-85.44003906250009,-43.20004882812509,-21.68320312500009,-65.27999267578127,126.23994140624995,36.396728515625
1763686905.6852224,5,2,2,0.26590490014395224,0.38616779329857814,-0.5116651313447708,0.016645376958459374,-0.0042853766621235145,-0.0009348276673977467,60.48000488281241,-69.60001220703123,71.24477539062491,61.44002685546877,3.8399902343750227,144.03813476562482,72.48000488281241,134.8800292968749,314.406494140625,-85.44003906250009,-36.00009765625009,-21.68320312500009,-67.67998657226565,121.44001464843745,28.65283203125
1763686905.8881161,5,2,2,0.35782944312519416,0.42436418488095384,-0.34682360280696545,0.01604110561757119,-0.007510832704413347,-0.0008831592539510632,41.27993164062491,-76.79996337890623,67.37294921874991,47.04000244140627,1.4399963378906477,120.80620117187482,70.07998046874991,113.28005371093741,298.91845703125,-73.44003906250009,-26.40000000000009,-10.067236328125091,-67.67998657226565,119.03999023437495,13.164794921875
1763686913.7878454,5,2,2,0.11154918119923707,0.1703115676507462,-0.22235282710012505,0.004626629987130581,0.004696923707998711,-0.0011749328125267057,-11.519995117187591,-74.39999999999998,17.03676757812491,-0.9599975585937273,-8.160009765624977,12.390429687499818,38.87990722656241,19.67995605468741,159.5263671875,-35.04013671875009,21.59999999999991,-6.195166015625091,-55.67998657226565,63.840039062499955,-21.68310546875
1763686914.0827277,5,2,2,0.13423003652324692,0.20162074989727857,-0.21770029702179716,0.0057417139829803125,0.003108675775691299,-0.0010934430862329417,-6.720068359375091,-76.79996337890623,20.90883789062491,1.4399963378906477,-5.760015869140602,4.646289062499818,38.87990722656241,19.67995605468741,159.5263671875,-32.63999023437509,23.99990234374991,-2.323217773437591,-53.27999267578127,63.840039062499955,-17.811279296875
1763686914.4760523,5,2,2,0.14455850515062071,0.21695217564587344,-0.20215516837690972,0.005545190172657981,0.0028243375848558067,-0.0008556697226539953,-6.720068359375091,-71.99997558593748,20.90883789062491,-0.9599975585937273,-5.760015869140602,4.646289062499818,38.87990722656241,17.28005371093741,159.5263671875,-32.63999023437509,23.99990234374991,-2.323217773437591,-60.48000488281252,61.440014648437455,-29.42724609375
1763686914.9873352,5,2,2,0.12536630685386496,0.213453220833903,-0.2347108991207315,0.005824254494081882,0.0039308950868645305,-0.0010999676977475588,-11.519995117187591,-74.39999999999998,17.03676757812491,-0.9599975585937273,-8.160009765624977,8.518359374999818,41.27993164062491,14.880029296874909,151.782470703125,-27.83994140625009,23.99990234374991,5.420800781249909,-53.27999267578127,63.840039062499955,-25.55517578125
1763686915.096702,5,2,2,0.09308391591778976,0.1631091939495519,-0.22018208317128618,0.004909366002079117,0.004298511886716846,-0.0010159123415583616,-4.320043945312591,-69.60001220703123,17.03676757812491,-0.9599975585937273,-12.959997558593727,8.518359374999818,41.27993164062491,14.880029296874909,151.782470703125,-32.63999023437509,31.19985351562491,1.548852539062409,-55.67998657226565,61.440014648437455,-17.811279296875
1763686915.490339,5,2,2,0.09102077602410133,0.16549283744967952,-0.200811218936297,0.005442060387845079,0.0038586960595444328,-0.0010069603914280834,-9.119970703125091,-74.39999999999998,17.03676757812491,-5.759985351562477,-3.3599914550781023,4.646289062499818,38.87990722656241,14.880029296874909,151.782470703125,-32.63999023437509,23.99990234374991,-2.323217773437591,-50.8799987792969,61.440014648437455,-25.55517578125
1763686915.7852352,5,2,2,0.10940635112690757,0.14489672612909782,-0.27111388754507026,0.00492673468770058,0.0038709938162391046,-0.000719885125458148,-6.720068359375091,-71.99997558593748,20.90883789062491,-5.759985351562477,-5.760015869140602,8.518359374999818,41.27993164062491,10.079980468749909,151.782470703125,-27.83994140625009,26.40004882812491,-2.323217773437591,-53.27999267578127,63.840039062499955,-29.42724609375
1763686915.988769,5,2,2,0.07464587371852047,0.20303523464090445,-0.2172808032627553,0.00556929314865839,0.004459089515598016,-0.0009371822349264086,-9.119970703125091,-74.39999999999998,13.164941406249909,-5.759985351562477,-8.160009765624977,8.518359374999818,34.07998046874991,10.079980468749909,151.782470703125,-25.44003906250009,23.99990234374991,-2.323217773437591,-50.8799987792969,59.039990234374955,-29.42724609375
1763686916.1756353,5,2,2,0.10122032317205962,0.17110199798002787,-0.2361572760530254,0.005154524498537317,0.0035681007426449337,-0.0006305460973721794,-9.119970703125091,-74.39999999999998,17.03676757812491,-3.3599914550781023,-3.3599914550781023,4.646289062499818,36.48000488281241,10.079980468749909,147.910400390625,-30.24008789062509,28.79995117187491,-6.195166015625091,-50.8799987792969,66.23994140624995,-29.42724609375
1763686916.5787108,5,2,2,0.10356658862618674,0.1989868383479164,-0.23744459682396085,0.004870080135171795,0.0038214408505945667,-0.0008692026524780626,-13.920019531250091,-71.99997558593748,13.164941406249909,-8.159979248046852,-10.560003662109352,0.7744628906248181,36.48000488281241,10.079980468749909,140.16650390625,-25.44003906250009,33.59999999999991,-2.323217773437591,-50.8799987792969,66.23994140624995,-29.42724609375
1763686923.1010895,5,2,2,0.08349847264248447,0.17593597614627296,-0.20811427568699872,0.0035332734291020555,0.0033159826669254423,-0.0002370887810907515,-16.32004394531259,-67.19998779296873,5.420800781249909,-8.159979248046852,-10.560003662109352,-6.969677734375182,36.48000488281241,0.48000488281240905,132.42236328125,-20.63999023437509,33.59999999999991,1.548852539062409,-48.48000488281252,54.239941406249955,-33.299072265625
1763686923.3817847,5,2,2,0.09226201019280922,0.295136265074788,-0.5140643731683294,0.007921516896641792,0.0054048691198866445,-0.0001808945648058459,-11.519995117187591,-74.39999999999998,20.90883789062491,-3.3599914550781023,-8.160009765624977,8.518359374999818,36.48000488281241,12.480004882812409,155.654541015625,-30.24008789062509,19.19985351562491,-2.323217773437591,-48.48000488281252,59.039990234374955,-21.68310546875
1763686923.4879417,5,2,2,0.09283284277483109,0.23189856460654348,-0.4073076813369086,0.009091021139052552,0.0054602089205631555,-0.001226629741997181,-6.720068359375091,-67.19998779296873,20.90883789062491,1.4399963378906477,3.8399902343750227,20.134326171874818,38.87990722656241,14.880029296874909,159.5263671875,-35.04013671875009,19.19985351562491,-6.195166015625091,-46.08001098632815,68.63996582031245,-25.55517578125
1763686923.5848703,5,2,2,0.005865619400612684,0.29654107894995524,-0.6066353380324544,0.00972399941436433,0.007570252187595668,-4.8891439420317966e-05,-6.720068359375091,-64.79996337890623,24.78090820312491,-0.9599975585937273,1.4399963378906477,27.878466796874818,41.27993164062491,14.880029296874909,163.3984375,-35.04013671875009,11.999902343749909,1.548852539062409,-43.67998657226565,71.03999023437495,-25.55517578125
1763686923.6805146,5,2,2,0.050953830218346444,0.2963098251233956,-0.5864995712054506,0.011071208496021232,0.0075841682199901716,-0.0002705786846792336,-6.720068359375091,-69.60001220703123,20.90883789062491,-0.9599975585937273,-0.9599975585937273,35.62236328124982,43.67995605468741,14.880029296874909,167.2705078125,-44.63999023437509,7.199853515624909,-2.323217773437591,-46.08001098632815,80.63996582031245,-29.42724609375
1763686923.7677727,5,2,2,0.033483997785376585,0.30068566892604703,-0.6176462126673342,0.011270978651352282,0.006703946756697822,-0.0002813166082585379,0,0,0,0,0,0,0,0,0,0,0,0,0,0,0
1763686923.8618104,5,2,2,0.011537541332531723,0.24706456220265288,-0.6496791123916066,0.011638450044235001,0.008129328397255582,-0.0006769146498698834,17.27993164062491,-64.79996337890623,40.26894531249991,20.640008544921898,8.640008544921898,66.59843749999982,43.67995605468741,50.88002929687491,202.118408203125,-61.44003906250009,-2.400000000000091,-17.81125488281259,-48.48000488281252,83.03999023437495,-10.067138671875
1763686924.081876,5,2,2,0.13496131942803102,0.3358839611218888,-0.9710469156541977,0.01181673197588017,0.004669009713695101,-0.00040927061800126924,17.27993164062491,-69.60001220703123,40.26894531249991,15.840020751953148,6.239984130859398,66.59843749999982,43.67995605468741,53.28005371093741,221.478515625,-59.04013671875009,-7.200048828125091,-10.067236328125091,-55.67998657226565,90.23994140624995,-2.3232421875
1763686924.2825015,5,2,2,0.15575555042771355,0.32320853849353676,-0.8805092972401363,0.013121447517207948,0.0018974179450791506,2.006889214901931e-05,31.67995605468741,-69.60001220703123,48.01284179687491,35.04000244140627,1.4399963378906477,82.08623046874982,48.48000488281241,72.48000488281241,229.222412109375,-59.04013671875009,-9.599951171875091,-13.939184570312591,-55.67998657226565,87.84003906249995,9.292724609375
1763686924.485343,5,2,2,0.15952755239196048,0.3310101602368187,-0.8837372242969491,0.012339288015836128,0.0021331055138541486,-0.0001415208828829316,12.480004882812409,-69.60001220703123,44.14077148437491,15.840020751953148,6.239984130859398,58.85429687499982,50.87990722656241,60.48000488281241,217.6064453125,-56.63999023437509,-7.200048828125091,-2.323217773437591,-58.08001098632815,87.84003906249995,-6.195068359375
1763686924.6865764,5,2,2,0.3048646183316461,0.26411388016043846,-0.7621601312936246,0.008711979912165671,-0.004295267159363138,-0.0004230153891103701,22.07998046874991,-74.39999999999998,44.14077148437491,27.840020751953148,-5.760015869140602,74.34233398437482,55.67995605468741,70.07998046874991,229.222412109375,-56.63999023437509,-4.800146484375091,-10.067236328125091,-65.27999267578127,90.23994140624995,5.4208984375
1763686924.7787108,5,2,2,0.32193974264492004,0.2854673475368867,-0.7531035570218736,0.0109109012558663,-0.005529385871632039,-0.0006469592912941249,24.48000488281241,-79.19998779296873,48.01284179687491,25.439996337890648,-5.760015869140602,66.59843749999982,58.07998046874991,74.88002929687491,236.966552734375,-61.44003906250009,-7.200048828125091,-2.323217773437591,-67.67998657226565,90.23994140624995,-2.3232421875
1763686924.8875718,5,2,2,0.31303234668797847,0.31171393027219846,-0.9123601552843371,0.01311192782965541,-0.006384544201751434,-7.121967507105111e-05,19.67995605468741,-76.79996337890623,48.01284179687491,23.040002441406273,-12.959997558593727,70.47026367187482,55.67995605468741,67.67995605468741,229.222412109375,-61.44003906250009,-4.800146484375091,-10.067236328125091,-60.48000488281252,90.23994140624995,-2.3232421875
1763686924.9821236,5,2,2,0.2637154296530086,0.33700626598612116,-0.6965907994863196,0.012658221580707955,-0.0027569010760063847,-0.0006227309030698754,22.07998046874991,-71.99997558593748,48.01284179687491,27.840020751953148,-12.959997558593727,62.72636718749982,53.27993164062491,72.48000488281241,233.094482421875,-61.44003906250009,-4.800146484375091,-6.195166015625091,-62.8799987792969,90.23994140624995,5.4208984375
1763686925.0257103,5,2,2,0.26070936268666206,0.3857640594828734,-0.7268708414442521,0.013717298814191644,-0.002354907776789856,-0.0004767336688417864,31.67995605468741,-79.19998779296873,51.88491210937491,27.840020751953148,-8.160009765624977,66.59843749999982,55.67995605468741,79.67995605468741,236.966552734375,-61.44003906250009,-4.800146484375091,-2.323217773437591,-65.27999267578127,90.23994140624995,5.4208984375
1763686925.1334739,5,2,2,0.3368380786538746,0.3253523920338671,-0.8349585316910628,0.011718482379510411,-0.005569323194082927,-0.0005980828142782363,29.27993164062491,-79.19998779296873,51.88491210937491,27.840020751953148,-5.760015869140602,66.59843749999982,55.67995605468741,70.07998046874991,229.222412109375,-56.63999023437509,-2.400000000000091,-10.067236328125091,-55.67998657226565,90.23994140624995,5.4208984375
1763686925.2274761,5,2,2,0.3034643354231756,0.3161605665221031,-0.783541185769504,0.011479593854434594,-0.0055544136907289526,-0.0008924951130791694,22.07998046874991,-76.79996337890623,55.75673828124991,25.439996337890648,-8.160009765624977,66.59843749999982,55.67995605468741,67.67995605468741,233.094482421875,-63.83994140625009,-4.800146484375091,-2.323217773437591,-55.67998657226565,87.84003906249995,5.4208984375
1763686925.3851943,5,2,2,0.3061327792989726,0.33659821754793795,-0.7805351167336502,0.012817148501421863,-0.004159708086805957,-0.0005743475325064144,22.07998046874991,-71.99997558593748,48.01284179687491,30.240014648437523,-5.760015869140602,70.47026367187482,53.27993164062491,72.48000488281241,236.966552734375,-61.44003906250009,-4.800146484375091,-10.067236328125091,-62.8799987792969,90.23994140624995,9.292724609375
1763686925.4288337,5,2,2,0.33385919627295757,0.3439563030360614,-0.714138357208006,0.012566732311664055,-0.005141215313150744,-0.0008654682063857184,0,0,0,0,0,0,0,0,0,0,0,0,0,0,0
1763686925.5231335,5,2,2,0.2721491616306747,0.27913039955761865,-0.7546894915631298,0.01032651965276804,-0.003701430372190019,-0.0008833918454443898,19.67995605468741,-76.79996337890623,51.88491210937491,20.640008544921898,-5.760015869140602,58.85429687499982,53.27993164062491,72.48000488281241,229.222412109375,-54.24008789062509,-9.599951171875091,-10.067236328125091,-55.67998657226565,90.23994140624995,9.292724609375
1763686925.618268,5,2,2,0.26944853121884665,0.3042579292234234,-0.7362737007249045,0.011023060340194197,-0.002449591433968461,-0.0011102306630719253,19.67995605468741,-74.39999999999998,51.88491210937491,20.640008544921898,-8.160009765624977,66.59843749999982,58.07998046874991,70.07998046874991,229.222412109375,-59.04013671875009,-9.599951171875091,-10.067236328125091,-60.48000488281252,90.23994140624995,-2.3232421875
1763686925.7897203,5,2,2,0.21952691460388077,0.3067497395758949,-0.7725316960826095,0.01051540711288838,-0.0002618592952557926,-0.0005775877505129975,0,0,0,0,0,0,0,0,0,0,0,0,0,0,0
1763686925.9799078,5,2,2,0.17518406028446676,0.354791340690809,-0.7115552688733252,0.013082938340384896,0.001006259108225301,-0.0008610107447858365,12.480004882812409,-79.19998779296873,36.39687499999991,13.439996337890648,-0.9599975585937273,58.85429687499982,50.87990722656241,48.48000488281241,221.478515625,-56.63999023437509,-2.400000000000091,-2.323217773437591,-55.67998657226565,90.23994140624995,-6.195068359375
1763686926.0880225,5,2,2,0.09686319864710799,0.3592971299515446,-0.7456893102410813,0.013080411271049601,0.004290404075597137,-0.0004033619797318769,10.079980468749909,-69.60001220703123,44.14077148437491,18.240014648437523,-0.9599975585937273,66.59843749999982,55.67995605468741,58.07998046874991,217.6064453125,-61.44003906250009,-7.200048828125091,-2.323217773437591,-58.08001098632815,90.23994140624995,1.548828125
1763686926.1000164,5,2,2,0.14745471032620538,0.3599928509220594,-0.8140105915023806,0.013244360534932458,0.00375595252186085,-0.000427506512510742,17.27993164062491,-69.60001220703123,48.01284179687491,18.240014648437523,-0.9599975585937273,62.72636718749982,50.87990722656241,58.07998046874991,221.478515625,-54.24008789062509,-7.200048828125091,-6.195166015625091,-55.67998657226565,92.63996582031245,-6.195068359375
1763686926.2079515,5,2,2,0.15841091744081628,0.3613384082411197,-0.7631498664405683,0.012949062117763564,0.001979388191319616,-0.0005675657962910397,12.480004882812409,-67.19998779296873,44.14077148437491,11.040002441406273,-0.9599975585937273,70.47026367187482,55.67995605468741,48.48000488281241,217.6064453125,-56.63999023437509,-4.800146484375091,-10.067236328125091,-58.08001098632815,92.63996582031245,-6.195068359375
1763686926.2883742,5,2,2,0.12423046416529981,0.3554792589280306,-0.76426667574006,0.012713265078125638,0.003675159545592524,-0.0005679173472535405,10.079980468749909,-71.99997558593748,51.88491210937491,15.840020751953148,-5.760015869140602,62.72636718749982,50.87990722656241,55.67995605468741,225.350341796875,-56.63999023437509,-7.200048828125091,-6.195166015625091,-53.27999267578127,87.84003906249995,-6.195068359375
1763686926.3805325,5,2,2,0.1501678969823959,0.36571959022164435,-0.6064279156225162,0.014684483637884327,0.0037860676492913726,-0.0008948458405001875,14.880029296874909,-74.39999999999998,48.01284179687491,18.240014648437523,-0.9599975585937273,58.85429687499982,50.87990722656241,53.28005371093741,229.222412109375,-59.04013671875009,-4.800146484375091,-10.067236328125091,-55.67998657226565,92.63996582031245,-10.067138671875
1763686926.6771955,5,2,2,0.1596185066561069,0.3382103665583281,-0.6821356751466254,0.012450637736207033,0.0027188508895540408,-0.00022588596727117526,10.079980468749909,-74.39999999999998,40.26894531249991,23.040002441406273,1.4399963378906477,62.72636718749982,43.67995605468741,48.48000488281241,213.734375,-51.83994140625009,-7.200048828125091,-10.067236328125091,-53.27999267578127,85.44001464843745,-6.195068359375
1763686926.7863271,5,2,2,0.09428083539638407,0.32231482013185087,-0.667581756794119,0.011454247079999418,0.004491650627486816,-0.0005356234646163516,10.079980468749909,-74.39999999999998,36.39687499999991,11.040002441406273,-5.760015869140602,54.98247070312482,50.87990722656241,41.28005371093741,202.118408203125,-49.44003906250009,-9.765625009094947e-05,-2.323217773437591,-53.27999267578127,83.03999023437495,-13.939208984375
1763686926.8812082,5,2,2,0.15790425336615194,0.26381600584622467,-0.5707307888711259,0.01035497446856487,0.0022690840142435983,-0.0008924411367540794,2.880029296874909,-71.99997558593748,28.65273437499991,8.640008544921898,-12.959997558593727,43.36625976562482,53.27993164062491,41.28005371093741,202.118408203125,-47.04013671875009,7.199853515624909,1.548852539062409,-55.67998657226565,80.63996582031245,-10.067138671875
1763686927.084418,5,2,2,0.23829196571184816,0.29538026136758433,-0.3787764746551644,0.008353550552985686,0.000431406273056577,-0.00060169393728986,0.48000488281240905,-74.39999999999998,32.52480468749991,1.4399963378906477,-12.959997558593727,24.006396484374818,50.87990722656241,31.67995605468741,186.63037109375,-37.44003906250009,19.19985351562491,5.420800781249909,-53.27999267578127,73.44001464843745,-17.811279296875
1763686927.1765335,5,2,2,0.20848087798865197,0.28602941720660424,-0.32247686686784943,0.009305677913625755,-0.0004111344514508325,-0.0005766241074903506,-1.920019531250091,-74.39999999999998,28.65273437499991,1.4399963378906477,-22.560003662109352,24.006396484374818,50.87990722656241,26.88002929687491,178.886474609375,-37.44003906250009,19.19985351562491,5.420800781249909,-58.08001098632815,68.63996582031245,-17.811279296875
1763686927.3911905,5,2,2,0.15213862030788824,0.23432455478140313,-0.2643397634871119,0.006203079872226656,-0.00014467399273673212,-0.0007208712828738978,-11.519995117187591,-79.19998779296873,20.90883789062491,-5.759985351562477,-15.360006713867165,-3.097607421875182,48.48000488281241,19.67995605468741,151.782470703125,-25.44003906250009,23.99990234374991,-2.323217773437591,-53.27999267578127,63.840039062499955,-21.68310546875
1763686927.4839864,5,2,2,0.10031778098763085,0.18672163169443864,-0.2667349548672655,0.005621783031412997,0.0022653225261242867,-0.0005629019011867702,-11.519995117187591,-74.39999999999998,9.292871093749909,-3.3599914550781023,-17.76000061035154,0.7744628906248181,43.67995605468741,14.880029296874909,151.782470703125,-23.04013671875009,28.79995117187491,13.164819335937409,-53.27999267578127,61.440014648437455,-25.55517578125
1763686933.0867863,5,2,2,0.12290224962006152,0.19164336816908967,-0.24728126260143765,0.002463403845939458,0.003614424122540886,-0.0008045595882741265,-18.72006835937509,-64.79996337890623,1.548730468749909,-10.560003662109352,-10.560003662109352,-22.457714843750182,38.87990722656241,-6.719946289062591,116.934326171875,-18.24008789062509,35.99990234374991,-2.323217773437591,-48.48000488281252,51.840039062499955,-37.171142578125
1763686933.2878451,5,2,2,0.15346732444708605,0.2097335089062409,-0.288980876085274,0.005306714301264655,0.00337943880731092,-0.0001051976448942548,-9.119970703125091,-71.99997558593748,13.164941406249909,-3.3599914550781023,-10.560003662109352,0.7744628906248181,36.48000488281241,12.480004882812409,147.910400390625,-30.24008789062509,21.59999999999991,-2.323217773437591,-46.08001098632815,59.039990234374955,-25.55517578125
1763686933.4888084,5,2,2,0.12539909452207368,0.26993524635863053,-0.46217667618456004,0.00806786829788366,0.0040197664795544735,-0.0008636319841555783,-11.519995117187591,-64.79996337890623,20.90883789062491,1.4399963378906477,-3.3599914550781023,20.134326171874818,38.87990722656241,17.28005371093741,155.654541015625,-32.63999023437509,14.400048828124909,-2.323217773437591,-46.08001098632815,63.840039062499955,-21.68310546875
1763686933.5835514,5,2,2,0.07204806121392734,0.2245100832036373,-0.5807893867022274,0.00781325173361847,0.0060572043280181925,-0.0005114692175374955,-1.920019531250091,-69.60001220703123,24.78090820312491,3.8400207519531477,-0.9599975585937273,31.750292968749818,41.27993164062491,22.07998046874991,171.142333984375,-42.24008789062509,11.999902343749909,1.548852539062409,-46.08001098632815,68.63996582031245,-17.811279296875
1763686933.6917892,5,2,2,0.14347250245911555,0.2745030486327984,-0.7441006340212044,0.00953669461861954,0.004505759975928406,-0.0005674015633728848,2.880029296874909,-67.19998779296873,32.52480468749991,11.040002441406273,1.4399963378906477,35.62236328124982,41.27993164062491,26.88002929687491,182.758544921875,-49.44003906250009,4.799951171874909,-6.195166015625091,-53.27999267578127,73.44001464843745,-13.939208984375
1763686933.7855392,5,2,2,0.11745567958304216,0.32376511744793024,-0.7604620998413585,0.00992324720244112,0.006030109636106937,-0.00026267723650253306,5.279931640624909,-64.79996337890623,32.52480468749991,15.840020751953148,3.8399902343750227,47.23833007812482,41.27993164062491,36.48000488281241,190.50244140625,-51.83994140625009,2.400048828124909,-2.323217773437591,-50.8799987792969,78.23994140624995,-10.067138671875
1763686933.8768158,5,2,2,0.06274772642873037,0.30466664263414556,-0.8067934329418587,0.01040977634593784,0.006510610858079408,-0.0004313818037676876,17.27993164062491,-67.19998779296873,44.14077148437491,20.640008544921898,8.640008544921898,62.72636718749982,43.67995605468741,48.48000488281241,202.118408203125,-56.63999023437509,-4.800146484375091,-10.067236328125091,-48.48000488281252,85.44001464843745,-10.067138671875
1763686933.9228585,5,2,2,0.09015399439119473,0.3480958866920224,-0.8248956660710828,0.010426361995698134,0.006450899982863505,-0.000441755201181538,14.880029296874909,-71.99997558593748,48.01284179687491,18.240014648437523,1.4399963378906477,66.59843749999982,48.48000488281241,53.28005371093741,213.734375,-61.44003906250009,-7.200048828125091,-10.067236328125091,-48.48000488281252,87.84003906249995,-13.939208984375
1763686934.016419,5,2,2,0.05219864747144384,0.30197285519907535,-0.9476979976094088,0.01270071550954976,0.005502179938578272,-0.0005498139143781469,19.67995605468741,-69.60001220703123,48.01284179687491,23.040002441406273,6.239984130859398,85.95854492187482,43.67995605468741,60.48000488281241,229.222412109375,-66.24008789062509,-7.200048828125091,-10.067236328125091,-48.48000488281252,95.03999023437495,-2.3232421875
1763686934.125961,5,2,2,0.13118767970919762,0.30308376483173016,-1.0036647880434986,0.012195908376131288,0.005650510466603961,-0.000650689841102389,0,0,0,0,0,0,0,0,0,0,0,0,0,0,0
1763686934.2844439,5,2,2,0.19424642891542365,0.38646049815244143,-1.2647904415777957,0.014364360658900299,0.0021835963954266718,3.888868023123776e-05,48.48000488281241,-71.99997558593748,63.50087890624991,47.04000244140627,20.640008544921898,124.67827148437482,53.27993164062491,96.48000488281241,275.6865234375,-85.44003906250009,-26.40000000000009,-21.68320312500009,-58.08001098632815,111.84003906249995,20.90869140625
1763686934.486849,5,2,2,0.13935596481768792,0.3726880922807301,-1.5989851755655091,0.014629276736080509,0.0038448170921083023,-0.000155636898503215,55.67995605468741,-71.99997558593748,75.11684570312491,59.04000244140627,20.640008544921898,136.29448242187482,58.07998046874991,113.28005371093741,295.04638671875,-95.04013671875009,-36.00009765625009,-33.29916992187509,-58.08001098632815,114.23994140624995,32.52490234375
1763686934.5794652,5,2,2,0.19915801739625982,0.380606658403059,-1.6924123893243013,0.012838086732818022,0.0033771038018119677,0.00011476285783259476,77.27993164062491,-69.60001220703123,82.86074218749991,80.6400085449219,32.6400085449219,163.39848632812482,58.07998046874991,137.2800537109374,322.150390625,-111.83994140625009,-45.59995117187509,-44.91519775390634,-62.8799987792969,126.23994140624995,40.268798828125
1763686934.7803578,5,2,2,0.15890792040765483,0.3504359311391013,-2.0782601194726045,0.013269408401675013,0.006602121167562337,-0.00040850614229286634,98.88002929687491,-67.19998779296873,86.73281249999991,99.84002075195315,49.43999633789065,205.99028320312482,67.67995605468741,170.8800292968749,364.742431640625,-131.0401367187501,-64.80014648437509,-64.27518310546884,-65.27999267578127,143.03999023437495,51.884765625
1763686934.8870847,5,2,2,0.17749925471556618,0.39916488702437375,-2.2361132303942717,0.01550417973411514,0.003543744634438813,-6.927926423922865e-05,106.07998046874991,-62.39999999999998,86.73281249999991,102.24001464843752,61.43999633789065,225.35014648437482,65.27993164062491,178.0799804687499,364.742431640625,-131.0401367187501,-69.59995117187509,-75.89121093750009,-65.27999267578127,145.44001464843745,63.500732421875
1763686935.090152,5,2,2,0.1814774125478596,0.3874658186754468,-2.0710223837932578,0.014606876061214382,0.003616911078554716,-0.0005604797685143589,101.27993164062491,-64.79996337890623,82.86074218749991,99.84002075195315,51.83999023437502,209.86235351562482,67.67995605468741,170.8800292968749,356.99853515625,-128.6399902343751,-67.20004882812509,-60.40317382812509,-55.67998657226565,140.63996582031245,59.62890625
1763686935.1840334,5,2,2,0.19650557587464418,0.41563681380177103,-2.1000327288852456,0.015522850842755632,0.0016190718707992683,-0.00041347670288612276,101.27993164062491,-57.60001220703123,98.34877929687491,102.24001464843752,39.83999023437502,213.73442382812482,72.48000488281241,173.2800537109374,356.99853515625,-126.24008789062509,-67.20004882812509,-52.65921630859384,-60.48000488281252,138.23994140624995,59.62890625
1763686935.480092,5,2,2,0.2187230001323561,0.3663001934614169,-1.9805253834096819,0.016019972354122412,0.00042405838310462067,2.624602631627642e-05,96.48000488281241,-59.99997558593748,82.86074218749991,97.44002685546877,51.83999023437502,205.99028320312482,70.07998046874991,173.2800537109374,356.99853515625,-123.83994140625009,-64.80014648437509,-60.40317382812509,-62.8799987792969,143.03999023437495,55.7568359375
1763686935.6805072,5,2,2,0.2250324950504547,0.3561932316947468,-1.9514328254750222,0.014595354574827782,-1.496741875816384e-05,-0.0005161066490272183,98.88002929687491,-62.39999999999998,86.73281249999991,97.44002685546877,47.04000244140627,198.24614257812482,67.67995605468741,168.4800048828124,360.870361328125,-123.83994140625009,-67.20004882812509,-56.53122558593759,-60.48000488281252,140.63996582031245,55.7568359375
1763686935.788478,5,2,2,0.22513695261837877,0.37409869044200816,-1.8332747007677037,0.014766389450817024,0.000375243779174572,-0.0007873668138950737,96.48000488281241,-64.79996337890623,90.60488281249991,97.44002685546877,42.2399841308594,198.24614257812482,67.67995605468741,168.4800048828124,356.99853515625,-123.83994140625009,-64.80014648437509,-52.65921630859384,-62.8799987792969,140.63996582031245,59.62890625
1763686935.9901624,5,2,2,0.20614413518385785,0.35531629694993855,-1.9840890506240028,0.014917889284103593,0.0005172658448184568,-5.697149938366775e-05,94.07998046874991,-62.39999999999998,94.47695312499991,95.04000244140627,49.43999633789065,213.73442382812482,67.67995605468741,168.4800048828124,376.3583984375,-123.83994140625009,-69.59995117187509,-56.53122558593759,-65.27999267578127,150.23994140624995,48.0126953125
1763686936.086542,5,2,2,0.14029146077260396,0.5271411498593391,-2.107416720147783,0.022960563860088386,0.004530854600695961,0.0003893691703642538,77.27993164062491,-64.79996337890623,94.47695312499991,75.84002075195315,44.6400085449219,209.86235351562482,65.27993164062491,149.2800537109374,372.486328125,-123.83994140625009,-72.00009765625009,-44.91519775390634,-60.48000488281252,147.84003906249995,36.396728515625
1763686936.286777,5,2,2,0.16766187544871713,0.5494973117826145,-1.9910277154225522,0.022829746704584063,0.004684598207785168,-0.00019716291827671093,91.67995605468741,-67.19998779296873,86.73281249999991,95.04000244140627,49.43999633789065,205.99028320312482,65.27993164062491,166.0799804687499,376.3583984375,-126.24008789062509,-72.00009765625009,-48.78720703125009,-62.8799987792969,147.84003906249995,51.884765625
1763686936.3806198,5,2,2,0.18830945356352632,0.470769888465984,-1.9509241196144584,0.019708993036943855,0.0025080744520527016,-3.3790484232071094e-05,79.67995605468741,-64.79996337890623,94.47695312499991,78.24001464843752,42.2399841308594,209.86235351562482,67.67995605468741,151.6799560546874,372.486328125,-126.24008789062509,-72.00009765625009,-41.04318847656259,-60.48000488281252,147.84003906249995,40.268798828125
1763686936.4887352,5,2,2,0.044176385873528234,0.6779289895048524,-2.0473207676816196,0.0300225561808531,0.008732534854239863,3.899815483902891e-05,0,0,0,0,0,0,0,0,0,0,0,0,0,0,0
1763686936.5167434,5,2,2,0.06728590718777652,0.6525781612013438,-2.0471372568511557,0.030319907780486627,0.008825632357125105,-3.569594044639402e-05,74.88002929687491,-62.39999999999998,94.47695312499991,78.24001464843752,47.04000244140627,209.86235351562482,70.07998046874991,149.2800537109374,372.486328125,-126.24008789062509,-74.40000000000009,-41.04318847656259,-55.67998657226565,150.23994140624995,32.52490234375
1763686936.6103437,5,2,2,0.07430477674890998,0.6233248097342022,-2.03679461477667,0.028585565939323612,0.008272342294131698,0.00019737411242186365,89.27993164062491,-57.60001220703123,98.34877929687491,87.84002075195315,42.2399841308594,205.99028320312482,70.07998046874991,163.6799560546874,372.486328125,-123.83994140625009,-72.00009765625009,-48.78720703125009,-55.67998657226565,140.63996582031245,51.884765625
1763686936.7053828,5,2,2,0.24047421923829881,0.4452776845843457,-1.9266585905389513,0.017501325834208322,0.001660340247984806,-0.0003457323482566763,89.27993164062491,-64.79996337890623,98.34877929687491,85.44002685546877,47.04000244140627,209.86235351562482,70.07998046874991,161.2800537109374,372.486328125,-121.44003906250009,-72.00009765625009,-48.78720703125009,-60.48000488281252,147.84003906249995,48.0126953125
1763686936.985533,5,2,2,0.33381527254264753,0.22239326702080336,-1.675833717934249,0.007097147010946959,-0.0052252650347980965,-0.0007531511631338049,110.88002929687491,-62.39999999999998,82.86074218749991,111.84002075195315,39.83999023437502,205.99028320312482,70.07998046874991,187.6799560546874,341.510498046875,-119.04013671875009,-62.40000000000009,-60.40317382812509,-62.8799987792969,135.84003906249995,71.244873046875
1763686937.190052,5,2,2,0.21283893036548876,0.3772486021754041,-1.8233927127904537,0.017494871817520127,0.0005164631406716583,-6.845071713599887e-05,91.67995605468741,-64.79996337890623,90.60488281249991,87.84002075195315,39.83999023437502,198.24614257812482,65.27993164062491,156.4800048828124,353.12646484375,-116.63999023437509,-64.80014648437509,-48.78720703125009,-60.48000488281252,138.23994140624995,55.7568359375
1763686937.3789606,5,2,2,0.3380290542134362,0.18734626753920375,-1.6965238337217001,0.005998796763728037,-0.006504043894734462,9.743318823198519e-05,96.48000488281241,-62.39999999999998,86.73281249999991,97.44002685546877,35.04000244140627,194.37456054687482,67.67995605468741,173.2800537109374,345.38232421875,-114.24008789062509,-62.40000000000009,-52.65921630859384,-60.48000488281252,133.44001464843745,67.372802734375
1763686937.4895675,5,2,2,0.2915943223155279,0.2914940764467239,-1.6924211440120418,0.011349892386141015,-0.005000470066456925,-0.0003553709625041981,74.88002929687491,-64.79996337890623,78.98891601562491,78.24001464843752,25.439996337890648,175.01420898437482,65.27993164062491,149.2800537109374,337.638427734375,-107.04013671875009,-50.40000000000009,-37.17124023437509,-65.27999267578127,131.03999023437495,40.268798828125
1763686937.6893723,5,2,2,0.36794791765677876,0.32489539727623523,-1.2095865448897833,0.010450570734795713,-0.007121025368466455,-0.0004251940490706058,74.88002929687491,-67.19998779296873,67.37294921874991,73.44002685546877,18.239984130859398,147.91020507812482,62.87990722656241,134.8800292968749,302.79052734375,-87.83994140625009,-38.40000000000009,-41.04318847656259,-62.8799987792969,116.63996582031245,44.140869140625
1763686937.7857194,5,2,2,0.34643046764638674,0.24440805488607,-1.027435130553615,0.009010379315491828,-0.008134794300786027,-0.0006721838917313059,48.48000488281241,-71.99997558593748,59.62880859374991,56.6400085449219,11.040002441406273,128.55034179687482,58.07998046874991,103.67995605468741,275.6865234375,-80.63999023437509,-28.80014648437509,-13.939184570312591,-55.67998657226565,109.44001464843745,24.78076171875
1763686937.893562,5,2,2,0.1803923240757385,0.33516475884579455,-0.8060468539563809,0.013940578555098481,-0.0024051538063219373,-0.0005773493420927434,34.07998046874991,-71.99997558593748,59.62880859374991,35.04000244140627,-8.160009765624977,89.83012695312482,60.48000488281241,86.88002929687491,267.9423828125,-71.04013671875009,-14.400000000000091,-10.067236328125091,-60.48000488281252,104.63996582031245,17.036865234375
1763686938.082685,5,2,2,0.31119306020722837,0.2275023241732277,-0.42537783015374775,0.009013312490070103,-0.003829617337492588,-0.0004544714220506542,14.880029296874909,-71.99997558593748,48.01284179687491,18.240014648437523,-12.959997558593727,58.85429687499982,53.27993164062491,55.67995605468741,221.478515625,-54.24008789062509,2.400048828124909,5.420800781249909,-60.48000488281252,87.84003906249995,-2.3232421875
1763686938.169399,5,2,2,0.3444830534824853,0.26040569445905243,-0.4065105385771871,0.009630890939199428,-0.00485645495835146,-0.0006828799590370226,0,0,0,0,0,0,0,0,0,0,0,0,0,0,0
1763686938.262805,5,2,2,0.24475208640417698,0.3272430129900473,-0.38734221253695844,0.010982475250619836,0.0005851331027662224,0.00034212049674155556,-1.920019531250091,-79.19998779296873,40.26894531249991,3.8400207519531477,-15.360006713867165,35.62236328124982,50.87990722656241,36.48000488281241,202.118408203125,-42.24008789062509,9.599999999999909,5.420800781249909,-58.08001098632815,80.63996582031245,-13.939208984375
1763686938.3925216,5,2,2,0.2076510865449138,0.21954365511734392,-0.28914598669954644,0.00894593601909064,-0.001046439521419843,-0.00063876565279041,0.48000488281240905,-74.39999999999998,28.65273437499991,1.4399963378906477,-17.76000061035154,31.750292968749818,48.48000488281241,31.67995605468741,182.758544921875,-42.24008789062509,16.79995117187491,5.420800781249909,-58.08001098632815,80.63996582031245,-17.811279296875
1763686938.6204162,5,2,2,0.17277247463139125,0.3169426558104311,-0.23808869146656025,0.009725994382912755,0.0020581088741065358,-0.0004684335566116938,-9.119970703125091,-79.19998779296873,28.65273437499991,-5.759985351562477,-17.76000061035154,12.390429687499818,43.67995605468741,22.07998046874991,171.142333984375,-32.63999023437509,19.19985351562491,9.292749023437409,-58.08001098632815,73.44001464843745,-17.811279296875
1763686944.6279113,5,2,2,0.18665670519206257,0.14406304625622024,-0.23006895606696887,0.0031047913044185147,0.002899269881230876,-0.0007137502380773384,0,0,0,0,0,0,0,0,0,0,0,0,0,0,0
1763686944.8797524,5,2,2,0.21551062065402182,0.29134680005472025,-0.38305264696469854,0.007450009367928662,0.0025833952517322024,-0.0009189421969956707,-13.920019531250091,-74.39999999999998,20.90883789062491,-8.159979248046852,-3.3599914550781023,12.390429687499818,38.87990722656241,12.480004882812409,155.654541015625,-35.04013671875009,21.59999999999991,1.548852539062409,-46.08001098632815,66.23994140624995,-33.299072265625
1763686945.061928,5,2,2,0.08815320126278228,0.3557899841592105,-0.4402315855923773,0.009429168491042786,0.00528365553929307,-0.0008569044458663338,-1.920019531250091,-67.19998779296873,28.65273437499991,-0.9599975585937273,1.4399963378906477,35.62236328124982,41.27993164062491,17.28005371093741,167.2705078125,-39.83994140625009,11.999902343749909,-2.323217773437591,-46.08001098632815,73.44001464843745,-17.811279296875
1763686945.154492,5,2,2,0.13115950553341496,0.35262983113613294,-0.5047383530286331,0.011070312434477352,0.00623745207395554,-0.00040342636018472365,5.279931640624909,-69.60001220703123,32.52480468749991,13.439996337890648,1.4399963378906477,51.11040039062482,48.48000488281241,38.88002929687491,186.63037109375,-47.04013671875009,4.799951171874909,-2.323217773437591,-46.08001098632815,83.03999023437495,-10.067138671875
1763686945.2860205,5,2,2,0.08690467149291836,0.3151137003649467,-0.7204609954242738,0.011050284204768668,0.005097868773013063,-8.196132485615876e-06,14.880029296874909,-71.99997558593748,44.14077148437491,15.840020751953148,3.8399902343750227,58.85429687499982,48.48000488281241,50.88002929687491,221.478515625,-56.63999023437509,-4.800146484375091,-10.067236328125091,-53.27999267578127,90.23994140624995,-6.195068359375
1763686945.3922527,5,2,2,0.110894377981622,0.32346359098381194,-0.8275523136729055,0.013437015957860534,0.0034295562361415836,-0.0007408929749063886,19.67995605468741,-67.19998779296873,44.14077148437491,20.640008544921898,6.239984130859398,74.34233398437482,46.07998046874991,55.67995605468741,213.734375,-61.44003906250009,-7.200048828125091,-13.939184570312591,-50.8799987792969,87.84003906249995,-6.195068359375
1763686945.4514427,5,2,2,0.09379133466423056,0.3618241158952266,-0.8605758045873991,0.013745699072667383,0.00393679375427541,-0.00020723120905828587,22.07998046874991,-67.19998779296873,48.01284179687491,25.439996337890648,8.640008544921898,78.21440429687482,48.48000488281241,65.28005371093741,229.222412109375,-63.83994140625009,-12.000097656250091,-17.81125488281259,-50.8799987792969,95.03999023437495,5.4208984375
1763686945.5794601,5,2,2,0.14328907940216234,0.3479378956436546,-1.1541082258093567,0.01205254211793744,0.0029814133737387618,-8.420191679320434e-05,34.07998046874991,-71.99997558593748,59.62880859374991,42.24001464843752,8.640008544921898,101.44633789062482,55.67995605468741,82.07998046874991,252.454345703125,-73.44003906250009,-16.80014648437509,-21.68320312500009,-60.48000488281252,99.84003906249995,17.036865234375
1763686945.6899555,5,2,2,0.21364529840573834,0.3911757423639591,-1.1976409647369048,0.014097932835378708,0.0007114306655432567,-0.00017368239194784154,43.67995605468741,-74.39999999999998,55.75673828124991,47.04000244140627,15.839990234375023,120.80620117187482,55.67995605468741,94.07998046874991,275.6865234375,-78.24008789062509,-31.20004882812509,-13.939184570312591,-58.08001098632815,102.23994140624995,17.036865234375
1763686945.7811298,5,2,2,0.12564726487529787,0.3796173585804836,-1.281224920845354,0.01409575059362161,0.004367892623274659,-0.00043578791996503957,0,0,0,0,0,0,0,0,0,0,0,0,0,0,0
1763686945.825945,5,2,2,0.14496553829469566,0.37797043214708537,-1.2841608119655703,0.013579351494697613,0.00447377184744696,-0.00043903077463827353,62.88002929687491,-71.99997558593748,71.24477539062491,59.04000244140627,23.040002441406273,140.16655273437482,58.07998046874991,120.48000488281241,291.174560546875,-90.24008789062509,-38.40000000000009,-29.42722167968759,-58.08001098632815,114.23994140624995,36.396728515625
1763686945.933862,5,2,2,0.14732254790530958,0.3612489172190759,-1.4368890323928585,0.01289737835988636,0.0035886342544557944,-0.000651672810369301,72.48000488281241,-69.60001220703123,78.98891601562491,75.84002075195315,30.239984130859398,163.39848632812482,58.07998046874991,132.4800048828124,314.406494140625,-104.63999023437509,-43.20004882812509,-37.17124023437509,-67.67998657226565,121.44001464843745,36.396728515625
1763686946.093717,5,2,2,0.16483047294662032,0.40924968684767565,-1.757146678538316,0.013025936133338916,0.0038602357352016253,-0.0006134019305328961,84.48000488281241,-69.60001220703123,82.86074218749991,83.04000244140627,39.83999023437502,178.88627929687482,62.87990722656241,146.8800292968749,333.766357421875,-114.24008789062509,-52.80014648437509,-56.53122558593759,-62.8799987792969,131.03999023437495,48.0126953125
1763686946.1874084,5,2,2,0.10890617999175235,0.3332322829038943,-1.823912879184796,0.013027022174822791,0.006223834840597746,-0.0007079184096736829,94.07998046874991,-64.79996337890623,82.86074218749991,92.6400085449219,44.6400085449219,202.11821289062482,62.87990722656241,161.2800537109374,349.25439453125,-121.44003906250009,-60.00009765625009,-60.40317382812509,-65.27999267578127,140.63996582031245,55.7568359375
1763686946.2839427,5,2,2,0.20340963327749015,0.39696250310541964,-2.0581479924968757,0.01368363220540945,0.0032272094463669633,-0.0007173210833430284,108.48000488281241,-59.99997558593748,90.60488281249991,107.04000244140627,56.6400085449219,217.60649414062482,62.87990722656241,178.0799804687499,364.742431640625,-126.24008789062509,-72.00009765625009,-68.14719238281259,-58.08001098632815,140.63996582031245,63.500732421875
1763686946.6869202,5,2,2,0.20846817650043536,0.3631490167663519,-2.82899440815854,0.013880894435029524,0.0010391833228875179,-0.00028572169773431435,149.2799316406249,-55.19998779296873,102.22084960937491,145.44002685546877,78.2399841308594,279.5581542968748,79.67995605468741,238.0799804687499,422.822509765625,-157.4400390625001,-105.59995117187509,-95.25119628906259,-62.8799987792969,167.03999023437495,82.86083984375
1763686946.7803125,5,2,2,0.24678198593471723,0.3617542293367106,-2.9269854902038444,0.014861557081144453,0.00015198551164896136,-0.00023854073211815785,0,0,0,0,0,0,0,0,0,0,0,0,0,0,0
1763686946.8924706,5,2,2,0.17312328269328991,0.36174297139435185,-3.1681006556926654,0.013566135340629702,0.004201949594321484,-0.0003290309467717515,170.8800292968749,-47.99997558593748,106.09291992187491,171.84002075195315,107.04000244140627,326.0225097656248,86.87990722656241,271.6800781249999,469.286376953125,-174.2400878906251,-124.80014648437509,-118.48319091796884,-60.48000488281252,181.44001464843745,94.476806640625
1763686946.9816017,5,2,2,0.2579080188817618,0.3325682052735244,-3.35264090742389,0.013639965246713792,0.0010292218308696165,-0.0007059604896013083,185.2799316406249,-52.79996337890623,109.96474609374991,181.43999633789065,111.83999023437502,337.6382324218748,91.67995605468741,286.0799804687499,477.030517578125,-176.6399902343751,-132.0000976562501,-126.22720947265634,-62.8799987792969,181.44001464843745,98.348876953125
1763686947.0908036,5,2,2,0.1880396950190788,0.3617929674879757,-3.4912299233957444,0.012132514209712552,0.0025220160135552144,-0.0008420937837345121,187.6799560546874,-52.79996337890623,113.83681640624991,193.43999633789065,121.43999633789065,360.8701660156248,94.07998046874991,305.2799316406249,511.87841796875,-188.6399902343751,-141.5999511718751,-130.0992187500001,-67.67998657226565,195.84003906249995,106.0927734375
1763686947.1864583,5,2,2,0.30642576807484057,0.4138016633199158,-3.8007703232081047,0.015044780842956879,-0.0019640122135266037,-0.0005552402843299535,197.2799316406249,-50.39999999999998,113.83681640624991,200.6400085449219,126.24001464843752,376.3584472656248,98.87990722656241,312.4801269531249,508.00634765625,-195.8399414062501,-148.8001464843751,-145.58719482421884,-60.48000488281252,195.84003906249995,102.220703125
1763686947.275395,5,2,2,0.31503329198192603,0.4205389555876933,-3.918405868242291,0.015072713452949034,-0.0024288175657953617,-0.00044151777109532875,194.8800292968749,-50.39999999999998,106.09291992187491,203.0400329589844,123.83999023437502,372.4863769531248,96.48000488281241,312.4801269531249,511.87841796875,-191.0401367187501,-146.4000000000001,-137.84317626953134,-70.08001098632815,193.44001464843745,106.0927734375
1763686947.3892846,5,2,2,0.2585819645403698,0.3372023579878525,-3.738935920183099,0.01340146372939299,-5.386458867762817e-05,-0.0008456457619959484,199.6799560546874,-50.39999999999998,109.96474609374991,200.6400085449219,123.83999023437502,360.8701660156248,96.48000488281241,314.8800292968749,508.00634765625,-191.0401367187501,-144.0000976562501,-137.84317626953134,-67.67998657226565,198.23994140624995,106.0927734375
1763686947.4847212,5,2,2,0.2420715384268401,0.38693882110699046,-3.5682602206906777,0.013849570947932207,-7.842802396872649e-05,-0.0010997338537565044,197.2799316406249,-52.79996337890623,106.09291992187491,195.84002075195315,123.83999023437502,368.6143066406248,96.48000488281241,310.0799804687499,511.87841796875,-191.0401367187501,-146.4000000000001,-141.7151855468751,-62.8799987792969,195.84003906249995,102.220703125
1763686947.681876,5,2,2,0.24667803950356998,0.36127465318298185,-3.5975041936190264,0.014669794688810103,-0.0019825089144646178,-0.0005575133331786012,197.2799316406249,-52.79996337890623,109.96474609374991,193.43999633789065,121.43999633789065,364.7422363281248,101.27993164062491,312.4801269531249,515.75048828125,-193.4400390625001,-141.5999511718751,-137.84317626953134,-60.48000488281252,200.63996582031245,106.0927734375
1763686947.8886888,5,2,2,0.30276145999871285,0.40963607181280043,-3.5260325680671585,0.016105437191739624,-0.0031896235416316067,-0.0007650778947441855,194.8800292968749,-52.79996337890623,113.83681640624991,195.84002075195315,116.6400085449219,368.6143066406248,98.87990722656241,314.8800292968749,508.00634765625,-195.8399414062501,-139.2000488281251,-133.97122802734384,-67.67998657226565,198.23994140624995,102.220703125
1763686948.293341,5,2,2,0.3218746605979958,0.36750485312896347,-3.446056302788686,0.015280880474506396,-0.0028810827468476784,-0.0008146279234667799,194.8800292968749,-47.99997558593748,106.09291992187491,198.24004516601565,121.43999633789065,364.7422363281248,96.48000488281241,310.0799804687499,511.87841796875,-191.0401367187501,-141.5999511718751,-133.97122802734384,-65.27999267578127,200.63996582031245,106.0927734375
1763686948.3879128,5,2,2,0.3039959302446226,0.35806398058026323,-3.411211301702378,0.015377717553873675,-0.0028120974726244773,-0.0008789970302030234,190.0799804687499,-50.39999999999998,109.96474609374991,195.84002075195315,121.43999633789065,368.6143066406248,101.27993164062491,314.8800292968749,511.87841796875,-191.0401367187501,-148.8001464843751,-130.0992187500001,-67.67998657226565,200.63996582031245,106.0927734375
1763686948.4165075,5,2,2,0.280487778510752,0.38155705451879357,-3.513488721649108,0.015040141854365988,-0.0023585039771060173,-0.00037156901917376813,194.8800292968749,-47.99997558593748,113.83681640624991,200.6400085449219,116.6400085449219,368.6143066406248,101.27993164062491,314.8800292968749,511.87841796875,-191.0401367187501,-146.4000000000001,-133.97122802734384,-65.27999267578127,200.63996582031245,106.0927734375
1763686948.5235374,5,2,2,0.2870227138638654,0.3977261753141243,-3.460099739164876,0.015684308530029296,-0.0026756453177159602,-0.0008203016310179047,197.2799316406249,-52.79996337890623,113.83681640624991,193.43999633789065,116.6400085449219,364.7422363281248,101.27993164062491,314.8800292968749,511.87841796875,-191.0401367187501,-146.4000000000001,-133.97122802734384,-67.67998657226565,198.23994140624995,113.8369140625
1763686948.6821234,5,2,2,0.2795757877197256,0.40422487312950706,-3.3924127371632906,0.015590940050225677,-0.0030738023500682544,-0.0008753318991980943,199.6799560546874,-50.39999999999998,102.22084960937491,193.43999633789065,119.04000244140627,376.3584472656248,103.67995605468741,314.8800292968749,515.75048828125,-191.0401367187501,-146.4000000000001,-133.97122802734384,-62.8799987792969,198.23994140624995,94.476806640625
1763686948.7110746,5,2,2,0.30489777944435076,0.36027603556347576,-3.4961860832871166,0.01522336173851044,-0.0033105316207196096,-0.0002066974885189441,199.6799560546874,-47.99997558593748,106.09291992187491,195.84002075195315,116.6400085449219,368.6143066406248,98.87990722656241,312.4801269531249,511.87841796875,-191.0401367187501,-148.8001464843751,-137.84317626953134,-65.27999267578127,200.63996582031245,102.220703125
1763686948.792463,5,2,2,0.3233434545599189,0.3994064679352067,-3.3106019624509404,0.015420607800202876,-0.003538372501727444,-0.0007685883737956378,197.2799316406249,-52.79996337890623,113.83681640624991,198.24004516601565,114.2399841308594,372.4863769531248,106.07998046874991,310.0799804687499,511.87841796875,-193.4400390625001,-146.4000000000001,-137.84317626953134,-67.67998657226565,195.84003906249995,98.348876953125
1763686948.8832278,5,2,2,0.33090428695679047,0.40376504378595346,-3.411784502474167,0.01560147147867558,-0.00333748410000256,-0.0004134111945934398,199.6799560546874,-55.19998779296873,113.83681640624991,195.84002075195315,116.6400085449219,368.6143066406248,101.27993164062491,314.8800292968749,515.75048828125,-195.8399414062501,-144.0000976562501,-133.97122802734384,-67.67998657226565,195.84003906249995,102.220703125
1763686949.0858796,5,2,2,0.3233288292172886,0.3714039015270099,-3.328019790092078,0.015196206026142658,-0.003915853636242268,-0.0005388676521757472,194.8800292968749,-52.79996337890623,106.09291992187491,195.84002075195315,116.6400085449219,356.9985839843748,101.27993164062491,307.6800781249999,519.62255859375,-191.0401367187501,-141.5999511718751,-133.97122802734384,-62.8799987792969,198.23994140624995,102.220703125
1763686949.4944742,5,2,2,0.2809122982787628,0.3908190967608504,-3.2605073612399265,0.015183527770992756,-0.0023280825307367328,-0.0006722930011867378,187.6799560546874,-50.39999999999998,113.83681640624991,191.0400329589844,116.6400085449219,368.6143066406248,96.48000488281241,298.0799804687499,500.262451171875,-191.0401367187501,-146.4000000000001,-137.84317626953134,-65.27999267578127,203.03999023437495,98.348876953125
1763686949.5887969,5,2,2,0.1950502786902294,0.4076055078786873,-3.2705123143892987,0.016963180773374532,0.000865624225284134,-0.0003556577412782199,187.6799560546874,-50.39999999999998,106.09291992187491,195.84002075195315,119.04000244140627,368.6143066406248,98.87990722656241,307.6800781249999,511.87841796875,-191.0401367187501,-144.0000976562501,-137.84317626953134,-62.8799987792969,200.63996582031245,106.0927734375
1763686949.6810946,5,2,2,0.2126523969178301,0.37254205684049274,-3.3968423654659086,0.014628171569636432,0.00029663200585461347,-0.0005644958828655527,185.2799316406249,-50.39999999999998,106.09291992187491,195.84002075195315,126.24001464843752,360.8701660156248,94.07998046874991,298.0799804687499,496.390380859375,-191.0401367187501,-136.8001464843751,-137.84317626953134,-60.48000488281252,198.23994140624995,102.220703125
1763686949.7925103,5,2,2,0.14135636115955474,0.3245700963526154,-3.117624483084656,0.012757474340860673,0.003644537096605326,-0.0010930391049729599,190.0799804687499,-47.99997558593748,113.83681640624991,188.6400085449219,123.83999023437502,360.8701660156248,89.27993164062491,298.0799804687499,496.390380859375,-188.6399902343751,-144.0000976562501,-133.97122802734384,-60.48000488281252,195.84003906249995,98.348876953125
1763686949.8860533,5,2,2,0.12268127240903867,0.3789881181682813,-3.1926977748308394,0.01536313768228867,0.004476065990979303,-0.000565689107296375,173.2799316406249,-45.60001220703123,109.96474609374991,179.0400329589844,116.6400085449219,349.2544433593748,89.27993164062491,276.4801269531249,477.030517578125,-181.4400390625001,-132.0000976562501,-118.48319091796884,-58.08001098632815,191.03999023437495,90.604736328125
1763686950.0902505,5,2,2,0.10258218031266028,0.3749158549485601,-2.5584623155460067,0.01431690980766448,0.00630216817208022,-0.0008901036143267843,154.0799804687499,-50.39999999999998,106.09291992187491,159.84002075195315,99.83999023437502,314.4062988281248,79.67995605468741,242.8800292968749,449.926513671875,-164.6399902343751,-120.00009765625009,-99.12320556640634,-53.27999267578127,174.23994140624995,78.98876953125
1763686950.1831238,5,2,2,0.15835192458347408,0.4308095751491984,-2.264786277985165,0.016234478084189926,0.0032565799419723663,-0.001017255342905503,142.0799804687499,-50.39999999999998,98.34877929687491,147.84002075195315,90.2399841308594,302.7905761718748,77.27993164062491,233.2799316406249,422.822509765625,-157.4400390625001,-105.59995117187509,-99.12320556640634,-58.08001098632815,174.23994140624995,78.98876953125
1763686950.386768,5,2,2,0.24968074888328162,0.38628480182458197,-1.644592950415415,0.015440580687072524,-0.0015807335168122648,-0.0010313873925878285,108.48000488281241,-55.19998779296873,90.60488281249991,114.24001464843752,54.2399841308594,248.58256835937482,77.27993164062491,192.4800048828124,387.974365234375,-126.24008789062509,-84.00009765625009,-60.40317382812509,-55.67998657226565,152.63996582031245,63.500732421875
1763686950.4791327,5,2,2,0.29667068453341205,0.4514389627431885,-1.3778349829849292,0.019265672485849615,-0.0038699834402639343,-0.0010822330967194499,96.48000488281241,-62.39999999999998,94.47695312499991,99.84002075195315,44.6400085449219,205.99028320312482,65.27993164062491,173.2800537109374,360.870361328125,-119.04013671875009,-74.40000000000009,-52.65921630859384,-53.27999267578127,143.03999023437495,59.62890625
1763686950.588775,5,2,2,0.3311371168194661,0.42973084067392786,-1.0146419260483321,0.017544195881781167,-0.005463418094136383,-0.0008022885196117737,84.48000488281241,-62.39999999999998,82.86074218749991,90.24001464843752,35.04000244140627,190.50249023437482,67.67995605468741,151.6799560546874,329.89453125,-109.44003906250009,-55.20004882812509,-44.91519775390634,-55.67998657226565,133.44001464843745,59.62890625
1763686950.6828544,5,2,2,0.24252200698091408,0.32252855952369924,-0.8627375166318151,0.01313135337264271,-0.0012633980829429969,-0.001225568178664947,65.27993164062491,-64.79996337890623,75.11684570312491,78.24001464843752,15.839990234375023,155.65434570312482,70.07998046874991,137.2800537109374,314.406494140625,-92.63999023437509,-43.20004882812509,-33.29916992187509,-58.08001098632815,126.23994140624995,48.0126953125
1763686950.7914286,5,2,2,0.2879858064251296,0.30558748083291415,-0.6675933311572297,0.014964943197716015,-0.0067536981815774395,-0.0007569134575103924,62.88002929687491,-67.19998779296873,71.24477539062491,66.24001464843752,13.439996337890648,136.29448242187482,55.67995605468741,103.67995605468741,279.558349609375,-85.44003906250009,-31.20004882812509,-10.067236328125091,-55.67998657226565,119.03999023437495,20.90869140625
1763686950.8985996,5,2,2,-0.0017662634534988397,0.6370240276253658,-0.5647985640895113,0.01375160006003529,-0.0018069469896034654,-0.0008301294599764835,31.67995605468741,-67.19998779296873,59.62880859374991,47.04000244140627,8.640008544921898,116.93413085937482,58.07998046874991,94.07998046874991,271.814453125,-71.04013671875009,-19.20004882812509,-10.067236328125091,-58.08001098632815,111.84003906249995,17.036865234375
1763686951.0884237,5,2,2,0.18354849271145707,0.3577063811704452,-0.329573132046355,0.010236616997313987,-0.004490126070820956,-0.0014421629068980613,34.07998046874991,-69.60001220703123,51.88491210937491,39.84002075195315,-3.3599914550781023,85.95854492187482,55.67995605468741,84.48000488281241,248.58251953125,-63.83994140625009,-12.000097656250091,-6.195166015625091,-55.67998657226565,99.84003906249995,9.292724609375
1763686951.180374,5,2,2,0.08742250588172087,0.44295034470251665,-0.27072952877481626,0.012920572338373496,0.0002945203819966725,-0.0008680419929427755,22.07998046874991,-76.79996337890623,55.75673828124991,25.439996337890648,-3.3599914550781023,82.08623046874982,55.67995605468741,67.67995605468741,236.966552734375,-59.04013671875009,-7.200048828125091,1.548852539062409,-60.48000488281252,95.03999023437495,1.548828125
1763686958.3855164,5,2,2,0.25084488428903107,0.5494588402325359,-0.22930381598134258,0.008108964093350421,0.00029054222779086763,-0.0011190731792294533,10.079980468749909,-67.19998779296873,28.65273437499991,18.240014648437523,-8.160009765624977,31.750292968749818,43.67995605468741,46.07998046874991,182.758544921875,-39.83994140625009,14.400048828124909,1.548852539062409,-55.67998657226565,71.03999023437495,-21.68310546875
1763686958.5889773,5,2,2,0.33838148643080945,0.2031976326041027,-0.4729673568661835,0.006254792393802396,-0.0012032493117627632,-0.0007936851075170259,31.67995605468741,-74.39999999999998,32.52480468749991,30.240014648437523,-5.760015869140602,51.11040039062482,43.67995605468741,58.07998046874991,205.990478515625,-49.44003906250009,9.599999999999909,-10.067236328125091,-55.67998657226565,80.63996582031245,13.164794921875
1763686958.7893867,5,2,2,0.1993654785600118,0.22137202336786418,-0.6646151030207419,0.008316688394907314,0.0022454674293238166,-0.0005404777792736609,24.48000488281241,-69.60001220703123,48.01284179687491,37.44002685546877,8.640008544921898,78.21440429687482,46.07998046874991,72.48000488281241,225.350341796875,-63.83994140625009,-7.200048828125091,-10.067236328125091,-48.48000488281252,90.23994140624995,9.292724609375
1763686958.9101057,5,2,2,0.05546569853969713,0.35905227297328934,-0.840380110681844,0.009196585694019759,0.002421819193303967,-0.0006106950434146107,0,0,0,0,0,0,0,0,0,0,0,0,0,0,0
1763686959.0839822,5,2,2,0.2314303702199016,0.16069086025716,-1.1444296564706096,0.010071290276096717,-0.0004861329259583467,3.9834105710624375e-06,60.48000488281241,-74.39999999999998,63.50087890624991,61.44002685546877,25.439996337890648,124.67827148437482,58.07998046874991,118.07998046874991,283.430419921875,-90.24008789062509,-31.20004882812509,-33.29916992187509,-62.8799987792969,111.84003906249995,36.396728515625
1763686959.1931214,5,2,2,0.21619690377809125,0.30455774695704196,-1.1752032780322232,0.010869716979027454,0.0005710814540139325,-0.0007194844136294707,67.67995605468741,-74.39999999999998,71.24477539062491,68.6400085449219,18.239984130859398,136.29448242187482,60.48000488281241,132.4800048828124,306.662353515625,-99.83994140625009,-36.00009765625009,-37.17124023437509,-65.27999267578127,121.44001464843745,40.268798828125
1763686959.3950548,5,2,2,0.1964906567303834,0.30018402488843865,-1.4441875272396845,0.011077230276419221,0.0020225386580168345,-0.0005793026247446144,86.88002929687491,-74.39999999999998,86.73281249999991,87.84002075195315,25.439996337890648,167.27055664062482,65.27993164062491,163.6799560546874,329.89453125,-116.63999023437509,-52.80014648437509,-52.65921630859384,-70.08001098632815,128.63996582031245,55.7568359375
1763686959.5200367,5,2,2,0.2261084444158717,0.32885746020830986,-1.6067307026220146,0.012467842331312757,-1.782340074058062e-05,-0.000243512069574509,96.48000488281241,-74.39999999999998,90.60488281249991,97.44002685546877,42.2399841308594,194.37456054687482,67.67995605468741,173.2800537109374,353.12646484375,-123.83994140625009,-55.20004882812509,-52.65921630859384,-62.8799987792969,135.84003906249995,63.500732421875
1763686959.6900897,5,2,2,0.24654438341828383,0.33831624504187713,-1.9977040083065978,0.011597230475418437,-0.00016440107262241568,-7.52266457125968e-05,115.67995605468741,-71.99997558593748,90.60488281249991,116.6400085449219,54.2399841308594,213.73442382812482,72.48000488281241,194.8800292968749,380.23046875,-135.8399414062501,-69.59995117187509,-68.14719238281259,-72.48000488281252,145.44001464843745,71.244873046875
1763686959.7216737,5,2,2,0.30241988481002946,0.3313252249350791,-1.9297030331031397,0.012396368495869866,3.7325462964124013e-05,-0.0004379982788156187,122.88002929687491,-67.19998779296873,94.47695312499991,121.44002685546877,59.04000244140627,233.09428710937482,70.07998046874991,199.6800781249999,387.974365234375,-140.6399902343751,-69.59995117187509,-75.89121093750009,-67.67998657226565,145.44001464843745,75.11669921875
1763686959.8273308,5,2,2,0.19667411162903412,0.31719653130257447,-2.136131442372199,0.010669773387339125,0.002864556880178595,-0.00043865641941801214,125.27993164062491,-64.79996337890623,94.47695312499991,131.04000244140627,59.04000244140627,236.96635742187482,77.27993164062491,214.0799804687499,403.46240234375,-145.4400390625001,-81.59995117187509,-75.89121093750009,-67.67998657226565,152.63996582031245,82.86083984375
1763686959.9428043,5,2,2,0.3210018983891723,0.36096192184271136,-2.297622060626484,0.012380966393438601,-0.0025089070695304408,-0.0006509463897710723,137.2799316406249,-64.79996337890623,102.22084960937491,135.84002075195315,61.43999633789065,256.3262207031248,79.67995605468741,230.8800292968749,422.822509765625,-150.2400878906251,-86.40000000000009,-83.63522949218759,-65.27999267578127,162.23994140624995,86.73291015625
1763686960.0452683,5,2,2,0.3813181296299105,0.3170529078087812,-2.4081106045119256,0.014056348001287803,-0.00619332763714631,-0.00021128786366627099,146.8800292968749,-64.79996337890623,102.22084960937491,140.6400085449219,73.43999633789065,275.6865722656248,82.07998046874991,242.8800292968749,426.6943359375,-155.0401367187501,-93.59995117187509,-87.50717773437509,-72.48000488281252,164.63996582031245,86.73291015625
1763686960.18873,5,2,2,0.3436745138637853,0.32965001583095505,-2.784750786756244,0.012491455415043769,-0.0032188776357420894,-0.0007438215176262132,163.6799560546874,-59.99997558593748,102.22084960937491,167.0400329589844,85.43999633789065,310.5342285156248,89.27993164062491,274.0799804687499,461.54248046875,-162.2400878906251,-108.00009765625009,-102.99521484375009,-67.67998657226565,174.23994140624995,106.0927734375
1763686960.295534,5,2,2,0.30845366660782925,0.26844268162348905,-2.9417239058158264,0.010271332283284973,-0.004081069522115264,-0.0007260370953667471,180.4800048828124,-52.79996337890623,109.96474609374991,179.0400329589844,102.2399841308594,318.2783691406248,94.07998046874991,286.0799804687499,461.54248046875,-176.6399902343751,-120.00009765625009,-114.61118164062509,-67.67998657226565,176.63996582031245,102.220703125
1763686960.3906443,5,2,2,0.31918495048041634,0.2969921057156789,-3.2319049300499527,0.009741932712112045,-0.0027282998846448817,-0.0004433652258808758,192.4800048828124,-55.19998779296873,106.09291992187491,188.6400085449219,107.04000244140627,341.5103027343748,91.67995605468741,293.2799316406249,473.158447265625,-174.2400878906251,-127.20004882812509,-126.22720947265634,-65.27999267578127,183.84003906249995,117.708740234375
1763686960.5119102,5,2,2,0.23881881295772395,0.25463539667946095,-3.305633807073453,0.0078110993077335315,0.0006542878301530851,-0.0009423221234541956,202.0799804687499,-52.79996337890623,106.09291992187491,200.6400085449219,123.83999023437502,349.2544433593748,91.67995605468741,305.2799316406249,484.7744140625,-188.6399902343751,-132.0000976562501,-141.7151855468751,-65.27999267578127,191.03999023437495,109.96484375
1763686960.6879826,5,2,2,0.1963713026895855,0.21718352968644666,-3.677114140435565,0.007037479106753556,0.0017250954404902982,-0.0012310060203276924,214.0799804687499,-50.39999999999998,109.96474609374991,219.84002075195315,143.04000244140627,376.3584472656248,98.87990722656241,329.2799316406249,523.494384765625,-200.6399902343751,-148.8001464843751,-153.33121337890634,-72.48000488281252,198.23994140624995,113.8369140625
1763686960.796362,5,2,2,0.0789697391197114,0.27636422862578336,-4.031673984009001,0.006549339024146583,0.005189485136001927,-0.00034721897332111153,233.2799316406249,-50.39999999999998,109.96474609374991,227.0400329589844,147.83999023437502,391.8462402343748,106.07998046874991,365.2799316406249,546.7265625,-207.8399414062501,-158.4000000000001,-172.69119873046884,-72.48000488281252,198.23994140624995,125.452880859375
1763686960.8885293,5,2,2,0.3962940930832199,0.17531486047944073,-4.243687624297689,0.011102957751198631,0.002153029978441034,-0.0003183917135824166,242.8800292968749,-52.79996337890623,106.09291992187491,243.84002075195315,162.24001464843752,411.2065917968748,113.27993164062491,374.8800292968749,562.21435546875,-222.2400878906251,-163.2000488281251,-184.3072265625001,-70.08001098632815,215.03999023437495,125.452880859375
1763686960.9831915,5,2,2,0.29904102579388614,0.11694746023259461,-4.605216180304293,0.002157217109681406,-0.0018706123659363583,-9.096038346133599e-05,254.8800292968749,-55.19998779296873,109.96474609374991,253.43999633789065,171.83999023437502,426.6943847656248,115.67995605468741,394.0799804687499,581.574462890625,-229.4400390625001,-175.2000488281251,-199.79520263671884,-77.27999267578127,212.63996582031245,129.32470703125
1763686961.093952,5,2,2,0.12743934080014893,0.2561500789577355,-4.905303658316993,0.006658932015175475,0.0028960372374521957,-0.00018872015165603533,264.4800048828124,-52.79996337890623,102.22084960937491,263.0400329589844,183.83999023437502,442.1821777343748,120.48000488281241,408.4801269531249,597.0625,-231.8399414062501,-187.2000488281251,-211.4112304687501,-74.8799987792969,224.63996582031245,125.452880859375
1763686961.19814,5,2,2,0.2833855964235139,0.04290591899040647,-5.013512331786443,0.0007312709982942416,-0.0006577051438534376,-0.0007834558336795982,274.0799804687499,-52.79996337890623,102.22084960937491,279.84002075195315,205.43999633789065,465.4141113281248,130.0799804687499,427.6800781249999,616.42236328125,-241.4400390625001,-194.4000000000001,-226.89920654296884,-79.67998657226565,234.23994140624995,121.580810546875
1763686961.293192,5,2,2,0.27205905945688236,0.14532862974497102,-5.423845252923505,0.005070522058753111,0.005811110080841706,-0.0009967520484943536,293.2799316406249,-52.79996337890623,98.34877929687491,301.43999633789065,212.6400085449219,480.9023925781248,139.6799560546874,456.4801269531249,647.3984375,-246.2400878906251,-206.4000000000001,-238.51517333984384,-84.48000488281252,236.63996582031245,129.32470703125
1763686961.482583,5,2,2,0.15810990742505954,0.11531926357020082,-6.0667172982329,0.001622708579286404,0.0025523969285253176,-0.0012389325676685815,314.8800292968749,-55.19998779296873,90.60488281249991,315.84002075195315,239.04000244140627,527.3662597656248,158.8799072265624,492.4801269531249,682.246337890625,-260.6399902343751,-230.4000000000001,-269.4911865234376,-84.48000488281252,251.03999023437495,117.708740234375
1763686961.5912533,5,2,2,0.26940406597607847,0.1447133582514111,-6.5399273753200236,0.001751114485891131,0.0006000388210760429,-0.0013328516543998077,322.0799804687499,-45.60001220703123,94.47695312499991,318.24004516601565,246.2399841308594,527.3662597656248,156.4800048828124,490.0799804687499,682.246337890625,-258.2400878906251,-232.8001464843751,-269.4911865234376,-86.8799987792969,251.03999023437495,125.452880859375
1763686961.6871285,5,2,2,0.3451644824659518,0.14144336602424168,-6.234307159819128,0.0025304401637138603,-0.002813495228520974,-0.001221156564350354,319.6799560546874,-43.19998779296873,90.60488281249991,323.0400329589844,241.43999633789065,527.3662597656248,166.0799804687499,494.8800292968749,686.118408203125,-260.6399902343751,-235.2000488281251,-265.61917724609384,-86.8799987792969,253.44001464843745,117.708740234375
1763686961.7932906,5,2,2,0.3990322830893273,0.16921304197598658,-6.125135472126552,0.004505169323645773,-0.0060468876997102254,-0.0011769799615053307,317.2799316406249,-47.99997558593748,90.60488281249991,320.6400085449219,239.04000244140627,523.4941894531248,163.6799560546874,497.2799316406249,689.990478515625,-258.2400878906251,-232.8001464843751,-269.4911865234376,-86.8799987792969,248.63996582031245,117.708740234375
1763686961.887975,5,2,2,0.4027294684377953,0.17296104384709182,-6.076007400006769,0.0038903793878149254,-0.007207520963609664,-0.0011627251807406808,317.2799316406249,-50.39999999999998,82.86074218749991,323.0400329589844,236.6400085449219,519.6221191406248,161.2799316406249,492.4801269531249,682.246337890625,-260.6399902343751,-232.8001464843751,-265.61917724609384,-84.48000488281252,253.44001464843745,129.32470703125
1763686962.0882685,5,2,2,0.4566464131912273,0.22309796141558225,-6.0024617810258665,0.005852398026558712,-0.008671647274747094,-0.0011329032685182129,314.8800292968749,-47.99997558593748,90.60488281249991,320.6400085449219,236.6400085449219,527.3662597656248,166.0799804687499,494.8800292968749,689.990478515625,-258.2400878906251,-230.4000000000001,-261.74722900390634,-89.27999267578127,255.84003906249995,125.452880859375
1763686962.1949944,5,2,2,0.4377872651709662,0.2009438627031516,-5.849912669953422,0.006035717877078111,-0.007917326592037439,-0.0014663018220453868,317.2799316406249,-47.99997558593748,86.73281249999991,320.6400085449219,234.24001464843752,523.4941894531248,168.4800048828124,499.6800781249999,693.862548828125,-258.2400878906251,-235.2000488281251,-261.74722900390634,-84.48000488281252,253.44001464843745,125.452880859375
1763686962.293512,5,2,2,0.4502846657070586,0.2585055110872628,-5.817027624363851,0.005862049676271658,-0.008976877295336454,-0.0011479479142045875,314.8800292968749,-47.99997558593748,90.60488281249991,318.24004516601565,231.83999023437502,515.7505371093748,166.0799804687499,497.2799316406249,693.862548828125,-260.6399902343751,-237.5999511718751,-269.4911865234376,-89.27999267578127,253.44001464843745,121.580810546875
1763686962.3861496,5,2,2,0.44290776941402527,0.20486950252730451,-5.903799219711899,0.0050724852692909245,-0.009117629848912182,-0.0007867620645532554,319.6799560546874,-47.99997558593748,90.60488281249991,320.6400085449219,234.24001464843752,527.3662597656248,166.0799804687499,497.2799316406249,693.862548828125,-255.8399414062501,-240.0000976562501,-265.61917724609384,-86.8799987792969,253.44001464843745,121.580810546875
1763686962.5876684,5,2,2,0.41758159732246714,0.1942260670435554,-5.73625176362312,0.00483768743344028,-0.007656597978678776,-0.0013519960762163844,317.2799316406249,-47.99997558593748,90.60488281249991,318.24004516601565,234.24001464843752,523.4941894531248,166.0799804687499,499.6800781249999,686.118408203125,-258.2400878906251,-230.4000000000001,-261.74722900390634,-86.8799987792969,248.63996582031245,125.452880859375
1763686962.6968842,5,2,2,0.4106052725287441,0.1787522735378021,-5.6365000866944115,0.004399312422486833,-0.007586062116950623,-0.0015514117567717893,317.2799316406249,-47.99997558593748,82.86074218749991,315.84002075195315,236.6400085449219,527.3662597656248,163.6799560546874,492.4801269531249,682.246337890625,-255.8399414062501,-232.8001464843751,-261.74722900390634,-84.48000488281252,251.03999023437495,117.708740234375
1763686962.992394,5,2,2,0.42550512044678296,0.20679705706822102,-5.550524911943846,0.0051507252979157425,-0.007226939498843732,-0.00175442804010725,317.2799316406249,-47.99997558593748,90.60488281249991,320.6400085449219,236.6400085449219,527.3662597656248,166.0799804687499,499.6800781249999,682.246337890625,-258.2400878906251,-235.2000488281251,-261.74722900390634,-84.48000488281252,246.23994140624995,117.708740234375
1763686963.1958652,5,2,2,0.4587783740977236,0.23024888455987613,-5.532856323434139,0.005711642426253247,-0.00826522447432157,-0.001122681321393256,310.0799804687499,-47.99997558593748,86.73281249999991,318.24004516601565,234.24001464843752,523.4941894531248,168.4800048828124,494.8800292968749,686.118408203125,-251.0401367187501,-230.4000000000001,-265.61917724609384,-89.27999267578127,253.44001464843745,125.452880859375
1763686963.2868302,5,2,2,0.3983278735942518,0.17495193222723188,-5.548876746800369,0.0052344938033423785,-0.007550757153656424,-0.001437869918614269,317.2799316406249,-45.60001220703123,82.86074218749991,313.43999633789065,231.83999023437502,519.6221191406248,163.6799560546874,494.8800292968749,693.862548828125,-258.2400878906251,-235.2000488281251,-269.4911865234376,-86.8799987792969,248.63996582031245,125.452880859375
1763686963.6964507,5,2,2,0.40474355243799937,0.20006851238833148,-5.530415227892153,0.00596192957354252,-0.0075115776447014886,-0.0008830547289505931,319.6799560546874,-50.39999999999998,86.73281249999991,315.84002075195315,234.24001464843752,523.4941894531248,163.6799560546874,499.6800781249999,686.118408203125,-258.2400878906251,-237.5999511718751,-261.74722900390634,-89.27999267578127,251.03999023437495,117.708740234375
1763686963.7885315,5,2,2,0.41251614896243755,0.17911115346542972,-5.469924370876262,0.004130831198230683,-0.0077826505514934745,-0.001024074697796526,314.8800292968749,-47.99997558593748,86.73281249999991,320.6400085449219,231.83999023437502,519.6221191406248,163.6799560546874,497.2799316406249,689.990478515625,-255.8399414062501,-235.2000488281251,-261.74722900390634,-82.08001098632815,251.03999023437495,121.580810546875
1763686963.862523,5,2,2,0.4452927864547377,0.18029234876409694,-5.5032235614046625,0.004474441694370151,-0.008250492625342373,-0.0010348542565201528,0,0,0,0,0,0,0,0,0,0,0,0,0,0,0
1763686963.969133,5,2,2,0.4253766278272841,0.23220379473569114,-5.616107306136671,0.005537332532077038,-0.008461393660876842,-0.0009186690138381672,322.0799804687499,-45.60001220703123,90.60488281249991,315.84002075195315,236.6400085449219,523.4941894531248,166.0799804687499,497.2799316406249,689.990478515625,-260.6399902343751,-230.4000000000001,-257.8752197265626,-84.48000488281252,251.03999023437495,113.8369140625
1763686964.0958714,5,2,2,0.44358961685685794,0.21285909537931264,-5.415310459820992,0.005270114733700711,-0.008871607024390113,-0.0012375095882257397,317.2799316406249,-47.99997558593748,86.73281249999991,315.84002075195315,227.04000244140627,519.6221191406248,168.4800048828124,499.6800781249999,689.990478515625,-253.4400390625001,-235.2000488281251,-261.74722900390634,-86.8799987792969,243.84003906249995,121.580810546875
1763686964.1885252,5,2,2,0.46895565573639253,0.2610417523788727,-5.337743576364873,0.00788990046768415,-0.01064081846315738,-0.0011249345841042614,310.0799804687499,-45.60001220703123,90.60488281249991,306.24004516601565,215.04000244140627,511.8784667968748,163.6799560546874,480.4801269531249,674.50244140625,-251.0401367187501,-230.4000000000001,-246.25919189453134,-82.08001098632815,246.23994140624995,121.580810546875
1763686964.2951982,5,2,2,0.43518673466574587,0.2614406532843835,-5.067451053094301,0.007976070695762269,-0.010509295115490144,-0.0007932803952426903,300.4800048828124,-43.19998779296873,90.60488281249991,296.6400085449219,210.24001464843752,504.1343261718748,156.4800048828124,468.4801269531249,662.886474609375,-241.4400390625001,-223.2000488281251,-242.3871826171876,-82.08001098632815,243.84003906249995,125.452880859375
1763686964.3904843,5,2,2,0.4239711748079451,0.2360346727692158,-4.8549780259177915,0.006476632960048422,-0.009470297877579026,-0.0008777745293226467,290.8800292968749,-50.39999999999998,102.22084960937491,294.24004516601565,200.6400085449219,488.6465332031248,154.0799804687499,466.0799804687499,647.3984375,-236.6399902343751,-216.0000976562501,-230.7712158203126,-84.48000488281252,239.03999023437495,125.452880859375
1763686964.4837146,5,2,2,0.47870851078566407,0.24197977914699725,-4.494354613009851,0.00816504768176494,-0.012393637271978666,-0.001368500914014414,276.4800048828124,-52.79996337890623,102.22084960937491,282.24004516601565,174.24001464843752,465.4141113281248,156.4800048828124,454.0799804687499,639.654541015625,-229.4400390625001,-208.8001464843751,-211.4112304687501,-84.48000488281252,234.23994140624995,125.452880859375
1763686964.6861606,5,2,2,0.6569321033144349,0.36863848746882755,-3.763634422943145,0.014727763848874193,-0.02078913132063205,-0.000936394772712521,257.2799316406249,-50.39999999999998,102.22084960937491,255.84002075195315,150.24001464843752,442.1821777343748,142.0799804687499,413.2799316406249,604.806396484375,-215.0401367187501,-192.0000976562501,-184.3072265625001,-77.27999267578127,219.84003906249995,121.580810546875
1763686964.7957532,5,2,2,0.6154985853959317,0.32894166488793364,-3.394765024577312,0.014149132819476759,-0.019447495238439746,-0.001428601334852076,233.2799316406249,-47.99997558593748,109.96474609374991,234.24004516601565,133.43999633789065,418.9502441406248,130.0799804687499,384.4801269531249,569.95849609375,-195.8399414062501,-177.5999511718751,-164.94718017578134,-67.67998657226565,215.03999023437495,121.580810546875
1763686964.888309,5,2,2,0.5509634869553738,0.33569456286698574,-2.9956369728437737,0.013283801137532724,-0.016057183779776406,-0.0011329324654675832,216.4800048828124,-40.79996337890623,98.34877929687491,222.24004516601565,123.83999023437502,395.7183105468748,127.67995605468741,358.0799804687499,550.598388671875,-183.8399414062501,-165.5999511718751,-157.2032226562501,-70.08001098632815,203.03999023437495,106.0927734375
1763686964.9827564,5,2,2,0.6271978646969436,0.422032204717899,-2.5442686391545295,0.016856626472310392,-0.0203650876203633,-0.0011214044890338886,199.6799560546874,-50.39999999999998,102.22084960937491,203.0400329589844,102.2399841308594,364.7422363281248,120.48000488281241,326.8800292968749,515.75048828125,-174.2400878906251,-144.0000976562501,-130.0992187500001,-70.08001098632815,198.23994140624995,113.8369140625
1763686965.0912745,5,2,2,0.5565457070444078,0.39598393148674954,-2.1587979068870125,0.01687277659412873,-0.01586567856975557,-0.0012926913448469005,180.4800048828124,-50.39999999999998,106.09291992187491,183.84002075195315,71.04000244140627,337.6382324218748,115.67995605468741,305.2799316406249,484.7744140625,-162.2400878906251,-129.5999511718751,-102.99521484375009,-67.67998657226565,179.03999023437495,98.348876953125
1763686965.293167,5,2,2,0.519891620015303,0.37547212062696883,-1.5216926869546552,0.015914353334016078,-0.016997795634606308,-0.00044208803510252526,142.0799804687499,-57.60001220703123,90.60488281249991,150.24001464843752,42.2399841308594,267.9424316406248,98.87990722656241,252.4801269531249,430.56640625,-135.8399414062501,-100.80014648437509,-68.14719238281259,-65.27999267578127,162.23994140624995,90.604736328125
1763686965.4963033,5,2,2,0.6459670643236695,0.3487762084927409,-0.9749168682234567,0.013409727226039699,-0.02338802947013385,-0.0007265710130479478,115.67995605468741,-62.39999999999998,90.60488281249991,123.84002075195315,25.439996337890648,213.73442382812482,91.67995605468741,218.8800292968749,384.1025390625,-107.04013671875009,-72.00009765625009,-48.78720703125009,-65.27999267578127,140.63996582031245,75.11669921875
1763686965.6016073,5,2,2,0.5454428994983838,0.24765911931038664,-0.8413110067799165,0.013408698462466919,-0.018088870033907585,-0.0005118728673068843,103.67995605468741,-69.60001220703123,86.73281249999991,109.44002685546877,13.439996337890648,190.50249023437482,84.48000488281241,197.2799316406249,360.870361328125,-104.63999023437509,-60.00009765625009,-41.04318847656259,-62.8799987792969,133.44001464843745,75.11669921875
1763686965.6968327,5,2,2,0.5276795380842405,0.3221980476988788,-0.6578661104526154,0.012546845340220205,-0.018590401046742967,-0.0011603145893491504,96.48000488281241,-67.19998779296873,78.98891601562491,99.84002075195315,3.8399902343750227,182.75834960937482,82.07998046874991,187.6799560546874,349.25439453125,-95.04013671875009,-50.40000000000009,-41.04318847656259,-67.67998657226565,128.63996582031245,63.500732421875
1763686965.8045754,5,2,2,0.5316661135022152,0.2750325538808792,-0.4456884460938455,0.011199954844176798,-0.01711142368832258,-0.0013986843421831506,84.48000488281241,-76.79996337890623,78.98891601562491,83.04000244140627,-3.3599914550781023,159.52641601562482,84.48000488281241,170.8800292968749,333.766357421875,-85.44003906250009,-43.20004882812509,-25.55515136718759,-70.08001098632815,123.84003906249995,51.884765625
1763686965.8992646,5,2,2,0.5375708928690585,0.325448399545982,-0.5286890770811935,0.01209216861602715,-0.0159583563255836,-0.0008813661085783412,77.27993164062491,-71.99997558593748,75.11684570312491,80.6400085449219,-3.3599914550781023,140.16655273437482,79.67995605468741,163.6799560546874,326.0224609375,-80.63999023437509,-40.80014648437509,-21.68320312500009,-67.67998657226565,114.23994140624995,55.7568359375
1763686965.9963923,5,2,2,0.5374181138894716,0.3335053812033144,-0.3464366203340982,0.012007629474830032,-0.013217440416264343,-0.0013640046937860124,70.07998046874991,-79.19998779296873,71.24477539062491,75.84002075195315,-8.160009765624977,132.42241210937482,74.87990722656241,151.6799560546874,318.278564453125,-80.63999023437509,-28.80014648437509,-25.55515136718759,-67.67998657226565,111.84003906249995,51.884765625
1763686966.1984103,5,2,2,0.4206693202255492,0.2898150551983841,-0.3479918488859729,0.010789609506382445,-0.01138600332510181,-0.0009740906382548379,60.48000488281241,-81.60001220703123,67.37294921874991,63.84002075195315,-8.160009765624977,109.19047851562482,70.07998046874991,134.8800292968749,291.174560546875,-71.04013671875009,-24.00009765625009,-13.939184570312591,-72.48000488281252,109.44001464843745,44.140869140625
1763686968.9861083,5,2,2,0.16760887787611947,0.09182919768845753,0.22988263853501656,-0.0003952550994698323,0.0026152162525395714,-0.0016546636479852785,10.079980468749909,-71.99997558593748,24.78090820312491,23.040002441406273,-0.9599975585937273,12.390429687499818,43.67995605468741,38.88002929687491,159.5263671875,-32.63999023437509,26.40004882812491,-10.067236328125091,-50.8799987792969,66.23994140624995,-10.067138671875
1763686973.6894414,5,2,2,0.30303659551985457,0.17231971412059316,-0.210417754643545,0.004381638774132325,4.640756993171558e-05,-0.001017629440730004,14.880029296874909,-69.60001220703123,36.39687499999991,18.240014648437523,-5.760015869140602,35.62236328124982,41.27993164062491,38.88002929687491,178.886474609375,-44.63999023437509,11.999902343749909,-17.81125488281259,-55.67998657226565,75.84003906249995,-6.195068359375
1763686973.89155,5,2,2,0.15288454065729254,0.23143527788910484,-0.3707380345123199,0.0056173700822994554,0.0029159361579389653,-0.000682326561138111,24.48000488281241,-71.99997558593748,36.39687499999991,27.840020751953148,3.8399902343750227,58.85429687499982,43.67995605468741,62.88002929687491,209.862548828125,-51.83994140625009,2.400048828124909,-17.81125488281259,-48.48000488281252,80.63996582031245,1.548828125
1763686973.9858286,5,2,2,0.1899097361600261,0.19866163962200967,-0.5364278938479283,0.006479352310953704,0.002508401109210373,-0.0008915223485269954,0,0,0,0,0,0,0,0,0,0,0,0,0,0,0
1763686974.029848,5,2,2,0.1742092606188174,0.18756396916651624,-0.5039122874493926,0.006056353964834559,0.0028309422986596442,-0.0009588055941486595,36.48000488281241,-69.60001220703123,48.01284179687491,37.44002685546877,11.040002441406273,85.95854492187482,46.07998046874991,67.67995605468741,217.6064453125,-66.24008789062509,-9.599951171875091,-21.68320312500009,-53.27999267578127,92.63996582031245,9.292724609375
1763686974.1379416,5,2,2,0.0779060292630252,0.19674629328337548,-0.7065009163806029,0.006015391951702386,0.007565941972667729,-0.0009524007073192193,48.48000488281241,-59.99997558593748,55.75673828124991,54.24001464843752,30.239984130859398,105.31840820312482,46.07998046874991,86.88002929687491,233.094482421875,-73.44003906250009,-14.400000000000091,-33.29916992187509,-50.8799987792969,92.63996582031245,28.65283203125
1763686974.2272937,5,2,2,0.06982782496817508,0.23321012096633034,-0.9447743529686186,0.005894868142570572,0.009652094839455205,-0.0005716474439185854,62.88002929687491,-64.79996337890623,59.62880859374991,63.84002075195315,32.6400085449219,124.67827148437482,43.67995605468741,106.07998046874991,260.198486328125,-85.44003906250009,-19.20004882812509,-44.91519775390634,-55.67998657226565,102.23994140624995,32.52490234375
1763686974.3222258,5,2,2,0.12292839720969544,0.1920149911967818,-1.1007522678871975,0.00500331843255959,0.009460048274266657,-0.001175248370156999,65.27993164062491,-69.60001220703123,67.37294921874991,68.6400085449219,35.04000244140627,140.16655273437482,48.48000488281241,120.48000488281241,275.6865234375,-97.44003906250009,-28.80014648437509,-48.78720703125009,-58.08001098632815,109.44001464843745,40.268798828125
1763686974.3999307,5,2,2,-0.00987899539055101,0.2434799973409296,-1.2611904160483163,0.0061835101553283055,0.011620319103886445,-0.0009179921818293095,82.07998046874991,-69.60001220703123,75.11684570312491,83.04000244140627,42.2399841308594,155.65434570312482,50.87990722656241,132.4800048828124,291.174560546875,-107.04013671875009,-36.00009765625009,-56.53122558593759,-60.48000488281252,114.23994140624995,36.396728515625
1763686974.4962926,5,2,2,0.136318585429086,0.25917117755490887,-1.5358752922978343,0.006096343732927655,0.010228697276601998,-0.0007844340299808587,91.67995605468741,-67.19998779296873,75.11684570312491,92.6400085449219,54.2399841308594,171.14213867187482,48.48000488281241,151.6799560546874,318.278564453125,-119.04013671875009,-45.59995117187509,-68.14719238281259,-58.08001098632815,128.63996582031245,59.62890625
1763686974.5882497,5,2,2,0.019325326411003388,0.16990273861449337,-1.5906719652323549,0.004296833376985846,0.013468334180915378,-0.0009590349647167431,101.27993164062491,-67.19998779296873,71.24477539062491,99.84002075195315,56.6400085449219,190.50249023437482,58.07998046874991,163.6799560546874,326.0224609375,-123.83994140625009,-52.80014648437509,-68.14719238281259,-60.48000488281252,128.63996582031245,59.62890625
1763686974.6812146,5,2,2,0.009350746341412343,0.15812426016770537,-1.6399902160918078,0.004541498620854096,0.012983455299606211,-0.00027096237556004695,0,0,0,0,0,0,0,0,0,0,0,0,0,0,0
1763686974.7948835,5,2,2,-0.00880076556106986,0.25164502416513773,-1.9382227982577491,0.009429691015546351,0.010825606027125064,-0.00020836625526338322,122.88002929687491,-69.60001220703123,86.73281249999991,119.04000244140627,68.6400085449219,209.86235351562482,60.48000488281241,199.6800781249999,368.614501953125,-143.0401367187501,-69.59995117187509,-75.89121093750009,-70.08001098632815,147.84003906249995,67.372802734375
1763686974.8893888,5,2,2,0.0527447541239526,0.2497015075099345,-2.1875847910450346,0.006802084907806483,0.012570659446479253,-0.0006996147053568159,134.8800292968749,-69.60001220703123,94.47695312499991,133.44002685546877,80.6400085449219,236.96635742187482,58.07998046874991,204.4801269531249,387.974365234375,-147.8399414062501,-74.40000000000009,-99.12320556640634,-70.08001098632815,150.23994140624995,82.86083984375
1763686974.9939575,5,2,2,0.03155176119095031,0.25733708468451555,-2.2997131407922193,0.007863321845054366,0.01124884886087531,-3.224092713379113e-05,142.0799804687499,-74.39999999999998,98.34877929687491,135.84002075195315,83.04000244140627,252.45415039062482,74.87990722656241,223.6800781249999,415.078369140625,-162.2400878906251,-84.00009765625009,-95.25119628906259,-72.48000488281252,159.84003906249995,86.73291015625
1763686975.1940374,5,2,2,0.11412903030173689,0.26411199915915506,-2.7358389092321493,0.008485716283558702,0.009187594276104698,-0.00018681558102834212,166.0799804687499,-71.99997558593748,102.22084960937491,162.24004516601565,97.43999633789065,287.3022949218748,79.67995605468741,264.4801269531249,453.79833984375,-176.6399902343751,-103.20004882812509,-122.35520019531259,-77.27999267578127,174.23994140624995,102.220703125
1763686975.2871356,5,2,2,0.13229809135308457,0.2621785423945181,-3.1059765339948173,0.008224156293999656,0.007198622818128689,0.00030490727982556884,180.4800048828124,-71.99997558593748,113.83681640624991,174.24004516601565,109.43999633789065,310.5342285156248,82.07998046874991,274.0799804687499,465.41455078125,-186.2400878906251,-112.80014648437509,-126.22720947265634,-72.48000488281252,181.44001464843745,102.220703125
1763686975.6900353,5,2,2,0.196908476515775,0.2626021294552003,-3.729716258913696,0.011106236980562902,0.0013865616737766037,-0.0004542614945786059,0,0,0,0,0,0,0,0,0,0,0,0,0,0,0
1763686975.8924482,5,2,2,0.33358494200895006,0.24119002477403761,-4.3941471419577764,0.009117056164144422,-0.003267123262380371,-0.00038747073938697775,247.6799560546874,-69.60001220703123,109.96474609374991,243.84002075195315,157.43999633789065,415.0781738281248,120.48000488281241,396.4801269531249,600.934326171875,-231.8399414062501,-168.0000976562501,-195.9231933593751,-91.67998657226565,219.84003906249995,129.32470703125
1763686976.095365,5,2,2,0.33010271192558094,0.16703285509809407,-5.083293135657232,0.004958840185931672,-0.002630120168009606,0.00021486043045380984,286.0799804687499,-71.99997558593748,102.22084960937491,282.24004516601565,191.04000244140627,449.9263183593748,142.0799804687499,444.4801269531249,643.5263671875,-248.6399902343751,-189.5999511718751,-219.15518798828134,-96.48000488281252,229.44001464843745,133.19677734375
1763686976.1918213,5,2,2,0.3536517184987572,0.17523300340094095,-5.425448185715778,0.0033995790117089756,-0.0027955942584431803,-0.0005405209384217327,300.4800048828124,-67.19998779296873,102.22084960937491,291.84002075195315,203.04000244140627,473.1582519531248,149.2799316406249,463.6800781249999,666.758544921875,-248.6399902343751,-199.2000488281251,-242.3871826171876,-98.8799987792969,236.63996582031245,140.94091796875
1763686976.2860112,5,2,2,0.33988477078183954,0.1068818335485483,-5.808482325958344,-0.00012708760084222462,-0.0022997943601267053,-0.000373841142543727,312.4800048828124,-59.99997558593748,98.34877929687491,303.84002075195315,224.6400085449219,488.6465332031248,151.6799560546874,480.4801269531249,678.37451171875,-260.6399902343751,-211.2000488281251,-250.1312011718751,-94.08001098632815,243.84003906249995,129.32470703125
1763686976.594371,5,2,2,0.3879597146050625,-0.02199888785417943,-6.987722746344622,-0.005039898477511195,-0.0031850073053127093,-0.0004147805571439694,360.4800048828124,-57.60001220703123,75.11684570312491,359.0400329589844,289.43999633789065,550.5981933593748,173.2799316406249,550.0799804687499,732.58251953125,-284.6399902343751,-242.4000000000001,-312.0832275390626,-101.27999267578127,258.23994140624995,121.580810546875
1763686976.688282,5,2,2,0.11677295560109019,-0.05874041095932793,-7.343111264354643,-0.00947259725446302,0.010934488683175309,-0.0005532616324096557,372.4800048828124,-57.60001220703123,67.37294921874991,375.84002075195315,308.6400085449219,581.5742675781248,187.6799560546874,571.6800781249999,763.558349609375,-296.6399902343751,-261.5999511718751,-339.18717041015634,-98.8799987792969,272.63996582031245,121.580810546875
1763686976.7975273,5,2,2,0.2804727140263358,-0.08726378231174399,-7.766081069775905,-0.008469553636082507,-0.006140224946506611,-0.00015487444319300003,0,0,0,0,0,0,0,0,0,0,0,0,0,0,0
1763686976.826122,5,2,2,0.29008084760104597,-0.033897521570342794,-7.747962510492733,-0.008216645432364646,-0.006121878981069584,-0.0010120381135513955,394.0799804687499,-55.19998779296873,51.88491210937491,416.6400085449219,361.43999633789065,608.6782714843748,194.8799072265624,602.8800292968749,775.174560546875,-306.2400878906251,-278.4000000000001,-377.9072021484376,-89.27999267578127,272.63996582031245,109.96484375
1763686976.9846144,5,2,2,0.07543569452677865,-0.21771122510277338,-8.703158243633732,-0.01403066961326865,0.011182759990066078,-0.0004193078611965592,425.2800537109374,-43.19998779296873,20.90883789062491,452.6400085449219,404.6400085449219,651.2705566406248,214.0799804687499,638.8800292968749,798.406494140625,-315.8399414062501,-290.4000000000001,-424.3711914062501,-94.08001098632815,279.84003906249995,98.348876953125
1763686977.0131402,5,2,2,0.09609958132270006,-0.21335814034225348,-8.669159367787753,-0.013183099950605952,0.013746390258967265,-0.0011070225289308783,432.4800048828124,-38.39999999999998,17.03676757812491,457.4400573730469,416.6400085449219,662.8862792968748,218.8799072265624,643.6800781249999,798.406494140625,-315.8399414062501,-290.4000000000001,-428.24320068359384,-94.08001098632815,284.63996582031245,102.220703125
1763686977.122667,5,2,2,-0.04757630165294775,-0.2663033753732463,-9.1309503374811,-0.021638788056854583,0.012642522000025285,-0.000678293218799042,446.8800292968749,-38.39999999999998,9.292871093749909,479.0400329589844,447.84002075195315,682.2461425781248,226.0799804687499,658.0799804687499,825.510498046875,-323.0401367187501,-302.4000000000001,-447.60318603515634,-86.8799987792969,289.44001464843745,90.604736328125
1763686977.2985065,5,2,2,-0.0706998364323968,-0.3491142128344526,-10.089402410703222,-0.024333551549580022,0.01981016872041009,-0.00016344749875373595,473.2800537109374,-38.39999999999998,-33.29916992187509,515.0400329589844,503.0400329589844,720.9663574218748,240.47994384765616,698.8800292968749,848.742431640625,-335.0401367187501,-326.4000000000001,-497.9391845703126,-94.08001098632815,291.84003906249995,71.244873046875
1763686977.4841833,5,2,2,-0.09662971922626107,-0.3293957935778472,-10.198646595392255,-0.022382860605178512,0.02052556114938985,-0.0007426525013332283,473.2800537109374,-35.99997558593748,-33.29916992187509,522.2400451660156,495.84002075195315,717.0942871093748,245.27999267578116,706.0799804687499,848.742431640625,-335.0401367187501,-326.4000000000001,-501.81119384765634,-89.27999267578127,291.84003906249995,71.244873046875
1763686977.592966,5,2,2,0.00611801474752835,-0.381596126248042,-10.02038568205345,-0.02421517157447055,0.016179579767436062,-0.0008402855125815009,470.8800292968749,-33.60001220703123,-29.42709960937509,519.8400207519531,495.84002075195315,720.9663574218748,247.6799560546874,701.2799316406249,837.12646484375,-330.2400878906251,-326.4000000000001,-501.81119384765634,-86.8799987792969,289.44001464843745,71.244873046875
1763686977.6857467,5,2,2,-0.003700420773028068,-0.33652392459993236,-10.018082209668808,-0.023502303108900415,0.016259947468130226,-0.00037114421438122524,470.8800292968749,-35.99997558593748,-25.55502929687509,517.4400573730469,493.43999633789065,720.9663574218748,247.6799560546874,698.8800292968749,844.870361328125,-332.6399902343751,-326.4000000000001,-497.9391845703126,-86.8799987792969,294.23994140624995,67.372802734375
1763686977.795742,5,2,2,0.0737276046230523,-0.24644467937662184,-9.645174950945014,-0.01843133603661654,0.012620245751242083,-0.0009285571404417114,0,0,0,0,0,0,0,0,0,0,0,0,0,0,0
1763686977.8912992,5,2,2,0.07278994451205088,-0.29447395716420455,-9.599685125404813,-0.020297771737583663,0.010644572113828701,-0.0007603139280207326,470.8800292968749,-28.799963378906227,-25.55502929687509,519.8400207519531,491.0400329589844,717.0942871093748,250.0799804687499,701.2799316406249,844.870361328125,-327.8399414062501,-331.2000488281251,-486.3232177734376,-89.27999267578127,294.23994140624995,67.372802734375
1763686977.9836614,5,2,2,0.08781504897087596,-0.3035979207655663,-9.464060107960524,-0.019819456472384173,0.010444050857170213,-0.0005527361074153475,470.8800292968749,-31.199987792968727,-29.42709960937509,517.4400573730469,483.84002075195315,720.9663574218748,252.47994384765616,701.2799316406249,852.614501953125,-327.8399414062501,-324.0000976562501,-486.3232177734376,-86.8799987792969,291.84003906249995,71.244873046875
1763686978.0927243,5,2,2,0.1110531850878431,-0.24152165270287018,-9.369252887907166,-0.016767182037193223,0.01020155844176711,-0.0007457107456598016,468.4800048828124,-31.199987792968727,-21.68320312500009,517.4400573730469,483.84002075195315,724.8384277343748,254.87996826171866,703.6800781249999,844.870361328125,-327.8399414062501,-324.0000976562501,-490.19522705078134,-86.8799987792969,287.03999023437495,75.11669921875
1763686978.187607,5,2,2,0.09127721469546343,-0.27648121857231317,-9.458801484287104,-0.018416897769352552,0.010150341709325281,-0.00046901250811009197,470.8800292968749,-26.399999999999977,-21.68320312500009,515.0400329589844,483.84002075195315,720.9663574218748,252.47994384765616,706.0799804687499,840.99853515625,-330.2400878906251,-326.4000000000001,-490.19522705078134,-89.27999267578127,294.23994140624995,63.500732421875
1763686978.495694,5,2,2,0.1803975322648372,-0.24077065049610652,-9.149063090493518,-0.01649440725121781,0.006922800297737525,-0.0009797637242016845,470.8800292968749,-28.799963378906227,-25.55502929687509,512.6400085449219,474.2399841308594,724.8384277343748,259.6799560546874,713.2799316406249,840.99853515625,-323.0401367187501,-328.8001464843751,-486.3232177734376,-86.8799987792969,294.23994140624995,75.11669921875
1763686978.59026,5,2,2,0.27812468401844015,-0.25648609925177696,-9.23353836916533,-0.0169134602198871,0.0013830370018927847,-0.0006994254220970446,475.6799560546874,-31.199987792968727,-33.29916992187509,515.0400329589844,479.0400329589844,720.9663574218748,259.6799560546874,715.6800781249999,844.870361328125,-323.0401367187501,-326.4000000000001,-494.06717529296884,-94.08001098632815,287.03999023437495,67.372802734375
1763686978.6994646,5,2,2,0.3737778674229061,-0.27377880524360865,-9.25790329727423,-0.018845315812559382,-0.0029422619636551,-0.0002474429512194275,0,0,0,0,0,0,0,0,0,0,0,0,0,0,0
1763686978.9967647,5,2,2,0.41588477639647614,-0.2679082623740676,-9.035001077998851,-0.018207486962906392,-0.005976560952924639,-0.0007919069273701583,478.0799804687499,-31.199987792968727,-29.42709960937509,517.4400573730469,469.43999633789065,717.0942871093748,264.47994384765616,718.0799804687499,852.614501953125,-318.2400878906251,-328.8001464843751,-490.19522705078134,-89.27999267578127,294.23994140624995,82.86083984375
1763686979.4950345,5,2,2,0.33382064859705624,-0.23591594130657292,-8.89734649653265,-0.017106831534649806,-0.001970054178757707,-0.0005048514978008836,473.2800537109374,-21.600012207031227,-25.55502929687509,515.0400329589844,469.43999633789065,724.8384277343748,250.0799804687499,710.8800292968749,837.12646484375,-318.2400878906251,-326.4000000000001,-486.3232177734376,-79.67998657226565,294.23994140624995,75.11669921875
1763686979.5880122,5,2,2,0.33200387851144775,-0.2919113006760425,-8.819670378207643,-0.019062564409697308,-0.0020520528572375834,-0.0010280141298821483,473.2800537109374,-19.199987792968727,-29.42709960937509,517.4400573730469,471.84002075195315,724.8384277343748,254.87996826171866,708.4801269531249,833.25439453125,-318.2400878906251,-331.2000488281251,-482.45120849609384,-79.67998657226565,291.84003906249995,82.86083984375
1763686979.7015073,5,2,2,0.3419975726816349,-0.2685112816081824,-8.906042070394351,-0.019216488156253535,-0.001792075862337511,-0.00027977277054107384,470.8800292968749,-21.600012207031227,-29.42709960937509,512.6400085449219,469.43999633789065,720.9663574218748,252.47994384765616,708.4801269531249,833.25439453125,-315.8399414062501,-333.5999511718751,-478.5791992187501,-77.27999267578127,291.84003906249995,78.98876953125
1763686980.200151,5,2,2,0.2048792483413835,-0.2625424344789775,-7.847505267662189,-0.019095148217270007,0.004845957679703999,-0.0001339634948435257,439.6799560546874,-11.999975585937477,1.548730468749909,474.24004516601565,426.2399841308594,686.1182128906248,223.6799560546874,655.6800781249999,779.04638671875,-301.4400390625001,-316.8001464843751,-435.98721923828134,-67.67998657226565,284.63996582031245,90.604736328125
1763686980.2943258,5,2,2,0.3056927126941882,-0.16824097477965333,-7.3154616175558935,-0.01288265738692744,-0.003456157479578309,-0.00039652907469109105,427.6799560546874,-14.399999999999977,13.164941406249909,459.84002075195315,399.84002075195315,662.8862792968748,218.8799072265624,641.2799316406249,763.558349609375,-296.6399902343751,-307.2000488281251,-416.6271728515626,-72.48000488281252,277.44001464843745,90.604736328125
1763686980.6847434,5,2,2,0.6737792009372061,0.17787027594942229,-5.064578450610378,0.0006965107203178653,-0.018105490594661787,-0.00019425891789459507,350.8800292968749,-28.799963378906227,55.75673828124991,366.24004516601565,277.43999633789065,562.2144042968748,190.0799804687499,542.8800292968749,689.990478515625,-260.6399902343751,-256.8001464843751,-304.3392089843751,-70.08001098632815,248.63996582031245,109.96484375
1763686980.99944,5,2,2,0.6208984695580017,0.2709686169784218,-3.12387523425907,0.010775522930377255,-0.019343176640732554,0.0002221500403677859,271.6799560546874,-33.60001220703123,75.11684570312491,289.43999633789065,186.24001464843752,461.5425292968748,149.2799316406249,439.6800781249999,581.574462890625,-217.4400390625001,-206.4000000000001,-211.4112304687501,-60.48000488281252,215.03999023437495,113.8369140625
1763686981.1988103,5,2,2,0.6715657903995761,0.27337702757736576,-2.5302418098625683,0.011674115534388588,-0.02287437832167169,-0.00011041335925882773,238.0799804687499,-35.99997558593748,82.86074218749991,248.6400085449219,138.24001464843752,399.5903808593748,134.8799072265624,379.6800781249999,523.494384765625,-186.2400878906251,-168.0000976562501,-164.94718017578134,-60.48000488281252,193.44001464843745,121.580810546875
1763686981.2937782,5,2,2,0.6938212229978932,0.28738860934701016,-2.1788682336920795,0.011070037557953081,-0.024441998125828243,-0.00014560225579372246,218.8800292968749,-40.79996337890623,82.86074218749991,229.43999633789065,116.6400085449219,372.4863769531248,127.67995605468741,358.0799804687499,504.134521484375,-174.2400878906251,-156.0000976562501,-149.4592041015626,-58.08001098632815,188.63996582031245,106.0927734375
1763686981.390389,5,2,2,0.7003960258214794,0.32808123286602386,-1.81165533344722,0.014209677907926002,-0.026654435626048443,-0.00047390092008372424,197.2799316406249,-43.19998779296873,86.73281249999991,207.84002075195315,97.43999633789065,341.5103027343748,120.48000488281241,329.2799316406249,473.158447265625,-157.4400390625001,-136.8001464843751,-126.22720947265634,-60.48000488281252,174.23994140624995,106.0927734375
1763686981.4957485,5,2,2,0.6022878949281787,0.25725025320455797,-1.5685119389215259,0.012128679066220307,-0.0210257008660564,-0.0005444953210821495,178.0799804687499,-50.39999999999998,86.73281249999991,181.43999633789065,78.2399841308594,298.9185058593748,115.67995605468741,300.4801269531249,457.67041015625,-143.0401367187501,-120.00009765625009,-102.99521484375009,-58.08001098632815,169.44001464843745,90.604736328125
1763686981.5727377,5,2,2,0.5860658628945503,0.27561474230367844,-1.4676322489500941,0.012139120449283685,-0.020599917257625514,-0.0003534805419160192,170.8800292968749,-47.99997558593748,86.73281249999991,174.24004516601565,73.43999633789065,283.4302246093748,103.67995605468741,286.0799804687499,430.56640625,-135.8399414062501,-112.80014648437509,-99.12320556640634,-58.08001098632815,159.84003906249995,94.476806640625
1763686981.6998134,5,2,2,0.6415281495364317,0.2995895445785139,-1.1365664174191823,0.01159277076113394,-0.020022098895060327,-0.00047443332176750393,149.2799316406249,-52.79996337890623,82.86074218749991,157.43999633789065,49.43999633789065,248.58256835937482,103.67995605468741,254.8800292968749,399.59033203125,-123.83994140625009,-91.20004882812509,-83.63522949218759,-60.48000488281252,152.63996582031245,86.73291015625
1763686981.8851998,5,2,2,0.5793217999121437,0.27376245577246355,-0.8810569588047188,0.011946583924597838,-0.019164732287298123,-0.0004569972238063977,132.4800048828124,-59.99997558593748,78.98891601562491,135.84002075195315,39.83999023437502,209.86235351562482,91.67995605468741,226.0799804687499,372.486328125,-109.44003906250009,-74.40000000000009,-72.01920166015634,-65.27999267578127,135.84003906249995,75.11669921875
1763686981.993579,5,2,2,0.4802854049199282,0.3218275197544826,-0.6374960229480577,0.009497485459004272,-0.015238137960072298,-0.0009307843319710867,0,0,0,0,0,0,0,0,0,0,0,0,0,0,0
1763686982.2895236,5,2,2,0.4963744191622147,0.2747000301962458,-0.5460818001283166,0.011347167424423894,-0.01654879513095245,-0.000495371569615602,91.67995605468741,-67.19998779296873,67.37294921874991,95.04000244140627,6.239984130859398,151.78227539062482,84.48000488281241,178.0799804687499,326.0224609375,-90.24008789062509,-43.20004882812509,-33.29916992187509,-72.48000488281252,119.03999023437495,55.7568359375
1763686982.4909685,5,2,2,0.4638810851495005,0.26523865011941683,-0.24542157728381697,0.010811123550162036,-0.014263129305025005,-0.0013269820382533326,79.67995605468741,-71.99997558593748,59.62880859374991,80.6400085449219,1.4399963378906477,128.55034179687482,77.27993164062491,158.8800292968749,306.662353515625,-83.04013671875009,-33.59995117187509,-25.55515136718759,-70.08001098632815,114.23994140624995,55.7568359375
1763686982.7885427,5,2,2,0.45059794047862467,0.26661616969183505,-0.21746639471496798,0.009811554426917012,-0.012294821607043042,-0.0010082478999239438,58.07998046874991,-71.99997558593748,63.50087890624991,63.84002075195315,-0.9599975585937273,105.31840820312482,67.67995605468741,125.28005371093741,275.6865234375,-68.63999023437509,-19.20004882812509,-13.939184570312591,-62.8799987792969,99.84003906249995,36.396728515625
1763686982.8985994,5,2,2,0.24336177245830978,0.30050734152798586,-0.32218133875241034,0.009443071225062301,-0.001836777350380348,-0.0004995152238950942,58.07998046874991,-74.39999999999998,51.88491210937491,61.44002685546877,-3.3599914550781023,105.31840820312482,65.27993164062491,120.48000488281241,271.814453125,-66.24008789062509,-9.599951171875091,-17.81125488281259,-65.27999267578127,104.63996582031245,24.78076171875
1763686989.9881003,5,2,2,0.16887410361879898,0.18031356635995174,-0.28878761455143226,0.005400285668452384,0.0032578378548153474,-0.00033679123050673964,14.880029296874909,-69.60001220703123,28.65273437499991,23.040002441406273,-0.9599975585937273,39.49443359374982,41.27993164062491,46.07998046874991,178.886474609375,-44.63999023437509,11.999902343749909,-17.81125488281259,-50.8799987792969,73.44001464843745,-2.3232421875
1763686990.1098938,5,2,2,0.12201088807513802,0.15058272000971368,-0.3529897290980334,0.0057636729294600324,0.004991957532011126,-0.0013712504220853197,22.07998046874991,-71.99997558593748,28.65273437499991,30.240014648437523,3.8399902343750227,51.11040039062482,43.67995605468741,58.07998046874991,194.37451171875,-51.83994140625009,7.199853515624909,-21.68320312500009,-55.67998657226565,78.23994140624995,-2.3232421875
1763686990.2021697,5,2,2,0.2231946823832101,0.262675629184723,-0.5374000408763671,0.007175677220155828,0.0036157834489569263,-0.0003471127878099828,29.27993164062491,-64.79996337890623,36.39687499999991,39.84002075195315,18.239984130859398,74.34233398437482,46.07998046874991,70.07998046874991,202.118408203125,-63.83994140625009,-2.400000000000091,-25.55515136718759,-48.48000488281252,78.23994140624995,13.164794921875
1763686990.5007405,5,2,2,0.20728071372453616,0.27603196431248384,-1.0707149461955767,0.00845250259136647,0.004648284711419287,-0.0005328988763592064,67.67995605468741,-67.19998779296873,67.37294921874991,71.04000244140627,30.239984130859398,124.67827148437482,55.67995605468741,122.88002929687491,279.558349609375,-97.44003906250009,-31.20004882812509,-44.91519775390634,-60.48000488281252,111.84003906249995,32.52490234375
1763686990.5938988,5,2,2,0.06182011821956147,0.2886571063183438,-1.3487364039743444,0.0099446456951627,0.008223785740626034,2.433005521884743e-07,82.07998046874991,-71.99997558593748,71.24477539062491,80.6400085449219,37.43999633789065,155.65434570312482,55.67995605468741,137.2800537109374,306.662353515625,-107.04013671875009,-36.00009765625009,-52.65921630859384,-60.48000488281252,116.63996582031245,40.268798828125
1763686990.6875138,5,2,2,-0.0059316911683759965,0.3074949513250952,-1.620361747343002,0.009484183059721252,0.011473666892012879,0.00036972973499290796,94.07998046874991,-74.39999999999998,75.11684570312491,87.84002075195315,49.43999633789065,171.14213867187482,60.48000488281241,149.2800537109374,322.150390625,-119.04013671875009,-45.59995117187509,-64.27518310546884,-67.67998657226565,131.03999023437495,48.0126953125
1763686990.7967105,5,2,2,0.03683885916893696,0.26152135903423535,-1.648319603774099,0.01093968566470581,0.01068022781384397,-0.0004902673347221516,106.07998046874991,-69.60001220703123,75.11684570312491,104.6400085449219,66.2399841308594,202.11821289062482,62.87990722656241,166.0799804687499,345.38232421875,-135.8399414062501,-55.20004882812509,-75.89121093750009,-65.27999267578127,135.84003906249995,63.500732421875
1763686990.8899837,5,2,2,-0.016023327974437757,0.28471660467001525,-1.9085699810877228,0.00918405246757816,0.01359130154293785,3.344621970749462e-05,110.88002929687491,-67.19998779296873,82.86074218749991,111.84002075195315,66.2399841308594,205.99028320312482,62.87990722656241,178.0799804687499,360.870361328125,-140.6399902343751,-62.40000000000009,-83.63522949218759,-65.27999267578127,143.03999023437495,67.372802734375
1763686990.9971533,5,2,2,-0.03222883525388473,0.3065619780512496,-2.088419692331312,0.010810722760057654,0.014945663723688142,0.0002875084322141252,118.07998046874991,-59.99997558593748,82.86074218749991,121.44002685546877,80.6400085449219,225.35014648437482,55.67995605468741,182.8800292968749,368.614501953125,-147.8399414062501,-72.00009765625009,-83.63522949218759,-60.48000488281252,147.84003906249995,67.372802734375
1763686991.0912516,5,2,2,-0.054209685376093567,0.3084307510456247,-2.26810261717311,0.01176397204080072,0.014950128588025661,-0.00024164683503487044,139.6799560546874,-71.99997558593748,94.47695312499991,138.24001464843752,75.83999023437502,248.58256835937482,72.48000488281241,216.4801269531249,407.33447265625,-152.6399902343751,-84.00009765625009,-91.37918701171884,-67.67998657226565,157.44001464843745,78.98876953125
1763686991.2013535,5,2,2,0.22332730476272972,0.2606562321537448,-2.4026964509476363,0.011661560504610867,0.0025298426899502376,0.00017884519528284053,151.6799560546874,-67.19998779296873,94.47695312499991,155.0400329589844,87.83999023437502,271.8145019531248,77.27993164062491,238.0799804687499,418.950439453125,-155.0401367187501,-91.20004882812509,-106.86722412109384,-62.8799987792969,164.63996582031245,86.73291015625
1763686991.2932196,5,2,2,0.1916115964984855,0.24299889604614763,-2.5964269889017837,0.008927926929085693,0.0028372234288940564,-0.00013506023197876383,146.8800292968749,-57.60001220703123,106.09291992187491,150.24001464843752,92.6400085449219,287.3022949218748,84.48000488281241,242.8800292968749,434.4384765625,-159.8399414062501,-93.59995117187509,-106.86722412109384,-67.67998657226565,169.44001464843745,86.73291015625
1763686991.3887417,5,2,2,0.1885560330163893,0.45127385250601837,-2.676583298661304,0.018998758779099217,0.002600746190671596,1.834832810427569e-05,168.4800048828124,-59.99997558593748,102.22084960937491,171.84002075195315,99.83999023437502,306.6621582031248,84.48000488281241,264.4801269531249,453.79833984375,-171.8399414062501,-112.80014648437509,-114.61118164062509,-62.8799987792969,174.23994140624995,94.476806640625
1763686991.4990916,5,2,2,0.22657347170365041,0.34016828730842835,-2.89970738876833,0.013335179772376717,0.001618893723197231,-0.00023313488492981806,187.6799560546874,-55.19998779296873,102.22084960937491,186.24004516601565,109.43999633789065,333.7661621093748,89.27993164062491,288.4801269531249,469.286376953125,-179.0401367187501,-122.40000000000009,-130.0992187500001,-62.8799987792969,179.03999023437495,102.220703125
1763686991.5934367,5,2,2,0.30792296500284533,0.23068862941161358,-3.2296753712735624,0.009903767059678876,-0.004309623781703257,0.00026731446436311843,192.4800048828124,-59.99997558593748,98.34877929687491,198.24004516601565,121.43999633789065,345.3823730468748,98.87990722656241,298.0799804687499,488.646484375,-186.2400878906251,-127.20004882812509,-141.7151855468751,-67.67998657226565,191.03999023437495,113.8369140625
1763686992.18963,5,2,2,0.22647008771778285,0.15016414693673313,-5.031369699884152,0.004798581996609982,-4.46365378342084e-05,0.0001571476246406573,0,0,0,0,0,0,0,0,0,0,0,0,0,0,0
1763686992.2986977,5,2,2,0.31629581303055876,0.08512977090830245,-5.1968806742746185,-0.0024928274823230213,-3.0104716205753973e-06,-0.0002413382990413377,305.2799316406249,-57.60001220703123,90.60488281249991,311.0400329589844,222.24001464843752,484.7744628906248,144.4800048828124,470.8800292968749,647.3984375,-253.4400390625001,-206.4000000000001,-254.00321044921884,-86.8799987792969,236.63996582031245,125.452880859375
1763686992.3920953,5,2,2,0.33113611729516046,0.0421588530068783,-5.658081778434387,-0.0006197065413386868,-0.002196709810562015,-0.0007074202057076341,314.8800292968749,-50.39999999999998,82.86074218749991,315.84002075195315,239.04000244140627,511.8784667968748,156.4800048828124,482.8800292968749,666.758544921875,-258.2400878906251,-216.0000976562501,-269.4911865234376,-84.48000488281252,251.03999023437495,125.452880859375
1763686992.4874358,5,2,2,0.23312354102032354,0.17042513071857252,-6.15106788339764,0.0025829048437344057,0.001983388006606081,-0.0004884246348640495,322.0799804687499,-50.39999999999998,82.86074218749991,327.84002075195315,258.2399841308594,535.1104003906248,158.8799072265624,499.6800781249999,686.118408203125,-267.8399414062501,-230.4000000000001,-284.9792236328126,-84.48000488281252,248.63996582031245,125.452880859375
1763686992.531742,5,2,2,0.19337830298815203,0.1491511248995411,-6.1551922325808786,0.0015537494296186706,0.0037134810015077672,-0.00025737922277320284,338.8800292968749,-40.79996337890623,71.24477539062491,351.84002075195315,275.0400329589844,542.8545410156248,158.8799072265624,518.8800292968749,693.862548828125,-272.6399902343751,-235.2000488281251,-304.3392089843751,-77.27999267578127,248.63996582031245,117.708740234375
1763686992.691893,5,2,2,0.37367609063425966,-0.0968312158269061,-6.993004558068936,-0.010377522377895583,-0.0005140632286997071,-0.0004327491436670258,367.6799560546874,-35.99997558593748,59.62880859374991,383.0400329589844,306.2399841308594,577.7021972656248,180.4800048828124,554.8800292968749,713.222412109375,-277.4400390625001,-259.2000488281251,-335.31522216796884,-79.67998657226565,255.84003906249995,113.8369140625
1763686992.9877162,5,2,2,-0.007242278521819301,-0.28537714235373435,-8.634819328639296,-0.022999968735224308,0.014020848782095334,-0.0008179817579077421,427.6799560546874,-28.799963378906227,13.164941406249909,469.4400573730469,416.6400085449219,655.1421386718748,214.0799804687499,646.0799804687499,779.04638671875,-306.2400878906251,-295.2000488281251,-432.1152099609376,-84.48000488281252,272.63996582031245,98.348876953125
1763686993.0991418,5,2,2,0.09117125405910219,-0.35869075352954644,-9.022943168970752,-0.02284500094086924,0.01211718622192064,-0.0008722828548524085,446.8800292968749,-33.60001220703123,-10.067236328125091,488.6400085449219,450.2399841308594,686.1182128906248,235.6799560546874,662.8800292968749,813.89453125,-311.0401367187501,-309.5999511718751,-466.96317138671884,-84.48000488281252,279.84003906249995,94.476806640625
1763686993.1717672,5,2,2,0.05695062747792727,-0.3571472631385628,-9.042421513488257,-0.024508777867061595,0.010324984506526498,-0.0010432245539770445,466.0799804687499,-33.60001220703123,-17.81113281250009,505.4400573730469,471.84002075195315,705.4785644531248,240.47994384765616,689.2799316406249,813.89453125,-315.8399414062501,-321.5999511718751,-470.8351806640626,-84.48000488281252,284.63996582031245,78.98876953125
1763686993.2984064,5,2,2,-0.08933497683313972,-0.4288662835137917,-10.15411686079967,-0.03133470777588083,0.010897738831043896,-0.0015411307769290102,485.2800537109374,-23.999975585937477,-41.04306640625009,536.6400085449219,527.0400329589844,740.3262207031248,247.6799560546874,706.0799804687499,840.99853515625,-327.8399414062501,-331.2000488281251,-517.2991699218751,-84.48000488281252,296.63996582031245,71.244873046875
1763686993.3922446,5,2,2,-0.16502093629879844,-0.6589946330225417,-10.758831670241506,-0.030929014565288973,0.03269959980138158,-0.0021989822639418397,502.0799804687499,-26.399999999999977,-68.14707031250009,565.4400573730469,565.4399963378906,763.5581542968748,254.87996826171866,737.2799316406249,844.870361328125,-327.8399414062501,-338.4000000000001,-548.2751831054688,-74.8799987792969,299.03999023437495,48.0126953125
1763686993.5015645,5,2,2,-0.18310121652710437,-0.5619741681730235,-11.360216927018486,-0.0352933083457497,0.028559648957611674,-0.00119131792952781,509.2800537109374,-14.399999999999977,-79.76303710937509,577.4400573730469,584.6400085449219,782.9185058593748,271.6799560546874,754.0799804687499,871.974365234375,-330.2400878906251,-348.0000976562501,-563.7631896972657,-84.48000488281252,306.23994140624995,40.268798828125
1763686993.5983355,5,2,2,-0.16956877847565865,-0.45282841551040326,-11.573412815156628,-0.029770020611476163,0.027186489933484957,-0.0018787616612242638,540.4800048828124,-16.799963378906227,-110.73911132812509,615.8400207519531,635.0400329589844,813.8945800781248,290.87996826171866,782.8800292968749,891.33447265625,-335.0401367187501,-357.5999511718751,-610.2272094726563,-86.8799987792969,308.63996582031245,24.78076171875
1763686993.8896382,5,2,2,-0.22584692010249258,-0.4681321888475031,-11.688065988223737,-0.029118571736412354,0.029265064391181053,-0.0019929388758136873,533.2800537109374,-11.999975585937477,-118.48325195312509,620.6400085449219,639.8400207519531,821.6382324218748,290.87996826171866,787.6800781249999,887.46240234375,-335.0401367187501,-364.8001464843751,-614.099188232422,-74.8799987792969,311.03999023437495,17.036865234375
1763686994.2000933,5,2,2,0.04761745831434104,-0.40162550175103073,-11.275218835925124,-0.022899589175666167,0.014308572332008353,-0.0015162110277726517,533.2800537109374,-7.199987792968727,-114.61118164062509,611.0400329589844,620.6400085449219,829.3823730468748,302.87996826171866,787.6800781249999,895.20654296875,-330.2400878906251,-364.8001464843751,-598.6112121582032,-79.67998657226565,313.44001464843745,20.90869140625
1763686994.403271,5,2,2,0.13146556561193018,-0.3581094909105597,-11.10205810784915,-0.021605746758478886,0.010341397038087077,-0.0014538628120295703,528.4800048828124,-11.999975585937477,-110.73911132812509,615.8400207519531,618.2400451660156,825.5103027343748,302.87996826171866,782.8800292968749,891.33447265625,-327.8399414062501,-369.5999511718751,-598.6112121582032,-77.27999267578127,308.63996582031245,13.164794921875
1763686994.4937196,5,2,2,0.06814098206959981,-0.30132460937121125,-10.912176763207311,-0.020457124053652073,0.012795109533962845,-0.0019323883549290334,528.4800048828124,-9.600012207031227,-114.61118164062509,613.4400573730469,618.2400451660156,821.6382324218748,302.87996826171866,787.6800781249999,899.078369140625,-330.2400878906251,-364.8001464843751,-602.4831909179688,-79.67998657226565,306.23994140624995,17.036865234375
1763686994.5366359,5,2,2,0.05914759920308095,-0.345649292964898,-11.013970906451151,-0.02085119716774047,0.012864100999526028,-0.001966513521380355,533.2800537109374,-9.600012207031227,-114.61118164062509,611.0400329589844,623.0400329589844,829.3823730468748,300.47994384765616,790.0799804687499,895.20654296875,-330.2400878906251,-369.5999511718751,-602.4831909179688,-74.8799987792969,313.44001464843745,9.292724609375
1763686994.630232,5,2,2,0.06109035765102353,-0.2673720723113995,-11.076814395678309,-0.018893446153898288,0.014720542952871101,-0.0014396082530817736,538.0799804687499,-11.999975585937477,-118.48325195312509,618.2400451660156,639.8400207519531,825.5103027343748,302.87996826171866,790.0799804687499,883.59033203125,-335.0401367187501,-369.5999511718751,-617.9711975097657,-74.8799987792969,311.03999023437495,9.292724609375
1763686994.7241614,5,2,2,-0.15382338238891274,-0.5210217654241209,-11.014655183816279,-0.029464165534411807,0.024329424919801446,-0.0020634648475680176,535.6799560546874,-11.999975585937477,-114.61118164062509,613.4400573730469,639.8400207519531,825.5103027343748,298.0799804687499,792.4801269531249,891.33447265625,-330.2400878906251,-364.8001464843751,-610.2272094726563,-77.27999267578127,308.63996582031245,13.164794921875
1763686994.8022795,5,2,2,-0.12993464226749787,-0.44184655565070374,-11.069305216469044,-0.026295167424975768,0.022373698958050393,-0.0019984766759611264,535.6799560546874,-9.600012207031227,-118.48325195312509,618.2400451660156,637.4399963378906,833.2544433593748,300.47994384765616,790.0799804687499,899.078369140625,-335.0401367187501,-364.8001464843751,-617.9711975097657,-77.27999267578127,306.23994140624995,17.036865234375
1763686994.9088662,5,2,2,-0.12226926896290619,-0.37101526431334814,-10.94162821249106,-0.023500242988715413,0.02244899613959887,-0.002103266387791078,533.2800537109374,-11.999975585937477,-122.35507812500009,623.0400329589844,642.2400451660156,833.2544433593748,300.47994384765616,792.4801269531249,895.20654296875,-332.6399902343751,-367.2000488281251,-610.2272094726563,-79.67998657226565,311.03999023437495,5.4208984375
1763686995.0034127,5,2,2,-0.06912533275132489,-0.45094611203759305,-10.935234134068175,-0.026307775218505563,0.020372042939949465,-0.0021851619822667364,535.6799560546874,-11.999975585937477,-122.35507812500009,620.6400085449219,639.8400207519531,829.3823730468748,300.47994384765616,787.6800781249999,879.718505859375,-327.8399414062501,-367.2000488281251,-625.7151855468751,-77.27999267578127,303.84003906249995,9.292724609375
1763686995.1931486,5,2,2,-0.06045680114880299,-0.3861713388048706,-10.90934016166639,-0.023732500788343904,0.019570129015515123,-0.0014669355990691978,0,0,0,0,0,0,0,0,0,0,0,0,0,0,0
1763686995.2879694,5,2,2,-0.04960444577450396,-0.3931351872057922,-10.810760858792706,-0.024272383914664835,0.019766572446015842,-0.0018243949995888694,540.4800048828124,-9.600012207031227,-118.48325195312509,620.6400085449219,635.0400329589844,829.3823730468748,305.27999267578116,792.4801269531249,887.46240234375,-332.6399902343751,-372.0000976562501,-617.9711975097657,-74.8799987792969,306.23994140624995,9.292724609375
1763686995.3979428,5,2,2,-0.010863657682429168,-0.4172572102087581,-10.797382333686992,-0.025281482333721392,0.017831367784103488,-0.0018225477201985229,538.0799804687499,-7.199987792968727,-130.0992187500001,625.4400573730469,637.4399963378906,825.5103027343748,300.47994384765616,792.4801269531249,891.33447265625,-330.2400878906251,-364.8001464843751,-606.3552001953126,-74.8799987792969,306.23994140624995,9.292724609375
1763686995.5045333,5,2,2,-0.00430434540834989,-0.38184354064065695,-10.760936045280184,-0.0244779855666899,0.017692278978956442,-0.0018873776342405132,540.4800048828124,-9.600012207031227,-122.35507812500009,623.0400329589844,639.8400207519531,821.6382324218748,302.87996826171866,792.4801269531249,891.33447265625,-332.6399902343751,-367.2000488281251,-610.2272094726563,-77.27999267578127,311.03999023437495,9.292724609375
1763686995.59992,5,2,2,-0.01458104317491775,-0.3096624891211389,-10.73231615757777,-0.021541267570413296,0.017635850107234133,-0.0022615288560325136,535.6799560546874,-7.199987792968727,-126.22714843750009,618.2400451660156,637.4399963378906,833.2544433593748,300.47994384765616,794.8800292968749,887.46240234375,-330.2400878906251,-372.0000976562501,-614.099188232422,-74.8799987792969,306.23994140624995,13.164794921875
1763686995.693206,5,2,2,-0.0028139331943350387,-0.3860089843225112,-10.710421880622532,-0.024636142117061225,0.01627009825247279,-0.0012445257968577348,530.8800292968749,-7.199987792968727,-130.0992187500001,620.6400085449219,632.6400085449219,825.5103027343748,307.6799560546874,797.2799316406249,887.46240234375,-330.2400878906251,-367.2000488281251,-610.2272094726563,-74.8799987792969,308.63996582031245,5.4208984375
1763686995.8931878,5,2,2,0.013037468138251726,-0.3413829650018432,-10.617701486458605,-0.022069007493674356,0.016648288489555227,-0.0014386545387956489,533.2800537109374,-9.600012207031227,-126.22714843750009,620.6400085449219,635.0400329589844,825.5103027343748,302.87996826171866,794.8800292968749,895.20654296875,-327.8399414062501,-369.5999511718751,-614.099188232422,-77.27999267578127,311.03999023437495,9.292724609375
1763686996.0949123,5,2,2,-0.012948331752020495,-0.34325497061808896,-10.513660308076732,-0.021897392430039953,0.016053524099785346,-0.0020260218357195446,538.0799804687499,-9.600012207031227,-126.22714843750009,618.2400451660156,637.4399963378906,829.3823730468748,305.27999267578116,797.2799316406249,891.33447265625,-327.8399414062501,-372.0000976562501,-610.2272094726563,-77.27999267578127,306.23994140624995,9.292724609375
1763686996.1891215,5,2,2,0.0028163032261876997,-0.32394078609805915,-10.428705683381061,-0.021373101919024452,0.016116658348059608,-0.0018387881645967703,535.6799560546874,-7.199987792968727,-122.35507812500009,618.2400451660156,630.2400451660156,833.2544433593748,305.27999267578116,790.0799804687499,883.59033203125,-327.8399414062501,-369.5999511718751,-606.3552001953126,-74.8799987792969,308.63996582031245,5.4208984375
1763686996.2976506,5,2,2,-7.546751660124015e-05,-0.2934632934172506,-10.425512364627586,-0.020447414359342057,0.016147427649703023,-0.0016017111340008278,526.0799804687499,-7.199987792968727,-114.61118164062509,603.8400207519531,615.8400207519531,825.5103027343748,302.87996826171866,780.4801269531249,883.59033203125,-323.0401367187501,-369.5999511718751,-598.6112121582032,-72.48000488281252,303.84003906249995,20.90869140625
1763686996.3920372,5,2,2,0.0631647218029055,-0.32111316678133767,-10.049664459497581,-0.019011414563090186,0.012960210156875492,-0.0015379801886658132,511.6799560546874,-7.199987792968727,-102.99521484375009,587.0400329589844,599.0400329589844,806.1504394531248,293.27999267578116,763.6800781249999,871.974365234375,-323.0401367187501,-362.4000000000001,-579.2511962890626,-70.08001098632815,303.84003906249995,28.65283203125
1763686996.501128,5,2,2,0.159024832422596,-0.1881967180329577,-9.288695837524347,-0.013453047863735315,0.008263091881411578,-0.0016460125043375072,494.8800292968749,-7.199987792968727,-95.25107421875009,565.4400573730469,565.4399963378906,790.6621582031248,281.27999267578116,737.2799316406249,852.614501953125,-320.6399902343751,-350.4000000000001,-552.1471923828126,-65.27999267578127,301.44001464843745,28.65283203125
1763686996.5946143,5,2,2,0.16189334521021492,-0.15764216565745548,-8.944349974213354,-0.011580484325533085,0.007086373062438504,-0.0016741481878432985,482.8800292968749,-11.999975585937477,-79.76303710937509,555.8400207519531,543.8400207519531,775.1743652343748,271.6799560546874,727.6800781249999,829.38232421875,-311.0401367187501,-348.0000976562501,-536.6592163085938,-60.48000488281252,301.44001464843745,32.52490234375
1763686996.7946765,5,2,2,0.40082109510996977,0.019382060749196267,-7.619297368678885,-0.00387500963614126,-0.005781989060111637,-0.0011086747585614784,442.0799804687499,-2.3999999999999773,-33.29916992187509,495.84002075195315,462.2399841308594,736.4541503906248,252.47994384765616,674.8800292968749,802.278564453125,-299.0401367187501,-331.2000488281251,-455.34720458984384,-60.48000488281252,291.84003906249995,51.884765625
1763686996.8903964,5,2,2,0.640646204278974,0.23145552375890183,-6.759058031956778,0.00547864971622624,-0.018220409592401263,-0.0007832084265124621,422.8800292968749,2.4414062522737368e-05,-6.195166015625091,464.6400085449219,414.2399841308594,701.6064941406248,238.0799804687499,641.2799316406249,763.558349609375,-287.0401367187501,-309.5999511718751,-424.3711914062501,-55.67998657226565,282.23994140624995,75.11669921875
1763686997.0965667,5,2,2,0.7511466861983657,0.30548606030294345,-5.379376977415761,0.00975551334207015,-0.024853957332255275,-0.0008275263158791322,370.0799804687499,-4.799963378906227,28.65273437499991,399.84002075195315,325.43999633789065,616.4224121093748,214.0799804687499,569.2799316406249,709.350341796875,-260.6399902343751,-278.4000000000001,-339.18717041015634,-58.08001098632815,265.44001464843745,90.604736328125
1763686997.2979872,5,2,2,0.6803533509510763,0.4221183587245695,-4.029249767540406,0.01966944509654539,-0.024238560550553904,-0.00015526919193691383,312.4800048828124,-16.799963378906227,51.88491210937491,344.6400085449219,246.2399841308594,538.9824707031248,185.2799316406249,506.8800292968749,647.3984375,-227.0401367187501,-242.4000000000001,-265.61917724609384,-58.08001098632815,241.44001464843745,98.348876953125
1763686997.3880389,5,2,2,0.8781105352163412,0.2967034259053458,-3.5980740560327833,0.016441557316262765,-0.02255299661895634,7.314677784965194e-05,293.2799316406249,-21.600012207031227,63.50087890624991,313.43999633789065,217.43999633789065,504.1343261718748,178.0799804687499,466.0799804687499,616.42236328125,-217.4400390625001,-228.0000976562501,-238.51517333984384,-58.08001098632815,229.44001464843745,102.220703125
1763686997.5000992,5,2,2,0.7520689038934073,0.43305928356403056,-3.0690986515149965,0.01473373714755078,-0.030628561480343038,-0.0004620889747381277,264.4800048828124,-28.799963378906227,71.24477539062491,282.24004516601565,181.43999633789065,457.6704589843748,163.6799560546874,427.6800781249999,585.446533203125,-200.6399902343751,-204.0000976562501,-199.79520263671884,-55.67998657226565,219.84003906249995,94.476806640625
1763686997.5939662,5,2,2,0.7039869802920902,0.4500043894425868,-2.5970976426561294,0.021153750703948898,-0.023040332900040993,-0.00018678017569017736,0,0,0,0,0,0,0,0,0,0,0,0,0,0,0
1763686998.0024536,5,2,2,0.6730972013470401,0.34311556700682755,-1.394379939775384,0.01975995615609415,-0.01898445331290173,-0.00022186968691379014,175.6799560546874,-45.60001220703123,75.11684570312491,169.43999633789065,73.43999633789065,291.1743652343748,115.67995605468741,295.6800781249999,438.310546875,-138.2400878906251,-115.20004882812509,-91.37918701171884,-58.08001098632815,164.63996582031245,86.73291015625
1763686998.09153,5,2,2,0.4093121194967976,0.5879915206044628,-1.1721297964049082,0.016778771046222787,-0.022586835989626148,-0.0004891210735222366,154.0799804687499,-52.79996337890623,75.11684570312491,164.6400085449219,66.2399841308594,275.6865722656248,110.87990722656241,274.0799804687499,418.950439453125,-131.0401367187501,-108.00009765625009,-87.50717773437509,-60.48000488281252,155.03999023437495,78.98876953125
1763686998.4025543,5,2,2,0.5948750572028142,0.34550274812555115,-0.6154704619032085,0.015126941806612702,-0.020624577102780598,-0.0011367593011065644,122.88002929687491,-59.99997558593748,71.24477539062491,131.04000244140627,37.43999633789065,209.86235351562482,101.27993164062491,226.0799804687499,376.3583984375,-107.04013671875009,-74.40000000000009,-56.53122558593759,-60.48000488281252,140.63996582031245,67.372802734375
1763686998.6971834,5,2,2,0.4315827729870428,0.23746594614447714,-0.3172329307248196,0.009875336597744883,-0.012134879228240176,-0.0010409063566429965,101.27993164062491,-67.19998779296873,59.62880859374991,104.6400085449219,15.839990234375023,167.27055664062482,94.07998046874991,192.4800048828124,337.638427734375,-90.24008789062509,-52.80014648437509,-48.78720703125009,-67.67998657226565,121.44001464843745,48.0126953125
1763686998.7893076,5,2,2,0.5215534659633049,0.2588701623572407,-0.27695107816560327,0.011455615647456474,-0.01662702865249751,-0.001101161561791702,94.07998046874991,-69.60001220703123,59.62880859374991,99.84002075195315,13.439996337890648,155.65434570312482,82.07998046874991,180.4800048828124,326.0224609375,-85.44003906250009,-48.00009765625009,-48.78720703125009,-65.27999267578127,119.03999023437495,48.0126953125
1763686998.8182757,5,2,2,0.5095528070460104,0.27343370075345075,-0.4595622721040188,0.012195256037778723,-0.01616705257347669,-0.0006951803871685176,0,0,0,0,0,0,0,0,0,0,0,0,0,0,0
1763686998.9906228,5,2,2,0.4565821071974699,0.3465403330484392,-0.3496282416290577,0.010917889914976296,-0.01114369139776112,-0.0009792417403482485,84.48000488281241,-76.79996337890623,55.75673828124991,80.6400085449219,11.040002441406273,132.42241210937482,82.07998046874991,161.2800537109374,302.79052734375,-75.83994140625009,-31.20004882812509,-29.42722167968759,-65.27999267578127,114.23994140624995,51.884765625
1763686999.0985134,5,2,2,0.3935350077117146,0.19712092908725132,-0.23799004322602885,0.00836929043552079,-0.010779414043690348,-0.001406038225055138,74.88002929687491,-69.60001220703123,59.62880859374991,78.24001464843752,-0.9599975585937273,120.80620117187482,79.67995605468741,154.0799804687499,298.91845703125,-71.04013671875009,-28.80014648437509,-29.42722167968759,-70.08001098632815,111.84003906249995,40.268798828125
1763686999.1272686,5,2,2,0.36589924177957944,0.1986728827473521,-0.22007839379038352,0.008712588377719032,-0.009600212649957586,-0.0012414989722820391,70.07998046874991,-76.79996337890623,55.75673828124991,78.24001464843752,3.8399902343750227,120.80620117187482,82.07998046874991,149.2800537109374,295.04638671875,-73.44003906250009,-31.20004882812509,-33.29916992187509,-67.67998657226565,107.03999023437495,40.268798828125
1763686999.2352724,5,2,2,0.4204282623281523,0.2713847436933266,-0.27262572352932,0.00882888035487522,-0.010946319834635117,-0.00025038108482038513,67.67995605468741,-74.39999999999998,51.88491210937491,66.24001464843752,3.8399902343750227,109.19047851562482,72.48000488281241,137.2800537109374,283.430419921875,-71.04013671875009,-26.40000000000009,-29.42722167968759,-67.67998657226565,102.23994140624995,32.52490234375
1763687000.59417,5,2,2,0.22158316833763378,0.09013330324460106,0.215981191983675,0.0009571311526202296,0.0017889926613848233,-0.0011067725105266854,41.27993164062491,-74.39999999999998,36.39687499999991,47.04000244140627,11.040002441406273,58.85429687499982,46.07998046874991,84.48000488281241,205.990478515625,-56.63999023437509,4.799951171874909,-33.29916992187509,-60.48000488281252,80.63996582031245,17.036865234375
1763687010.6957724,5,2,2,0.11912576644421127,0.11450315201806745,0.23537391162351556,0.0009558388427403251,0.0038889950664654773,-0.0013355137976704165,0.48000488281240905,-71.99997558593748,5.420800781249909,6.240014648437523,-3.3599914550781023,0.7744628906248181,41.27993164062491,17.28005371093741,124.678466796875,-23.04013671875009,35.99990234374991,-17.81125488281259,-46.08001098632815,54.239941406249955,-21.68310546875
1763687012.2966633,5,2,2,0.14929527363262077,0.08859506328601043,0.2301560735599365,-0.0002651600368564562,0.0036183024038454635,-0.001653390413038973,-4.320043945312591,-67.19998779296873,-2.323095703125091,11.040002441406273,-0.9599975585937273,-10.841748046875182,41.27993164062491,10.079980468749909,120.806396484375,-20.63999023437509,38.40004882812491,-13.939184570312591,-53.27999267578127,49.440014648437455,-29.42724609375
1763687012.794064,5,2,2,0.15809514683995193,0.066836245515973,0.24698958670535417,-0.00043052470998549905,0.002798458890048595,-0.0017245998875073903,-1.920019531250091,-64.79996337890623,5.420800781249909,8.640008544921898,-5.760015869140602,-6.969677734375182,41.27993164062491,14.880029296874909,124.678466796875,-18.24008789062509,40.79995117187491,-10.067236328125091,-43.67998657226565,51.840039062499955,-21.68310546875
1763687012.9310956,5,2,2,0.1365948669447002,0.06369241882294398,0.23262819727838693,0.00037046717039432384,0.004022245837456988,-0.001491017356157134,-1.920019531250091,-67.19998779296873,-2.323095703125091,13.439996337890648,-5.760015869140602,-10.841748046875182,36.48000488281241,17.28005371093741,120.806396484375,-20.63999023437509,38.40004882812491,-10.067236328125091,-43.67998657226565,51.840039062499955,-25.55517578125
1763687016.699185,5,2,2,0.16207756832304565,0.2075158311065303,-0.25695884153042126,0.005093356604141834,0.00491181864890969,-0.0011105699498384488,12.480004882812409,-62.39999999999998,24.78090820312491,23.040002441406273,3.8399902343750227,35.62236328124982,46.07998046874991,36.48000488281241,163.3984375,-37.44003906250009,14.400048828124909,-10.067236328125091,-48.48000488281252,68.63996582031245,-6.195068359375
1763687016.9012723,5,2,2,0.17371355363620006,0.17317955755969944,-0.2717102213724719,0.00578396542663945,0.006152655381998836,-0.00204777581930347,26.88002929687491,-59.99997558593748,32.52480468749991,35.04000244140627,13.439996337890648,58.85429687499982,41.27993164062491,58.07998046874991,178.886474609375,-49.44003906250009,-9.765625009094947e-05,-21.68320312500009,-43.67998657226565,78.23994140624995,-6.195068359375
1763687017.0063589,5,2,2,0.13085903871633137,0.2368940364275373,-0.45539583424489194,0.006266720360691188,0.006851297558885783,-0.0007873968845305036,34.07998046874991,-59.99997558593748,36.39687499999991,42.24001464843752,20.640008544921898,74.34233398437482,41.27993164062491,62.88002929687491,198.246337890625,-59.04013671875009,-4.800146484375091,-17.81125488281259,-43.67998657226565,83.03999023437495,1.548828125
1763687017.197066,5,2,2,0.08820981450951533,0.27053800201264944,-0.6302805786232215,0.008323448770845955,0.006761704140180396,-0.0010781696580210798,41.27993164062491,-62.39999999999998,44.14077148437491,49.44002685546877,25.439996337890648,97.57426757812482,46.07998046874991,77.28005371093741,221.478515625,-71.04013671875009,-12.000097656250091,-33.29916992187509,-43.67998657226565,92.63996582031245,13.164794921875
1763687017.399429,5,2,2,0.13388947572042464,0.2800846934679934,-0.6996683870851723,0.007900843757131227,0.005132364738001879,-0.0009498891605016057,41.27993164062491,-67.19998779296873,44.14077148437491,47.04000244140627,20.640008544921898,85.95854492187482,50.87990722656241,74.88002929687491,225.350341796875,-71.04013671875009,-7.200048828125091,-29.42722167968759,-50.8799987792969,87.84003906249995,9.292724609375
1763687017.504955,5,2,2,0.1764561146691075,0.27519070036600135,-0.6255129389008057,0.009911409589527364,0.004060360876390217,-0.0009928338291126714,36.48000488281241,-67.19998779296873,44.14077148437491,44.6400085449219,13.439996337890648,89.83012695312482,53.27993164062491,77.28005371093741,229.222412109375,-68.63999023437509,-9.599951171875091,-21.68320312500009,-55.67998657226565,90.23994140624995,9.292724609375
1763687017.6973727,5,2,2,0.22632811052695392,0.30689696568986474,-0.5702735251415033,0.010892011122608,0.0008393245239372393,-0.0010507714704065837,36.48000488281241,-64.79996337890623,44.14077148437491,39.84002075195315,11.040002441406273,82.08623046874982,53.27993164062491,79.67995605468741,229.222412109375,-63.83994140625009,-7.200048828125091,-25.55515136718759,-55.67998657226565,87.84003906249995,13.164794921875
1763687017.994087,5,2,2,0.1373638109260373,0.27818252154385914,-0.6276962748482094,0.009089058269409828,0.004661244383725392,-0.0008407603498523025,34.07998046874991,-67.19998779296873,44.14077148437491,44.6400085449219,13.439996337890648,85.95854492187482,48.48000488281241,72.48000488281241,221.478515625,-71.04013671875009,-9.599951171875091,-21.68320312500009,-53.27999267578127,90.23994140624995,9.292724609375
1763687018.2016745,5,2,2,0.08707540527699643,0.24668965072050528,-0.6620774201800044,0.008472492078526286,0.005461517536809974,-0.0008525171287008865,43.67995605468741,-64.79996337890623,36.39687499999991,47.04000244140627,20.640008544921898,85.95854492187482,48.48000488281241,82.07998046874991,225.350341796875,-68.63999023437509,-9.599951171875091,-33.29916992187509,-53.27999267578127,87.84003906249995,17.036865234375
1763687018.5057735,5,2,2,0.14371520444609157,0.2582437520654609,-0.594720637815343,0.009256050524005036,0.005930996729049513,-0.0010607973424795712,38.88002929687491,-62.39999999999998,40.26894531249991,49.44002685546877,15.839990234375023,85.95854492187482,46.07998046874991,79.67995605468741,217.6064453125,-66.24008789062509,-7.200048828125091,-25.55515136718759,-46.08001098632815,87.84003906249995,9.292724609375
1763687018.7997677,5,2,2,0.0883950438032558,0.25969739764039057,-0.6569962962162996,0.010083137634283269,0.006317046209508773,-0.0008446224653098288,34.07998046874991,-64.79996337890623,44.14077148437491,42.24001464843752,15.839990234375023,97.57426757812482,53.27993164062491,77.28005371093741,229.222412109375,-66.24008789062509,-7.200048828125091,-21.68320312500009,-53.27999267578127,92.63996582031245,13.164794921875
1763687018.8950071,5,2,2,0.15314631043461926,0.23523484488757368,-0.5329977753457948,0.007262833808111148,0.0036755206798415553,-0.0010459913427751247,36.48000488281241,-67.19998779296873,36.39687499999991,42.24001464843752,15.839990234375023,85.95854492187482,46.07998046874991,79.67995605468741,221.478515625,-66.24008789062509,-9.599951171875091,-29.42722167968759,-50.8799987792969,87.84003906249995,13.164794921875
1763687019.0031097,5,2,2,0.1998633031011308,0.24652794636436848,-0.6318198914914313,0.008348872980058502,0.0032731497744123536,-0.0007651535564759358,34.07998046874991,-67.19998779296873,48.01284179687491,37.44002685546877,15.839990234375023,82.08623046874982,50.87990722656241,70.07998046874991,225.350341796875,-63.83994140625009,-7.200048828125091,-25.55515136718759,-53.27999267578127,87.84003906249995,9.292724609375
1763687019.2068202,5,2,2,0.17404965769415393,0.27125480665150287,-0.5544517879308598,0.01058762529877873,0.0027881810723317437,-0.0008080534385221624,36.48000488281241,-64.79996337890623,48.01284179687491,39.84002075195315,8.640008544921898,82.08623046874982,53.27993164062491,74.88002929687491,225.350341796875,-61.44003906250009,-14.400000000000091,-17.81125488281259,-53.27999267578127,92.63996582031245,13.164794921875
1763687019.4085503,5,2,2,0.17457569784213978,0.29467508728531583,-0.569296841121032,0.010775029743025012,0.0018486872541982786,-0.0011275355203385045,29.27993164062491,-67.19998779296873,48.01284179687491,37.44002685546877,11.040002441406273,82.08623046874982,53.27993164062491,72.48000488281241,225.350341796875,-66.24008789062509,-12.000097656250091,-21.68320312500009,-53.27999267578127,87.84003906249995,1.548828125
1763687019.4999404,5,2,2,0.16419058182585908,0.24408131781575795,-0.5884692487347928,0.0105137788055971,0.0035302034357950155,-0.0008961031143423428,34.07998046874991,-67.19998779296873,40.26894531249991,39.84002075195315,11.040002441406273,82.08623046874982,50.87990722656241,77.28005371093741,225.350341796875,-63.83994140625009,-7.200048828125091,-29.42722167968759,-50.8799987792969,90.23994140624995,9.292724609375
1763687019.5954459,5,2,2,0.1636628541246199,0.26760953183334,-0.5264951330008907,0.0090438599195665,0.003327461490622261,-0.0010388638453385061,34.07998046874991,-67.19998779296873,32.52480468749991,37.44002685546877,6.239984130859398,78.21440429687482,48.48000488281241,72.48000488281241,225.350341796875,-63.83994140625009,-12.000097656250091,-25.55515136718759,-48.48000488281252,92.63996582031245,1.548828125
1763687019.7007363,5,2,2,0.19099145911633436,0.2921170096754711,-0.5786241710880183,0.008899468289431306,0.0030776093802328546,-0.0009822925841955967,38.88002929687491,-67.19998779296873,40.26894531249991,37.44002685546877,13.439996337890648,82.08623046874982,50.87990722656241,72.48000488281241,225.350341796875,-63.83994140625009,-7.200048828125091,-25.55515136718759,-53.27999267578127,87.84003906249995,9.292724609375
1763687019.7929256,5,2,2,0.13621956281959474,0.29051993028150713,-0.5748083489571956,0.009542526133321098,0.004122492993357041,-0.0009774477774901627,34.07998046874991,-62.39999999999998,40.26894531249991,39.84002075195315,11.040002441406273,78.21440429687482,55.67995605468741,72.48000488281241,221.478515625,-61.44003906250009,-9.599951171875091,-17.81125488281259,-48.48000488281252,83.03999023437495,5.4208984375
1763687019.9011564,5,2,2,0.1589038732811035,0.27029831351718386,-0.4789219611148301,0.008230028447362852,0.0036450803345692345,-0.001338295151705832,34.07998046874991,-59.99997558593748,40.26894531249991,37.44002685546877,11.040002441406273,74.34233398437482,53.27993164062491,62.88002929687491,205.990478515625,-54.24008789062509,-2.400000000000091,-17.81125488281259,-53.27999267578127,85.44001464843745,5.4208984375
1763687019.9945233,5,2,2,0.20274644414843,0.2290900666941901,-0.43108185612647437,0.007763459547684431,0.002427707893656441,-0.0010855866828108829,26.88002929687491,-64.79996337890623,32.52480468749991,30.240014648437523,6.239984130859398,58.85429687499982,50.87990722656241,58.07998046874991,202.118408203125,-56.63999023437509,-9.765625009094947e-05,-21.68320312500009,-53.27999267578127,83.03999023437495,-2.3232421875
1763687020.1986217,5,2,2,0.24117144176363603,0.24406708838539729,-0.24798935813225553,0.007293541610073129,0.0006071798894989773,-0.0009459849833483968,17.27993164062491,-71.99997558593748,28.65273437499991,23.040002441406273,3.8399902343750227,47.23833007812482,46.07998046874991,46.07998046874991,182.758544921875,-44.63999023437509,9.599999999999909,-13.939184570312591,-53.27999267578127,75.84003906249995,-10.067138671875
1763687020.3112237,5,2,2,0.08816727585960579,0.19678255607136558,-0.2310351268483164,0.006365878269114713,0.003698028303064523,-0.0007819428723982239,10.079980468749909,-69.60001220703123,20.90883789062491,18.240014648437523,-5.760015869140602,35.62236328124982,50.87990722656241,43.67995605468741,178.886474609375,-39.83994140625009,14.400048828124909,-6.195166015625091,-48.48000488281252,75.84003906249995,-13.939208984375
1763687021.921588,5,2,2,0.14779105552942268,0.07074936863182457,0.21450176251896438,-7.467082220245303e-05,0.0032608495982213766,-0.001578470556943092,-6.720068359375091,-67.19998779296873,-2.323095703125091,11.040002441406273,-5.760015869140602,-10.841748046875182,38.87990722656241,7.679956054687409,113.0625,-18.24008789062509,40.79995117187491,-10.067236328125091,-46.08001098632815,54.239941406249955,-29.42724609375
1763687022.3336668,5,2,2,0.19084611193476947,0.08633106250812593,0.23042032674525414,6.774483009161893e-05,0.0027035621594984566,-0.0015738895770261501,-6.720068359375091,-67.19998779296873,1.548730468749909,6.240014648437523,-5.760015869140602,-3.097607421875182,41.27993164062491,5.280053710937409,113.0625,-15.839941406250091,43.19985351562491,-10.067236328125091,-43.67998657226565,47.039990234374955,-29.42724609375
1763687022.4244123,5,2,2,0.12280750744949885,0.08425715939937109,0.21480647200997222,-0.00014008731090992075,0.003753033092610154,-0.0015795892732839549,-4.320043945312591,-69.60001220703123,-2.323095703125091,8.640008544921898,-3.3599914550781023,-10.841748046875182,36.48000488281241,5.280053710937409,109.1904296875,-18.24008789062509,40.79995117187491,-17.81125488281259,-43.67998657226565,47.039990234374955,-29.42724609375
1763687022.812569,5,2,2,0.1632734705206543,0.051374473665047944,0.21461670932262084,0.00010826542000453871,0.0031334170524481616,-0.001497857722043757,-9.119970703125091,-64.79996337890623,1.548730468749909,8.640008544921898,-8.160009765624977,-14.713574218750182,41.27993164062491,7.679956054687409,109.1904296875,-13.440039062500091,43.19985351562491,-6.195166015625091,-43.67998657226565,44.639965820312455,-29.42724609375
1763687023.003461,5,2,2,0.1398958389418014,0.045321809773176874,0.28073637975403715,-0.0004338193373139756,0.0034303210273876894,-0.0016322468616989487,-9.119970703125091,-69.60001220703123,1.548730468749909,6.240014648437523,-3.3599914550781023,-10.841748046875182,36.48000488281241,0.48000488281240905,113.0625,-15.839941406250091,40.79995117187491,-13.939184570312591,-43.67998657226565,47.039990234374955,-33.299072265625
1763687024.4989252,5,2,2,0.1461973083970865,0.061290949015243665,0.21540029447549047,0.00018765326119837746,0.003278717944166811,-0.0014197949195927356,-11.519995117187591,-64.79996337890623,-6.195166015625091,1.4399963378906477,-3.3599914550781023,-18.585644531250182,38.87990722656241,-1.920019531250091,105.318359375,-11.040136718750091,45.59999999999991,-10.067236328125091,-38.8799987792969,47.039990234374955,-29.42724609375
1763687025.102324,5,2,2,0.15083409786708812,0.06036197159838914,0.2111518177196763,-0.0008216286248573976,0.003218417129753185,-0.001191134741360807,-6.720068359375091,-69.60001220703123,-6.195166015625091,1.4399963378906477,-5.760015869140602,-26.329541015625182,36.48000488281241,-1.920019531250091,101.446533203125,-13.440039062500091,47.99990234374991,-10.067236328125091,-41.27999267578127,39.840039062499955,-33.299072265625
1763687026.501634,5,2,2,0.11746246563277435,0.14481752682283608,-0.23988130772785055,0.00494038987149423,0.005106678845022386,-8.297432615859401e-05,10.079980468749909,-64.79996337890623,20.90883789062491,13.439996337890648,3.8399902343750227,20.134326171874818,38.87990722656241,29.28005371093741,151.782470703125,-37.44003906250009,19.19985351562491,-10.067236328125091,-46.08001098632815,63.840039062499955,-13.939208984375
1763687026.7955875,5,2,2,0.1303920636880491,0.2154595241064888,-0.2671399105668844,0.006498303978835142,0.004828514302452585,-0.000952245815053212,17.27993164062491,-64.79996337890623,20.90883789062491,20.640008544921898,8.640008544921898,39.49443359374982,38.87990722656241,38.88002929687491,167.2705078125,-44.63999023437509,11.999902343749909,-17.81125488281259,-43.67998657226565,71.03999023437495,-10.067138671875
1763687026.9012067,5,2,2,0.10548057312553744,0.17770932681038434,-0.3871886790061849,0.005808303992411942,0.0057740751078983864,-0.0009162994900150769,26.88002929687491,-55.19998779296873,36.39687499999991,35.04000244140627,13.439996337890648,62.72636718749982,43.67995605468741,55.67995605468741,190.50244140625,-54.24008789062509,-9.765625009094947e-05,-25.55515136718759,-43.67998657226565,75.84003906249995,-2.3232421875
1763687027.1059663,5,2,2,0.10097762184684139,0.24615570269627246,-0.7059767220812113,0.006921099631406519,0.008771402590706912,-0.0006397266963432354,34.07998046874991,-62.39999999999998,40.26894531249991,39.84002075195315,20.640008544921898,85.95854492187482,41.27993164062491,72.48000488281241,217.6064453125,-66.24008789062509,-7.200048828125091,-33.29916992187509,-46.08001098632815,85.44001464843745,13.164794921875
1763687027.3065376,5,2,2,0.07407668613950058,0.1975454547679455,-0.9598718800122648,0.0064317078334352636,0.010100453082221551,-0.0007278473364667657,53.27993164062491,-62.39999999999998,55.75673828124991,56.6400085449219,32.6400085449219,113.06254882812482,48.48000488281241,96.48000488281241,248.58251953125,-78.24008789062509,-21.59995117187509,-29.42722167968759,-48.48000488281252,99.84003906249995,24.78076171875
1763687027.4009178,5,2,2,0.04881207817378108,0.22063462288077434,-0.8713748277628226,0.010689017452744403,0.006844299193241218,-0.0012275163089559937,60.48000488281241,-62.39999999999998,59.62880859374991,61.44002685546877,27.839990234375023,120.80620117187482,53.27993164062491,106.07998046874991,260.198486328125,-87.83994140625009,-26.40000000000009,-48.78720703125009,-55.67998657226565,104.63996582031245,24.78076171875
1763687027.4958367,5,2,2,0.12851591274665486,0.3243432845051036,-1.1096983161603604,0.010990244628863156,0.006197946437927868,-0.0006173867423419572,65.27993164062491,-64.79996337890623,71.24477539062491,71.04000244140627,30.239984130859398,132.42241210937482,53.27993164062491,120.48000488281241,283.430419921875,-92.63999023437509,-28.80014648437509,-41.04318847656259,-58.08001098632815,109.44001464843745,36.396728515625
1763687027.69808,5,2,2,0.20679077715799912,0.34010044016316454,-1.4379181073542373,0.012910691579478757,0.00223951632412122,-0.0007289294956383097,84.48000488281241,-62.39999999999998,75.11684570312491,80.6400085449219,32.6400085449219,167.27055664062482,62.87990722656241,142.0799804687499,314.406494140625,-107.04013671875009,-52.80014648437509,-44.91519775390634,-60.48000488281252,121.44001464843745,40.268798828125
1763687027.9012098,5,2,2,0.22628271257037996,0.3499210208655541,-1.7183324793106067,0.014256753323665222,0.0013130551008622158,-0.00090257214834357,108.48000488281241,-64.79996337890623,86.73281249999991,111.84002075195315,42.2399841308594,213.73442382812482,74.87990722656241,185.2800537109374,364.742431640625,-119.04013671875009,-64.80014648437509,-60.40317382812509,-62.8799987792969,138.23994140624995,59.62890625
1763687027.996633,5,2,2,0.2566527154369049,0.3987307095878312,-1.9985575827473046,0.015606777115391341,-0.0008441497124512263,-0.000688978849105081,115.67995605468741,-64.79996337890623,82.86074218749991,119.04000244140627,59.04000244140627,221.47856445312482,74.87990722656241,187.6799560546874,372.486328125,-131.0401367187501,-67.20004882812509,-75.89121093750009,-60.48000488281252,143.03999023437495,67.372802734375
1763687028.1047237,5,2,2,0.16642133281872248,0.3430138170399995,-2.227004610016733,0.013516127059556807,0.004841665007313528,-0.000460341685990914,113.27993164062491,-62.39999999999998,86.73281249999991,116.6400085449219,63.83999023437502,225.35014648437482,77.27993164062491,192.4800048828124,368.614501953125,-128.6399902343751,-69.59995117187509,-79.76322021484384,-60.48000488281252,147.84003906249995,63.500732421875
1763687028.1971772,5,2,2,0.268203400883883,0.34294166140978527,-2.0456060916682626,0.012453852036886655,-5.7748165916516464e-05,-0.0004018230965447036,0,0,0,0,0,0,0,0,0,0,0,0,0,0,0
1763687028.4065473,5,2,2,0.30085322885665167,0.3788288475324296,-1.9162803610218928,0.015331574462239903,-0.0024387935640442938,-0.00026872658760751094,110.88002929687491,-62.39999999999998,82.86074218749991,116.6400085449219,51.83999023437502,209.86235351562482,72.48000488281241,194.8800292968749,360.870361328125,-126.24008789062509,-67.20004882812509,-68.14719238281259,-62.8799987792969,138.23994140624995,71.244873046875
1763687028.5005534,5,2,2,0.3269771847283066,0.34120086963742596,-1.7557551307276085,0.013240730675393397,-0.003701302536107936,-0.00029582098204520635,113.27993164062491,-62.39999999999998,82.86074218749991,121.44002685546877,51.83999023437502,213.73442382812482,74.87990722656241,197.2799316406249,360.870361328125,-121.44003906250009,-64.80014648437509,-68.14719238281259,-55.67998657226565,138.23994140624995,71.244873046875
1763687028.6037326,5,2,2,0.31168013190436317,0.23114356336974978,-1.772384756825399,0.008132511213856192,-0.004466060727632419,-0.0009399592959074304,0,0,0,0,0,0,0,0,0,0,0,0,0,0,0
1763687028.807054,5,2,2,0.12251970774922025,0.17130255220623058,-1.5669951975209886,0.005082161547743278,0.005102687501294091,-0.0007151427469905099,113.27993164062491,-57.60001220703123,71.24477539062491,116.6400085449219,66.2399841308594,194.37456054687482,60.48000488281241,175.6799560546874,322.150390625,-114.24008789062509,-57.59995117187509,-75.89121093750009,-48.48000488281252,128.63996582031245,67.372802734375
1763687028.9018981,5,2,2,0.12161963146443655,0.09524472559685936,-1.550284297554345,0.0007719167969809891,0.005803589542571389,-0.0005648034738183141,125.27993164062491,-55.19998779296873,75.11684570312491,123.84002075195315,66.2399841308594,202.11821289062482,65.27993164062491,185.2800537109374,326.0224609375,-119.04013671875009,-60.00009765625009,-83.63522949218759,-53.27999267578127,128.63996582031245,63.500732421875
1763687028.9934428,5,2,2,0.20351902404989672,0.09672363486220506,-1.6859989210961217,0.00013135083266497833,0.0009500384526053289,-0.00038319143153500127,115.67995605468741,-55.19998779296873,67.37294921874991,116.6400085449219,68.6400085449219,202.11821289062482,65.27993164062491,180.4800048828124,322.150390625,-116.63999023437509,-52.80014648437509,-75.89121093750009,-50.8799987792969,131.03999023437495,63.500732421875
1763687029.1030812,5,2,2,0.0991410869405425,0.12510322717532507,-1.5448208059394855,0.0021901551988596476,0.006292436460274547,-0.00032449970828105106,113.27993164062491,-50.39999999999998,71.24477539062491,119.04000244140627,71.04000244140627,205.99028320312482,60.48000488281241,170.8800292968749,314.406494140625,-121.44003906250009,-57.59995117187509,-75.89121093750009,-50.8799987792969,126.23994140624995,67.372802734375
1763687029.3059032,5,2,2,0.1978654029305287,0.07186436422571935,-1.5569011564505877,-0.0009030754185806833,0.0031608936398028623,-0.000807982427738799,115.67995605468741,-52.79996337890623,63.50087890624991,128.6400085449219,68.6400085449219,202.11821289062482,58.07998046874991,175.6799560546874,318.278564453125,-121.44003906250009,-60.00009765625009,-83.63522949218759,-50.8799987792969,126.23994140624995,59.62890625
1763687029.3976898,5,2,2,0.1215825695032279,0.08430207117882027,-1.466330065931185,0.0006991502230161424,0.006006035309656706,-0.0008468530656113157,0,0,0,0,0,0,0,0,0,0,0,0,0,0,0
1763687029.601932,5,2,2,0.13835510296151032,0.15716966810104122,-1.4882960947235104,0.0034784691837331854,0.004303007894956183,-0.0011621539708354385,113.27993164062491,-55.19998779296873,63.50087890624991,121.44002685546877,66.2399841308594,205.99028320312482,62.87990722656241,180.4800048828124,326.0224609375,-119.04013671875009,-60.00009765625009,-75.89121093750009,-53.27999267578127,131.03999023437495,71.244873046875
1763687030.0998247,5,2,2,0.2848117262737502,0.3048424136364523,-1.569826683480081,0.008935911495638328,-0.0016881119463072482,-0.0007916218864470221,113.27993164062491,-55.19998779296873,82.86074218749991,116.6400085449219,54.2399841308594,209.86235351562482,74.87990722656241,182.8800292968749,341.510498046875,-121.44003906250009,-64.80014648437509,-68.14719238281259,-53.27999267578127,133.44001464843745,59.62890625
1763687030.1943555,5,2,2,0.27829927263491905,0.25591405951515345,-1.5322262088967271,0.00988463119176523,-0.0014124583338385437,-0.0009260109210156844,115.67995605468741,-57.60001220703123,78.98891601562491,121.44002685546877,54.2399841308594,213.73442382812482,70.07998046874991,190.0799804687499,341.510498046875,-123.83994140625009,-62.40000000000009,-68.14719238281259,-55.67998657226565,133.44001464843745,71.244873046875
1763687030.3952289,5,2,2,0.292969322252061,0.24163915584512474,-1.656050838601812,0.008405566793868838,-0.0019552170439645967,-0.0005065614504338127,113.27993164062491,-59.99997558593748,75.11684570312491,121.44002685546877,51.83999023437502,213.73442382812482,72.48000488281241,187.6799560546874,353.12646484375,-116.63999023437509,-60.00009765625009,-75.89121093750009,-60.48000488281252,133.44001464843745,67.372802734375
1763687030.503329,5,2,2,0.2987969994526506,0.2651351744465339,-1.6457322095642475,0.011119591329245018,-0.002244055399692493,-0.0005713558789695826,115.67995605468741,-55.19998779296873,82.86074218749991,119.04000244140627,59.04000244140627,209.86235351562482,74.87990722656241,187.6799560546874,349.25439453125,-121.44003906250009,-62.40000000000009,-68.14719238281259,-50.8799987792969,135.84003906249995,67.372802734375
1763687030.5968645,5,2,2,0.29725891029517904,0.25079243729388234,-1.6851516774203135,0.009489768562308957,-0.002730520054758404,-0.00035685383203808185,115.67995605468741,-57.60001220703123,86.73281249999991,111.84002075195315,47.04000244140627,198.24614257812482,70.07998046874991,187.6799560546874,341.510498046875,-116.63999023437509,-57.59995117187509,-60.40317382812509,-60.48000488281252,131.03999023437495,67.372802734375
1763687030.705453,5,2,2,0.36262906828457475,0.308423688340345,-1.5115182363458577,0.01104242472382402,-0.005128492494188938,-0.0006067250022917872,0,0,0,0,0,0,0,0,0,0,0,0,0,0,0
1763687030.8940222,5,2,2,0.3812418104261236,0.2952183384749387,-1.0390566509602,0.011090633417889594,-0.007099498101553409,-0.000828032174162449,86.88002929687491,-57.60001220703123,67.37294921874991,92.6400085449219,30.239984130859398,159.52641601562482,67.67995605468741,146.8800292968749,302.79052734375,-99.83994140625009,-38.40000000000009,-44.91519775390634,-55.67998657226565,116.63996582031245,48.0126953125
1763687031.0153348,5,2,2,0.2901185455328799,0.22148631228175458,-0.8662517388888085,0.007640185652815019,-0.003618925566024045,-0.0010081808779192553,70.07998046874991,-64.79996337890623,59.62880859374991,75.84002075195315,15.839990234375023,124.67827148437482,62.87990722656241,130.0799804687499,271.814453125,-80.63999023437509,-26.40000000000009,-41.04318847656259,-53.27999267578127,102.23994140624995,48.0126953125
1763687031.1083431,5,2,2,0.275019533907327,0.22142715765816237,-0.5976413312152784,0.007384643918419525,-0.0036505714714843702,-0.0009132651291904719,0,0,0,0,0,0,0,0,0,0,0,0,0,0,0
1763687031.2308784,5,2,2,0.3512131000454997,0.22739531401736005,-0.3116806768567285,0.007856595561776073,-0.00463189502866539,-0.0015920308764502762,36.48000488281241,-64.79996337890623,48.01284179687491,44.6400085449219,-8.160009765624977,78.21440429687482,55.67995605468741,86.88002929687491,229.222412109375,-56.63999023437509,-9.765625009094947e-05,-13.939184570312591,-60.48000488281252,90.23994140624995,20.90869140625
1763687031.3256676,5,2,2,0.36369048604258614,0.21249255128444966,-0.28297635423956946,0.006930785654848948,-0.004855632985178937,-0.0006464467494315505,38.88002929687491,-67.19998779296873,32.52480468749991,39.84002075195315,-3.3599914550781023,70.47026367187482,48.48000488281241,77.28005371093741,205.990478515625,-51.83994140625009,9.599999999999909,-17.81125488281259,-50.8799987792969,80.63996582031245,13.164794921875
1763687032.6761692,5,2,2,0.19130372534812112,0.07437029836113744,0.21220339812779715,-0.00020916618773528023,0.003164702127846356,-0.001658638226443158,2.880029296874909,-69.60001220703123,13.164941406249909,18.240014648437523,-5.760015869140602,8.518359374999818,41.27993164062491,19.67995605468741,136.29443359375,-27.83994140625009,38.40004882812491,-13.939184570312591,-46.08001098632815,51.840039062499955,-21.68310546875
1763687034.2200212,5,2,2,0.11069160850332256,0.04823929742305873,0.2158477332796999,0.00023802855276405322,0.0044284007914165025,-0.0012614547166369158,-6.720068359375091,-67.19998779296873,1.548730468749909,11.040002441406273,-10.560003662109352,-10.841748046875182,43.67995605468741,7.679956054687409,116.934326171875,-20.63999023437509,40.79995117187491,-13.939184570312591,-46.08001098632815,49.440014648437455,-17.811279296875
1763687035.8224213,5,2,2,0.14843941969575425,0.06956049789857957,0.21324798897011735,-0.0002493580031546834,0.003529898064540112,-0.0013449749716769152,-9.119970703125091,-67.19998779296873,-2.323095703125091,11.040002441406273,-5.760015869140602,-18.585644531250182,38.87990722656241,0.48000488281240905,109.1904296875,-13.440039062500091,45.59999999999991,-17.81125488281259,-38.8799987792969,49.440014648437455,-33.299072265625
1763687037.0528755,5,2,2,0.11348655435542143,0.0789128192598339,0.28298169500090853,-1.5206806816682288e-06,0.003940157057404563,-0.0017104323577297287,-6.720068359375091,-67.19998779296873,-6.195166015625091,3.8400207519531477,-0.9599975585937273,-10.841748046875182,38.87990722656241,0.48000488281240905,105.318359375,-11.040136718750091,50.40004882812491,-10.067236328125091,-41.27999267578127,44.639965820312455,-29.42724609375
1763687038.0076804,5,2,2,0.2242596352056542,0.10095100739167392,-0.21953037269788322,0.0019174757604143039,0.0032222684308957196,-0.0007897015049326728,0.48000488281240905,-64.79996337890623,13.164941406249909,11.040002441406273,-0.9599975585937273,12.390429687499818,41.27993164062491,22.07998046874991,144.038330078125,-27.83994140625009,23.99990234374991,-10.067236328125091,-43.67998657226565,59.039990234374955,-17.811279296875
1763687038.1938763,5,2,2,0.10712864447035304,0.142559302263527,-0.2782482924740537,0.003379803722950502,0.0052699967717901135,-0.000806848422004064,14.880029296874909,-62.39999999999998,20.90883789062491,23.040002441406273,1.4399963378906477,31.750292968749818,36.48000488281241,34.07998046874991,163.3984375,-35.04013671875009,14.400048828124909,-17.81125488281259,-46.08001098632815,66.23994140624995,-13.939208984375
1763687038.5044045,5,2,2,0.11372725982683733,0.252982127274282,-0.7256895850636861,0.006143894819925755,0.007987602219846093,-0.0004946449472923055,31.67995605468741,-59.99997558593748,36.39687499999991,37.44002685546877,18.239984130859398,82.08623046874982,41.27993164062491,62.88002929687491,198.246337890625,-61.44003906250009,-2.400000000000091,-33.29916992187509,-43.67998657226565,85.44001464843745,9.292724609375
1763687038.597972,5,2,2,0.14864802342937855,0.22900427448793761,-0.6413053772123966,0.005983897324030726,0.006207575630691133,-0.0009327717922635927,38.88002929687491,-59.99997558593748,32.52480468749991,44.6400085449219,15.839990234375023,82.08623046874982,41.27993164062491,74.88002929687491,209.862548828125,-66.24008789062509,-4.800146484375091,-29.42722167968759,-48.48000488281252,87.84003906249995,9.292724609375
1763687038.9076467,5,2,2,0.153169734214454,0.2747777477858041,-1.1233708315029483,0.011130000526634305,0.0025287416732884824,-0.00030552516698891197,58.07998046874991,-64.79996337890623,59.62880859374991,66.24001464843752,23.040002441406273,124.67827148437482,58.07998046874991,108.48000488281241,267.9423828125,-80.63999023437509,-26.40000000000009,-41.04318847656259,-50.8799987792969,107.03999023437495,24.78076171875
1763687039.0296412,5,2,2,0.17478888249327054,0.31785894105120077,-1.2553615955724704,0.012284012894444172,0.002989778274037634,-0.0001168858896827284,70.07998046874991,-67.19998779296873,67.37294921874991,71.04000244140627,23.040002441406273,140.16655273437482,62.87990722656241,125.28005371093741,291.174560546875,-97.44003906250009,-33.59995117187509,-41.04318847656259,-55.67998657226565,111.84003906249995,40.268798828125
1763687039.1384952,5,2,2,0.19414611970069745,0.28617683304112956,-1.107452674151409,0.01156332720411964,0.003118316290708744,-0.00029903903565282457,77.27993164062491,-62.39999999999998,67.37294921874991,80.6400085449219,35.04000244140627,163.39848632812482,60.48000488281241,134.8800292968749,306.662353515625,-102.24008789062509,-40.80014648437509,-48.78720703125009,-62.8799987792969,116.63996582031245,44.140869140625
1763687039.2167447,5,2,2,0.16920813074444205,0.3204370123880411,-1.4519495199055423,0.01341560813529357,0.0027568663101131784,-0.0004169585987510723,74.88002929687491,-67.19998779296873,75.11684570312491,80.6400085449219,32.6400085449219,167.27055664062482,60.48000488281241,149.2800537109374,318.278564453125,-102.24008789062509,-50.40000000000009,-52.65921630859384,-58.08001098632815,126.23994140624995,36.396728515625
1763687039.3107855,5,2,2,0.163589671477135,0.33395204765909314,-1.6020848783698818,0.018349249516896902,0.0033308159296496533,-0.0001373266290146617,89.27993164062491,-64.79996337890623,75.11684570312491,87.84002075195315,47.04000244140627,182.75834960937482,62.87990722656241,156.4800048828124,326.0224609375,-114.24008789062509,-50.40000000000009,-48.78720703125009,-53.27999267578127,131.03999023437495,44.140869140625
1763687039.4073827,5,2,2,-0.004307511461819652,0.5856551173453293,-1.7293532081742278,0.012996809187107636,-0.000810418847215309,6.235857889449635e-06,103.67995605468741,-64.79996337890623,75.11684570312491,114.24001464843752,39.83999023437502,202.11821289062482,72.48000488281241,180.4800048828124,353.12646484375,-114.24008789062509,-62.40000000000009,-60.40317382812509,-58.08001098632815,135.84003906249995,67.372802734375
1763687039.7026942,5,2,2,0.49394118606247583,0.06137402115374771,-2.3316795906347494,0.010605347457019952,0.000704267784100078,-0.0001756794668535647,139.6799560546874,-59.99997558593748,86.73281249999991,147.84002075195315,71.04000244140627,252.45415039062482,82.07998046874991,218.8800292968749,395.718505859375,-143.0401367187501,-86.40000000000009,-83.63522949218759,-55.67998657226565,152.63996582031245,75.11669921875
1763687039.8098223,5,2,2,0.14098702164354388,0.36773349073899575,-2.4131571231832663,0.010709746685129829,-0.0030625827599528536,-0.0004647130816167375,144.4800048828124,-55.19998779296873,90.60488281249991,147.84002075195315,80.6400085449219,271.8145019531248,79.67995605468741,233.2799316406249,415.078369140625,-150.2400878906251,-93.59995117187509,-91.37918701171884,-55.67998657226565,159.84003906249995,78.98876953125
1763687039.9952974,5,2,2,0.15259788056489482,0.5099287630161631,-2.8549841800887137,0.009407407840756691,-0.004578882782359487,-0.00025022045594404565,173.2799316406249,-45.60001220703123,102.22084960937491,174.24004516601565,97.43999633789065,314.4062988281248,82.07998046874991,264.4801269531249,434.4384765625,-164.6399902343751,-108.00009765625009,-118.48319091796884,-53.27999267578127,171.84003906249995,98.348876953125
1763687040.1069434,5,2,2,0.31698315353645495,0.1982519218572466,-2.9947642241183448,0.01228512464310542,0.005434223185856757,-0.0006497631789325766,185.2799316406249,-52.79996337890623,98.34877929687491,186.24004516601565,109.43999633789065,333.7661621093748,91.67995605468741,288.4801269531249,457.67041015625,-174.2400878906251,-122.40000000000009,-130.0992187500001,-58.08001098632815,171.84003906249995,98.348876953125
1763687040.3086622,5,2,2,0.24525377642660826,0.32552874942912446,-3.4311946375678684,0.01072246370350703,0.0009778729152842471,3.5723859028757995e-05,206.8800292968749,-52.79996337890623,102.22084960937491,207.84002075195315,128.6400085449219,368.6143066406248,101.27993164062491,317.2799316406249,504.134521484375,-195.8399414062501,-141.5999511718751,-149.4592041015626,-62.8799987792969,193.44001464843745,106.0927734375
1763687040.403866,5,2,2,0.23440210966238859,0.2983540926493653,-3.764147457128181,0.010911421757530557,-0.0005456707941684426,-0.0002366419724557553,216.4800048828124,-47.99997558593748,98.34877929687491,217.43999633789065,140.6400085449219,384.1025878906248,101.27993164062491,329.2799316406249,515.75048828125,-200.6399902343751,-148.8001464843751,-164.94718017578134,-62.8799987792969,195.84003906249995,102.220703125
1763687040.4998174,5,2,2,0.14692291905488208,0.21961605590334968,-3.945562329753362,0.007962248006515755,0.00567958857993592,-0.0003837388826075323,211.6799560546874,-50.39999999999998,106.09291992187491,219.84002075195315,143.04000244140627,372.4863769531248,101.27993164062491,326.8800292968749,504.134521484375,-200.6399902343751,-148.8001464843751,-153.33121337890634,-65.27999267578127,198.23994140624995,106.0927734375
1763687040.606735,5,2,2,0.19601905431730482,0.25837640786147315,-3.7218059371727916,0.00920970922612706,0.0031443132020326885,-0.0005371404818204413,214.0799804687499,-50.39999999999998,98.34877929687491,217.43999633789065,140.6400085449219,376.3584472656248,98.87990722656241,329.2799316406249,508.00634765625,-193.4400390625001,-151.2000488281251,-161.0751708984376,-62.8799987792969,198.23994140624995,106.0927734375
1763687040.7001922,5,2,2,0.25189791778319937,0.27395479457671756,-3.632437607648151,0.010575460567244937,0.00034965652751274383,-0.000345177577129273,214.0799804687499,-47.99997558593748,106.09291992187491,212.6400085449219,135.83999023437502,372.4863769531248,103.67995605468741,326.8800292968749,511.87841796875,-191.0401367187501,-144.0000976562501,-153.33121337890634,-65.27999267578127,200.63996582031245,117.708740234375
1763687040.8079453,5,2,2,0.3169834380040953,0.31315782260546954,-3.6447178579346287,0.011936034955709319,-0.0022609001060487684,-0.00011345138182148815,206.8800292968749,-47.99997558593748,102.22084960937491,212.6400085449219,128.6400085449219,372.4863769531248,113.27993164062491,322.0799804687499,515.75048828125,-193.4400390625001,-148.8001464843751,-153.33121337890634,-62.8799987792969,195.84003906249995,106.0927734375
1763687041.0080192,5,2,2,0.3107577752259994,0.32837324550993785,-3.5190829200978153,0.013607600177779821,-0.003192937693593972,-0.00045368709972343343,209.2799316406249,-50.39999999999998,106.09291992187491,212.6400085449219,131.04000244140627,372.4863769531248,106.07998046874991,329.2799316406249,515.75048828125,-191.0401367187501,-146.4000000000001,-137.84317626953134,-62.8799987792969,195.84003906249995,102.220703125
1763687041.100097,5,2,2,0.3142726272912779,0.28588292915859975,-3.4398311835741406,0.012440999608203654,-0.002755668551645103,-0.0005048457976675671,204.4800048828124,-47.99997558593748,109.96474609374991,215.0400329589844,128.6400085449219,372.4863769531248,103.67995605468741,324.4801269531249,515.75048828125,-193.4400390625001,-146.4000000000001,-149.4592041015626,-60.48000488281252,198.23994140624995,106.0927734375
1763687041.2070634,5,2,2,0.3130246536484073,0.32674976806443534,-3.47120902623191,0.01310903410894781,-0.0029376604434347402,-0.00020403158162825958,206.8800292968749,-52.79996337890623,98.34877929687491,215.0400329589844,131.04000244140627,372.4863769531248,103.67995605468741,324.4801269531249,511.87841796875,-195.8399414062501,-146.4000000000001,-145.58719482421884,-58.08001098632815,200.63996582031245,109.96484375
1763687041.3009202,5,2,2,0.3396168774098722,0.34899313074887145,-3.337701300574429,0.013154996273328438,-0.002682179936640985,-0.000549092886803646,209.2799316406249,-50.39999999999998,102.22084960937491,210.24004516601565,128.6400085449219,376.3584472656248,101.27993164062491,329.2799316406249,515.75048828125,-191.0401367187501,-146.4000000000001,-149.4592041015626,-65.27999267578127,195.84003906249995,106.0927734375
1763687041.4095657,5,2,2,0.32716490667845,0.3388547807376707,-3.3244789025638246,0.012072312875215891,-0.0027786881793399765,-0.00039180026465958785,209.2799316406249,-47.99997558593748,102.22084960937491,212.6400085449219,128.6400085449219,368.6143066406248,106.07998046874991,322.0799804687499,511.87841796875,-193.4400390625001,-146.4000000000001,-149.4592041015626,-62.8799987792969,195.84003906249995,102.220703125
1763687041.6071947,5,2,2,0.30806051345625535,0.3163819995253961,-3.2903994547356907,0.012226397898682647,-0.001855373445107061,-0.00029848660242431414,206.8800292968749,-45.60001220703123,102.22084960937491,215.0400329589844,126.24001464843752,364.7422363281248,106.07998046874991,326.8800292968749,519.62255859375,-193.4400390625001,-148.8001464843751,-153.33121337890634,-65.27999267578127,195.84003906249995,102.220703125
1763687041.6522589,5,2,2,0.298788098342672,0.32380884739210025,-3.4237270064392993,0.012425803829452652,-0.00226220224775703,4.4975902780635454e-05,206.8800292968749,-47.99997558593748,98.34877929687491,217.43999633789065,131.04000244140627,372.4863769531248,108.48000488281241,329.2799316406249,511.87841796875,-193.4400390625001,-146.4000000000001,-157.2032226562501,-60.48000488281252,198.23994140624995,102.220703125
1763687041.794375,5,2,2,0.32004464499631985,0.31479373066649935,-3.360005134104654,0.011539408886904575,-0.0029179352015397536,-1.3787173759357402e-05,206.8800292968749,-47.99997558593748,102.22084960937491,210.24004516601565,126.24001464843752,368.6143066406248,103.67995605468741,329.2799316406249,511.87841796875,-193.4400390625001,-146.4000000000001,-149.4592041015626,-60.48000488281252,195.84003906249995,102.220703125
1763687041.868974,5,2,2,0.3285776551240187,0.32878328940375107,-3.3767011130712623,0.011642693260736307,-0.002803893649300564,-0.00025509672117481096,211.6799560546874,-52.79996337890623,102.22084960937491,210.24004516601565,126.24001464843752,372.4863769531248,108.48000488281241,319.6800781249999,511.87841796875,-188.6399902343751,-144.0000976562501,-145.58719482421884,-62.8799987792969,195.84003906249995,106.0927734375
1763687042.203926,5,2,2,0.2982571798444774,0.3328914497094633,-3.254033503842048,0.012703430363207736,-0.0021334865802243776,-0.0005194166082806207,211.6799560546874,-47.99997558593748,106.09291992187491,207.84002075195315,126.24001464843752,368.6143066406248,108.48000488281241,324.4801269531249,515.75048828125,-188.6399902343751,-144.0000976562501,-157.2032226562501,-58.08001098632815,198.23994140624995,102.220703125
1763687042.3065205,5,2,2,0.32549470503607086,0.3003441667498237,-3.307070167116997,0.012099023431554942,-0.002939952338563555,-0.00046028906854948847,209.2799316406249,-52.79996337890623,98.34877929687491,215.0400329589844,126.24001464843752,372.4863769531248,106.07998046874991,326.8800292968749,511.87841796875,-191.0401367187501,-148.8001464843751,-145.58719482421884,-65.27999267578127,193.44001464843745,113.8369140625
1763687042.4002547,5,2,2,0.3370699385212592,0.2849391816611315,-3.3106842040982696,0.011309101359752768,-0.003053307362061077,-0.00022922082433906817,209.2799316406249,-50.39999999999998,106.09291992187491,212.6400085449219,128.6400085449219,372.4863769531248,108.48000488281241,322.0799804687499,500.262451171875,-191.0401367187501,-144.0000976562501,-149.4592041015626,-65.27999267578127,191.03999023437495,109.96484375
1763687042.513372,5,2,2,0.2814197517952386,0.28136744889811993,-3.2224044061268518,0.012119596443563106,-0.0015169011846615649,-0.00042773088569714407,206.8800292968749,-50.39999999999998,102.22084960937491,210.24004516601565,128.6400085449219,372.4863769531248,108.48000488281241,326.8800292968749,504.134521484375,-188.6399902343751,-144.0000976562501,-153.33121337890634,-65.27999267578127,193.44001464843745,109.96484375
1763687042.5978131,5,2,2,0.3062008089210371,0.32123564175966685,-3.3210769706610668,0.012774752601721846,-0.0028677790425569363,-7.314352115657689e-05,206.8800292968749,-45.60001220703123,106.09291992187491,210.24004516601565,123.83999023437502,368.6143066406248,103.67995605468741,324.4801269531249,511.87841796875,-186.2400878906251,-141.5999511718751,-145.58719482421884,-65.27999267578127,195.84003906249995,106.0927734375
1763687042.7063305,5,2,2,0.29160052725069024,0.3379118147407991,-3.0864274861864347,0.012458291264812644,-0.002248785092971037,-0.0005392289860728761,204.4800048828124,-52.79996337890623,102.22084960937491,207.84002075195315,121.43999633789065,364.7422363281248,110.87990722656241,324.4801269531249,508.00634765625,-191.0401367187501,-146.4000000000001,-149.4592041015626,-65.27999267578127,191.03999023437495,109.96484375
1763687042.9131863,5,2,2,0.3340523956087034,0.3318684413736653,-3.2234157015019402,0.012380105864278582,-0.00225980705814678,-0.0002754795868538867,202.0799804687499,-47.99997558593748,98.34877929687491,212.6400085449219,128.6400085449219,364.7422363281248,103.67995605468741,322.0799804687499,511.87841796875,-191.0401367187501,-141.5999511718751,-145.58719482421884,-62.8799987792969,195.84003906249995,113.8369140625
1763687042.996254,5,2,2,0.2905644930903962,0.3183544852416203,-3.1710911362838368,0.012453046409507746,-0.002159562445266038,-2.047634372769958e-05,204.4800048828124,-50.39999999999998,102.22084960937491,210.24004516601565,126.24001464843752,372.4863769531248,108.48000488281241,324.4801269531249,504.134521484375,-191.0401367187501,-141.5999511718751,-141.7151855468751,-62.8799987792969,191.03999023437495,102.220703125
1763687043.10544,5,2,2,0.3181246232980465,0.30675748402393926,-3.188924472066398,0.012020383586652323,-0.0033329322390476274,-0.0004972220155492382,197.2799316406249,-50.39999999999998,102.22084960937491,203.0400329589844,116.6400085449219,360.8701660156248,101.27993164062491,307.6800781249999,492.5185546875,-183.8399414062501,-139.2000488281251,-130.0992187500001,-60.48000488281252,191.03999023437495,106.0927734375
1763687043.2001185,5,2,2,0.3677731666976446,0.33952433808229054,-2.9267917463233566,0.014915561738648468,-0.005099361947569056,-8.17438562503509e-05,187.6799560546874,-50.39999999999998,106.09291992187491,191.0400329589844,111.83999023437502,353.1265136718748,106.07998046874991,300.4801269531249,484.7744140625,-179.0401367187501,-134.4000000000001,-133.97122802734384,-65.27999267578127,183.84003906249995,94.476806640625
1763687043.4946158,5,2,2,0.40968164468230506,0.40679968066046557,-2.246702011142217,0.016545349056446328,-0.008646330142073739,5.026066345045332e-06,158.8800292968749,-52.79996337890623,94.47695312499991,162.24004516601565,73.43999633789065,295.0464355468748,91.67995605468741,252.4801269531249,438.310546875,-155.0401367187501,-108.00009765625009,-91.37918701171884,-58.08001098632815,167.03999023437495,86.73291015625
1763687043.6031675,5,2,2,0.41200069116720295,0.40386292291417847,-1.898793893533972,0.015921735930616934,-0.005823666846316443,-0.00026345862987437504,139.6799560546874,-52.79996337890623,98.34877929687491,145.44002685546877,51.83999023437502,267.9424316406248,91.67995605468741,230.8800292968749,415.078369140625,-138.2400878906251,-93.59995117187509,-72.01920166015634,-58.08001098632815,162.23994140624995,82.86083984375
1763687043.6953623,5,2,2,0.4798258016517413,0.43113526906399646,-1.434599167065026,0.017356959082401226,-0.01307150511759522,-0.0005648367252090592,127.67995605468741,-57.60001220703123,90.60488281249991,131.04000244140627,47.04000244140627,236.96635742187482,84.48000488281241,209.2799316406249,387.974365234375,-128.6399902343751,-81.59995117187509,-72.01920166015634,-62.8799987792969,147.84003906249995,82.86083984375
1763687043.8044798,5,2,2,0.4066899549382086,0.35437905900837846,-1.2565205275870501,0.015573102461240666,-0.009721701704611086,-0.0004229501103167171,108.48000488281241,-57.60001220703123,78.98891601562491,114.24001464843752,25.439996337890648,209.86235351562482,84.48000488281241,187.6799560546874,360.870361328125,-111.83994140625009,-67.20004882812509,-44.91519775390634,-58.08001098632815,135.84003906249995,63.500732421875
1763687043.8960207,5,2,2,0.45888285379265714,0.3708857709213235,-0.8796450425751338,0.013798030314901372,-0.008846292837734205,-0.000688533329585415,94.07998046874991,-59.99997558593748,78.98891601562491,99.84002075195315,23.040002441406273,186.63041992187482,82.07998046874991,170.8800292968749,333.766357421875,-104.63999023437509,-50.40000000000009,-44.91519775390634,-62.8799987792969,126.23994140624995,55.7568359375
1763687044.0015123,5,2,2,0.40103128290308704,0.39084671779570407,-0.7345066740884774,0.01570338452271912,-0.010371844576597686,-8.286287076194492e-05,77.27993164062491,-62.39999999999998,78.98891601562491,87.84002075195315,13.439996337890648,163.39848632812482,79.67995605468741,158.8800292968749,333.766357421875,-95.04013671875009,-48.00009765625009,-29.42722167968759,-62.8799987792969,121.44001464843745,51.884765625
1763687044.0973668,5,2,2,0.31702582326021134,0.2971700204139839,-0.5455894437558317,0.012236609000999432,-0.005719800797479673,-0.000958991684302664,67.67995605468741,-71.99997558593748,71.24477539062491,71.04000244140627,8.640008544921898,136.29448242187482,70.07998046874991,130.0799804687499,287.302490234375,-80.63999023437509,-33.59995117187509,-25.55515136718759,-60.48000488281252,109.44001464843745,28.65283203125
1763687044.2109838,5,2,2,0.3786098281160186,0.3847359191265572,-0.43101604707052643,0.012657818533088616,-0.004757039031876365,-0.0005331301782514453,55.67995605468741,-69.60001220703123,59.62880859374991,61.44002685546877,-0.9599975585937273,116.93413085937482,70.07998046874991,120.48000488281241,287.302490234375,-73.44003906250009,-21.59995117187509,-17.81125488281259,-60.48000488281252,104.63996582031245,32.52490234375
1763687044.4088588,5,2,2,0.35873324205603396,0.3271975192093853,-0.31949435525729053,0.010870980078507113,-0.004215382945013184,-0.0005739992701818706,41.27993164062491,-76.79996337890623,55.75673828124991,49.44002685546877,-0.9599975585937273,89.83012695312482,62.87990722656241,94.07998046874991,248.58251953125,-66.24008789062509,-9.599951171875091,-10.067236328125091,-65.27999267578127,95.03999023437495,17.036865234375
1763687044.4998078,5,2,2,0.30175000000615076,0.27248504492593756,-0.20317650211990762,0.009771791579414801,-0.003900977859969401,-0.0008447923742148304,36.48000488281241,-71.99997558593748,51.88491210937491,42.24001464843752,-5.760015869140602,74.34233398437482,60.48000488281241,89.28005371093741,236.966552734375,-56.63999023437509,-12.000097656250091,-10.067236328125091,-58.08001098632815,92.63996582031245,13.164794921875
1763687048.901218,5,2,2,0.14751077574687427,0.06836475025119602,0.21409145044490321,-0.00010505979026900324,0.003828262251698736,-0.0018129590104124787,2.880029296874909,-62.39999999999998,1.548730468749909,8.640008544921898,-5.760015869140602,-3.097607421875182,43.67995605468741,12.480004882812409,120.806396484375,-23.04013671875009,40.79995117187491,-13.939184570312591,-41.27999267578127,47.039990234374955,-17.811279296875
1763687051.6302545,5,2,2,0.2110527258455279,0.18165781117682195,-0.2146771213393094,0.0035780779978521887,0.004465854912533274,-0.00047472600210463317,10.079980468749909,-67.19998779296873,17.03676757812491,15.840020751953148,-0.9599975585937273,16.262255859374818,43.67995605468741,31.67995605468741,159.5263671875,-37.44003906250009,21.59999999999991,-10.067236328125091,-48.48000488281252,61.440014648437455,-10.067138671875
1763687051.8646467,5,2,2,0.18786204738981305,0.1753510944879369,-0.2584611902908054,0.00484882655448532,0.004126022567815723,-0.0007969353656585378,17.27993164062491,-67.19998779296873,32.52480468749991,25.439996337890648,13.439996337890648,62.72636718749982,43.67995605468741,48.48000488281241,190.50244140625,-51.83994140625009,-9.765625009094947e-05,-25.55515136718759,-48.48000488281252,75.84003906249995,5.4208984375
1763687052.0084944,5,2,2,-0.07143121899906822,0.5199919521183212,-0.6298368733742775,0.011853221413769776,0.008038227369955424,-0.0003015322990262755,24.48000488281241,-57.60001220703123,40.26894531249991,32.6400085449219,11.040002441406273,66.59843749999982,43.67995605468741,48.48000488281241,194.37451171875,-61.44003906250009,-2.400000000000091,-25.55515136718759,-48.48000488281252,75.84003906249995,9.292724609375
1763687052.1021159,5,2,2,0.3656808527290315,0.06824930032982102,-0.7442671056686937,0.007549526965766853,0.004659907608995103,-0.00048101428066604,31.67995605468741,-59.99997558593748,44.14077148437491,42.24001464843752,20.640008544921898,85.95854492187482,46.07998046874991,70.07998046874991,213.734375,-68.63999023437509,-12.000097656250091,-21.68320312500009,-46.08001098632815,90.23994140624995,1.548828125
1763687052.21022,5,2,2,-0.1829198105648369,0.5918889407805534,-0.7295712408439903,0.010707975043450422,0.007836147116201776,-0.0007388313864544213,43.67995605468741,-69.60001220703123,51.88491210937491,47.04000244140627,18.239984130859398,101.44633789062482,58.07998046874991,84.48000488281241,240.83837890625,-73.44003906250009,-16.80014648437509,-25.55515136718759,-50.8799987792969,97.44001464843745,17.036865234375
1763687052.300754,5,2,2,0.42891226969340235,0.1661789094440044,-0.9827705678850024,0.010205994559302196,-0.002354603382269852,-1.7836196404646693e-05,53.27993164062491,-69.60001220703123,51.88491210937491,63.84002075195315,11.040002441406273,116.93413085937482,60.48000488281241,108.48000488281241,264.070556640625,-80.63999023437509,-24.00009765625009,-33.29916992187509,-58.08001098632815,95.03999023437495,28.65283203125
1763687052.3614194,5,2,2,0.3783867289480573,0.15685851121245026,-0.9304913222955631,0.00995712899746918,-0.0021885613968175744,-0.000546392111350985,60.48000488281241,-69.60001220703123,51.88491210937491,63.84002075195315,20.640008544921898,120.80620117187482,58.07998046874991,108.48000488281241,267.9423828125,-83.04013671875009,-28.80014648437509,-33.29916992187509,-58.08001098632815,104.63996582031245,32.52490234375
1763687052.499157,5,2,2,0.2752973909443827,0.34953950386364524,-1.1389352309396108,0.011805078549522072,-0.002280688048384333,0.0001526533231324578,74.88002929687491,-67.19998779296873,63.50087890624991,73.44002685546877,27.839990234375023,136.29448242187482,62.87990722656241,127.67995605468741,291.174560546875,-92.63999023437509,-31.20004882812509,-41.04318847656259,-60.48000488281252,114.23994140624995,40.268798828125
1763687052.5561883,5,2,2,0.31633530218709666,0.3636980498773595,-1.2742382443190148,0.012231149007894154,-0.0022775132647973283,0.0005738082774516678,74.88002929687491,-64.79996337890623,63.50087890624991,85.44002685546877,23.040002441406273,147.91020507812482,67.67995605468741,139.6799560546874,306.662353515625,-99.83994140625009,-40.80014648437509,-41.04318847656259,-55.67998657226565,116.63996582031245,48.0126953125
1763687052.6513407,5,2,2,0.2739335699988696,0.35626032732551477,-1.2899564757037012,0.011964166778561458,-0.0014362741978127163,-0.00029190470805530563,82.07998046874991,-64.79996337890623,71.24477539062491,85.44002685546877,32.6400085449219,159.52641601562482,67.67995605468741,149.2800537109374,314.406494140625,-102.24008789062509,-45.59995117187509,-48.78720703125009,-62.8799987792969,121.44001464843745,48.0126953125
1763687052.8048167,5,2,2,0.3195415221463763,0.34011700785683424,-1.6233080796923902,0.012915636434498848,-0.0023127117287699266,-0.0005622135536726418,103.67995605468741,-62.39999999999998,78.98891601562491,99.84002075195315,47.04000244140627,182.75834960937482,67.67995605468741,166.0799804687499,345.38232421875,-114.24008789062509,-55.20004882812509,-60.40317382812509,-65.27999267578127,133.44001464843745,55.7568359375
1763687052.8476243,5,2,2,0.3179457475470734,0.32178186955665233,-1.6565146667537687,0.01310634810576324,-0.0024908162054855538,-2.438683855188954e-05,101.27993164062491,-64.79996337890623,82.86074218749991,102.24001464843752,44.6400085449219,186.63041992187482,74.87990722656241,170.8800292968749,349.25439453125,-116.63999023437509,-57.59995117187509,-56.53122558593759,-60.48000488281252,131.03999023437495,55.7568359375
1763687052.939914,5,2,2,0.21733191325969684,0.3251357702112174,-1.7916924069137534,0.01238846758823927,-0.00015494927931947698,3.1422791106850627e-06,113.27993164062491,-64.79996337890623,82.86074218749991,116.6400085449219,56.6400085449219,217.60649414062482,74.87990722656241,185.2800537109374,356.99853515625,-123.83994140625009,-64.80014648437509,-72.01920166015634,-62.8799987792969,138.23994140624995,67.372802734375
1763687053.10111,5,2,2,0.2694371779593546,0.3222169777880689,-2.115046860480814,0.011928549301797046,0.00010568207290815798,-0.0003488914497302467,130.0799804687499,-59.99997558593748,82.86074218749991,131.04000244140627,61.43999633789065,240.83842773437482,79.67995605468741,204.4801269531249,384.1025390625,-131.0401367187501,-79.20004882812509,-91.37918701171884,-55.67998657226565,150.23994140624995,67.372802734375
1763687053.1595213,5,2,2,0.2530984802729147,0.27441258549098596,-2.0486691078392445,0.011394281550674727,-0.00021420920187594124,-0.00024511398542712,137.2799316406249,-59.99997558593748,86.73281249999991,135.84002075195315,63.83999023437502,244.71049804687482,79.67995605468741,214.0799804687499,395.718505859375,-133.4400390625001,-84.00009765625009,-79.76322021484384,-62.8799987792969,150.23994140624995,78.98876953125
1763687053.304168,5,2,2,0.2616700617757999,0.3039606912755673,-2.5144354422349595,0.013183044516730996,0.0004224394159820892,0.000297461335383662,139.6799560546874,-55.19998779296873,86.73281249999991,150.24001464843752,78.2399841308594,267.9424316406248,79.67995605468741,233.2799316406249,411.20654296875,-147.8399414062501,-93.59995117187509,-95.25119628906259,-62.8799987792969,157.44001464843745,78.98876953125
1763687053.3977587,5,2,2,0.2528974985973711,0.34542018075563347,-2.580862663311901,0.013486247457847602,0.0012392657771458935,3.709698609214438e-05,156.4800048828124,-55.19998779296873,94.47695312499991,167.0400329589844,85.43999633789065,295.0464355468748,89.27993164062491,252.4801269531249,438.310546875,-157.4400390625001,-100.80014648437509,-102.99521484375009,-62.8799987792969,169.44001464843745,90.604736328125
1763687053.504148,5,2,2,0.3334826046450356,0.3338338610499875,-2.7675461276672655,0.012881660069635693,-0.002761677172795467,0.00012382213897408885,170.8800292968749,-52.79996337890623,94.47695312499991,179.0400329589844,97.43999633789065,310.5342285156248,89.27993164062491,269.2799316406249,442.182373046875,-169.4400390625001,-112.80014648437509,-118.48319091796884,-60.48000488281252,169.44001464843745,102.220703125
1763687053.563182,5,2,2,0.3332393868386364,0.34239189701278305,-2.851910670827751,0.012924037674142505,-0.00239671028847473,0.00017138327744700742,178.0799804687499,-50.39999999999998,98.34877929687491,176.6400085449219,104.6400085449219,314.4062988281248,91.67995605468741,278.8800292968749,453.79833984375,-169.4400390625001,-117.59995117187509,-114.61118164062509,-65.27999267578127,176.63996582031245,98.348876953125
1763687053.7062633,5,2,2,0.33554013200072597,0.3339743651515544,-3.1989071696375913,0.014097275402791765,-0.003553617296009823,-0.00018151784292573666,194.8800292968749,-55.19998779296873,106.09291992187491,198.24004516601565,114.2399841308594,345.3823730468748,103.67995605468741,305.2799316406249,484.7744140625,-181.4400390625001,-129.5999511718751,-130.0992187500001,-62.8799987792969,188.63996582031245,106.0927734375
1763687053.797059,5,2,2,0.3174116272088707,0.3000474101136421,-3.5971219539304142,0.011689026143921186,-0.0014307092356341967,0.0007638083257479199,206.8800292968749,-47.99997558593748,106.09291992187491,205.43999633789065,116.6400085449219,353.1265136718748,108.48000488281241,322.0799804687499,504.134521484375,-193.4400390625001,-139.2000488281251,-141.7151855468751,-67.67998657226565,193.44001464843745,98.348876953125
1763687053.9021988,5,2,2,0.3398908581397979,0.31204540270015185,-3.6759333060703008,0.012602241344308445,-0.00320045234267171,-4.374395253255658e-05,221.2799316406249,-52.79996337890623,106.09291992187491,215.0400329589844,138.24001464843752,376.3584472656248,106.07998046874991,336.4801269531249,531.238525390625,-205.4400390625001,-151.2000488281251,-161.0751708984376,-65.27999267578127,205.44001464843745,109.96484375
1763687053.9972663,5,2,2,0.24754602161264688,0.33677335586336754,-4.11899965979155,0.011609165081964282,0.00238526300228707,0.0002623082590460093,228.4800048828124,-57.60001220703123,102.22084960937491,224.6400085449219,138.24001464843752,391.8462402343748,113.27993164062491,355.6800781249999,542.8544921875,-205.4400390625001,-158.4000000000001,-168.8191894531251,-67.67998657226565,203.03999023437495,117.708740234375
1763687054.103884,5,2,2,0.31648103836822217,0.27227182386317617,-4.168052982459324,0.011263365095232895,-0.0018444040764186709,-0.0006123754923117497,240.4800048828124,-52.79996337890623,98.34877929687491,241.43999633789065,157.43999633789065,407.3345214843748,115.67995605468741,372.4801269531249,562.21435546875,-212.6399902343751,-163.2000488281251,-188.1791748046876,-72.48000488281252,210.23994140624995,113.8369140625
1763687054.1979148,5,2,2,0.20470066073565757,0.23918858486017103,-4.458636109081173,0.010353551007711554,0.0036548508552405323,-1.1775963873442976e-05,250.0799804687499,-52.79996337890623,90.60488281249991,253.43999633789065,171.83999023437502,430.5664550781248,130.0799804687499,391.6800781249999,589.318359375,-227.0401367187501,-172.8001464843751,-199.79520263671884,-74.8799987792969,212.63996582031245,121.580810546875
1763687054.602561,5,2,2,0.12320522891728702,0.29038577043687464,-5.653143440628541,0.003864272742836971,0.0012086281199187032,-0.0007059833458199507,302.8800292968749,-47.99997558593748,94.47695312499991,308.6400085449219,236.6400085449219,504.1343261718748,149.2799316406249,461.2799316406249,655.142333984375,-253.4400390625001,-216.0000976562501,-254.00321044921884,-77.27999267578127,241.44001464843745,113.8369140625
1763687054.7114823,5,2,2,0.174361282481351,0.16158623222912274,-5.947470311783621,0.003677128744203036,0.00731507063868363,-0.0010340882564155703,302.8800292968749,-47.99997558593748,94.47695312499991,308.6400085449219,236.6400085449219,504.1343261718748,149.2799316406249,461.2799316406249,655.142333984375,-253.4400390625001,-216.0000976562501,-254.00321044921884,-77.27999267578127,241.44001464843745,113.8369140625
1763687054.8020205,5,2,2,0.27356663160283784,0.1791615370473075,-6.22409469547521,0.005149629727201031,8.978740376730694e-05,-0.0014428862678829441,329.2799316406249,-38.39999999999998,67.37294921874991,337.43999633789065,277.43999633789065,542.8545410156248,161.2799316406249,494.8800292968749,689.990478515625,-267.8399414062501,-235.2000488281251,-296.5951904296876,-79.67998657226565,255.84003906249995,113.8369140625
1763687054.90894,5,2,2,0.09999950745810035,0.07150414792645238,-6.617481251181251,-0.00031081636679803487,0.010076626816188301,-0.0009691941221941276,326.8800292968749,-35.99997558593748,75.11684570312491,332.6400085449219,270.2399841308594,542.8545410156248,158.8799072265624,494.8800292968749,682.246337890625,-267.8399414062501,-237.5999511718751,-292.72318115234384,-74.8799987792969,251.03999023437495,106.0927734375
1763687054.9374363,5,2,2,0.08092608916490587,0.102607331923768,-6.563044592722755,0.00045570243000671654,0.009975708927906361,-0.0011835963625023305,329.2799316406249,-40.79996337890623,75.11684570312491,337.43999633789065,275.0400329589844,542.8545410156248,163.6799560546874,497.2799316406249,682.246337890625,-260.6399902343751,-237.5999511718751,-281.10721435546884,-77.27999267578127,251.03999023437495,106.0927734375
1763687055.0336535,5,2,2,0.1969226674230877,0.11314568466538463,-6.375097861995788,0.001824796444083055,0.006673998145535327,-0.0008782202007077226,324.4800048828124,-38.39999999999998,75.11684570312491,335.0400329589844,270.2399841308594,542.8545410156248,163.6799560546874,492.4801269531249,678.37451171875,-263.0401367187501,-237.5999511718751,-292.72318115234384,-74.8799987792969,253.44001464843745,109.96484375
1763687055.1410146,5,2,2,0.16375438741719242,0.10228485746605138,-6.270914205582297,0.0017836664416086383,0.0047251742046655245,-0.0007622994930708477,322.0799804687499,-35.99997558593748,78.98891601562491,332.6400085449219,270.2399841308594,546.7261230468748,163.6799560546874,497.2799316406249,678.37451171875,-255.8399414062501,-232.8001464843751,-288.8511718750001,-77.27999267578127,251.03999023437495,109.96484375
1763687055.234761,5,2,2,0.20988130753979972,0.11533956527334684,-6.140109149042969,0.0012607943139337809,0.004521497090756683,-0.0009538492851047836,322.0799804687499,-38.39999999999998,75.11684570312491,332.6400085449219,265.43999633789065,538.9824707031248,163.6799560546874,492.4801269531249,682.246337890625,-260.6399902343751,-235.2000488281251,-284.9792236328126,-77.27999267578127,255.84003906249995,113.8369140625
1763687055.4061155,5,2,2,0.21878166768119248,0.14230002548643328,-5.962626336863021,0.0035662655105655264,0.0031841166818871915,-0.0007267235062745973,317.2799316406249,-40.79996337890623,71.24477539062491,335.0400329589844,263.0400329589844,538.9824707031248,166.0799804687499,492.4801269531249,674.50244140625,-260.6399902343751,-232.8001464843751,-281.10721435546884,-74.8799987792969,253.44001464843745,106.0927734375
1763687055.4376078,5,2,2,0.22881686856305453,0.16525856016613588,-5.997773124978547,0.003407448267225374,0.0034596381990607255,-0.0006638018321084021,322.0799804687499,-33.60001220703123,67.37294921874991,330.24004516601565,265.43999633789065,546.7261230468748,166.0799804687499,497.2799316406249,678.37451171875,-260.6399902343751,-232.8001464843751,-284.9792236328126,-74.8799987792969,248.63996582031245,106.0927734375
1763687055.5310924,5,2,2,0.21339675957270646,0.1291177657946628,-6.015171452668632,0.0027754860061833912,0.0026527601504142406,-0.0007478800845279896,326.8800292968749,-35.99997558593748,71.24477539062491,332.6400085449219,263.0400329589844,535.1104003906248,166.0799804687499,494.8800292968749,678.37451171875,-263.0401367187501,-240.0000976562501,-284.9792236328126,-72.48000488281252,253.44001464843745,106.0927734375
1763687055.7000632,5,2,2,0.2672734063145984,0.16956573848293666,-5.942313730726987,0.00466776190881581,0.0011840980548015276,-0.00032684758526889347,319.6799560546874,-43.19998779296873,71.24477539062491,332.6400085449219,263.0400329589844,542.8545410156248,166.0799804687499,494.8800292968749,678.37451171875,-258.2400878906251,-237.5999511718751,-284.9792236328126,-74.8799987792969,253.44001464843745,117.708740234375
1763687055.807226,5,2,2,0.24888822141933015,0.16102427456898616,-5.805042166475429,0.004962202730241736,0.0009978449355942855,-0.0008229899691343068,317.2799316406249,-35.99997558593748,75.11684570312491,330.24004516601565,260.6400085449219,538.9824707031248,163.6799560546874,497.2799316406249,678.37451171875,-263.0401367187501,-237.5999511718751,-284.9792236328126,-77.27999267578127,251.03999023437495,113.8369140625
1763687055.9153962,5,2,2,0.2664593619676683,0.1483798569206271,-5.790703771200235,0.004697138433043995,0.00149928945008416,-0.0006615354921015758,317.2799316406249,-35.99997558593748,75.11684570312491,330.24004516601565,260.6400085449219,538.9824707031248,163.6799560546874,497.2799316406249,678.37451171875,-263.0401367187501,-237.5999511718751,-284.9792236328126,-77.27999267578127,251.03999023437495,113.8369140625
1763687056.0114744,5,2,2,0.30137934560119983,0.1826771541571131,-5.840257356097352,0.004978910697968603,6.717362803388381e-05,-0.000681528096570333,322.0799804687499,-43.19998779296873,71.24477539062491,330.24004516601565,258.2399841308594,546.7261230468748,168.4800048828124,494.8800292968749,678.37451171875,-258.2400878906251,-232.8001464843751,-284.9792236328126,-70.08001098632815,251.03999023437495,106.0927734375
1763687056.1155558,5,2,2,0.3212369503823134,0.19272894826974382,-5.690463558296476,0.004600288499759932,-0.00037083681582168217,-0.0010216734588467144,324.4800048828124,-38.39999999999998,75.11684570312491,332.6400085449219,255.84002075195315,542.8545410156248,163.6799560546874,494.8800292968749,682.246337890625,-255.8399414062501,-235.2000488281251,-281.10721435546884,-74.8799987792969,251.03999023437495,106.0927734375
1763687056.210635,5,2,2,0.25776567086736524,0.18561496549729087,-5.7038576047950285,0.005197168217474988,0.0009301492592656817,-0.0007098606419962817,322.0799804687499,-40.79996337890623,71.24477539062491,330.24004516601565,260.6400085449219,535.1104003906248,166.0799804687499,494.8800292968749,682.246337890625,-263.0401367187501,-240.0000976562501,-281.10721435546884,-72.48000488281252,253.44001464843745,113.8369140625
1763687056.3182116,5,2,2,0.2735571872646831,0.17648509996325082,-5.585095905871512,0.00549216343371345,0.0006313468716235161,-0.0009782259390330214,319.6799560546874,-35.99997558593748,75.11684570312491,327.84002075195315,260.6400085449219,542.8545410156248,170.8799072265624,499.6800781249999,674.50244140625,-260.6399902343751,-232.8001464843751,-281.10721435546884,-77.27999267578127,255.84003906249995,106.0927734375
1763687056.4123833,5,2,2,0.329231019187281,0.15286649251644469,-5.724210757016434,0.004455396879605056,-0.0014739774829855105,-0.0005620546671705529,322.0799804687499,-38.39999999999998,75.11684570312491,327.84002075195315,258.2399841308594,535.1104003906248,168.4800048828124,499.6800781249999,678.37451171875,-258.2400878906251,-235.2000488281251,-277.2352050781251,-74.8799987792969,255.84003906249995,109.96484375
1763687056.5079541,5,2,2,0.30577611174697406,0.18776520498584767,-5.5328329137800685,0.006103342870110504,9.215050555437532e-05,-0.0013490825016422958,322.0799804687499,-35.99997558593748,82.86074218749991,327.84002075195315,258.2399841308594,550.5981933593748,170.8799072265624,494.8800292968749,674.50244140625,-260.6399902343751,-237.5999511718751,-281.10721435546884,-72.48000488281252,253.44001464843745,106.0927734375
1763687056.6007063,5,2,2,0.31230539376065086,0.22544889160550846,-5.665160073082799,0.00689980584051616,-0.0004539898341574186,-0.0005363367384685177,319.6799560546874,-38.39999999999998,75.11684570312491,332.6400085449219,258.2399841308594,542.8545410156248,168.4800048828124,494.8800292968749,686.118408203125,-260.6399902343751,-235.2000488281251,-281.10721435546884,-79.67998657226565,253.44001464843745,106.0927734375
1763687056.7063963,5,2,2,0.3074342312475178,0.21485123183075752,-5.598569811326394,0.006162109395289555,-0.0017182972678285984,-0.0009841894156984014,319.6799560546874,-40.79996337890623,78.98891601562491,325.43999633789065,255.84002075195315,538.9824707031248,168.4800048828124,499.6800781249999,674.50244140625,-253.4400390625001,-235.2000488281251,-277.2352050781251,-72.48000488281252,253.44001464843745,117.708740234375
1763687056.8151004,5,2,2,0.3088193664729171,0.18678890136332757,-5.718491454095071,0.0055761835217487815,-0.0021285368096858794,-0.0005581283888634727,322.0799804687499,-40.79996337890623,86.73281249999991,327.84002075195315,258.2399841308594,546.7261230468748,168.4800048828124,494.8800292968749,682.246337890625,-260.6399902343751,-235.2000488281251,-273.36319580078134,-74.8799987792969,253.44001464843745,109.96484375
1763687057.0028598,5,2,2,0.322686329416513,0.22145038807666811,-5.582213557761902,0.006558680595126175,-0.0009112034058974799,-0.0006643687479854994,322.0799804687499,-35.99997558593748,75.11684570312491,330.24004516601565,260.6400085449219,538.9824707031248,170.8799072265624,497.2799316406249,682.246337890625,-258.2400878906251,-235.2000488281251,-277.2352050781251,-74.8799987792969,253.44001464843745,113.8369140625
1763687057.2061253,5,2,2,0.3101816334763972,0.216652478785835,-5.561324169911156,0.0073466522358083194,-0.0006844482945661933,-0.0012783790487539775,322.0799804687499,-35.99997558593748,78.98891601562491,327.84002075195315,260.6400085449219,542.8545410156248,170.8799072265624,497.2799316406249,686.118408203125,-258.2400878906251,-235.2000488281251,-281.10721435546884,-72.48000488281252,253.44001464843745,106.0927734375
1763687057.3111703,5,2,2,0.3466029892206901,0.24091160517083876,-5.6128966759953265,0.007220074234478917,-0.00214004824938863,-0.0009090984545372838,319.6799560546874,-38.39999999999998,78.98891601562491,330.24004516601565,253.43999633789065,535.1104003906248,168.4800048828124,494.8800292968749,682.246337890625,-258.2400878906251,-232.8001464843751,-281.10721435546884,-74.8799987792969,251.03999023437495,106.0927734375
1763687057.498306,5,2,2,0.37593217070115714,0.2785302020902089,-5.454625671969975,0.008939039419040732,-0.0040396190023586475,-0.0008489361139988804,312.4800048828124,-40.79996337890623,86.73281249999991,313.43999633789065,239.04000244140627,531.2383300781248,173.2799316406249,480.4801269531249,674.50244140625,-248.6399902343751,-235.2000488281251,-261.74722900390634,-72.48000488281252,253.44001464843745,106.0927734375
1763687057.5275023,5,2,2,0.3799524395466627,0.2664104193537716,-5.467960336423911,0.00985314427751983,-0.004435929244266449,-0.0006142026340047999,305.2799316406249,-35.99997558593748,78.98891601562491,315.84002075195315,234.24001464843752,527.3662597656248,166.0799804687499,482.8800292968749,670.63037109375,-251.0401367187501,-225.5999511718751,-261.74722900390634,-74.8799987792969,241.44001464843745,113.8369140625
1763687057.7002318,5,2,2,0.37913485583955603,0.30772692496091764,-4.824313717629177,0.010880575078763988,-0.004995559388827993,-0.0010089980227799022,293.2799316406249,-40.79996337890623,82.86074218749991,299.0400329589844,219.83999023437502,508.0063964843748,156.4800048828124,458.8800292968749,651.2705078125,-241.4400390625001,-218.4000000000001,-234.64322509765634,-72.48000488281252,243.84003906249995,98.348876953125
1763687057.7277424,5,2,2,0.3717318970549413,0.30154211291088556,-4.961324276346836,0.010466554601951243,-0.004589411216722324,-0.0002772551866580871,298.0799804687499,-43.19998779296873,90.60488281249991,301.43999633789065,219.83999023437502,508.0063964843748,161.2799316406249,454.0799804687499,639.654541015625,-241.4400390625001,-218.4000000000001,-242.3871826171876,-74.8799987792969,241.44001464843745,109.96484375
1763687057.8205447,5,2,2,0.34453394205305665,0.3006345487258386,-4.522856521234551,0.010903610952358273,-0.0029841842349251687,-0.00043086034111909416,276.4800048828124,-40.79996337890623,94.47695312499991,279.84002075195315,193.43999633789065,480.9023925781248,161.2799316406249,442.0799804687499,635.782470703125,-234.2400878906251,-211.2000488281251,-219.15518798828134,-72.48000488281252,236.63996582031245,109.96484375
1763687057.915044,5,2,2,0.4955448593499869,0.41922867370170014,-4.1580332673787606,0.017621318143567072,-0.012672318061354297,-0.0005973040716313689,264.4800048828124,-43.19998779296873,94.47695312499991,265.43999633789065,176.6400085449219,465.4141113281248,154.0799804687499,422.8800292968749,620.29443359375,-224.6399902343751,-201.5999511718751,-203.6672119140626,-70.08001098632815,229.44001464843745,117.708740234375
1763687058.0121367,5,2,2,0.5584736581460068,0.44800874846660965,-3.738363354092691,0.017663830924510023,-0.0144781914117585,-0.0008413889874484242,254.8800292968749,-43.19998779296873,90.60488281249991,255.84002075195315,167.04000244140627,453.7983886718748,142.0799804687499,406.0799804687499,597.0625,-212.6399902343751,-189.5999511718751,-188.1791748046876,-70.08001098632815,219.84003906249995,98.348876953125
1763687058.1175394,5,2,2,0.4905194099676632,0.40578791572196754,-3.5209659911897098,0.017224730642505744,-0.013227806479257158,0.0003332577866561638,233.2799316406249,-40.79996337890623,98.34877929687491,243.84002075195315,147.83999023437502,426.6943847656248,130.0799804687499,382.0799804687499,569.95849609375,-205.4400390625001,-177.5999511718751,-172.69119873046884,-62.8799987792969,212.63996582031245,102.220703125
1763687058.211319,5,2,2,0.5590901415146543,0.4612033528511392,-2.999246280218502,0.01798331264188715,-0.013087656639195287,-0.0006550033870005155,214.0799804687499,-40.79996337890623,98.34877929687491,219.84002075195315,133.43999633789065,407.3345214843748,127.67995605468741,353.2799316406249,538.982421875,-188.6399902343751,-160.8001464843751,-149.4592041015626,-62.8799987792969,203.03999023437495,102.220703125
1763687058.3063252,5,2,2,0.49854290749763336,0.429905050609667,-2.507918542706647,0.01821194344132869,-0.013438590772098963,-0.0003973086479611267,197.2799316406249,-40.79996337890623,94.47695312499991,203.0400329589844,107.04000244140627,376.3584472656248,125.27993164062491,329.2799316406249,508.00634765625,-174.2400878906251,-148.8001464843751,-130.0992187500001,-55.67998657226565,195.84003906249995,98.348876953125
1763687058.4009085,5,2,2,0.4634015361385582,0.4500643876637553,-2.1847159125920634,0.018797475999305716,-0.013277326192091165,-0.0005935685882853432,180.4800048828124,-45.60001220703123,94.47695312499991,188.6400085449219,87.83999023437502,337.6382324218748,113.27993164062491,298.0799804687499,484.7744140625,-159.8399414062501,-129.5999511718751,-106.86722412109384,-60.48000488281252,179.03999023437495,90.604736328125
1763687058.5099802,5,2,2,0.5491336873872767,0.43068900906910834,-1.8474506732702443,0.01911427538207288,-0.01658691837944274,-0.0007057530303723589,161.2799316406249,-45.60001220703123,98.34877929687491,174.24004516601565,78.2399841308594,310.5342285156248,101.27993164062491,271.6800781249999,446.054443359375,-152.6399902343751,-115.20004882812509,-95.25119628906259,-58.08001098632815,174.23994140624995,90.604736328125
1763687058.605099,5,2,2,0.5186610808398561,0.42770606444964826,-1.5506300893629805,0.018143534879440693,-0.013499938760440927,-0.0005246703263809488,149.2799316406249,-50.39999999999998,86.73281249999991,155.0400329589844,61.43999633789065,279.5581542968748,98.87990722656241,252.4801269531249,418.950439453125,-133.4400390625001,-100.80014648437509,-79.76322021484384,-58.08001098632815,162.23994140624995,86.73291015625
1763687058.9019823,5,2,2,0.5450465127545925,0.2934117119624099,-0.8103919908588721,0.013587421826859548,-0.01480903185069047,-0.0007378831916483319,110.88002929687491,-57.60001220703123,86.73281249999991,109.44002685546877,25.439996337890648,190.50249023437482,86.87990722656241,199.6800781249999,364.742431640625,-104.63999023437509,-64.80014648437509,-48.78720703125009,-60.48000488281252,135.84003906249995,67.372802734375
1763687059.009689,5,2,2,0.5434552218427763,0.3409747328186291,-0.8587891237940317,0.014288491856876574,-0.014236271188948279,-0.0008343334901260871,98.88002929687491,-59.99997558593748,75.11684570312491,104.6400085449219,18.239984130859398,178.88627929687482,84.48000488281241,180.4800048828124,341.510498046875,-92.63999023437509,-57.59995117187509,-41.04318847656259,-62.8799987792969,123.84003906249995,55.7568359375
1763687059.1985438,5,2,2,0.48664051067297875,0.3398119732529334,-0.4565186732433059,0.013700983242486458,-0.012583972914473782,-0.001005152874877943,84.48000488281241,-64.79996337890623,63.50087890624991,83.04000244140627,8.640008544921898,151.78227539062482,79.67995605468741,151.6799560546874,306.662353515625,-85.44003906250009,-40.80014648437509,-29.42722167968759,-62.8799987792969,114.23994140624995,36.396728515625
1763687059.3194494,5,2,2,0.44143697253790143,0.3299052878256584,-0.31138731887096344,0.012121116694284038,-0.010233374189282277,-0.0011931217399572705,77.27993164062491,-64.79996337890623,67.37294921874991,75.84002075195315,3.8399902343750227,136.29448242187482,74.87990722656241,146.8800292968749,298.91845703125,-78.24008789062509,-36.00009765625009,-25.55515136718759,-67.67998657226565,111.84003906249995,40.268798828125
1763687059.5116842,5,2,2,0.37557537547722375,0.25902271778055697,-0.22949789592723596,0.01088006693867976,-0.009474230931270328,-0.0012407187333288506,58.07998046874991,-71.99997558593748,59.62880859374991,63.84002075195315,-5.760015869140602,109.19047851562482,74.87990722656241,132.4800048828124,287.302490234375,-68.63999023437509,-21.59995117187509,-17.81125488281259,-65.27999267578127,104.63996582031245,28.65283203125
1763687059.912244,5,2,2,0.25659547635109553,0.21878423033324923,-0.24290326953762775,0.00779252657848038,-0.002880293871201099,-0.0010188062316029592,46.07998046874991,-69.60001220703123,51.88491210937491,47.04000244140627,-3.3599914550781023,78.21440429687482,58.07998046874991,96.48000488281241,240.83837890625,-61.44003906250009,-12.000097656250091,-13.939184570312591,-65.27999267578127,92.63996582031245,20.90869140625
1763687061.8016908,5,2,2,0.16374407188623835,0.02940198217735194,0.2466813852554506,-0.0002367411320367695,0.003602109951914705,-0.0016422431360933476,19.67995605468741,-69.60001220703123,20.90883789062491,23.040002441406273,-0.9599975585937273,31.750292968749818,43.67995605468741,46.07998046874991,175.014404296875,-32.63999023437509,23.99990234374991,-17.81125488281259,-50.8799987792969,68.63996582031245,-2.3232421875
1763687062.4103396,5,2,2,0.1489995500884431,0.03920073138718984,0.22875982192869118,-0.0006661994239834101,0.003623269812584576,-0.001573116166964005,0,0,0,0,0,0,0,0,0,0,0,0,0,0,0
1763687063.732749,5,2,2,0.14748225736864254,0.058794506533216814,0.21314815091616357,-0.00016826181367551093,0.0038202706702903993,-0.0011872760858026021,5.279931640624909,-64.79996337890623,13.164941406249909,15.840020751953148,-0.9599975585937273,12.390429687499818,38.87990722656241,31.67995605468741,147.910400390625,-32.63999023437509,26.40004882812491,-13.939184570312591,-50.8799987792969,61.440014648437455,-17.811279296875
1763687065.0123854,5,2,2,0.20891231804165597,0.04353095975000136,0.20955645807654943,-0.000622348821958225,0.003289745507664762,-0.0014242012781589515,0.48000488281240905,-67.19998779296873,5.420800781249909,13.439996337890648,-3.3599914550781023,4.646289062499818,41.27993164062491,19.67995605468741,124.678466796875,-23.04013671875009,35.99990234374991,-10.067236328125091,-46.08001098632815,49.440014648437455,-17.811279296875
1763687065.5135434,5,2,2,0.1428371829110429,0.072340562033363,0.227225785078669,-0.0008945980862274873,0.003940620883826266,-0.0011865604785779625,2.880029296874909,-67.19998779296873,9.292871093749909,13.439996337890648,-0.9599975585937273,4.646289062499818,43.67995605468741,14.880029296874909,132.42236328125,-25.44003906250009,35.99990234374991,-10.067236328125091,-46.08001098632815,54.239941406249955,-21.68310546875
1763687066.1078637,5,2,2,0.1796361167696981,0.07027869307503279,0.21469704528962816,0.0004347297057397193,0.0032724413633679296,-0.0013417576334398683,2.880029296874909,-67.19998779296873,5.420800781249909,11.040002441406273,-3.3599914550781023,4.646289062499818,41.27993164062491,17.28005371093741,120.806396484375,-23.04013671875009,33.59999999999991,-10.067236328125091,-46.08001098632815,51.840039062499955,-21.68310546875
1763687066.3211613,5,2,2,0.16485086807183819,0.03525949425164783,0.2107787948053393,-0.0005420906798358572,0.004517262490769055,-0.0015785381784581014,0.48000488281240905,-69.60001220703123,13.164941406249909,11.040002441406273,-3.3599914550781023,0.7744628906248181,38.87990722656241,12.480004882812409,128.550537109375,-23.04013671875009,35.99990234374991,-13.939184570312591,-46.08001098632815,54.239941406249955,-33.299072265625
1763687067.1002152,5,2,2,0.21902008393582592,0.20439463864042137,-0.2905638063779119,0.00575566882513673,0.0042339582877176166,-0.0005725913980528996,22.07998046874991,-64.79996337890623,28.65273437499991,30.240014648437523,6.239984130859398,54.98247070312482,43.67995605468741,48.48000488281241,178.886474609375,-47.04013671875009,4.799951171874909,-13.939184570312591,-41.27999267578127,75.84003906249995,-6.195068359375
1763687067.2107925,5,2,2,0.2030182263729668,0.2346806695460221,-0.2385337939143103,0.005838431842819016,0.004098599493208451,-0.001025340748204683,24.48000488281241,-62.39999999999998,40.26894531249991,25.439996337890648,11.040002441406273,62.72636718749982,50.87990722656241,60.48000488281241,186.63037109375,-49.44003906250009,2.400048828124909,-17.81125488281259,-50.8799987792969,78.23994140624995,1.548828125
1763687067.3027515,5,2,2,0.13104215172330216,0.22485720479874877,-0.35158170508732245,0.00637676123788583,0.004905484383179405,-0.0011401176472122182,41.27993164062491,-62.39999999999998,44.14077148437491,42.24001464843752,13.439996337890648,78.21440429687482,50.87990722656241,72.48000488281241,213.734375,-63.83994140625009,-4.800146484375091,-29.42722167968759,-48.48000488281252,85.44001464843745,5.4208984375
1763687067.4129322,5,2,2,0.12424678455328435,0.16808717915453236,-0.5830829441268681,0.007186543627349056,0.004776475386954595,-0.001214276732114649,48.48000488281241,-59.99997558593748,44.14077148437491,51.84002075195315,23.040002441406273,101.44633789062482,48.48000488281241,84.48000488281241,236.966552734375,-75.83994140625009,-16.80014648437509,-41.04318847656259,-48.48000488281252,95.03999023437495,17.036865234375
1763687067.505238,5,2,2,0.1442840036923279,0.27911095085689536,-0.8648002604746071,0.009197439233949008,0.0057847994006518175,-0.00029939721672259356,55.67995605468741,-67.19998779296873,55.75673828124991,59.04000244140627,15.839990234375023,113.06254882812482,55.67995605468741,108.48000488281241,260.198486328125,-78.24008789062509,-19.20004882812509,-37.17124023437509,-53.27999267578127,99.84003906249995,24.78076171875
1763687067.6137633,5,2,2,0.25222040642092525,0.34467896763763317,-1.0339062444230003,0.012943523792817829,-0.0006395341694937356,-0.00027302742855175014,67.67995605468741,-67.19998779296873,59.62880859374991,68.6400085449219,23.040002441406273,128.55034179687482,62.87990722656241,122.88002929687491,279.558349609375,-87.83994140625009,-33.59995117187509,-37.17124023437509,-62.8799987792969,107.03999023437495,32.52490234375
1763687067.8015237,5,2,2,0.226037383102107,0.36057392666516697,-1.2535316250160975,0.012797991088199028,0.0017180628568244493,-0.0009783045141156888,82.07998046874991,-62.39999999999998,71.24477539062491,90.24001464843752,37.43999633789065,171.14213867187482,67.67995605468741,149.2800537109374,318.278564453125,-102.24008789062509,-50.40000000000009,-52.65921630859384,-60.48000488281252,126.23994140624995,40.268798828125
1763687067.9075675,5,2,2,0.2267728589890562,0.3712586370460451,-1.3724122569720434,0.012700741521930792,0.0015897727248200396,-0.00024034651146099547,96.48000488281241,-62.39999999999998,78.98891601562491,102.24001464843752,44.6400085449219,194.37456054687482,67.67995605468741,173.2800537109374,341.510498046875,-116.63999023437509,-57.59995117187509,-60.40317382812509,-62.8799987792969,128.63996582031245,48.0126953125
1763687068.1111104,5,2,2,0.33554885538687085,0.32686507959380434,-1.7388994372748512,0.013121260486608808,-0.003952653402428525,-0.0007582571585280507,118.07998046874991,-59.99997558593748,82.86074218749991,123.84002075195315,59.04000244140627,229.22221679687482,72.48000488281241,199.6800781249999,368.614501953125,-131.0401367187501,-69.59995117187509,-72.01920166015634,-55.67998657226565,140.63996582031245,71.244873046875
1763687068.2318394,5,2,2,0.26242055526552927,0.29705423958586336,-2.0159830787079205,0.011420431541695773,0.00017168214774175052,-0.00015709654360944892,127.67995605468741,-59.99997558593748,78.98891601562491,135.84002075195315,63.83999023437502,244.71049804687482,84.48000488281241,216.4801269531249,391.846435546875,-138.2400878906251,-81.59995117187509,-79.76322021484384,-55.67998657226565,145.44001464843745,71.244873046875
1763687068.3260276,5,2,2,0.34430734684394615,0.38143373806056285,-2.11140390399047,0.013088483281546194,-0.001642940096428647,-0.001208524054470559,139.6799560546874,-55.19998779296873,90.60488281249991,145.44002685546877,75.83999023437502,267.9424316406248,82.07998046874991,223.6800781249999,403.46240234375,-145.4400390625001,-86.40000000000009,-83.63522949218759,-58.08001098632815,152.63996582031245,78.98876953125
1763687068.5010908,5,2,2,0.33393003499018564,0.35848139173361565,-2.506976093209181,0.014985065888167896,-0.0024138239745232024,-0.000635998346667409,158.8800292968749,-57.60001220703123,94.47695312499991,164.6400085449219,85.43999633789065,298.9185058593748,89.27993164062491,257.2799316406249,434.4384765625,-157.4400390625001,-108.00009765625009,-110.73917236328134,-58.08001098632815,164.63996582031245,86.73291015625
1763687068.5457695,5,2,2,0.34274047869852065,0.3469717032513931,-2.540934991173188,0.014900878162810572,-0.003248131996852848,-0.00017862638574226027,163.6799560546874,-52.79996337890623,98.34877929687491,167.0400329589844,95.04000244140627,302.7905761718748,89.27993164062491,266.8800292968749,446.054443359375,-162.2400878906251,-115.20004882812509,-114.61118164062509,-55.67998657226565,171.84003906249995,90.604736328125
1763687068.702604,5,2,2,0.23376060954489372,0.33416834622737773,-2.8782697497356478,0.01380054903556552,-0.0005744278228897639,-0.0009270809087371994,185.2799316406249,-50.39999999999998,98.34877929687491,191.0400329589844,107.04000244140627,345.3823730468748,101.27993164062491,290.8800292968749,480.90234375,-181.4400390625001,-124.80014648437509,-126.22720947265634,-65.27999267578127,186.23994140624995,106.0927734375
1763687068.8109257,5,2,2,0.31724072439015333,0.31059807542238754,-3.0978151228023973,0.01408463870914432,-0.002531969497421639,-0.0005339904692553848,197.2799316406249,-50.39999999999998,102.22084960937491,195.84002075195315,119.04000244140627,353.1265136718748,103.67995605468741,307.6800781249999,496.390380859375,-181.4400390625001,-134.4000000000001,-141.7151855468751,-62.8799987792969,191.03999023437495,98.348876953125
1763687068.8534892,5,2,2,0.34320783939347327,0.3359775435457127,-3.0808575700546053,0.01429990148880789,-0.002940500249734865,-0.0006858190253212699,204.4800048828124,-50.39999999999998,106.09291992187491,207.84002075195315,116.6400085449219,360.8701660156248,106.07998046874991,322.0799804687499,508.00634765625,-183.8399414062501,-134.4000000000001,-141.7151855468751,-65.27999267578127,198.23994140624995,109.96484375
1763687069.0130706,5,2,2,0.2514532919464339,0.2889195504640298,-3.6326486501406547,0.010673790258748563,0.0014831860144315038,-0.0008931586472600268,221.2799316406249,-50.39999999999998,106.09291992187491,227.0400329589844,147.83999023437502,391.8462402343748,108.48000488281241,341.2799316406249,531.238525390625,-203.0401367187501,-151.2000488281251,-168.8191894531251,-62.8799987792969,203.03999023437495,106.0927734375
1763687069.0606124,5,2,2,0.23256575074908833,0.3070497625758364,-3.681736762883527,0.011142573619058184,0.002200383377952451,-0.0005190654763304961,228.4800048828124,-47.99997558593748,106.09291992187491,231.84002075195315,152.6400085449219,395.7183105468748,115.67995605468741,358.0799804687499,546.7265625,-205.4400390625001,-158.4000000000001,-172.69119873046884,-62.8799987792969,207.84003906249995,117.708740234375
1763687069.200783,5,2,2,0.2533703311357943,0.2886301816520045,-4.296954065660566,0.012011651251035402,-0.001489810285551025,-0.0008907117332135285,247.6799560546874,-50.39999999999998,98.34877929687491,251.0400329589844,167.04000244140627,430.5664550781248,125.27993164062491,384.4801269531249,581.574462890625,-224.6399902343751,-172.8001464843751,-195.9231933593751,-74.8799987792969,219.84003906249995,113.8369140625
1763687069.5124764,5,2,2,0.2494732913537642,0.22119709200160226,-5.099465753683363,0.009518366335426381,0.0016049050224473168,-0.0007907346186463722,286.0799804687499,-47.99997558593748,98.34877929687491,287.0400329589844,210.24001464843752,480.9023925781248,144.4800048828124,449.2799316406249,631.910400390625,-243.8399414062501,-206.4000000000001,-234.64322509765634,-79.67998657226565,234.23994140624995,117.708740234375
1763687069.8067055,5,2,2,0.26686428512997923,0.20273501425011364,-6.301549365036998,0.006840878451279581,-0.0003117450276194072,-0.0010743762948012814,334.0799804687499,-40.79996337890623,78.98891601562491,342.24004516601565,279.84002075195315,562.2144042968748,168.4800048828124,506.8800292968749,693.862548828125,-267.8399414062501,-240.0000976562501,-304.3392089843751,-84.48000488281252,258.23994140624995,109.96484375
1763687069.8982415,5,2,2,0.27516624664168027,0.19626373497487654,-6.3358963944536235,0.006772196253137085,-1.0147766684632728e-05,-0.0012427194885035128,341.2799316406249,-35.99997558593748,59.62880859374991,361.43999633789065,313.43999633789065,585.4463378906248,170.8799072265624,518.8800292968749,713.222412109375,-279.8399414062501,-256.8001464843751,-319.82718505859384,-79.67998657226565,267.84003906249995,102.220703125
1763687070.0087452,5,2,2,0.14404819317625076,0.0217791953035402,-7.173047967770188,0.0015637776965277718,0.016705506264906224,-0.0017011299320858293,360.4800048828124,-35.99997558593748,55.75673828124991,385.43999633789065,320.6400085449219,600.9341308593748,190.0799804687499,562.0799804687499,732.58251953125,-284.6399902343751,-261.5999511718751,-335.31522216796884,-79.67998657226565,267.84003906249995,90.604736328125
1763687070.1038878,5,2,2,0.04517621112662712,0.09590418821365071,-7.495527475542583,-0.0032173669607450314,0.0063793806165036975,-0.0016891290205595121,384.4800048828124,-33.60001220703123,36.39687499999991,404.6400085449219,361.43999633789065,628.0381347656248,194.8799072265624,566.8800292968749,748.070556640625,-289.4400390625001,-271.2000488281251,-366.29117431640634,-79.67998657226565,270.23994140624995,98.348876953125
1763687070.3064046,5,2,2,0.09186535433890029,-0.1771465855835922,-8.65995338162288,-0.008925229285222262,0.02058968847609322,-0.0013213084934893809,415.6799560546874,-28.799963378906227,9.292871093749909,452.6400085449219,426.2399841308594,662.8862792968748,216.4800048828124,619.6800781249999,786.79052734375,-303.8399414062501,-292.8001464843751,-424.3711914062501,-82.08001098632815,282.23994140624995,78.98876953125
1763687070.4133139,5,2,2,-0.06551133498321211,-0.19362633878147376,-8.949491710619734,-0.016068426183060706,0.021709918306059586,-0.00176613181257545,427.6799560546874,-28.799963378906227,-6.195166015625091,464.6400085449219,447.84002075195315,689.9902832031248,235.6799560546874,648.4801269531249,810.0224609375,-311.0401367187501,-304.8001464843751,-439.8592285156251,-79.67998657226565,294.23994140624995,63.500732421875
1763687070.701925,5,2,2,-0.22389997248709947,-0.39144581207324997,-10.221925765258439,-0.024018962994990886,0.027989942835878807,-0.0020794091872276847,458.8800292968749,-16.799963378906227,-37.17124023437509,517.4400573730469,507.84002075195315,732.5825683593748,247.6799560546874,677.2799316406249,825.510498046875,-315.8399414062501,-328.8001464843751,-490.19522705078134,-70.08001098632815,303.84003906249995,48.0126953125
1763687071.1049376,5,2,2,-0.05911899607779752,-0.29831034595116085,-9.503588875443537,-0.0206095166483797,0.02107246272273385,-0.001974889397196208,456.4800048828124,-14.399999999999977,-33.29916992187509,510.24004516601565,505.43999633789065,744.1982910156248,242.87996826171866,682.0799804687499,821.638427734375,-315.8399414062501,-324.0000976562501,-490.19522705078134,-70.08001098632815,299.03999023437495,48.0126953125
1763687071.2120337,5,2,2,-0.07872121735180992,-0.2569283322334945,-9.409988548665321,-0.01791572327124725,0.02260141576969179,-0.0021674161888850857,449.2800537109374,-14.399999999999977,-37.17124023437509,510.24004516601565,505.43999633789065,732.5825683593748,247.6799560546874,679.6800781249999,821.638427734375,-313.4400390625001,-328.8001464843751,-486.3232177734376,-70.08001098632815,296.63996582031245,51.884765625
1763687071.304208,5,2,2,-0.06133370675828689,-0.3110158684296299,-9.182718965944252,-0.020125511772401124,0.02179745505977003,-0.0021695921750796814,461.2800537109374,-14.399999999999977,-41.04306640625009,512.6400085449219,510.24004516601565,732.5825683593748,242.87996826171866,682.0799804687499,813.89453125,-308.6399902343751,-326.4000000000001,-497.9391845703126,-70.08001098632815,296.63996582031245,44.140869140625
1763687071.4178998,5,2,2,-0.04987552822936578,-0.36345216012234244,-9.287803839112447,-0.021239258122482278,0.02111238050536987,-0.0018166941293951359,456.4800048828124,-14.399999999999977,-37.17124023437509,507.84002075195315,507.84002075195315,740.3262207031248,242.87996826171866,679.6800781249999,813.89453125,-313.4400390625001,-326.4000000000001,-490.19522705078134,-65.27999267578127,294.23994140624995,55.7568359375
1763687071.6050851,5,2,2,-0.0803728250469346,-0.24828663864201805,-9.119208356443496,-0.01706106163766579,0.020597352043417116,-0.001826458502789766,458.8800292968749,-16.799963378906227,-37.17124023437509,515.0400329589844,505.43999633789065,740.3262207031248,247.6799560546874,679.6800781249999,810.0224609375,-311.0401367187501,-326.4000000000001,-497.9391845703126,-72.48000488281252,299.03999023437495,55.7568359375
1763687071.815424,5,2,2,-0.053360742911187184,-0.23111500569056637,-9.035515790661728,-0.017051874352994077,0.019715205948933362,-0.0017983743067020688,458.8800292968749,-9.600012207031227,-41.04306640625009,515.0400329589844,507.84002075195315,736.4541503906248,245.27999267578116,677.2799316406249,821.638427734375,-311.0401367187501,-328.8001464843751,-486.3232177734376,-72.48000488281252,296.63996582031245,48.0126953125
1763687071.9068482,5,2,2,-0.006333830646557095,-0.19056972811109033,-9.032123039487844,-0.01570752756163102,0.019326429314001116,-0.0019515566258194912,456.4800048828124,-11.999975585937477,-37.17124023437509,512.6400085449219,505.43999633789065,736.4541503906248,247.6799560546874,684.4801269531249,825.510498046875,-311.0401367187501,-328.8001464843751,-494.06717529296884,-70.08001098632815,294.23994140624995,40.268798828125
1763687072.2021906,5,2,2,0.01925959204319523,-0.1688172454161987,-8.938146452822284,-0.013279884951823622,0.01680376118691724,-0.0013627129381855085,461.2800537109374,-16.799963378906227,-41.04306640625009,512.6400085449219,503.0400329589844,740.3262207031248,254.87996826171866,684.4801269531249,825.510498046875,-311.0401367187501,-328.8001464843751,-494.06717529296884,-70.08001098632815,299.03999023437495,48.0126953125
1763687072.3114967,5,2,2,0.036426920333000254,-0.14910670205741752,-8.988346657080758,-0.01313861037421779,0.016653067345021852,-0.001694615475980576,461.2800537109374,-14.399999999999977,-37.17124023437509,510.24004516601565,498.2399841308594,744.1982910156248,252.47994384765616,686.8800292968749,829.38232421875,-308.6399902343751,-328.8001464843751,-486.3232177734376,-72.48000488281252,296.63996582031245,44.140869140625
1763687072.405679,5,2,2,0.051275683545781325,-0.17973362140447766,-8.951174780592828,-0.012685452280091474,0.014484944412353169,-0.0017554094530311292,451.6799560546874,-14.399999999999977,-37.17124023437509,510.24004516601565,500.6400085449219,744.1982910156248,257.27999267578116,684.4801269531249,825.510498046875,-315.8399414062501,-328.8001464843751,-494.06717529296884,-72.48000488281252,301.44001464843745,44.140869140625
1763687072.5187042,5,2,2,0.009630526712799724,-0.14425995393786878,-8.94467269834032,-0.010903455685165733,0.016269410070930464,-0.0016696100634525663,454.0799804687499,-14.399999999999977,-37.17124023437509,512.6400085449219,503.0400329589844,755.8145019531248,257.27999267578116,684.4801269531249,829.38232421875,-311.0401367187501,-328.8001464843751,-494.06717529296884,-72.48000488281252,299.03999023437495,44.140869140625
1763687072.6097448,5,2,2,0.01114742949751725,-0.13471615380901358,-8.996029924525919,-0.01118050841147258,0.016246364576747278,-0.0018463830210707604,461.2800537109374,-14.399999999999977,-44.91513671875009,515.0400329589844,505.43999633789065,740.3262207031248,252.47994384765616,689.2799316406249,821.638427734375,-318.2400878906251,-326.4000000000001,-494.06717529296884,-72.48000488281252,301.44001464843745,40.268798828125
1763687072.7027955,5,2,2,0.015038820663545465,-0.17172705770917746,-8.838704847676937,-0.014120656169197218,0.016004475057702063,-0.001956221111889337,0,0,0,0,0,0,0,0,0,0,0,0,0,0,0
1763687072.809841,5,2,2,-0.014315948751866876,-0.15548049522969418,-8.800834929926378,-0.01313145070046983,0.016174072192661596,-0.0014705073721546001,454.0799804687499,-11.999975585937477,-41.04306640625009,512.6400085449219,503.0400329589844,744.1982910156248,254.87996826171866,686.8800292968749,825.510498046875,-311.0401367187501,-331.2000488281251,-494.06717529296884,-70.08001098632815,301.44001464843745,48.0126953125
1763687073.010817,5,2,2,0.061099943811725135,-0.20490315786405186,-8.792506245656721,-0.015037317764975678,0.015045194331506724,-0.002097637371903311,458.8800292968749,-14.399999999999977,-41.04306640625009,512.6400085449219,503.0400329589844,748.0703613281248,254.87996826171866,689.2799316406249,825.510498046875,-306.2400878906251,-331.2000488281251,-490.19522705078134,-70.08001098632815,299.03999023437495,44.140869140625
1763687073.1062713,5,2,2,0.05542319298393469,-0.1948708273770583,-8.677588883491044,-0.01560720605875926,0.016034764045653332,-0.0022942549398701165,458.8800292968749,-9.600012207031227,-41.04306640625009,512.6400085449219,505.43999633789065,744.1982910156248,252.47994384765616,686.8800292968749,821.638427734375,-313.4400390625001,-328.8001464843751,-497.9391845703126,-70.08001098632815,296.63996582031245,51.884765625
1763687073.1809363,5,2,2,0.029695367328474453,-0.1967072134486248,-8.87908605739255,-0.015659405735772257,0.015657250498123568,-0.001349876564747031,456.4800048828124,-11.999975585937477,-37.17124023437509,507.84002075195315,505.43999633789065,744.1982910156248,252.47994384765616,684.4801269531249,813.89453125,-308.6399902343751,-328.8001464843751,-494.06717529296884,-67.67998657226565,299.03999023437495,48.0126953125
1763687073.3079896,5,2,2,0.0682213274942324,-0.17656051277799864,-8.587409188031515,-0.014229211325731784,0.014170340199732836,-0.0019453831465912408,449.2800537109374,-9.600012207031227,-37.17124023437509,503.0400329589844,486.2399841308594,736.4541503906248,250.0799804687499,672.4801269531249,802.278564453125,-306.2400878906251,-321.5999511718751,-482.45120849609384,-65.27999267578127,301.44001464843745,48.0126953125
1763687073.4088511,5,2,2,0.11729420740276725,-0.15276311500477738,-8.177139277872895,-0.012865877733937919,0.010442911203238175,-0.0019524201240129506,437.2800537109374,-7.199987792968727,-29.42709960937509,493.4400573730469,474.2399841308594,717.0942871093748,240.47994384765616,658.0799804687499,802.278564453125,-303.8399414062501,-319.2000488281251,-463.09122314453134,-70.08001098632815,289.44001464843745,51.884765625
1763687073.5136573,5,2,2,-0.06081335831962684,-0.20453837825917648,-7.9592773425854375,-0.016529444045260112,0.021403699088398752,-0.001726288285330835,427.6799560546874,-2.3999999999999773,-13.939062500000091,476.6400085449219,450.2399841308594,701.6064941406248,233.2799316406249,643.6800781249999,782.91845703125,-294.2400878906251,-314.4000000000001,-443.7311767578126,-62.8799987792969,289.44001464843745,67.372802734375
1763687073.903879,5,2,2,0.5158434234059587,0.19218238360478113,-5.620867883896116,0.004414273025684794,-0.01177998640646988,-0.0008448093027600418,362.8800292968749,-14.399999999999977,28.65273437499991,387.84002075195315,335.0400329589844,612.5503417968748,202.0799804687499,564.4801269531249,713.222412109375,-267.8399414062501,-273.5999511718751,-343.0591796875001,-60.48000488281252,265.44001464843745,82.86083984375
1763687074.010385,5,2,2,0.4912195921400915,0.2121591667352777,-4.989607430814981,0.00659688282443625,-0.011364633909695401,-0.0011585761882755797,346.0799804687499,-16.799963378906227,51.88491210937491,366.24004516601565,289.43999633789065,573.8301269531248,192.4800048828124,523.6800781249999,682.246337890625,-251.0401367187501,-256.8001464843751,-304.3392089843751,-60.48000488281252,253.44001464843745,94.476806640625
1763687074.105449,5,2,2,0.5987552976490126,0.23623354002126173,-4.381861250947382,0.010767096584100458,-0.019838029403323423,-0.0007714720476083054,0,0,0,0,0,0,0,0,0,0,0,0,0,0,0
1763687074.1994245,5,2,2,0.5513241443771892,0.27273078190888067,-3.8262507690038956,0.006674594161957153,-0.01766355518992481,-0.0006715342005001821,293.2799316406249,-23.999975585937477,59.62880859374991,313.43999633789065,227.04000244140627,511.8784667968748,175.6799560546874,463.6800781249999,631.910400390625,-219.8399414062501,-225.5999511718751,-242.3871826171876,-58.08001098632815,239.03999023437495,90.604736328125
1763687074.307188,5,2,2,0.7371707879710659,0.40169155745898943,-3.3010914052202383,0.012987529295465264,-0.02305623181522657,-0.0007826187507669843,274.0799804687499,-21.600012207031227,71.24477539062491,289.43999633789065,203.04000244140627,477.0303222656248,156.4800048828124,439.6800781249999,593.1904296875,-207.8399414062501,-208.8001464843751,-223.0271972656251,-58.08001098632815,222.23994140624995,106.0927734375
1763687074.7281857,5,2,2,0.6344651425102562,0.3690755495721165,-1.7477446575318403,0.020327636674909548,-0.015037245141247343,-0.0002686281712012792,0,0,0,0,0,0,0,0,0,0,0,0,0,0,0
1763687074.804739,5,2,2,0.3646176304962468,0.4588370570549558,-1.4730454369186359,0.01339784653601972,-0.017674893098875624,-0.0007550689580742352,194.8800292968749,-38.39999999999998,78.98891601562491,205.43999633789065,109.43999633789065,349.2544433593748,125.27993164062491,319.6800781249999,473.158447265625,-157.4400390625001,-144.0000976562501,-137.84317626953134,-53.27999267578127,181.44001464843745,94.476806640625
1763687074.912835,5,2,2,0.7429907271131517,0.3054700371748278,-1.1689747672086162,0.01881814381883883,-0.015445005802366286,-0.0005326638685578954,156.4800048828124,-45.60001220703123,86.73281249999991,164.6400085449219,71.04000244140627,295.0464355468748,110.87990722656241,262.0799804687499,422.822509765625,-135.8399414062501,-112.80014648437509,-95.25119628906259,-55.67998657226565,162.23994140624995,75.11669921875
1763687075.006874,5,2,2,0.4972982688748081,0.3104427910472092,-1.0440569073680546,0.012986941794846532,-0.016306834610314506,-0.000981910500564123,158.8800292968749,-45.60001220703123,78.98891601562491,159.84002075195315,63.83999023437502,271.8145019531248,106.07998046874991,264.4801269531249,399.59033203125,-126.24008789062509,-96.00009765625009,-83.63522949218759,-50.8799987792969,152.63996582031245,78.98876953125
1763687075.3032916,5,2,2,0.5335641768942804,0.26331064641690743,-0.6130631206445595,0.012227766035213309,-0.014985272667696791,-0.0006706679018018201,118.07998046874991,-52.79996337890623,67.37294921874991,126.24001464843752,32.6400085449219,205.99028320312482,94.07998046874991,214.0799804687499,353.12646484375,-102.24008789062509,-72.00009765625009,-56.53122558593759,-58.08001098632815,131.03999023437495,59.62890625
1763687075.5063148,5,2,2,0.44087762447142465,0.22599490494964644,-0.3539870144574301,0.009413809651468388,-0.010720860784380285,-0.0014456915073693297,101.27993164062491,-67.19998779296873,63.50087890624991,107.04000244140627,23.040002441406273,175.01420898437482,89.27993164062491,185.2800537109374,329.89453125,-87.83994140625009,-52.80014648437509,-48.78720703125009,-62.8799987792969,126.23994140624995,59.62890625
1763687075.614636,5,2,2,0.5033554055051145,0.3045075953786658,-0.34303695897565933,0.011965703217140283,-0.015451282919578983,-0.0009698253699106554,94.07998046874991,-64.79996337890623,67.37294921874991,99.84002075195315,18.239984130859398,159.52641601562482,84.48000488281241,175.6799560546874,318.278564453125,-90.24008789062509,-45.59995117187509,-41.04318847656259,-60.48000488281252,114.23994140624995,48.0126953125
1763687075.7075005,5,2,2,0.43318778384399453,0.23934180602353566,-0.25337141490761567,0.009381286749497455,-0.010365999722644067,-0.0014109442981973057,0,0,0,0,0,0,0,0,0,0,0,0,0,0,0
1763687076.4997883,5,2,2,0.37283264123536114,0.21186705946025408,0.2249533083700156,0.007231328517713943,-0.006257923248070204,-0.0017930938047168395,46.07998046874991,-76.79996337890623,36.39687499999991,49.44002685546877,-8.160009765624977,70.47026367187482,62.87990722656241,101.28005371093741,236.966552734375,-56.63999023437509,-9.765625009094947e-05,-10.067236328125091,-62.8799987792969,87.84003906249995,20.90869140625
1763687076.9029002,5,2,2,0.23536624236594136,0.21802814628422587,0.24543700154380066,0.007258365272559125,-0.004140687500756605,-0.0014722520637065251,34.07998046874991,-71.99997558593748,36.39687499999991,37.44002685546877,1.4399963378906477,66.59843749999982,58.07998046874991,82.07998046874991,221.478515625,-54.24008789062509,-9.765625009094947e-05,-13.939184570312591,-58.08001098632815,85.44001464843745,9.292724609375
1763687077.4037423,5,2,2,0.39821005067737697,-0.026579699031103896,0.25839460673281855,0.0005439539891450365,0.0011366045513429414,-0.0013970059635445705,34.07998046874991,-69.60001220703123,24.78090820312491,47.04000244140627,6.239984130859398,58.85429687499982,50.87990722656241,77.28005371093741,202.118408203125,-54.24008789062509,4.799951171874909,-29.42722167968759,-48.48000488281252,80.63996582031245,17.036865234375
1763687078.1114151,5,2,2,0.1461452312997858,0.05148330325602309,0.2149678020259512,0.00011136981167241596,0.003277637949829995,-0.0012630566684358627,31.67995605468741,-69.60001220703123,32.52480468749991,39.84002075195315,3.8399902343750227,47.23833007812482,48.48000488281241,62.88002929687491,186.63037109375,-49.44003906250009,16.79995117187491,-17.81125488281259,-53.27999267578127,73.44001464843745,9.292724609375
1763687078.3099148,5,2,2,0.15768585890243927,0.08215710436848174,0.24601233330347794,-0.0003125728948377201,0.003921621011825269,-0.001569163949953945,34.07998046874991,-69.60001220703123,24.78090820312491,39.84002075195315,6.239984130859398,51.11040039062482,46.07998046874991,65.28005371093741,182.758544921875,-47.04013671875009,11.999902343749909,-21.68320312500009,-50.8799987792969,75.84003906249995,9.292724609375
1763687078.403875,5,2,2,0.15025882648826788,0.055017910736939624,0.2432376103313362,-0.000867455467784964,0.004537767891111576,-0.0011791074662673728,29.27993164062491,-67.19998779296873,32.52480468749991,35.04000244140627,6.239984130859398,47.23833007812482,48.48000488281241,62.88002929687491,182.758544921875,-44.63999023437509,16.79995117187491,-25.55515136718759,-53.27999267578127,71.03999023437495,5.4208984375
1763687078.6213486,5,2,2,0.13865800684872343,0.06130877531320604,0.21325733320183113,-0.00016222721778576124,0.004462061666219462,-0.0014999693062402275,29.27993164062491,-69.60001220703123,24.78090820312491,37.44002685546877,6.239984130859398,35.62236328124982,46.07998046874991,58.07998046874991,175.014404296875,-44.63999023437509,19.19985351562491,-21.68320312500009,-50.8799987792969,68.63996582031245,5.4208984375
1763687079.321021,5,2,2,0.14750905188235638,0.057778198835440456,0.2972794716928595,-0.0001582042310315176,0.004020340637211417,-0.0013915915929456006,0,0,0,0,0,0,0,0,0,0,0,0,0,0,0
1763687079.5117188,5,2,2,0.16526006935098594,0.047366377872752656,0.26208029276980976,-0.00042068963355250486,0.00395610696399981,-0.0014826906552431163,22.07998046874991,-67.19998779296873,20.90883789062491,30.240014648437523,-0.9599975585937273,35.62236328124982,41.27993164062491,48.48000488281241,171.142333984375,-42.24008789062509,19.19985351562491,-17.81125488281259,-48.48000488281252,59.039990234374955,1.548828125
1763687080.0116744,5,2,2,0.14748225736864254,0.058794506533216814,0.21314815091616357,-0.00016826181367551093,0.0038202706702903993,-0.0011872760858026021,17.27993164062491,-71.99997558593748,20.90883789062491,27.840020751953148,3.8399902343750227,24.006396484374818,43.67995605468741,43.67995605468741,159.5263671875,-35.04013671875009,26.40004882812491,-17.81125488281259,-53.27999267578127,63.840039062499955,-6.195068359375
1763687080.3074286,5,2,2,0.15546730631152125,0.07412495752279441,0.2476538317040509,0.00013751979575162736,0.0036635293043854773,-0.0011750392246018349,19.67995605468741,-69.60001220703123,17.03676757812491,25.439996337890648,1.4399963378906477,24.006396484374818,46.07998046874991,41.28005371093741,151.782470703125,-37.44003906250009,26.40004882812491,-25.55515136718759,-55.67998657226565,63.840039062499955,-6.195068359375
1763687080.5118604,5,2,2,0.1819925243872576,0.060267940637203116,0.24601809781795317,-0.0001356712482907911,0.00315239747010389,-0.001175857894725937,12.480004882812409,-67.19998779296873,13.164941406249909,27.840020751953148,1.4399963378906477,31.750292968749818,43.67995605468741,41.28005371093741,155.654541015625,-35.04013671875009,26.40004882812491,-13.939184570312591,-48.48000488281252,61.440014648437455,-10.067138671875
1763687081.6124666,5,2,2,0.18406947086822095,0.06687971674116622,0.2604969499648411,-0.0005902125199022746,0.0037847303346381913,-0.0013294885874691655,10.079980468749909,-64.79996337890623,20.90883789062491,23.040002441406273,3.8399902343750227,16.262255859374818,43.67995605468741,34.07998046874991,147.910400390625,-35.04013671875009,28.79995117187491,-25.55515136718759,-46.08001098632815,59.039990234374955,-17.811279296875
1763687081.842624,5,2,2,0.1558504925170545,0.04198871720851922,0.28005222582345085,-0.00030339234526023315,0.0041415095900336416,-0.001866103397406111,10.079980468749909,-69.60001220703123,9.292871093749909,18.240014648437523,3.8399902343750227,16.262255859374818,50.87990722656241,31.67995605468741,147.910400390625,-30.24008789062509,28.79995117187491,-21.68320312500009,-46.08001098632815,59.039990234374955,-10.067138671875
1763687082.0306911,5,2,2,0.18432498333643546,0.07915736141213281,0.2108810609949662,-0.0004982687307180499,0.003213220543363206,-0.0012698357064001155,10.079980468749909,-67.19998779296873,13.164941406249909,20.640008544921898,1.4399963378906477,8.518359374999818,43.67995605468741,31.67995605468741,147.910400390625,-25.44003906250009,31.19985351562491,-17.81125488281259,-46.08001098632815,56.639965820312455,-13.939208984375
1763687082.208133,5,2,2,0.17329598679843136,0.08263490297011661,0.2464814579097548,3.6011672709879844e-05,0.003789436867630067,-0.0013330829441734696,14.880029296874909,-64.79996337890623,9.292871093749909,20.640008544921898,3.8399902343750227,8.518359374999818,38.87990722656241,26.88002929687491,147.910400390625,-30.24008789062509,26.40004882812491,-21.68320312500009,-46.08001098632815,59.039990234374955,-13.939208984375
1763687082.5009458,5,2,2,0.17388170310793588,0.06138925712152504,0.2955876035620278,-0.0002961359182090842,0.0040718698579083785,-0.001471430545408246,0,0,0,0,0,0,0,0,0,0,0,0,0,0,0
1763687082.7071671,5,2,2,0.14610777937026836,0.06967822404899206,0.2319531374546419,0.0002594881300216514,0.0036540390956117793,-0.0013360391382736749,10.079980468749909,-69.60001220703123,1.548730468749909,18.240014648437523,-0.9599975585937273,12.390429687499818,43.67995605468741,29.28005371093741,132.42236328125,-30.24008789062509,31.19985351562491,-17.81125488281259,-48.48000488281252,56.639965820312455,-17.811279296875
1763687082.9069939,5,2,2,0.1545878936558723,0.054852990104173424,0.2312565541983275,0.00014024040336977402,0.0035820365521745364,-0.0013355684566112456,5.279931640624909,-67.19998779296873,13.164941406249909,18.240014648437523,-0.9599975585937273,12.390429687499818,46.07998046874991,26.88002929687491,132.42236328125,-27.83994140625009,31.19985351562491,-10.067236328125091,-46.08001098632815,54.239941406249955,-17.811279296875
1763687083.2015324,5,2,2,0.16336575870796732,0.09829880664632436,0.26606134232567663,0.000493644467555759,0.0037010394289879044,-0.0017945231006162071,7.679956054687409,-62.39999999999998,9.292871093749909,13.439996337890648,1.4399963378906477,4.646289062499818,46.07998046874991,24.48000488281241,132.42236328125,-32.63999023437509,38.40004882812491,-21.68320312500009,-46.08001098632815,49.440014648437455,-13.939208984375
1763687083.5126638,5,2,2,0.138707628130306,0.01409498023808921,0.26298549063462345,-0.0005246897213598118,0.0039082493472568335,-0.0014015816227769535,5.279931640624909,-64.79996337890623,9.292871093749909,15.840020751953148,-3.3599914550781023,0.7744628906248181,41.27993164062491,24.48000488281241,132.42236328125,-27.83994140625009,33.59999999999991,-13.939184570312591,-43.67998657226565,49.440014648437455,-17.811279296875
1763687083.6073093,5,2,2,0.1739708421436926,0.08213955735781595,0.21206586413894238,-0.00014708588865302913,0.003870504086077757,-0.0013461192040203772,5.279931640624909,-62.39999999999998,1.548730468749909,15.840020751953148,1.4399963378906477,-3.097607421875182,46.07998046874991,24.48000488281241,128.550537109375,-23.04013671875009,28.79995117187491,-17.81125488281259,-48.48000488281252,59.039990234374955,-13.939208984375
1763687083.9075396,5,2,2,0.155710610263276,0.05115489790111366,0.21298455512742723,-0.00025469648526928526,0.004323672361489439,-0.00204697678230121,5.279931640624909,-64.79996337890623,5.420800781249909,20.640008544921898,-0.9599975585937273,4.646289062499818,43.67995605468741,24.48000488281241,128.550537109375,-27.83994140625009,31.19985351562491,-13.939184570312591,-48.48000488281252,54.239941406249955,-21.68310546875
1763687084.3249388,5,2,2,0.15670311065979847,0.062276992354838356,0.21231818256082874,-0.0003161705353160742,0.004022932375300804,-0.0015012586578776635,5.279931640624909,-64.79996337890623,5.420800781249909,15.840020751953148,-5.760015869140602,0.7744628906248181,43.67995605468741,19.67995605468741,124.678466796875,-20.63999023437509,35.99990234374991,-25.55515136718759,-46.08001098632815,51.840039062499955,-17.811279296875
1763687084.8110616,5,2,2,0.14867897257003396,0.02712716826824537,0.22766161388138206,-0.0007663311286058164,0.004186146678155301,-0.0014163940324893908,-1.920019531250091,-69.60001220703123,9.292871093749909,13.439996337890648,-5.760015869140602,4.646289062499818,43.67995605468741,19.67995605468741,128.550537109375,-20.63999023437509,38.40004882812491,-17.81125488281259,-41.27999267578127,51.840039062499955,-25.55517578125
1763687084.9039772,5,2,2,0.14641118869714972,0.03717124121325042,0.2465438512591906,-0.00017466083270648285,0.004307911909965429,-0.00132972411356862,2.880029296874909,-67.19998779296873,1.548730468749909,15.840020751953148,-3.3599914550781023,0.7744628906248181,43.67995605468741,19.67995605468741,116.934326171875,-25.44003906250009,33.59999999999991,-13.939184570312591,-41.27999267578127,51.840039062499955,-17.811279296875
1763687085.3113518,5,2,2,0.16303258322742584,0.06709939555220729,0.2816504261285709,0.00024072339870138178,0.004082407983540689,-0.0017872313243235917,7.679956054687409,-67.19998779296873,1.548730468749909,15.840020751953148,1.4399963378906477,0.7744628906248181,43.67995605468741,12.480004882812409,124.678466796875,-20.63999023437509,35.99990234374991,-13.939184570312591,-43.67998657226565,51.840039062499955,-21.68310546875
1763687085.714684,5,2,2,0.13108336777202984,0.04795477957987522,0.280590158485849,-0.00042124402837697165,0.004068656230105188,-0.0017104677455897792,0.48000488281240905,-64.79996337890623,1.548730468749909,13.439996337890648,1.4399963378906477,0.7744628906248181,43.67995605468741,7.679956054687409,116.934326171875,-20.63999023437509,43.19985351562491,-10.067236328125091,-43.67998657226565,49.440014648437455,-25.55517578125
1763687086.4051707,5,2,2,0.14675735213147872,0.058358924979896434,0.28123637199828533,1.0164701873292131e-05,0.003934096286628701,-0.0013966526541108418,-1.920019531250091,-62.39999999999998,1.548730468749909,11.040002441406273,-0.9599975585937273,-6.969677734375182,38.87990722656241,12.480004882812409,109.1904296875,-20.63999023437509,38.40004882812491,-13.939184570312591,-46.08001098632815,49.440014648437455,-25.55517578125
1763687086.7160683,5,2,2,0.18814302557586857,0.05443715143247466,0.2981317827864701,0.0003255395618474593,0.0034005087866052575,-0.0015456024590359326,2.880029296874909,-64.79996337890623,1.548730468749909,11.040002441406273,-0.9599975585937273,0.7744628906248181,38.87990722656241,12.480004882812409,113.0625,-13.440039062500091,40.79995117187491,-21.68320312500009,-38.8799987792969,49.440014648437455,-29.42724609375
1763687087.910614,5,2,2,0.17190770223953625,0.08452320086778152,0.2314367282259554,0.00038560849957022976,0.0034306882572672512,-0.0013371672539333895,-6.720068359375091,-62.39999999999998,-2.323095703125091,13.439996337890648,3.8399902343750227,-18.585644531250182,41.27993164062491,5.280053710937409,113.0625,-13.440039062500091,43.19985351562491,-13.939184570312591,-41.27999267578127,44.639965820312455,-29.42724609375
1763687088.143738,5,2,2,0.17242956209550048,0.05335120823083859,0.2803657849489268,-2.936325380846136e-05,0.0037154970466064686,-0.0015532489406577324,0.48000488281240905,-62.39999999999998,-6.195166015625091,13.439996337890648,1.4399963378906477,-6.969677734375182,36.48000488281241,7.679956054687409,105.318359375,-18.24008789062509,38.40004882812491,-13.939184570312591,-38.8799987792969,44.639965820312455,-21.68310546875
1763687088.3022823,5,2,2,0.1387723031883569,0.04302847398004505,0.24673069121411706,-0.00029561690760090877,0.00409083765255969,-0.0014088895153900856,-1.920019531250091,-64.79996337890623,-2.323095703125091,8.640008544921898,1.4399963378906477,-14.713574218750182,38.87990722656241,10.079980468749909,109.1904296875,-11.040136718750091,40.79995117187491,-17.81125488281259,-38.8799987792969,44.639965820312455,-29.42724609375
1763687088.7086194,5,2,2,0.15687923622606292,0.045046319229697,0.21186350972599494,-0.00043834846616463237,0.003453359733384455,-0.0009532937024240996,-4.320043945312591,-64.79996337890623,1.548730468749909,8.640008544921898,3.8399902343750227,-10.841748046875182,41.27993164062491,7.679956054687409,109.1904296875,-13.440039062500091,40.79995117187491,-10.067236328125091,-36.48000488281252,47.039990234374955,-33.299072265625
1763687089.3156137,5,2,2,0.16308263311707566,0.068030322715789,0.24797779882427812,0.0002453944445421222,0.0038875151487585908,-0.001564818496009982,-1.920019531250091,-62.39999999999998,-6.195166015625091,8.640008544921898,-0.9599975585937273,-14.713574218750182,41.27993164062491,7.679956054687409,113.0625,-13.440039062500091,43.19985351562491,-13.939184570312591,-41.27999267578127,47.039990234374955,-21.68310546875
1763687089.6209793,5,2,2,0.1811521142332988,0.08824308873022643,0.23009595278439443,0.0002507812040807712,0.0036264383753614156,-0.0011822051529158,0,0,0,0,0,0,0,0,0,0,0,0,0,0,0
1763687089.916643,5,2,2,0.17477380038415521,0.07235933004367295,0.2449733446112013,-0.00038542002293359126,0.0037728643265826783,-0.0014127544156937596,-4.320043945312591,-64.79996337890623,-2.323095703125091,6.240014648437523,-0.9599975585937273,-10.841748046875182,41.27993164062491,5.280053710937409,101.446533203125,-13.440039062500091,43.19985351562491,-10.067236328125091,-43.67998657226565,42.239941406249955,-29.42724609375
1763687091.1072404,5,2,2,0.18992713347094053,0.10380503971063379,0.24722750948914182,0.0003863242132908008,0.0033645043186058734,-0.0011769667391445448,-6.720068359375091,-67.19998779296873,-2.323095703125091,6.240014648437523,-0.9599975585937273,-14.713574218750182,41.27993164062491,2.880029296874909,105.318359375,-13.440039062500091,47.99990234374991,-13.939184570312591,-38.8799987792969,44.639965820312455,-33.299072265625
1763687091.6207173,5,2,2,0.18252780082968556,0.06722894288896814,0.26182797434842553,-0.0002516049867817456,0.003803678674820109,-0.0013275512013539298,-4.320043945312591,-62.39999999999998,-2.323095703125091,6.240014648437523,1.4399963378906477,-26.329541015625182,43.67995605468741,7.679956054687409,105.318359375,-13.440039062500091,47.99990234374991,-10.067236328125091,-41.27999267578127,44.639965820312455,-29.42724609375
1763687092.10806,5,2,2,0.19122679428456213,0.10188342133802428,0.2120689492560433,1.545804493537214e-05,0.0037215315902487554,-0.0014254520869162006,0,0,0,0,0,0,0,0,0,0,0,0,0,0,0
1763687093.217782,5,2,2,0.18152140723206936,0.07453917129316164,0.2789688752783576,-2.893119237177503e-05,0.004473908219604927,-0.0014773071219329563,-6.720068359375091,-59.99997558593748,-6.195166015625091,1.4399963378906477,-0.9599975585937273,-18.585644531250182,36.48000488281241,-4.320043945312591,97.574462890625,-11.040136718750091,45.59999999999991,-13.939184570312591,-41.27999267578127,39.840039062499955,-29.42724609375
1763687093.5294797,5,2,2,0.15522650567158733,0.062422136946382226,0.26436330395000474,3.062491308817488e-05,0.004050513641122511,-0.0017156962874840165,-9.119970703125091,-67.19998779296873,-2.323095703125091,6.240014648437523,-3.3599914550781023,-14.713574218750182,36.48000488281241,-1.920019531250091,97.574462890625,-8.639990234375091,43.19985351562491,-13.939184570312591,-43.67998657226565,42.239941406249955,-33.299072265625
1763687093.9081314,5,2,2,0.16663252011305144,0.02760594178679265,0.20917018647594138,-0.000920051980905352,0.003926365709735799,-0.0009547765237081287,-1.920019531250091,-59.99997558593748,-10.067236328125091,3.8400207519531477,1.4399963378906477,-26.329541015625182,41.27993164062491,-1.920019531250091,93.702392578125,-13.440039062500091,43.19985351562491,-10.067236328125091,-41.27999267578127,39.840039062499955,-33.299072265625
1763687094.7152696,5,2,2,0.189337323543056,0.043030669876809244,0.21157122957186136,-0.00012325725830699156,0.0037443673454146363,-0.001186502203624258,-6.720068359375091,-64.79996337890623,-6.195166015625091,3.8400207519531477,1.4399963378906477,-18.585644531250182,38.87990722656241,0.48000488281240905,97.574462890625,-11.040136718750091,47.99990234374991,-13.939184570312591,-41.27999267578127,42.239941406249955,-33.299072265625
1763687096.3173454,5,2,2,0.13577637827831202,0.05389067511551037,0.24905902182535522,0.0004775037471280211,0.004119446946805307,-0.0008583359846279583,-13.920019531250091,-62.39999999999998,-10.067236328125091,3.8400207519531477,-3.3599914550781023,-26.329541015625182,38.87990722656241,-4.320043945312591,89.83056640625,-13.440039062500091,47.99990234374991,-17.81125488281259,-38.8799987792969,42.239941406249955,-37.171142578125
1763687096.6398394,5,2,2,0.1546004916188883,0.07397883805764381,0.21456926232770973,0.0002930297673582184,0.003763544863126915,-0.0011861380983301992,-9.119970703125091,-64.79996337890623,-10.067236328125091,6.240014648437523,1.4399963378906477,-22.457714843750182,36.48000488281241,0.48000488281240905,89.83056640625,-13.440039062500091,45.59999999999991,-13.939184570312591,-38.8799987792969,37.440014648437455,-33.299072265625
1763687101.0544238,5,2,2,0.18092430156718464,0.06652854084779614,0.29708702958030786,7.579078727240401e-05,0.004020975643133516,-0.001782498980145159,-9.119970703125091,-62.39999999999998,-17.81113281250009,6.240014648437523,-0.9599975585937273,-26.329541015625182,34.07998046874991,-1.920019531250091,85.95849609375,-6.240087890625091,43.19985351562491,-13.939184570312591,-38.8799987792969,35.039990234374955,-37.171142578125
1763687102.6670203,5,2,2,0.18246394437706254,0.057302596105045324,0.2616508854380895,-0.00033442914939690394,0.0038060544739812576,-0.001405285286797511,-11.519995117187591,-59.99997558593748,-13.939062500000091,1.4399963378906477,-5.760015869140602,-30.201611328125182,38.87990722656241,-6.719946289062591,74.342529296875,-6.240087890625091,45.59999999999991,-10.067236328125091,-31.679986572265648,37.440014648437455,-37.171142578125
1763687106.8332849,5,2,2,0.16940886986529657,0.07410643564994832,0.23266791455922478,0.00080531222181852,0.0037400092032942363,-0.001177530981947314,-16.32004394531259,-59.99997558593748,-17.81113281250009,1.4399963378906477,1.4399963378906477,-34.07368164062518,38.87990722656241,-9.119970703125091,70.470458984375,-6.240087890625091,50.40004882812491,-13.939184570312591,-36.48000488281252,32.639965820312455,-37.171142578125
1763687114.6263661,5,2,2,0.19393666108511978,0.06029661324609544,0.22430808832587737,-0.0009844208264025056,0.004060467677073337,-0.0010308244952424493,-16.32004394531259,-59.99997558593748,-10.067236328125091,-0.9599975585937273,-0.9599975585937273,-30.201611328125182,34.07998046874991,-16.32004394531259,70.470458984375,-1.440039062500091,52.79995117187491,-13.939184570312591,-38.8799987792969,30.239941406249955,-37.171142578125
1763687115.8138597,5,2,2,0.19094285003377198,0.05260779051327194,0.21041729408917015,-0.0003790406287132622,0.0037230432060208077,-0.0011107055042988915,-13.920019531250091,-59.99997558593748,-13.939062500000091,-3.3599914550781023,-5.760015869140602,-34.07368164062518,34.07998046874991,-16.32004394531259,66.598388671875,0.959863281249909,50.40004882812491,-13.939184570312591,-34.08001098632815,32.639965820312455,-41.043212890625
1763687118.5299876,5,2,2,0.17581674011800666,0.06829049531858414,0.20889366528246578,-0.0007735937336641216,0.004690392664560191,-0.001426783543611601,-16.32004394531259,-59.99997558593748,-21.68320312500009,-0.9599975585937273,-0.9599975585937273,-34.07368164062518,36.48000488281241,-18.71994628906259,74.342529296875,-1.440039062500091,52.79995117187491,-6.195166015625091,-38.8799987792969,30.239941406249955,-37.171142578125
1763687120.0267076,5,2,2,0.17278302129154022,0.021775152560228102,0.26128387145581,-0.00045884117082868776,0.004174477026390752,-0.0013245210879103068,-16.32004394531259,-57.60001220703123,-17.81113281250009,-3.3599914550781023,-5.760015869140602,-37.94575195312518,31.67995605468741,-16.32004394531259,62.7265625,-1.440039062500091,52.79995117187491,-13.939184570312591,-36.48000488281252,32.639965820312455,-44.915283203125
1763687122.422393,5,2,2,0.19249832665375308,0.06125398397717638,0.24293598593157278,-0.0006394950450909162,0.003896611901369098,-0.0012573216330243845,-16.32004394531259,-59.99997558593748,-21.68320312500009,-5.759985351562477,-0.9599975585937273,-37.94575195312518,31.67995605468741,-18.71994628906259,70.470458984375,3.360009765624909,50.40004882812491,-13.939184570312591,-38.8799987792969,32.639965820312455,-44.915283203125
1763687127.6140246,5,2,2,0.19897997610202542,0.0777458872599189,0.24535546732224361,3.0244302272326544e-06,0.003567381834246044,-0.0012552068942242854,-18.72006835937509,-55.19998779296873,-10.067236328125091,1.4399963378906477,-3.3599914550781023,-37.94575195312518,36.48000488281241,-16.32004394531259,66.598388671875,-1.440039062500091,55.19985351562491,-2.323217773437591,-36.48000488281252,30.239941406249955,-41.043212890625
1763687128.9112484,5,2,2,0.18996212901690815,0.04160439708749137,0.210828263115177,-0.00031102586553283414,0.004020327398493617,-0.0014219512915653592,0,0,0,0,0,0,0,0,0,0,0,0,0,0,0
1763687129.409752,5,2,2,0.18304724345709017,0.05631780693890849,0.20968301490581046,-0.00051730424574053,0.004066470014928027,-0.0009554146862204425,-18.72006835937509,-62.39999999999998,-25.55502929687509,-0.9599975585937273,-10.560003662109352,-30.201611328125182,34.07998046874991,-18.71994628906259,66.598388671875,0.959863281249909,52.79995117187491,-6.195166015625091,-36.48000488281252,27.840039062499955,-41.043212890625
1763687129.8178813,5,2,2,0.17388049449964665,0.07151968545751727,0.24505059546722976,-0.00022149967091807847,0.004060861133201488,-0.0011773214444194373,-18.72006835937509,-57.60001220703123,-13.939062500000091,-5.759985351562477,-8.160009765624977,-34.07368164062518,36.48000488281241,-16.32004394531259,62.7265625,-1.440039062500091,50.40004882812491,-10.067236328125091,-34.08001098632815,30.239941406249955,-44.915283203125
1763687130.411686,5,2,2,0.1961744594143606,0.036823236086432856,0.22901391723436387,0.0001613967035705953,0.004070090086984421,-0.001334810691208295,-16.32004394531259,-55.19998779296873,-17.81113281250009,-3.3599914550781023,-8.160009765624977,-34.07368164062518,34.07998046874991,-16.32004394531259,62.7265625,0.959863281249909,52.79995117187491,-17.81125488281259,-36.48000488281252,25.440014648437455,-41.043212890625
1763687130.7255874,5,2,2,0.1662883838975231,0.01529497659304262,0.20858278552366066,-0.0010332651119524866,0.004496154162071929,-0.001266999062381471,-18.72006835937509,-59.99997558593748,-17.81113281250009,-3.3599914550781023,-10.560003662109352,-37.94575195312518,34.07998046874991,-23.51999511718759,70.470458984375,0.959863281249909,52.79995117187491,-2.323217773437591,-36.48000488281252,27.840039062499955,-44.915283203125
1763687130.8267484,5,2,2,0.1917839921534598,0.07106753177988108,0.26023179538632407,-0.0003798915693039016,0.003995972999683041,-0.0009381167639178277,-11.519995117187591,-57.60001220703123,-17.81113281250009,-3.3599914550781023,-3.3599914550781023,-34.07368164062518,31.67995605468741,-16.32004394531259,62.7265625,5.759912109374909,52.79995117187491,-10.067236328125091,-36.48000488281252,30.239941406249955,-48.787109375
1763687131.423125,5,2,2,0.18069286307504334,0.07520527797011933,0.21246708212802545,0.00012470911220591055,0.0043824867368374406,-0.001500465504106373,0,0,0,0,0,0,0,0,0,0,0,0,0,0,0
1763687131.6363764,5,2,2,0.18534264048675422,0.06426457323328857,0.25850021000502116,-0.0009526683083506708,0.004329738854370034,-0.001331442090259953,-18.72006835937509,-55.19998779296873,-21.68320312500009,-5.759985351562477,-0.9599975585937273,-34.07368164062518,34.07998046874991,-21.11997070312509,58.8544921875,3.360009765624909,55.19985351562491,-10.067236328125091,-34.08001098632815,30.239941406249955,-44.915283203125
1763687132.2198725,5,2,2,0.1823488294348874,0.0565757504959196,0.24460941575015993,-0.0003472881105936725,0.0039923143832189785,-0.0014113230993624513,-13.920019531250091,-59.99997558593748,-17.81113281250009,-0.9599975585937273,-8.160009765624977,-34.07368164062518,36.48000488281241,-16.32004394531259,58.8544921875,3.360009765624909,52.79995117187491,-10.067236328125091,-34.08001098632815,25.440014648437455,-44.915283203125
1763687132.519804,5,2,2,0.19407744860070458,0.042709837043197654,0.2246196260831903,-0.0011262208964375798,0.0035012624154842848,-0.001186276549414199,-16.32004394531259,-57.60001220703123,-21.68320312500009,-8.159979248046852,-5.760015869140602,-41.81757812500018,34.07998046874991,-18.71994628906259,66.598388671875,0.959863281249909,47.99990234374991,-10.067236328125091,-34.08001098632815,30.239941406249955,-33.299072265625
1763687133.2110093,5,2,2,0.17382639014952245,0.05283532112197661,0.21051298325418666,-0.0003693955240256434,0.0038638083100716847,-0.0006414321144656537,0,0,0,0,0,0,0,0,0,0,0,0,0,0,0
1763687133.6166217,5,2,2,0.19018139818669932,0.06194653421572472,0.22873471769776427,-0.0001456000052738743,0.0038362274776809315,-0.0017293899813285503,-16.32004394531259,-55.19998779296873,-21.68320312500009,1.4399963378906477,-3.3599914550781023,-37.94575195312518,34.07998046874991,-16.32004394531259,66.598388671875,0.959863281249909,52.79995117187491,-10.067236328125091,-29.279992675781273,30.239941406249955,-37.171142578125
1763687135.12388,5,2,2,0.19926957881962928,0.03624348483024765,0.22609646492694893,-0.0005092776492084234,0.004028737613341228,-0.0011042131269455673,-18.72006835937509,-59.99997558593748,-17.81113281250009,-3.3599914550781023,-5.760015869140602,-37.94575195312518,29.27993164062491,-16.32004394531259,66.598388671875,-3.839941406250091,52.79995117187491,-10.067236328125091,-36.48000488281252,30.239941406249955,-37.171142578125
1763687135.71511,5,2,2,0.19039406985795554,0.047957254764550136,0.20934126646415022,-0.0004332778521743681,0.004854412718679429,-0.0013452100741537544,-21.11997070312509,-59.99997558593748,-21.68320312500009,-0.9599975585937273,-5.760015869140602,-37.94575195312518,34.07998046874991,-18.71994628906259,66.598388671875,3.360009765624909,57.59999999999991,-10.067236328125091,-31.679986572265648,30.239941406249955,-41.043212890625
1763687135.917262,5,2,2,0.19203622962538114,0.020332307684830124,0.20763388384802156,-0.0009834281916792803,0.00427172332977044,-0.0011113889270336148,-18.72006835937509,-62.39999999999998,-17.81113281250009,-5.759985351562477,-5.760015869140602,-37.94575195312518,29.27993164062491,-18.71994628906259,58.8544921875,-1.440039062500091,52.79995117187491,-6.195166015625091,-34.08001098632815,27.840039062499955,-41.043212890625
1763687136.2162156,5,2,2,0.1482229963689325,0.07710222630267412,0.2130147658174631,-0.0001969228086417642,0.004094934918783856,-0.0015017293395882577,-16.32004394531259,-62.39999999999998,-21.68320312500009,-3.3599914550781023,-5.760015869140602,-41.81757812500018,36.48000488281241,-18.71994628906259,58.8544921875,0.959863281249909,50.40004882812491,-6.195166015625091,-31.679986572265648,25.440014648437455,-44.915283203125
1763687138.2120783,5,2,2,0.17364944599461402,0.05105884731512021,0.22739954442346744,-0.00039346624417745156,0.004248416847339027,-0.0011043550913036359,-21.11997070312509,-57.60001220703123,-21.68320312500009,-3.3599914550781023,3.8399902343750227,-45.68964843750018,34.07998046874991,-23.51999511718759,62.7265625,0.959863281249909,55.19985351562491,-10.067236328125091,-29.279992675781273,30.239941406249955,-37.171142578125
1763687138.7164893,5,2,2,0.18784691199488052,0.034180394844241915,0.2297666347432027,0.00014538507316570618,0.0035794315755736817,-0.0012562610904247999,-18.72006835937509,-59.99997558593748,-17.81113281250009,-5.759985351562477,-5.760015869140602,-37.94575195312518,31.67995605468741,-21.11997070312509,54.982421875,3.360009765624909,50.40004882812491,-13.939184570312591,-31.679986572265648,27.840039062499955,-48.787109375
1763687139.7257428,5,2,2,0.19066377889414993,0.0400927437648984,0.26054399012633733,-0.0004840658444491947,0.004301464583796653,-0.0016393030586047605,-16.32004394531259,-52.79996337890623,-17.81113281250009,-3.3599914550781023,-3.3599914550781023,-37.94575195312518,34.07998046874991,-21.11997070312509,62.7265625,3.360009765624909,55.19985351562491,-6.195166015625091,-34.08001098632815,27.840039062499955,-44.915283203125
1763687139.92542,5,2,2,0.20182130695981887,0.07547504272643593,0.20886588271243164,-0.0007064492714391954,0.003905460765593758,-0.0015056296281408038,-13.920019531250091,-59.99997558593748,-17.81113281250009,-3.3599914550781023,-3.3599914550781023,-34.07368164062518,34.07998046874991,-23.51999511718759,58.8544921875,-1.440039062500091,52.79995117187491,-2.323217773437591,-31.679986572265648,32.639965820312455,-37.171142578125
1763687140.0322876,5,2,2,0.15561733015551457,0.04007890294961563,0.278620299608269,-0.0003076184610267675,0.004695099069385873,-0.0011627025039801242,-23.51999511718759,-59.99997558593748,-17.81113281250009,-3.3599914550781023,-3.3599914550781023,-37.94575195312518,34.07998046874991,-25.92001953125009,66.598388671875,3.360009765624909,52.79995117187491,-6.195166015625091,-38.8799987792969,27.840039062499955,-41.043212890625
1763687140.3310182,5,2,2,0.18243917708139948,0.06719562239762655,0.2116246844218476,-0.0002728743283171879,0.0038019573360742196,-0.0015801208589859219,-23.51999511718759,-52.79996337890623,-17.81113281250009,-3.3599914550781023,-3.3599914550781023,-30.201611328125182,36.48000488281241,-23.51999511718759,54.982421875,5.759912109374909,52.79995117187491,-10.067236328125091,-34.08001098632815,30.239941406249955,-41.043212890625
1763687140.5326684,5,2,2,0.17368974375976778,0.06074779204481383,0.22808744041117568,-0.0003237235077736657,0.004252952634973376,-0.0014955656789840896,-23.51999511718759,-62.39999999999998,-21.68320312500009,-3.3599914550781023,-5.760015869140602,-41.81757812500018,31.67995605468741,-18.71994628906259,58.8544921875,5.759912109374909,55.19985351562491,-6.195166015625091,-29.279992675781273,30.239941406249955,-44.915283203125
1763687140.6423073,5,2,2,0.13168129205457135,0.07497255697497639,0.24604011585265795,-0.0003797173569482135,0.004706552910939157,-0.00149031786566702,-25.92001953125009,-59.99997558593748,-13.939062500000091,-0.9599975585937273,-3.3599914550781023,-37.94575195312518,34.07998046874991,-23.51999511718759,62.7265625,0.959863281249909,57.59999999999991,-13.939184570312591,-31.679986572265648,32.639965820312455,-41.043212890625
1763687140.7652137,5,2,2,0.17655299605372624,0.020700055696265922,0.2239508253877724,-0.0013126130852379285,0.004214191771100987,-0.001106959783448924,-21.11997070312509,-52.79996337890623,-17.81113281250009,-5.759985351562477,-3.3599914550781023,-37.94575195312518,31.67995605468741,-21.11997070312509,58.8544921875,0.959863281249909,57.59999999999991,-6.195166015625091,-36.48000488281252,32.639965820312455,-44.915283203125
1763687141.016172,5,2,2,0.1665597301547315,0.04544475947472596,0.22692173255262382,-0.0007915558022157554,0.004313134235715815,-0.001731176003212597,-21.11997070312509,-59.99997558593748,-17.81113281250009,-5.759985351562477,-0.9599975585937273,-37.94575195312518,34.07998046874991,-23.51999511718759,58.8544921875,5.759912109374909,52.79995117187491,-13.939184570312591,-36.48000488281252,30.239941406249955,-37.171142578125
1763687141.4456575,5,2,2,0.16445711111058903,0.05714660519711746,0.22917281229773326,-0.00018235549918665332,0.0040537467234924435,-0.001416055443489686,-18.72006835937509,-55.19998779296873,-21.68320312500009,-3.3599914550781023,-5.760015869140602,-37.94575195312518,29.27993164062491,-18.71994628906259,54.982421875,3.360009765624909,59.99990234374991,-6.195166015625091,-36.48000488281252,30.239941406249955,-41.043212890625
1763687142.0364718,5,2,2,0.1980493049566035,0.0676734210162656,0.2120938090342136,7.571023931323253e-05,0.0036697731920863393,-0.0013440398533565423,-23.51999511718759,-57.60001220703123,-17.81113281250009,-5.759985351562477,-10.560003662109352,-34.07368164062518,38.87990722656241,-25.92001953125009,58.8544921875,5.759912109374909,50.40004882812491,-10.067236328125091,-38.8799987792969,27.840039062499955,-44.915283203125
1763687142.3460152,5,2,2,0.18988649322671047,0.03155934925149461,0.21090657774287372,-0.00040039074146103887,0.004026158991004235,-0.0017341577137808158,-21.11997070312509,-57.60001220703123,-17.81113281250009,-5.759985351562477,-3.3599914550781023,-41.81757812500018,31.67995605468741,-25.92001953125009,58.8544921875,8.160058593749909,55.19985351562491,-6.195166015625091,-34.08001098632815,27.840039062499955,-44.915283203125
1763687142.6409943,5,2,2,0.18206652243785687,0.04531441352208572,0.21009398393528766,-0.00044928948248374465,0.004363754207383676,-0.0012666604733832564,-21.11997070312509,-57.60001220703123,-25.55502929687509,-10.560003662109352,-3.3599914550781023,-34.07368164062518,34.07998046874991,-18.71994628906259,54.982421875,3.360009765624909,55.19985351562491,-13.939184570312591,-36.48000488281252,30.239941406249955,-41.043212890625
1763687143.111754,5,2,2,0.18092106572581962,0.06778225059139432,0.2124449017374613,7.881463085014726e-05,0.003813994089554607,-0.00110923879973871,-21.11997070312509,-59.99997558593748,-17.81113281250009,-5.759985351562477,-8.160009765624977,-37.94575195312518,31.67995605468741,-18.71994628906259,58.8544921875,3.360009765624909,52.79995117187491,-10.067236328125091,-31.679986572265648,30.239941406249955,-41.043212890625
1763687143.3144784,5,2,2,0.18872835189476442,0.0623290808585533,0.2802690320010629,0.00021427686924902628,0.0038568971565831273,-0.0014748829375219317,-18.72006835937509,-59.99997558593748,-17.81113281250009,-5.759985351562477,-5.760015869140602,-41.81757812500018,34.07998046874991,-21.11997070312509,62.7265625,0.959863281249909,52.79995117187491,-2.323217773437591,-36.48000488281252,30.239941406249955,-48.787109375
1763687143.5170274,5,2,2,0.18784773062336568,0.05318754177713814,0.21333474641423045,0.0002916337241082932,0.0037643956798064935,-0.0013413030685635943,-18.72006835937509,-62.39999999999998,-13.939062500000091,-5.759985351562477,-5.760015869140602,-37.94575195312518,29.27993164062491,-18.71994628906259,66.598388671875,3.360009765624909,52.79995117187491,-10.067236328125091,-34.08001098632815,27.840039062499955,-44.915283203125
1763687143.6259964,5,2,2,0.16473820949475715,0.07853837051008897,0.2131512360335053,-5.717880113057221e-06,0.00367129817458627,-0.0012666089685233206,-21.11997070312509,-57.60001220703123,-17.81113281250009,-0.9599975585937273,-5.760015869140602,-45.68964843750018,31.67995605468741,-16.32004394531259,62.7265625,5.759912109374909,47.99990234374991,-10.067236328125091,-34.08001098632815,27.840039062499955,-33.299072265625
1763687143.7004898,5,2,2,0.1981664471421237,0.07727698522247463,0.2632403984785387,0.00016018160425500944,0.0036794861116805806,-0.0017171531201630624,-16.32004394531259,-57.60001220703123,-17.81113281250009,-8.159979248046852,-3.3599914550781023,-37.94575195312518,34.07998046874991,-21.11997070312509,66.598388671875,3.360009765624909,52.79995117187491,-6.195166015625091,-36.48000488281252,27.840039062499955,-52.6591796875
1763687143.9240415,5,2,2,0.17999242181389463,0.06658650293932805,0.21328836320921346,0.00022311284363786717,0.004112358276275108,-0.0015772228381510872,-21.11997070312509,-57.60001220703123,-21.68320312500009,-5.759985351562477,-3.3599914550781023,-41.81757812500018,36.48000488281241,-16.32004394531259,58.8544921875,3.360009765624909,52.79995117187491,-10.067236328125091,-34.08001098632815,25.440014648437455,-37.171142578125
1763687144.5161364,5,2,2,0.178257887150928,0.07471485953069437,0.213875357367454,0.0006272369970479349,0.0046894318834845485,-0.0012630951466956707,-21.11997070312509,-55.19998779296873,-21.68320312500009,-3.3599914550781023,-5.760015869140602,-34.07368164062518,34.07998046874991,-23.51999511718759,58.8544921875,0.959863281249909,52.79995117187491,-10.067236328125091,-31.679986572265648,30.239941406249955,-44.915283203125
1763687144.6831014,5,2,2,0.16116912706702582,0.06550548691732996,0.2313462343774553,0.0005538354741669734,0.004653224464370383,-0.0013344627024997706,-23.51999511718759,-57.60001220703123,-17.81113281250009,-3.3599914550781023,-5.760015869140602,-45.68964843750018,24.48000488281241,-21.11997070312509,54.982421875,5.759912109374909,55.19985351562491,-17.81125488281259,-29.279992675781273,25.440014648437455,-44.915283203125
1763687144.9265132,5,2,2,0.17218552564024325,0.04290209739448832,0.21243312935179193,-0.00013323429300346945,0.0038954998295448653,-0.0014206458230791883,-21.11997070312509,-59.99997558593748,-13.939062500000091,1.4399963378906477,-3.3599914550781023,-45.68964843750018,34.07998046874991,-21.11997070312509,58.8544921875,3.360009765624909,50.40004882812491,-6.195166015625091,-34.08001098632815,30.239941406249955,-37.171142578125
1763687145.134968,5,2,2,0.19002801270816513,0.060407462465510126,0.2451104717866771,-0.0001565892992450588,0.004213924428231855,-0.0017233682854466892,-21.11997070312509,-57.60001220703123,-17.81113281250009,-3.3599914550781023,-5.760015869140602,-45.68964843750018,34.07998046874991,-23.51999511718759,54.982421875,-1.440039062500091,52.79995117187491,-10.067236328125091,-34.08001098632815,27.840039062499955,-41.043212890625
1763687145.2448914,5,2,2,0.15574879414283024,0.07939486653347984,0.22989157595115853,-1.7213291136598634e-05,0.00469424191451391,-0.0018077528298472449,0,0,0,0,0,0,0,0,0,0,0,0,0,0,0
1763687145.4604795,5,2,2,0.18394257658337618,0.0660341701085436,0.24371088381572006,-0.0006096121941763862,0.003974446037265048,-0.001569998736653949,-23.51999511718759,-57.60001220703123,-21.68320312500009,-5.759985351562477,-3.3599914550781023,-34.07368164062518,34.07998046874991,-21.11997070312509,66.598388671875,0.959863281249909,55.19985351562491,-10.067236328125091,-36.48000488281252,32.639965820312455,-41.043212890625
1763687145.848959,5,2,2,0.1726699335784598,0.029925025524251095,0.27834752153298015,-0.00040008772861186304,0.00455670976458147,-0.001709709979829086,0,0,0,0,0,0,0,0,0,0,0,0,0,0,0
1763687145.9884574,5,2,2,0.186520759495263,0.048424207063624804,0.22937743928388551,0.0004141758138399105,0.004997502089646536,-0.00133433685465394,-16.32004394531259,-57.60001220703123,-21.68320312500009,-3.3599914550781023,-8.160009765624977,-37.94575195312518,34.07998046874991,-18.71994628906259,58.8544921875,3.360009765624909,55.19985351562491,-6.195166015625091,-29.279992675781273,27.840039062499955,-44.915283203125
1763687146.816172,5,2,2,0.20049847745770957,0.0480216837663939,0.3115041464475644,-0.0005695494274325563,0.003381389701012895,-0.0019351560765490698,-21.11997070312509,-57.60001220703123,-25.55502929687509,-3.3599914550781023,-5.760015869140602,-37.94575195312518,36.48000488281241,-21.11997070312509,62.7265625,5.759912109374909,55.19985351562491,-10.067236328125091,-31.679986572265648,32.639965820312455,-41.043212890625
1763687147.2202394,5,2,2,0.17124216987440638,0.04113152564772344,0.24618300751106614,2.601501316455354e-05,0.00437838947081321,-0.0014076256799199914,-21.11997070312509,-57.60001220703123,-21.68320312500009,-0.9599975585937273,-5.760015869140602,-45.68964843750018,34.07998046874991,-21.11997070312509,58.8544921875,0.959863281249909,52.79995117187491,1.548852539062409,-29.279992675781273,30.239941406249955,-41.043212890625
1763687147.668909,5,2,2,0.16529825323051997,0.07560634647399699,0.2789873135911681,-0.00018320643973025828,0.004326676517128609,-0.0012434667030301724,-23.51999511718759,-57.60001220703123,-25.55502929687509,-5.759985351562477,-3.3599914550781023,-41.81757812500018,31.67995605468741,-18.71994628906259,58.8544921875,0.959863281249909,55.19985351562491,-13.939184570312591,-31.679986572265648,30.239941406249955,-44.915283203125
1763687148.3126538,5,2,2,0.17320654442999792,0.0635944355484913,0.21271005631643547,-0.00013150631978865127,0.0036027514246037597,-0.0015006106234663346,-25.92001953125009,-55.19998779296873,-17.81113281250009,-5.759985351562477,-3.3599914550781023,-37.94575195312518,34.07998046874991,-21.11997070312509,54.982421875,3.360009765624909,52.79995117187491,-13.939184570312591,-31.679986572265648,30.239941406249955,-48.787109375
1763687148.4364045,5,2,2,0.17852759618206068,0.06685034855492308,0.2650780810401389,0.0005764490049735352,0.00413648374853541,-0.0015571881310312246,-23.51999511718759,-57.60001220703123,-17.81113281250009,-5.759985351562477,-8.160009765624977,-49.56171875000018,34.07998046874991,-18.71994628906259,62.7265625,3.360009765624909,59.99990234374991,-6.195166015625091,-31.679986572265648,30.239941406249955,-44.915283203125
1763687148.7470558,5,2,2,0.1537592628420115,0.0829468392254494,0.21507900562891533,0.0005332335688192614,0.004052621663972343,-0.0011074433782511841,-21.11997070312509,-59.99997558593748,-17.81113281250009,-3.3599914550781023,-5.760015869140602,-41.81757812500018,34.07998046874991,-23.51999511718759,58.8544921875,3.360009765624909,62.40004882812491,-10.067236328125091,-34.08001098632815,27.840039062499955,-37.171142578125
1763687148.8712857,5,2,2,0.20511585208380595,0.043912531516355435,0.28005132440162106,0.0002398334726844073,0.0034380120109468388,-0.0013952307376318795,-18.72006835937509,-55.19998779296873,-21.68320312500009,-8.159979248046852,-8.160009765624977,-37.94575195312518,31.67995605468741,-21.11997070312509,62.7265625,3.360009765624909,59.99990234374991,-10.067236328125091,-31.679986572265648,27.840039062499955,-41.043212890625
1763687149.422401,5,2,2,0.18044921660712224,0.03561859184258884,0.21150332294759905,-0.0002000468253053429,0.004388534140096566,-0.0015769295093809536,-25.92001953125009,-59.99997558593748,-17.81113281250009,-5.759985351562477,-3.3599914550781023,-45.68964843750018,31.67995605468741,-21.11997070312509,58.8544921875,3.360009765624909,57.59999999999991,-10.067236328125091,-31.679986572265648,25.440014648437455,-44.915283203125
1763687149.9223177,5,2,2,0.18674896212934458,0.04100117970416698,0.2293552588932037,0.0003682813327436098,0.0044290094427172815,-0.0009431101504836976,-18.72006835937509,-57.60001220703123,-21.68320312500009,-3.3599914550781023,-8.160009765624977,-37.94575195312518,41.27993164062491,-23.51999511718759,54.982421875,3.360009765624909,59.99990234374991,-10.067236328125091,-34.08001098632815,27.840039062499955,-44.915283203125
1763687150.2297227,5,2,2,0.1915696827465231,0.06005823631765622,0.24377944740699392,-0.0004951968323273605,0.004194976088073558,-0.0017253056715603532,-21.11997070312509,-55.19998779296873,-29.42709960937509,-5.759985351562477,-8.160009765624977,-41.81757812500018,31.67995605468741,-21.11997070312509,54.982421875,3.360009765624909,55.19985351562491,-10.067236328125091,-31.679986572265648,30.239941406249955,-44.915283203125
1763687150.6336014,5,2,2,0.18986000202783804,0.03086582415211511,0.24406839797821417,-0.0003919803610101997,0.004214140239006338,-0.0014876258686433714,-23.51999511718759,-57.60001220703123,-17.81113281250009,-5.759985351562477,-5.760015869140602,-37.94575195312518,34.07998046874991,-18.71994628906259,58.8544921875,5.759912109374909,57.59999999999991,-10.067236328125091,-31.679986572265648,30.239941406249955,-37.171142578125
1763687151.1314402,5,2,2,0.18053865897626303,0.054659059284593546,0.24527472453819896,-3.252883276218645e-05,0.0045752195830961045,-0.0014094018299296268,-18.72006835937509,-59.99997558593748,-21.68320312500009,-5.759985351562477,-5.760015869140602,-34.07368164062518,36.48000488281241,-23.51999511718759,54.982421875,5.759912109374909,55.19985351562491,-13.939184570312591,-38.8799987792969,27.840039062499955,-44.915283203125
1763687151.1787224,5,2,2,0.1737536002123908,0.07067413882873663,0.2282645293215117,-0.0002408993451585074,0.004250576835812227,-0.0014178315935405084,-23.51999511718759,-59.99997558593748,-17.81113281250009,-3.3599914550781023,-0.9599975585937273,-45.68964843750018,31.67995605468741,-23.51999511718759,58.8544921875,8.160058593749909,57.59999999999991,-6.195166015625091,-31.679986572265648,27.840039062499955,-48.787109375
1763687151.2889786,5,2,2,0.17300190046151312,0.07125486497319261,0.21222142962693752,-7.253041225369766e-05,0.004164332485229512,-0.0014228926547057497,-23.51999511718759,-62.39999999999998,-17.81113281250009,-3.3599914550781023,-5.760015869140602,-41.81757812500018,31.67995605468741,-18.71994628906259,51.1103515625,5.759912109374909,57.59999999999991,-6.195166015625091,-34.08001098632815,25.440014648437455,-44.915283203125
1763687151.4900107,5,2,2,0.2085193797140083,0.08442521761112913,0.2115185872573808,-0.0001163649905537691,0.00301119384446587,-0.0013467605215284294,-21.11997070312509,-57.60001220703123,-21.68320312500009,-8.159979248046852,-5.760015869140602,-41.81757812500018,31.67995605468741,-21.11997070312509,54.982421875,0.959863281249909,55.19985351562491,-13.939184570312591,-38.8799987792969,27.840039062499955,-41.043212890625
1763687151.9132915,5,2,2,0.18373590538160545,0.06481788093701935,0.2091171373722841,-0.0006222486904165943,0.0043400542688806845,-0.0011131296886513471,-18.72006835937509,-57.60001220703123,-17.81113281250009,-8.159979248046852,-8.160009765624977,-49.56171875000018,31.67995605468741,-21.11997070312509,51.1103515625,3.360009765624909,57.59999999999991,-10.067236328125091,-31.679986572265648,27.840039062499955,-37.171142578125
