timestamp,position,x_pos,y_pos,fx,fy,fz,tx,ty,tz,mag0_x,mag0_y,mag0_z,mag1_x,mag1_y,mag1_z,mag2_x,mag2_y,mag2_z,mag3_x,mag3_y,mag3_z,mag4_x,mag4_y,mag4_z
1763687947.628271,6,3,2,-0.26744292985863705,-0.08758305718933199,-0.21391848105191402,-0.00039825124757318815,0.012795902079068245,-0.00011111254498035947,2.880029296874909,-43.19998779296873,-6.195166015625091,-12.959997558593727,8.640008544921898,-37.94575195312518,29.27993164062491,22.07998046874991,85.95849609375,-32.63999023437509,-26.40000000000009,-41.04318847656259,-34.08001098632815,30.239941406249955,-29.42724609375
1763687947.9142253,6,3,2,-0.2074414515952428,-0.11064725084343084,-0.23324279970721604,-0.0005724841649318955,0.011902092520280896,3.908854049579759e-05,0,0,0,0,0,0,0,0,0,0,0,0,0,0,0
1763687948.841658,6,3,2,-0.18901972217560015,-0.1316273637126015,-0.20643284444261922,-0.002739327536448919,0.01022179799841701,-0.00027216365902496873,22.07998046874991,-40.79996337890623,-2.323095703125091,3.8400207519531477,8.640008544921898,-18.585644531250182,29.27993164062491,55.67995605468741,101.446533203125,-37.44003906250009,-28.80014648437509,-41.04318847656259,-43.67998657226565,27.840039062499955,-10.067138671875
1763687949.108685,6,3,2,-0.22160500705791047,-0.12874742816858162,-0.34021977172704065,-0.0030922863806690883,0.009732454872206048,-0.00032168164503750733,24.48000488281241,-43.19998779296873,1.548730468749909,1.4399963378906477,3.8399902343750227,-14.713574218750182,29.27993164062491,60.48000488281241,116.934326171875,-39.83994140625009,-31.20004882812509,-44.91519775390634,-48.48000488281252,32.639965820312455,-6.195068359375
1763687949.220665,6,3,2,-0.16199780158481084,-0.13762577172537138,-0.2761346188679452,-0.0031450506153891315,0.010165333193610892,-0.0004548324655435307,31.67995605468741,-47.99997558593748,5.420800781249909,3.8400207519531477,3.8399902343750227,-6.969677734375182,31.67995605468741,70.07998046874991,120.806396484375,-51.83994140625009,-36.00009765625009,-48.78720703125009,-50.8799987792969,35.039990234374955,-2.3232421875
1763687949.4212935,6,3,2,-0.24940071946578,-0.10553091654777369,-0.37929123071261117,-0.004442451456712672,0.01115732422269717,-0.0003431123280721686,38.88002929687491,-57.60001220703123,17.03676757812491,11.040002441406273,3.8399902343750227,4.646289062499818,31.67995605468741,86.88002929687491,155.654541015625,-66.24008789062509,-45.59995117187509,-48.78720703125009,-60.48000488281252,44.639965820312455,17.036865234375
1763687949.7189562,6,3,2,-0.20473745724162898,-0.16316893483489175,-0.5287360428730326,-0.003605761791187217,0.010781899317637102,-0.0003881007389790393,50.88002929687491,-59.99997558593748,28.65273437499991,18.240014648437523,1.4399963378906477,12.390429687499818,29.27993164062491,103.67995605468741,178.886474609375,-78.24008789062509,-50.40000000000009,-56.53122558593759,-65.27999267578127,47.039990234374955,24.78076171875
1763687949.9201386,6,3,2,-0.20635472444732444,-0.09558245879867695,-0.6776963845485025,-0.0027685006836627403,0.011339554106259747,-0.00036527750493214797,55.67995605468741,-62.39999999999998,44.14077148437491,20.640008544921898,-3.3599914550781023,12.390429687499818,29.27993164062491,115.67995605468741,194.37451171875,-83.04013671875009,-50.40000000000009,-56.53122558593759,-70.08001098632815,54.239941406249955,32.52490234375
1763687950.013995,6,3,2,-0.1727552349499886,-0.13781938233347277,-0.7485498214730556,-0.0031247383958601825,0.011788376172731787,2.394477263292544e-06,60.48000488281241,-69.60001220703123,44.14077148437491,15.840020751953148,-5.760015869140602,20.134326171874818,29.27993164062491,118.07998046874991,194.37451171875,-85.44003906250009,-52.80014648437509,-52.65921630859384,-77.27999267578127,54.239941406249955,44.140869140625
1763687950.2187603,6,3,2,-0.22941475526686528,-0.061833107371742135,-0.8680880112583526,0.0004637928590053823,0.012681089498763632,-3.079272042974654e-05,65.27993164062491,-74.39999999999998,59.62880859374991,18.240014648437523,-8.160009765624977,24.006396484374818,29.27993164062491,125.28005371093741,225.350341796875,-95.04013671875009,-62.40000000000009,-52.65921630859384,-84.48000488281252,56.639965820312455,44.140869140625
1763687950.323418,6,3,2,-0.2177114192087395,-0.07350725537560845,-0.8730885477035178,-0.0004918516011047163,0.013976144032998548,-0.00042641638308508686,72.48000488281241,-79.19998779296873,63.50087890624991,25.439996337890648,-8.160009765624977,27.878466796874818,29.27993164062491,142.0799804687499,236.966552734375,-104.63999023437509,-62.40000000000009,-52.65921630859384,-86.8799987792969,61.440014648437455,51.884765625
1763687950.509531,6,3,2,-0.22857318177144198,-0.07122364311164323,-1.0626999483090256,-0.0018523032148156494,0.013266734680952848,0.00020324444369234133,79.67995605468741,-81.60001220703123,55.75673828124991,32.6400085449219,-10.560003662109352,31.750292968749818,29.27993164062491,146.8800292968749,248.58251953125,-107.04013671875009,-62.40000000000009,-52.65921630859384,-89.27999267578127,61.440014648437455,59.62890625
1763687950.621034,6,3,2,-0.26743762791820924,-0.06221659567470328,-0.9395128456079437,-0.0007551425573516252,0.014011520088837444,-0.00013928021349023936,70.07998046874991,-83.99997558593748,67.37294921874991,25.439996337890648,-12.959997558593727,27.878466796874818,34.07998046874991,144.4800048828124,248.58251953125,-111.83994140625009,-60.00009765625009,-48.78720703125009,-91.67998657226565,66.23994140624995,59.62890625
1763687950.7143867,6,3,2,-0.24100793712579796,-0.032733517477456134,-0.9849192613316591,0.001161204068799627,0.014359104940291748,0.00031931043867862473,72.48000488281241,-76.79996337890623,59.62880859374991,25.439996337890648,-10.560003662109352,24.006396484374818,31.67995605468741,142.0799804687499,244.71044921875,-107.04013671875009,-60.00009765625009,-48.78720703125009,-89.27999267578127,59.039990234374955,51.884765625
1763687950.759634,6,3,2,-0.27408595689054505,0.007468988731893264,-0.9321056639060785,0.0013233549262609196,0.014369047041755584,-5.537610895952152e-05,74.88002929687491,-79.19998779296873,63.50087890624991,27.840020751953148,-12.959997558593727,31.750292968749818,29.27993164062491,149.2800537109374,244.71044921875,-107.04013671875009,-62.40000000000009,-44.91519775390634,-86.8799987792969,63.840039062499955,51.884765625
1763687950.852242,6,3,2,-0.23374097661914858,-0.033784321207997334,-0.8384337230673196,-0.00032604195675793406,0.014017757763834108,-0.0003385247867915025,82.07998046874991,-76.79996337890623,63.50087890624991,30.240014648437523,-10.560003662109352,27.878466796874818,34.07998046874991,146.8800292968749,240.83837890625,-109.44003906250009,-62.40000000000009,-56.53122558593759,-84.48000488281252,66.23994140624995,59.62890625
1763687951.0250955,6,3,2,-0.21837316077935867,-0.04618480094614034,-0.9203757000892756,8.230181934478409e-05,0.012286381485297985,0.00018188487562151268,67.67995605468741,-83.99997558593748,55.75673828124991,20.640008544921898,-12.959997558593727,24.006396484374818,36.48000488281241,134.8800292968749,240.83837890625,-102.24008789062509,-62.40000000000009,-52.65921630859384,-89.27999267578127,66.23994140624995,51.884765625
1763687951.1336334,6,3,2,-0.22200476849628825,0.04657509457601077,-0.8914890532781805,0.003515439029298661,0.013298764646878552,-0.00011342651679732436,67.67995605468741,-81.60001220703123,63.50087890624991,23.040002441406273,-15.360006713867165,24.006396484374818,29.27993164062491,134.8800292968749,240.83837890625,-104.63999023437509,-57.59995117187509,-48.78720703125009,-86.8799987792969,61.440014648437455,51.884765625
1763687951.243775,6,3,2,-0.16450626594819356,0.0030211896243100833,-0.8131574584731086,0.00203964943057542,0.011017147970454472,-1.0706035989528823e-05,65.27993164062491,-81.60001220703123,59.62880859374991,23.040002441406273,-15.360006713867165,16.262255859374818,38.87990722656241,137.2800537109374,236.966552734375,-99.83994140625009,-57.59995117187509,-48.78720703125009,-86.8799987792969,61.440014648437455,44.140869140625
1763687951.3239343,6,3,2,-0.1822035658324412,-0.027755768030203784,-0.9027056427948984,9.902270950932655e-05,0.009819069228880001,0.0002640870543908603,67.67995605468741,-81.60001220703123,55.75673828124991,20.640008544921898,-15.360006713867165,16.262255859374818,36.48000488281241,134.8800292968749,244.71044921875,-97.44003906250009,-60.00009765625009,-44.91519775390634,-86.8799987792969,66.23994140624995,48.0126953125
1763687951.4276967,6,3,2,-0.18248173440274873,0.027303588944459112,-0.758309425335608,0.002583271965145186,0.010066652203411177,-0.0005382592169405254,65.27993164062491,-83.99997558593748,59.62880859374991,18.240014648437523,-22.560003662109352,20.134326171874818,36.48000488281241,132.4800048828124,236.966552734375,-99.83994140625009,-57.59995117187509,-48.78720703125009,-86.8799987792969,59.039990234374955,44.140869140625
1763687951.5238335,6,3,2,-0.18518641935208868,0.03467768149888242,-0.8081038731908068,0.0031365878421561796,0.010926545479853798,-6.795875452318147e-06,70.07998046874991,-81.60001220703123,55.75673828124991,18.240014648437523,-15.360006713867165,20.134326171874818,36.48000488281241,134.8800292968749,233.094482421875,-97.44003906250009,-60.00009765625009,-48.78720703125009,-86.8799987792969,61.440014648437455,40.268798828125
1763687951.8195534,6,3,2,-0.17863849623821,0.040835074878114955,-0.7044332871282255,0.00371265898512036,0.010616957067320068,-0.0005151652528763955,62.88002929687491,-86.39999999999998,63.50087890624991,18.240014648437523,-20.160009765624977,24.006396484374818,36.48000488281241,130.0799804687499,240.83837890625,-99.83994140625009,-55.20004882812509,-37.17124023437509,-89.27999267578127,61.440014648437455,40.268798828125
1763687951.9119027,6,3,2,-0.15599599549501975,0.022764774264652017,-0.777064943551082,0.0023865868355669676,0.009735948686030994,-0.0002329092779372715,67.67995605468741,-83.99997558593748,59.62880859374991,23.040002441406273,-15.360006713867165,12.390429687499818,36.48000488281241,134.8800292968749,233.094482421875,-95.04013671875009,-57.59995117187509,-52.65921630859384,-89.27999267578127,63.840039062499955,44.140869140625
1763687952.024673,6,3,2,-0.19066046658570368,0.0007451214971558942,-0.777127247803137,0.002196758326143835,0.010596554729106996,-0.0001532637947707304,60.48000488281241,-76.79996337890623,59.62880859374991,18.240014648437523,-20.160009765624977,16.262255859374818,34.07998046874991,125.28005371093741,240.83837890625,-97.44003906250009,-52.80014648437509,-44.91519775390634,-89.27999267578127,63.840039062499955,36.396728515625
1763687952.1149356,6,3,2,-0.19246071479986554,0.02422564605901402,-0.8191548722803659,0.0045396330605293675,0.011489338733760858,-0.0005508022668160705,62.88002929687491,-81.60001220703123,59.62880859374991,15.840020751953148,-20.160009765624977,16.262255859374818,38.87990722656241,127.67995605468741,236.966552734375,-95.04013671875009,-55.20004882812509,-37.17124023437509,-86.8799987792969,56.639965820312455,36.396728515625
1763687952.226941,6,3,2,-0.21419657654973567,0.01968561035587435,-0.8217114810875032,0.0036682828633368275,0.011377508700017974,-0.0002423031363535435,70.07998046874991,-81.60001220703123,59.62880859374991,20.640008544921898,-17.76000061035154,16.262255859374818,36.48000488281241,132.4800048828124,240.83837890625,-97.44003906250009,-57.59995117187509,-41.04318847656259,-86.8799987792969,59.039990234374955,44.140869140625
1763687952.5199134,6,3,2,-0.2928114410021091,0.07439433788061071,-0.8481137141577929,0.00588975371333304,0.016107863292687423,-0.0006362637774085112,60.48000488281241,-83.99997558593748,63.50087890624991,18.240014648437523,-12.959997558593727,16.262255859374818,34.07998046874991,127.67995605468741,244.71044921875,-102.24008789062509,-52.80014648437509,-44.91519775390634,-86.8799987792969,61.440014648437455,44.140869140625
1763687952.613978,6,3,2,-0.28347232035439884,0.015766983764287576,-0.7892519194782698,0.0034191401023031644,0.01525993262387456,-0.0008556690195271801,67.67995605468741,-81.60001220703123,59.62880859374991,23.040002441406273,-15.360006713867165,24.006396484374818,31.67995605468741,127.67995605468741,240.83837890625,-104.63999023437509,-57.59995117187509,-48.78720703125009,-91.67998657226565,59.039990234374955,40.268798828125
1763687952.7304232,6,3,2,-0.27042949847090114,-0.03360095737119316,-0.8689742753958476,0.00016120290558211276,0.01443207504233486,-0.00034702884079062623,65.27993164062491,-81.60001220703123,63.50087890624991,23.040002441406273,-10.560003662109352,24.006396484374818,36.48000488281241,134.8800292968749,240.83837890625,-104.63999023437509,-57.59995117187509,-44.91519775390634,-86.8799987792969,63.840039062499955,48.0126953125
1763687952.8286428,6,3,2,-0.3023558904464497,-0.009932342366283445,-0.8121216278449324,0.0016986082660320795,0.015297761622263019,-0.00047807830819975136,70.07998046874991,-83.99997558593748,63.50087890624991,25.439996337890648,-12.959997558593727,20.134326171874818,29.27993164062491,127.67995605468741,240.83837890625,-107.04013671875009,-55.20004882812509,-44.91519775390634,-82.08001098632815,66.23994140624995,48.0126953125
1763687953.01808,6,3,2,-0.2855750232192746,-0.021098427372505973,-0.8977022488045812,0.001585314587330877,0.015516347617221739,-0.0003518417195885247,67.67995605468741,-83.99997558593748,59.62880859374991,27.840020751953148,-12.959997558593727,24.006396484374818,34.07998046874991,132.4800048828124,240.83837890625,-102.24008789062509,-55.20004882812509,-44.91519775390634,-89.27999267578127,63.840039062499955,44.140869140625
1763687953.1086547,6,3,2,-0.3008545180724644,-0.019970513245511204,-0.8141405482223979,0.001290257996774482,0.015274277493563955,-8.880510660192495e-05,65.27993164062491,-81.60001220703123,63.50087890624991,25.439996337890648,-12.959997558593727,27.878466796874818,29.27993164062491,125.28005371093741,229.222412109375,-97.44003906250009,-55.20004882812509,-52.65921630859384,-84.48000488281252,59.039990234374955,55.7568359375
1763687953.2213588,6,3,2,-0.2705414637327834,-0.021169489249583492,-0.6823397976992788,0.0004951587694229275,0.01380020657225992,-0.00020195041608754832,55.67995605468741,-74.39999999999998,51.88491210937491,15.840020751953148,-10.560003662109352,12.390429687499818,31.67995605468741,118.07998046874991,213.734375,-92.63999023437509,-50.40000000000009,-48.78720703125009,-77.27999267578127,56.639965820312455,36.396728515625
1763687953.3164742,6,3,2,-0.27808024941136233,-0.013450402141316167,-0.7494982125536642,0.0003835447860929632,0.013193346646284668,0.00016370983796127562,0,0,0,0,0,0,0,0,0,0,0,0,0,0,0
1763687953.4106061,6,3,2,-0.25849748525608185,-0.04628417015935764,-0.6276171126047332,0.0014922906920924552,0.01288176252490237,-0.0001761067056090744,50.88002929687491,-71.99997558593748,48.01284179687491,13.439996337890648,-5.760015869140602,8.518359374999818,34.07998046874991,106.07998046874991,190.50244140625,-78.24008789062509,-48.00009765625009,-44.91519775390634,-77.27999267578127,54.239941406249955,28.65283203125
1763687953.6122537,6,3,2,-0.23197528864438147,-0.05291681917753195,-0.43196686660471945,-0.0003374441438301763,0.011246517947808466,-0.0004268678928656387,38.88002929687491,-62.39999999999998,28.65273437499991,3.8400207519531477,-8.160009765624977,0.7744628906248181,36.48000488281241,91.67995605468741,171.142333984375,-63.83994140625009,-45.59995117187509,-33.29916992187509,-67.67998657226565,44.639965820312455,13.164794921875
1763687953.8130739,6,3,2,-0.1646526223428376,0.05448638327761471,-0.2412267305379376,0.0012905028418165234,0.008638369850726845,-0.0007529128785527229,24.48000488281241,-59.99997558593748,20.90883789062491,-0.9599975585937273,-10.560003662109352,-6.969677734375182,36.48000488281241,70.07998046874991,147.910400390625,-54.24008789062509,-36.00009765625009,-33.29916992187509,-62.8799987792969,39.840039062499955,1.548828125
1763687953.9239275,6,3,2,-0.18190149808409894,0.032255869546876245,-0.3015959811598933,0.002938213313111523,0.008716284221195705,-0.0006088466802525325,19.67995605468741,-57.60001220703123,13.164941406249909,-8.159979248046852,-8.160009765624977,-18.585644531250182,31.67995605468741,60.48000488281241,144.038330078125,-49.44003906250009,-33.59995117187509,-29.42722167968759,-60.48000488281252,42.239941406249955,-10.067138671875
1763687955.1248271,6,3,2,-0.2519533561091952,-0.04733116054160207,-0.20298843654516807,-0.001580282747988292,0.013290964177433777,-0.00011588662275122835,2.880029296874909,-43.19998779296873,-10.067236328125091,-8.159979248046852,13.439996337890648,-26.329541015625182,26.87990722656241,19.67995605468741,74.342529296875,-23.04013671875009,-19.20004882812509,-41.04318847656259,-36.48000488281252,20.639965820312455,-29.42724609375
1763687956.5159547,6,3,2,-0.22419195341868026,0.033509464689604584,-0.2008655965732852,0.0027986860547957525,0.009929375534329125,-0.0004167199029924075,0,0,0,0,0,0,0,0,0,0,0,0,0,0,0
1763687957.132816,6,3,2,-0.14187209594795785,0.03951269776280832,-0.2205186712862325,0.0020477953866045086,0.006301416766680166,-0.00035062264023617634,-13.920019531250091,-43.19998779296873,-13.939062500000091,-20.159979248046852,6.239984130859398,-45.68964843750018,26.87990722656241,7.679956054687409,62.7265625,-15.839941406250091,-14.400000000000091,-37.17124023437509,-26.879998779296898,23.039990234374955,-44.915283203125
1763687957.915349,6,3,2,-0.1270487864993481,-0.010061970247856003,-0.22873470426765452,0.00012056889058997849,0.006997209377686126,-0.0005920966278333235,-4.320043945312591,-40.79996337890623,-25.55502929687509,-20.159979248046852,6.239984130859398,-34.07368164062518,29.27993164062491,10.079980468749909,54.982421875,-15.839941406250091,-9.599951171875091,-33.29916992187509,-34.08001098632815,23.039990234374955,-41.043212890625
1763687958.822457,6,3,2,-0.13851326573299172,0.06602125551899322,-0.23255692534980427,0.003444035841047388,0.006190511697243893,-3.8464520023793114e-05,-6.720068359375091,-43.19998779296873,-13.939062500000091,-22.560003662109352,-3.3599914550781023,-37.94575195312518,31.67995605468741,24.48000488281241,82.08642578125,-20.63999023437509,-16.80014648437509,-29.42722167968759,-41.27999267578127,23.039990234374955,-33.299072265625
1763687958.9442027,6,3,2,-0.08090107661553518,0.09661743314845403,-0.2630221748198028,0.004369813497081454,0.004394889187361072,-0.0004396131610436183,-6.720068359375091,-47.99997558593748,-10.067236328125091,-17.759985351562477,-5.760015869140602,-41.81757812500018,41.27993164062491,19.67995605468741,89.83056640625,-20.63999023437509,-19.20004882812509,-25.55515136718759,-43.67998657226565,25.440014648437455,-37.171142578125
1763687959.6205058,6,3,2,-0.1547742594283894,0.05144164643177934,-0.5122572774764557,0.0008658993221395655,0.008134548965790425,-0.00030420912535743716,38.88002929687491,-67.19998779296873,32.52480468749991,6.240014648437523,-8.160009765624977,-6.969677734375182,34.07998046874991,82.07998046874991,175.014404296875,-63.83994140625009,-38.40000000000009,-37.17124023437509,-72.48000488281252,44.639965820312455,13.164794921875
1763687960.023187,6,3,2,-0.1772422753233703,0.05675457234499048,-1.077581944885183,0.0032252049789473236,0.011576282422891085,-0.00026087405901279446,86.88002929687491,-95.99997558593748,82.86074218749991,27.840020751953148,-32.16000976562498,35.62236328124982,43.67995605468741,168.4800048828124,302.79052734375,-116.63999023437509,-64.80014648437509,-41.04318847656259,-113.27999267578127,75.84003906249995,71.244873046875
1763687960.1202688,6,3,2,-0.14720282111913233,0.13951008656487204,-1.262426892038582,0.007075212451040553,0.007690412833514291,-0.00016201215989887963,101.27993164062491,-110.39999999999998,109.96474609374991,42.24001464843752,-24.96001281738279,51.11040039062482,38.87990722656241,194.8800292968749,333.766357421875,-145.4400390625001,-72.00009765625009,-44.91519775390634,-118.08001098632815,90.23994140624995,90.604736328125
1763687960.2259014,6,3,2,-0.2461361271500161,-0.014296687571024327,-1.6381991070152226,0.0019461266656699725,0.015180356730931587,0.00024433272784107896,130.0799804687499,-124.79996337890623,117.70888671874991,56.6400085449219,-44.16000976562498,58.85429687499982,43.67995605468741,247.6800781249999,391.846435546875,-169.4400390625001,-86.40000000000009,-48.78720703125009,-139.6800018310547,92.63996582031245,121.580810546875
1763687960.4125063,6,3,2,-0.18248881388019372,0.012738986187598104,-2.0622806162746516,0.0012074279610192955,0.01391772499484863,-0.00030429907929338225,168.4800048828124,-148.79996337890623,168.0448242187499,78.24001464843752,-44.16000976562498,85.95854492187482,43.67995605468741,305.2799316406249,484.7744140625,-212.6399902343751,-100.80014648437509,-68.14719238281259,-170.8799987792969,119.03999023437495,168.044921875
1763687960.5198236,6,3,2,-0.28101901531836504,0.04935558884700392,-2.3103145619842884,0.0020661454701189803,0.01698882201705348,-0.00015660021904677335,187.6799560546874,-163.19998779296873,183.5328613281249,92.6400085449219,-51.360006713867165,93.70219726562482,43.67995605468741,331.6800781249999,519.62255859375,-231.8399414062501,-110.40000000000009,-72.01920166015634,-185.28000793457034,123.84003906249995,191.27685546875
1763687960.6289916,6,3,2,-0.3277542564640814,-0.022528074314422386,-2.6102565263127975,-0.0018132512299086617,0.018521598019868427,3.8940338931480866e-05,199.6799560546874,-177.60001220703123,195.1488281249999,95.04000244140627,-56.16000976562498,105.31840820312482,41.27993164062491,355.6800781249999,558.342529296875,-243.8399414062501,-112.80014648437509,-68.14719238281259,-194.8799987792969,131.03999023437495,206.764892578125
1763687960.7236407,6,3,2,-0.31141944275234545,0.028662395274725735,-2.684467353050734,0.0007814646672990337,0.017371734549291397,0.0002534748349981551,206.8800292968749,-182.39999999999998,206.7647949218749,95.04000244140627,-53.76000061035154,101.44633789062482,46.07998046874991,358.0799804687499,573.83056640625,-255.8399414062501,-115.20004882812509,-68.14719238281259,-204.48000488281252,135.84003906249995,214.5087890625
1763687960.8174162,6,3,2,-0.34392822684554497,0.0776581742447167,-2.8254232598733693,0.004115543567296212,0.021054268608028896,-2.016113182241679e-05,204.4800048828124,-177.60001220703123,199.0208984374999,102.24001464843752,-53.76000061035154,109.19047851562482,43.67995605468741,365.2799316406249,577.702392578125,-258.2400878906251,-115.20004882812509,-68.14719238281259,-204.48000488281252,138.23994140624995,206.764892578125
1763687960.9221487,6,3,2,-0.29639507041467295,-0.013880738652169752,-2.6514442679825887,0.0007636925769908412,0.018011359084728815,-0.0002782817804028825,209.2799316406249,-182.39999999999998,199.0208984374999,99.84002075195315,-58.56000366210935,105.31840820312482,48.48000488281241,365.2799316406249,577.702392578125,-251.0401367187501,-112.80014648437509,-72.01920166015634,-204.48000488281252,131.03999023437495,214.5087890625
1763687961.0318284,6,3,2,-0.2573996749955654,-0.017304521351754032,-2.6209254918597624,-6.035779665707931e-05,0.015881687117164485,0.0001195438235368205,0,0,0,0,0,0,0,0,0,0,0,0,0,0,0
1763687961.141925,6,3,2,-0.27015082762372544,0.063704314123677,-2.6080171213055054,0.003455393975306523,0.01631263164300802,0.00028893155735558495,197.2799316406249,-182.39999999999998,199.0208984374999,97.44002685546877,-58.56000366210935,93.70219726562482,48.48000488281241,355.6800781249999,566.08642578125,-248.6399902343751,-112.80014648437509,-68.14719238281259,-197.28000793457034,131.03999023437495,199.020751953125
1763687961.315113,6,3,2,-0.2149964329776266,-0.04145431109251135,-2.3230663932600533,-0.0016669322982920919,0.013572319006499666,-0.00048333844349777826,202.0799804687499,-177.60001220703123,199.0208984374999,92.6400085449219,-60.96001281738279,101.44633789062482,48.48000488281241,362.8800292968749,562.21435546875,-246.2400878906251,-112.80014648437509,-68.14719238281259,-202.08001098632815,133.44001464843745,206.764892578125
1763687961.4308872,6,3,2,-0.2076393419156835,0.038139098112804776,-2.3304680378915594,0.0011621817738382894,0.014003950063876827,-0.0003241920105647078,197.2799316406249,-182.39999999999998,199.0208984374999,87.84002075195315,-58.56000366210935,97.57426757812482,48.48000488281241,353.2799316406249,558.342529296875,-243.8399414062501,-115.20004882812509,-72.01920166015634,-199.6800018310547,131.03999023437495,195.14892578125
1763687961.5310144,6,3,2,-0.28661163261358846,0.06622698247761151,-2.3876132647204455,0.003541038678165834,0.0157342559080619,0.00013323115064760283,197.2799316406249,-179.99997558593748,195.1488281249999,92.6400085449219,-56.16000976562498,101.44633789062482,46.07998046874991,355.6800781249999,566.08642578125,-241.4400390625001,-115.20004882812509,-72.01920166015634,-197.28000793457034,128.63996582031245,202.892822265625
1763687961.624904,6,3,2,-0.251980252490372,0.03347444225282322,-2.277378325709651,0.0014687854089909715,0.014396727269982104,-0.0002249663856957434,202.0799804687499,-179.99997558593748,187.4049316406249,99.84002075195315,-60.96001281738279,93.70219726562482,50.87990722656241,358.0799804687499,562.21435546875,-243.8399414062501,-112.80014648437509,-75.89121093750009,-199.6800018310547,133.44001464843745,199.020751953125
1763687961.8167067,6,3,2,-0.23933671253614638,0.07339183250303472,-2.2900694582703482,0.0027999413030283596,0.014486108107440958,-0.00014905675191435462,194.8800292968749,-172.79996337890623,191.2767578124999,92.6400085449219,-63.360006713867165,93.70219726562482,50.87990722656241,348.4801269531249,554.470458984375,-236.6399902343751,-110.40000000000009,-56.53122558593759,-199.6800018310547,126.23994140624995,195.14892578125
1763687961.9228623,6,3,2,-0.2330820566488833,0.07416061582027458,-2.168381213783981,0.0035242048175915287,0.013149262896789561,-0.00025918486127587243,182.8800292968749,-175.19998779296873,179.6607910156249,78.24001464843752,-65.76000061035154,85.95854492187482,55.67995605468741,334.0799804687499,546.7265625,-229.4400390625001,-110.40000000000009,-56.53122558593759,-194.8799987792969,123.84003906249995,191.27685546875
1763687962.021026,6,3,2,-0.12755176238897023,0.15167702032050803,-2.1106022669990576,0.005908635155531054,0.009455784180843379,0.0001545786968254818,175.6799560546874,-175.19998779296873,183.5328613281249,78.24001464843752,-70.56000366210935,85.95854492187482,55.67995605468741,326.8800292968749,546.7265625,-222.2400878906251,-100.80014648437509,-48.78720703125009,-194.8799987792969,121.44001464843745,175.788818359375
1763687962.1170902,6,3,2,-0.14321897617204285,0.21649105694654006,-2.127882129594081,0.009951391522523813,0.009177438887530573,-7.414269654653955e-05,166.0799804687499,-175.19998779296873,187.4049316406249,68.6400085449219,-72.96001281738279,82.08623046874982,55.67995605468741,317.2799316406249,538.982421875,-219.8399414062501,-100.80014648437509,-41.04318847656259,-192.48000488281252,131.03999023437495,164.1728515625
1763687962.4266665,6,3,2,-0.11976717535615176,0.2157139890734537,-2.100839171046305,0.0124940167836597,0.007426966034571056,0.00010254662055008172,0,0,0,0,0,0,0,0,0,0,0,0,0,0,0
1763687962.519252,6,3,2,-0.14141441650149683,0.300217991546582,-1.960876411485597,0.014215828801965365,0.008950177951295404,0.00015309916792806476,156.4800048828124,-175.19998779296873,179.6607910156249,63.84002075195315,-77.7600158691406,74.34233398437482,62.87990722656241,302.8800292968749,531.238525390625,-212.6399902343751,-93.59995117187509,-29.42722167968759,-187.6800018310547,121.44001464843745,160.30078125
1763687963.0189052,6,3,2,-0.12207896247047174,0.11845771134466422,-2.0417462196600757,0.006335082473516581,0.009241891353360185,0.0002620634503654166,175.6799560546874,-172.79996337890623,183.5328613281249,78.24001464843752,-68.16000976562498,82.08623046874982,55.67995605468741,329.2799316406249,535.1103515625,-215.0401367187501,-98.40000000000009,-56.53122558593759,-190.08001098632815,119.03999023437495,175.788818359375
1763687963.1135347,6,3,2,-0.07741798679633875,0.025468232757221432,-2.0523287757274087,0.003428936984422537,0.00685600378505229,0.0006438902404592007,175.6799560546874,-175.19998779296873,183.5328613281249,78.24001464843752,-75.36000671386716,74.34233398437482,55.67995605468741,338.8800292968749,531.238525390625,-217.4400390625001,-98.40000000000009,-56.53122558593759,-192.48000488281252,116.63996582031245,183.53271484375
1763687963.4225311,6,3,2,-0.11993483651555868,0.09329866320875191,-1.9240628210806698,0.005831474469891738,0.00792970685240198,-0.00016528383947359796,166.0799804687499,-165.60001220703123,164.1727539062499,71.04000244140627,-65.76000061035154,70.47026367187482,58.07998046874991,312.4801269531249,504.134521484375,-200.6399902343751,-93.59995117187509,-41.04318847656259,-178.07999572753909,114.23994140624995,168.044921875
1763687963.5164597,6,3,2,-0.09757028460387684,0.06699491111598796,-1.7769969548782143,0.004675579533092668,0.0066130186374092365,0.00011864189680252434,161.2799316406249,-155.99997558593748,160.3009277343749,71.04000244140627,-65.76000061035154,74.34233398437482,46.07998046874991,300.4801269531249,484.7744140625,-186.2400878906251,-91.20004882812509,-52.65921630859384,-175.6800018310547,109.44001464843745,164.1728515625
1763687963.6250193,6,3,2,-0.043746277625577194,0.08588604793773029,-1.7176070694604868,0.002691395488220435,0.004527851973047687,0.00012876747720045928,144.4800048828124,-151.19998779296873,140.9408203124999,61.44002685546877,-60.96001281738279,51.11040039062482,58.07998046874991,278.8800292968749,449.926513671875,-171.8399414062501,-86.40000000000009,-41.04318847656259,-166.07999572753909,102.23994140624995,140.94091796875
1763687963.7191138,6,3,2,-0.005138813291947323,0.12372157556355175,-1.5369116857205753,0.0060958453743875695,0.002953043151344955,0.00020430972794641472,122.88002929687491,-141.60001220703123,137.0687499999999,51.84002075195315,-68.16000976562498,51.11040039062482,60.48000488281241,247.6800781249999,418.950439453125,-152.6399902343751,-79.20004882812509,-37.17124023437509,-156.48000488281252,97.44001464843745,121.580810546875
1763687963.8109252,6,3,2,-0.007097021333544742,0.16344035927860023,-1.2217123893174864,0.009021715545093185,0.0022136806475339336,-0.0004557723476734678,113.27993164062491,-131.99997558593748,117.70888671874991,44.6400085449219,-60.96001281738279,39.49443359374982,53.27993164062491,233.2799316406249,387.974365234375,-143.0401367187501,-69.59995117187509,-29.42722167968759,-144.48000488281252,97.44001464843745,109.96484375
1763687963.9209704,6,3,2,0.01872538216583486,0.133040849067395,-1.0333403419780942,0.005343445960400882,-1.60357341884923e-05,0.0001447503084620055,0,0,0,0,0,0,0,0,0,0,0,0,0,0,0
1763687964.1222801,6,3,2,-0.0014938304463514365,0.12734622175995947,-0.5935502470701693,0.006069604769554492,0.0015406728306375226,-0.00039765736658529304,70.07998046874991,-107.99997558593748,67.37294921874991,20.640008544921898,-46.56000366210935,16.262255859374818,50.87990722656241,154.0799804687499,275.6865234375,-99.83994140625009,-50.40000000000009,-25.55515136718759,-108.48000488281252,66.23994140624995,51.884765625
1763687964.2178411,6,3,2,0.004428165579459447,0.1046168549193297,-0.521288370269679,0.006779213705692195,-0.0012050074883311868,-5.465905944767457e-05,67.67995605468741,-95.99997558593748,55.75673828124991,23.040002441406273,-36.96001281738279,8.518359374999818,38.87990722656241,139.6799560546874,252.454345703125,-83.04013671875009,-40.80014648437509,-25.55515136718759,-96.48000488281252,66.23994140624995,48.0126953125
1763687964.3259804,6,3,2,-0.10294344939370201,0.006716026509543463,-0.3838000089818395,0.0027584261246642763,0.003352433272049247,-0.0008729210202986232,48.48000488281241,-83.99997558593748,48.01284179687491,11.040002441406273,-32.16000976562498,4.646289062499818,38.87990722656241,118.07998046874991,209.862548828125,-75.83994140625009,-40.80014648437509,-33.29916992187509,-82.08001098632815,51.840039062499955,28.65283203125
1763687964.5139804,6,3,2,-0.14625466820012883,0.09027749057961187,-0.2660988468889686,0.0034630101686345437,0.006341205659260591,2.576262376733946e-05,36.48000488281241,-71.99997558593748,28.65273437499991,8.640008544921898,-17.76000061035154,-3.097607421875182,38.87990722656241,89.28005371093741,178.886474609375,-59.04013671875009,-31.20004882812509,-29.42722167968759,-70.08001098632815,51.840039062499955,20.90869140625
1763687966.012641,6,3,2,-0.12922458498360812,0.035600549530484665,-0.20699139925094887,0.0011896360787997007,0.005711429235492454,-0.00027121546775621137,12.480004882812409,-57.60001220703123,5.420800781249909,-8.159979248046852,-8.160009765624977,-26.329541015625182,34.07998046874991,46.07998046874991,116.934326171875,-30.24008789062509,-24.00009765625009,-33.29916992187509,-46.08001098632815,35.039990234374955,-13.939208984375
1763687969.3341386,6,3,2,-0.1970207515058438,0.08324376076706724,-0.2721785027359592,0.0013811961214259681,0.006743844037870569,9.365794224145546e-05,12.480004882812409,-52.79996337890623,-2.323095703125091,-5.759985351562477,-0.9599975585937273,-18.585644531250182,29.27993164062491,46.07998046874991,109.1904296875,-32.63999023437509,-16.80014648437509,-37.17124023437509,-48.48000488281252,30.239941406249955,-17.811279296875
1763687969.5237536,6,3,2,-0.08056940319737554,-0.00904179606258498,-0.34985716065525896,-0.0005373464104809667,0.005063248660831121,0.00014280883639686368,22.07998046874991,-64.79996337890623,9.292871093749909,-3.3599914550781023,-8.160009765624977,-14.713574218750182,31.67995605468741,65.28005371093741,136.29443359375,-44.63999023437509,-26.40000000000009,-33.29916992187509,-58.08001098632815,42.239941406249955,-6.195068359375
1763687969.72943,6,3,2,-0.11807469288253394,0.0809370935539557,-0.3548388308767711,0.0026819723422215466,0.007016009281286193,-0.00016489749777955857,36.48000488281241,-71.99997558593748,28.65273437499991,3.8400207519531477,-15.360006713867165,0.7744628906248181,34.07998046874991,91.67995605468741,186.63037109375,-66.24008789062509,-36.00009765625009,-37.17124023437509,-72.48000488281252,49.440014648437455,13.164794921875
1763687970.0284247,6,3,2,-0.10065176782930504,0.10195369353461187,-1.0379254461851641,0.0043447182046035746,0.006057791934752758,6.529742468768429e-05,77.27993164062491,-103.19998779296873,78.98891601562491,27.840020751953148,-39.360006713867165,31.750292968749818,43.67995605468741,168.4800048828124,302.79052734375,-119.04013671875009,-57.59995117187509,-41.04318847656259,-113.27999267578127,75.84003906249995,71.244873046875
1763687970.1204948,6,3,2,-0.09389816825405577,0.1746475871220217,-1.3842365875102316,0.00682427745341053,0.008234753771347381,-0.00013169701644258043,98.88002929687491,-119.99997558593748,106.09291992187491,35.04000244140627,-39.360006713867165,35.62236328124982,41.27993164062491,187.6799560546874,341.510498046875,-140.6399902343751,-62.40000000000009,-41.04318847656259,-120.48000488281252,87.84003906249995,90.604736328125
1763687970.211943,6,3,2,-0.22608502210176054,0.19752178959024597,-1.4313193472354504,0.007453677240199978,0.012457293841507122,0.00024479394420516185,110.88002929687491,-124.79996337890623,113.83681640624991,39.84002075195315,-51.360006713867165,43.36625976562482,43.67995605468741,216.4801269531249,376.3583984375,-147.8399414062501,-69.59995117187509,-37.17124023437509,-139.6800018310547,90.23994140624995,106.0927734375
1763687970.3229587,6,3,2,-0.08703523440739037,0.19998108648278498,-1.5842177560998671,0.007302937960316075,0.008158399426287861,-0.00035968656437968785,132.4800048828124,-134.39999999999998,137.0687499999999,54.24001464843752,-48.96001281738279,58.85429687499982,46.07998046874991,247.6800781249999,415.078369140625,-169.4400390625001,-74.40000000000009,-41.04318847656259,-151.6800018310547,102.23994140624995,125.452880859375
1763687970.416063,6,3,2,-0.14225386785507024,0.15590478758407045,-1.7254195055465116,0.005529687268392573,0.010656642198881409,-0.00033496500832609405,137.2799316406249,-146.39999999999998,144.8128906249999,61.44002685546877,-58.56000366210935,58.85429687499982,53.27993164062491,262.0799804687499,449.926513671875,-183.8399414062501,-79.20004882812509,-41.04318847656259,-158.8799987792969,104.63996582031245,137.06884765625
1763687970.5261736,6,3,2,-0.1912308769630845,0.13777785527645486,-2.0167655538092375,0.008312036185049592,0.011649808924759643,0.00012247769801406795,154.0799804687499,-160.79996337890623,164.1727539062499,61.44002685546877,-60.96001281738279,78.21440429687482,46.07998046874991,283.6800781249999,484.7744140625,-205.4400390625001,-91.20004882812509,-52.65921630859384,-170.8799987792969,116.63996582031245,152.556884765625
1763687970.6191986,6,3,2,-0.2679225676553556,0.15070186322218818,-2.240307728773895,0.007606482707828764,0.017517944586082107,-0.00027260153601670165,170.8800292968749,-170.39999999999998,183.5328613281249,73.44002685546877,-63.360006713867165,82.08623046874982,50.87990722656241,317.2799316406249,527.366455078125,-222.2400878906251,-98.40000000000009,-56.53122558593759,-182.8799987792969,128.63996582031245,175.788818359375
1763687970.711963,6,3,2,-0.30427717940479837,0.15252452822650903,-2.4135706622131883,0.006049871471516393,0.01825165990879049,-0.00018473260497470093,194.8800292968749,-184.79996337890623,206.7647949218749,85.44002685546877,-70.56000366210935,93.70219726562482,50.87990722656241,350.8800292968749,577.702392578125,-243.8399414062501,-100.80014648437509,-60.40317382812509,-204.48000488281252,133.44001464843745,191.27685546875
1763687970.8266268,6,3,2,-0.29245795003038044,0.08674251081120168,-2.7318286367911995,0.006444682320776811,0.017751420112823654,0.000334368301721592,211.6799560546874,-201.60001220703123,226.1249023437499,95.04000244140627,-72.96001281738279,109.19047851562482,55.67995605468741,382.0799804687499,643.5263671875,-275.0401367187501,-117.59995117187509,-64.27518310546884,-223.6800018310547,145.44001464843745,222.2529296875
1763687970.9228394,6,3,2,-0.42308821007079334,0.13226912426932702,-3.064167003843808,0.0068298361969527,0.021179348034386158,5.8443037664556406e-05,230.8800292968749,-218.39999999999998,257.1007324218749,104.6400085449219,-75.36000671386716,124.67827148437482,50.87990722656241,413.2799316406249,686.118408203125,-303.8399414062501,-122.40000000000009,-72.01920166015634,-238.08001098632815,162.23994140624995,237.74072265625
1763687971.0267704,6,3,2,-0.4900934057781469,0.11737028522645858,-3.257928574111034,0.005581246862351111,0.027703935082394698,0.00029962341248444303,250.0799804687499,-230.39999999999998,264.8448730468749,119.04000244140627,-82.56000366210935,132.42241210937482,50.87990722656241,444.4801269531249,732.58251953125,-325.4400390625001,-132.0000976562501,-75.89121093750009,-259.68000946044924,169.44001464843745,268.716796875
1763687971.2140954,6,3,2,-0.4453692744135358,0.150874181992698,-3.7789155504355274,0.005383727199915398,0.025193700350046176,-4.745561100489345e-05,286.0799804687499,-263.9999755859375,307.4369140624999,126.24001464843752,-92.16000976562498,151.78227539062482,53.27993164062491,499.6800781249999,829.38232421875,-368.6399902343751,-146.4000000000001,-83.63522949218759,-290.88000640869143,191.03999023437495,299.69287109375
1763687971.7239017,6,3,2,-0.7425343359935223,0.24983941556445818,-4.575139861615701,0.013159052433256593,0.03975625153191212,-0.0003799202679085631,329.2799316406249,-304.8000244140625,361.6449218749999,147.84002075195315,-101.7600158691406,163.39848632812482,55.67995605468741,571.6800781249999,961.030517578125,-433.4400390625001,-168.0000976562501,-102.99521484375009,-331.68000946044924,217.44001464843745,342.284912109375
1763687971.9268148,6,3,2,-0.7025340532049003,0.15849451236696485,-4.357671522065794,0.007817237550619631,0.03618509317418544,-0.00039675073619210854,317.2799316406249,-304.8000244140625,369.3888183593749,145.44002685546877,-101.7600158691406,175.01420898437482,58.07998046874991,559.6800781249999,968.7744140625,-438.2400878906251,-168.0000976562501,-95.25119628906259,-331.68000946044924,222.23994140624995,346.15673828125
1763687972.019317,6,3,2,-0.6855529060814722,0.2886301097237031,-4.374925159194295,0.012737546708741901,0.036741625950672284,-8.008581919552882e-05,324.4800048828124,-307.1999877929687,369.3888183593749,143.04000244140627,-101.7600158691406,175.01420898437482,53.27993164062491,559.6800781249999,961.030517578125,-428.6399902343751,-170.4000000000001,-91.37918701171884,-322.0800071716309,217.44001464843745,342.284912109375
1763687972.1115594,6,3,2,-0.6693982642147328,0.1708516637045648,-4.305996590043192,0.008277578054664161,0.035350988420473343,-0.0005340955949445889,326.8800292968749,-302.4,373.2608886718749,147.84002075195315,-101.7600158691406,178.88627929687482,53.27993164062491,562.0799804687499,953.286376953125,-423.8399414062501,-165.5999511718751,-95.25119628906259,-329.28000793457034,210.23994140624995,346.15673828125
1763687972.1561108,6,3,2,-0.6567133876704235,0.17617233677397146,-4.259130410847931,0.007510653293425542,0.03494660634132897,-0.00013042249224354263,331.6799560546874,-304.8000244140625,365.5167480468749,147.84002075195315,-101.7600158691406,175.01420898437482,55.67995605468741,566.8800292968749,957.158447265625,-433.4400390625001,-160.8001464843751,-91.37918701171884,-322.0800071716309,217.44001464843745,350.02880859375
1763687972.3149958,6,3,2,-0.6399572041296124,0.22346653455711585,-4.28403582140724,0.009901940235555854,0.03464529270809998,-0.00036772821672727057,324.4800048828124,-304.8000244140625,357.7728515624999,145.44002685546877,-101.7600158691406,171.14213867187482,53.27993164062491,562.0799804687499,957.158447265625,-428.6399902343751,-165.5999511718751,-95.25119628906259,-326.8800102233887,215.03999023437495,350.02880859375
1763687972.4241335,6,3,2,-0.6189173830356844,0.2106872595069555,-4.269130738780141,0.009159998307840662,0.03257942889802081,-5.236903938707956e-05,338.8800292968749,-307.1999877929687,357.7728515624999,152.6400085449219,-104.16000976562498,175.01420898437482,53.27993164062491,576.4801269531249,968.7744140625,-431.0401367187501,-170.4000000000001,-91.37918701171884,-336.4800086975098,217.44001464843745,357.772705078125
1763687972.5161953,6,3,2,-0.5361344258201688,0.07306492990992572,-4.273977851226945,0.003204334461551446,0.02908609760315007,-0.00038199235943743364,341.2799316406249,-304.8000244140625,361.6449218749999,157.43999633789065,-101.7600158691406,171.14213867187482,55.67995605468741,595.6800781249999,961.030517578125,-435.8399414062501,-168.0000976562501,-102.99521484375009,-336.4800086975098,212.63996582031245,361.644775390625
1763687972.559643,6,3,2,-0.542578623140604,0.03837810599226546,-4.2933826686352665,0.002413696669027619,0.02903892651952629,-0.0003111246280034911,0,0,0,0,0,0,0,0,0,0,0,0,0,0,0
1763687972.6528547,6,3,2,-0.506344865253463,-0.010971346456315978,-4.319268040041351,-0.00015066900494981397,0.026911085599281757,-0.00017154874474554615,341.2799316406249,-309.6000122070312,369.3888183593749,162.24004516601565,-104.16000976562498,182.75834960937482,58.07998046874991,595.6800781249999,968.7744140625,-438.2400878906251,-175.2000488281251,-102.99521484375009,-341.28000793457034,212.63996582031245,365.516845703125
1763687972.74678,6,3,2,-0.5306714223104279,0.06430295988035667,-4.363122796789534,0.0019513318962162442,0.028533194217150632,0.00020676094124965228,348.4800048828124,-304.8000244140625,377.1329589843749,159.84002075195315,-101.7600158691406,175.01420898437482,55.67995605468741,595.6800781249999,976.5185546875,-433.4400390625001,-170.4000000000001,-99.12320556640634,-343.68000946044924,217.44001464843745,365.516845703125
1763687972.920767,6,3,2,-0.4840026248813717,0.02963936826144206,-4.271524040456441,-0.000806263175885169,0.0261451925612656,-0.0003175845145101401,358.0799804687499,-307.1999877929687,365.5167480468749,167.0400329589844,-99.36000671386716,175.01420898437482,55.67995605468741,612.4801269531249,976.5185546875,-435.8399414062501,-170.4000000000001,-106.86722412109384,-343.68000946044924,215.03999023437495,377.1328125
1763687973.1215918,6,3,2,-0.47833704385206116,-0.059926327894963605,-4.3126253743517795,-0.002888358301422587,0.02588897695801918,-0.0003335833255601918,355.6799560546874,-314.4,369.3888183593749,171.84002075195315,-101.7600158691406,186.63041992187482,53.27993164062491,614.8800292968749,972.646484375,-435.8399414062501,-172.8001464843751,-114.61118164062509,-346.08001098632815,215.03999023437495,381.0048828125
1763687973.2163815,6,3,2,-0.4672754715774592,-0.029348656300488246,-4.32467337728459,-0.0012883376097242438,0.025992770350283002,0.00013547428282005493,358.0799804687499,-307.1999877929687,365.5167480468749,167.0400329589844,-101.7600158691406,182.75834960937482,53.27993164062491,619.6800781249999,972.646484375,-435.8399414062501,-175.2000488281251,-110.73917236328134,-343.68000946044924,215.03999023437495,377.1328125
1763687973.3265705,6,3,2,-0.4362977005173395,-0.08215810323246903,-4.352212678711938,-0.004552470704826537,0.02333983003309539,0.00011525265523743954,355.6799560546874,-309.6000122070312,369.3888183593749,169.43999633789065,-104.16000976562498,186.63041992187482,53.27993164062491,614.8800292968749,976.5185546875,-431.0401367187501,-175.2000488281251,-102.99521484375009,-343.68000946044924,219.84003906249995,373.2607421875
1763687973.3395772,6,3,2,-0.4518577784492467,-0.08170497462068403,-4.386354431170719,-0.004896384231479048,0.02327712133877013,0.0001015844766281747,353.2799316406249,-314.4,381.0047851562499,164.6400085449219,-104.16000976562498,178.88627929687482,53.27993164062491,612.4801269531249,980.390380859375,-438.2400878906251,-172.8001464843751,-99.12320556640634,-348.4800086975098,215.03999023437495,373.2607421875
1763687973.448096,6,3,2,-0.478338645340571,0.055336674462355726,-4.269105621976463,8.954152394361273e-05,0.026098127711688845,0.00023216961659220953,350.8800292968749,-309.6000122070312,365.5167480468749,162.24004516601565,-101.7600158691406,178.88627929687482,55.67995605468741,614.8800292968749,984.262451171875,-438.2400878906251,-175.2000488281251,-106.86722412109384,-346.08001098632815,217.44001464843745,381.0048828125
1763687973.7141275,6,3,2,-0.4691864374823024,0.06069948596595548,-4.211189620266616,0.0020123609926182232,0.02521045297512346,0.0004950903563109505,355.6799560546874,-311.9999755859375,369.3888183593749,159.84002075195315,-108.96001281738279,171.14213867187482,60.48000488281241,607.6800781249999,980.390380859375,-435.8399414062501,-172.8001464843751,-106.86722412109384,-346.08001098632815,217.44001464843745,373.2607421875
1763687973.8219028,6,3,2,-0.49749330802590563,0.08221005558774207,-4.207945276061263,0.002663513345545373,0.026312481581262682,-0.00012785262873654408,353.2799316406249,-311.9999755859375,361.6449218749999,162.24004516601565,-101.7600158691406,175.01420898437482,55.67995605468741,610.0799804687499,980.390380859375,-433.4400390625001,-175.2000488281251,-102.99521484375009,-348.4800086975098,217.44001464843745,377.1328125
1763687974.0254328,6,3,2,-0.5424330490457792,0.07196393724317662,-4.1222589626468995,0.002911208729103168,0.0280315211182878,-0.00048554440337532454,334.0799804687499,-307.1999877929687,365.5167480468749,152.6400085449219,-104.16000976562498,175.01420898437482,58.07998046874991,590.8800292968749,964.90234375,-438.2400878906251,-172.8001464843751,-106.86722412109384,-338.8800102233887,215.03999023437495,361.644775390625
1763687974.214205,6,3,2,-0.5626747429010943,0.08601282448516266,-3.7047487521269464,0.00215496697845592,0.028042600930031122,0.00012826252215099093,298.0799804687499,-275.9999755859375,319.0528808593749,133.44002685546877,-92.16000976562498,155.65434570312482,53.27993164062491,521.2799316406249,856.486328125,-378.2400878906251,-153.5999511718751,-91.37918701171884,-295.68000946044924,195.84003906249995,311.308837890625
1763687974.321422,6,3,2,-0.3753401463660917,0.14705518137987394,-3.03417843062413,0.005943125364879442,0.0203927788453455,-0.0008746396728000145,269.2799316406249,-254.39999999999998,291.9488769531249,123.84002075195315,-87.36000671386716,140.16655273437482,53.27993164062491,475.6800781249999,790.662353515625,-347.0401367187501,-141.5999511718751,-72.01920166015634,-278.88000640869143,179.03999023437495,280.332763671875
1763687974.4136598,6,3,2,-0.3677156720853594,0.21490829037054665,-2.7231400591112265,0.008779879181931337,0.021228633869514214,-0.00020967703477812582,240.4800048828124,-230.39999999999998,264.8448730468749,102.24001464843752,-80.16000976562498,120.80620117187482,50.87990722656241,430.0799804687499,720.966552734375,-311.0401367187501,-134.4000000000001,-60.40317382812509,-252.48000488281252,164.63996582031245,245.48486328125
1763687974.6135788,6,3,2,-0.26757977050908394,0.17953644964887958,-1.814227037699908,0.008310656727736117,0.015145294258988685,-0.0009022044799122438,173.2799316406249,-189.60001220703123,195.1488281249999,73.44002685546877,-80.16000976562498,89.83012695312482,55.67995605468741,331.6800781249999,573.83056640625,-231.8399414062501,-98.40000000000009,-44.91519775390634,-197.28000793457034,131.03999023437495,179.660888671875
1763687974.8269045,6,3,2,-0.17970543826664234,0.2376718399918512,-1.0529468839192102,0.013288125964386471,0.00827082984570912,-0.000615622193724839,127.67995605468741,-148.79996337890623,144.8128906249999,54.24001464843752,-58.56000366210935,58.85429687499982,46.07998046874991,245.2799316406249,438.310546875,-174.2400878906251,-74.40000000000009,-41.04318847656259,-156.48000488281252,107.03999023437495,133.19677734375
1763687974.922555,6,3,2,-0.1234229352513756,0.18000850004812402,-0.8451063995707373,0.010226477033577852,0.005338931589360961,-0.0007070145609521486,110.88002929687491,-141.60001220703123,129.3248535156249,37.44002685546877,-56.16000976562498,39.49443359374982,48.48000488281241,221.2799316406249,407.33447265625,-152.6399902343751,-72.00009765625009,-37.17124023437509,-149.28000793457034,97.44001464843745,109.96484375
1763687975.0146358,6,3,2,-0.08100364749638153,0.2918999115981511,-0.6835956993801938,0.013378747897274458,0.004740308080938423,-0.0007239220927300577,94.07998046874991,-131.99997558593748,109.96474609374991,30.240014648437523,-51.360006713867165,35.62236328124982,48.48000488281241,192.4800048828124,368.614501953125,-140.6399902343751,-57.59995117187509,-21.68320312500009,-130.07999572753909,92.63996582031245,86.73291015625
1763687975.1231859,6,3,2,-0.07270220090835633,0.25169593353097963,-0.5155081250734845,0.01329277081861548,0.003657875926273639,-0.00019191401298318967,82.07998046874991,-122.39999999999998,94.47695312499991,23.040002441406273,-48.96001281738279,31.750292968749818,48.48000488281241,180.4800048828124,341.510498046875,-121.44003906250009,-55.20004882812509,-21.68320312500009,-122.8799987792969,87.84003906249995,75.11669921875
1763687975.2163641,6,3,2,-0.08711000499440671,0.20071983319462744,-0.43939958263310863,0.010559784858828438,0.002259379380737265,-0.00025060642330225914,74.88002929687491,-115.19998779296873,90.60488281249991,18.240014648437523,-46.56000366210935,27.878466796874818,43.67995605468741,163.6799560546874,306.662353515625,-109.44003906250009,-48.00009765625009,-29.42722167968759,-118.08001098632815,80.63996582031245,71.244873046875
1763687975.3244116,6,3,2,-0.03303557152830364,0.1987326559947557,-0.3678049174829424,0.00804778682102016,0.0027911645536923867,-0.0003141950845213465,60.48000488281241,-110.39999999999998,75.11684570312491,13.439996337890648,-46.56000366210935,12.390429687499818,46.07998046874991,144.4800048828124,287.302490234375,-92.63999023437509,-45.59995117187509,-13.939184570312591,-108.48000488281252,73.44001464843745,51.884765625
1763687975.3669446,6,3,2,-0.04271446736074198,0.17208193118295376,-0.33406681183474224,0.007994987205144966,0.0033555599334906465,-0.0006125819634735135,62.88002929687491,-107.99997558593748,78.98891601562491,18.240014648437523,-48.96001281738279,8.518359374999818,46.07998046874991,144.4800048828124,287.302490234375,-97.44003906250009,-48.00009765625009,-13.939184570312591,-103.67998657226565,66.23994140624995,51.884765625
1763687975.459984,6,3,2,-0.008620915961066511,0.25147359168994865,-0.23660608291185398,0.01105552382287846,-7.4923600402958e-05,-0.0006504978126540201,53.27993164062491,-100.79996337890623,59.62880859374991,11.040002441406273,-41.76000061035154,12.390429687499818,46.07998046874991,127.67995605468741,267.9423828125,-85.44003906250009,-40.80014648437509,-17.81125488281259,-98.8799987792969,68.63996582031245,40.268798828125
1763687975.620277,6,3,2,0.014125529439771078,0.15459677100715138,-0.21838023934338055,0.007090327184861247,-0.0004088377553913185,-0.0005748204045940256,0,0,0,0,0,0,0,0,0,0,0,0,0,0,0
1763687975.9137175,6,3,2,-0.12430320176971715,0.06826865101476576,-0.24687712684418311,0.004135676521197286,0.005703034737513594,-4.094016091028558e-05,46.07998046874991,-81.60001220703123,44.14077148437491,13.439996337890648,-22.560003662109352,12.390429687499818,34.07998046874991,98.88002929687491,198.246337890625,-66.24008789062509,-31.20004882812509,-33.29916992187509,-74.8799987792969,51.840039062499955,20.90869140625
1763687977.0221603,6,3,2,-0.14734817044136547,-0.003296580843376591,-0.22364716541184232,0.0010363534659059014,0.00577545318576223,-0.00011793948076015733,24.48000488281241,-69.60001220703123,20.90883789062491,3.8400207519531477,-8.160009765624977,-18.585644531250182,36.48000488281241,72.48000488281241,151.782470703125,-47.04013671875009,-24.00009765625009,-37.17124023437509,-65.27999267578127,39.840039062499955,1.548828125
1763687977.8206959,6,3,2,-0.13779707417382187,0.030929192995174878,-0.2074152044295983,0.0011628576195732239,0.005777815997328321,0.0002762626889136931,19.67995605468741,-62.39999999999998,13.164941406249909,-0.9599975585937273,-10.560003662109352,-14.713574218750182,36.48000488281241,55.67995605468741,136.29443359375,-42.24008789062509,-26.40000000000009,-29.42722167968759,-55.67998657226565,37.440014648437455,-10.067138671875
1763687978.8504148,6,3,2,-0.1418290357920603,0.015502532204719102,-0.2441493778478503,2.8591648489383813e-06,0.005615575462089594,-0.0004442265883281703,19.67995605468741,-59.99997558593748,5.420800781249909,-0.9599975585937273,-5.760015869140602,-22.457714843750182,34.07998046874991,55.67995605468741,124.678466796875,-37.44003906250009,-24.00009765625009,-37.17124023437509,-58.08001098632815,35.039990234374955,-13.939208984375
1763687979.4169595,6,3,2,-0.1466213246302694,0.033443461753272175,-0.20730602204197918,0.0011688922154292785,0.0064196069916835075,-3.6430530828561176e-05,17.27993164062491,-57.60001220703123,-6.195166015625091,-3.3599914550781023,-0.9599975585937273,-22.457714843750182,36.48000488281241,53.28005371093741,120.806396484375,-35.04013671875009,-19.20004882812509,-33.29916992187509,-55.67998657226565,35.039990234374955,-13.939208984375
1763687979.6443172,6,3,2,-0.12782370246059363,0.05283809958032186,-0.20863396132086587,0.0009928286158247812,0.006251686155684182,-0.0001177007997541495,17.27993164062491,-52.79996337890623,5.420800781249909,-5.759985351562477,-0.9599975585937273,-30.201611328125182,34.07998046874991,53.28005371093741,120.806396484375,-35.04013671875009,-21.59995117187509,-41.04318847656259,-53.27999267578127,32.639965820312455,-6.195068359375
1763687979.833143,6,3,2,-0.1440732610062896,0.025784007214007785,-0.22577794749891153,0.0006076108874904034,0.005730429107622741,0.00011138800332168301,7.679956054687409,-57.60001220703123,-2.323095703125091,-8.159979248046852,-5.760015869140602,-18.585644531250182,34.07998046874991,48.48000488281241,113.0625,-32.63999023437509,-19.20004882812509,-33.29916992187509,-53.27999267578127,32.639965820312455,-17.811279296875
1763687980.329972,6,3,2,-0.12671397326238037,0.04613601576620365,-0.20847798920167385,0.0007764730690793597,0.005398652496406019,-0.00019637940321507396,12.480004882812409,-59.99997558593748,5.420800781249909,-8.159979248046852,-8.160009765624977,-22.457714843750182,36.48000488281241,46.07998046874991,109.1904296875,-30.24008789062509,-14.400000000000091,-29.42722167968759,-48.48000488281252,30.239941406249955,-17.811279296875
1763687980.6228695,6,3,2,-0.12204249427376637,0.06071122783273381,-0.20539319892154498,0.0017337518224738268,0.0056523276291543315,-0.00019234339498465217,0,0,0,0,0,0,0,0,0,0,0,0,0,0,0
1763687980.8247468,6,3,2,-0.09848386406549245,0.08629380270826623,-0.2201891909705244,0.002443132107267859,0.005362760774722417,-0.00035333343718814094,19.67995605468741,-64.79996337890623,9.292871093749909,-0.9599975585937273,-10.560003662109352,-18.585644531250182,36.48000488281241,60.48000488281241,140.16650390625,-39.83994140625009,-21.59995117187509,-37.17124023437509,-62.8799987792969,35.039990234374955,-6.195068359375
1763687980.9188867,6,3,2,-0.16497423466854766,-0.015327955375020859,-0.32480086039310935,0.0008967874695030321,0.00647910826876731,-0.00023155560775178872,22.07998046874991,-64.79996337890623,13.164941406249909,1.4399963378906477,-8.160009765624977,-14.713574218750182,34.07998046874991,70.07998046874991,144.038330078125,-47.04013671875009,-26.40000000000009,-37.17124023437509,-60.48000488281252,39.840039062499955,1.548828125
1763687981.025462,6,3,2,-0.0999096845418646,0.057809764560310485,-0.3289499948164152,0.0004978214322033407,0.005896215819704993,-0.0002416934765590332,26.88002929687491,-64.79996337890623,13.164941406249909,-0.9599975585937273,-10.560003662109352,-10.841748046875182,34.07998046874991,70.07998046874991,151.782470703125,-56.63999023437509,-31.20004882812509,-33.29916992187509,-60.48000488281252,37.440014648437455,1.548828125
1763687981.1195261,6,3,2,-0.018084929530020947,0.049449355650934175,-0.3460514228445761,0.0012908443036889223,0.005104948910321862,0.00014668723401210006,29.27993164062491,-74.39999999999998,28.65273437499991,3.8400207519531477,-15.360006713867165,-3.097607421875182,31.67995605468741,82.07998046874991,171.142333984375,-61.44003906250009,-28.80014648437509,-37.17124023437509,-67.67998657226565,49.440014648437455,9.292724609375
1763687981.215268,6,3,2,-0.15801168097972007,0.15744343412447803,-0.5164558573925548,0.00441692070675123,0.008382250844117907,-6.488515381252455e-05,43.67995605468741,-81.60001220703123,36.39687499999991,11.040002441406273,-20.160009765624977,4.646289062499818,36.48000488281241,101.28005371093741,202.118408203125,-73.44003906250009,-38.40000000000009,-33.29916992187509,-79.67998657226565,54.239941406249955,28.65283203125
1763687981.2898903,6,3,2,-0.14278020820346343,0.15124559257534514,-0.46353023581992225,0.004889404462676939,0.007428070102752945,-0.00035639271717560013,62.88002929687491,-86.39999999999998,59.62880859374991,20.640008544921898,-24.96001281738279,16.262255859374818,38.87990722656241,130.0799804687499,233.094482421875,-90.24008789062509,-40.80014648437509,-33.29916992187509,-89.27999267578127,61.440014648437455,44.140869140625
1763687981.424346,6,3,2,-0.07133332774464061,0.10818364707229756,-0.8892391980480202,0.0037788334904672307,0.005250494755032267,3.686853022751078e-05,79.67995605468741,-100.79996337890623,78.98891601562491,30.240014648437523,-34.56000366210935,27.878466796874818,41.27993164062491,163.6799560546874,291.174560546875,-109.44003906250009,-55.20004882812509,-37.17124023437509,-110.8799987792969,68.63996582031245,67.372802734375
1763687981.4791288,6,3,2,-0.06072742581337784,0.11103154472098231,-0.9596665644417927,0.0032843517853919173,0.0056049235132870166,0.00040023044686487194,86.88002929687491,-112.79996337890623,90.60488281249991,32.6400085449219,-36.96001281738279,31.750292968749818,43.67995605468741,180.4800048828124,314.406494140625,-121.44003906250009,-55.20004882812509,-37.17124023437509,-118.08001098632815,73.44001464843745,78.98876953125
1763687981.622219,6,3,2,-0.18607149290151187,0.12263990144129158,-1.3365367692498362,0.005714989543931539,0.01070817820151809,0.00012066258482669868,110.88002929687491,-127.19998779296873,121.58095703124991,42.24001464843752,-46.56000366210935,35.62236328124982,43.67995605468741,206.8800292968749,372.486328125,-138.2400878906251,-64.80014648437509,-48.78720703125009,-134.8799987792969,90.23994140624995,102.220703125
1763687981.713763,6,3,2,-0.1412218038659833,0.19326021733634907,-1.5295551091094963,0.007945218916895962,0.008072554879046383,0.0002889707205682209,132.4800048828124,-141.60001220703123,137.0687499999999,59.04000244140627,-51.360006713867165,51.11040039062482,46.07998046874991,250.0799804687499,422.822509765625,-164.6399902343751,-74.40000000000009,-48.78720703125009,-154.07999572753909,97.44001464843745,133.19677734375
1763687981.8257349,6,3,2,-0.20733209868724758,0.11061048405841818,-1.887104436202708,0.006309651561662745,0.009430769358002127,0.0004747533667147413,142.0799804687499,-151.19998779296873,156.4288574218749,63.84002075195315,-58.56000366210935,66.59843749999982,43.67995605468741,276.4801269531249,457.67041015625,-183.8399414062501,-76.80014648437509,-48.78720703125009,-170.8799987792969,109.44001464843745,148.684814453125
1763687981.8855038,6,3,2,-0.18154528916769858,0.08561263330255138,-1.7372085252083536,0.006155201887845819,0.009228997323678842,0.00045145320908033203,158.8800292968749,-163.19998779296873,168.0448242187499,63.84002075195315,-58.56000366210935,70.47026367187482,48.48000488281241,283.6800781249999,488.646484375,-205.4400390625001,-81.59995117187509,-44.91519775390634,-178.07999572753909,116.63996582031245,148.684814453125
1763687982.016565,6,3,2,-0.28601737948446,0.22437518329873976,-2.2387724897851307,0.008362241391520763,0.019072892772798996,-0.00011841641158758897,175.6799560546874,-177.60001220703123,191.2767578124999,80.6400085449219,-68.16000976562498,78.21440429687482,55.67995605468741,319.6800781249999,546.7265625,-224.6399902343751,-96.00009765625009,-52.65921630859384,-194.8799987792969,128.63996582031245,179.660888671875
1763687982.07169,6,3,2,-0.31202479203089195,0.18930677037745833,-2.2564179383728393,0.008077235874965455,0.019476887733898454,0.000424622730617881,185.2799316406249,-187.19998779296873,199.0208984374999,80.6400085449219,-70.56000366210935,85.95854492187482,53.27993164062491,343.6800781249999,558.342529296875,-236.6399902343751,-100.80014648437509,-52.65921630859384,-202.08001098632815,128.63996582031245,187.40478515625
1763687982.219121,6,3,2,-0.29219415354672956,0.08693354285932135,-2.7620842584268974,0.002764482117644529,0.01674209965671764,0.000776324862170657,209.2799316406249,-208.79996337890623,229.9969726562499,95.04000244140627,-77.7600158691406,97.57426757812482,55.67995605468741,386.8800292968749,643.5263671875,-275.0401367187501,-110.40000000000009,-64.27518310546884,-228.48000488281252,152.63996582031245,218.380859375
1763687982.3149927,6,3,2,-0.32522380829283937,0.20724797524917904,-2.908023944186737,0.008863454353573157,0.01924697995365727,0.00019373840079134016,228.4800048828124,-215.99997558593748,245.4847656249999,102.24001464843752,-80.16000976562498,109.19047851562482,55.67995605468741,406.0799804687499,678.37451171875,-296.6399902343751,-117.59995117187509,-68.14719238281259,-235.6800018310547,162.23994140624995,237.74072265625
1763687982.422135,6,3,2,-0.42100677544832676,0.14853131180342524,-3.340215068526717,0.006020663066585661,0.024383530891142046,0.00042466110536277515,250.0799804687499,-230.39999999999998,268.7169433593749,116.6400085449219,-80.16000976562498,120.80620117187482,55.67995605468741,442.0799804687499,717.094482421875,-315.8399414062501,-129.5999511718751,-75.89121093750009,-254.88000640869143,167.03999023437495,260.972900390625
1763687982.4665015,6,3,2,-0.40608125520826366,0.15826247364238452,-3.2709698270376544,0.006617416888605364,0.024369708158427178,6.015495621128483e-05,0,0,0,0,0,0,0,0,0,0,0,0,0,0,0
1763687982.6267483,6,3,2,-0.3647559484114306,0.1538590353477785,-3.663313306376379,0.00497238201238111,0.022353893918352782,-0.00016565526229198003,290.8800292968749,-266.4,311.3087402343749,131.04000244140627,-94.56000366210935,136.29448242187482,58.07998046874991,502.0799804687499,840.99853515625,-363.8399414062501,-141.5999511718751,-83.63522949218759,-295.68000946044924,188.63996582031245,303.564697265625
1763687982.7203813,6,3,2,-0.4930911510394568,0.15150720213260233,-4.02806865642333,0.006133073876369269,0.02699135357621064,2.378595996085746e-05,317.2799316406249,-285.6000122070312,330.6688476562499,147.84002075195315,-101.7600158691406,159.52641601562482,62.87990722656241,550.0799804687499,891.33447265625,-390.2400878906251,-151.2000488281251,-87.50717773437509,-314.88000640869143,200.63996582031245,334.540771484375
1763687982.7483125,6,3,2,-0.47525030122088874,0.1309982734490157,-3.9625275382521603,0.005817221575800906,0.0269398499691145,-0.00010885254350924455,324.4800048828124,-287.9999755859375,342.2848144531249,155.0400329589844,-104.16000976562498,163.39848632812482,58.07998046874991,564.4801269531249,906.822509765625,-399.8399414062501,-153.5999511718751,-91.37918701171884,-319.68000946044924,200.63996582031245,338.412841796875
1763687982.9215188,6,3,2,-0.5737390349275301,0.030882716736187005,-4.673749402729934,-0.00043823336667305965,0.02939564406316947,0.00032326514701750157,355.6799560546874,-328.8000244140625,384.8768554687499,162.24004516601565,-118.56000366210935,178.88627929687482,62.87990722656241,629.2799316406249,1022.982421875,-443.0401367187501,-170.4000000000001,-102.99521484375009,-362.8800102233887,224.63996582031245,377.1328125
1763687983.0286882,6,3,2,-0.6218094090600008,0.09217188545736257,-5.01667720435163,0.002608100280654637,0.03261640945348801,0.0002878537626242977,386.8800292968749,-347.9999755859375,404.2369628906249,181.43999633789065,-116.16000976562498,194.37456054687482,62.87990722656241,674.8800292968749,1081.0625,-476.6399902343751,-184.8001464843751,-114.61118164062509,-382.08001098632815,234.23994140624995,411.980712890625
1763687983.2182584,6,3,2,-0.6253017770167546,-0.02008469008869576,-5.899457218486496,-0.003946537769573308,0.033580592347375676,0.00042305192632655,439.6799560546874,-386.4,450.7008300781249,207.84002075195315,-125.7600158691406,209.86235351562482,62.87990722656241,754.0799804687499,1204.966552734375,-529.4400390625001,-194.4000000000001,-133.97122802734384,-422.88001403808596,253.44001464843745,462.31689453125
1763687983.3293362,6,3,2,-0.7626699288276613,-0.016999542399663864,-6.401511815588203,-0.0029745459918675936,0.040616594808037455,0.0005627270949558347,0,0,0,0,0,0,0,0,0,0,0,0,0,0,0
1763687983.5139399,6,3,2,-0.8238581989454749,0.003590360607361537,-7.133365810685463,-0.001187626705994066,0.04173419584019725,0.0009333355321612881,511.6799560546874,-451.1999877929687,516.5248046874999,243.84002075195315,-142.56001129150388,244.71049804687482,58.07998046874991,878.8800292968749,1390.822509765625,-611.0401367187501,-216.0000976562501,-164.94718017578134,-492.48001251220705,289.44001464843745,543.62890625
1763687983.623103,6,3,2,-0.863003870012546,-0.0916258517250709,-7.595664855034688,-0.00735800133773129,0.04596682186592067,0.0005162004680707905,535.6799560546874,-470.4,532.0128417968749,251.0400329589844,-147.3600143432617,248.58256835937482,62.87990722656241,910.0799804687499,1448.902587890625,-630.2400878906251,-230.4000000000001,-164.94718017578134,-509.28001556396487,301.44001464843745,562.98876953125
1763687983.72691,6,3,2,-0.9110865006383911,0.026109933523250972,-7.954981895232965,-0.0038579706320446844,0.04992700495434818,0.0007066673271081559,550.0799804687499,-489.6000122070312,566.8607421874999,255.84002075195315,-154.56001129150388,256.3262207031248,65.27993164062491,934.0799804687499,1514.726318359375,-659.0401367187501,-230.4000000000001,-168.8191894531251,-528.4800201416016,311.03999023437495,582.348876953125
1763687983.9181483,6,3,2,-0.8747063897162026,-0.031472683882790425,-8.208752043328772,-0.00469771375680373,0.046769840724354625,0.0010074172393587902,559.6799560546874,-496.79999389648435,559.1168457031249,258.24004516601565,-152.16000976562498,256.3262207031248,67.67995605468741,953.2799316406249,1518.598388671875,-651.8399414062501,-237.5999511718751,-164.94718017578134,-538.0800109863281,311.03999023437495,582.348876953125
1763687984.0245957,6,3,2,-0.8278943050270635,0.04032559769455121,-7.858351386610626,-0.0008035884134362757,0.04524224196217532,0.0008299740063668999,542.8800292968749,-494.4,555.2447753906249,246.24004516601565,-166.56001129150388,244.71049804687482,82.07998046874991,934.0799804687499,1518.598388671875,-649.4400390625001,-225.5999511718751,-149.4592041015626,-526.0800109863281,308.63996582031245,566.86083984375
1763687984.1196988,6,3,2,-0.8021104882471903,0.23498712639271543,-7.718603266550652,0.008907933683024455,0.041791089036358135,0.0005134160732001027,535.6799560546874,-487.20001831054685,551.3729492187499,246.24004516601565,-164.16000976562498,244.71049804687482,82.07998046874991,922.0799804687499,1499.238525390625,-639.8399414062501,-225.5999511718751,-153.33121337890634,-521.2800231933594,308.63996582031245,562.98876953125
1763687984.2262568,6,3,2,-0.7065312107097517,0.2215270196437715,-7.40744234458888,0.007088365896381512,0.03882073948010315,0.000694799183272404,535.6799560546874,-492.0000061035156,547.5008789062499,246.24004516601565,-166.56001129150388,233.09428710937482,79.67995605468741,929.2799316406249,1506.982666015625,-642.2400878906251,-223.2000488281251,-153.33121337890634,-526.0800109863281,303.84003906249995,559.11669921875
1763687984.3225093,6,3,2,-0.6928117257607525,0.23081754105595537,-7.4940669096447845,0.0061435013685383205,0.03736606823397402,0.0005803289439905838,523.6799560546874,-487.20001831054685,543.6288085937499,239.0400329589844,-166.56001129150388,248.58256835937482,82.07998046874991,910.0799804687499,1487.622314453125,-637.4400390625001,-223.2000488281251,-141.7151855468751,-518.880014038086,301.44001464843745,547.500732421875
1763687984.4175785,6,3,2,-0.7702236199002416,0.29534441329031397,-7.320154712702112,0.012223773160222925,0.04066536419823883,0.0007426953208038278,526.0799804687499,-489.6000122070312,551.3729492187499,234.24004516601565,-166.56001129150388,240.83842773437482,82.07998046874991,900.4801269531249,1495.366455078125,-635.0401367187501,-225.5999511718751,-153.33121337890634,-516.4800201416016,306.23994140624995,543.62890625
1763687984.5283453,6,3,2,-0.7998563392920988,0.3163732432292996,-7.13129684900529,0.013272670051606808,0.04198639800972668,0.0006569858613149574,518.8800292968749,-477.6000122070312,535.8849121093749,231.84002075195315,-166.56001129150388,236.96635742187482,86.87990722656241,898.0799804687499,1472.134521484375,-630.2400878906251,-218.4000000000001,-141.7151855468751,-514.0800109863281,306.23994140624995,547.500732421875
1763687984.620708,6,3,2,-0.7199737825593691,0.22226801911229413,-6.929019305197086,0.008582967885325081,0.03770916346516705,0.0004810834718948073,521.2800537109374,-477.6000122070312,539.7567382812499,236.6400085449219,-166.56001129150388,229.22221679687482,79.67995605468741,910.0799804687499,1472.134521484375,-632.6399902343751,-223.2000488281251,-141.7151855468751,-516.4800201416016,296.63996582031245,543.62890625
1763687984.716878,6,3,2,-0.7302759304588899,0.1864906046683359,-7.038103418567575,0.006567408376892084,0.03888332944255309,0.00043676846444156217,518.8800292968749,-482.4,547.5008789062499,234.24004516601565,-166.56001129150388,240.83842773437482,82.07998046874991,890.8800292968749,1483.750244140625,-635.0401367187501,-225.5999511718751,-141.7151855468751,-509.28001556396487,299.03999023437495,547.500732421875
1763687984.8265798,6,3,2,-0.8602542449517876,0.30790773400660854,-6.930683827523945,0.013037607941380215,0.045627170823020285,-5.231782075393841e-05,516.4800048828124,-480.0000061035156,547.5008789062499,234.24004516601565,-164.16000976562498,244.71049804687482,77.27993164062491,895.6800781249999,1483.750244140625,-642.2400878906251,-225.5999511718751,-145.58719482421884,-516.4800201416016,303.84003906249995,543.62890625
1763687984.9178572,6,3,2,-0.8540127437702676,0.2215537317584729,-7.080680009886375,0.008943915371816023,0.0453143776222308,0.0002746043211614112,526.0799804687499,-482.4,547.5008789062499,234.24004516601565,-161.76000823974607,240.83842773437482,77.27993164062491,905.2799316406249,1479.878662109375,-642.2400878906251,-225.5999511718751,-153.33121337890634,-516.4800201416016,303.84003906249995,555.244873046875
1763687985.0270274,6,3,2,-0.7911824012112714,0.1214805288107903,-6.879870364243909,0.004015311776909017,0.04258869350460422,-0.0001364506743016542,526.0799804687499,-480.0000061035156,547.5008789062499,239.0400329589844,-161.76000823974607,240.83842773437482,74.87990722656241,905.2799316406249,1487.622314453125,-639.8399414062501,-228.0000976562501,-149.4592041015626,-518.880014038086,303.84003906249995,551.372802734375
1763687985.1168816,6,3,2,-0.8618869079989623,0.22430492272904046,-6.95139525755878,0.007169085195950673,0.04414973763851606,0.000312571850918617,521.2800537109374,-482.4,543.6288085937499,236.6400085449219,-164.16000976562498,240.83842773437482,72.48000488281241,898.0799804687499,1491.494384765625,-642.2400878906251,-225.5999511718751,-149.4592041015626,-516.4800201416016,308.63996582031245,551.372802734375
1763687985.2272823,6,3,2,-0.8474160661747874,0.26620022229298684,-7.010894814423185,0.009838646668315718,0.04536089425394748,0.0005340403284415061,530.8800292968749,-482.4,551.3729492187499,239.0400329589844,-164.16000976562498,240.83842773437482,72.48000488281241,907.6800781249999,1487.622314453125,-647.0401367187501,-228.0000976562501,-149.4592041015626,-518.880014038086,303.84003906249995,551.372802734375
1763687985.5255864,6,3,2,-0.8647172752314273,0.14470804205327156,-7.128464415499738,0.004945986480914462,0.04516415118263838,0.0002468392293881816,545.2800537109374,-494.4,555.2447753906249,251.0400329589844,-164.16000976562498,240.83842773437482,74.87990722656241,936.4801269531249,1526.342529296875,-654.2400878906251,-230.4000000000001,-161.0751708984376,-535.6800170898438,313.44001464843745,570.73291015625
1763687985.618501,6,3,2,-0.8097498347837184,0.056259624252613855,-7.2665562297995185,-0.0003202927740454022,0.04338656767851077,0.00041611750481921304,550.0799804687499,-492.0000061035156,562.9889160156249,246.24004516601565,-161.76000823974607,248.58256835937482,70.07998046874991,938.8800292968749,1518.598388671875,-651.8399414062501,-235.2000488281251,-164.94718017578134,-530.880014038086,306.23994140624995,578.476806640625
1763687985.7286034,6,3,2,-0.7753259438427587,0.0032836478835528427,-7.174483153820418,-0.0025514311898715124,0.04222968317333139,0.0005998309975294601,547.6799560546874,-494.4,562.9889160156249,246.24004516601565,-161.76000823974607,244.71049804687482,74.87990722656241,938.8800292968749,1522.470458984375,-654.2400878906251,-232.8001464843751,-161.0751708984376,-530.880014038086,303.84003906249995,570.73291015625
1763687985.8215854,6,3,2,-0.782334072640459,0.06392564266352904,-7.175241038176322,0.0014677605756990009,0.041690699673348944,0.0004553521845351667,542.8800292968749,-492.0000061035156,559.1168457031249,251.0400329589844,-164.16000976562498,244.71049804687482,70.07998046874991,943.6800781249999,1522.470458984375,-659.0401367187501,-230.4000000000001,-164.94718017578134,-530.880014038086,311.03999023437495,574.604736328125
1763687985.9158292,6,3,2,-0.8055966761996092,0.0860275668332556,-7.041755655668233,0.001177887666965638,0.042363350336280844,0.0005782843123510978,547.6799560546874,-494.4,559.1168457031249,248.6400085449219,-166.56001129150388,244.71049804687482,74.87990722656241,941.2799316406249,1514.726318359375,-654.2400878906251,-235.2000488281251,-157.2032226562501,-530.880014038086,308.63996582031245,574.604736328125
1763687986.0238283,6,3,2,-0.8107041505433926,0.06036177914895982,-7.180273263802179,8.9150273011665e-05,0.04247076072485524,0.0006827162883977504,547.6799560546874,-492.0000061035156,559.1168457031249,248.6400085449219,-161.76000823974607,244.71049804687482,74.87990722656241,936.4801269531249,1526.342529296875,-656.6399902343751,-230.4000000000001,-161.0751708984376,-533.2800231933594,311.03999023437495,570.73291015625
1763687986.1193812,6,3,2,-0.7900881599202638,0.09648377202866412,-7.141771423055943,0.0015732984104574656,0.04222189190952985,0.0006214324268439117,547.6799560546874,-492.0000061035156,555.2447753906249,246.24004516601565,-164.16000976562498,244.71049804687482,77.27993164062491,936.4801269531249,1518.598388671875,-651.8399414062501,-235.2000488281251,-164.94718017578134,-528.4800201416016,308.63996582031245,570.73291015625
1763687986.22786,6,3,2,-0.8010907523643546,0.12808258104297238,-7.089008599416833,0.0023385213100437768,0.04317213357116901,0.0005629368019181391,0,0,0,0,0,0,0,0,0,0,0,0,0,0,0
1763687986.321396,6,3,2,-0.8067574938492331,0.12306866592821411,-6.998398839932831,0.003667881365492221,0.04232245903938354,0.00028866898859915974,538.0799804687499,-489.6000122070312,555.2447753906249,243.84002075195315,-168.9600128173828,244.71049804687482,74.87990722656241,924.4801269531249,1506.982666015625,-649.4400390625001,-225.5999511718751,-153.33121337890634,-526.0800109863281,306.23994140624995,559.11669921875
1763687986.3664832,6,3,2,-0.7669667756810552,0.11981890056299069,-7.031141903762915,0.004320216541491636,0.041795731165617724,0.0005925039272682863,526.0799804687499,-482.4,555.2447753906249,243.84002075195315,-164.16000976562498,236.96635742187482,77.27993164062491,914.8800292968749,1499.238525390625,-647.0401367187501,-228.0000976562501,-153.33121337890634,-523.6800170898438,303.84003906249995,551.372802734375
1763687986.4581838,6,3,2,-0.7382474716500195,0.18515650317210355,-6.737416971099691,0.006469820082683535,0.040385732761207944,0.0007006109724466154,0,0,0,0,0,0,0,0,0,0,0,0,0,0,0
1763687986.551218,6,3,2,-0.732588716611865,0.24377922658316115,-6.3860479133589045,0.009906548007492945,0.03865316789956143,5.375862258898611e-05,487.6799560546874,-458.4,524.2689453124999,219.84002075195315,-161.76000823974607,221.47856445312482,77.27993164062491,850.0799804687499,1410.182373046875,-603.8399414062501,-218.4000000000001,-126.22720947265634,-492.48001251220705,289.44001464843745,512.65283203125
1763687986.723761,6,3,2,-0.574822030507694,0.31891883977760516,-5.417248987830078,0.012897956910881952,0.032385711806758276,1.313857209507335e-05,449.2800537109374,-419.9999755859375,477.8048339843749,200.6400085449219,-149.76000823974607,205.99028320312482,70.07998046874991,782.8800292968749,1301.766357421875,-563.0401367187501,-201.5999511718751,-118.48319091796884,-451.6800170898438,267.84003906249995,477.804931640625
1763687986.8497374,6,3,2,-0.5451540128613941,0.28050266085434755,-4.76253146302232,0.012294162122552629,0.030241647069519442,-0.00022197855120030443,408.4800048828124,-395.9999755859375,446.8287597656249,179.0400329589844,-149.76000823974607,190.50249023437482,79.67995605468741,720.4801269531249,1208.83837890625,-519.8399414062501,-189.5999511718751,-99.12320556640634,-415.6800132751465,246.23994140624995,431.3408203125
1763687986.9442675,6,3,2,-0.37379132995132364,0.3743977697167821,-4.147650988137602,0.018411807808075054,0.018990167690727762,0.00016908458413171078,384.4800048828124,-364.8000244140625,419.7247558593749,169.43999633789065,-132.9600128173828,186.63041992187482,72.48000488281241,674.8800292968749,1127.5263671875,-483.8399414062501,-177.5999511718751,-91.37918701171884,-394.08001098632815,236.63996582031245,404.23681640625
1763687987.1219368,6,3,2,-0.19282740610904037,0.4128932210876889,-2.947398402521804,0.019997553440599187,0.011327383795261211,-0.0005740369705506162,305.2799316406249,-304.8000244140625,342.2848144531249,128.6400085449219,-120.96001281738279,140.16655273437482,77.27993164062491,552.4801269531249,941.67041015625,-397.4400390625001,-151.2000488281251,-72.01920166015634,-324.4800086975098,200.63996582031245,322.9248046875
1763687987.2163732,6,3,2,-0.2459467405185109,0.356324655678186,-2.5235132704287206,0.016299084675496404,0.01252692970618717,-0.0001205274210962586,266.8800292968749,-273.6000122070312,303.5648437499999,116.6400085449219,-108.96001281738279,128.55034179687482,70.07998046874991,494.8800292968749,833.25439453125,-354.2400878906251,-136.8001464843751,-60.40317382812509,-293.28000793457034,186.23994140624995,284.204833984375
1763687987.243888,6,3,2,-0.20566713119839264,0.39298025916663454,-2.4368229133660733,0.01730541058896837,0.011825160375693096,-0.00016694070382027178,269.2799316406249,-263.9999755859375,295.8209472656249,109.44002685546877,-106.56000366210935,128.55034179687482,70.07998046874991,478.0799804687499,821.638427734375,-347.0401367187501,-134.4000000000001,-52.65921630859384,-283.68000946044924,183.84003906249995,268.716796875
1763687987.3371756,6,3,2,-0.17477953329188675,0.3669972713701398,-2.0210743364454293,0.016208559025907815,0.01141308065671442,-0.0005684732740068872,228.4800048828124,-247.19998779296873,264.8448730468749,92.6400085449219,-104.16000976562498,113.06254882812482,72.48000488281241,420.4801269531249,740.326416015625,-308.6399902343751,-117.59995117187509,-44.91519775390634,-262.0800033569336,162.23994140624995,233.868896484375
1763687987.443292,6,3,2,-0.1787293001114352,0.4013913087246589,-1.7547927310334006,0.019613263619817335,0.009836125093401031,-0.00014909482365449075,197.2799316406249,-223.19998779296873,241.6129394531249,78.24001464843752,-99.36000671386716,93.70219726562482,67.67995605468741,382.0799804687499,674.50244140625,-272.6399902343751,-108.00009765625009,-41.04318847656259,-238.08001098632815,152.63996582031245,206.764892578125
1763687987.5250065,6,3,2,-0.11075886877078181,0.43832140348960785,-1.5422827513322352,0.0184957169378586,0.008215915076267493,7.432082614603169e-05,182.8800292968749,-208.79996337890623,214.5089355468749,73.44002685546877,-92.16000976562498,78.21440429687482,60.48000488281241,343.6800781249999,612.550537109375,-248.6399902343751,-93.59995117187509,-41.04318847656259,-226.08001098632815,133.44001464843745,202.892822265625
1763687987.61831,6,3,2,-0.06332925980825485,0.22800528471752857,-1.1812973943433176,0.010528467909268015,0.004033554868606733,-0.0010651698470972115,173.2799316406249,-196.79996337890623,191.2767578124999,68.6400085449219,-84.96001281738279,78.21440429687482,60.48000488281241,329.2799316406249,585.446533203125,-229.4400390625001,-98.40000000000009,-37.17124023437509,-209.28000793457034,133.44001464843745,175.788818359375
1763687987.7243917,6,3,2,0.0004368858460065822,0.2839664051853493,-0.9529905924641702,0.01409812760884896,0.003923155514215564,-0.00042602798618999007,149.2799316406249,-187.19998779296873,187.4049316406249,54.24001464843752,-84.96001281738279,62.72636718749982,62.87990722656241,300.4801269531249,531.238525390625,-205.4400390625001,-79.20004882812509,-17.81125488281259,-194.8799987792969,119.03999023437495,156.4287109375
1763687988.0220938,6,3,2,5.594179937680466e-05,0.317934303278252,-0.6006461843815547,0.013161570341254468,0.001136900320626624,-0.00046422463426801225,115.67995605468741,-158.39999999999998,140.9408203124999,39.84002075195315,-65.76000061035154,43.36625976562482,53.27993164062491,235.6800781249999,438.310546875,-162.2400878906251,-67.20004882812509,-25.55515136718759,-156.48000488281252,104.63996582031245,113.8369140625
1763687988.2251945,6,3,2,0.018252278314808093,0.2617103187419944,-0.4513722836987047,0.012598338333863056,0.0001532329820381883,-0.0001741934078725966,96.48000488281241,-141.60001220703123,106.09291992187491,32.6400085449219,-60.96001281738279,35.62236328124982,53.27993164062491,202.0799804687499,376.3583984375,-140.6399902343751,-52.80014648437509,-25.55515136718759,-139.6800018310547,92.63996582031245,90.604736328125
1763687988.3177323,6,3,2,-0.08823833206785864,0.19048591885460484,-0.3001714890046466,0.011034151187904712,-4.0005277225795347e-05,-0.0005893141749399983,82.07998046874991,-129.60001220703123,102.22084960937491,23.040002441406273,-63.360006713867165,24.006396484374818,50.87990722656241,182.8800292968749,349.25439453125,-123.83994140625009,-50.40000000000009,-25.55515136718759,-127.68000183105471,80.63996582031245,82.86083984375
1763687988.4266312,6,3,2,-0.07155519489711687,0.24889144362343513,-0.24866870066255314,0.0117001000386063,9.814876057856513e-05,-0.0003386527627961183,72.48000488281241,-122.39999999999998,86.73281249999991,13.439996337890648,-53.76000061035154,20.134326171874818,50.87990722656241,163.6799560546874,326.0224609375,-111.83994140625009,-43.20004882812509,-13.939184570312591,-118.08001098632815,73.44001464843745,63.500732421875
1763687989.5200489,6,3,2,-0.14723750312641015,0.09782512098144083,-0.2494687529728819,0.0036987653890560752,0.007004523615820764,0.00034495137576460294,41.27993164062491,-86.39999999999998,40.26894531249991,6.240014648437523,-20.160009765624977,-6.969677734375182,36.48000488281241,94.07998046874991,202.118408203125,-75.83994140625009,-26.40000000000009,-37.17124023437509,-77.27999267578127,54.239941406249955,20.90869140625
1763687991.641002,6,3,2,-0.1538460468458144,0.08048767112584058,-0.2686743004200504,0.003036846240754685,0.007523469383749657,0.0001023264884396838,26.88002929687491,-71.99997558593748,17.03676757812491,-3.3599914550781023,-15.360006713867165,-26.329541015625182,38.87990722656241,60.48000488281241,159.5263671875,-49.44003906250009,-19.20004882812509,-29.42722167968759,-65.27999267578127,42.239941406249955,-2.3232421875
1763687992.9246004,6,3,2,-0.1432596485334652,0.08783588500155112,-0.2016710446757462,0.0027829937251944996,0.006689638854325461,-0.00018846546792800696,17.27993164062491,-64.79996337890623,13.164941406249909,-8.159979248046852,-10.560003662109352,-18.585644531250182,34.07998046874991,50.88002929687491,144.038330078125,-49.44003906250009,-21.59995117187509,-25.55515136718759,-60.48000488281252,42.239941406249955,-13.939208984375
1763687993.434356,6,3,2,-0.14634419722705527,0.09866476558633715,-0.2495460038756673,0.0035348450373346415,0.006716526809828069,0.00010951840485889485,12.480004882812409,-67.19998779296873,13.164941406249909,-5.759985351562477,-12.959997558593727,-22.457714843750182,34.07998046874991,50.88002929687491,136.29443359375,-44.63999023437509,-16.80014648437509,-33.29916992187509,-53.27999267578127,39.840039062499955,-10.067138671875
1763687994.628224,6,3,2,-0.14760558798419549,0.1144143290718877,-0.3165142430088597,0.003793355730642268,0.0077551790312739835,-0.00022714871279969854,34.07998046874991,-79.19998779296873,32.52480468749991,1.4399963378906477,-22.560003662109352,-14.713574218750182,36.48000488281241,82.07998046874991,182.758544921875,-66.24008789062509,-28.80014648437509,-33.29916992187509,-74.8799987792969,47.039990234374955,5.4208984375
1763687994.7225878,6,3,2,-0.15839572449882472,0.09329023013172123,-0.3820526826205798,0.004123565750044626,0.007186431597409118,0.0003781287303297247,36.48000488281241,-79.19998779296873,36.39687499999991,6.240014648437523,-17.76000061035154,-3.097607421875182,36.48000488281241,94.07998046874991,190.50244140625,-71.04013671875009,-33.59995117187509,-37.17124023437509,-72.48000488281252,51.840039062499955,17.036865234375
1763687994.828035,6,3,2,-0.12641307567361387,0.14703725310728089,-0.570956523563369,0.003154334232507243,0.006684638934369023,-0.0003240534060834344,0,0,0,0,0,0,0,0,0,0,0,0,0,0,0
1763687995.1241267,6,3,2,-0.2735212273803073,0.2155293996275202,-1.0916433974447886,0.007202758303782164,0.010561131182380069,-2.762061370662058e-05,94.07998046874991,-122.39999999999998,94.47695312499991,27.840020751953148,-41.76000061035154,35.62236328124982,38.87990722656241,185.2800537109374,345.38232421875,-135.8399414062501,-60.00009765625009,-33.29916992187509,-120.48000488281252,83.03999023437495,78.98876953125
1763687995.2192786,6,3,2,-0.1088077703517825,0.2183401011424194,-1.2061160080791715,0.008930800771330419,0.0065341473454322285,9.33655273845221e-05,103.67995605468741,-134.39999999999998,117.70888671874991,39.84002075195315,-56.16000976562498,39.49443359374982,50.87990722656241,211.6800781249999,387.974365234375,-157.4400390625001,-67.20004882812509,-37.17124023437509,-139.6800018310547,87.84003906249995,106.0927734375
1763687995.3252504,6,3,2,-0.18729358467124807,0.2436149302730617,-1.4746370592123825,0.009020056410206412,0.00960830672057584,0.00015308899984723496,120.48000488281241,-146.39999999999998,140.9408203124999,47.04000244140627,-53.76000061035154,43.36625976562482,43.67995605468741,238.0799804687499,426.6943359375,-176.6399902343751,-74.40000000000009,-37.17124023437509,-149.28000793457034,99.84003906249995,117.708740234375
1763687995.368905,6,3,2,-0.16168238529030987,0.25656473251901646,-1.4580115037391443,0.009115565350686033,0.009773020209931538,-0.0005454344291549841,125.27993164062491,-151.19998779296873,148.6849609374999,54.24001464843752,-58.56000366210935,54.98247070312482,53.27993164062491,254.8800292968749,453.79833984375,-191.0401367187501,-76.80014648437509,-44.91519775390634,-161.28000793457034,104.63996582031245,137.06884765625
1763687995.5265613,6,3,2,-0.18298116642616888,0.1893701338336986,-2.0196061616448575,0.008535290464325974,0.01466145589195919,4.034671699043547e-05,156.4800048828124,-175.19998779296873,171.9168945312499,59.04000244140627,-72.96001281738279,62.72636718749982,55.67995605468741,293.2799316406249,523.494384765625,-219.8399414062501,-91.20004882812509,-44.91519775390634,-182.8799987792969,119.03999023437495,160.30078125
1763687995.5713484,6,3,2,-0.18099081597417552,0.1918095891461216,-1.9525159049681517,0.008241578064799537,0.013900923718092343,-0.00017191175529771507,161.2799316406249,-182.39999999999998,191.2767578124999,66.24001464843752,-72.96001281738279,78.21440429687482,55.67995605468741,312.4801269531249,546.7265625,-234.2400878906251,-91.20004882812509,-41.04318847656259,-190.08001098632815,128.63996582031245,168.044921875
1763687995.6661518,6,3,2,-0.22007937296008467,0.2937001139482057,-2.3069931857413932,0.012005728378955381,0.013290782104173313,0.0005690409425719296,180.4800048828124,-196.79996337890623,210.6368652343749,71.04000244140627,-77.7600158691406,78.21440429687482,60.48000488281241,341.2799316406249,589.318359375,-251.0401367187501,-98.40000000000009,-52.65921630859384,-211.6800018310547,131.03999023437495,187.40478515625
1763687995.7751343,6,3,2,-0.3021152837066638,0.26097751302012906,-2.446714108615163,0.010468739062868628,0.016871025135604636,0.00012562037886365823,206.8800292968749,-208.79996337890623,229.9969726562499,87.84002075195315,-80.16000976562498,89.83012695312482,58.07998046874991,372.4801269531249,635.782470703125,-270.2400878906251,-110.40000000000009,-52.65921630859384,-223.6800018310547,150.23994140624995,210.63671875
1763687995.9184034,6,3,2,-0.27732568128639473,0.25225455577640865,-2.9287290077505337,0.008230109513675709,0.01843773884907095,0.00017917763133125006,228.4800048828124,-223.19998779296873,249.3568359374999,97.44002685546877,-92.16000976562498,105.31840820312482,60.48000488281241,408.4801269531249,693.862548828125,-299.0401367187501,-117.59995117187509,-56.53122558593759,-245.28000793457034,155.03999023437495,233.868896484375
1763687996.026192,6,3,2,-0.2708984393382302,0.2517719271981095,-3.0781402782416363,0.00870626515174886,0.017523404750295263,0.0006749653615753879,245.2799316406249,-244.80002441406248,268.7169433593749,107.04000244140627,-94.56000366210935,120.80620117187482,60.48000488281241,442.0799804687499,744.198486328125,-323.0401367187501,-124.80014648437509,-68.14719238281259,-262.0800033569336,164.63996582031245,253.228759765625
1763687996.120749,6,3,2,-0.33927052322172446,0.2332241654106342,-3.2641677623799397,0.008116558179792333,0.020153309516328693,6.124814905412957e-05,262.0799804687499,-256.8000244140625,284.2047363281249,114.24001464843752,-96.96001281738279,132.42241210937482,62.87990722656241,468.4801269531249,786.79052734375,-347.0401367187501,-136.8001464843751,-72.01920166015634,-278.88000640869143,181.44001464843745,268.716796875
1763687996.1498039,6,3,2,-0.361877902516342,0.22593265944610286,-3.359919700175796,0.009204431628425389,0.020073892714650883,0.0001889093853004978,274.0799804687499,-256.8000244140625,288.0768066406249,119.04000244140627,-99.36000671386716,128.55034179687482,65.27993164062491,480.4801269531249,810.0224609375,-351.8399414062501,-134.4000000000001,-72.01920166015634,-286.08001098632815,186.23994140624995,276.460693359375
1763687996.3222616,6,3,2,-0.421534809254463,0.2032412316436999,-3.997189938236961,0.006090670718684941,0.025705847070425884,0.00042031912221592764,305.2799316406249,-292.8000244140625,334.5409179687499,135.84002075195315,-104.16000976562498,151.78227539062482,62.87990722656241,540.4801269531249,902.950439453125,-404.6399902343751,-151.2000488281251,-87.50717773437509,-319.68000946044924,200.63996582031245,326.796875
1763687996.417708,6,3,2,-0.4483042832871718,0.2569262269701694,-4.070078588136342,0.008684548554627951,0.025493127979488,0.0003228178284397998,324.4800048828124,-311.9999755859375,357.7728515624999,145.44002685546877,-111.36000671386716,159.52641601562482,65.27993164062491,569.2799316406249,972.646484375,-431.0401367187501,-158.4000000000001,-91.37918701171884,-336.4800086975098,212.63996582031245,338.412841796875
1763687996.7295935,6,3,2,-0.6399156154299697,0.22904008185220898,-5.3198382779076665,0.007487692346144233,0.034373054989308455,0.0008148041876238931,401.2799316406249,-367.1999877929687,439.0848632812499,181.43999633789065,-132.9600128173828,190.50249023437482,65.27993164062491,686.8800292968749,1150.758544921875,-515.0401367187501,-187.2000488281251,-110.73917236328134,-398.8800121307373,243.84003906249995,415.852783203125
1763687996.8212502,6,3,2,-0.7209556183352426,0.16434610161498062,-5.544941504777704,0.005297013625071619,0.03832264286923312,-0.0008318183122167492,418.0799804687499,-386.4,446.8287597656249,188.6400085449219,-135.36000671386716,209.86235351562482,65.27993164062491,720.4801269531249,1201.094482421875,-534.2400878906251,-192.0000976562501,-114.61118164062509,-420.48001251220705,255.84003906249995,442.956787109375
1763687996.916351,6,3,2,-0.6671541754420374,0.17033918353850436,-6.18066860437365,0.006564045593730049,0.03591140402190654,0.0006652772002142707,434.8800292968749,-405.6000122070312,473.9327636718749,198.24004516601565,-142.56001129150388,209.86235351562482,67.67995605468741,758.8800292968749,1259.174560546875,-555.8399414062501,-199.2000488281251,-122.35520019531259,-434.88001403808596,263.03999023437495,462.31689453125
1763687997.0239017,6,3,2,-0.743140461273573,0.09918837243647455,-6.427184456482415,0.0033488019250496014,0.038844134097774936,0.0003359368936184091,473.2800537109374,-429.6000122070312,497.1649414062499,210.24004516601565,-144.9600128173828,225.35014648437482,67.67995605468741,804.4801269531249,1324.998291015625,-589.4400390625001,-211.2000488281251,-137.84317626953134,-463.6800170898438,279.84003906249995,501.036865234375
1763687997.1201675,6,3,2,-0.872963181717175,0.057469246632300824,-6.878566168615643,0.0002572806222683587,0.04726637406136894,8.924648722491695e-05,492.4800048828124,-446.4,516.5248046874999,227.0400329589844,-152.16000976562498,233.09428710937482,70.07998046874991,842.8800292968749,1379.206298828125,-613.4400390625001,-208.8001464843751,-137.84317626953134,-480.48001251220705,284.63996582031245,524.268798828125
1763687997.2279422,6,3,2,-0.8835468211505371,0.013130825849724553,-7.388523581042616,-0.0017520539927095378,0.04586863129861318,0.00021467063147420163,521.2800537109374,-467.9999755859375,551.3729492187499,239.0400329589844,-149.76000823974607,248.58256835937482,65.27993164062491,886.0799804687499,1445.030517578125,-637.4400390625001,-220.8001464843751,-157.2032226562501,-499.6800170898438,296.63996582031245,547.500732421875
1763687997.3220778,6,3,2,-0.9576789723535819,0.020223914251111197,-7.748086214035284,-0.0030308160439262138,0.0506560819214571,0.00015966592146621304,547.6799560546874,-487.20001831054685,562.9889160156249,248.6400085449219,-159.3600143432617,252.45415039062482,70.07998046874991,929.2799316406249,1510.854248046875,-659.0401367187501,-230.4000000000001,-161.0751708984376,-526.0800109863281,308.63996582031245,570.73291015625
1763687997.4178464,6,3,2,-0.9302459106269516,0.06263685055375212,-7.682057126990985,-0.0030041728003398806,0.05079644101751075,-5.502297931120857e-05,574.0799804687499,-513.6000122070312,586.2208496093749,270.24004516601565,-159.3600143432617,264.0703613281248,67.67995605468741,977.2799316406249,1584.422607421875,-692.6399902343751,-237.5999511718751,-172.69119873046884,-547.6800170898438,323.03999023437495,601.708740234375
1763687997.5250413,6,3,2,-0.9765631520879496,0.04043184674670136,-8.675907609766513,-0.0033403751521318796,0.053418034157565325,6.0366088782221224e-05,595.6799560546874,-537.6000122070312,609.4527832031249,277.43999633789065,-168.9600128173828,267.9424316406248,82.07998046874991,1020.4801269531249,1646.374267578125,-711.8399414062501,-247.2000488281251,-180.43521728515634,-578.880014038086,332.63996582031245,621.06884765625
1763687997.618289,6,3,2,-0.8778987668452143,0.028041386678283098,-9.186708628886311,-0.0004807598801395002,0.04823390136395614,0.0013752570537664374,629.2800537109374,-561.6000122070312,628.8128906249999,289.43999633789065,-176.16000976562498,275.6865722656248,72.48000488281241,1075.680078125,1723.814208984375,-745.4400390625001,-261.5999511718751,-195.9231933593751,-602.880014038086,344.63996582031245,652.044921875
1763687997.725873,6,3,2,-1.1030281666328918,-0.008382851324400642,-9.59011480259081,-0.005238395038999779,0.05802804101188933,0.00027877794462466583,660.4800048828124,-583.2000183105469,655.9168945312499,306.24004516601565,-178.56001129150388,291.1743652343748,79.67995605468741,1126.07998046875,1805.126220703125,-771.8399414062501,-266.4000000000001,-207.53922119140634,-629.2800231933594,359.03999023437495,679.14892578125
1763687997.8194847,6,3,2,-1.1714527117537066,-0.05083271104736353,-10.187589600506096,-0.006658976585157014,0.06423892227650178,0.0006118989189918536,691.6799560546874,-616.8000244140625,675.2767578124999,323.0400329589844,-185.7600158691406,295.0464355468748,82.07998046874991,1176.480126953125,1874.822509765625,-795.8399414062501,-276.0000976562501,-219.15518798828134,-658.0800109863281,373.44001464843745,710.124755859375
1763687998.1163702,6,3,2,-1.2297683685677243,-0.10316564294210118,-11.74198996876281,-0.008756992220843265,0.06687912164206358,0.0005220667090559709,797.2800537109374,-703.2000183105469,752.7169433593749,373.43999633789065,-195.3600143432617,322.1504394531248,84.48000488281241,1351.680078125,2138.118408203125,-894.2400878906251,-304.8001464843751,-265.61917724609384,-754.0800109863281,414.24006347656245,799.180908203125
1763687998.226637,6,3,2,-1.3280697582975844,-0.1403710109827913,-11.985195028535164,-0.01070009769756421,0.07169874065385345,0.0005097552559333238,804.4800048828124,-708.0000061035156,756.5887695312499,375.84002075195315,-200.16000976562498,326.0225097656248,86.87990722656241,1361.28017578125,2141.990478515625,-901.4400390625001,-307.2000488281251,-269.4911865234376,-756.4800354003906,414.24006347656245,806.9248046875
1763687998.5225778,6,3,2,-1.1649693443231586,-0.010589199478768685,-11.219939951799116,-0.004442940651022818,0.06250241040952076,0.0004833998386857639,799.6799560546874,-712.8000244140625,756.5887695312499,371.0400329589844,-200.16000976562498,322.1504394531248,94.07998046874991,1361.28017578125,2149.734619140625,-887.0401367187501,-300.0000976562501,-265.61917724609384,-756.4800354003906,409.44001464843745,799.180908203125
1763687998.6185343,6,3,2,-1.0756344176904933,0.031129732798762577,-11.19509163310379,-0.002535185130962788,0.05792272104144157,0.0003390794251536223,794.8800292968749,-710.4,744.9728027343749,371.0400329589844,-207.3600143432617,318.2783691406248,91.67995605468741,1354.07998046875,2149.734619140625,-889.4400390625001,-302.4000000000001,-269.4911865234376,-761.2800231933594,411.84003906249995,795.308837890625
1763687998.9164915,6,3,2,-1.032948865945854,0.037988530506126106,-10.977027827422338,-0.0022223697772212232,0.05710910215569246,0.0008082370315446331,792.4800048828124,-708.0000061035156,748.8448730468749,366.24004516601565,-204.9600128173828,322.1504394531248,98.87990722656241,1358.880029296875,2145.862548828125,-889.4400390625001,-300.0000976562501,-273.36319580078134,-754.0800109863281,407.03999023437495,799.180908203125
1763687999.1175299,6,3,2,-1.002320842616434,0.054678361643471673,-10.837483502074667,-0.001020519409334529,0.05538159463330355,0.0007049560090780236,792.4800048828124,-708.0000061035156,744.9728027343749,368.6400085449219,-207.3600143432617,318.2783691406248,101.27993164062491,1356.480126953125,2153.606201171875,-887.0401367187501,-295.2000488281251,-265.61917724609384,-758.880029296875,409.44001464843745,795.308837890625
1763687999.2270415,6,3,2,-0.9996797983482051,0.06309583206879477,-10.62024876336964,-0.0013988385723981318,0.05547413500212155,0.00038925837931466124,794.8800292968749,-712.8000244140625,744.9728027343749,368.6400085449219,-207.3600143432617,318.2783691406248,101.27993164062491,1356.480126953125,2145.862548828125,-889.4400390625001,-300.0000976562501,-261.74722900390634,-756.4800354003906,409.44001464843745,791.436767578125
1763687999.3220813,6,3,2,-0.9464852994921328,0.08080788981927392,-10.620226678562474,-0.0013915403699531238,0.05304540602915377,0.00046509403320557034,792.4800048828124,-712.8000244140625,744.9728027343749,366.24004516601565,-209.76001205444334,314.4062988281248,103.67995605468741,1356.480126953125,2145.862548828125,-887.0401367187501,-295.2000488281251,-269.4911865234376,-751.6800170898438,404.63996582031245,795.308837890625
1763687999.3646367,6,3,2,-0.9675263276551922,0.0907018735169485,-10.616959193439262,-0.00046447639728982096,0.053513144614329,0.001016936910644554,792.4800048828124,-712.8000244140625,744.9728027343749,368.6400085449219,-209.76001205444334,318.2783691406248,98.87990722656241,1361.28017578125,2145.862548828125,-887.0401367187501,-300.0000976562501,-265.61917724609384,-761.2800231933594,409.44001464843745,795.308837890625
1763687999.5220342,6,3,2,-1.042975226048932,0.07094032103806577,-10.634149065608064,-0.0011705297675763254,0.0551902097487267,0.0005411384292189582,797.2800537109374,-710.4,741.1007324218749,363.84002075195315,-207.3600143432617,314.4062988281248,101.27993164062491,1358.880029296875,2153.606201171875,-884.6399902343751,-297.5999511718751,-269.4911865234376,-761.2800231933594,407.03999023437495,795.308837890625
1763687999.6170738,6,3,2,-0.9753044026793487,0.07487787945093938,-10.499577989671113,-0.0007391535144215707,0.05369232898670917,0.0005900473409180393,799.6799560546874,-708.0000061035156,744.9728027343749,363.84002075195315,-209.76001205444334,310.5342285156248,101.27993164062491,1361.28017578125,2149.734619140625,-887.0401367187501,-300.0000976562501,-261.74722900390634,-763.6800170898438,407.03999023437495,799.180908203125
1763687999.7257562,6,3,2,-0.9738928620443164,0.07493681615483869,-10.602337206920526,-0.0010941369012461184,0.053656114760961424,0.0010208599837791795,799.6799560546874,-715.2000183105469,748.8448730468749,363.84002075195315,-207.3600143432617,314.4062988281248,108.48000488281241,1358.880029296875,2153.606201171875,-889.4400390625001,-300.0000976562501,-265.61917724609384,-761.2800231933594,409.44001464843745,787.564697265625
1763688000.022165,6,3,2,-0.9542277324193951,0.06363016547217232,-10.386318545668122,-0.0016281273557505367,0.0536022742401335,0.0007838378071370802,797.2800537109374,-715.2000183105469,744.9728027343749,363.84002075195315,-209.76001205444334,302.7905761718748,103.67995605468741,1354.07998046875,2153.606201171875,-884.6399902343751,-297.5999511718751,-265.61917724609384,-761.2800231933594,404.63996582031245,795.308837890625
1763688000.1294127,6,3,2,-0.9778236445497663,0.0773820258468238,-10.294160052274488,1.4283635385387017e-05,0.05319043321267015,0.0004318551769645325,794.8800292968749,-715.2000183105469,741.1007324218749,366.24004516601565,-209.76001205444334,314.4062988281248,103.67995605468741,1361.28017578125,2153.606201171875,-884.6399902343751,-300.0000976562501,-261.74722900390634,-761.2800231933594,404.63996582031245,799.180908203125
1763688000.2275593,6,3,2,-0.9657500699928931,0.0948342238187953,-10.329994333413465,-0.0005051873947473917,0.052314556903418824,0.0008840822836516365,792.4800048828124,-712.8000244140625,756.5887695312499,359.0400329589844,-204.9600128173828,318.2783691406248,103.67995605468741,1361.28017578125,2157.478271484375,-887.0401367187501,-297.5999511718751,-265.61917724609384,-761.2800231933594,409.44001464843745,791.436767578125
1763688000.3299305,6,3,2,-0.9534905740696525,0.08361412902145982,-10.27699186338499,0.0004221277556457001,0.052795235031266055,0.0008299128494853591,797.2800537109374,-712.8000244140625,744.9728027343749,366.24004516601565,-207.3600143432617,310.5342285156248,103.67995605468741,1361.28017578125,2153.606201171875,-884.6399902343751,-297.5999511718751,-265.61917724609384,-761.2800231933594,414.24006347656245,791.436767578125
1763688000.4274192,6,3,2,-0.9419782913033704,0.049862201929645134,-10.34753912278584,-0.0005437227129530715,0.05230721330957096,0.0006469215754609002,792.4800048828124,-715.2000183105469,741.1007324218749,361.43999633789065,-214.56001510620115,314.4062988281248,103.67995605468741,1358.880029296875,2161.350341796875,-889.4400390625001,-297.5999511718751,-269.4911865234376,-761.2800231933594,407.03999023437495,795.308837890625
1763688000.9323921,6,3,2,-0.9672697348853465,0.10253338004743909,-9.72137223735355,0.00021766404720351823,0.0527019867394605,9.52055956391848e-06,761.2800537109374,-686.4,721.7408691406249,349.43999633789065,-207.3600143432617,306.6621582031248,103.67995605468741,1306.07998046875,2068.422607421875,-853.4400390625001,-288.0000976562501,-246.25919189453134,-727.6800170898438,392.63996582031245,764.332763671875
1763688001.0223463,6,3,2,-0.8284460320721785,0.1341036165632381,-9.104677678402684,0.003107422970057599,0.04543160217917433,0.0006282088613607279,746.8800292968749,-676.8000244140625,710.1249023437499,344.6400085449219,-207.3600143432617,302.7905761718748,101.27993164062491,1284.480126953125,2041.318603515625,-839.0401367187501,-285.5999511718751,-242.3871826171876,-715.6800170898438,385.44001464843745,744.972900390625
1763688001.1389537,6,3,2,-0.7438476930588627,0.21970296548175244,-8.128260993251263,0.007157570530647965,0.039823145377029336,-0.00026543942505747285,708.4800048828124,-645.6000122070312,686.8929687499999,325.43999633789065,-204.9600128173828,291.1743652343748,101.27993164062491,1226.880029296875,1960.006591796875,-807.8399414062501,-278.4000000000001,-223.0271972656251,-691.6800170898438,380.63996582031245,721.74072265625
1763688001.4308834,6,3,2,-0.5979708161022476,0.2665122781765907,-6.677987169731267,0.00886957524597104,0.03528972182000531,-0.0002930846766345113,610.0799804687499,-564.0000061035156,601.7088867187499,265.43999633789065,-195.3600143432617,248.58256835937482,106.07998046874991,1051.680078125,1708.326416015625,-711.8399414062501,-240.0000976562501,-168.8191894531251,-595.6800170898438,330.24006347656245,624.94091796875
1763688001.5207074,6,3,2,-0.43212532744143833,0.37791273405761583,-5.958175120352515,0.01633168049204093,0.02495609969035236,0.0002963979459719387,564.4800048828124,-537.6000122070312,582.3487792968749,255.84002075195315,-195.3600143432617,236.96635742187482,106.07998046874991,1001.2799316406249,1623.142333984375,-675.8399414062501,-228.0000976562501,-157.2032226562501,-569.2800231933594,313.44001464843745,590.0927734375
1763688001.6309,6,3,2,-0.4988037731968654,0.30577084177276653,-5.291062811922101,0.013931770159421054,0.024269262920449064,0.0005307632730762223,533.2800537109374,-499.20001831054685,539.7567382812499,243.84002075195315,-185.7600158691406,229.22221679687482,91.67995605468741,936.4801269531249,1518.598388671875,-635.0401367187501,-220.8001464843751,-149.4592041015626,-538.0800109863281,294.23994140624995,555.244873046875
1763688001.727068,6,3,2,-0.3047008215547902,0.39941208787519467,-4.611550542125219,0.01113450562045827,0.015220560788525982,0.00012451532829051235,0,0,0,0,0,0,0,0,0,0,0,0,0,0,0
1763688002.2238832,6,3,2,-0.019473891986759834,0.515278440077633,-2.12139748203501,0.02148792608750577,0.00637138350778998,-0.00028350536266496975,286.0799804687499,-297.6000122070312,319.0528808593749,121.44002685546877,-120.96001281738279,136.29448242187482,77.27993164062491,526.0799804687499,887.46240234375,-375.8399414062501,-139.2000488281251,-68.14719238281259,-317.28000793457034,186.23994140624995,303.564697265625
1763688002.330972,6,3,2,-0.1995198182288899,0.34323198594057225,-1.675333994639686,0.01795577229322248,0.010491619911744032,-0.0011389521344416528,269.2799316406249,-275.9999755859375,295.8209472656249,119.04000244140627,-118.56000366210935,116.93413085937482,79.67995605468741,485.2799316406249,825.510498046875,-344.6399902343751,-124.80014648437509,-60.40317382812509,-293.28000793457034,176.63996582031245,272.5888671875
1763688002.4258938,6,3,2,-0.12946360024560533,0.44612461682670973,-1.6048498757038625,0.01905607319974742,0.006599248065805975,5.3476897829113574e-05,252.4800048828124,-259.1999877929687,264.8448730468749,109.44002685546877,-106.56000366210935,109.19047851562482,72.48000488281241,463.6800781249999,763.558349609375,-315.8399414062501,-112.80014648437509,-68.14719238281259,-274.0800033569336,167.03999023437495,264.8447265625
1763688002.4846287,6,3,2,-0.0929096470991912,0.37776765506949633,-1.5368950329494424,0.01967612991160242,0.007542355483746783,-0.0005389769186026534,233.2799316406249,-254.39999999999998,257.1007324218749,99.84002075195315,-104.16000976562498,105.31840820312482,72.48000488281241,437.2799316406249,740.326416015625,-306.2400878906251,-112.80014648437509,-44.91519775390634,-266.88000640869143,155.03999023437495,241.61279296875
1763688002.5787628,6,3,2,-0.17563501502850648,0.5742658049962082,-1.464627163818861,0.019480303747021404,0.004375157861851074,-0.00014062966023858404,214.0799804687499,-232.80002441406248,241.6129394531249,90.24001464843752,-104.16000976562498,97.57426757812482,74.87990722656241,401.2799316406249,693.862548828125,-282.2400878906251,-103.20004882812509,-44.91519775390634,-245.28000793457034,145.44001464843745,214.5087890625
1763688002.721569,6,3,2,-0.09753776671480435,0.3676887549002949,-1.033561864010626,0.01777834476468527,0.001995672282706618,-0.000602340396311433,187.6799560546874,-213.60001220703123,214.5089355468749,78.24001464843752,-99.36000671386716,78.21440429687482,74.87990722656241,360.4801269531249,631.910400390625,-248.6399902343751,-88.80014648437509,-41.04318847656259,-228.48000488281252,140.63996582031245,191.27685546875
1763688002.829369,6,3,2,0.018014531038764284,0.3927693290630092,-1.03992836923292,0.017169876207325754,0.0007022129063479279,-0.0005322134241665741,175.6799560546874,-206.39999999999998,202.8929687499999,71.04000244140627,-87.36000671386716,78.21440429687482,67.67995605468741,338.8800292968749,593.1904296875,-236.6399902343751,-93.59995117187509,-37.17124023437509,-214.08001098632815,133.44001464843745,175.788818359375
1763688002.8738956,6,3,2,0.025690781677984262,0.3961449177428218,-1.006776300380166,0.017382066825423474,0.0011048926107342667,-0.00012878209390350826,168.4800048828124,-201.60001220703123,191.2767578124999,71.04000244140627,-89.7600158691406,70.47026367187482,62.87990722656241,326.8800292968749,573.83056640625,-227.0401367187501,-81.59995117187509,-33.29916992187509,-206.8799987792969,123.84003906249995,168.044921875
1763688002.9665618,6,3,2,-0.08345027738914598,0.34114534680864617,-0.8826259447732501,0.014223400642904735,0.005021577292094423,-0.000639215267998095,161.2799316406249,-196.79996337890623,179.6607910156249,63.84002075195315,-92.16000976562498,58.85429687499982,65.27993164062491,307.6800781249999,554.470458984375,-217.4400390625001,-72.00009765625009,-33.29916992187509,-199.6800018310547,121.44001464843745,160.30078125
1763688003.127733,6,3,2,-0.01361047396147251,0.28260308987131605,-0.6306695077629576,0.013850261213464879,0.0016536024932998872,-0.0010941015434233175,139.6799560546874,-175.19998779296873,160.3009277343749,56.6400085449219,-77.7600158691406,47.23833007812482,65.27993164062491,281.2799316406249,492.5185546875,-191.0401367187501,-69.59995117187509,-25.55515136718759,-180.48000488281252,114.23994140624995,137.06884765625
1763688003.2214148,6,3,2,-0.06845287412505721,0.30869531628666,-0.5813558186679479,0.013077859853516269,0.001543722975330525,-0.0005346060362633964,132.4800048828124,-165.60001220703123,152.5567871093749,51.84002075195315,-72.96001281738279,51.11040039062482,58.07998046874991,262.0799804687499,465.41455078125,-179.0401367187501,-64.80014648437509,-33.29916992187509,-170.8799987792969,107.03999023437495,129.32470703125
1763688003.2646124,6,3,2,-0.04081762350672731,0.286426382960856,-0.46554243977466764,0.012606781231792652,0.0005676086939980863,-0.0005718869714150003,132.4800048828124,-160.79996337890623,148.6849609374999,51.84002075195315,-68.16000976562498,51.11040039062482,55.67995605468741,252.4801269531249,453.79833984375,-171.8399414062501,-64.80014648437509,-33.29916992187509,-168.48000488281252,107.03999023437495,121.580810546875
1763688003.3732336,6,3,2,0.004257818565703522,0.24592976698819827,-0.4890965471898563,0.01159752800839562,0.0014778255173335218,-0.0005030143767063514,120.48000488281241,-153.60001220703123,133.1969238281249,42.24001464843752,-72.96001281738279,35.62236328124982,60.48000488281241,235.6800781249999,430.56640625,-159.8399414062501,-57.59995117187509,-17.81125488281259,-158.8799987792969,97.44001464843745,117.708740234375
1763688003.4658296,6,3,2,-0.018585229490991076,0.26466979420151654,-0.5227194614780212,0.011252412252620678,0.0006247983271262373,-4.9153081188786835e-05,103.67995605468741,-148.79996337890623,125.45278320312491,42.24001464843752,-72.96001281738279,39.49443359374982,60.48000488281241,226.0799804687499,411.20654296875,-150.2400878906251,-62.40000000000009,-25.55515136718759,-151.6800018310547,92.63996582031245,106.0927734375
1763688003.5593638,6,3,2,0.04743247397884212,0.3021050277004749,-0.3339079062013088,0.0124841325866141,-0.0016890897602114706,1.9513311226229224e-05,106.07998046874991,-143.99997558593748,113.83681640624991,37.44002685546877,-65.76000061035154,27.878466796874818,50.87990722656241,216.4801269531249,384.1025390625,-135.8399414062501,-50.40000000000009,-33.29916992187509,-142.07999572753909,85.44001464843745,94.476806640625
1763688003.7200944,6,3,2,0.013181477896728425,0.2596686062850851,-0.2078667437149158,0.010134372094698214,-9.383986542655341e-05,-0.0003323727592475597,86.88002929687491,-134.39999999999998,98.34877929687491,30.240014648437523,-56.16000976562498,20.134326171874818,48.48000488281241,182.8800292968749,349.25439453125,-126.24008789062509,-45.59995117187509,-29.42722167968759,-132.48000488281252,78.23994140624995,82.86083984375
1763688003.8529203,6,3,2,-0.02673656064899599,0.23367535351018615,-0.2228196832284638,0.010912892134240477,0.002130873243436743,0.0002159595101680012,79.67995605468741,-124.79996337890623,82.86074218749991,11.040002441406273,-51.360006713867165,4.646289062499818,53.27993164062491,156.4800048828124,314.406494140625,-109.44003906250009,-36.00009765625009,-29.42722167968759,-120.48000488281252,73.44001464843745,63.500732421875
1763688007.2389474,6,3,2,-0.14180953477679575,0.08699721525500262,-0.2205543457767214,0.0024446086570054553,0.006850038836128966,0.0002725040059463451,36.48000488281241,-81.60001220703123,24.78090820312491,8.640008544921898,-17.76000061035154,-14.713574218750182,38.87990722656241,84.48000488281241,178.886474609375,-66.24008789062509,-21.59995117187509,-33.29916992187509,-77.27999267578127,47.039990234374955,5.4208984375
1763688009.9266422,6,3,2,-0.16298712322679237,0.07737592786797588,-0.25003665187467733,0.0031779917843315856,0.007144915151252905,-0.0002810701362299011,46.07998046874991,-88.79996337890623,40.26894531249991,15.840020751953148,-17.76000061035154,0.7744628906248181,38.87990722656241,96.48000488281241,202.118408203125,-73.44003906250009,-28.80014648437509,-33.29916992187509,-84.48000488281252,42.239941406249955,20.90869140625
1763688010.1368628,6,3,2,-0.110238849096982,0.14932074592312922,-0.3677315064468106,0.0035791408571098685,0.006012662256908685,-0.0002500393366025004,55.67995605468741,-95.99997558593748,55.75673828124991,13.439996337890648,-27.360006713867165,0.7744628906248181,41.27993164062491,115.67995605468741,229.222412109375,-85.44003906250009,-36.00009765625009,-33.29916992187509,-89.27999267578127,54.239941406249955,24.78076171875
1763688010.225541,6,3,2,-0.07486970663370919,0.1626043774220866,-0.5152394552110346,0.0051524731757567055,0.006557306148703577,-0.00029709407068676907,67.67995605468741,-100.79996337890623,67.37294921874991,13.439996337890648,-34.56000366210935,8.518359374999818,41.27993164062491,142.0799804687499,267.9423828125,-109.44003906250009,-48.00009765625009,-37.17124023437509,-101.27999267578127,63.840039062499955,44.140869140625
1763688010.3182273,6,3,2,-0.13274147008988535,0.1746810199111791,-0.7609784567017482,0.006525397492787735,0.007037500742182984,0.0004023061143925634,84.48000488281241,-110.39999999999998,78.98891601562491,20.640008544921898,-41.76000061035154,12.390429687499818,41.27993164062491,158.8800292968749,298.91845703125,-119.04013671875009,-48.00009765625009,-33.29916992187509,-113.27999267578127,63.840039062499955,59.62890625
1763688010.5271966,6,3,2,-0.11695444446660747,0.18537261612149153,-0.9533456879492905,0.00873341909123132,0.006079957690107806,-0.00020527285790818725,103.67995605468741,-143.99997558593748,129.3248535156249,44.6400085449219,-60.96001281738279,35.62236328124982,48.48000488281241,226.0799804687499,395.718505859375,-162.2400878906251,-64.80014648437509,-41.04318847656259,-144.48000488281252,90.23994140624995,106.0927734375
1763688010.6303551,6,3,2,-0.07036542976599645,0.26882087310474234,-1.3888943776169702,0.010112874607760381,0.007414278553090998,-0.00036212027308429255,118.07998046874991,-160.79996337890623,144.8128906249999,56.6400085449219,-63.360006713867165,51.11040039062482,50.87990722656241,252.4801269531249,438.310546875,-183.8399414062501,-74.40000000000009,-44.91519775390634,-161.28000793457034,99.84003906249995,129.32470703125
1763688010.9255693,6,3,2,-0.22859180953175456,0.3447073711958851,-2.1295809964635124,0.009129611647289617,0.010711402077568872,0.0001457424141906036,194.8800292968749,-206.39999999999998,214.5089355468749,87.84002075195315,-82.56000366210935,78.21440429687482,58.07998046874991,362.8800292968749,608.678466796875,-258.2400878906251,-96.00009765625009,-48.78720703125009,-218.8799987792969,138.23994140624995,199.020751953125
1763688011.3287241,6,3,2,-0.3441350862141301,0.2767051730328624,-3.2745883133120053,0.00964935388757198,0.019553905940829636,0.00013847936519343447,278.8800292968749,-280.8000244140625,307.4369140624999,121.44002685546877,-106.56000366210935,128.55034179687482,65.27993164062491,506.8800292968749,844.870361328125,-371.0401367187501,-136.8001464843751,-72.01920166015634,-300.4800048828125,186.23994140624995,295.82080078125
1763688011.5326571,6,3,2,-0.39884950992076434,0.2231662761251954,-3.857358274968652,0.007128094628610843,0.024335589456340775,-0.0004655604305299696,319.6799560546874,-309.6000122070312,342.2848144531249,143.04000244140627,-118.56000366210935,147.91020507812482,72.48000488281241,566.8800292968749,949.41455078125,-411.8399414062501,-151.2000488281251,-83.63522949218759,-334.08001098632815,200.63996582031245,330.668701171875
1763688011.827243,6,3,2,-0.5069198072588508,0.22441211133138214,-4.949789295724417,0.007295120096405672,0.028028567304045827,0.0006316941600049523,391.6799560546874,-367.1999877929687,419.7247558593749,174.24004516601565,-132.9600128173828,182.75834960937482,72.48000488281241,686.8800292968749,1135.2705078125,-493.4400390625001,-180.0000976562501,-99.12320556640634,-401.2800117492676,241.44001464843745,408.10888671875
1763688011.9228084,6,3,2,-0.581443514046406,0.19439782484705048,-5.288791715517865,0.006079485680386796,0.02983734540734747,0.00043054714828268635,410.8800292968749,-391.1999877929687,439.0848632812499,186.24004516601565,-142.56001129150388,194.37456054687482,82.07998046874991,720.4801269531249,1193.350341796875,-522.2400878906251,-184.8001464843751,-102.99521484375009,-422.88001403808596,243.84003906249995,439.084716796875
1763688012.0302753,6,3,2,-0.5223500612528186,0.2556387828665798,-5.601451835109101,0.008507508927298775,0.02950818257584915,0.00032369470086529963,432.4800048828124,-407.9999755859375,466.1888671874999,200.6400085449219,-152.16000976562498,202.11821289062482,79.67995605468741,763.6800781249999,1259.174560546875,-548.6399902343751,-196.8001464843751,-118.48319091796884,-442.0800148010254,258.23994140624995,466.188720703125
1763688012.1243527,6,3,2,-0.6619760280615464,0.18998564535439644,-5.998082275187409,0.005764153013279165,0.035503186389766905,0.0001778837893609917,461.2800537109374,-431.9999755859375,489.4208007812499,210.24004516601565,-152.16000976562498,213.73442382812482,77.27993164062491,806.8800292968749,1324.998291015625,-582.2400878906251,-204.0000976562501,-130.0992187500001,-466.08001098632815,272.63996582031245,489.4208984375
1763688012.1684055,6,3,2,-0.6697044427318568,0.20423015309308792,-5.98134259263027,0.005715031810510562,0.03566143328268992,0.00018247416655960613,466.0799804687499,-434.4,497.1649414062499,212.6400085449219,-161.76000823974607,213.73442382812482,82.07998046874991,821.2799316406249,1344.358642578125,-584.6399902343751,-204.0000976562501,-126.22720947265634,-470.88001403808596,272.63996582031245,493.292724609375
1763688012.2624505,6,3,2,-0.7119908426877335,0.16369834118254814,-6.506373890543073,0.004705231001812325,0.037546258925815604,0.0003074501093087382,499.6799560546874,-463.1999877929687,524.2689453124999,224.6400085449219,-164.16000976562498,221.47856445312482,84.48000488281241,859.6800781249999,1417.926513671875,-613.4400390625001,-216.0000976562501,-141.7151855468751,-492.48001251220705,284.63996582031245,520.396728515625
1763688012.356815,6,3,2,-0.7766002417737898,0.14059147418987017,-6.951296355169456,0.0030110653328107705,0.04120406762698943,0.0007697635755583216,518.8800292968749,-477.6000122070312,535.8849121093749,234.24004516601565,-171.3600143432617,233.09428710937482,89.27993164062491,905.2799316406249,1476.006591796875,-635.0401367187501,-223.2000488281251,-137.84317626953134,-518.880014038086,299.03999023437495,543.62890625
1763688012.4641607,6,3,2,-0.7463187308258195,0.1795342145046598,-7.293518346386291,0.0020441290088190414,0.042098118205095014,0.0006399008032336533,550.0799804687499,-504.0000061035156,566.8607421874999,248.6400085449219,-171.3600143432617,240.83842773437482,86.87990722656241,946.0799804687499,1553.446533203125,-671.0401367187501,-232.8001464843751,-153.33121337890634,-545.2800231933594,311.03999023437495,574.604736328125
1763688012.5466895,6,3,2,-0.7923041725575332,0.14751719644709296,-7.841405666918153,0.003781178653175423,0.04386979519049123,0.0006897828452349232,569.2800537109374,-523.2000183105469,582.3487792968749,255.84002075195315,-180.9600128173828,248.58256835937482,96.48000488281241,989.2799316406249,1607.654541015625,-683.0401367187501,-237.5999511718751,-161.0751708984376,-564.4800201416016,318.24006347656245,593.96484375
1763688012.6400347,6,3,2,-0.7550718357191619,0.16539186749682808,-8.367297891483968,0.0029285706284487185,0.04394224205355757,0.00041825870491048016,593.2800537109374,-554.4,609.4527832031249,272.6400085449219,-183.3600143432617,260.1982910156248,86.87990722656241,1030.07998046875,1677.350341796875,-721.4400390625001,-247.2000488281251,-176.5632080078126,-593.2800231933594,335.03999023437495,617.19677734375
1763688012.8294497,6,3,2,-1.068319000981409,0.09062020821096098,-9.416811762333943,-0.004008140988975947,0.05531060955760366,0.0005711142284446366,670.0799804687499,-604.8000244140625,655.9168945312499,306.24004516601565,-200.16000976562498,279.5581542968748,98.87990722656241,1154.880029296875,1836.102294921875,-769.4400390625001,-266.4000000000001,-195.9231933593751,-650.880029296875,356.63996582031245,686.892822265625
1763688013.0319037,6,3,2,-1.0389553489440564,0.05572560870005311,-10.50224294037889,-0.007250204845698761,0.05113578812162144,0.0009530089442417594,0,0,0,0,0,0,0,0,0,0,0,0,0,0,0
1763688013.1384478,6,3,2,-1.0099050596038275,0.028520335645179473,-10.990269517655653,-0.00549402973145301,0.057140148730856384,0.0006335562347368788,780.4800048828124,-703.2000183105469,729.4847656249999,359.0400329589844,-207.3600143432617,314.4062988281248,101.27993164062491,1337.28017578125,2122.630615234375,-877.4400390625001,-292.8001464843751,-250.1312011718751,-744.4800354003906,407.03999023437495,787.564697265625
1763688013.331261,6,3,2,-1.1405016177601053,0.002881354051158802,-12.121901363056999,-0.00661622105949769,0.0636418024337372,0.0007760973384796626,869.2800537109374,-763.2000183105469,791.4369140624999,395.0400329589844,-209.76001205444334,333.7661621093748,98.87990722656241,1466.880029296875,2300.742431640625,-944.6399902343751,-316.8001464843751,-308.21121826171884,-814.0800415039063,438.24006347656245,865.0048828125
1763688013.5326366,6,3,2,-1.514453435410104,-0.3061116569518877,-13.62745727508692,-0.0155798981657868,0.0896362042980259,0.0005468068075948351,982.0799804687499,-847.2000183105469,868.8768554687499,450.24004516601565,-214.56001510620115,368.6143066406248,67.67995605468741,1630.07998046875,2517.574462890625,-1035.840185546875,-343.2000488281251,-366.29117431640634,-907.6800476074219,471.84003906249995,950.188720703125
1763688013.7181885,6,3,2,-1.7210991442614305,-0.4803781693884171,-14.881463346863233,-0.033055041581852976,0.0939240864457822,0.0002744139460247215,1063.680078125,-912.0000213623047,903.7247558593749,491.0400329589844,-216.9600128173828,368.6143066406248,67.67995605468741,1788.480126953125,2707.302490234375,-1100.639990234375,-374.4000000000001,-416.6271728515626,-979.6800476074219,495.84003906249995,1031.500732421875
1763688013.922933,6,3,2,-1.7688019891143958,-0.5699455206293578,-16.094088143004882,-0.03770983784537977,0.09759947242871535,0.0002989391156659766,1176.480126953125,-996.0000247001648,961.8048339843749,536.6400085449219,-221.7600158691406,387.9741699218748,53.27993164062491,1973.28017578125,2928.006591796875,-1172.639990234375,-403.2000488281251,-482.45120849609384,-1070.880059814453,536.6399658203125,1108.94091796875
1763688014.0285425,6,3,2,-1.773433984032633,-0.6533777785393546,-16.774025076135377,-0.03975712104488441,0.09744515742419288,0.000679885818093382,1183.680078125,-1003.2000249862671,969.5489746093749,541.4400573730469,-219.3600143432617,391.8462402343748,46.07998046874991,1982.880029296875,2939.622314453125,-1172.639990234375,-405.5999511718751,-482.45120849609384,-1075.6800476074218,536.6399658203125,1124.4287109375
1763688014.2316206,6,3,2,-1.7119231572095819,-0.5748692667776338,-15.998783464808668,-0.03481619104247313,0.09425906247172978,0.0008922863582031216,1188.480126953125,-1005.6000255584717,961.8048339843749,546.2400451660156,-214.56001510620115,384.1025878906248,55.67995605468741,1990.07998046875,2947.366455078125,-1179.840185546875,-405.5999511718751,-490.19522705078134,-1080.4800354003905,534.2400634765625,1120.556884765625
1763688014.327198,6,3,2,-1.7370151340480176,-0.551893550371674,-15.609909013891718,-0.03453220743493216,0.09471441042233615,0.0004052022160125155,1195.680078125,-1008.0000251770019,965.6769042968749,548.6400085449219,-224.16001358032224,380.2305175781248,58.07998046874991,2002.07998046875,2955.110595703125,-1179.840185546875,-405.5999511718751,-494.06717529296884,-1087.6800476074218,534.2400634765625,1124.4287109375
1763688014.4205434,6,3,2,-1.5975866888416628,-0.5557743357509121,-15.746554367357126,-0.03469636025723655,0.08965039618072,0.000901403266113536,1195.680078125,-1012.8000244140625,961.8048339843749,546.2400451660156,-216.9600128173828,384.1025878906248,62.87990722656241,1999.680078125,2958.982666015625,-1177.4400390625,-405.5999511718751,-494.06717529296884,-1080.4800354003905,536.6399658203125,1124.4287109375
1763688014.631357,6,3,2,-1.6110417390455307,-0.4483096314934324,-15.291112301446569,-0.030323503285481033,0.08837438444319966,0.0006826427243513452,1193.279931640625,-1010.4000247955322,957.9327636718749,548.6400085449219,-219.3600143432617,384.1025878906248,60.48000488281241,2011.680078125,2966.726318359375,-1179.840185546875,-410.4000000000001,-501.81119384765634,-1085.2800231933593,539.039990234375,1124.4287109375
1763688014.717964,6,3,2,-1.6003081614485481,-0.5028913377313644,-15.2108158134396,-0.031240355099145616,0.0881911867562666,0.0008683805479066057,1198.07998046875,-1012.8000244140625,957.9327636718749,548.6400085449219,-224.16001358032224,384.1025878906248,62.87990722656241,2014.07998046875,2966.726318359375,-1179.840185546875,-410.4000000000001,-501.81119384765634,-1087.6800476074218,534.2400634765625,1128.30078125
1763688015.2218182,6,3,2,-1.4834104760329114,-0.40433307620263864,-14.705374215993169,-0.026863849481571535,0.08186929076034007,0.0005882657484962391,1181.279931640625,-1005.6000255584717,938.5729003906249,539.0400329589844,-228.9600128173828,368.6143066406248,84.48000488281241,1997.28017578125,2943.494384765625,-1158.240087890625,-405.5999511718751,-490.19522705078134,-1075.6800476074218,522.2400634765625,1105.06884765625
1763688015.5201492,6,3,2,-1.1275779668716337,-0.181051466779257,-14.116563259147513,-0.014244107376007505,0.06293368390102333,0.0005934416581154936,1159.680078125,-996.0000247001648,930.8287597656249,524.6400085449219,-236.16001358032224,368.6143066406248,106.07998046874991,1982.880029296875,2931.878662109375,-1139.04013671875,-396.0000976562501,-470.8351806640626,-1073.2800231933593,512.6399658203125,1089.580810546875
1763688015.627926,6,3,2,-1.2054855697628228,-0.22268035352556714,-14.192211212448209,-0.01666438721833931,0.06600241473291393,0.0003260590571702816,1164.480126953125,-996.0000247001648,926.9569335937499,524.6400085449219,-233.7600158691406,364.7422363281248,106.07998046874991,1990.07998046875,2939.622314453125,-1148.639990234375,-398.4000000000001,-470.8351806640626,-1073.2800231933593,512.6399658203125,1085.708740234375
1763688015.830781,6,3,2,-1.0681323518608234,-0.14659136446263998,-14.26549777146179,-0.013638475660107958,0.060160193459330484,0.000617100090193333,1162.07998046875,-998.4000247955322,926.9569335937499,529.4400573730469,-236.16001358032224,368.6143066406248,108.48000488281241,1990.07998046875,2928.006591796875,-1141.4400390625,-403.2000488281251,-470.8351806640626,-1073.2800231933593,517.4400146484375,1089.580810546875
1763688016.1268995,6,3,2,-1.1444982765057075,-0.26127337873948236,-14.084866857403275,-0.018931233493519634,0.0647049679413415,0.0007481778326467294,1171.680078125,-998.4000247955322,930.8287597656249,529.4400573730469,-233.7600158691406,360.8701660156248,108.48000488281241,1990.07998046875,2943.494384765625,-1143.840185546875,-403.2000488281251,-478.5791992187501,-1075.6800476074218,512.6399658203125,1093.452880859375
1763688016.2202272,6,3,2,-1.1481168965194373,-0.19154093065581446,-13.93698902374445,-0.015455705979932753,0.06413778765480402,0.000966322633007396,1164.480126953125,-1000.8000244140625,919.2127929687499,529.4400573730469,-233.7600158691406,364.7422363281248,110.87990722656241,1990.07998046875,2939.622314453125,-1146.240087890625,-403.2000488281251,-474.70718994140634,-1073.2800231933593,512.6399658203125,1089.580810546875
1763688016.328245,6,3,2,-1.170720396106015,-0.12622351481213434,-13.863882225054098,-0.013745901926674374,0.0655743296980177,0.0008382486290963364,1162.07998046875,-996.0000247001648,915.3409667968749,524.6400085449219,-233.7600158691406,360.8701660156248,110.87990722656241,1990.07998046875,2931.878662109375,-1141.4400390625,-400.8001464843751,-470.8351806640626,-1075.6800476074218,517.4400146484375,1097.32470703125
1763688016.355839,6,3,2,-1.1684277578011235,-0.17358835601465789,-13.883062511171682,-0.014638479926969043,0.06489465501922591,0.0006751308237072252,1166.880029296875,-1003.2000249862671,915.3409667968749,529.4400573730469,-228.9600128173828,364.7422363281248,108.48000488281241,1994.880029296875,2943.494384765625,-1143.840185546875,-403.2000488281251,-486.3232177734376,-1070.880059814453,517.4400146484375,1089.580810546875
1763688016.4485526,6,3,2,-1.137722237835284,-0.23511127084332695,-13.930894208935772,-0.018161703934417385,0.06438889354884893,0.0008823186197074334,1169.279931640625,-996.0000247001648,923.0848632812499,524.6400085449219,-236.16001358032224,364.7422363281248,113.27993164062491,1999.680078125,2931.878662109375,-1139.04013671875,-398.4000000000001,-482.45120849609384,-1080.4800354003905,517.4400146484375,1085.708740234375
1763688016.5565975,6,3,2,-1.1245180511611952,-0.2178523869141999,-13.993088964430694,-0.017009123027122146,0.06278144255745703,0.001175921699569483,1159.680078125,-996.0000247001648,919.2127929687499,522.2400451660156,-233.7600158691406,364.7422363281248,110.87990722656241,1982.880029296875,2920.262451171875,-1136.639990234375,-396.0000976562501,-478.5791992187501,-1068.4800354003905,512.6399658203125,1077.96484375
1763688016.7315967,6,3,2,-1.072479103583574,-0.16520084380561,-13.3436176925186,-0.014184248467463134,0.06066885649789269,0.0009457981835434429,1138.07998046875,-969.600023651123,907.5968261718749,507.84002075195315,-233.7600158691406,356.9985839843748,110.87990722656241,1942.07998046875,2866.054443359375,-1117.4400390625,-391.2000488281251,-455.34720458984384,-1046.880059814453,503.03999023437495,1062.476806640625
1763688016.9185834,6,3,2,-0.9782749977931201,-0.10395288628511024,-12.395712174022425,-0.008631417223103666,0.05424191947602064,0.0009886241539503317,1090.07998046875,-931.2000221252441,876.6207519531249,488.6400085449219,-231.3600143432617,353.1265136718748,110.87990722656241,1853.28017578125,2746.022216796875,-1079.04013671875,-374.4000000000001,-424.3711914062501,-1008.4800354003906,483.84003906249995,1019.884765625
1763688017.0246477,6,3,2,-0.8086756734377324,-0.00021454966163514388,-11.502954037302217,-0.0040811692086140106,0.04601971141516251,0.000377367624586576,1046.880029296875,-900.0000213623047,853.3888183593749,479.0400329589844,-231.3600143432617,341.5103027343748,115.67995605468741,1798.07998046875,2660.838623046875,-1050.240087890625,-364.8001464843751,-405.0112060546876,-972.4800354003906,474.24006347656245,992.78076171875
1763688017.1197045,6,3,2,-0.8287869348008405,0.011716341694685328,-10.866722502432943,-0.004802567024339607,0.04643610837335495,0.0006006408529450153,1010.8800292968749,-871.2000183105469,841.7728515624999,459.84002075195315,-233.7600158691406,333.7661621093748,110.87990722656241,1738.07998046875,2591.142333984375,-1021.4400390625001,-355.2000488281251,-389.52322998046884,-936.4800354003906,459.84003906249995,969.548828125
1763688017.2302308,6,3,2,-0.8433486846142904,0.013191890319263683,-10.168092199073346,-0.0028975839460253887,0.045177929437028225,0.0004672896233788044,946.0799804687499,-825.6000122070312,799.1808105468749,428.6400085449219,-231.3600143432617,326.0225097656248,122.87990722656241,1642.07998046875,2467.238525390625,-975.8401855468751,-333.5999511718751,-346.93118896484384,-898.0800109863281,431.03999023437495,911.46875
1763688017.4331164,6,3,2,-0.4625288190645032,0.2501491383391875,-8.219920811876818,0.006484129825683742,0.032125415936263994,5.683602543053896e-06,828.4800048828124,-739.2000183105469,733.3568359374999,380.6400085449219,-221.7600158691406,295.0464355468748,122.87990722656241,1442.880029296875,2200.070556640625,-882.2400878906251,-302.4000000000001,-284.9792236328126,-792.4800354003906,395.03999023437495,814.668701171875
1763688017.6206224,6,3,2,-0.45854842102590965,0.4319801961796791,-6.591435356257923,0.018244220483267168,0.02718652800845632,0.000543526275221415,718.0799804687499,-655.2000183105469,667.5328613281249,318.24004516601565,-219.3600143432617,267.9424316406248,122.87990722656241,1255.680078125,1948.390380859375,-791.0401367187501,-266.4000000000001,-223.0271972656251,-698.880029296875,356.63996582031245,710.124755859375
1763688017.8257494,6,3,2,-0.215979856052439,0.25405680135238834,-4.903349858929611,0.014591563685336303,0.013945281683162733,0.00036012614378951903,612.4800048828124,-568.7999938964844,586.2208496093749,275.0400329589844,-192.9600128173828,240.83842773437482,101.27993164062491,1054.07998046875,1681.222412109375,-702.2400878906251,-230.4000000000001,-176.5632080078126,-602.880014038086,320.63996582031245,617.19677734375
1763688018.120863,6,3,2,-0.12557734585335845,0.35776854115933215,-3.3215183820461185,0.019655796197196856,0.010036844351593544,0.0007022961498684204,480.4800048828124,-451.1999877929687,477.8048339843749,212.6400085449219,-164.16000976562498,205.99028320312482,91.67995605468741,830.8800292968749,1344.358642578125,-565.4400390625001,-192.0000976562501,-133.97122802734384,-475.6800170898438,260.63996582031245,497.164794921875
1763688018.4317205,6,3,2,-0.2371104459809601,0.27493695814172003,-2.256215037500655,0.015730040325858747,0.01173685928164353,0.00013576221120323957,384.4800048828124,-350.4,384.8768554687499,174.24004516601565,-125.7600158691406,167.27055664062482,72.48000488281241,662.8800292968749,1050.08642578125,-457.4400390625001,-160.8001464843751,-114.61118164062509,-379.6800108909607,210.23994140624995,384.876708984375
1763688018.527221,6,3,2,-0.3388556341524233,0.364822496415778,-1.9333732044434864,0.010994113126358004,0.01190478815866242,-0.0003241957240834063,336.4800048828124,-323.9999755859375,342.2848144531249,155.0400329589844,-120.96001281738279,144.03813476562482,79.67995605468741,598.0799804687499,968.7744140625,-411.8399414062501,-146.4000000000001,-83.63522949218759,-348.4800086975098,193.44001464843745,342.284912109375
1763688018.6207876,6,3,2,-0.13288546837031273,0.42869685973324234,-1.6094205998141604,0.01772325725169619,0.006897493031303989,-0.0004214572839741789,314.8800292968749,-304.8000244140625,326.7967773437499,143.04000244140627,-113.7600158691406,136.29448242187482,72.48000488281241,564.4801269531249,914.56640625,-390.2400878906251,-144.0000976562501,-87.50717773437509,-324.4800086975098,183.84003906249995,330.668701171875
1763688018.9198053,6,3,2,-0.17436873015631071,0.2973485597542684,-1.1819015124174843,0.014586530222252005,0.007188752561030963,-0.0005833440998824152,254.8800292968749,-251.99997558593748,257.1007324218749,111.84002075195315,-101.7600158691406,105.31840820312482,62.87990722656241,456.4801269531249,744.198486328125,-313.4400390625001,-115.20004882812509,-68.14719238281259,-269.28000793457034,155.03999023437495,253.228759765625
1763688019.3242204,6,3,2,-0.09962108970175049,0.2730280379372638,-0.6145121936894075,0.013575858372921884,0.004730601934256441,-0.000852989025540327,185.2799316406249,-196.79996337890623,191.2767578124999,80.6400085449219,-75.36000671386716,70.47026367187482,55.67995605468741,338.8800292968749,566.08642578125,-234.2400878906251,-81.59995117187509,-52.65921630859384,-209.28000793457034,119.03999023437495,183.53271484375
1763688019.7281332,6,3,2,-0.08411718636352132,0.2572727126133707,-0.3771379879616692,0.010176375934618304,0.0051229694617773765,-0.0001562094750605029,144.4800048828124,-163.19998779296873,144.8128906249999,68.6400085449219,-60.96001281738279,62.72636718749982,48.48000488281241,271.6800781249999,449.926513671875,-183.8399414062501,-69.59995117187509,-52.65921630859384,-163.6800018310547,99.84003906249995,137.06884765625
1763688019.8215754,6,3,2,-0.05566426558051976,0.22579837624272148,-0.26132354524221024,0.009452012085425931,0.0038646899688143544,-0.0007411298025686562,137.2799316406249,-153.60001220703123,137.0687499999999,59.04000244140627,-58.56000366210935,51.11040039062482,50.87990722656241,254.8800292968749,430.56640625,-174.2400878906251,-64.80014648437509,-41.04318847656259,-158.8799987792969,90.23994140624995,125.452880859375
1763688019.9321134,6,3,2,-0.041580276760313034,0.23319165301597294,-0.24015212487795665,0.010380987544343665,0.0021647762818025433,-0.0004960646139781356,125.27993164062491,-146.39999999999998,125.45278320312491,51.84002075195315,-51.360006713867165,39.49443359374982,48.48000488281241,240.4801269531249,399.59033203125,-167.0401367187501,-55.20004882812509,-37.17124023437509,-146.8799987792969,92.63996582031245,113.8369140625
1763688026.1308177,6,3,2,-0.1220115563644614,0.06976786627307373,-0.21768660608387216,0.0034650698084578925,0.007549525666688437,-0.0001895420257068828,0,0,0,0,0,0,0,0,0,0,0,0,0,0,0
1763688026.4300272,6,3,2,-0.21721235365542246,0.11199612694908713,-0.29763525300605737,0.0039325415025401565,0.009011579549920138,1.562082215504309e-05,67.67995605468741,-105.60001220703123,59.62880859374991,20.640008544921898,-32.16000976562498,4.646289062499818,34.07998046874991,134.8800292968749,264.070556640625,-109.44003906250009,-40.80014648437509,-33.29916992187509,-103.67998657226565,59.039990234374955,40.268798828125
1763688026.6211894,6,3,2,-0.10407079470639577,0.2513840806110579,-0.6340620538963673,0.008705006455064456,0.005242265479093,-0.00017558342263442799,94.07998046874991,-124.79996337890623,94.47695312499991,37.44002685546877,-41.76000061035154,31.750292968749818,41.27993164062491,182.8800292968749,337.638427734375,-138.2400878906251,-57.59995117187509,-41.04318847656259,-125.27999267578127,78.23994140624995,78.98876953125
1763688026.7288148,6,3,2,-0.18274299662070095,0.2126671539079068,-0.9406696815451845,0.008099226615988966,0.009522381620336858,0.0005770287279009193,113.27993164062491,-139.19998779296873,113.83681640624991,42.24001464843752,-53.76000061035154,27.878466796874818,48.48000488281241,216.4801269531249,380.23046875,-157.4400390625001,-64.80014648437509,-41.04318847656259,-144.48000488281252,80.63996582031245,98.348876953125
1763688026.837137,6,3,2,-0.13273224106265513,0.23092564353105288,-0.987933426413669,0.00875592987283887,0.007133283716909439,0.00016969715590532523,132.4800048828124,-158.39999999999998,137.0687499999999,51.84002075195315,-60.96001281738279,47.23833007812482,46.07998046874991,252.4801269531249,430.56640625,-183.8399414062501,-69.59995117187509,-48.78720703125009,-161.28000793457034,95.03999023437495,125.452880859375
1763688027.1223507,6,3,2,-0.18084990577274337,0.3000723665820384,-1.9918726371987752,0.011130822239326732,0.013358790819794089,-0.00018297828791879718,204.4800048828124,-203.99997558593748,218.3807617187499,92.6400085449219,-82.56000366210935,85.95854492187482,53.27993164062491,367.6800781249999,620.29443359375,-265.4400390625001,-98.40000000000009,-56.53122558593759,-218.8799987792969,133.44001464843745,202.892822265625
1763688027.13485,6,3,2,-0.1277507149764683,0.3108474302558808,-2.029029495818696,0.010903100301021275,0.012692632186165167,0.0005831897578683681,206.8800292968749,-211.19998779296873,222.2528320312499,90.24001464843752,-77.7600158691406,89.83012695312482,55.67995605468741,377.2799316406249,628.038330078125,-270.2400878906251,-103.20004882812509,-60.40317382812509,-228.48000488281252,135.84003906249995,214.5087890625
1763688027.3283818,6,3,2,-0.23543666136464744,0.2357763293000001,-2.5441094941086018,0.010942035008640607,0.012933622869457501,-0.00021885399651826979,257.2799316406249,-251.99997558593748,268.7169433593749,114.24001464843752,-99.36000671386716,120.80620117187482,60.48000488281241,461.2799316406249,759.6865234375,-330.2400878906251,-120.00009765625009,-72.01920166015634,-276.4800048828125,159.84003906249995,268.716796875
1763688027.5320032,6,3,2,-0.3581176793083293,0.22059986109570967,-3.2941826498679454,0.008526217211498346,0.018725919564114506,0.0003659402303261886,317.2799316406249,-287.9999755859375,322.9249511718749,143.04000244140627,-104.16000976562498,144.03813476562482,53.27993164062491,550.0799804687499,879.718505859375,-397.4400390625001,-153.5999511718751,-95.25119628906259,-319.68000946044924,186.23994140624995,330.668701171875
1763688027.72806,6,3,2,-0.4013619744890093,0.1358828875952644,-3.921915719763319,0.007101425290575977,0.02174126368439616,-9.071937549815119e-05,370.0799804687499,-333.6000122070312,377.1329589843749,169.43999633789065,-120.96001281738279,171.14213867187482,60.48000488281241,643.6800781249999,1026.8544921875,-459.8399414062501,-172.8001464843751,-110.73917236328134,-362.8800102233887,210.23994140624995,388.748779296875
1763688027.8248808,6,3,2,-0.48212433227949425,0.17740490572088113,-4.408105252150537,0.0037141063621465003,0.027274111978643406,0.00010973070060439887,394.0799804687499,-352.8000244140625,408.1087890624999,186.24004516601565,-125.7600158691406,182.75834960937482,62.87990722656241,684.4801269531249,1092.678466796875,-483.8399414062501,-182.4000000000001,-118.48319091796884,-389.28001127243044,224.63996582031245,415.852783203125
1763688027.922177,6,3,2,-0.4854782910250542,0.1910973672183257,-4.808525344980218,0.004386705484097822,0.026700803124376876,0.00028104944344997575,422.8800292968749,-376.8000244140625,435.2127929687499,195.84002075195315,-130.56000366210935,190.50249023437482,58.07998046874991,720.4801269531249,1150.758544921875,-517.4400390625001,-192.0000976562501,-118.48319091796884,-410.8800121307373,236.63996582031245,442.956787109375
1763688028.1255786,6,3,2,-0.5418656392697351,0.19701354413969352,-5.431228068170085,0.004705339960740105,0.03095735786889056,0.00021709942144842488,458.8800292968749,-412.8000244140625,473.9327636718749,215.0400329589844,-147.3600143432617,202.11821289062482,67.67995605468741,790.0799804687499,1263.04638671875,-563.0401367187501,-201.5999511718751,-126.22720947265634,-451.6800170898438,258.23994140624995,481.6767578125
1763688028.2327092,6,3,2,-0.635331117174763,0.12960627014273557,-5.721871860600366,0.0033514416924705845,0.03490252873151856,0.0002710331497259109,0,0,0,0,0,0,0,0,0,0,0,0,0,0,0
1763688028.3424416,6,3,2,-0.5838649860657479,0.15808953323837724,-6.133508357348248,0.005517714515403201,0.031815661553547855,0.0005990807965357151,514.0799804687499,-460.8000244140625,528.1407714843749,234.24004516601565,-159.3600143432617,225.35014648437482,62.87990722656241,876.4801269531249,1417.926513671875,-618.2400878906251,-223.2000488281251,-145.58719482421884,-499.6800170898438,284.63996582031245,543.62890625
1763688028.5187387,6,3,2,-0.665949489480961,0.2304708406214274,-7.123353751645001,0.0062676293192501075,0.0358695353850179,0.0005564839508941048,557.2800537109374,-506.4,559.1168457031249,248.6400085449219,-173.7600158691406,233.09428710937482,84.48000488281241,955.6800781249999,1541.830322265625,-663.8399414062501,-232.8001464843751,-157.2032226562501,-545.2800231933594,301.44001464843745,578.476806640625
1763688028.6286154,6,3,2,-0.6979163903019863,0.1755005728925074,-7.578852321201981,0.006501995064586008,0.03918872967792964,0.001104178095351511,578.8800292968749,-528.0000061035156,574.6048828124999,263.0400329589844,-190.56001129150388,248.58256835937482,101.27993164062491,1013.2799316406249,1615.398681640625,-678.2400878906251,-240.0000976562501,-168.8191894531251,-574.0800109863281,315.84003906249995,601.708740234375
1763688028.7230265,6,3,2,-0.6512745267210083,0.22439081826738558,-7.817201185452076,0.008563903614957045,0.03205268931805075,0.00047463683439137247,612.4800048828124,-561.6000122070312,605.5809570312499,277.43999633789065,-195.3600143432617,260.1982910156248,96.48000488281241,1061.279931640625,1704.454345703125,-716.6399902343751,-247.2000488281251,-172.69119873046884,-602.880014038086,330.24006347656245,636.556884765625
1763688028.8308132,6,3,2,-0.7129015034772719,0.2254951873706961,-8.43273841271354,0.007633349038984825,0.04091884479268602,0.0006438084364765325,631.6799560546874,-576.0000061035156,621.0687499999999,289.43999633789065,-200.16000976562498,260.1982910156248,110.87990722656241,1109.279931640625,1770.278564453125,-735.8399414062501,-249.5999511718751,-180.43521728515634,-629.2800231933594,337.44001464843745,652.044921875
1763688028.929253,6,3,2,-0.6766708190466397,0.28425857942437205,-8.809208212759867,0.009699064796997236,0.037598337759750106,4.316361234831326e-05,672.4800048828124,-614.4,655.9168945312499,306.24004516601565,-207.3600143432617,271.8145019531248,118.07998046874991,1176.480126953125,1859.334228515625,-769.4400390625001,-266.4000000000001,-203.6672119140626,-660.4800354003906,351.84003906249995,679.14892578125
1763688029.0252414,6,3,2,-0.7518491417380719,0.22067921300278048,-9.378358953534704,0.006129121578114481,0.04121507436280991,0.0006128714943639453,718.0799804687499,-650.4,679.1488281249999,327.84002075195315,-216.9600128173828,287.3022949218748,122.87990722656241,1258.07998046875,1979.366455078125,-807.8399414062501,-276.0000976562501,-215.2831787109376,-706.0800109863281,363.84003906249995,725.61279296875
1763688029.4297993,6,3,2,-1.1497909795350756,-0.1802916812459831,-12.281859629991054,-0.013875420789111755,0.06344218377023804,0.0002342408671708058,931.6800781249999,-808.8000244140625,803.0528808593749,428.6400085449219,-228.9600128173828,333.7661621093748,108.48000488281241,1601.28017578125,2428.518310546875,-978.2400878906251,-331.2000488281251,-335.31522216796884,-869.2800231933594,440.63996582031245,911.46875
1763688029.6319437,6,3,2,-1.4753993067828621,-0.6297934528520239,-13.700838584727627,-0.037471496104891665,0.08086200533409763,-9.60809781642034e-05,1037.279931640625,-885.6000198364258,872.7489257812499,476.6400085449219,-226.56001510620115,353.1265136718748,91.67995605468741,1769.28017578125,2641.478271484375,-1057.4400390625,-364.8001464843751,-389.52322998046884,-958.0800109863281,479.03999023437495,996.65283203125
1763688029.7260118,6,3,2,-1.3211420598095902,-0.2853336390657858,-14.327590015307974,-0.020818334972037875,0.07301161618547926,0.00034541938618509824,1082.880029296875,-926.4000228881836,892.1087890624999,491.0400329589844,-236.16001358032224,356.9985839843748,106.07998046874991,1846.07998046875,2746.022216796875,-1086.240087890625,-374.4000000000001,-416.6271728515626,-1003.6800476074219,488.63996582031245,1027.62890625
1763688029.8335266,6,3,2,-1.4229372726199008,-0.5243742627263098,-15.102724256258337,-0.02993877351804502,0.07884267256876495,0.0005987975719063537,1150.07998046875,-967.2000240325928,899.8529296874999,519.8400207519531,-236.16001358032224,356.9985839843748,98.87990722656241,1956.480126953125,2835.078369140625,-1117.4400390625,-391.2000488281251,-459.2192138671876,-1051.6800476074218,500.63996582031245,1077.96484375
1763688030.0229135,6,3,2,-1.5928601509548188,-0.7109605887644967,-16.69035118045333,-0.04107094443307437,0.08540291470295665,0.0008617980492916328,1265.279931640625,-1063.2000259399415,965.6769042968749,572.6400085449219,-236.16001358032224,368.6143066406248,96.48000488281241,2158.07998046875,3094.502197265625,-1208.639990234375,-424.8001464843751,-525.0431884765626,-1157.2800231933593,539.039990234375,1174.764892578125
1763688030.2260158,6,3,2,-1.9292546960432229,-0.9397745488921773,-18.557489508135575,-0.05326783961949058,0.10505278024508095,0.0014187359604316586,1402.07998046875,-1154.4000305175782,1016.0128417968749,625.4400573730469,-231.3600143432617,380.2305175781248,74.87990722656241,2378.880029296875,3334.566650390625,-1278.240087890625,-463.2000488281251,-610.2272094726563,-1262.880059814453,567.8400390625,1275.43701171875
1763688030.434706,6,3,2,-1.8416061187049726,-0.7877228208266485,-18.447138683635995,-0.046247335333011466,0.10121481056674606,0.0012396007426535337,1399.680078125,-1164.0000366210938,1008.2687011718749,620.6400085449219,-240.96001472473142,372.4863769531248,91.67995605468741,2390.880029296875,3353.926513671875,-1278.240087890625,-465.5999511718751,-610.2272094726563,-1267.6800476074218,567.8400390625,1263.82080078125
1763688030.520731,6,3,2,-1.5888191333290955,-0.697227320070267,-18.190975734538235,-0.04126706496252926,0.08865157221365057,0.0008716595426639159,1397.279931640625,-1161.6000274658204,1004.3966308593749,625.4400573730469,-238.56001510620115,376.3584472656248,86.87990722656241,2388.480126953125,3334.566650390625,-1268.639990234375,-465.5999511718751,-614.099188232422,-1262.880059814453,565.4400146484375,1275.43701171875
1763688030.5973523,6,3,2,-1.598511017383689,-0.7138663174304474,-18.207519228695816,-0.04125176902931646,0.08920841463804509,0.0006329094268795214,1411.680078125,-1166.4000305175782,1008.2687011718749,627.8400207519531,-240.96001472473142,372.4863769531248,91.67995605468741,2407.680322265625,3365.542236328125,-1278.240087890625,-470.4000000000001,-625.7151855468751,-1274.880059814453,570.2400634765625,1275.43701171875
1763688030.7252603,6,3,2,-1.7058548892132348,-0.7536463703507921,-17.715680224213425,-0.0445085906258766,0.09407583725892571,0.0006431661596385434,1399.680078125,-1161.6000274658204,1008.2687011718749,620.6400085449219,-243.3600143432617,376.3584472656248,91.67995605468741,2398.080224609375,3353.926513671875,-1273.4400390625,-472.8001464843751,-614.099188232422,-1270.0800720214843,570.2400634765625,1271.56494140625
1763688030.7828996,6,3,2,-1.6831647108164915,-0.7662242094215599,-17.730697007872635,-0.04393619767909469,0.09351635778713509,0.0006411612084664129,1394.880029296875,-1159.200033569336,1004.3966308593749,623.0400329589844,-240.96001472473142,368.6143066406248,96.48000488281241,2395.680322265625,3346.182373046875,-1271.04013671875,-465.5999511718751,-614.099188232422,-1267.6800476074218,565.4400146484375,1267.69287109375
1763688030.8782516,6,3,2,-1.597421088046684,-0.707776059111909,-17.349954674258274,-0.040948946833013124,0.08986146309350572,0.0007838095147998337,1406.880029296875,-1168.8000244140626,1000.5250488281249,625.4400573730469,-238.56001510620115,372.4863769531248,89.27993164062491,2407.680322265625,3357.798583984375,-1283.04013671875,-468.0000976562501,-621.8432067871095,-1274.880059814453,572.6399658203125,1271.56494140625
1763688030.9860852,6,3,2,-1.6054409185893874,-0.6514947741799332,-17.530369717905337,-0.04033757998877354,0.08718412657831032,0.0014201754983384184,1406.880029296875,-1168.8000244140626,1012.1407714843749,623.0400329589844,-238.56001510620115,376.3584472656248,89.27993164062491,2405.279931640625,3365.542236328125,-1275.840185546875,-465.5999511718751,-617.9711975097657,-1270.0800720214843,563.039990234375,1263.82080078125
1763688031.0951374,6,3,2,-1.6248102746313198,-0.6791970150179891,-17.295020706446845,-0.04019189895525519,0.08926643096561183,0.0008824292022737773,1406.880029296875,-1164.0000366210938,1004.3966308593749,623.0400329589844,-243.3600143432617,372.4863769531248,98.87990722656241,2407.680322265625,3353.926513671875,-1271.04013671875,-465.5999511718751,-614.099188232422,-1274.880059814453,563.039990234375,1267.69287109375
1763688031.2077043,6,3,2,-1.5538733068143649,-0.6102899105304853,-17.015565048493006,-0.03766378617922703,0.08544299350018508,0.0005951029693487724,1406.880029296875,-1166.4000305175782,1012.1407714843749,625.4400573730469,-240.96001472473142,372.4863769531248,91.67995605468741,2419.680322265625,3361.670654296875,-1275.840185546875,-470.4000000000001,-625.7151855468751,-1277.2800231933593,565.4400146484375,1263.82080078125
1763688031.3351948,6,3,2,-1.5923840731463703,-0.6831360070213499,-16.904868124259746,-0.03942066120923554,0.08755061251838774,0.0007122292307234481,1409.279931640625,-1168.8000244140626,1008.2687011718749,625.4400573730469,-240.96001472473142,372.4863769531248,96.48000488281241,2414.880029296875,3369.414306640625,-1275.840185546875,-470.4000000000001,-621.8432067871095,-1282.0800720214843,565.4400146484375,1271.56494140625
1763688031.4113963,6,3,2,-1.5670282612267636,-0.6456250142732677,-16.970611032077453,-0.03895794471454912,0.08667058755171199,0.0006089546912527851,1411.680078125,-1168.8000244140626,1004.3966308593749,625.4400573730469,-240.96001472473142,376.3584472656248,94.07998046874991,2417.279931640625,3373.286376953125,-1273.4400390625,-468.0000976562501,-617.9711975097657,-1282.0800720214843,567.8400390625,1271.56494140625
1763688031.5249228,6,3,2,-1.568250259144523,-0.6247816296928954,-16.901425667405565,-0.03842610124541182,0.08650370156551826,0.0007904953813479068,1409.279931640625,-1166.4000305175782,996.6529785156249,627.8400207519531,-243.3600143432617,376.3584472656248,98.87990722656241,2417.279931640625,3377.158447265625,-1275.840185546875,-468.0000976562501,-621.8432067871095,-1279.6800476074218,567.8400390625,1279.30859375
1763688031.6339445,6,3,2,-1.54337017788415,-0.6290639382361687,-16.907233658625632,-0.03607131228321753,0.08314134555379664,0.0011109350443561225,0,0,0,0,0,0,0,0,0,0,0,0,0,0,0
1763688031.7281475,6,3,2,-1.4647950106060899,-0.5948548405686185,-16.62332654172396,-0.0358641828022513,0.08240299486628352,0.0008969297748123353,1411.680078125,-1164.0000366210938,1008.2687011718749,623.0400329589844,-240.96001472473142,372.4863769531248,98.87990722656241,2419.680322265625,3365.542236328125,-1273.4400390625,-470.4000000000001,-621.8432067871095,-1277.2800231933593,565.4400146484375,1263.82080078125
1763688031.8213482,6,3,2,-1.4933576961015582,-0.5969278017712081,-16.619049875770656,-0.035212956406822246,0.0821013655702159,0.0007452105222091054,1406.880029296875,-1173.6000274658204,1008.2687011718749,623.0400329589844,-243.3600143432617,372.4863769531248,98.87990722656241,2414.880029296875,3369.414306640625,-1275.840185546875,-463.2000488281251,-617.9711975097657,-1279.6800476074218,570.2400634765625,1275.43701171875
1763688031.930218,6,3,2,-1.550587565190946,-0.5739573250002874,-16.63979976663351,-0.035898523464484425,0.08528488554239336,0.0011247126834614436,1404.480126953125,-1168.8000244140626,1000.5250488281249,625.4400573730469,-245.7600158691406,364.7422363281248,106.07998046874991,2414.880029296875,3369.414306640625,-1271.04013671875,-465.5999511718751,-617.9711975097657,-1277.2800231933593,560.6399658203125,1267.69287109375
1763688032.024352,6,3,2,-1.4269575884329857,-0.533353659806449,-16.531777723492823,-0.03398037841850252,0.08061336864570821,0.0005409470101231462,1404.480126953125,-1166.4000305175782,1004.3966308593749,620.6400085449219,-243.3600143432617,368.6143066406248,103.67995605468741,2422.080224609375,3369.414306640625,-1268.639990234375,-465.5999511718751,-621.8432067871095,-1279.6800476074218,565.4400146484375,1263.82080078125
1763688032.1195967,6,3,2,-1.4530492659863086,-0.5654275076266242,-16.345413512603923,-0.034014474653795215,0.08020852271356503,0.0006884236216926388,1409.279931640625,-1166.4000305175782,1004.3966308593749,625.4400573730469,-243.3600143432617,372.4863769531248,101.27993164062491,2417.279931640625,3369.414306640625,-1268.639990234375,-465.5999511718751,-621.8432067871095,-1274.880059814453,560.6399658203125,1267.69287109375
1763688032.2112136,6,3,2,-1.4265585690789546,-0.5606334811494993,-16.362714925333595,-0.034161039201865646,0.07989272237229872,-0.00010085402707298626,1406.880029296875,-1159.200033569336,1000.5250488281249,625.4400573730469,-240.96001472473142,368.6143066406248,103.67995605468741,2412.480126953125,3365.542236328125,-1275.840185546875,-470.4000000000001,-614.099188232422,-1279.6800476074218,560.6399658203125,1259.94873046875
1763688032.3050332,6,3,2,-1.473212519407734,-0.5612601304453085,-16.361594540016682,-0.033493114338753516,0.08197494230184885,0.0009977867346332159,1402.07998046875,-1171.200033569336,992.7809082031249,620.6400085449219,-245.7600158691406,364.7422363281248,110.87990722656241,2417.279931640625,3365.542236328125,-1271.04013671875,-470.4000000000001,-617.9711975097657,-1277.2800231933593,563.039990234375,1263.82080078125
1763688032.399341,6,3,2,-1.4289735650024782,-0.5592102537338497,-16.25235738473164,-0.0315665137356978,0.0791110525245747,0.0009659892991937874,1399.680078125,-1168.8000244140626,992.7809082031249,618.2400451660156,-248.16001548767088,368.6143066406248,106.07998046874991,2412.480126953125,3365.542236328125,-1268.639990234375,-463.2000488281251,-610.2272094726563,-1277.2800231933593,558.2400634765625,1259.94873046875
1763688032.52871,6,3,2,-1.3845276813821297,-0.5289388794390663,-16.252304434105447,-0.03146381606895812,0.07731828294816624,0.0010413381571634595,1399.680078125,-1168.8000244140626,1004.3966308593749,620.6400085449219,-243.3600143432617,360.8701660156248,110.87990722656241,2414.880029296875,3377.158447265625,-1275.840185546875,-468.0000976562501,-617.9711975097657,-1279.6800476074218,563.039990234375,1263.82080078125
1763688032.604565,6,3,2,-1.4113095334387284,-0.544656820772513,-16.30191406034082,-0.03144728542874192,0.07782790922196736,0.0010253295814709584,1404.480126953125,-1166.4000305175782,996.6529785156249,618.2400451660156,-245.7600158691406,368.6143066406248,106.07998046874991,2422.080224609375,3377.158447265625,-1268.639990234375,-470.4000000000001,-621.8432067871095,-1277.2800231933593,560.6399658203125,1263.82080078125
1763688032.7326412,6,3,2,-1.4001623566682724,-0.5698007403815998,-16.296208034275637,-0.034175403680690886,0.07835022354494406,0.0008613446493631327,1416.480126953125,-1166.4000305175782,1000.5250488281249,625.4400573730469,-245.7600158691406,360.8701660156248,101.27993164062491,2431.680322265625,3381.030517578125,-1273.4400390625,-470.4000000000001,-621.8432067871095,-1284.4800354003905,565.4400146484375,1271.56494140625
1763688032.8252265,6,3,2,-1.4735270984021631,-0.6082865131546207,-16.302369232656744,-0.035710948846561896,0.082054423593132,0.0007788553232424235,1411.680078125,-1171.200033569336,1000.5250488281249,625.4400573730469,-243.3600143432617,368.6143066406248,101.27993164062491,2431.680322265625,3381.030517578125,-1275.840185546875,-470.4000000000001,-621.8432067871095,-1284.4800354003905,565.4400146484375,1271.56494140625
1763688032.898994,6,3,2,-1.5279901972221863,-0.597928729745662,-16.297199795673926,-0.034974299991567634,0.08253988616022064,0.00039250564814227295,1416.480126953125,-1171.200033569336,1008.2687011718749,623.0400329589844,-240.96001472473142,372.4863769531248,98.87990722656241,2424.480126953125,3381.030517578125,-1275.840185546875,-468.0000976562501,-629.5871948242188,-1282.0800720214843,565.4400146484375,1271.56494140625
1763688032.9930499,6,3,2,-1.4856365742898765,-0.5551174738287634,-16.16337957148825,-0.03440102348188208,0.08265151938066226,0.0009079382043225169,1404.480126953125,-1161.6000274658204,1012.1407714843749,623.0400329589844,-240.96001472473142,368.6143066406248,94.07998046874991,2407.680322265625,3350.054443359375,-1271.04013671875,-468.0000976562501,-617.9711975097657,-1270.0800720214843,560.6399658203125,1267.69287109375
1763688033.123622,6,3,2,-1.4891029215646543,-0.5903033241566333,-15.342182592464273,-0.035281974038190694,0.08230262617764676,0.0008095566298334253,1373.279931640625,-1140.0000366210938,996.6529785156249,608.6400085449219,-240.96001472473142,364.7422363281248,98.87990722656241,2352.480126953125,3280.358642578125,-1247.04013671875,-451.2000488281251,-598.6112121582032,-1248.4800354003905,553.4400146484375,1244.4609375
1763688033.2118053,6,3,2,-1.514604705495363,-0.5760148255786041,-15.239195917072653,-0.035156327484552205,0.08254302711119706,0.00014219229246653382,1334.880029296875,-1108.8000320434571,973.4210449218749,591.8400207519531,-243.3600143432617,360.8701660156248,108.48000488281241,2292.480126953125,3218.406494140625,-1223.04013671875,-448.8001464843751,-575.3791870117188,-1217.2800231933593,541.4400146484375,1213.48486328125
1763688033.3264897,6,3,2,-1.1836752278702078,-0.2988533185648427,-13.692399535544327,-0.021815661129963214,0.06616595788000748,0.0011141536311810923,1272.480126953125,-1063.2000259399415,938.5729003906249,565.4400573730469,-243.3600143432617,349.2544433593748,118.07998046874991,2196.480126953125,3102.246337890625,-1182.240087890625,-429.5999511718751,-536.6592163085938,-1169.2800231933593,522.2400634765625,1163.14892578125
1763688033.62368,6,3,2,-0.7492152559230367,0.04419113770244257,-10.485092598468077,-0.002346863168215488,0.04058686355997635,0.0005867474470474436,1104.480126953125,-938.4000228881836,853.3888183593749,498.24004516601565,-240.96001472473142,326.0225097656248,115.67995605468741,1896.480126953125,2734.406494140625,-1062.240087890625,-376.8001464843751,-435.98721923828134,-1015.6800476074219,462.24006347656245,1031.500732421875
1763688033.7320704,6,3,2,-0.5648251095164427,0.11959838292924194,-9.559002616761365,0.00251275733402068,0.0321447082642169,0.0009292952634245232,1015.6800781249999,-866.4000228881836,818.5409179687499,457.4400573730469,-240.96001472473142,310.5342285156248,115.67995605468741,1754.880029296875,2544.678466796875,-999.8401855468751,-345.5999511718751,-389.52322998046884,-941.2800231933594,440.63996582031245,961.8046875
1763688033.9337313,6,3,2,-0.25800856330996774,0.3847058819893716,-7.233882466147523,0.01594338105813255,0.014789030605304057,-0.0001648088559147989,0,0,0,0,0,0,0,0,0,0,0,0,0,0,0
1763688034.0282125,6,3,2,-0.37331788973472724,0.30095841491625797,-6.545668471011985,0.012049303927603793,0.021980643363918757,0.0006990559111137518,809.2800537109374,-710.4,698.5089355468749,371.0400329589844,-221.7600158691406,271.8145019531248,106.07998046874991,1402.07998046875,2091.654541015625,-848.6399902343751,-285.5999511718751,-277.2352050781251,-770.880029296875,371.03999023437495,795.308837890625
1763688034.1247625,6,3,2,-0.36398213197172824,0.26628478060949556,-5.745492538170275,0.01013606124370058,0.022262190654113147,-0.00019314223457289224,730.0799804687499,-657.6000122070312,648.1727539062499,337.43999633789065,-219.3600143432617,260.1982910156248,115.67995605468741,1274.880029296875,1932.902587890625,-776.6399902343751,-261.5999511718751,-238.51517333984384,-706.0800109863281,342.24006347656245,733.356689453125
1763688034.230971,6,3,2,-0.19423826279908743,0.3656154262618529,-4.878397315803634,0.016707626011011074,0.012177627417972806,0.0006025190706567399,648.4800048828124,-590.4,597.8368164062499,296.6400085449219,-212.16001358032224,233.09428710937482,118.07998046874991,1142.880029296875,1739.302490234375,-704.6399902343751,-232.8001464843751,-195.9231933593751,-636.4800201416016,313.44001464843745,648.1728515625
1763688034.5287564,6,3,2,-0.21585438311508767,0.34866793419889774,-3.2294292121269024,0.016713769494033002,0.012189001562105006,0.0002550103494061097,516.4800048828124,-470.4,485.5487304687499,231.84002075195315,-176.16000976562498,198.24614257812482,101.27993164062491,910.0799804687499,1394.694580078125,-579.8399414062501,-196.8001464843751,-153.33121337890634,-514.0800109863281,260.63996582031245,524.268798828125
1763688034.729959,6,3,2,-0.11210371262145241,0.4762220163367313,-2.3045454604106883,0.020782243487124083,0.005828370647525576,0.00012089575656307216,430.0799804687499,-400.8000244140625,419.7247558593749,200.6400085449219,-154.56001129150388,175.01420898437482,89.27993164062491,763.6800781249999,1185.6064453125,-505.4400390625001,-177.5999511718751,-110.73917236328134,-434.88001403808596,222.23994140624995,442.956787109375
1763688034.8269432,6,3,2,-0.1767230308813869,0.3977155946951341,-2.1343085785137377,0.02100932998310428,0.007640952553914724,0.00019035442343230983,396.4800048828124,-374.4,388.7489257812499,186.24004516601565,-142.56001129150388,159.52641601562482,89.27993164062491,708.4801269531249,1108.16650390625,-464.6399902343751,-163.2000488281251,-102.99521484375009,-406.08001098632815,210.23994140624995,404.23681640625
1763688035.0291233,6,3,2,-0.06627350296596449,0.3832795780614329,-1.6861356613006342,0.015839530081231647,0.006196513035847325,-0.00021907564734949259,336.4800048828124,-323.9999755859375,334.5409179687499,152.6400085449219,-135.36000671386716,128.55034179687482,86.87990722656241,612.4801269531249,949.41455078125,-399.8399414062501,-141.5999511718751,-83.63522949218759,-353.28000984191897,188.63996582031245,350.02880859375
1763688035.123826,6,3,2,-0.00239358503427603,0.44018434945828167,-1.3652200735478683,0.019974987300409704,0.000968679219047832,-0.00040560294850943053,317.2799316406249,-304.8000244140625,319.0528808593749,138.24001464843752,-120.96001281738279,124.67827148437482,82.07998046874991,566.8800292968749,895.20654296875,-375.8399414062501,-134.4000000000001,-87.50717773437509,-331.68000946044924,171.84003906249995,319.052734375
1763688035.933991,6,3,2,0.07196185681333532,0.321731104142548,-0.4823717282085072,0.012932748965138723,-0.003026569989823645,-0.000737354157703712,182.8800292968749,-189.60001220703123,171.9168945312499,85.44002685546877,-77.7600158691406,62.72636718749982,58.07998046874991,334.0799804687499,535.1103515625,-215.0401367187501,-76.80014648437509,-52.65921630859384,-202.08001098632815,107.03999023437495,179.660888671875
1763688036.1216924,6,3,2,0.05351049169867929,0.2233925057203446,-0.23906561325666392,0.010520414680956646,-0.0022994793286455107,-0.0005738981539946885,156.4800048828124,-175.19998779296873,156.4288574218749,71.04000244140627,-65.76000061035154,51.11040039062482,50.87990722656241,293.2799316406249,473.158447265625,-191.0401367187501,-69.59995117187509,-41.04318847656259,-182.8799987792969,95.03999023437495,144.812744140625
1763688036.9299333,6,3,2,0.04588101795150679,0.23722107161752132,0.2707888756169961,0.012448301479229444,-0.0004623915475330542,-0.0004622905302825017,106.07998046874991,-124.79996337890623,94.47695312499991,49.44002685546877,-39.360006713867165,31.750292968749818,41.27993164062491,202.0799804687499,326.0224609375,-135.8399414062501,-48.00009765625009,-41.04318847656259,-130.07999572753909,75.84003906249995,86.73291015625
1763688043.1257153,6,3,2,-0.16858862805842434,0.12659088125730295,-0.20216649936930195,0.0029183532129398474,0.00830260866673708,4.3585838187856643e-05,74.88002929687491,-100.79996337890623,51.88491210937491,27.840020751953148,-22.560003662109352,4.646289062499818,34.07998046874991,137.2800537109374,240.83837890625,-104.63999023437509,-33.59995117187509,-48.78720703125009,-91.67998657226565,51.840039062499955,55.7568359375
1763688043.4224908,6,3,2,-0.13526791317985937,0.12981726140252345,-0.2945004255461018,0.005119914634060563,0.006635794743657353,9.757183040693491e-05,79.67995605468741,-103.19998779296873,67.37294921874991,30.240014648437523,-27.360006713867165,8.518359374999818,36.48000488281241,156.4800048828124,264.070556640625,-107.04013671875009,-43.20004882812509,-41.04318847656259,-101.27999267578127,59.039990234374955,59.62890625
1763688043.6221833,6,3,2,-0.17992604019361133,0.1616798876512894,-0.358560718962513,0.005672028303999569,0.007769298631507796,-0.00023793178383564703,72.48000488281241,-107.99997558593748,71.24477539062491,30.240014648437523,-27.360006713867165,8.518359374999818,36.48000488281241,146.8800292968749,256.326416015625,-111.83994140625009,-43.20004882812509,-41.04318847656259,-101.27999267578127,61.440014648437455,55.7568359375
1763688043.6969826,6,3,2,-0.1635780191200374,0.15258154043976405,-0.37589821082788183,0.005774090820806458,0.0075308418026555175,0.00014788902552129884,77.27993164062491,-103.19998779296873,71.24477539062491,30.240014648437523,-27.360006713867165,12.390429687499818,36.48000488281241,149.2800537109374,252.454345703125,-107.04013671875009,-40.80014648437509,-37.17124023437509,-103.67998657226565,59.039990234374955,63.500732421875
1763688043.8080215,6,3,2,-0.1742600335945227,0.19625391259316413,-0.3220371816207534,0.006639445407719205,0.007918206607178933,-6.732873232958973e-05,79.67995605468741,-103.19998779296873,67.37294921874991,30.240014648437523,-27.360006713867165,16.262255859374818,36.48000488281241,151.6799560546874,256.326416015625,-107.04013671875009,-40.80014648437509,-41.04318847656259,-98.8799987792969,59.039990234374955,59.62890625
1763688043.902019,6,3,2,-0.11982830258211766,0.14171048845189543,-0.3002219990784544,0.0036938592329956053,0.0067637430801773995,-0.00038089853712842676,74.88002929687491,-105.60001220703123,63.50087890624991,30.240014648437523,-29.76000061035154,12.390429687499818,34.07998046874991,149.2800537109374,256.326416015625,-107.04013671875009,-38.40000000000009,-41.04318847656259,-103.67998657226565,54.239941406249955,55.7568359375
1763688044.033996,6,3,2,-0.1393665802874511,0.16559110668935176,-0.25676884082963075,0.006231123835386015,0.00772831369189056,-0.0007469747123320233,74.88002929687491,-105.60001220703123,63.50087890624991,27.840020751953148,-27.360006713867165,16.262255859374818,31.67995605468741,146.8800292968749,256.326416015625,-107.04013671875009,-43.20004882812509,-41.04318847656259,-98.8799987792969,54.239941406249955,55.7568359375
1763688044.0915525,6,3,2,-0.1472271522022016,0.17136705877465877,-0.3755624712697285,0.006094014392758182,0.007673321905781779,6.951677695294723e-05,74.88002929687491,-103.19998779296873,67.37294921874991,27.840020751953148,-27.360006713867165,16.262255859374818,31.67995605468741,151.6799560546874,256.326416015625,-107.04013671875009,-40.80014648437509,-44.91519775390634,-98.8799987792969,56.639965820312455,48.0126953125
1763688044.2021604,6,3,2,-0.15952452875927858,0.15263735224647024,-0.3281788172596655,0.004947684033676649,0.007210125448699693,-7.332139674469428e-05,77.27993164062491,-103.19998779296873,67.37294921874991,30.240014648437523,-29.76000061035154,12.390429687499818,31.67995605468741,146.8800292968749,260.198486328125,-107.04013671875009,-38.40000000000009,-41.04318847656259,-103.67998657226565,56.639965820312455,51.884765625
1763688044.5347455,6,3,2,-0.1319661225532327,0.13045379933751444,-0.2628241315846263,0.00446187677891997,0.006228834039058429,-0.00012869965300206813,74.88002929687491,-105.60001220703123,67.37294921874991,30.240014648437523,-32.16000976562498,4.646289062499818,38.87990722656241,146.8800292968749,260.198486328125,-107.04013671875009,-38.40000000000009,-41.04318847656259,-98.8799987792969,56.639965820312455,51.884765625
1763688044.6296713,6,3,2,-0.13881551441518564,0.1931078495149598,-0.29665606745344975,0.004630919861143684,0.006642529063492079,0.0002454870789206729,72.48000488281241,-98.39999999999998,63.50087890624991,18.240014648437523,-32.16000976562498,4.646289062499818,31.67995605468741,142.0799804687499,248.58251953125,-99.83994140625009,-38.40000000000009,-37.17124023437509,-101.27999267578127,61.440014648437455,48.0126953125
1763688044.7364457,6,3,2,-0.14857604426247947,0.19136489687513136,-0.3231631722096189,0.006606458165181201,0.00769615157354857,1.0547317744524125e-05,67.67995605468741,-103.19998779296873,63.50087890624991,23.040002441406273,-27.360006713867165,8.518359374999818,34.07998046874991,144.4800048828124,244.71044921875,-102.24008789062509,-38.40000000000009,-33.29916992187509,-98.8799987792969,51.840039062499955,44.140869140625
1763688044.8303313,6,3,2,-0.11587318535788282,0.15722252955631394,-0.31394651907069765,0.004839129055225704,0.0069208064824302406,0.0003214934182326749,70.07998046874991,-103.19998779296873,59.62880859374991,25.439996337890648,-32.16000976562498,8.518359374999818,31.67995605468741,146.8800292968749,248.58251953125,-102.24008789062509,-36.00009765625009,-44.91519775390634,-101.27999267578127,51.840039062499955,55.7568359375
1763688044.8759387,6,3,2,-0.13708904432919822,0.1467890161098731,-0.3100116014001276,0.005574381849451593,0.007407119838569306,-0.00022002121499562117,67.67995605468741,-100.79996337890623,67.37294921874991,25.439996337890648,-29.76000061035154,8.518359374999818,34.07998046874991,144.4800048828124,252.454345703125,-102.24008789062509,-40.80014648437509,-37.17124023437509,-96.48000488281252,51.840039062499955,48.0126953125
1763688045.0339196,6,3,2,-0.10792437965801722,0.18061747301236397,-0.21191849497519677,0.005218392735724286,0.00715147498620021,-3.336129160930754e-05,70.07998046874991,-98.39999999999998,63.50087890624991,23.040002441406273,-27.360006713867165,12.390429687499818,34.07998046874991,139.6799560546874,252.454345703125,-104.63999023437509,-36.00009765625009,-37.17124023437509,-98.8799987792969,56.639965820312455,51.884765625
1763688045.062428,6,3,2,-0.148647795749499,0.16491805301617182,-0.24654220756913586,0.004567130951411058,0.007584621393302616,-4.6878103981297945e-05,72.48000488281241,-103.19998779296873,63.50087890624991,30.240014648437523,-27.360006713867165,12.390429687499818,31.67995605468741,139.6799560546874,252.454345703125,-99.83994140625009,-33.59995117187509,-44.91519775390634,-96.48000488281252,56.639965820312455,48.0126953125
1763688045.3327777,6,3,2,-0.11037104826157623,0.15258061124248973,-0.2605790606600361,0.0054750270465364174,0.006899869332582437,-0.0002817467301964926,67.67995605468741,-98.39999999999998,75.11684570312491,20.640008544921898,-29.76000061035154,4.646289062499818,38.87990722656241,137.2800537109374,252.454345703125,-102.24008789062509,-38.40000000000009,-44.91519775390634,-98.8799987792969,54.239941406249955,48.0126953125
1763688045.523964,6,3,2,-0.1271925165582762,0.1557675842533871,-0.2929794760967859,0.005500110024828213,0.006288696331373568,-5.898906842482252e-05,74.88002929687491,-103.19998779296873,59.62880859374991,27.840020751953148,-27.360006713867165,0.7744628906248181,31.67995605468741,144.4800048828124,244.71044921875,-102.24008789062509,-36.00009765625009,-41.04318847656259,-98.8799987792969,56.639965820312455,48.0126953125
1763688045.5824907,6,3,2,-0.16106499018520082,0.14285615014490666,-0.2763107848946177,0.005211655319735523,0.0072400825140162784,-0.0003654931111373868,70.07998046874991,-100.79996337890623,63.50087890624991,30.240014648437523,-29.76000061035154,8.518359374999818,31.67995605468741,144.4800048828124,252.454345703125,-102.24008789062509,-36.00009765625009,-41.04318847656259,-96.48000488281252,51.840039062499955,51.884765625
1763688045.7246985,6,3,2,-0.15974056208174436,0.13104150550484392,-0.26144314412421027,0.004779234331402838,0.007601206922343812,-0.0004391428865395243,67.67995605468741,-100.79996337890623,59.62880859374991,23.040002441406273,-27.360006713867165,8.518359374999818,36.48000488281241,137.2800537109374,244.71044921875,-107.04013671875009,-38.40000000000009,-37.17124023437509,-96.48000488281252,59.039990234374955,44.140869140625
1763688045.7691517,6,3,2,-0.15126286502735792,0.1364771281177623,-0.3632137432835593,0.004809259097852449,0.0075071869288610305,0.00014954599638587068,65.27993164062491,-100.79996337890623,63.50087890624991,23.040002441406273,-29.76000061035154,0.7744628906248181,34.07998046874991,142.0799804687499,248.58251953125,-102.24008789062509,-33.59995117187509,-41.04318847656259,-101.27999267578127,59.039990234374955,48.0126953125
1763688046.0226817,6,3,2,-0.14014200889475903,0.13177919739034225,-0.2639687227448828,0.0042932241944678585,0.0071396734986559985,-0.00020789728806146755,0,0,0,0,0,0,0,0,0,0,0,0,0,0,0
1763688046.0671344,6,3,2,-0.14164458976475505,0.151947796577879,-0.3124868103148471,0.00477621071013846,0.007152148901424993,-0.00030306138902762585,70.07998046874991,-103.19998779296873,63.50087890624991,23.040002441406273,-29.76000061035154,0.7744628906248181,36.48000488281241,139.6799560546874,240.83837890625,-99.83994140625009,-38.40000000000009,-37.17124023437509,-101.27999267578127,51.840039062499955,51.884765625
1763688046.177762,6,3,2,-0.14414260351703337,0.16053817825362646,-0.3276875121670624,0.005342163082334592,0.007646433950094169,-0.0002284670956286659,70.07998046874991,-98.39999999999998,55.75673828124991,23.040002441406273,-27.360006713867165,12.390429687499818,31.67995605468741,137.2800537109374,236.966552734375,-102.24008789062509,-38.40000000000009,-41.04318847656259,-98.8799987792969,54.239941406249955,48.0126953125
1763688046.286781,6,3,2,-0.1341078312495218,0.1353519909349521,-0.2794335154190694,0.004816212290083872,0.007563035998107628,-0.00028957056393762214,65.27993164062491,-98.39999999999998,48.01284179687491,23.040002441406273,-29.76000061035154,8.518359374999818,34.07998046874991,137.2800537109374,240.83837890625,-97.44003906250009,-36.00009765625009,-41.04318847656259,-96.48000488281252,51.840039062499955,51.884765625
1763688046.4733045,6,3,2,-0.1167640740005105,0.136122028444095,-0.21279525225523943,0.004853776914036971,0.007230820738024639,-3.1291811339497996e-05,60.48000488281241,-93.60001220703123,44.14077148437491,13.439996337890648,-24.96001281738279,0.7744628906248181,31.67995605468741,125.28005371093741,221.478515625,-87.83994140625009,-28.80014648437509,-25.55515136718759,-91.67998657226565,49.440014648437455,40.268798828125
1763688052.9271872,6,3,2,-0.14441705570755903,0.10206122559260764,-0.32815146358034886,0.000990398358800357,0.008808260167226635,-0.00039861888725104347,55.67995605468741,-91.19998779296873,51.88491210937491,13.439996337890648,-20.160009765624977,0.7744628906248181,29.27993164062491,120.48000488281241,217.6064453125,-92.63999023437509,-36.00009765625009,-44.91519775390634,-89.27999267578127,54.239941406249955,36.396728515625
1763688053.4261124,6,3,2,-0.1148483680939481,0.14188722250934327,-0.9786736315135325,0.007514025558684584,0.0093173694735569,0.00025397197582704707,113.27993164062491,-131.99997558593748,113.83681640624991,42.24001464843752,-51.360006713867165,31.750292968749818,41.27993164062491,204.4801269531249,356.99853515625,-155.0401367187501,-60.00009765625009,-33.29916992187509,-137.28000793457034,75.84003906249995,90.604736328125
1763688053.5349212,6,3,2,-0.2948892741668534,0.3296400334788546,-1.0194809615643023,0.007671358462495979,0.008022484466950421,-1.0271247696786757e-05,134.8800292968749,-143.99997558593748,125.45278320312491,59.04000244140627,-58.56000366210935,47.23833007812482,41.27993164062491,245.2799316406249,395.718505859375,-169.4400390625001,-57.59995117187509,-44.91519775390634,-151.6800018310547,85.44001464843745,121.580810546875
1763688053.6289597,6,3,2,-0.25755221277296425,0.3061752841811366,-1.273862968607912,0.008237623342341214,0.01020750799390298,0.000372771010501033,134.8800292968749,-158.39999999999998,144.8128906249999,54.24001464843752,-63.360006713867165,43.36625976562482,46.07998046874991,254.8800292968749,438.310546875,-183.8399414062501,-67.20004882812509,-44.91519775390634,-161.28000793457034,95.03999023437495,129.32470703125
1763688053.7371466,6,3,2,-0.12139711755997484,0.20244230315332465,-1.3922318039693573,0.009215090518596158,0.009534118266211917,-0.00012610735770797585,151.6799560546874,-163.19998779296873,156.4288574218749,63.84002075195315,-58.56000366210935,54.98247070312482,43.67995605468741,276.4801269531249,461.54248046875,-205.4400390625001,-74.40000000000009,-52.65921630859384,-173.28000793457034,102.23994140624995,148.684814453125
1763688053.8311422,6,3,2,-0.24260437685141797,0.21877566941823695,-1.5180513868367116,0.007248114560865117,0.014638108037942956,0.00044616623345294817,161.2799316406249,-170.39999999999998,164.1727539062499,71.04000244140627,-70.56000366210935,62.72636718749982,48.48000488281241,302.8800292968749,500.262451171875,-207.8399414062501,-76.80014648437509,-48.78720703125009,-182.8799987792969,104.63996582031245,160.30078125
1763688053.9239123,6,3,2,-0.15068423773347348,0.23635006112748258,-1.6459534603236097,0.008428002545205418,0.008604788264590478,0.0004804304731093859,166.0799804687499,-175.19998779296873,168.0448242187499,73.44002685546877,-65.76000061035154,54.98247070312482,50.87990722656241,307.6800781249999,496.390380859375,-210.2400878906251,-79.20004882812509,-52.65921630859384,-187.6800018310547,102.23994140624995,168.044921875
1763688054.2373059,6,3,2,-0.0919026458352602,0.2915732275305098,-1.4512858839525813,0.011300251287454675,0.007224263003385357,0.0002443144273167465,163.6799560546874,-177.60001220703123,160.3009277343749,66.24001464843752,-72.96001281738279,62.72636718749982,46.07998046874991,300.4801269531249,492.5185546875,-207.8399414062501,-76.80014648437509,-41.04318847656259,-182.8799987792969,104.63996582031245,168.044921875
1763688054.4262433,6,3,2,-0.17586077625903668,0.22079814651984736,-1.514408431437765,0.007968951301702774,0.01127134527612985,0.00013660030026638203,0,0,0,0,0,0,0,0,0,0,0,0,0,0,0
1763688054.5344384,6,3,2,-0.12652336408347303,0.2277117207631726,-1.359426434815766,0.008752583841588835,0.00920024009963315,-0.0005095877746005685,158.8800292968749,-177.60001220703123,168.0448242187499,71.04000244140627,-68.16000976562498,58.85429687499982,46.07998046874991,300.4801269531249,488.646484375,-212.6399902343751,-79.20004882812509,-52.65921630859384,-182.8799987792969,104.63996582031245,160.30078125
1763688054.6283846,6,3,2,-0.22445382303758182,0.18878528848264084,-1.4492032148266132,0.007043234838870329,0.012063024351867135,0.00015910077732866315,158.8800292968749,-172.79996337890623,168.0448242187499,71.04000244140627,-65.76000061035154,58.85429687499982,46.07998046874991,295.6800781249999,496.390380859375,-212.6399902343751,-74.40000000000009,-52.65921630859384,-180.48000488281252,107.03999023437495,164.1728515625
1763688054.7373111,6,3,2,-0.19255504745643298,0.23613655232460595,-1.4814392155294454,0.007921416115247815,0.012445624314352722,6.899149115805001e-05,161.2799316406249,-172.79996337890623,168.0448242187499,73.44002685546877,-68.16000976562498,58.85429687499982,50.87990722656241,290.8800292968749,488.646484375,-212.6399902343751,-74.40000000000009,-52.65921630859384,-180.48000488281252,107.03999023437495,152.556884765625
1763688054.832047,6,3,2,-0.19729150752491884,0.2703326784333644,-1.4245366931829366,0.009398975257867148,0.011667513755390263,9.262375649077368e-05,161.2799316406249,-175.19998779296873,168.0448242187499,68.6400085449219,-70.56000366210935,62.72636718749982,46.07998046874991,293.2799316406249,484.7744140625,-210.2400878906251,-76.80014648437509,-48.78720703125009,-178.07999572753909,109.44001464843745,160.30078125
1763688054.9247425,6,3,2,-0.21550462199209813,0.23982282317489756,-1.42463961617555,0.009317527514414265,0.012106858854758347,0.00032965552625035025,161.2799316406249,-172.79996337890623,175.7889648437499,71.04000244140627,-63.360006713867165,62.72636718749982,46.07998046874991,298.0799804687499,500.262451171875,-219.8399414062501,-79.20004882812509,-48.78720703125009,-178.07999572753909,107.03999023437495,156.4287109375
1763688055.0355015,6,3,2,-0.2636904085952948,0.19662810688233673,-1.4612718411106485,0.008091761025900302,0.013166519513304411,2.7781890379716297e-06,0,0,0,0,0,0,0,0,0,0,0,0,0,0,0
1763688055.2241256,6,3,2,-0.1984754446105048,0.20658219696906716,-1.3674856118955234,0.007026771844184874,0.013441241442082898,-0.00020409008153952392,161.2799316406249,-177.60001220703123,160.3009277343749,68.6400085449219,-65.76000061035154,62.72636718749982,43.67995605468741,298.0799804687499,496.390380859375,-217.4400390625001,-76.80014648437509,-52.65921630859384,-180.48000488281252,107.03999023437495,160.30078125
1763688055.4250333,6,3,2,-0.24694626139264744,0.2500918316688043,-1.4959747699964874,0.008512187177435395,0.014508477343706045,0.00022227378638506063,158.8800292968749,-177.60001220703123,168.0448242187499,71.04000244140627,-65.76000061035154,58.85429687499982,48.48000488281241,293.2799316406249,500.262451171875,-217.4400390625001,-74.40000000000009,-48.78720703125009,-182.8799987792969,104.63996582031245,160.30078125
1763688055.5338173,6,3,2,-0.21879877721034574,0.242247759262106,-1.4288561618756017,0.00815035988016007,0.012400352224756047,1.018951311807046e-05,158.8800292968749,-172.79996337890623,168.0448242187499,71.04000244140627,-70.56000366210935,62.72636718749982,46.07998046874991,295.6800781249999,496.390380859375,-210.2400878906251,-76.80014648437509,-48.78720703125009,-182.8799987792969,104.63996582031245,160.30078125
1763688055.6245248,6,3,2,-0.19359841581147275,0.19206066510695546,-1.361958752583469,0.007942456276825783,0.011169176507500416,-4.100452303528574e-05,166.0799804687499,-175.19998779296873,171.9168945312499,68.6400085449219,-65.76000061035154,66.59843749999982,43.67995605468741,300.4801269531249,496.390380859375,-217.4400390625001,-76.80014648437509,-48.78720703125009,-185.28000793457034,111.84003906249995,164.1728515625
1763688055.7376032,6,3,2,-0.26129745486586364,0.18985874818846654,-1.4488895666864594,0.007355860163893432,0.014634233487850336,4.8928794584340764e-06,161.2799316406249,-170.39999999999998,168.0448242187499,73.44002685546877,-60.96001281738279,58.85429687499982,46.07998046874991,293.2799316406249,496.390380859375,-212.6399902343751,-79.20004882812509,-48.78720703125009,-180.48000488281252,111.84003906249995,156.4287109375
1763688055.9390285,6,3,2,-0.17035190857862456,0.2146225786034383,-1.2981155176024668,0.00698323382033708,0.009926866760812426,-0.00010295894975652408,161.2799316406249,-170.39999999999998,168.0448242187499,68.6400085449219,-68.16000976562498,62.72636718749982,43.67995605468741,300.4801269531249,492.5185546875,-212.6399902343751,-76.80014648437509,-44.91519775390634,-180.48000488281252,109.44001464843745,156.4287109375
1763688056.3286002,6,3,2,-0.19823559523393097,0.22212721764205837,-1.4246791712875213,0.009172623053069996,0.01140343270076999,-6.0597579574650983e-05,0,0,0,0,0,0,0,0,0,0,0,0,0,0,0
1763688056.4356358,6,3,2,-0.2027231408088528,0.247285290799096,-1.5234020178323693,0.010178536473344171,0.012843214025886165,0.00014121320674132637,161.2799316406249,-177.60001220703123,168.0448242187499,71.04000244140627,-70.56000366210935,58.85429687499982,46.07998046874991,298.0799804687499,484.7744140625,-210.2400878906251,-79.20004882812509,-44.91519775390634,-178.07999572753909,107.03999023437495,156.4287109375
1763688056.825988,6,3,2,-0.1544058001304025,0.25988063646737203,-0.9154573355827071,0.010007446543465198,0.007720463700631678,-3.578536947913976e-05,118.07998046874991,-148.79996337890623,125.45278320312491,47.04000244140627,-68.16000976562498,31.750292968749818,46.07998046874991,235.6800781249999,403.46240234375,-164.6399902343751,-57.59995117187509,-33.29916992187509,-154.07999572753909,87.84003906249995,121.580810546875
1763688057.0280359,6,3,2,-0.06667911477555392,0.20852626755729273,-0.6671920290500811,0.008061016838042372,0.0007927161260125543,4.6887563888546656e-05,0,0,0,0,0,0,0,0,0,0,0,0,0,0,0
1763688057.1360867,6,3,2,-0.07840885164048875,0.22140168297275453,-0.39813751324901675,0.008713255313641035,0.0038390654373271606,-0.00024545185067788365,0,0,0,0,0,0,0,0,0,0,0,0,0,0,0
1763688057.2306654,6,3,2,-0.09248261139477262,0.1356693520833253,-0.3683152288762858,0.007369456209078558,0.003016471998045239,0.00023584875170252096,67.67995605468741,-117.60001220703123,71.24477539062491,18.240014648437523,-48.96001281738279,0.7744628906248181,41.27993164062491,149.2800537109374,279.558349609375,-102.24008789062509,-31.20004882812509,-21.68320312500009,-110.8799987792969,63.840039062499955,55.7568359375
1763688057.4361608,6,3,2,-0.017155089259994427,0.26520857512250035,-0.23191646883668926,0.008970537768546775,0.003415009564470518,4.531787583072317e-05,50.88002929687491,-103.19998779296873,59.62880859374991,13.439996337890648,-36.96001281738279,-3.097607421875182,38.87990722656241,127.67995605468741,248.58251953125,-90.24008789062509,-28.80014648437509,-21.68320312500009,-101.27999267578127,56.639965820312455,36.396728515625
1763688062.933302,6,3,2,-0.11789714253381267,0.09230962065496434,-0.2058486857402756,0.002632493180125256,0.00899461970761713,-0.00019063480196501747,53.27993164062491,-86.39999999999998,48.01284179687491,15.840020751953148,-22.560003662109352,-3.097607421875182,29.27993164062491,115.67995605468741,205.990478515625,-85.44003906250009,-28.80014648437509,-29.42722167968759,-84.48000488281252,49.440014648437455,40.268798828125
1763688063.1359425,6,3,2,-0.10399536835394546,0.1630073168209214,-0.5441478533936583,0.006002679937565628,0.005781368125880064,0.0002435209351080459,65.27993164062491,-100.79996337890623,63.50087890624991,15.840020751953148,-39.360006713867165,-6.969677734375182,46.07998046874991,130.0799804687499,244.71044921875,-102.24008789062509,-38.40000000000009,-29.42722167968759,-98.8799987792969,54.239941406249955,40.268798828125
1763688063.2291403,6,3,2,-0.06605046497398595,0.2351895897017019,-0.5317268853348301,0.009614062971498673,0.005506065697343078,-0.00013377949164784277,82.07998046874991,-115.19998779296873,82.86074218749991,32.6400085449219,-36.96001281738279,8.518359374999818,31.67995605468741,161.2800537109374,283.430419921875,-119.04013671875009,-45.59995117187509,-37.17124023437509,-110.8799987792969,61.440014648437455,59.62890625
1763688063.3360333,6,3,2,-0.18673219736770516,0.191246976927658,-0.7684017231784455,0.004913846288647305,0.011414561227467743,-0.00038939933843020846,98.88002929687491,-119.99997558593748,90.60488281249991,35.04000244140627,-46.56000366210935,24.006396484374818,43.67995605468741,190.0799804687499,318.278564453125,-133.4400390625001,-50.40000000000009,-41.04318847656259,-125.27999267578127,73.44001464843745,82.86083984375
1763688063.4303434,6,3,2,-0.1765256192822842,0.1767753735375452,-0.9026445897474826,0.008492902725083466,0.007437924357987692,-0.00010864876930528661,96.48000488281241,-136.79996337890623,109.96474609374991,35.04000244140627,-56.16000976562498,24.006396484374818,43.67995605468741,192.4800048828124,341.510498046875,-138.2400878906251,-48.00009765625009,-29.42722167968759,-134.8799987792969,75.84003906249995,86.73291015625
1763688063.5270243,6,3,2,-0.1352609361698628,0.33292912769344885,-1.002782443063278,0.013944165653313672,0.007591064663076515,0.00025640267234907635,0,0,0,0,0,0,0,0,0,0,0,0,0,0,0
1763688063.6373677,6,3,2,-0.2166205637147083,0.23930366335975406,-1.1197902224471183,0.009724884687270442,0.012167237374848037,-0.0002632401706231409,132.4800048828124,-153.60001220703123,133.1969238281249,59.04000244140627,-58.56000366210935,47.23833007812482,36.48000488281241,250.0799804687499,422.822509765625,-183.8399414062501,-64.80014648437509,-44.91519775390634,-154.07999572753909,97.44001464843745,129.32470703125
1763688063.930945,6,3,2,-0.2864311576998731,0.29302491036983486,-1.7194875957072093,0.011627689547272689,0.016083292432747236,0.00015284043697034793,178.0799804687499,-187.19998779296873,183.5328613281249,75.84002075195315,-72.96001281738279,70.47026367187482,46.07998046874991,322.0799804687499,535.1103515625,-231.8399414062501,-81.59995117187509,-56.53122558593759,-194.8799987792969,119.03999023437495,175.788818359375
1763688064.0387633,6,3,2,-0.30860608007004975,0.20404527298900185,-1.928456918013294,0.008331810385249099,0.013134364224167278,-0.0004762016791348268,197.2799316406249,-203.99997558593748,210.6368652343749,87.84002075195315,-82.56000366210935,85.95854492187482,50.87990722656241,353.2799316406249,593.1904296875,-260.6399902343751,-91.20004882812509,-56.53122558593759,-211.6800018310547,133.44001464843745,202.892822265625
1763688064.1293478,6,3,2,-0.33192399567198344,0.2763876689666567,-2.2004855972661375,0.00945460888857945,0.02022749187124011,-2.5847495055778772e-05,204.4800048828124,-215.99997558593748,226.1249023437499,92.6400085449219,-84.96001281738279,89.83012695312482,48.48000488281241,367.6800781249999,639.654541015625,-284.6399902343751,-100.80014648437509,-56.53122558593759,-226.08001098632815,140.63996582031245,210.63671875
1763688064.2237232,6,3,2,-0.351062610010521,0.36330725148227677,-2.4366993049911128,0.014105047375967367,0.022106386242960466,0.0001375282725664161,228.4800048828124,-230.39999999999998,241.6129394531249,102.24001464843752,-94.56000366210935,97.57426757812482,55.67995605468741,413.2799316406249,682.246337890625,-296.6399902343751,-100.80014648437509,-56.53122558593759,-245.28000793457034,145.44001464843745,241.61279296875
1763688064.3311284,6,3,2,-0.2587939706030793,0.2442304959618502,-2.6318523334608495,0.010305569720281207,0.014603750216152202,0.00021586875829891035,247.6799560546874,-242.39999999999998,272.5887695312499,114.24001464843752,-96.96001281738279,109.19047851562482,58.07998046874991,446.8800292968749,744.198486328125,-320.6399902343751,-115.20004882812509,-64.27518310546884,-264.4800048828125,157.44001464843745,260.972900390625
1763688064.5331223,6,3,2,-0.3935836005031194,0.28553089278586213,-3.0670062053580556,0.011090447443720758,0.02171654591509108,-0.0002501880787286648,281.2799316406249,-283.1999877929687,303.5648437499999,128.6400085449219,-113.7600158691406,120.80620117187482,65.27993164062491,511.6800781249999,848.742431640625,-363.8399414062501,-127.20004882812509,-68.14719238281259,-300.4800048828125,179.03999023437495,299.69287109375
1763688064.6271317,6,3,2,-0.37154670493943726,0.27911210019239224,-3.4623282295745232,0.00958256093254619,0.022946902035563016,0.00030636156469540394,312.4800048828124,-304.8000244140625,338.4127441406249,138.24001464843752,-118.56000366210935,140.16655273437482,60.48000488281241,557.2799316406249,910.6943359375,-399.8399414062501,-139.2000488281251,-83.63522949218759,-324.4800086975098,191.03999023437495,338.412841796875
1763688064.7378588,6,3,2,-0.47542349620630925,0.19864863043831565,-3.6962790766890947,0.008821257975607705,0.024200324047825045,-0.00016353138635840378,317.2799316406249,-304.8000244140625,346.1568847656249,147.84002075195315,-113.7600158691406,147.91020507812482,53.27993164062491,559.6800781249999,922.310546875,-404.6399902343751,-144.0000976562501,-87.50717773437509,-329.28000793457034,188.63996582031245,338.412841796875
1763688064.936655,6,3,2,-0.4234812378729145,0.2300629970066151,-3.6135364744758514,0.009133567401451654,0.02337591231521006,0.0005678023365517076,317.2799316406249,-307.1999877929687,338.4127441406249,145.44002685546877,-120.96001281738279,140.16655273437482,60.48000488281241,559.6800781249999,918.4384765625,-404.6399902343751,-141.5999511718751,-79.76322021484384,-326.8800102233887,193.44001464843745,338.412841796875
1763688065.1241083,6,3,2,-0.3944690535537474,0.2539317865940139,-3.565823747958266,0.008673484789472254,0.023120921923165453,0.0004241585178621928,317.2799316406249,-304.8000244140625,342.2848144531249,140.6400085449219,-120.96001281738279,144.03813476562482,60.48000488281241,557.2799316406249,914.56640625,-399.8399414062501,-139.2000488281251,-87.50717773437509,-324.4800086975098,193.44001464843745,334.540771484375
1763688065.3252234,6,3,2,-0.38668225977786164,0.1998165531115542,-3.3358047024338067,0.006810140430322773,0.021281294198262028,0.0005024856437940992,317.2799316406249,-299.9999755859375,334.5409179687499,147.84002075195315,-120.96001281738279,144.03813476562482,58.07998046874991,562.0799804687499,914.56640625,-404.6399902343751,-139.2000488281251,-79.76322021484384,-326.8800102233887,193.44001464843745,334.540771484375
1763688065.3674548,6,3,2,-0.3962464307289128,0.2030302491141593,-3.351994022489553,0.006991084673833815,0.021833385042378625,0.00041920369877404334,312.4800048828124,-307.1999877929687,338.4127441406249,140.6400085449219,-118.56000366210935,147.91020507812482,62.87990722656241,562.0799804687499,926.182373046875,-399.8399414062501,-144.0000976562501,-79.76322021484384,-326.8800102233887,193.44001464843745,342.284912109375
1763688065.4742575,6,3,2,-0.3964296793509216,0.3139114264954543,-3.3516984688355462,0.011748627441549954,0.022359542001784114,0.00035229463864918775,319.6799560546874,-307.1999877929687,338.4127441406249,143.04000244140627,-118.56000366210935,144.03813476562482,58.07998046874991,566.8800292968749,914.56640625,-402.2400878906251,-139.2000488281251,-83.63522949218759,-326.8800102233887,188.63996582031245,330.668701171875
1763688065.5832527,6,3,2,-0.33374409211917144,0.18624382017759986,-3.2697348351954334,0.006579246236964442,0.019239110862634516,0.0006037103923577627,322.0799804687499,-304.8000244140625,342.2848144531249,140.6400085449219,-120.96001281738279,144.03813476562482,65.27993164062491,569.2799316406249,926.182373046875,-402.2400878906251,-141.5999511718751,-91.37918701171884,-326.8800102233887,188.63996582031245,338.412841796875
1763688065.6763875,6,3,2,-0.3257849716910648,0.1299034055442132,-3.304456502082743,0.00608336180464376,0.01955949870733232,-0.00042224789672272575,317.2799316406249,-302.4,346.1568847656249,143.04000244140627,-118.56000366210935,144.03813476562482,60.48000488281241,564.4801269531249,922.310546875,-404.6399902343751,-144.0000976562501,-87.50717773437509,-326.8800102233887,191.03999023437495,338.412841796875
1763688065.8372877,6,3,2,-0.3451907944281901,0.24050864555853912,-3.2821985090210024,0.007681065286671729,0.019532678387200714,0.00044306833622504067,317.2799316406249,-304.8000244140625,346.1568847656249,140.6400085449219,-118.56000366210935,147.91020507812482,65.27993164062491,559.6800781249999,914.56640625,-404.6399902343751,-139.2000488281251,-75.89121093750009,-324.4800086975098,193.44001464843745,334.540771484375
1763688065.931043,6,3,2,-0.3111685162668923,0.2696511144158721,-3.274492461955666,0.00994893957369222,0.018709008261858288,0.0005309860220010668,312.4800048828124,-302.4,338.4127441406249,140.6400085449219,-120.96001281738279,144.03813476562482,62.87990722656241,559.6800781249999,910.6943359375,-397.4400390625001,-141.5999511718751,-83.63522949218759,-326.8800102233887,193.44001464843745,330.668701171875
1763688066.0379388,6,3,2,-0.3429029489533855,0.29396119434241813,-3.150139651053877,0.011513932523733355,0.01939361207539328,0.00042407168669856025,314.8800292968749,-302.4,334.5409179687499,140.6400085449219,-116.16000976562498,147.91020507812482,62.87990722656241,552.4801269531249,910.6943359375,-399.8399414062501,-136.8001464843751,-79.76322021484384,-324.4800086975098,188.63996582031245,334.540771484375
1763688066.067977,6,3,2,-0.3256099741436743,0.2603811349829067,-3.1524306919740153,0.01105073879501552,0.020096435473905782,-0.00027939682283468874,312.4800048828124,-304.8000244140625,338.4127441406249,143.04000244140627,-118.56000366210935,144.03813476562482,65.27993164062491,557.2799316406249,918.4384765625,-395.0401367187501,-141.5999511718751,-79.76322021484384,-322.0800071716309,188.63996582031245,334.540771484375
1763688066.1603956,6,3,2,-0.3566032358628756,0.2621329386386183,-3.2039281302572777,0.01038231142270668,0.019781302392798343,-6.622303067924497e-05,317.2799316406249,-299.9999755859375,338.4127441406249,143.04000244140627,-118.56000366210935,140.16655273437482,60.48000488281241,559.6800781249999,910.6943359375,-395.0401367187501,-141.5999511718751,-79.76322021484384,-326.8800102233887,188.63996582031245,342.284912109375
1763688066.3340173,6,3,2,-0.3791956868596793,0.281134166371653,-3.164969100074851,0.011713054614667467,0.02046741794256824,-0.00012606617947593648,305.2799316406249,-297.6000122070312,326.7967773437499,138.24001464843752,-120.96001281738279,136.29448242187482,65.27993164062491,545.2799316406249,902.950439453125,-392.6399902343751,-141.5999511718751,-79.76322021484384,-317.28000793457034,188.63996582031245,334.540771484375
1763688066.42828,6,3,2,-0.3472827141321999,0.2953275555319112,-3.0276769147622327,0.012558989915258613,0.01928146305365178,3.1716276808506014e-06,305.2799316406249,-299.9999755859375,330.6688476562499,135.84002075195315,-120.96001281738279,144.03813476562482,67.67995605468741,547.6800781249999,902.950439453125,-395.0401367187501,-136.8001464843751,-75.89121093750009,-319.68000946044924,191.03999023437495,326.796875
1763688066.4577737,6,3,2,-0.3315945332174422,0.2855895453461852,-2.926212089547849,0.012847666868343318,0.019165464772539914,-3.675914541194673e-05,302.8800292968749,-299.9999755859375,322.9249511718749,133.44002685546877,-120.96001281738279,132.42241210937482,60.48000488281241,550.0799804687499,899.078369140625,-390.2400878906251,-144.0000976562501,-75.89121093750009,-322.0800071716309,191.03999023437495,322.9248046875
1763688066.6316004,6,3,2,-0.3280995334082389,0.27802441839329256,-3.0878939604591404,0.010048220133268563,0.01907510077432111,-0.0002624890496718711,307.6799560546874,-299.9999755859375,334.5409179687499,133.44002685546877,-118.56000366210935,136.29448242187482,62.87990722656241,547.6800781249999,918.4384765625,-397.4400390625001,-136.8001464843751,-75.89121093750009,-322.0800071716309,188.63996582031245,330.668701171875
1763688066.7234092,6,3,2,-0.3526171831150429,0.26695436720692023,-3.1156353344715884,0.011441510778268429,0.01996837483398592,-0.0005777321990694919,307.6799560546874,-302.4,334.5409179687499,135.84002075195315,-120.96001281738279,140.16655273437482,62.87990722656241,550.0799804687499,906.822509765625,-395.0401367187501,-139.2000488281251,-75.89121093750009,-324.4800086975098,188.63996582031245,326.796875
1763688066.8313985,6,3,2,-0.37584384637517015,0.28270163141707844,-3.166965434447122,0.011059687804937707,0.019865564407960515,-0.0001299248354446757,312.4800048828124,-302.4,330.6688476562499,135.84002075195315,-120.96001281738279,140.16655273437482,60.48000488281241,552.4801269531249,902.950439453125,-390.2400878906251,-139.2000488281251,-79.76322021484384,-329.28000793457034,186.23994140624995,330.668701171875
1763688066.9370365,6,3,2,-0.3046812134005368,0.2516127327886179,-3.017647264205591,0.010549648523983917,0.017021660704325987,-0.00015528466104589912,305.2799316406249,-295.1999877929687,326.7967773437499,138.24001464843752,-125.7600158691406,140.16655273437482,67.67995605468741,545.2799316406249,895.20654296875,-390.2400878906251,-136.8001464843751,-72.01920166015634,-319.68000946044924,188.63996582031245,322.9248046875
1763688067.1260686,6,3,2,-0.2697251150421541,0.3170017006482121,-2.8417131880820157,0.012981166033570283,0.016864587364879727,-0.0004005107385200916,307.6799560546874,-295.1999877929687,330.6688476562499,133.44002685546877,-123.36000671386716,132.42241210937482,62.87990722656241,547.6800781249999,902.950439453125,-395.0401367187501,-139.2000488281251,-79.76322021484384,-319.68000946044924,183.84003906249995,326.796875
1763688067.1545944,6,3,2,-0.27741931334950987,0.3143049969158195,-2.9266009679103684,0.012786950341224125,0.016439451561448923,0.0003503222892998442,300.4800048828124,-297.6000122070312,334.5409179687499,138.24001464843752,-118.56000366210935,136.29448242187482,67.67995605468741,545.2799316406249,899.078369140625,-390.2400878906251,-139.2000488281251,-79.76322021484384,-317.28000793457034,186.23994140624995,330.668701171875
1763688067.3320763,6,3,2,-0.3046523911759328,0.24645742474532722,-2.830701250535755,0.010741804321589646,0.015830586989163547,-0.00016565829037216962,283.6799560546874,-278.4,307.4369140624999,126.24001464843752,-111.36000671386716,124.67827148437482,65.27993164062491,509.2799316406249,829.38232421875,-361.4400390625001,-129.5999511718751,-72.01920166015634,-298.08001098632815,179.03999023437495,295.82080078125
1763688067.5356233,6,3,2,-0.15036206702115615,0.3146224927738838,-1.9679795428412947,0.012473386298606177,0.009838278238314794,6.374391929457753e-05,230.8800292968749,-235.19998779296873,249.3568359374999,97.44002685546877,-96.96001281738279,93.70219726562482,58.07998046874991,418.0799804687499,693.862548828125,-291.8399414062501,-105.59995117187509,-56.53122558593759,-250.08001098632815,145.44001464843745,241.61279296875
1763688067.8336203,6,3,2,-0.06535369588982963,0.2826369732928864,-0.8601089846281134,0.011574934288480145,0.00530241761053723,-0.00048127781215827163,161.2799316406249,-172.79996337890623,156.4288574218749,71.04000244140627,-77.7600158691406,47.23833007812482,55.67995605468741,298.0799804687499,477.030517578125,-193.4400390625001,-67.20004882812509,-41.04318847656259,-182.8799987792969,102.23994140624995,152.556884765625
1763688067.9374952,6,3,2,-0.21623329865424012,0.45561739541124635,-0.6867714107086644,0.01103063634185311,0.003574037923795658,3.2590259734683723e-05,125.27993164062491,-160.79996337890623,137.0687499999999,47.04000244140627,-72.96001281738279,39.49443359374982,55.67995605468741,247.6800781249999,434.4384765625,-176.6399902343751,-60.00009765625009,-33.29916992187509,-163.6800018310547,95.03999023437495,121.580810546875
1763688074.540224,6,3,2,-0.1873865535585716,0.10890607627682258,-0.31813170096872045,0.0030759488495712833,0.008082478287402085,8.263976949594984e-05,62.88002929687491,-105.60001220703123,71.24477539062491,18.240014648437523,-39.360006713867165,-3.097607421875182,43.67995605468741,142.0799804687499,252.454345703125,-104.63999023437509,-33.59995117187509,-29.42722167968759,-96.48000488281252,51.840039062499955,48.0126953125
1763688074.7251167,6,3,2,-0.06275272933544052,0.2310884093827551,-0.6369704063690338,0.008702314503363204,0.006294275867204159,-0.00017484177387842024,82.07998046874991,-117.60001220703123,86.73281249999991,32.6400085449219,-44.16000976562498,16.262255859374818,38.87990722656241,173.2800537109374,302.79052734375,-131.0401367187501,-48.00009765625009,-33.29916992187509,-113.27999267578127,68.63996582031245,78.98876953125
1763688074.8336625,6,3,2,-0.1358084609901532,0.21396859016889652,-0.8240866007355521,0.0074801587638352405,0.0072608001756542355,-0.00024490725150273177,98.88002929687491,-127.19998779296873,109.96474609374991,35.04000244140627,-53.76000061035154,24.006396484374818,36.48000488281241,199.6800781249999,337.638427734375,-140.6399902343751,-52.80014648437509,-33.29916992187509,-132.48000488281252,75.84003906249995,86.73291015625
1763688075.0348322,6,3,2,-0.20362386777826744,0.24935483069361902,-1.2688564090377459,0.010608094694699812,0.01232754697156138,-8.190221661389264e-07,125.27993164062491,-148.79996337890623,137.0687499999999,54.24001464843752,-56.16000976562498,51.11040039062482,38.87990722656241,242.8800292968749,418.950439453125,-183.8399414062501,-62.40000000000009,-48.78720703125009,-154.07999572753909,92.63996582031245,125.452880859375
1763688075.127442,6,3,2,-0.22259899478427786,0.23618177991606915,-1.3779879693366288,0.008777299524603344,0.014131840810168415,0.00026658559260164913,139.6799560546874,-158.39999999999998,152.5567871093749,56.6400085449219,-63.360006713867165,54.98247070312482,46.07998046874991,264.4801269531249,442.182373046875,-188.6399902343751,-67.20004882812509,-48.78720703125009,-166.07999572753909,97.44001464843745,140.94091796875
1763688075.2365518,6,3,2,-0.2113719976932241,0.18613399735717126,-1.5576398646427962,0.009676791625125799,0.01216846168765893,0.00021024346260257727,149.2799316406249,-175.19998779296873,168.0448242187499,63.84002075195315,-70.56000366210935,62.72636718749982,48.48000488281241,288.4801269531249,492.5185546875,-215.0401367187501,-76.80014648437509,-44.91519775390634,-180.48000488281252,109.44001464843745,156.4287109375
1763688075.430602,6,3,2,-0.2961135059127443,0.24190998580444087,-1.9380090014837954,0.011320092939930766,0.015490648452374061,0.0002342139423686133,192.4800048828124,-199.19998779296873,210.6368652343749,83.04000244140627,-72.96001281738279,82.08623046874982,43.67995605468741,348.4801269531249,581.574462890625,-258.2400878906251,-91.20004882812509,-52.65921630859384,-211.6800018310547,133.44001464843745,199.020751953125
1763688075.5361135,6,3,2,-0.3359995293913301,0.17524347634980855,-2.1721801148950544,0.007639873102790453,0.019320859141642343,-1.4958266160599231e-05,0,0,0,0,0,0,0,0,0,0,0,0,0,0,0
1763688075.6433954,6,3,2,-0.395986596909778,0.22033957790193248,-2.4173660724344996,0.009598075406720644,0.021509281013566525,0.0005283226194900134,221.2799316406249,-232.80002441406248,241.6129394531249,99.84002075195315,-89.7600158691406,97.57426757812482,55.67995605468741,403.6800781249999,678.37451171875,-296.6399902343751,-105.59995117187509,-60.40317382812509,-242.8799987792969,145.44001464843745,237.74072265625
1763688075.7379236,6,3,2,-0.2909121926429116,0.33341901645326133,-2.493267792855614,0.012202075385163708,0.018749700475204672,3.237445290625411e-05,245.2799316406249,-242.39999999999998,268.7169433593749,109.44002685546877,-96.96001281738279,105.31840820312482,53.27993164062491,434.8800292968749,728.71044921875,-320.6399902343751,-112.80014648437509,-64.27518310546884,-259.68000946044924,152.63996582031245,257.100830078125
1763688075.832362,6,3,2,-0.3630535161420874,0.2733705227775334,-2.700385954536572,0.010279848969238049,0.020453540588245382,-0.00012214634443238502,0,0,0,0,0,0,0,0,0,0,0,0,0,0,0
1763688076.0339546,6,3,2,-0.5328702336653222,0.3604617875473407,-3.2885007199668435,0.008615441424037768,0.020768194428147032,0.00020110984854994438,302.8800292968749,-299.9999755859375,330.6688476562499,133.44002685546877,-118.56000366210935,136.29448242187482,60.48000488281241,538.0799804687499,906.822509765625,-395.0401367187501,-132.0000976562501,-72.01920166015634,-314.88000640869143,191.03999023437495,319.052734375
1763688076.238106,6,3,2,-0.4537930075176752,0.23417520006373904,-3.79052464506588,0.0049338832685913835,0.018971926560484395,-0.0002967727212033998,353.2799316406249,-331.1999877929687,369.3888183593749,162.24004516601565,-130.56000366210935,163.39848632812482,67.67995605468741,638.8800292968749,1015.238525390625,-440.6399902343751,-158.4000000000001,-95.25119628906259,-365.28000984191897,205.44001464843745,381.0048828125
1763688076.332661,6,3,2,-0.46703662847652716,0.25975432033792917,-4.269054719728052,0.008978112771476992,0.025078543414274575,1.8238428092437215e-05,374.8800292968749,-355.1999877929687,400.3648925781249,169.43999633789065,-137.7600158691406,167.27055664062482,72.48000488281241,665.2799316406249,1077.1904296875,-471.8399414062501,-160.8001464843751,-95.25119628906259,-379.6800108909607,224.63996582031245,404.23681640625
1763688076.43931,6,3,2,-0.40048286773792374,0.1863365606963562,-4.6244674247951805,0.008638631206592171,0.023347814558783708,0.00020822860475448344,403.6799560546874,-379.1999877929687,431.3409667968749,181.43999633789065,-142.56001129150388,182.75834960937482,72.48000488281241,708.4801269531249,1150.758544921875,-500.6399902343751,-172.8001464843751,-106.86722412109384,-408.48001251220705,231.84003906249995,435.212890625
1763688076.53561,6,3,2,-0.6009171095583303,0.17450803491732408,-5.003983454582544,0.006311952574397941,0.03247949635455563,0.0004575608127314738,418.0799804687499,-386.4,431.3409667968749,186.24004516601565,-152.16000976562498,186.63041992187482,77.27993164062491,732.4801269531249,1177.862548828125,-507.8399414062501,-175.2000488281251,-106.86722412109384,-422.88001403808596,236.63996582031245,442.956787109375
1763688076.7398887,6,3,2,-0.6938869439203961,0.3223838905230895,-5.426127988154192,0.00774977218440682,0.027427553279585876,-1.3292572653774912e-05,456.4800048828124,-427.1999877929687,485.5487304687499,210.24004516601565,-161.76000823974607,209.86235351562482,74.87990722656241,794.8800292968749,1309.510498046875,-563.0401367187501,-187.2000488281251,-118.48319091796884,-456.48001251220705,260.63996582031245,493.292724609375
1763688076.8316286,6,3,2,-0.7269896398908842,0.3018196524745381,-5.817710780250822,0.006758648965191098,0.030279493001767535,-0.00023306533499217437,475.6799560546874,-439.1999877929687,504.9088378906249,217.43999633789065,-166.56001129150388,213.73442382812482,79.67995605468741,830.8800292968749,1352.102294921875,-582.2400878906251,-196.8001464843751,-126.22720947265634,-478.08001098632815,272.63996582031245,508.78076171875
1763688077.035238,6,3,2,-0.6968456210746998,0.15290564404849266,-6.594939061718914,0.0032626513351323317,0.03607393513750136,0.0002700466509144334,494.8800292968749,-458.4,512.6527343749999,224.6400085449219,-171.3600143432617,221.47856445312482,82.07998046874991,862.0799804687499,1398.566650390625,-596.6399902343751,-201.5999511718751,-122.35520019531259,-492.48001251220705,284.63996582031245,524.268798828125
1763688077.1291008,6,3,2,-0.5748628030009686,0.21051411808238862,-6.175268395801489,0.007775186415122381,0.03148353358292075,0.0002765718580602858,487.6799560546874,-458.4,516.5248046874999,219.84002075195315,-176.16000976562498,213.73442382812482,89.27993164062491,857.2799316406249,1398.566650390625,-594.2400878906251,-196.8001464843751,-114.61118164062509,-492.48001251220705,279.84003906249995,524.268798828125
1763688077.2383306,6,3,2,-0.4933344688648268,0.2268388132587064,-6.0339821657322235,0.009345062813699777,0.027075036906049548,0.00033104478820829937,485.2800537109374,-455.9999755859375,504.9088378906249,224.6400085449219,-173.7600158691406,217.60649414062482,91.67995605468741,859.6800781249999,1394.694580078125,-589.4400390625001,-194.4000000000001,-122.35520019531259,-490.0800186157227,275.03999023437495,512.65283203125
1763688077.3322082,6,3,2,-0.4557360751500389,0.278786402033279,-5.83296210182966,0.009339750455798544,0.025921066881748667,0.0003196204841172585,485.2800537109374,-455.9999755859375,512.6527343749999,224.6400085449219,-176.16000976562498,209.86235351562482,89.27993164062491,859.6800781249999,1398.566650390625,-594.2400878906251,-196.8001464843751,-122.35520019531259,-499.6800170898438,279.84003906249995,516.52490234375
1763688077.442633,6,3,2,-0.46037359646758635,0.23328049065295253,-5.862605979828306,0.009963430811222952,0.02523439702427157,-7.528117026763849e-05,485.2800537109374,-455.9999755859375,504.9088378906249,222.24004516601565,-176.16000976562498,213.73442382812482,101.27993164062491,854.8800292968749,1398.566650390625,-591.8399414062501,-196.8001464843751,-118.48319091796884,-492.48001251220705,277.44001464843745,520.396728515625
1763688077.5310497,6,3,2,-0.4617611491892996,0.2816036773969335,-5.84375835223806,0.010698629150410014,0.025622619110079806,8.687599797203719e-05,487.6799560546874,-458.4,508.7809082031249,219.84002075195315,-176.16000976562498,205.99028320312482,91.67995605468741,862.0799804687499,1394.694580078125,-587.0401367187501,-196.8001464843751,-114.61118164062509,-494.88001403808596,275.03999023437495,520.396728515625
1763688077.735223,6,3,2,-0.45567416193898025,0.3284032861630115,-5.756188721014359,0.011793988008795098,0.025206915791020294,0.0005877989044304325,485.2800537109374,-460.8000244140625,504.9088378906249,219.84002075195315,-183.3600143432617,209.86235351562482,89.27993164062491,859.6800781249999,1390.822509765625,-584.6399902343751,-196.8001464843751,-114.61118164062509,-492.48001251220705,277.44001464843745,520.396728515625
1763688077.9410398,6,3,2,-0.5086508093229977,0.24274198234197436,-5.698848852291509,0.009235060524369057,0.027985470364756928,0.0006055316028534467,487.6799560546874,-458.4,516.5248046874999,224.6400085449219,-176.16000976562498,221.47856445312482,84.48000488281241,854.8800292968749,1398.566650390625,-596.6399902343751,-196.8001464843751,-130.0992187500001,-494.88001403808596,284.63996582031245,512.65283203125
1763688078.03328,6,3,2,-0.5685255208358659,0.24282860683140572,-5.599463690161746,0.008859055981688175,0.03189292895896918,-0.0005321540552961743,487.6799560546874,-463.1999877929687,516.5248046874999,224.6400085449219,-171.3600143432617,217.60649414062482,84.48000488281241,862.0799804687499,1402.438232421875,-596.6399902343751,-199.2000488281251,-126.22720947265634,-492.48001251220705,282.23994140624995,532.0126953125
1763688078.142143,6,3,2,-0.5975212226594427,0.22168386888485095,-5.5873210618101785,0.007521965632173234,0.03221206587322693,1.5701117224422353e-05,497.2800537109374,-465.6000122070312,512.6527343749999,227.0400329589844,-173.7600158691406,221.47856445312482,79.67995605468741,864.4801269531249,1406.310302734375,-601.4400390625001,-204.0000976562501,-122.35520019531259,-494.88001403808596,279.84003906249995,532.0126953125
1763688078.3338125,6,3,2,-0.5827232891789202,0.24840117261765537,-5.65041434816849,0.008412222485584491,0.030586746499756255,0.0001506285587686393,487.6799560546874,-465.6000122070312,516.5248046874999,219.84002075195315,-173.7600158691406,221.47856445312482,86.87990722656241,857.2799316406249,1398.566650390625,-596.6399902343751,-199.2000488281251,-118.48319091796884,-492.48001251220705,284.63996582031245,516.52490234375
1763688078.538409,6,3,2,-0.564179970237594,0.23237201838098667,-5.482879819354471,0.008180064665816705,0.02941422768192481,0.0002886892662690315,490.0799804687499,-458.4,516.5248046874999,224.6400085449219,-173.7600158691406,217.60649414062482,86.87990722656241,862.0799804687499,1402.438232421875,-594.2400878906251,-201.5999511718751,-130.0992187500001,-492.48001251220705,279.84003906249995,524.268798828125
1763688078.6437778,6,3,2,-0.5941943682160571,0.2704057300661602,-5.577225754030588,0.009465197251788219,0.02911514502453981,0.00017917676471557696,487.6799560546874,-460.8000244140625,504.9088378906249,219.84002075195315,-178.56001129150388,209.86235351562482,89.27993164062491,854.8800292968749,1410.182373046875,-591.8399414062501,-199.2000488281251,-114.61118164062509,-490.0800186157227,279.84003906249995,516.52490234375
1763688078.7386198,6,3,2,-0.5401761148447062,0.3122740728411791,-5.520488385879004,0.011361921722135827,0.027272241775511935,0.00035971523680025826,487.6799560546874,-460.8000244140625,504.9088378906249,217.43999633789065,-173.7600158691406,213.73442382812482,91.67995605468741,857.2799316406249,1390.822509765625,-587.0401367187501,-196.8001464843751,-126.22720947265634,-487.6800170898438,275.03999023437495,516.52490234375
1763688078.831531,6,3,2,-0.45537226261055874,0.29128041108664415,-5.376481887432313,0.009747127045457549,0.025135735807907462,9.227865152597672e-05,480.4800048828124,-460.8000244140625,512.6527343749999,217.43999633789065,-178.56001129150388,209.86235351562482,91.67995605468741,850.0799804687499,1390.822509765625,-589.4400390625001,-196.8001464843751,-110.73917236328134,-487.6800170898438,279.84003906249995,520.396728515625
1763688079.1305459,6,3,2,-0.5546903134683554,0.23641058887239533,-5.365750933119097,0.008074472179311613,0.029440983752070535,1.6939149365808454e-05,485.2800537109374,-458.4,520.3968749999999,219.84002075195315,-176.16000976562498,213.73442382812482,84.48000488281241,854.8800292968749,1398.566650390625,-599.0401367187501,-201.5999511718751,-122.35520019531259,-492.48001251220705,282.23994140624995,520.396728515625
1763688079.3362598,6,3,2,-0.647347228346381,0.22940284172105257,-5.4691069658043965,0.0072678005695490265,0.033025278818321874,-9.977203707897415e-05,0,0,0,0,0,0,0,0,0,0,0,0,0,0,0
1763688079.537313,6,3,2,-0.5929999796209046,0.2478783225202408,-5.364184571410488,0.008815069928549673,0.032025309606060946,0.0001768750565280617,482.8800292968749,-455.9999755859375,504.9088378906249,217.43999633789065,-168.9600128173828,217.60649414062482,82.07998046874991,850.0799804687499,1383.078369140625,-589.4400390625001,-196.8001464843751,-114.61118164062509,-490.0800186157227,277.44001464843745,516.52490234375
1763688079.7373383,6,3,2,-0.5315347107388634,0.2263483525134448,-4.823802609685712,0.009007415521229639,0.028105447465447055,-1.9474746196672388e-05,451.6799560546874,-429.6000122070312,477.8048339843749,203.0400329589844,-166.56001129150388,209.86235351562482,79.67995605468741,799.6800781249999,1301.766357421875,-558.2400878906251,-189.5999511718751,-110.73917236328134,-458.88001403808596,260.63996582031245,485.548828125
1763688079.8454027,6,3,2,-0.4932874790535841,0.2965367520568394,-4.44636601283135,0.011049556895283977,0.026530768054116895,-0.0001951773277881425,432.4800048828124,-412.8000244140625,466.1888671874999,198.24004516601565,-161.76000823974607,194.37456054687482,79.67995605468741,763.6800781249999,1255.302490234375,-539.0401367187501,-184.8001464843751,-102.99521484375009,-442.0800148010254,253.44001464843745,462.31689453125
1763688079.9545188,6,3,2,-0.4230294566376893,0.2709034699812171,-4.050335310150407,0.013029523959575654,0.02170144261158161,-4.425742272300571e-05,406.0799804687499,-388.8000244140625,431.3409667968749,186.24004516601565,-154.56001129150388,178.88627929687482,74.87990722656241,722.8800292968749,1181.734375,-503.0401367187501,-172.8001464843751,-99.12320556640634,-422.88001403808596,239.03999023437495,435.212890625
1763688080.1301343,6,3,2,-0.2935154483074351,0.3327788379568808,-2.956659515523089,0.016801599791252095,0.012996828212475161,-0.0003488073396963956,341.2799316406249,-338.4,373.2608886718749,157.43999633789065,-144.9600128173828,151.78227539062482,74.87990722656241,622.0799804687499,1030.7265625,-435.8399414062501,-153.5999511718751,-79.76322021484384,-365.28000984191897,215.03999023437495,369.388916015625
1763688080.1611912,6,3,2,-0.32115980264179284,0.3486577023734737,-3.046211849719329,0.015390811622405177,0.013848027765751895,2.891356162749558e-06,331.6799560546874,-328.8000244140625,357.7728515624999,150.24001464843752,-140.16000976562498,151.78227539062482,84.48000488281241,598.0799804687499,984.262451171875,-416.6399902343751,-144.0000976562501,-68.14719238281259,-353.28000984191897,203.03999023437495,350.02880859375
1763688080.3352754,6,3,2,-0.09488861454156981,0.3685304088088943,-1.9068248437811577,0.018341857143412008,0.0034778856067671157,-0.0009897629740887922,262.0799804687499,-278.4,288.0768066406249,109.44002685546877,-125.7600158691406,113.06254882812482,82.07998046874991,482.8800292968749,813.89453125,-342.2400878906251,-117.59995117187509,-48.78720703125009,-290.88000640869143,169.44001464843745,280.332763671875
1763688080.443163,6,3,2,-0.12204868899367952,0.3975726458537516,-1.5687432087478443,0.018997928647772215,0.005065630915535223,-0.000946360520423636,242.8800292968749,-254.39999999999998,264.8448730468749,109.44002685546877,-106.56000366210935,105.31840820312482,65.27993164062491,451.6800781249999,748.070556640625,-313.4400390625001,-112.80014648437509,-52.65921630859384,-264.4800048828125,157.44001464843745,260.972900390625
1763688080.6337726,6,3,2,-0.09067361458227213,0.23419292520534774,-1.0864217813529362,0.012966119818932658,0.00337911461532881,-0.0007866180273183208,194.8800292968749,-215.99997558593748,206.7647949218749,83.04000244140627,-96.96001281738279,70.47026367187482,65.27993164062491,365.2799316406249,620.29443359375,-251.0401367187501,-88.80014648437509,-41.04318847656259,-221.28000793457034,128.63996582031245,202.892822265625
1763688080.8363283,6,3,2,-0.0765161019230679,0.2667418384196827,-0.5848728518074704,0.012372834478840846,0.003300526746157715,-0.0009257328791521819,154.0799804687499,-189.60001220703123,175.7889648437499,61.44002685546877,-87.36000671386716,54.98247070312482,65.27993164062491,312.4801269531249,519.62255859375,-203.0401367187501,-67.20004882812509,-29.42722167968759,-192.48000488281252,114.23994140624995,164.1728515625
1763688081.0366087,6,3,2,-0.04595624877809247,0.24229286320737323,-0.40945804832446586,0.009566927352539344,0.000956075934285939,-0.0008738746662233532,132.4800048828124,-167.99997558593748,140.9408203124999,51.84002075195315,-77.7600158691406,43.36625976562482,62.87990722656241,264.4801269531249,446.054443359375,-176.6399902343751,-60.00009765625009,-21.68320312500009,-170.8799987792969,97.44001464843745,129.32470703125
1763688081.133911,6,3,2,-0.008210809328113702,0.25515987983230715,-0.2520607174120136,0.011083820656677493,-0.001013121616019462,-0.0008909757280746535,127.67995605468741,-160.79996337890623,137.0687499999999,51.84002075195315,-72.96001281738279,43.36625976562482,55.67995605468741,250.0799804687499,426.6943359375,-167.0401367187501,-57.59995117187509,-33.29916992187509,-158.8799987792969,97.44001464843745,125.452880859375
1763688082.038375,6,3,2,-0.039226113147085254,0.24812511754243138,0.2834183544668455,0.010494651692092941,0.0006189129443693022,-0.000935664917401403,48.48000488281241,-115.19998779296873,71.24477539062491,6.240014648437523,-53.76000061035154,-14.713574218750182,48.48000488281241,127.67995605468741,252.454345703125,-87.83994140625009,-21.59995117187509,-6.195166015625091,-103.67998657226565,54.239941406249955,36.396728515625
1763688082.240236,6,3,2,0.02999207722570648,0.2382177149565125,0.24537807271486128,0.010268638106596962,9.782602742908209e-05,-8.986078748622129e-05,67.67995605468741,-107.99997558593748,63.50087890624991,23.040002441406273,-32.16000976562498,0.7744628906248181,41.27993164062491,137.2800537109374,256.326416015625,-99.83994140625009,-26.40000000000009,-33.29916992187509,-98.8799987792969,56.639965820312455,48.0126953125
1763688084.1565273,6,3,2,-0.09476061190028917,0.05889742355330225,0.22910382936904056,0.0014908205385121597,0.00678353944954045,-0.0008197541489884613,48.48000488281241,-91.19998779296873,40.26894531249991,15.840020751953148,-24.96001281738279,-10.841748046875182,29.27993164062491,106.07998046874991,198.246337890625,-78.24008789062509,-19.20004882812509,-41.04318847656259,-82.08001098632815,47.039990234374955,28.65283203125
1763688085.1384032,6,3,2,-0.13433611491308245,0.06473588827636378,0.21154310989034816,0.0008606864004983101,0.0067342217507459275,-0.0006727256130660879,43.67995605468741,-81.60001220703123,32.52480468749991,13.439996337890648,-22.560003662109352,-14.713574218750182,29.27993164062491,94.07998046874991,178.886474609375,-68.63999023437509,-16.80014648437509,-41.04318847656259,-72.48000488281252,39.840039062499955,24.78076171875
1763688087.9044993,6,3,2,-0.17005336703329113,0.09942698451344706,-0.20070102623749755,0.003032336513938134,0.007764727546159807,-0.0001876629145488788,62.88002929687491,-100.79996337890623,63.50087890624991,18.240014648437523,-34.56000366210935,0.7744628906248181,31.67995605468741,130.0799804687499,236.966552734375,-99.83994140625009,-38.40000000000009,-29.42722167968759,-96.48000488281252,51.840039062499955,48.0126953125
1763688088.1392438,6,3,2,-0.2735471672437225,0.33961102640370233,-0.4655840587255198,0.007233563501311014,0.007344805865347401,-0.0009100156873864374,89.27993164062491,-112.79996337890623,75.11684570312491,32.6400085449219,-41.76000061035154,20.134326171874818,36.48000488281241,166.0799804687499,287.302490234375,-119.04013671875009,-38.40000000000009,-37.17124023437509,-110.8799987792969,59.039990234374955,67.372802734375
1763688088.2314038,6,3,2,-0.42963951157439517,0.422557377227498,-0.5557997308093943,0.009853553070190979,0.012062836677729966,-7.617865467685232e-05,98.88002929687491,-122.39999999999998,94.47695312499991,37.44002685546877,-53.76000061035154,24.006396484374818,48.48000488281241,197.2799316406249,326.0224609375,-135.8399414062501,-50.40000000000009,-29.42722167968759,-127.68000183105471,73.44001464843745,86.73291015625
1763688088.340152,6,3,2,-0.2720323858724689,0.44040975196388554,-0.7583320593742893,0.009658121808500217,0.0061928021077092025,-0.0008567518455936329,110.88002929687491,-141.60001220703123,109.96474609374991,44.6400085449219,-63.360006713867165,27.878466796874818,46.07998046874991,216.4801269531249,376.3583984375,-152.6399902343751,-57.59995117187509,-41.04318847656259,-142.07999572753909,80.63996582031245,102.220703125
1763688088.5260508,6,3,2,-0.12087171807078811,0.1552910492885634,-1.0726579047743647,0.008926048702426848,0.008826843295773094,-0.0004001399280059662,139.6799560546874,-163.19998779296873,152.5567871093749,56.6400085449219,-65.76000061035154,51.11040039062482,48.48000488281241,266.8800292968749,453.79833984375,-191.0401367187501,-64.80014648437509,-37.17124023437509,-168.48000488281252,97.44001464843745,140.94091796875
1763688088.6398196,6,3,2,-0.11275584635788946,0.18858505343687804,-1.4684285653870537,0.012421572190286974,0.012681762011293944,0.0004098336962124144,149.2799316406249,-182.39999999999998,175.7889648437499,56.6400085449219,-77.7600158691406,62.72636718749982,48.48000488281241,281.2799316406249,519.62255859375,-227.0401367187501,-74.40000000000009,-41.04318847656259,-180.48000488281252,114.23994140624995,156.4287109375
1763688088.839728,6,3,2,-0.1173144657965957,0.30238714398581973,-1.7922987848969183,0.010745720461993891,0.010856363644370181,0.00019825227583958435,204.4800048828124,-203.99997558593748,214.5089355468749,90.24001464843752,-80.16000976562498,82.08623046874982,50.87990722656241,367.6800781249999,604.806396484375,-265.4400390625001,-93.59995117187509,-60.40317382812509,-216.48000488281252,131.03999023437495,214.5087890625
1763688088.934636,6,3,2,-0.310897114742804,0.16891008225986853,-2.1358166819337883,0.007953391196622916,0.01705919367236814,-0.0002352272755818379,209.2799316406249,-218.39999999999998,241.6129394531249,95.04000244140627,-89.7600158691406,85.95854492187482,53.27993164062491,382.0799804687499,647.3984375,-279.8399414062501,-98.40000000000009,-52.65921630859384,-230.8799987792969,138.23994140624995,218.380859375
1763688089.1387022,6,3,2,-0.26251954740801275,0.27732637024788365,-2.4183809329775734,0.009426457079052939,0.0169883838068155,-0.00041771529510374237,247.6799560546874,-247.19998779296873,268.7169433593749,111.84002075195315,-104.16000976562498,113.06254882812482,58.07998046874991,446.8800292968749,732.58251953125,-320.6399902343751,-115.20004882812509,-75.89121093750009,-269.28000793457034,155.03999023437495,264.8447265625
1763688089.2311006,6,3,2,-0.31404975337519137,0.22965500446396153,-2.707485180527226,0.008588419528862294,0.01945356184129601,-0.00036326877631665043,266.8800292968749,-266.4,288.0768066406249,119.04000244140627,-106.56000366210935,120.80620117187482,60.48000488281241,478.0799804687499,794.534423828125,-342.2400878906251,-120.00009765625009,-72.01920166015634,-286.08001098632815,169.44001464843745,291.94873046875
1763688089.3392186,6,3,2,-0.3713617761655326,0.24050945566384863,-3.0046812420971127,0.009765387307671099,0.020201083546194022,0.00031705733427328693,290.8800292968749,-283.1999877929687,311.3087402343749,133.44002685546877,-118.56000366210935,132.42241210937482,60.48000488281241,518.8800292968749,864.23046875,-373.4400390625001,-132.0000976562501,-72.01920166015634,-310.08001098632815,186.23994140624995,299.69287109375
1763688090.040963,6,3,2,-0.41255568365330286,0.30321994452757,-5.060916479023656,0.011031153445981965,0.015838809761186845,-0.00010546057136214763,420.4800048828124,-410.4,454.5729003906249,183.84002075195315,-161.76000823974607,190.50249023437482,89.27993164062491,754.0799804687499,1251.430419921875,-529.4400390625001,-180.0000976562501,-91.37918701171884,-439.6800132751465,251.03999023437495,450.700927734375
1763688090.13754,6,3,2,-0.5285703821606395,0.29825240161727146,-5.498395232427419,0.007255389843743966,0.02337010650196806,3.723190298003491e-05,449.2800537109374,-424.8000244140625,477.8048339843749,205.43999633789065,-166.56001129150388,202.11821289062482,89.27993164062491,797.2799316406249,1301.766357421875,-553.4400390625001,-187.2000488281251,-106.86722412109384,-456.48001251220705,258.23994140624995,481.6767578125
1763688090.432781,6,3,2,-0.6293298105346272,0.08983415964931235,-6.434437831132065,0.007960849475279377,0.04149799833914263,0.00035429607031871617,509.2800537109374,-475.1999877929687,532.0128417968749,227.0400329589844,-176.16000976562498,217.60649414062482,91.67995605468741,898.0799804687499,1452.774658203125,-613.4400390625001,-206.4000000000001,-130.0992187500001,-511.6800170898438,284.63996582031245,543.62890625
1763688090.5417309,6,3,2,-0.66231405126937,0.23595778176169105,-6.6778663817524215,0.006488236576393209,0.02935002639433726,-0.00014536975573910087,530.8800292968749,-492.0000061035156,547.5008789062499,243.84002075195315,-185.7600158691406,233.09428710937482,89.27993164062491,931.6800781249999,1503.110595703125,-635.0401367187501,-208.8001464843751,-137.84317626953134,-530.880014038086,303.84003906249995,570.73291015625
1763688090.8374562,6,3,2,-1.0080035430991336,0.137813945253968,-7.9761642128020664,0.003220384642684553,0.051700159399667565,0.00040841558506501605,614.8800292968749,-561.6000122070312,624.9408203124999,279.84002075195315,-192.9600128173828,267.9424316406248,82.07998046874991,1063.680078125,1712.198486328125,-723.8399414062501,-235.2000488281251,-172.69119873046884,-600.4800201416016,335.03999023437495,640.4287109375
1763688090.930239,6,3,2,-0.903745731710504,0.05927266756906391,-8.449503993706305,-0.004318720281855384,0.03912798845398877,0.0002099191310715072,641.2800537109374,-585.6000122070312,640.4288574218749,299.0400329589844,-197.7600158691406,267.9424316406248,94.07998046874991,1116.480126953125,1789.638427734375,-747.8399414062501,-244.8001464843751,-188.1791748046876,-631.6800170898438,349.44001464843745,671.40478515625
1763688091.2306454,6,3,2,-0.9549618700484741,0.08294495891239992,-9.930249707766414,-0.0009978544661367258,0.05366652107481459,0.0008696469124631831,754.0799804687499,-674.4,717.8687988281249,351.84002075195315,-209.76001205444334,302.7905761718748,86.87990722656241,1298.880029296875,2033.574462890625,-839.0401367187501,-276.0000976562501,-242.3871826171876,-727.6800170898438,387.84003906249995,764.332763671875
1763688091.3386614,6,3,2,-1.177940967751491,-0.06171509906432093,-10.30189860211607,-0.0069276319229539425,0.06082114001803176,0.00025739550285080147,761.2800537109374,-681.6000122070312,721.7408691406249,354.24004516601565,-209.76001205444334,298.9185058593748,86.87990722656241,1306.07998046875,2045.190673828125,-841.4400390625001,-278.4000000000001,-242.3871826171876,-730.0800109863281,387.84003906249995,772.076904296875
1763688091.4308436,6,3,2,-1.1263424556032442,-0.07174927287999011,-10.152774506116133,-0.006949420500117917,0.060392561380738244,0.00046743957582714556,754.0799804687499,-681.6000122070312,721.7408691406249,349.43999633789065,-212.16001358032224,302.7905761718748,91.67995605468741,1303.680078125,2049.062255859375,-843.8399414062501,-276.0000976562501,-242.3871826171876,-725.2800231933594,395.03999023437495,775.94873046875
1763688091.7288003,6,3,2,-0.9170151505739867,0.019803449412831353,-9.542001253601962,-0.0017029672703868758,0.04909070387486007,0.00014957676820210849,751.6799560546874,-676.8000244140625,713.9967285156249,337.43999633789065,-216.9600128173828,295.0464355468748,98.87990722656241,1296.480126953125,2037.446533203125,-834.2400878906251,-276.0000976562501,-230.7712158203126,-727.6800170898438,385.44001464843745,768.204833984375
1763688091.9305844,6,3,2,-0.7950307893805237,0.20254214046281802,-9.293770442648178,0.005985774254517101,0.04235012870731602,0.00040999670121224553,727.6799560546874,-664.8000244140625,690.7647949218749,335.0400329589844,-219.3600143432617,291.1743652343748,113.27993164062491,1282.07998046875,2006.470458984375,-817.4400390625001,-266.4000000000001,-226.89920654296884,-713.2800231933594,375.84003906249995,756.5888671875
1763688092.1321664,6,3,2,-0.828429680497597,0.0966977363459749,-9.331473526928582,0.0007025904767353,0.04557080077063768,-8.545599331064328e-05,751.6799560546874,-681.6000122070312,710.1249023437499,342.24004516601565,-219.3600143432617,295.0464355468748,106.07998046874991,1303.680078125,2056.806396484375,-836.6399902343751,-273.5999511718751,-234.64322509765634,-730.0800109863281,385.44001464843745,772.076904296875
1763688092.3378248,6,3,2,-0.8200510435273575,0.05598584301166196,-9.307029459563273,-0.0014445502345309287,0.0453682677076374,0.0007773812879132667,0,0,0,0,0,0,0,0,0,0,0,0,0,0,0
1763688092.4315436,6,3,2,-0.7590964662156523,0.1581769488618258,-8.958102156705944,0.0017042647413771164,0.04201735925219857,0.0004366365921983132,742.0799804687499,-676.8000244140625,702.3807617187499,337.43999633789065,-221.7600158691406,291.1743652343748,106.07998046874991,1294.07998046875,2029.702392578125,-827.0401367187501,-276.0000976562501,-223.0271972656251,-722.880029296875,378.24006347656245,756.5888671875
1763688092.5056179,6,3,2,-0.7773737398960991,0.11945058000448758,-9.075675307185179,0.0015215248493930106,0.04207102891861594,0.0005537179389161983,0,0,0,0,0,0,0,0,0,0,0,0,0,0,0
1763688092.6331563,6,3,2,-0.9594854859880442,0.09481944627929959,-9.230707636691225,0.0008373053115641564,0.05091567751325711,0.0006568337954949086,754.0799804687499,-679.2000183105469,710.1249023437499,344.6400085449219,-219.3600143432617,302.7905761718748,106.07998046874991,1306.07998046875,2049.062255859375,-836.6399902343751,-273.5999511718751,-234.64322509765634,-730.0800109863281,392.63996582031245,764.332763671875
1763688092.6949034,6,3,2,-0.92238491790893,0.13462683111367033,-9.131192359254154,0.0006893225615565157,0.050321141669340444,0.0002969923162455864,754.0799804687499,-676.8000244140625,706.2528320312499,347.0400329589844,-216.9600128173828,295.0464355468748,103.67995605468741,1313.28017578125,2045.190673828125,-831.8399414062501,-273.5999511718751,-234.64322509765634,-732.4800354003906,385.44001464843745,768.204833984375
1763688092.8379548,6,3,2,-0.8563943492517543,0.08449018754276877,-8.924726024347473,0.001414984656407152,0.045299141208697324,0.0007677585813503241,737.2800537109374,-674.4,702.3807617187499,332.6400085449219,-219.3600143432617,287.3022949218748,113.27993164062491,1279.680078125,2018.086669921875,-819.8399414062501,-266.4000000000001,-219.15518798828134,-718.0800109863281,378.24006347656245,748.8447265625
1763688092.8823907,6,3,2,-0.8237052139215861,0.10293537609664469,-8.907367251700647,0.0019020424442569295,0.04540259310552992,0.00046158373203588916,742.0799804687499,-674.4,702.3807617187499,337.43999633789065,-214.56001510620115,291.1743652343748,108.48000488281241,1286.880029296875,2037.446533203125,-831.8399414062501,-271.2000488281251,-226.89920654296884,-720.4800354003906,378.24006347656245,760.460693359375
1763688092.9759412,6,3,2,-0.8016986188198583,0.2800191372217058,-8.730297088628818,0.008453409127207087,0.04306059261471481,0.00030272137433506093,742.0799804687499,-679.2000183105469,710.1249023437499,342.24004516601565,-214.56001510620115,287.3022949218748,106.07998046874991,1296.480126953125,2041.318603515625,-829.4400390625001,-273.5999511718751,-230.7712158203126,-727.6800170898438,385.44001464843745,764.332763671875
1763688093.087098,6,3,2,-0.8623775762451644,0.1624384435033806,-8.917373907789049,0.0033754562691797954,0.045937164016202646,0.00022500300694103682,756.4800048828124,-681.6000122070312,713.9967285156249,351.84002075195315,-216.9600128173828,291.1743652343748,103.67995605468741,1313.28017578125,2049.062255859375,-836.6399902343751,-278.4000000000001,-234.64322509765634,-737.2800231933594,385.44001464843745,772.076904296875
1763688093.1796968,6,3,2,-0.8865953950990724,0.05808884055593072,-9.021610311527597,-0.0018871125304101843,0.04756575839159777,0.0002526129665722109,758.8800292968749,-684.0000061035156,713.9967285156249,347.0400329589844,-216.9600128173828,298.9185058593748,103.67995605468741,1313.28017578125,2064.550537109375,-843.8399414062501,-273.5999511718751,-242.3871826171876,-739.6800170898438,387.84003906249995,768.204833984375
1763688093.3341496,6,3,2,-0.8858475835085748,0.14990490880548435,-8.921084198524294,0.0025768595583215287,0.04781556867650501,6.54697477183901e-05,756.4800048828124,-686.4,713.9967285156249,351.84002075195315,-216.9600128173828,302.7905761718748,103.67995605468741,1315.680078125,2056.806396484375,-836.6399902343751,-278.4000000000001,-238.51517333984384,-734.880029296875,385.44001464843745,772.076904296875
1763688093.3817234,6,3,2,-0.8508162749626376,0.10119920351757722,-8.82285331005468,0.0020482297349572326,0.047247540185073635,-5.4151760741302096e-05,756.4800048828124,-684.0000061035156,713.9967285156249,344.6400085449219,-216.9600128173828,295.0464355468748,106.07998046874991,1313.28017578125,2060.678466796875,-834.2400878906251,-273.5999511718751,-238.51517333984384,-734.880029296875,385.44001464843745,768.204833984375
1763688093.5417666,6,3,2,-0.8162771438053676,0.09880462735084808,-8.914432688821487,0.00017861583103738476,0.04587526401200363,0.0002174083481044889,756.4800048828124,-684.0000061035156,710.1249023437499,344.6400085449219,-219.3600143432617,295.0464355468748,108.48000488281241,1310.880029296875,2060.678466796875,-841.4400390625001,-276.0000976562501,-238.51517333984384,-734.880029296875,380.63996582031245,764.332763671875
1763688093.636266,6,3,2,-0.8517968697074517,0.1270346455430168,-8.9544266910438,0.002575395836594406,0.04592857613428401,0.0002895042123359365,754.0799804687499,-679.2000183105469,713.9967285156249,342.24004516601565,-219.3600143432617,295.0464355468748,103.67995605468741,1310.880029296875,2049.062255859375,-834.2400878906251,-273.5999511718751,-234.64322509765634,-730.0800109863281,385.44001464843745,772.076904296875
1763688093.680337,6,3,2,-0.8093910828895579,0.15222580493694274,-8.870498221969095,0.002985602887245642,0.045479282742048176,0.0003969150485338903,756.4800048828124,-684.0000061035156,713.9967285156249,347.0400329589844,-219.3600143432617,287.3022949218748,110.87990722656241,1313.28017578125,2049.062255859375,-836.6399902343751,-271.2000488281251,-242.3871826171876,-730.0800109863281,385.44001464843745,764.332763671875
1763688093.8390636,6,3,2,-0.8191892374271894,0.11477528906700735,-8.757376867361737,0.0011986839204892602,0.0445328099941095,-0.00011462652074561205,758.8800292968749,-681.6000122070312,713.9967285156249,342.24004516601565,-219.3600143432617,295.0464355468748,101.27993164062491,1308.480126953125,2052.934326171875,-841.4400390625001,-276.0000976562501,-230.7712158203126,-734.880029296875,387.84003906249995,764.332763671875
1763688093.869666,6,3,2,-0.8194320652668045,0.09419575019833396,-8.774772513967013,0.0010201766369928,0.04472382149178438,-0.0002761325017651738,751.6799560546874,-684.0000061035156,713.9967285156249,347.0400329589844,-219.3600143432617,295.0464355468748,101.27993164062491,1306.07998046875,2052.934326171875,-841.4400390625001,-273.5999511718751,-238.51517333984384,-732.4800354003906,387.84003906249995,772.076904296875
1763688094.0396066,6,3,2,-0.783212635278719,0.16712389528346722,-8.378731265961061,0.0036146345466503173,0.04269895895718205,0.0002605338763089519,722.8800292968749,-655.2000183105469,683.0208984374999,327.84002075195315,-214.56001510620115,279.5581542968748,106.07998046874991,1253.28017578125,1975.494384765625,-807.8399414062501,-261.5999511718751,-211.4112304687501,-701.2800231933594,371.03999023437495,733.356689453125
1763688094.1632376,6,3,2,-0.7063394272373131,0.21075359308544753,-7.887664471989682,0.004653286581478223,0.039763386078683696,0.00012285711102721832,689.2800537109374,-636.0000061035156,675.2767578124999,313.43999633789065,-216.9600128173828,275.6865722656248,113.27993164062491,1210.07998046875,1917.414306640625,-779.0401367187501,-252.0000976562501,-199.79520263671884,-684.4800354003906,363.84003906249995,710.124755859375
1763688094.2572298,6,3,2,-0.6411364156502305,0.216119592108845,-7.40172433871856,0.008082293496422668,0.03491479988638099,7.498033893661715e-05,670.0799804687499,-621.6000122070312,652.0448242187499,301.43999633789065,-209.76001205444334,267.9424316406248,110.87990722656241,1176.480126953125,1863.206298828125,-759.8399414062501,-247.2000488281251,-195.9231933593751,-667.6800170898438,351.84003906249995,694.63671875
1763688094.3398633,6,3,2,-0.48347198874097375,0.29035426038929213,-6.387891678069855,0.013288438666266436,0.0257881799074548,5.9572129079505255e-05,636.4800048828124,-600.0000061035156,632.6849609374999,291.84002075195315,-207.3600143432617,248.58256835937482,113.27993164062491,1126.07998046875,1785.766357421875,-733.4400390625001,-237.5999511718751,-176.5632080078126,-638.880029296875,337.44001464843745,655.916748046875
1763688094.4313238,6,3,2,-0.4489829495025358,0.285741459268131,-6.134403093900103,0.01350851399650871,0.02412412586304764,-0.00016179613541351555,605.2800537109374,-566.4,601.7088867187499,277.43999633789065,-207.3600143432617,248.58256835937482,106.07998046874991,1068.480126953125,1708.326416015625,-699.8399414062501,-223.2000488281251,-168.8191894531251,-610.0800262451172,323.03999023437495,632.684814453125
1763688094.538778,6,3,2,-0.451255304810317,0.32986967915312726,-5.424743719236096,0.014732191420368888,0.025364360335060267,-0.0004538100274494852,566.8800292968749,-542.4,574.6048828124999,255.84002075195315,-204.9600128173828,229.22221679687482,108.48000488281241,1006.0799804687499,1627.014404296875,-659.0401367187501,-208.8001464843751,-141.7151855468751,-578.880014038086,313.44001464843745,597.8369140625
1763688094.6356196,6,3,2,-0.3045054106715016,0.440443441025998,-4.8539265534189,0.018593532608772792,0.01690027154269303,-8.906134100650264e-05,523.6799560546874,-506.4,539.7567382812499,234.24004516601565,-197.7600158691406,209.86235351562482,110.87990722656241,936.4801269531249,1522.470458984375,-623.0401367187501,-204.0000976562501,-126.22720947265634,-538.0800109863281,291.84003906249995,551.372802734375
1763688094.934374,6,3,2,-0.15280335081522872,0.485203004961222,-3.2156633858098616,0.026382078710752488,0.014490751871314439,0.0004467188942700634,408.4800048828124,-410.4,435.2127929687499,179.0400329589844,-168.9600128173828,175.01420898437482,103.67995605468741,730.0799804687499,1212.71044921875,-500.6399902343751,-168.0000976562501,-83.63522949218759,-422.88001403808596,239.03999023437495,423.596923828125
1763688095.0402498,6,3,2,0.003191869638675904,0.4553928797815305,-2.685068456088925,0.024688753442851135,0.008881275043699389,0.00039483230121730676,365.2799316406249,-371.9999755859375,396.4928222656249,164.6400085449219,-154.56001129150388,155.65434570312482,101.27993164062491,672.4801269531249,1115.910400390625,-452.6399902343751,-151.2000488281251,-72.01920166015634,-396.48001155853274,222.23994140624995,392.620849609375
1763688095.132812,6,3,2,-0.13132827842052566,0.4913109711895079,-2.198916225009091,0.020122281255899682,0.0006685621526944874,-0.0007066271003797592,331.6799560546874,-347.9999755859375,365.5167480468749,150.24001464843752,-152.16000976562498,144.03813476562482,94.07998046874991,617.2799316406249,1030.7265625,-431.0401367187501,-141.5999511718751,-60.40317382812509,-362.8800102233887,207.84003906249995,357.772705078125
1763688095.3360307,6,3,2,-0.07366496425328525,0.5826105864878979,-1.4775621388920108,0.0187795207330989,-0.005021471389703975,-0.0011680574591450238,271.6799560546874,-290.4,303.5648437499999,121.44002685546877,-130.56000366210935,120.80620117187482,82.07998046874991,509.2799316406249,864.23046875,-354.2400878906251,-117.59995117187509,-44.91519775390634,-302.88000640869143,176.63996582031245,291.94873046875
1763688095.7408633,6,3,2,-0.01754660965503861,0.3015619356848804,-0.8095509040242869,0.014980937875464007,-0.0001942230796115078,-0.0008423860844114551,202.0799804687499,-223.19998779296873,210.6368652343749,83.04000244140627,-108.96001281738279,70.47026367187482,72.48000488281241,379.6800781249999,643.5263671875,-251.0401367187501,-84.00009765625009,-37.17124023437509,-235.6800018310547,131.03999023437495,202.892822265625
1763688096.1313496,6,3,2,0.0853310820488111,0.3038089257281395,-0.42921328962640276,0.013643708546071425,-0.0033989255283011924,-0.0008702022006549692,149.2799316406249,-187.19998779296873,168.0448242187499,66.24001464843752,-89.7600158691406,43.36625976562482,65.27993164062491,293.2799316406249,508.00634765625,-198.2400878906251,-67.20004882812509,-25.55515136718759,-192.48000488281252,109.44001464843745,152.556884765625
1763688096.2409573,6,3,2,0.058448137827225605,0.3220774672938156,-0.2943972887795315,0.013983354173714999,-0.0015604644752199967,-0.0007434275283235967,142.0799804687499,-175.19998779296873,152.5567871093749,59.04000244140627,-84.96001281738279,47.23833007812482,58.07998046874991,283.6800781249999,480.90234375,-186.2400878906251,-62.40000000000009,-29.42722167968759,-182.8799987792969,107.03999023437495,144.812744140625
1763688096.2849636,6,3,2,0.07058595789995548,0.33333415646098213,-0.3317951569000081,0.013215336634130877,-0.0010255554351663477,-0.0009956264133588475,134.8800292968749,-175.19998779296873,148.6849609374999,54.24001464843752,-82.56000366210935,35.62236328124982,62.87990722656241,264.4801269531249,461.54248046875,-176.6399902343751,-57.59995117187509,-21.68320312500009,-178.07999572753909,102.23994140624995,133.19677734375
1763688097.2318556,6,3,2,0.008589780590030807,0.24875523401068383,0.22549170051102213,0.009318838275532704,0.001017788595036098,-0.0005708135116231966,65.27993164062491,-124.79996337890623,82.86074218749991,15.840020751953148,-58.56000366210935,4.646289062499818,48.48000488281241,154.0799804687499,302.79052734375,-102.24008789062509,-28.80014648437509,-10.067236328125091,-118.08001098632815,71.03999023437495,59.62890625
1763688097.341835,6,3,2,-0.02256005759906224,0.23452235413152273,0.2980894038103313,0.010386967015484883,0.0014118100687361772,-0.0007732498043927389,0,0,0,0,0,0,0,0,0,0,0,0,0,0,0
1763688097.4483967,6,3,2,0.02051946277888858,0.24192085456478724,0.24674102842052675,0.010449359883555076,0.0004705685549142699,-0.000636049591970536,74.88002929687491,-117.60001220703123,78.98891601562491,25.439996337890648,-46.56000366210935,12.390429687499818,43.67995605468741,156.4800048828124,295.04638671875,-111.83994140625009,-31.20004882812509,-25.55515136718759,-118.08001098632815,68.63996582031245,59.62890625
1763688098.465066,6,3,2,-0.13834809890346936,0.0642385929382227,0.2150486200013904,0.001682199679727119,0.007070482616623161,-0.001136834879747351,70.07998046874991,-105.60001220703123,67.37294921874991,25.439996337890648,-27.360006713867165,12.390429687499818,34.07998046874991,142.0799804687499,256.326416015625,-97.44003906250009,-24.00009765625009,-29.42722167968759,-101.27999267578127,56.639965820312455,55.7568359375
1763688098.7324457,6,3,2,-0.13994184605127177,0.054780173315589986,0.2159471518672011,0.0019445237632236484,0.007088350962179918,-0.0009781592422938475,67.67995605468741,-100.79996337890623,67.37294921874991,25.439996337890648,-27.360006713867165,8.518359374999818,34.07998046874991,139.6799560546874,244.71044921875,-97.44003906250009,-26.40000000000009,-37.17124023437509,-98.8799987792969,59.039990234374955,51.884765625
1763688099.1507447,6,3,2,-0.11237002322990426,0.07072961522764547,0.24818265763665986,0.0017577545222164871,0.006473531965991659,-0.000969149119126835,0,0,0,0,0,0,0,0,0,0,0,0,0,0,0
1763688102.1290972,6,3,2,-0.12110888585377669,0.07453091421118258,0.2138530020524811,0.0017880823028732827,0.0069100627464756086,-0.00035601250133056425,50.88002929687491,-83.99997558593748,32.52480468749991,18.240014648437523,-22.560003662109352,-6.969677734375182,31.67995605468741,101.28005371093741,186.63037109375,-80.63999023437509,-14.400000000000091,-29.42722167968759,-82.08001098632815,42.239941406249955,24.78076171875
1763688103.6418278,6,3,2,-0.056954033432146986,-0.01938711440026174,-0.784585498419025,0.004922741881505258,0.006600359936428726,-0.0007693170849709111,108.48000488281241,-143.99997558593748,129.3248535156249,39.84002075195315,-63.360006713867165,35.62236328124982,38.87990722656241,221.2799316406249,387.974365234375,-169.4400390625001,-62.40000000000009,-29.42722167968759,-146.8799987792969,90.23994140624995,106.0927734375
1763688103.747205,6,3,2,-0.16482906366928957,0.23858194478634837,-0.9875957218774671,0.008279342406226246,0.007697096183388369,-0.0009271871439606246,132.4800048828124,-158.39999999999998,144.8128906249999,54.24001464843752,-65.76000061035154,43.36625976562482,48.48000488281241,238.0799804687499,434.4384765625,-188.6399902343751,-60.00009765625009,-37.17124023437509,-161.28000793457034,95.03999023437495,121.580810546875
1763688103.8441007,6,3,2,-0.26940829229979896,0.38344145998285306,-1.1226689303380406,0.007879358625887869,0.010319055225567616,-0.0005978541465609696,163.6799560546874,-172.79996337890623,164.1727539062499,73.44002685546877,-68.16000976562498,58.85429687499982,50.87990722656241,298.0799804687499,488.646484375,-198.2400878906251,-74.40000000000009,-41.04318847656259,-175.6800018310547,104.63996582031245,156.4287109375
1763688104.0300124,6,3,2,-0.38298662885081725,0.3201794886499485,-1.6864580154875854,0.010483361515271546,0.017088236241948995,-0.0003110920563159083,206.8800292968749,-208.79996337890623,218.3807617187499,90.24001464843752,-89.7600158691406,82.08623046874982,53.27993164062491,382.0799804687499,604.806396484375,-265.4400390625001,-93.59995117187509,-64.27518310546884,-223.6800018310547,131.03999023437495,222.2529296875
1763688104.1415977,6,3,2,-0.10691077598221863,0.1262046579245545,-2.176211039248837,0.009256007452055105,0.020203274557000193,-0.0007878975807316913,230.8800292968749,-227.99997558593748,233.8687988281249,97.44002685546877,-92.16000976562498,93.70219726562482,60.48000488281241,403.6800781249999,682.246337890625,-289.4400390625001,-98.40000000000009,-56.53122558593759,-245.28000793457034,140.63996582031245,226.124755859375
1763688104.2362545,6,3,2,-0.36398437523084654,0.3888412479870198,-2.26564378212622,0.0072364081021903505,0.011357668385319309,-0.0001486800589588621,240.4800048828124,-242.39999999999998,249.3568359374999,107.04000244140627,-104.16000976562498,93.70219726562482,60.48000488281241,430.0799804687499,705.478515625,-301.4400390625001,-105.59995117187509,-60.40317382812509,-262.0800033569336,147.84003906249995,245.48486328125
1763688104.3292062,6,3,2,-0.2675482807882719,0.30304851840847913,-2.6435614225361572,0.012426654149547594,0.017698272877410468,6.0158878128464084e-05,262.0799804687499,-266.4,284.2047363281249,119.04000244140627,-106.56000366210935,116.93413085937482,67.67995605468741,475.6800781249999,790.662353515625,-339.8399414062501,-120.00009765625009,-64.27518310546884,-278.88000640869143,167.03999023437495,276.460693359375
1763688104.437059,6,3,2,-0.28853499049110487,0.27805868040999626,-3.0178001505502463,0.010928548007162975,0.01772572185730116,-0.00015593894168645863,0,0,0,0,0,0,0,0,0,0,0,0,0,0,0
1763688104.648154,6,3,2,-0.2672304254745976,0.25780667491346243,-3.440491576798442,0.009826703548146208,0.015137927118423978,-7.611256048085978e-05,334.0799804687499,-316.8000244140625,353.9007812499999,152.6400085449219,-128.16000976562498,147.91020507812482,72.48000488281241,598.0799804687499,980.390380859375,-414.2400878906251,-144.0000976562501,-83.63522949218759,-348.4800086975098,198.23994140624995,361.644775390625
1763688104.7411819,6,3,2,-0.3465310161387746,0.2154607337760177,-3.5912950221830915,0.00955973417218797,0.017780307166541102,-0.0005173184770226105,355.6799560546874,-343.1999877929687,381.0047851562499,159.84002075195315,-142.56001129150388,159.52641601562482,74.87990722656241,634.0799804687499,1038.470458984375,-440.6399902343751,-148.8001464843751,-83.63522949218759,-372.4800106048584,212.63996582031245,377.1328125
1763688104.8287847,6,3,2,-0.2963431890481141,0.31811322111460794,-4.039159543413845,0.01229607633297735,0.018431774500980217,0.0002636912675936917,382.0799804687499,-364.8000244140625,404.2369628906249,174.24004516601565,-142.56001129150388,171.14213867187482,74.87990722656241,679.6800781249999,1112.038330078125,-476.6399902343751,-160.8001464843751,-87.50717773437509,-394.08001098632815,227.03999023437495,411.980712890625
1763688105.2376623,6,3,2,-0.6426550366882109,0.22934730903413664,-5.552915784735493,0.007909813887550809,0.03447822192418495,0.0002643087460342036,463.6799560546874,-439.1999877929687,485.5487304687499,212.6400085449219,-168.9600128173828,209.86235351562482,84.48000488281241,816.4801269531249,1332.742431640625,-565.4400390625001,-189.5999511718751,-110.73917236328134,-463.6800170898438,267.84003906249995,501.036865234375
1763688105.2911742,6,3,2,-0.6263026582680902,0.2362925663841461,-5.38474989745598,0.008173569200244122,0.035019761974320225,-6.595626370929902e-05,473.2800537109374,-451.1999877929687,504.9088378906249,215.0400329589844,-173.7600158691406,209.86235351562482,86.87990722656241,835.6800781249999,1367.590576171875,-579.8399414062501,-194.4000000000001,-122.35520019531259,-482.88001403808596,272.63996582031245,508.78076171875
1763688105.386434,6,3,2,-0.5902931366929882,0.24298775560337357,-5.756315299226045,0.00781704179359731,0.03315324226520708,0.0005021952180072958,490.0799804687499,-463.1999877929687,524.2689453124999,224.6400085449219,-173.7600158691406,225.35014648437482,82.07998046874991,862.0799804687499,1402.438232421875,-603.8399414062501,-201.5999511718751,-122.35520019531259,-497.28001556396487,282.23994140624995,524.268798828125
1763688105.5445962,6,3,2,-0.6193025616341932,0.22790744831133092,-6.498712041155596,0.007610354144959405,0.03621808134421518,0.000550987807934633,535.6799560546874,-499.20001831054685,551.3729492187499,246.24004516601565,-176.16000976562498,240.83842773437482,82.07998046874991,929.2799316406249,1506.982666015625,-644.6399902343751,-208.8001464843751,-141.7151855468751,-530.880014038086,299.03999023437495,562.98876953125
1763688105.6372185,6,3,2,-0.8154906657121366,0.1826376959114367,-6.997382029829906,0.004133931269872928,0.04352086365921724,-2.6580514192953847e-05,552.4800048828124,-516.0000061035156,570.7328124999999,251.0400329589844,-183.3600143432617,240.83842773437482,91.67995605468741,958.0799804687499,1572.806396484375,-666.2400878906251,-216.0000976562501,-149.4592041015626,-554.880014038086,311.03999023437495,586.220703125
1763688105.6825728,6,3,2,-0.8177194858369454,0.16264658710025517,-6.827654980705426,0.004521314985020244,0.04366528771399347,-0.00011882088696090745,559.6799560546874,-518.4,574.6048828124999,260.6400085449219,-185.7600158691406,244.71049804687482,98.87990722656241,979.6800781249999,1592.166259765625,-668.6399902343751,-218.4000000000001,-153.33121337890634,-562.0800109863281,313.44001464843745,590.0927734375
1763688105.839142,6,3,2,-0.9782980902767964,0.22714111387471247,-7.824462406356991,0.0020284504228579893,0.04581194825364743,5.716492024654494e-05,622.0799804687499,-561.6000122070312,617.1969238281249,284.6400085449219,-188.16000976562498,267.9424316406248,82.07998046874991,1075.680078125,1708.326416015625,-728.6399902343751,-237.5999511718751,-172.69119873046884,-610.0800262451172,339.84003906249995,648.1728515625
1763688105.9335303,6,3,2,-0.7622955948584631,0.059364510944240556,-8.32078724942998,0.0030490812935167096,0.048523477958337155,0.0006803218400341297,641.2800537109374,-590.4,640.4288574218749,289.43999633789065,-200.16000976562498,275.6865722656248,91.67995605468741,1106.880029296875,1785.766357421875,-743.0401367187501,-240.0000976562501,-184.3072265625001,-631.6800170898438,349.44001464843745,667.53271484375
1763688106.0407436,6,3,2,-0.9666155908578462,0.13716046515996994,-8.768793593207622,0.0016947877078944372,0.046542647966890595,0.000664567060275319,698.8800292968749,-619.2000183105469,671.4049316406249,323.0400329589844,-200.16000976562498,291.1743652343748,91.67995605468741,1210.07998046875,1886.438232421875,-786.2400878906251,-259.2000488281251,-215.2831787109376,-679.6800170898438,359.03999023437495,717.868896484375
1763688106.0837631,6,3,2,-0.9411557009328535,0.08550084562055929,-8.784662011998897,0.002730451154194846,0.04964045523820612,-0.0003478519244951121,706.0799804687499,-633.6000122070312,683.0208984374999,323.0400329589844,-202.56001129150388,295.0464355468748,91.67995605468741,1222.07998046875,1917.414306640625,-798.2400878906251,-261.5999511718751,-219.15518798828134,-684.4800354003906,373.44001464843745,725.61279296875
1763688106.1797225,6,3,2,-0.9117073838335257,-0.024376794082750786,-9.439118232683423,-0.009097502830059636,0.0519331791782291,0.0005494039221624024,746.8800292968749,-660.0000061035156,698.5089355468749,347.0400329589844,-207.3600143432617,295.0464355468748,86.87990722656241,1282.07998046875,1990.982666015625,-822.2400878906251,-271.2000488281251,-230.7712158203126,-718.0800109863281,383.03999023437495,756.5888671875
1763688106.2911565,6,3,2,-1.0895238893196613,-0.05845924303455913,-9.930961360514857,-0.0015626887001689849,0.05934816143784198,0.0002558905628907912,804.4800048828124,-705.6000122070312,744.9728027343749,373.43999633789065,-202.56001129150388,314.4062988281248,74.87990722656241,1380.480126953125,2126.502197265625,-877.4400390625001,-283.2000488281251,-269.4911865234376,-763.6800170898438,402.24006347656245,818.540771484375
1763688106.435112,6,3,2,-1.1562624483575674,-0.12732990921729392,-11.106412668342234,-0.014760774425149017,0.06173800688309147,9.79882635216596e-05,886.0799804687499,-768.0000213623047,787.5648437499999,414.24004516601565,-214.56001510620115,337.6382324218748,72.48000488281241,1512.480126953125,2292.998291015625,-937.4400390625001,-309.5999511718751,-315.9551757812501,-828.4800354003906,435.84003906249995,895.980712890625
1763688106.529263,6,3,2,-1.3786769574192066,-0.3674349565923938,-12.198482728858583,-0.021429102737506568,0.07947449557981999,9.590156285043273e-05,931.6800781249999,-808.8000244140625,814.6688476562499,428.6400085449219,-219.3600143432617,345.3823730468748,89.27993164062491,1589.28017578125,2409.158447265625,-971.0401367187501,-321.5999511718751,-327.57120361328134,-866.880029296875,445.44001464843745,923.084716796875
1763688106.5757842,6,3,2,-1.35613395268807,-0.40709359368707765,-12.31910884335114,-0.022765603436806493,0.07663106268082055,0.00012788306190817354,0,0,0,0,0,0,0,0,0,0,0,0,0,0,0
1763688106.7334542,6,3,2,-1.5166798703463549,-0.5615592655598528,-13.538668603469933,-0.03242057298152048,0.0900089564754512,5.8368472269031656e-05,1022.8800292968749,-873.6000198364258,865.0047851562499,476.6400085449219,-216.9600128173828,360.8701660156248,70.07998046874991,1721.28017578125,2579.526611328125,-1038.240087890625,-343.2000488281251,-393.39517822265634,-941.2800231933594,483.84003906249995,992.78076171875
1763688106.7929733,6,3,2,-1.5256859014600417,-0.5530627277160484,-13.540800613895085,-0.0338469668496393,0.08753701565953514,-0.00018442087215542104,1022.8800292968749,-873.6000198364258,865.0047851562499,476.6400085449219,-216.9600128173828,360.8701660156248,70.07998046874991,1721.28017578125,2579.526611328125,-1038.240087890625,-343.2000488281251,-393.39517822265634,-941.2800231933594,483.84003906249995,992.78076171875
1763688106.9347515,6,3,2,-1.4674628108644232,-0.44562298055836547,-14.627306888440248,-0.028672543979403067,0.08050241436235236,0.0006114853917967046,1133.279931640625,-960.0000232696533,911.4688964843749,519.8400207519531,-228.9600128173828,368.6143066406248,86.87990722656241,1913.28017578125,2823.462646484375,-1112.639990234375,-369.5999511718751,-451.4751953125001,-1044.4800354003905,510.24006347656245,1074.0927734375
1763688107.030304,6,3,2,-1.5161147871836753,-0.5817570469808153,-15.258257766652628,-0.03503334041640886,0.08413483006626007,0.0010749722285450947,1181.279931640625,-998.4000247955322,930.8287597656249,539.0400329589844,-224.16001358032224,368.6143066406248,82.07998046874991,2002.07998046875,2904.774658203125,-1141.4400390625,-386.4000000000001,-482.45120849609384,-1082.880059814453,519.8400390625,1105.06884765625
1763688107.1444066,6,3,2,-1.601471128064516,-0.6663164209088981,-15.781077234296834,-0.04030215309270843,0.08755920489055555,0.0003265660927202199,1176.480126953125,-1000.8000244140625,930.8287597656249,536.6400085449219,-228.9600128173828,372.4863769531248,94.07998046874991,1999.680078125,2908.646240234375,-1139.04013671875,-386.4000000000001,-482.45120849609384,-1082.880059814453,517.4400146484375,1101.19677734375
1763688107.1864243,6,3,2,-1.63695115472797,-0.6976816935542272,-15.797359723185703,-0.040406436813961,0.08833594235320205,0.0003234164197036633,1176.480126953125,-1005.6000255584717,930.8287597656249,536.6400085449219,-231.3600143432617,360.8701660156248,98.87990722656241,2009.28017578125,2920.262451171875,-1139.04013671875,-391.2000488281251,-482.45120849609384,-1087.6800476074218,522.2400634765625,1108.94091796875
1763688107.2935271,6,3,2,-1.4430966496433308,-0.4639047799087318,-15.299972541041711,-0.02883350507508975,0.078996738355585,0.0007625439499387354,1181.279931640625,-998.4000247955322,923.0848632812499,536.6400085449219,-228.9600128173828,364.7422363281248,98.87990722656241,2009.28017578125,2912.518310546875,-1136.639990234375,-388.8001464843751,-482.45120849609384,-1085.2800231933593,522.2400634765625,1105.06884765625
1763688107.4389532,6,3,2,-1.4061643062707905,-0.5088288170755502,-14.767460901767112,-0.031033094245724275,0.07553925137942488,0.00016430999777641755,1178.880029296875,-998.4000247955322,915.3409667968749,536.6400085449219,-231.3600143432617,360.8701660156248,101.27993164062491,2011.680078125,2924.134521484375,-1134.240087890625,-391.2000488281251,-478.5791992187501,-1085.2800231933593,512.6399658203125,1101.19677734375
1763688107.4816566,6,3,2,-1.4039845402512139,-0.5223258761202175,-14.601960148344785,-0.03160909789662912,0.07619186726057552,-9.049690228245602e-05,1178.880029296875,-1003.2000249862671,915.3409667968749,536.6400085449219,-231.3600143432617,360.8701660156248,106.07998046874991,2016.480126953125,2920.262451171875,-1131.840185546875,-388.8001464843751,-486.3232177734376,-1090.080010986328,515.039990234375,1105.06884765625
1763688107.6410992,6,3,2,-1.2038639864545297,-0.3215031819909815,-14.279844247173326,-0.021877341605690787,0.06722722989298029,4.6372287804592044e-05,1162.07998046875,-991.2000245094299,903.7247558593749,527.0400329589844,-231.3600143432617,353.1265136718748,115.67995605468741,1997.28017578125,2904.774658203125,-1119.840185546875,-386.4000000000001,-470.8351806640626,-1087.6800476074218,510.24006347656245,1089.580810546875
1763688107.7337523,6,3,2,-1.1164605155853113,-0.30137745129448373,-14.20905249700534,-0.0214605586206105,0.06152360478438089,6.996952819643583e-05,1169.279931640625,-996.0000247001648,899.8529296874999,531.8400207519531,-236.16001358032224,356.9985839843748,113.27993164062491,2011.680078125,2912.518310546875,-1122.240087890625,-386.4000000000001,-474.70718994140634,-1085.2800231933593,507.84003906249995,1085.708740234375
1763688107.842858,6,3,2,-1.1779625368908235,-0.3979668393456761,-14.107556908047664,-0.025947975967696393,0.06407465038328795,-0.000216725742225813,1171.680078125,-1000.8000244140625,903.7247558593749,531.8400207519531,-233.7600158691406,353.1265136718748,118.07998046874991,2014.07998046875,2920.262451171875,-1127.04013671875,-391.2000488281251,-482.45120849609384,-1090.080010986328,510.24006347656245,1089.580810546875
1763688107.9368565,6,3,2,-1.2436909471800617,-0.3232046433713331,-14.110869273453426,-0.022345708900232436,0.06655425119573466,-5.146127152992185e-05,1171.680078125,-1000.8000244140625,903.7247558593749,529.4400573730469,-233.7600158691406,356.9985839843748,120.48000488281241,2014.07998046875,2920.262451171875,-1124.639990234375,-386.4000000000001,-482.45120849609384,-1087.6800476074218,510.24006347656245,1089.580810546875
1763688107.9814076,6,3,2,-1.240109696739031,-0.3261749147921404,-14.131060355885714,-0.023230092244926535,0.06698203022820387,-0.0005312952798566997,1174.07998046875,-998.4000247955322,915.3409667968749,529.4400573730469,-236.16001358032224,356.9985839843748,118.07998046874991,2021.28017578125,2924.134521484375,-1124.639990234375,-388.8001464843751,-474.70718994140634,-1087.6800476074218,510.24006347656245,1093.452880859375
1763688108.0736444,6,3,2,-1.189049828856995,-0.31906703469265674,-14.139304238816116,-0.020947718334221488,0.06422932863304318,2.149574184649207e-05,1174.07998046875,-1000.8000244140625,903.7247558593749,531.8400207519531,-231.3600143432617,353.1265136718748,120.48000488281241,2026.07998046875,2920.262451171875,-1124.639990234375,-386.4000000000001,-482.45120849609384,-1092.4800354003905,510.24006347656245,1097.32470703125
1763688108.1677148,6,3,2,-1.1831229966191896,-0.3490246785914195,-14.018725215734186,-0.024337513857772115,0.06460422742405397,0.00044334664380855666,1178.880029296875,-1000.8000244140625,907.5968261718749,531.8400207519531,-233.7600158691406,356.9985839843748,118.07998046874991,2026.07998046875,2928.006591796875,-1124.639990234375,-388.8001464843751,-478.5791992187501,-1087.6800476074218,507.84003906249995,1097.32470703125
1763688108.3403594,6,3,2,-1.2211913035628608,-0.32083646598854726,-13.975231823316673,-0.021617718893176145,0.06713692103211827,-7.821065899365348e-05,1178.880029296875,-1005.6000255584717,907.5968261718749,536.6400085449219,-238.56001510620115,349.2544433593748,125.27993164062491,2035.680078125,2939.622314453125,-1131.840185546875,-388.8001464843751,-490.19522705078134,-1097.2800231933593,510.24006347656245,1105.06884765625
1763688108.3704445,6,3,2,-1.2348025364751058,-0.31750239854190276,-13.993508229103366,-0.022250451343811043,0.066298135658542,0.00038118237132187156,1183.680078125,-1008.0000251770019,911.4688964843749,536.6400085449219,-236.16001358032224,349.2544433593748,122.87990722656241,2040.480126953125,2947.366455078125,-1129.4400390625,-396.0000976562501,-486.3232177734376,-1099.6800476074218,510.24006347656245,1105.06884765625
1763688108.529226,6,3,2,-1.3196884925910712,-0.3704660780160223,-14.072219192468975,-0.02529120440936509,0.0708285459948022,-0.0002795577914940185,1198.07998046875,-1015.2000259399414,923.0848632812499,541.4400573730469,-238.56001510620115,349.2544433593748,118.07998046874991,2057.28017578125,2966.726318359375,-1141.4400390625,-398.4000000000001,-494.06717529296884,-1106.880059814453,517.4400146484375,1116.684814453125
1763688108.640268,6,3,2,-1.3448567029675638,-0.410363490860179,-14.193189072398258,-0.025998511931997603,0.07233460774691142,-9.155251325961185e-06,1202.880029296875,-1017.6000255584717,919.2127929687499,541.4400573730469,-231.3600143432617,349.2544433593748,110.87990722656241,2059.680078125,2966.726318359375,-1146.240087890625,-396.0000976562501,-497.9391845703126,-1109.2800231933593,519.8400390625,1116.684814453125
1763688108.841585,6,3,2,-1.339950373812603,-0.44029649306473534,-14.206612000744569,-0.029262254787233394,0.07279916779015877,0.00036540213640738704,1207.680078125,-1024.8000244140626,923.0848632812499,546.2400451660156,-236.16001358032224,360.8701660156248,106.07998046874991,2064.480126953125,2982.214599609375,-1146.240087890625,-398.4000000000001,-505.6832031250001,-1118.880059814453,524.6399658203125,1124.4287109375
1763688108.9366226,6,3,2,-1.3231442659882782,-0.44192592353135135,-14.064496110819224,-0.0272149623171484,0.07233209315703931,0.0002687004422264041,1210.07998046875,-1020.0000251770019,930.8287597656249,543.8400207519531,-231.3600143432617,356.9985839843748,110.87990722656241,2069.28017578125,2982.214599609375,-1148.639990234375,-398.4000000000001,-501.81119384765634,-1116.4800354003905,519.8400390625,1112.812744140625
1763688109.0302422,6,3,2,-1.345758721374298,-0.44673077927354843,-14.099881888616816,-0.027937343277228365,0.07232373445165059,0.0003316283549743117,0,0,0,0,0,0,0,0,0,0,0,0,0,0,0
1763688109.138938,6,3,2,-1.3258884371123827,-0.36898588155867607,-13.856073970725092,-0.025720150265189666,0.07155142997284838,-4.779338272529413e-05,0,0,0,0,0,0,0,0,0,0,0,0,0,0,0
1763688109.2460978,6,3,2,-1.3121909095376998,-0.3794535144015791,-13.938992536989911,-0.025156228883947324,0.0718079126208561,8.231798359414465e-05,1207.680078125,-1024.8000244140626,915.3409667968749,546.2400451660156,-233.7600158691406,356.9985839843748,115.67995605468741,2076.480126953125,2986.086669921875,-1146.240087890625,-398.4000000000001,-505.6832031250001,-1116.4800354003905,515.039990234375,1116.684814453125
1763688109.3431082,6,3,2,-1.282783758937409,-0.4006179834537021,-13.790427254457487,-0.025940197123970922,0.07044033026899199,5.517528927487161e-05,1212.480126953125,-1027.2000259399415,923.0848632812499,548.6400085449219,-228.9600128173828,360.8701660156248,110.87990722656241,2078.880029296875,2997.702392578125,-1151.04013671875,-400.8001464843751,-513.4272216796876,-1121.2800231933593,519.8400390625,1120.556884765625
1763688109.528558,6,3,2,-1.3221200981618777,-0.4080752721780999,-13.860543245366202,-0.0268664194981956,0.07122121648933363,0.00033985187580022613,1212.480126953125,-1024.8000244140626,926.9569335937499,546.2400451660156,-233.7600158691406,353.1265136718748,110.87990722656241,2076.480126953125,2982.214599609375,-1148.639990234375,-403.2000488281251,-505.6832031250001,-1121.2800231933593,519.8400390625,1128.30078125
1763688109.5420487,6,3,2,-1.2972504567958456,-0.43244033721143627,-13.82735241686402,-0.026888498211527976,0.07092630165195138,4.082368530402593e-05,1212.480126953125,-1027.2000259399415,923.0848632812499,551.0400329589844,-228.9600128173828,356.9985839843748,110.87990722656241,2076.480126953125,2986.086669921875,-1148.639990234375,-398.4000000000001,-509.55521240234384,-1118.880059814453,512.6399658203125,1120.556884765625
1763688109.638246,6,3,2,-1.2627629312225086,-0.41219715881149144,-13.81040355253248,-0.02672274042676733,0.07045030416925266,-0.000501744766339832,1202.880029296875,-1020.0000251770019,911.4688964843749,543.8400207519531,-236.16001358032224,356.9985839843748,113.27993164062491,2062.07998046875,2974.470458984375,-1143.840185546875,-398.4000000000001,-509.55521240234384,-1116.4800354003905,517.4400146484375,1116.684814453125
1763688109.744576,6,3,2,-1.2387694301193577,-0.32984204355048846,-13.560892755260356,-0.02325375362890289,0.06768572425194494,-9.270747034183843e-05,1181.279931640625,-1005.6000255584717,899.8529296874999,531.8400207519531,-238.56001510620115,353.1265136718748,120.48000488281241,2030.880029296875,2935.750244140625,-1127.04013671875,-391.2000488281251,-482.45120849609384,-1094.880059814453,505.44001464843745,1093.452880859375
1763688109.8418458,6,3,2,-1.1769380212256986,-0.31525496647206286,-12.945578595245161,-0.020895070712045133,0.06389054815211119,-9.960579729443187e-05,1157.279931640625,-986.400024318695,888.2369628906249,524.6400085449219,-231.3600143432617,349.2544433593748,118.07998046874991,1992.480126953125,2877.670654296875,-1112.639990234375,-384.0000976562501,-470.8351806640626,-1078.080010986328,495.84003906249995,1081.8369140625
1763688109.9368854,6,3,2,-1.0347652420161775,-0.24841815542575924,-12.306561767250761,-0.01654399960526317,0.056708687293165416,0.0002176172178832824,1140.480126953125,-969.600023651123,884.3648925781249,512.6400085449219,-231.3600143432617,353.1265136718748,110.87990722656241,1956.480126953125,2831.206298828125,-1098.240087890625,-376.8001464843751,-470.8351806640626,-1056.4800354003905,495.84003906249995,1070.220703125
1763688110.0417185,6,3,2,-1.0894029076688008,-0.24110728376809631,-11.957157720115214,-0.017576707323216215,0.05860353280863642,0.0003379927790542782,1114.07998046875,-952.8000244140625,876.6207519531249,507.84002075195315,-228.9600128173828,345.3823730468748,115.67995605468741,1920.480126953125,2788.614501953125,-1083.840185546875,-372.0000976562501,-459.2192138671876,-1037.2800231933593,483.84003906249995,1043.11669921875
1763688110.1401157,6,3,2,-1.0253012197258613,-0.11580672677611525,-11.520870972373242,-0.009164682396765211,0.054565003407813055,0.0002838043616118398,0,0,0,0,0,0,0,0,0,0,0,0,0,0,0
1763688110.341746,6,3,2,-0.7998775195839372,0.0007981491780329752,-9.688669204498378,-0.0046960660528549275,0.04474024465095089,0.0003187136007345142,974.8800292968749,-840.0000213623047,791.4369140624999,447.84002075195315,-226.56001510620115,318.2783691406248,120.48000488281241,1699.680078125,2498.214599609375,-980.6399902343751,-333.5999511718751,-366.29117431640634,-924.4800354003906,435.84003906249995,934.700927734375
1763688110.43437,6,3,2,-0.6207824562661619,0.12562992841714926,-8.971993938867463,0.0018532785356323682,0.034284470883098855,0.0001981676668571619,0,0,0,0,0,0,0,0,0,0,0,0,0,0,0
1763688110.7325625,6,3,2,-0.39975815454110597,0.3372212070023176,-6.288443993211999,0.012734159055634445,0.02169372715411972,-0.0002255394578352509,730.0799804687499,-672.0000061035156,663.6607910156249,332.6400085449219,-219.3600143432617,260.1982910156248,125.27993164062491,1291.680078125,1979.366455078125,-781.4400390625001,-256.8001464843751,-226.89920654296884,-720.4800354003906,359.03999023437495,729.48486328125
1763688110.8423896,6,3,2,-0.23083311959794467,0.4532040816793349,-5.348234898151194,0.02126768106677867,0.014005876105611255,-0.000256114575391597,655.6799560546874,-602.4,609.4527832031249,301.43999633789065,-209.76001205444334,248.58256835937482,122.87990722656241,1154.880029296875,1789.638427734375,-719.0401367187501,-237.5999511718751,-192.05118408203134,-653.2800231933594,325.44001464843745,663.660888671875
1763688111.1411269,6,3,2,-0.1377126441222194,0.5194971589229206,-3.2739949734692324,0.019562244906564368,-0.0023224477494380126,-0.00039257976323704377,504.4800048828124,-480.0000061035156,489.4208007812499,229.43999633789065,-185.7600158691406,194.37456054687482,110.87990722656241,910.0799804687499,1406.310302734375,-567.8399414062501,-187.2000488281251,-130.0992187500001,-518.880014038086,260.63996582031245,520.396728515625
1763688111.2466815,6,3,2,0.09543124377846704,0.5315667943012172,-2.9588454510912845,0.022610366396125826,0.0020175646539359014,0.00012286347080504184,449.2800537109374,-439.1999877929687,454.5729003906249,203.0400329589844,-173.7600158691406,186.63041992187482,108.48000488281241,816.4801269531249,1301.766357421875,-531.8399414062501,-175.2000488281251,-114.61118164062509,-468.48001251220705,253.44001464843745,470.060791015625
1763688111.5278487,6,3,2,-0.12026355827213257,0.502283986499845,-1.8242679845727758,0.02036221412513551,-0.003500078379397512,-0.0007300627934119306,350.8800292968749,-352.8000244140625,365.5167480468749,159.84002075195315,-147.3600143432617,144.03813476562482,91.67995605468741,653.2799316406249,1042.342529296875,-428.6399902343751,-144.0000976562501,-75.89121093750009,-374.88001070022585,200.63996582031245,369.388916015625
1763688111.640673,6,3,2,-0.09611808388191703,0.572988015341751,-1.5221909022767917,0.02264908842372424,0.0036484212440850844,-0.0005387350561820879,317.2799316406249,-323.9999755859375,322.9249511718749,140.6400085449219,-137.7600158691406,124.67827148437482,91.67995605468741,583.6800781249999,941.67041015625,-387.8399414062501,-132.0000976562501,-68.14719238281259,-346.08001098632815,181.44001464843745,330.668701171875
1763688111.7348528,6,3,2,0.11210459377976753,0.525483574502368,-1.2895655360468201,0.022429444004518496,-0.0035448588329251075,-0.0002987912906086431,293.2799316406249,-302.4,303.5648437499999,128.6400085449219,-132.9600128173828,124.67827148437482,94.07998046874991,545.2799316406249,883.59033203125,-359.0401367187501,-120.00009765625009,-68.14719238281259,-326.8800102233887,171.84003906249995,307.436767578125
1763688111.843144,6,3,2,-0.021081399283184227,0.4058747186238316,-1.1086014306879874,0.020261807277172007,-0.00021935748949298683,-0.0013261946019397296,266.8800292968749,-283.1999877929687,284.2047363281249,114.24001464843752,-125.7600158691406,105.31840820312482,89.27993164062491,497.2799316406249,825.510498046875,-330.2400878906251,-110.40000000000009,-56.53122558593759,-298.08001098632815,159.84003906249995,272.5888671875
1763688111.937801,6,3,2,0.01588973304291627,0.41524285916287407,-0.9262523074180751,0.01989503176819174,-0.0006170633895491769,-0.0014201368390312221,252.4800048828124,-268.8000244140625,260.9728027343749,116.6400085449219,-120.96001281738279,97.57426757812482,84.48000488281241,470.8800292968749,763.558349609375,-311.0401367187501,-105.59995117187509,-48.78720703125009,-281.28000793457034,155.03999023437495,268.716796875
1763688112.0295784,6,3,2,0.06325327711502962,0.42244102990086396,-0.7785052103989513,0.01917520374773741,-0.0018634898700924459,-0.00144985508706775,240.4800048828124,-254.39999999999998,241.6129394531249,109.44002685546877,-108.96001281738279,93.70219726562482,77.27993164062491,444.4801269531249,724.83837890625,-296.6399902343751,-98.40000000000009,-56.53122558593759,-269.28000793457034,143.03999023437495,241.61279296875
1763688112.340698,6,3,2,0.06556623982264309,0.3601111460770537,-0.34989215082782765,0.01662985072264435,-0.003083050594977534,-0.0012244960806348823,190.0799804687499,-213.60001220703123,195.1488281249999,83.04000244140627,-96.96001281738279,70.47026367187482,72.48000488281241,367.6800781249999,597.0625,-234.2400878906251,-76.80014648437509,-37.17124023437509,-226.08001098632815,121.44001464843745,199.020751953125
1763688112.4352157,6,3,2,0.0037146854297471082,0.2664371293100672,-0.42464717837326216,0.01414583661953401,-0.0018310310840955594,-0.0012532091456719456,190.0799804687499,-201.60001220703123,191.2767578124999,83.04000244140627,-89.7600158691406,74.34233398437482,60.48000488281241,348.4801269531249,562.21435546875,-231.8399414062501,-84.00009765625009,-44.91519775390634,-206.8799987792969,116.63996582031245,187.40478515625
1763688112.5409682,6,3,2,-0.06793144296101221,0.2293786019069582,-0.4490259779597432,0.012295754560080996,0.0014696122780287978,-0.0008747128637950283,173.2799316406249,-191.99997558593748,168.0448242187499,75.84002075195315,-84.96001281738279,58.85429687499982,62.87990722656241,324.4801269531249,527.366455078125,-207.8399414062501,-67.20004882812509,-41.04318847656259,-199.6800018310547,104.63996582031245,171.916748046875
1763688112.635322,6,3,2,0.048086188206923355,0.28111142384662796,-0.266738677128264,0.012138681112265532,-0.0015790935113146173,-0.0010506858210350466,163.6799560546874,-182.39999999999998,164.1727539062499,75.84002075195315,-75.36000671386716,51.11040039062482,58.07998046874991,314.8800292968749,508.00634765625,-205.4400390625001,-69.59995117187509,-52.65921630859384,-192.48000488281252,104.63996582031245,160.30078125
1763688112.7459574,6,3,2,-0.04611269265168792,0.2034588324393627,-0.22844693247281314,0.009118278480880215,0.003131090807526236,-0.0008072782153362465,161.2799316406249,-172.79996337890623,152.5567871093749,71.04000244140627,-75.36000671386716,51.11040039062482,58.07998046874991,300.4801269531249,480.90234375,-195.8399414062501,-67.20004882812509,-52.65921630859384,-187.6800018310547,97.44001464843745,152.556884765625
1763688113.636273,6,3,2,-0.33704189924917505,0.742872405506937,0.26946719465175284,0.01425277013545738,0.006609641958978904,-0.0012774782213246386,103.67995605468741,-124.79996337890623,94.47695312499991,37.44002685546877,-46.56000366210935,24.006396484374818,48.48000488281241,192.4800048828124,314.406494140625,-126.24008789062509,-36.00009765625009,-33.29916992187509,-120.48000488281252,68.63996582031245,82.86083984375
1763688115.0487714,6,3,2,-0.15051198142895197,0.10043310089771267,0.20220752290847221,0.002825761156768269,0.007082474303827227,-0.000514079006173445,91.67995605468741,-105.60001220703123,78.98891601562491,37.44002685546877,-32.16000976562498,16.262255859374818,31.67995605468741,161.2800537109374,267.9423828125,-114.24008789062509,-33.59995117187509,-44.91519775390634,-106.08001098632815,56.639965820312455,67.372802734375
1763688119.6306174,6,3,2,-0.07923626439940037,0.10368192153980445,-0.33590338295652583,0.003704877180681027,0.007356563768540142,-0.0005467078159425292,98.88002929687491,-119.99997558593748,94.47695312499991,39.84002075195315,-39.360006713867165,27.878466796874818,36.48000488281241,192.4800048828124,326.0224609375,-140.6399902343751,-48.00009765625009,-44.91519775390634,-125.27999267578127,73.44001464843745,86.73291015625
1763688119.834704,6,3,2,-0.1435884691596016,0.10215195163761233,-0.6022344335716414,0.0042501599763347464,0.009764113680168544,-0.0007166244261605711,120.48000488281241,-139.19998779296873,121.58095703124991,49.44002685546877,-48.96001281738279,35.62236328124982,38.87990722656241,230.8800292968749,391.846435546875,-167.0401367187501,-57.59995117187509,-44.91519775390634,-142.07999572753909,83.03999023437495,109.96484375
1763688119.9412832,6,3,2,-0.09563908866110915,0.2304101844139818,-0.9779957379137956,0.007898108956907478,0.009143185422025291,1.3423292347355563e-05,146.8800292968749,-163.19998779296873,148.6849609374999,66.24001464843752,-58.56000366210935,54.98247070312482,38.87990722656241,274.0799804687499,453.79833984375,-195.8399414062501,-64.80014648437509,-48.78720703125009,-170.8799987792969,99.84003906249995,137.06884765625
1763688120.0373492,6,3,2,-0.24275038440170082,0.18027714514018695,-1.261728360985543,0.00735894498628447,0.01187849256224496,-8.447195298157887e-05,163.6799560546874,-172.79996337890623,164.1727539062499,78.24001464843752,-63.360006713867165,70.47026367187482,41.27993164062491,295.6800781249999,492.5185546875,-219.8399414062501,-72.00009765625009,-52.65921630859384,-182.8799987792969,109.44001464843745,168.044921875
1763688120.1315725,6,3,2,-0.2667490686254724,0.22787699423759383,-1.4269689216985497,0.008836288327751206,0.015357636446086401,-0.00014032096468568787,194.8800292968749,-194.39999999999998,199.0208984374999,85.44002685546877,-75.36000671386716,82.08623046874982,43.67995605468741,343.6800781249999,569.95849609375,-248.6399902343751,-84.00009765625009,-60.40317382812509,-209.28000793457034,121.44001464843745,199.020751953125
1763688120.2396083,6,3,2,-0.28261976058892935,0.24294107354515454,-1.816297147636627,0.008325998323055181,0.016654354184290628,-0.00012621120379795897,221.2799316406249,-218.39999999999998,241.6129394531249,102.24001464843752,-77.7600158691406,101.44633789062482,46.07998046874991,398.8800292968749,651.2705078125,-287.0401367187501,-98.40000000000009,-60.40317382812509,-235.6800018310547,143.03999023437495,226.124755859375
1763688120.3330486,6,3,2,-0.28037432228799986,0.1792971418167679,-2.128177518567425,0.006671134333796805,0.019958610672677953,-0.00039490207411779993,245.2799316406249,-242.39999999999998,253.2289062499999,114.24001464843752,-87.36000671386716,113.06254882812482,58.07998046874991,437.2799316406249,713.222412109375,-311.0401367187501,-110.40000000000009,-75.89121093750009,-254.88000640869143,150.23994140624995,257.100830078125
1763688120.5382972,6,3,2,-0.27975897195044114,0.18506839192593202,-2.860139073227335,0.008197763395994954,0.018019730759740293,-0.0003379116903258145,307.6799560546874,-285.6000122070312,315.1808105468749,140.6400085449219,-104.16000976562498,140.16655273437482,58.07998046874991,540.4801269531249,852.614501953125,-373.4400390625001,-132.0000976562501,-83.63522949218759,-312.4800048828125,176.63996582031245,326.796875
1763688120.7411132,6,3,2,-0.36082163084398766,0.22444528212964335,-3.60852954140128,0.00656178433104977,0.023460812426873465,-0.00014511757897545108,358.0799804687499,-333.6000122070312,381.0047851562499,171.84002075195315,-125.7600158691406,159.52641601562482,60.48000488281241,634.0799804687499,1022.982421875,-445.4400390625001,-153.5999511718751,-99.12320556640634,-362.8800102233887,205.44001464843745,384.876708984375
1763688121.0392878,6,3,2,-0.4816098118921156,0.21416550820483396,-4.526952699187884,0.0076766786124813895,0.02656544729313865,8.120511766788194e-05,437.2800537109374,-395.9999755859375,454.5729003906249,198.24004516601565,-149.76000823974607,198.24614257812482,70.07998046874991,758.8800292968749,1220.454345703125,-524.6399902343751,-184.8001464843751,-114.61118164062509,-430.08001098632815,243.84003906249995,462.31689453125
1763688121.1343799,6,3,2,-0.569701948347075,0.1692328859579558,-4.947104569587955,0.007326817612777163,0.028867175658890284,0.0003254413901888839,449.2800537109374,-415.1999877929687,470.0609374999999,210.24004516601565,-159.3600143432617,198.24614257812482,74.87990722656241,790.0799804687499,1266.91845703125,-543.8399414062501,-182.4000000000001,-114.61118164062509,-449.28001556396487,255.84003906249995,473.932861328125
1763688121.1929722,6,3,2,-0.5583434411640842,0.16307946199216528,-5.068244968347377,0.00657086275868629,0.028930806257716137,0.0003575389315119428,458.8800292968749,-427.1999877929687,477.8048339843749,212.6400085449219,-161.76000823974607,202.11821289062482,72.48000488281241,804.4801269531249,1294.022216796875,-555.8399414062501,-189.5999511718751,-126.22720947265634,-458.88001403808596,258.23994140624995,493.292724609375
1763688121.3362038,6,3,2,-0.5827768711212069,0.19074560541324426,-5.629776663390503,0.005747750985708393,0.03326871506521729,0.00038656435065315044,494.8800292968749,-458.4,508.7809082031249,222.24004516601565,-164.16000976562498,225.35014648437482,77.27993164062491,862.0799804687499,1386.950439453125,-594.2400878906251,-201.5999511718751,-126.22720947265634,-494.88001403808596,277.44001464843745,528.140869140625
1763688121.4311514,6,3,2,-0.6466179631355549,0.173327463658016,-5.976954157340288,0.0063480542453897785,0.03238412227361297,0.0006577629946289102,521.2800537109374,-475.1999877929687,528.1407714843749,239.0400329589844,-166.56001129150388,225.35014648437482,72.48000488281241,900.4801269531249,1445.030517578125,-620.6399902343751,-211.2000488281251,-145.58719482421884,-511.6800170898438,291.84003906249995,551.372802734375
1763688121.5407135,6,3,2,-0.7356638943764949,0.10654151329710038,-6.324357333833266,0.003780574857931464,0.038236181529266014,0.00029555155440016013,545.2800537109374,-499.20001831054685,547.5008789062499,248.6400085449219,-176.16000976562498,233.09428710937482,84.48000488281241,948.4801269531249,1514.726318359375,-644.6399902343751,-213.5999511718751,-145.58719482421884,-540.4800201416016,299.03999023437495,574.604736328125
1763688121.6349516,6,3,2,-0.6549715733448322,0.18462841276890687,-6.857831468455085,0.005473116542351424,0.035894386142863687,0.0006518349959495477,571.6799560546874,-520.7999938964844,570.7328124999999,267.84002075195315,-176.16000976562498,256.3262207031248,77.27993164062491,989.2799316406249,1576.678466796875,-673.4400390625001,-223.2000488281251,-161.0751708984376,-559.6800170898438,313.44001464843745,601.708740234375
1763688121.677449,6,3,2,-0.6377908673951115,0.16518965412692907,-6.79078117390183,0.005325410712892201,0.03557728987775831,5.1228573636077825e-05,581.2800537109374,-532.7999938964844,586.2208496093749,275.0400329589844,-180.9600128173828,248.58256835937482,82.07998046874991,1008.4801269531249,1607.654541015625,-685.4400390625001,-225.5999511718751,-161.0751708984376,-574.0800109863281,313.44001464843745,609.452880859375
1763688121.7857132,6,3,2,-0.7673799965118082,0.16050934522574578,-7.2554221737642415,0.0027157348577625494,0.042217743361748356,-0.00020174462538287245,619.6799560546874,-561.6000122070312,609.4527832031249,284.6400085449219,-185.7600158691406,264.0703613281248,82.07998046874991,1066.07998046875,1688.966552734375,-714.2400878906251,-235.2000488281251,-184.3072265625001,-607.6800170898438,332.63996582031245,644.30078125
1763688121.943645,6,3,2,-0.8936039916836933,0.08613609694072163,-8.248456684316773,-0.0016104337709618097,0.04893173609024728,0.00021515441911616317,672.4800048828124,-602.4,652.0448242187499,311.0400329589844,-197.7600158691406,267.9424316406248,94.07998046874991,1166.880029296875,1820.614501953125,-757.4400390625001,-252.0000976562501,-199.79520263671884,-653.2800231933594,349.44001464843745,698.5087890625
1763688122.0656934,6,3,2,-0.7378972548720999,0.052295744030157576,-8.710348990783784,-0.003788746991105516,0.0421725114603212,0.00019762530939014446,682.0799804687499,-616.8000244140625,655.9168945312499,315.84002075195315,-202.56001129150388,275.6865722656248,94.07998046874991,1186.07998046875,1851.590576171875,-767.0401367187501,-259.2000488281251,-211.4112304687501,-665.2800231933594,354.24006347656245,706.2529296875
1763688122.1121945,6,3,2,-0.7042541924593057,0.08276063331702377,-8.777532508335913,-0.003379761575372578,0.04177860919125537,0.00040701175060419694,725.2800537109374,-650.4,683.0208984374999,335.0400329589844,-200.16000976562498,295.0464355468748,94.07998046874991,1262.880029296875,1956.134521484375,-810.2400878906251,-264.0000976562501,-234.64322509765634,-706.0800109863281,378.24006347656245,748.8447265625
1763688122.53995,6,3,2,-1.1303963791341,-0.13976168915717074,-11.870876574883805,-0.01171200740091426,0.06221541498196987,0.0010120233258370604,929.2799316406249,-823.2000183105469,810.7967773437499,431.0400329589844,-226.56001510620115,333.7661621093748,115.67995605468741,1598.880029296875,2444.006591796875,-971.0401367187501,-316.8001464843751,-335.31522216796884,-886.0800415039063,445.44001464843745,907.596923828125
1763688122.632915,6,3,2,-1.1120581445616347,-0.08055317600120193,-12.519215778435509,-0.01377830584602056,0.06287303007156293,0.0009226007199550149,989.2799316406249,-859.2000183105469,826.2848144531249,457.4400573730469,-224.16001358032224,341.5103027343748,110.87990722656241,1692.480126953125,2548.550537109375,-1007.0401367187501,-333.5999511718751,-366.29117431640634,-931.6800476074219,464.63996582031245,957.932861328125
1763688122.7423704,6,3,2,-1.3429341875024008,-0.2515027208374117,-13.228787157421172,-0.020379370258686517,0.07043511902636632,-0.000358126994220157,1030.07998046875,-892.8000244140625,849.5167480468749,471.84002075195315,-228.9600128173828,349.2544433593748,115.67995605468741,1766.880029296875,2641.478271484375,-1043.04013671875,-338.4000000000001,-397.2671875000001,-970.0800109863281,479.03999023437495,981.164794921875
1763688122.8361917,6,3,2,-1.139438950022249,-0.29106254001398757,-13.638357412755697,-0.012505972259115834,0.06380819999174528,-7.82133490959758e-05,1085.279931640625,-943.2000221252441,872.7489257812499,491.0400329589844,-233.7600158691406,349.2544433593748,127.67995605468741,1867.680078125,2757.638427734375,-1067.04013671875,-357.5999511718751,-420.49918212890634,-1015.6800476074219,488.63996582031245,1019.884765625
1763688122.9459958,6,3,2,-1.3634036529066909,-0.3042548692140398,-14.70123494655705,-0.02289808916987394,0.0703919918148756,0.0009078065644522381,1152.480126953125,-988.8000244140625,888.2369628906249,519.8400207519531,-231.3600143432617,353.1265136718748,125.27993164062491,1987.680078125,2893.158447265625,-1112.639990234375,-376.8001464843751,-466.96317138671884,-1075.6800476074218,510.24006347656245,1077.96484375
1763688123.038277,6,3,2,-1.4274918260661251,-0.4135428799856902,-15.427294726169013,-0.024973217626407987,0.0846034674218694,0.001277944316789511,1207.680078125,-1034.400026702881,919.2127929687499,555.8400207519531,-231.3600143432617,364.7422363281248,115.67995605468741,2083.680078125,3001.574462890625,-1153.4400390625,-396.0000976562501,-509.55521240234384,-1128.4800354003905,527.039990234375,1116.684814453125
1763688123.3441868,6,3,2,-1.7355962127870832,-0.747430887018674,-18.500137590851875,-0.04383161710950528,0.09209432829824393,0.0009123535728451371,1394.880029296875,-1173.6000274658204,981.1646972656249,618.2400451660156,-231.3600143432617,368.6143066406248,122.87990722656241,2398.080224609375,3369.414306640625,-1256.639990234375,-441.5999511718751,-621.8432067871095,-1289.2800231933593,570.2400634765625,1248.3330078125
1763688123.4320295,6,3,2,-1.7269144717725196,-0.792908491012203,-18.715815081185873,-0.04665234636670072,0.09533184958285576,0.0005931036345792721,1411.680078125,-1180.8000244140626,985.0367675781249,625.4400573730469,-228.9600128173828,368.6143066406248,125.27993164062491,2422.080224609375,3384.902587890625,-1261.4400390625,-446.4000000000001,-629.5871948242188,-1298.880059814453,575.039990234375,1252.20458984375
1763688123.6350276,6,3,2,-1.6232618792458373,-0.6548991136307625,-18.153717677727865,-0.04074223585824596,0.08829585417319041,0.0009618333475220784,1409.279931640625,-1183.200033569336,977.2926269531249,625.4400573730469,-228.9600128173828,368.6143066406248,127.67995605468741,2426.880029296875,3384.902587890625,-1256.639990234375,-451.2000488281251,-629.5871948242188,-1298.880059814453,567.8400390625,1259.94873046875
1763688123.7453747,6,3,2,-1.5782038227892583,-0.719171060827511,-17.568715169829243,-0.0414196062693943,0.087605857808861,0.0007821849462323607,1414.07998046875,-1185.6000274658204,977.2926269531249,625.4400573730469,-233.7600158691406,364.7422363281248,142.0799804687499,2441.279931640625,3400.390380859375,-1259.04013671875,-456.0000976562501,-633.4592041015626,-1306.0800720214843,565.4400146484375,1248.3330078125
1763688123.8363967,6,3,2,-1.5184545019356785,-0.6592395917884535,-17.774666159633373,-0.03858529924370037,0.08279218294981786,0.0010270699726832502,1414.07998046875,-1190.4000305175782,977.2926269531249,623.0400329589844,-233.7600158691406,364.7422363281248,132.4800048828124,2446.080224609375,3404.262451171875,-1261.4400390625,-451.2000488281251,-633.4592041015626,-1308.4800354003905,572.6399658203125,1259.94873046875
1763688124.1354604,6,3,2,-1.5130196307113821,-0.634154817389162,-17.172523161997574,-0.03921937599143712,0.08336466056681671,0.0007681947961978262,1421.279931640625,-1192.8000396728517,977.2926269531249,627.8400207519531,-236.16001358032224,364.7422363281248,137.2799316406249,2453.279931640625,3419.750244140625,-1263.840185546875,-453.5999511718751,-641.203192138672,-1310.880059814453,565.4400146484375,1252.20458984375
1763688124.3406374,6,3,2,-1.529974419352217,-0.6450052931589305,-17.19863237674504,-0.03746312342774747,0.08306767938371744,0.001002070703906793,0,0,0,0,0,0,0,0,0,0,0,0,0,0,0
1763688124.436063,6,3,2,-1.4534594588868188,-0.6209721484845762,-16.85929584499525,-0.03663430560767071,0.08012132682884562,0.0006546338193511312,1423.680078125,-1195.200033569336,969.5489746093749,632.6400085449219,-233.7600158691406,364.7422363281248,137.2799316406249,2465.279931640625,3415.878662109375,-1263.840185546875,-456.0000976562501,-645.0752014160157,-1318.0800720214843,567.8400390625,1263.82080078125
1763688124.635717,6,3,2,-1.4878941762023024,-0.5849727916483707,-16.841919856083138,-0.036338178392293835,0.0813453749832973,0.0012067055021318784,1430.880029296875,-1195.200033569336,977.2926269531249,630.2400451660156,-233.7600158691406,360.8701660156248,142.0799804687499,2470.080224609375,3427.494384765625,-1263.840185546875,-456.0000976562501,-641.203192138672,-1315.6800476074218,567.8400390625,1267.69287109375
1763688124.7431211,6,3,2,-1.4517002437457946,-0.6115657890140322,-16.75953239715571,-0.036860631692692686,0.08011035698479109,0.0007666251593919727,1430.880029296875,-1200.0000366210938,981.1646972656249,627.8400207519531,-233.7600158691406,356.9985839843748,142.0799804687499,2465.279931640625,3427.494384765625,-1261.4400390625,-460.8001464843751,-641.203192138672,-1320.4800354003905,570.2400634765625,1263.82080078125
1763688124.8361652,6,3,2,-1.4263489992699336,-0.6125252129971115,-16.759760517412712,-0.03666892067637669,0.07904147348776788,0.0015489110871128395,1428.480126953125,-1197.6000274658204,977.2926269531249,632.6400085449219,-231.3600143432617,356.9985839843748,142.0799804687499,2470.080224609375,3419.750244140625,-1261.4400390625,-458.4000000000001,-641.203192138672,-1320.4800354003905,572.6399658203125,1259.94873046875
1763688124.9313104,6,3,2,-1.4572677897081703,-0.6062972547216319,-16.669511758546655,-0.035428825310622275,0.07924793932976196,0.001273508437268694,1433.279931640625,-1197.6000274658204,973.4210449218749,630.2400451660156,-231.3600143432617,360.8701660156248,144.4800048828124,2474.880029296875,3419.750244140625,-1259.04013671875,-456.0000976562501,-652.8191894531251,-1318.0800720214843,570.2400634765625,1271.56494140625
1763688125.133992,6,3,2,-1.4258727072952966,-0.5917456927890232,-16.623639807403986,-0.03646771928073758,0.0786849238017918,0.0010492325177696195,1428.480126953125,-1192.8000396728517,969.5489746093749,630.2400451660156,-231.3600143432617,364.7422363281248,144.4800048828124,2477.279931640625,3431.366455078125,-1261.4400390625,-463.2000488281251,-648.9472106933595,-1320.4800354003905,565.4400146484375,1263.82080078125
1763688125.2459352,6,3,2,-1.373863271250891,-0.5790864319615241,-16.506402238342492,-0.03631496238771505,0.07750311131183484,0.0009337566980273078,1428.480126953125,-1200.0000366210938,969.5489746093749,632.6400085449219,-233.7600158691406,364.7422363281248,144.4800048828124,2477.279931640625,3427.494384765625,-1266.240087890625,-460.8001464843751,-645.0752014160157,-1325.2800231933593,567.8400390625,1259.94873046875
1763688125.340869,6,3,2,-1.4014672836552133,-0.5822336632195664,-16.334195588265214,-0.03580100040995609,0.07731016941476877,0.00037244579852214327,1430.880029296875,-1200.0000366210938,969.5489746093749,632.6400085449219,-231.3600143432617,353.1265136718748,149.2799316406249,2479.680322265625,3439.110595703125,-1261.4400390625,-463.2000488281251,-652.8191894531251,-1327.6800476074218,570.2400634765625,1259.94873046875
1763688125.4310946,6,3,2,-1.4057504864054424,-0.5760419054791649,-16.48101337403393,-0.03476204512087411,0.07621320195474693,0.0010274152333731388,1433.279931640625,-1202.4000305175782,965.6769042968749,632.6400085449219,-233.7600158691406,353.1265136718748,144.4800048828124,2484.480126953125,3431.366455078125,-1263.840185546875,-460.8001464843751,-648.9472106933595,-1325.2800231933593,570.2400634765625,1263.82080078125
1763688125.7425354,6,3,2,-1.4320492260217081,-0.5671787477363782,-16.464921365965697,-0.03469837874370242,0.07793503599308495,0.0012677350639530597,1435.680078125,-1204.8000396728517,973.4210449218749,632.6400085449219,-233.7600158691406,353.1265136718748,149.2799316406249,2489.279931640625,3435.238525390625,-1266.240087890625,-458.4000000000001,-645.0752014160157,-1327.6800476074218,565.4400146484375,1259.94873046875
1763688125.8373985,6,3,2,-1.4303017038772063,-0.585318831762083,-16.415226761832237,-0.03517059844000828,0.07736551535921621,0.0008939706077064407,1433.279931640625,-1202.4000305175782,973.4210449218749,632.6400085449219,-233.7600158691406,356.9985839843748,146.8799072265624,2491.680322265625,3442.982666015625,-1263.840185546875,-465.5999511718751,-652.8191894531251,-1327.6800476074218,563.039990234375,1271.56494140625
1763688126.0405765,6,3,2,-1.3840375814244594,-0.5121796588779588,-16.013624441748355,-0.031073975762707585,0.07556713386413196,0.0009700737959379979,1411.680078125,-1183.200033569336,954.0606933593749,623.0400329589844,-233.7600158691406,356.9985839843748,146.8799072265624,2448.480126953125,3400.390380859375,-1249.4400390625,-456.0000976562501,-641.203192138672,-1308.4800354003905,555.8400390625,1248.3330078125
1763688126.2438943,6,3,2,-1.2716564695225359,-0.5112016999120791,-15.102203348625588,-0.030233798321504593,0.0705079177788557,0.0008284062494128335,1375.680078125,-1156.8000244140626,950.1886230468749,611.0400329589844,-238.56001510620115,353.1265136718748,142.0799804687499,2381.279931640625,3311.334228515625,-1227.840185546875,-446.4000000000001,-614.099188232422,-1272.4800354003905,548.6399658203125,1217.35693359375
1763688126.4330747,6,3,2,-0.9379574631773241,-0.1913412770049704,-13.461490145104593,-0.015013702115733607,0.0523757345748069,0.000821606140722444,1286.880029296875,-1080.0000289916993,907.5968261718749,572.6400085449219,-236.16001358032224,345.3823730468748,156.4800048828124,2234.880029296875,3129.350341796875,-1167.840185546875,-422.4000000000001,-559.8912109375001,-1198.0800720214843,517.4400146484375,1159.27685546875
1763688126.5424688,6,3,2,-0.854458795079971,-0.18550269419067564,-12.563322472749759,-0.01347618132610847,0.04776272999576762,0.0005998994948243391,1226.880029296875,-1041.6000274658204,876.6207519531249,548.6400085449219,-236.16001358032224,333.7661621093748,158.8799072265624,2129.28017578125,3001.574462890625,-1127.04013671875,-403.2000488281251,-521.1711791992188,-1142.880059814453,498.24006347656245,1105.06884765625
1763688126.731524,6,3,2,-0.5212381462182202,0.08695803987591977,-10.24849348427853,0.0018965810630800807,0.028978459906925894,0.00044768541273546535,1109.279931640625,-945.600023651123,834.0289550781249,500.6400085449219,-236.16001358032224,322.1504394531248,161.2799316406249,1930.07998046875,2753.766357421875,-1040.639990234375,-367.2000488281251,-447.60318603515634,-1044.4800354003905,462.24006347656245,1016.0126953125
1763688126.8430011,6,3,2,-0.41044750529003016,0.1414904497756847,-9.333191823941377,0.003694562952157192,0.023089851811010087,0.0006976185272568913,1030.07998046875,-885.6000198364258,791.4369140624999,462.24004516601565,-231.3600143432617,314.4062988281248,149.2799316406249,1800.480126953125,2587.270263671875,-987.8401855468751,-343.2000488281251,-397.2671875000001,-974.8800598144531,438.24006347656245,957.932861328125
1763688126.936158,6,3,2,-0.4568522855509524,0.1686202092327209,-8.250725703152568,0.005199780363435668,0.02514436649928993,-0.0001617152055900439,953.2799316406249,-837.6000122070312,752.7169433593749,428.6400085449219,-238.56001510620115,291.1743652343748,166.0799804687499,1687.680078125,2447.878662109375,-935.0401367187501,-321.5999511718751,-358.5472167968751,-910.0800109863281,419.03999023437495,892.10888671875
1763688127.0442908,6,3,2,-0.2768192601064563,0.4027507134092525,-7.2325118850225625,0.016426893055710344,0.01551140509605938,0.00022738163418514583,864.4800048828124,-770.400015258789,725.6129394531249,390.24004516601565,-231.3600143432617,283.4302246093748,144.4800048828124,1526.880029296875,2254.278564453125,-879.8399414062501,-295.2000488281251,-308.21121826171884,-840.4800354003906,390.24006347656245,834.02880859375
1763688127.140367,6,3,2,-0.33867754144104995,0.37344028948341684,-6.357584892106532,0.016726501076275345,0.01934837332080358,-0.00039318920426275033,804.4800048828124,-720.0000061035156,683.0208984374999,363.84002075195315,-224.16001358032224,267.9424316406248,139.6799560546874,1418.880029296875,2107.142333984375,-827.0401367187501,-276.0000976562501,-265.61917724609384,-785.2800231933594,366.24006347656245,783.69287109375
1763688127.3445654,6,3,2,-0.1041355018946053,0.5119266573917807,-4.559941830579277,0.021187139031446534,0.010094043968065127,-0.0005288700239117227,643.6799560546874,-600.0000061035156,590.0929199218749,291.84002075195315,-207.3600143432617,236.96635742187482,130.0799804687499,1145.279931640625,1762.534423828125,-699.8399414062501,-228.0000976562501,-195.9231933593751,-643.6800170898438,315.84003906249995,644.30078125
1763688127.440621,6,3,2,-0.11761694554397745,0.5055504740490984,-3.795342718685313,0.022905668677001837,0.008351882101636964,0.000221108505119543,576.4800048828124,-540.0000061035156,535.8849121093749,263.0400329589844,-202.56001129150388,209.86235351562482,127.67995605468741,1027.680078125,1588.294677734375,-635.0401367187501,-208.8001464843751,-153.33121337890634,-583.6800170898438,287.03999023437495,582.348876953125
1763688127.643281,6,3,2,-0.06312696992163261,0.4940549827759524,-2.860523440808326,0.01573855824426492,0.003392627331494676,-0.0005712221932262973,497.2800537109374,-475.1999877929687,473.9327636718749,227.0400329589844,-178.56001129150388,182.75834960937482,113.27993164062491,878.8800292968749,1394.694580078125,-560.6399902343751,-187.2000488281251,-133.97122802734384,-514.0800109863281,258.23994140624995,497.164794921875
1763688127.7363613,6,3,2,0.11734733167461772,0.49489883547132807,-2.5587526087962296,0.025468256627171473,-0.0006840261599000141,-0.000344678907492286,451.6799560546874,-434.4,442.9569335937499,200.6400085449219,-178.56001129150388,171.14213867187482,115.67995605468741,811.6800781249999,1290.150634765625,-522.2400878906251,-175.2000488281251,-114.61118164062509,-470.88001403808596,241.44001464843745,466.188720703125
1763688127.8467617,6,3,2,-0.10809562524127272,0.5965717839038533,-2.2002585665073293,0.02002276277490338,-0.0012584997103061626,0.0005335658855812767,427.6799560546874,-405.6000122070312,400.3648925781249,195.84002075195315,-161.76000823974607,159.52641601562482,110.87990722656241,763.6800781249999,1185.6064453125,-483.8399414062501,-163.2000488281251,-110.73917236328134,-434.88001403808596,217.44001464843745,431.3408203125
1763688128.0335712,6,3,2,0.007703355802851974,0.4747829726060112,-1.7630860446124754,0.025536474410271,-0.0011426926353564886,-0.00013607361202934453,358.0799804687499,-355.1999877929687,353.9007812499999,167.0400329589844,-142.56001129150388,140.16655273437482,103.67995605468741,650.8800292968749,1034.598388671875,-426.2400878906251,-139.2000488281251,-91.37918701171884,-374.88001070022585,200.63996582031245,369.388916015625
1763688128.1436694,6,3,2,-0.023960139120819623,0.4603907511791863,-1.5495421424262659,0.020731941696115717,0.003759941040941313,-0.0002346292599647384,331.6799560546874,-333.6000122070312,322.9249511718749,152.6400085449219,-132.9600128173828,128.55034179687482,94.07998046874991,602.8800292968749,953.286376953125,-390.2400878906251,-132.0000976562501,-75.89121093750009,-353.28000984191897,186.23994140624995,334.540771484375
1763688128.2382913,6,3,2,0.03880327888731511,0.4487794247270935,-1.2121488781652712,0.020609589395618064,-0.00020195389145360228,-0.00042757165180319547,310.0799804687499,-307.1999877929687,295.8209472656249,140.6400085449219,-125.7600158691406,116.93413085937482,89.27993164062491,564.4801269531249,887.46240234375,-361.4400390625001,-124.80014648437509,-68.14719238281259,-329.28000793457034,174.23994140624995,311.308837890625
1763688128.3465986,6,3,2,-0.062737984024619,0.3681032481168172,-1.038336251927664,0.01742750031859716,0.003938277977234258,-0.000761737935901421,286.0799804687499,-280.8000244140625,280.3329101562499,131.04000244140627,-118.56000366210935,105.31840820312482,82.07998046874991,521.2799316406249,833.25439453125,-349.4400390625001,-115.20004882812509,-75.89121093750009,-307.68000946044924,164.63996582031245,288.076904296875
1763688128.4391813,6,3,2,0.03838760771506884,0.43573952550819006,-0.9684979330768594,0.01871486991550335,0.0012063621646411869,-0.0005037198147597411,262.0799804687499,-273.6000122070312,264.8448730468749,121.44002685546877,-113.7600158691406,101.44633789062482,82.07998046874991,492.4801269531249,782.91845703125,-320.6399902343751,-108.00009765625009,-60.40317382812509,-288.4800048828125,155.03999023437495,268.716796875
1763688128.5323899,6,3,2,0.015390316656319486,0.35665103730131165,-0.8189435249547636,0.01762449778096849,1.319295779847636e-05,-0.00029188710534502633,245.2799316406249,-251.99997558593748,237.7408691406249,114.24001464843752,-104.16000976562498,89.83012695312482,79.67995605468741,456.4801269531249,724.83837890625,-294.2400878906251,-93.59995117187509,-60.40317382812509,-271.68000946044924,143.03999023437495,245.48486328125
1763688128.944387,6,3,2,0.08758203951888067,0.3247567712264708,-0.4676795626092958,0.013124244001681242,-0.0013830150061165379,-0.00041852635787408807,192.4800048828124,-199.19998779296873,183.5328613281249,87.84002075195315,-89.7600158691406,62.72636718749982,65.27993164062491,355.6800781249999,566.08642578125,-231.8399414062501,-81.59995117187509,-52.65921630859384,-214.08001098632815,114.23994140624995,183.53271484375
1763688129.132547,6,3,2,0.027008442187480587,0.26662449946957417,-0.30490958275029556,0.011027572043701936,-0.0016213036987378152,0.00010493231035353916,173.2799316406249,-182.39999999999998,156.4288574218749,78.24001464843752,-75.36000671386716,62.72636718749982,62.87990722656241,319.6800781249999,508.00634765625,-207.8399414062501,-67.20004882812509,-52.65921630859384,-192.48000488281252,102.23994140624995,164.1728515625
1763688130.0416021,6,3,2,0.18270430342361654,-0.28059716831229964,0.3170024931211818,0.003714902575355008,0.00048440528992958276,-0.0006735268421467916,110.88002929687491,-136.79996337890623,98.34877929687491,47.04000244140627,-44.16000976562498,39.49443359374982,43.67995605468741,209.2799316406249,345.38232421875,-143.0401367187501,-43.20004882812509,-41.04318847656259,-132.48000488281252,75.84003906249995,94.476806640625
1763688134.7501159,6,3,2,-0.12668139558273192,0.07675079375183647,0.27931110599213804,0.0011314079942615221,0.007339785872429769,-0.0011173900337712623,74.88002929687491,-100.79996337890623,67.37294921874991,32.6400085449219,-27.360006713867165,8.518359374999818,29.27993164062491,142.0799804687499,236.966552734375,-99.83994140625009,-28.80014648437509,-44.91519775390634,-96.48000488281252,49.440014648437455,59.62890625
1763688136.8403914,6,3,2,-0.11066206895286473,0.1057916302154571,-0.20186455045567067,0.0032702739708837625,0.006972439073000848,-3.173346244436583e-05,89.27993164062491,-110.39999999999998,78.98891601562491,42.24001464843752,-32.16000976562498,20.134326171874818,34.07998046874991,170.8800292968749,279.558349609375,-116.63999023437509,-40.80014648437509,-48.78720703125009,-113.27999267578127,59.039990234374955,71.244873046875
1763688136.9374459,6,3,2,-0.09282475842057787,0.08824624400034928,-0.3382587000568701,0.0029389775430969075,0.0063259026955903895,0.0004666718730691848,89.27993164062491,-107.99997558593748,75.11684570312491,35.04000244140627,-32.16000976562498,12.390429687499818,36.48000488281241,166.0799804687499,275.6865234375,-121.44003906250009,-38.40000000000009,-44.91519775390634,-108.48000488281252,59.039990234374955,71.244873046875
1763688137.0443876,6,3,2,-0.11211378130868806,0.14589830341517232,-0.30048715360143774,0.0039041801828776203,0.006974985744526674,1.0473285995567716e-05,91.67995605468741,-107.99997558593748,71.24477539062491,35.04000244140627,-34.56000366210935,16.262255859374818,34.07998046874991,166.0799804687499,275.6865234375,-116.63999023437509,-38.40000000000009,-52.65921630859384,-113.27999267578127,59.039990234374955,67.372802734375
1763688137.247643,6,3,2,-0.11407375627438424,0.1277505771103143,-0.32419658131198537,0.0022395198615733306,0.007430174905129062,0.00023098091285858103,89.27993164062491,-112.79996337890623,78.98891601562491,39.84002075195315,-29.76000061035154,12.390429687499818,34.07998046874991,166.0799804687499,279.558349609375,-119.04013671875009,-38.40000000000009,-48.78720703125009,-113.27999267578127,63.840039062499955,71.244873046875
1763688137.3410852,6,3,2,-0.1496376204024589,0.14752459080114444,-0.21987019277503433,0.002753278907307505,0.007756990881046311,-4.3706127001129575e-05,86.88002929687491,-115.19998779296873,78.98891601562491,35.04000244140627,-32.16000976562498,16.262255859374818,31.67995605468741,170.8800292968749,279.558349609375,-116.63999023437509,-33.59995117187509,-44.91519775390634,-113.27999267578127,63.840039062499955,71.244873046875
1763688137.4357786,6,3,2,-0.11299655562830002,0.0910412098330779,-0.26954220893083214,0.003450773241587841,0.008302759704100781,-0.00013169752833530894,86.88002929687491,-107.99997558593748,75.11684570312491,39.84002075195315,-32.16000976562498,16.262255859374818,31.67995605468741,166.0799804687499,279.558349609375,-116.63999023437509,-38.40000000000009,-44.91519775390634,-110.8799987792969,59.039990234374955,67.372802734375
1763688137.6374002,6,3,2,-0.1136633463660215,0.12972703240998695,-0.2223580755288329,0.0022862846607216666,0.006880028105783824,3.271933530416568e-05,0,0,0,0,0,0,0,0,0,0,0,0,0,0,0
1763688138.0438461,6,3,2,-0.09642680905883291,0.14629072146642208,-0.24955933563077692,0.004267493378329553,0.006847978733470484,0.0002646516119088068,79.67995605468741,-105.60001220703123,67.37294921874991,35.04000244140627,-32.16000976562498,12.390429687499818,34.07998046874991,163.6799560546874,267.9423828125,-119.04013671875009,-36.00009765625009,-48.78720703125009,-108.48000488281252,63.840039062499955,59.62890625
1763688138.2472618,6,3,2,-0.10052547304514715,0.09305384859051283,-0.3041438293491431,0.002806809709680928,0.006307177065923485,-6.937869221190069e-05,84.48000488281241,-107.99997558593748,75.11684570312491,35.04000244140627,-27.360006713867165,16.262255859374818,41.27993164062491,168.4800048828124,271.814453125,-114.24008789062509,-36.00009765625009,-41.04318847656259,-106.08001098632815,59.039990234374955,71.244873046875
1763688138.341906,6,3,2,-0.09922305251173154,0.13342811912337005,-0.2025953378587477,0.003003643264335342,0.006020031328361383,4.231931945763946e-05,91.67995605468741,-117.60001220703123,75.11684570312491,39.84002075195315,-29.76000061035154,16.262255859374818,34.07998046874991,163.6799560546874,267.9423828125,-116.63999023437509,-38.40000000000009,-52.65921630859384,-108.48000488281252,61.440014648437455,71.244873046875
1763688138.5449271,6,3,2,-0.11791936679368467,0.1187806262975753,-0.2867852206597601,0.0030039269008571966,0.007396291753545735,-0.0002987868126806245,86.88002929687491,-112.79996337890623,75.11684570312491,37.44002685546877,-32.16000976562498,12.390429687499818,31.67995605468741,166.0799804687499,271.814453125,-116.63999023437509,-36.00009765625009,-48.78720703125009,-110.8799987792969,59.039990234374955,67.372802734375
1763688139.136934,6,3,2,-0.11334108138655749,0.09485210093786743,-0.26838893058329105,0.0036689308161966423,0.007459387001073706,0.0003382400120412602,86.88002929687491,-105.60001220703123,75.11684570312491,37.44002685546877,-29.76000061035154,8.518359374999818,34.07998046874991,163.6799560546874,267.9423828125,-109.44003906250009,-33.59995117187509,-48.78720703125009,-103.67998657226565,56.639965820312455,59.62890625
1763688139.3376584,6,3,2,-0.08725527055224402,0.10626645136535122,-0.27514039886867203,0.001928622252006294,0.006359183352602856,0.0004050139311036426,84.48000488281241,-105.60001220703123,67.37294921874991,39.84002075195315,-27.360006713867165,8.518359374999818,31.67995605468741,161.2800537109374,267.9423828125,-111.83994140625009,-33.59995117187509,-41.04318847656259,-106.08001098632815,59.039990234374955,63.500732421875
1763688140.208389,6,3,2,-0.1135184129479149,0.10575704815605251,0.2144750128465262,0.002196864632830352,0.007691958045523934,-0.0006693438846407643,60.48000488281241,-93.60001220703123,44.14077148437491,25.439996337890648,-22.560003662109352,-6.969677734375182,26.87990722656241,122.88002929687491,209.862548828125,-85.44003906250009,-19.20004882812509,-37.17124023437509,-86.8799987792969,51.840039062499955,44.140869140625
1763688142.2468746,6,3,2,-0.1201505148796718,0.07516647725597742,0.2644898481807703,0.0016323498658994103,0.0066306988660718835,-0.0008078204882734264,53.27993164062491,-81.60001220703123,40.26894531249991,18.240014648437523,-22.560003662109352,-14.713574218750182,31.67995605468741,103.67995605468741,178.886474609375,-71.04013671875009,-14.400000000000091,-41.04318847656259,-84.48000488281252,39.840039062499955,28.65283203125
1763688145.0643432,6,3,2,-0.11475494930497501,0.0711701239471057,0.21591830548882956,0.002264953453450338,0.006585584277397581,-0.0005093659334118114,48.48000488281241,-81.60001220703123,32.52480468749991,20.640008544921898,-15.360006713867165,-14.713574218750182,26.87990722656241,98.88002929687491,171.142333984375,-71.04013671875009,-12.000097656250091,-48.78720703125009,-74.8799987792969,37.440014648437455,20.90869140625
1763688146.041276,6,3,2,-0.11390820148745384,0.10027077469769569,-0.2738588427299488,0.0020361649710357883,0.00687506678404118,0.00025036443127614445,70.07998046874991,-100.79996337890623,51.88491210937491,25.439996337890648,-29.76000061035154,4.646289062499818,29.27993164062491,137.2800537109374,229.222412109375,-92.63999023437509,-26.40000000000009,-41.04318847656259,-96.48000488281252,47.039990234374955,51.884765625
1763688146.1990564,6,3,2,-0.14190027288932658,0.11853063751209653,-0.32324808612860856,0.002480593964714607,0.008801467793684861,7.727593090335757e-05,84.48000488281241,-110.39999999999998,71.24477539062491,37.44002685546877,-29.76000061035154,16.262255859374818,29.27993164062491,168.4800048828124,271.814453125,-114.24008789062509,-36.00009765625009,-44.91519775390634,-108.48000488281252,59.039990234374955,71.244873046875
1763688146.3379853,6,3,2,-0.08113532281499425,0.16770832089829504,-0.5843946097836832,0.0046784034034553605,0.006495454740975447,6.661268038034328e-05,98.88002929687491,-119.99997558593748,102.22084960937491,44.6400085449219,-44.16000976562498,27.878466796874818,29.27993164062491,192.4800048828124,318.278564453125,-135.8399414062501,-48.00009765625009,-44.91519775390634,-122.8799987792969,68.63996582031245,90.604736328125
1763688146.448113,6,3,2,-0.15254332643251478,0.1616397010071484,-0.7201980962176153,0.004700056499003532,0.011124600789261719,-0.00013621703374200734,0,0,0,0,0,0,0,0,0,0,0,0,0,0,0
1763688146.5415332,6,3,2,-0.229559573820987,0.2202291780047167,-0.9082273395731417,0.00713162603769619,0.010111451086656833,-0.00027589303108738867,134.8800292968749,-146.39999999999998,121.58095703124991,61.44002685546877,-51.360006713867165,43.36625976562482,36.48000488281241,240.4801269531249,395.718505859375,-174.2400878906251,-55.20004882812509,-52.65921630859384,-154.07999572753909,87.84003906249995,125.452880859375
1763688146.635976,6,3,2,-0.13485293197943593,0.156503977900458,-1.2038785124283915,0.006020603440215642,0.011595717330820508,-0.00022458231789383156,149.2799316406249,-158.39999999999998,148.6849609374999,71.04000244140627,-48.96001281738279,62.72636718749982,34.07998046874991,264.4801269531249,434.4384765625,-188.6399902343751,-64.80014648437509,-56.53122558593759,-158.8799987792969,99.84003906249995,140.94091796875
1763688146.7465498,6,3,2,-0.1821888236007826,0.23156322447078279,-1.3655862822098608,0.007595241952597205,0.012172936197223566,0.00042196366237092116,161.2799316406249,-167.99997558593748,164.1727539062499,73.44002685546877,-56.16000976562498,66.59843749999982,36.48000488281241,283.6800781249999,473.158447265625,-210.2400878906251,-72.00009765625009,-60.40317382812509,-175.6800018310547,107.03999023437495,160.30078125
1763688146.7885695,6,3,2,-0.18500784352392255,0.1799353211507274,-1.298484407477945,0.007693929075761625,0.01287117862611669,0.0005292549482162736,166.0799804687499,-172.79996337890623,171.9168945312499,78.24001464843752,-53.76000061035154,70.47026367187482,41.27993164062491,298.0799804687499,488.646484375,-217.4400390625001,-69.59995117187509,-48.78720703125009,-178.07999572753909,109.44001464843745,168.044921875
1763688146.9461422,6,3,2,-0.2700727319489011,0.19360074422900353,-1.5447836176230965,0.005145511262447609,0.01812309974203596,0.00011783516886491202,187.6799560546874,-187.19998779296873,191.2767578124999,90.24001464843752,-68.16000976562498,74.34233398437482,36.48000488281241,331.6800781249999,542.8544921875,-234.2400878906251,-76.80014648437509,-68.14719238281259,-199.6800018310547,119.03999023437495,195.14892578125
1763688147.0390656,6,3,2,-0.2342234520020883,0.1374202381022468,-1.7934952228858205,0.006161430311978997,0.016399833572118643,0.0008196115980609706,185.2799316406249,-187.19998779296873,191.2767578124999,85.44002685546877,-72.96001281738279,74.34233398437482,38.87990722656241,334.0799804687499,542.8544921875,-239.0401367187501,-79.20004882812509,-64.27518310546884,-199.6800018310547,119.03999023437495,187.40478515625
1763688147.1502564,6,3,2,-0.2245356282099702,0.2055692652343163,-1.638535163904303,0.006757414002713753,0.015217177091670418,8.944513893684191e-05,185.2799316406249,-187.19998779296873,195.1488281249999,87.84002075195315,-68.16000976562498,78.21440429687482,46.07998046874991,331.6800781249999,535.1103515625,-234.2400878906251,-79.20004882812509,-60.40317382812509,-202.08001098632815,116.63996582031245,187.40478515625
1763688147.2430112,6,3,2,-0.26662743503112374,0.15812025179358913,-1.7586653311763807,0.005994234958328562,0.016305878788550436,0.0005169307685167401,187.6799560546874,-189.60001220703123,191.2767578124999,83.04000244140627,-72.96001281738279,78.21440429687482,41.27993164062491,334.0799804687499,538.982421875,-234.2400878906251,-81.59995117187509,-64.27518310546884,-199.6800018310547,116.63996582031245,195.14892578125
1763688147.337143,6,3,2,-0.23066015347611146,0.19137659978488147,-1.590085640511808,0.00616001212633668,0.014984171641129022,0.00033991617419077335,182.8800292968749,-189.60001220703123,191.2767578124999,83.04000244140627,-63.360006713867165,82.08623046874982,38.87990722656241,331.6800781249999,542.8544921875,-236.6399902343751,-81.59995117187509,-60.40317382812509,-194.8799987792969,119.03999023437495,191.27685546875
1763688147.4451978,6,3,2,-0.2746455776877573,0.16401260706563336,-1.521972721991041,0.006108750250591603,0.01603190164850079,0.00028871857380985367,187.6799560546874,-187.19998779296873,187.4049316406249,90.24001464843752,-68.16000976562498,78.21440429687482,41.27993164062491,329.2799316406249,542.8544921875,-239.0401367187501,-84.00009765625009,-60.40317382812509,-199.6800018310547,116.63996582031245,187.40478515625
1763688147.5387108,6,3,2,-0.2732572931369179,0.16212430918567577,-1.5069279922738597,0.005759153426079591,0.016390650255131416,0.00029280288358962095,190.0799804687499,-187.19998779296873,191.2767578124999,83.04000244140627,-68.16000976562498,74.34233398437482,38.87990722656241,336.4801269531249,542.8544921875,-236.6399902343751,-79.20004882812509,-60.40317382812509,-197.28000793457034,119.03999023437495,191.27685546875
1763688147.64976,6,3,2,-0.20656870269781613,0.1668987362643526,-1.5397760912832057,0.006314712721373721,0.014790993680838022,0.0002823587618829156,187.6799560546874,-187.19998779296873,191.2767578124999,85.44002685546877,-68.16000976562498,74.34233398437482,38.87990722656241,331.6800781249999,542.8544921875,-234.2400878906251,-76.80014648437509,-60.40317382812509,-197.28000793457034,116.63996582031245,191.27685546875
1763688147.7448401,6,3,2,-0.2558605535075008,0.16428139700346667,-1.5066133697393214,0.005779897288668372,0.015682472503726876,5.801794730608367e-05,187.6799560546874,-187.19998779296873,191.2767578124999,85.44002685546877,-68.16000976562498,74.34233398437482,43.67995605468741,331.6800781249999,542.8544921875,-236.6399902343751,-74.40000000000009,-60.40317382812509,-199.6800018310547,116.63996582031245,187.40478515625
1763688147.8413556,6,3,2,-0.23968663025015133,0.16827472257181902,-1.420681494162736,0.006186235947068915,0.014622444619623724,8.981567910815256e-05,185.2799316406249,-187.19998779296873,191.2767578124999,85.44002685546877,-68.16000976562498,74.34233398437482,38.87990722656241,326.8800292968749,542.8544921875,-239.0401367187501,-74.40000000000009,-64.27518310546884,-194.8799987792969,119.03999023437495,183.53271484375
1763688147.9488761,6,3,2,-0.23441765559007768,0.1617229898182744,-1.3687459616868138,0.006817907822237958,0.015155096946714382,0.00018997642293493698,185.2799316406249,-184.79996337890623,195.1488281249999,83.04000244140627,-68.16000976562498,74.34233398437482,36.48000488281241,329.2799316406249,535.1103515625,-234.2400878906251,-76.80014648437509,-64.27518310546884,-194.8799987792969,119.03999023437495,191.27685546875
1763688148.0419767,6,3,2,-0.22124824612881558,0.2039211461228388,-1.4566593134633912,0.006132795208519487,0.015382793059307403,0.000386394173714474,182.8800292968749,-194.39999999999998,195.1488281249999,85.44002685546877,-65.76000061035154,78.21440429687482,43.67995605468741,331.6800781249999,542.8544921875,-234.2400878906251,-79.20004882812509,-60.40317382812509,-199.6800018310547,119.03999023437495,187.40478515625
1763688148.137518,6,3,2,-0.2391651603859382,0.16624030523190922,-1.438721333517798,0.005992149093284153,0.015081208783279237,8.280111526346974e-05,180.4800048828124,-184.79996337890623,179.6607910156249,85.44002685546877,-68.16000976562498,74.34233398437482,41.27993164062491,329.2799316406249,538.982421875,-234.2400878906251,-76.80014648437509,-60.40317382812509,-199.6800018310547,119.03999023437495,187.40478515625
1763688148.3398116,6,3,2,-0.18364389762356953,0.2360847714163073,-1.4168666625124873,0.007773020616829379,0.01358474957171677,0.00048252882773446634,180.4800048828124,-184.79996337890623,187.4049316406249,80.6400085449219,-68.16000976562498,66.59843749999982,41.27993164062491,326.8800292968749,531.238525390625,-231.8399414062501,-79.20004882812509,-56.53122558593759,-199.6800018310547,114.23994140624995,175.788818359375
1763688148.5426397,6,3,2,-0.20633359926280623,0.19209729259240577,-1.3852052265280705,0.006740389908916868,0.013408267105296775,2.4183206641810104e-05,182.8800292968749,-187.19998779296873,187.4049316406249,83.04000244140627,-68.16000976562498,70.47026367187482,41.27993164062491,322.0799804687499,527.366455078125,-234.2400878906251,-79.20004882812509,-56.53122558593759,-199.6800018310547,116.63996582031245,183.53271484375
1763688148.6370292,6,3,2,-0.21548239503637806,0.13735681876627448,-1.5047287355373855,0.006263715130444082,0.013658982708371759,0.0003752308201919463,0,0,0,0,0,0,0,0,0,0,0,0,0,0,0
1763688148.7458923,6,3,2,-0.23841548781780508,0.15678286041286127,-1.4567833535918233,0.005752167756009717,0.014971480304472375,0.00046701325521668574,182.8800292968749,-189.60001220703123,191.2767578124999,85.44002685546877,-63.360006713867165,70.47026367187482,41.27993164062491,326.8800292968749,538.982421875,-234.2400878906251,-76.80014648437509,-60.40317382812509,-194.8799987792969,116.63996582031245,191.27685546875
1763688148.8409157,6,3,2,-0.23903736081334778,0.15866525639340032,-1.4886914002887468,0.005918444555320198,0.014514450594068504,-1.3014173957557771e-05,185.2799316406249,-187.19998779296873,187.4049316406249,92.6400085449219,-70.56000366210935,78.21440429687482,38.87990722656241,331.6800781249999,535.1103515625,-234.2400878906251,-81.59995117187509,-60.40317382812509,-202.08001098632815,119.03999023437495,187.40478515625
1763688148.949916,6,3,2,-0.241124964712716,0.16923209337099665,-1.402053596646379,0.0065311617274789666,0.014458588847166066,-0.00013668145843644033,182.8800292968749,-189.60001220703123,183.5328613281249,85.44002685546877,-70.56000366210935,70.47026367187482,41.27993164062491,324.4801269531249,527.366455078125,-236.6399902343751,-81.59995117187509,-64.27518310546884,-197.28000793457034,116.63996582031245,183.53271484375
1763688149.138447,6,3,2,-0.21527581053145362,0.16600085031961404,-1.4198107449524178,0.00651570448978696,0.013855381072334003,0.0001696452321376476,180.4800048828124,-184.79996337890623,187.4049316406249,90.24001464843752,-63.360006713867165,78.21440429687482,41.27993164062491,329.2799316406249,531.238525390625,-231.8399414062501,-76.80014648437509,-48.78720703125009,-197.28000793457034,119.03999023437495,187.40478515625
1763688149.2445583,6,3,2,-0.23964684781532156,0.15724668769826608,-1.2862685695959806,0.006128197999608202,0.01483006752080707,-0.00017413659179278565,182.8800292968749,-189.60001220703123,195.1488281249999,85.44002685546877,-68.16000976562498,70.47026367187482,41.27993164062491,324.4801269531249,538.982421875,-236.6399902343751,-76.80014648437509,-52.65921630859384,-197.28000793457034,119.03999023437495,187.40478515625
1763688149.3371415,6,3,2,-0.24092122600225496,0.16999225937862425,-1.3348088375797462,0.006565290030397773,0.014274050280358658,0.00012192601113726175,182.8800292968749,-184.79996337890623,191.2767578124999,85.44002685546877,-68.16000976562498,78.21440429687482,41.27993164062491,324.4801269531249,538.982421875,-236.6399902343751,-76.80014648437509,-56.53122558593759,-192.48000488281252,114.23994140624995,183.53271484375
1763688149.4471035,6,3,2,-0.22144874849742735,0.18889155153697154,-1.3705523705152838,0.0062061288703849585,0.01418719666009856,2.7619481936747448e-05,180.4800048828124,-187.19998779296873,187.4049316406249,90.24001464843752,-70.56000366210935,74.34233398437482,41.27993164062491,326.8800292968749,531.238525390625,-231.8399414062501,-76.80014648437509,-56.53122558593759,-194.8799987792969,116.63996582031245,191.27685546875
1763688149.5416374,6,3,2,-0.22406312440790974,0.12960321875795933,-1.3029618693470104,0.006245840084401235,0.014323858033156615,5.719279912834072e-05,182.8800292968749,-182.39999999999998,187.4049316406249,80.6400085449219,-68.16000976562498,70.47026367187482,41.27993164062491,319.6800781249999,527.366455078125,-224.6399902343751,-79.20004882812509,-56.53122558593759,-194.8799987792969,114.23994140624995,183.53271484375
1763688149.63589,6,3,2,-0.18471164329270887,0.1727643354842036,-1.280443504437853,0.007634730703498201,0.012130249249933448,-1.1369879503453362e-05,173.2799316406249,-184.79996337890623,183.5328613281249,78.24001464843752,-65.76000061035154,62.72636718749982,38.87990722656241,310.0799804687499,508.00634765625,-224.6399902343751,-76.80014648437509,-48.78720703125009,-190.08001098632815,111.84003906249995,171.916748046875
1763688149.8379896,6,3,2,-0.15303394923020935,0.1838516830098118,-1.0140533980839999,0.006826791897975969,0.009996728587084173,0.0002350008637303435,154.0799804687499,-165.60001220703123,160.3009277343749,68.6400085449219,-63.360006713867165,47.23833007812482,41.27993164062491,283.6800781249999,457.67041015625,-200.6399902343751,-67.20004882812509,-48.78720703125009,-173.28000793457034,102.23994140624995,152.556884765625
1763688149.9490745,6,3,2,-0.19528531543169814,0.2049246510662917,-0.9631721256135504,0.006831643625455457,0.011203346959744027,0.0003300261533879486,142.0799804687499,-158.39999999999998,140.9408203124999,63.84002075195315,-63.360006713867165,47.23833007812482,38.87990722656241,262.0799804687499,438.310546875,-183.8399414062501,-60.00009765625009,-48.78720703125009,-161.28000793457034,99.84003906249995,144.812744140625
1763688150.1346433,6,3,2,-0.09200010577311961,0.1766858355209412,-0.6059094574944828,0.007269170148055902,0.005039693904283494,-0.00016534847642945486,120.48000488281241,-141.60001220703123,117.70888671874991,47.04000244140627,-53.76000061035154,31.750292968749818,43.67995605468741,228.4801269531249,387.974365234375,-157.4400390625001,-50.40000000000009,-41.04318847656259,-146.8799987792969,80.63996582031245,106.0927734375
1763688150.2440734,6,3,2,-0.05305739001113448,0.18318088877998331,-0.4604834737791109,0.006369922704619346,0.005261152162942237,0.00019466419745890946,106.07998046874991,-134.39999999999998,106.09291992187491,49.44002685546877,-56.16000976562498,16.262255859374818,38.87990722656241,194.8800292968749,337.638427734375,-133.4400390625001,-38.40000000000009,-37.17124023437509,-132.48000488281252,78.23994140624995,94.476806640625
1763688150.3352702,6,3,2,-0.18055248288295908,0.1250918665834383,-0.32495397600481957,0.0055672996087780206,0.0071234103722172155,0.00016760126122664564,91.67995605468741,-122.39999999999998,94.47695312499991,37.44002685546877,-44.16000976562498,16.262255859374818,34.07998046874991,180.4800048828124,306.662353515625,-126.24008789062509,-36.00009765625009,-33.29916992187509,-120.48000488281252,66.23994140624995,78.98876953125
1763688156.1395023,6,3,2,-0.06589133148183199,0.13536016748421656,-0.24022213420652283,0.003009158807905388,0.007779780953530612,0.0005762166667503537,86.88002929687491,-107.99997558593748,75.11684570312491,39.84002075195315,-39.360006713867165,8.518359374999818,34.07998046874991,166.0799804687499,275.6865234375,-116.63999023437509,-36.00009765625009,-48.78720703125009,-113.27999267578127,66.23994140624995,75.11669921875
1763688156.4502642,6,3,2,-0.1678991504628762,0.18356997527473357,-0.8208201177301461,0.0045180519660501395,0.010674266418427265,-1.853605820489987e-05,120.48000488281241,-136.79996337890623,117.70888671874991,54.24001464843752,-46.56000366210935,31.750292968749818,38.87990722656241,221.2799316406249,372.486328125,-155.0401367187501,-50.40000000000009,-44.91519775390634,-142.07999572753909,78.23994140624995,113.8369140625
1763688156.6384804,6,3,2,-0.18474602953780989,0.15555031319455703,-1.1704836316041405,0.005686638037106782,0.012204324516793267,0.0002554706279532155,149.2799316406249,-153.60001220703123,140.9408203124999,66.24001464843752,-51.360006713867165,54.98247070312482,34.07998046874991,262.0799804687499,434.4384765625,-191.0401367187501,-64.80014648437509,-56.53122558593759,-158.8799987792969,90.23994140624995,152.556884765625
1763688157.1357045,6,3,2,-0.33627838052579684,0.09943562129147786,-2.0467521138251734,0.005220775852557415,0.019216017709448703,0.00026046021653259796,230.8800292968749,-218.39999999999998,233.8687988281249,109.44002685546877,-75.36000671386716,97.57426757812482,38.87990722656241,398.8800292968749,647.3984375,-289.4400390625001,-96.00009765625009,-68.14719238281259,-235.6800018310547,138.23994140624995,241.61279296875
1763688157.257569,6,3,2,-0.351524050405605,0.1387913374584546,-2.269205920411477,0.004780538072586953,0.021738753291477696,0.0003326206870250454,257.2799316406249,-232.80002441406248,257.1007324218749,121.44002685546877,-77.7600158691406,109.19047851562482,43.67995605468741,442.0799804687499,705.478515625,-311.0401367187501,-103.20004882812509,-79.76322021484384,-254.88000640869143,152.63996582031245,268.716796875
1763688157.4436133,6,3,2,-0.23556342029981614,0.13608643675003548,-2.6650052405282043,0.006055051690949865,0.014542994763708756,-3.973432488305062e-05,0,0,0,0,0,0,0,0,0,0,0,0,0,0,0
1763688157.6439872,6,3,2,-0.37617425713823394,0.15482383083050294,-3.405430183632151,0.005899223317859748,0.021097468264736328,-0.0004606960899051814,343.6799560546874,-314.4,357.7728515624999,157.43999633789065,-116.16000976562498,151.78227539062482,55.67995605468741,588.4801269531249,949.41455078125,-409.4400390625001,-134.4000000000001,-99.12320556640634,-338.8800102233887,198.23994140624995,361.644775390625
1763688157.847495,6,3,2,-0.30363003314378256,0.2041030155437023,-4.018599112185524,0.009028587218828122,0.019207605708598932,0.0008142607572485749,355.6799560546874,-333.6000122070312,373.2608886718749,162.24004516601565,-130.56000366210935,155.65434570312482,65.27993164062491,617.2799316406249,999.75048828125,-431.0401367187501,-144.0000976562501,-91.37918701171884,-360.4800106048584,210.23994140624995,377.1328125
1763688157.8764997,6,3,2,-0.3462100046223856,0.2194312706723603,-3.948933970818697,0.009162009183815788,0.01939733465822045,0.000604110305603143,350.8800292968749,-335.9999755859375,377.1329589843749,162.24004516601565,-130.56000366210935,159.52641601562482,60.48000488281241,622.0799804687499,999.75048828125,-431.0401367187501,-146.4000000000001,-95.25119628906259,-358.08001098632815,207.84003906249995,377.1328125
1763688157.95593,6,3,2,-0.3751439201892895,0.22408030098398268,-3.7967431859867524,0.009709519234531325,0.022205685223731484,0.00019214918556961303,367.6799560546874,-333.6000122070312,361.6449218749999,171.84002075195315,-125.7600158691406,151.78227539062482,62.87990722656241,634.0799804687499,1003.62255859375,-435.8399414062501,-146.4000000000001,-99.12320556640634,-362.8800102233887,200.63996582031245,381.0048828125
1763688158.148311,6,3,2,-0.31488403583767255,0.12398232464744027,-3.650065733663483,0.0036204435194394768,0.01806154358349357,0.0005382067936648609,362.8800292968749,-335.9999755859375,369.3888183593749,169.43999633789065,-128.16000976562498,159.52641601562482,67.67995605468741,629.2799316406249,1003.62255859375,-426.2400878906251,-144.0000976562501,-95.25119628906259,-362.8800102233887,205.44001464843745,384.876708984375
1763688158.254736,6,3,2,-0.3304354868863195,0.1873908392763078,-3.727113179593514,0.0056186345546992795,0.018859711566705482,0.0006704714330316292,362.8800292968749,-333.6000122070312,369.3888183593749,169.43999633789065,-128.16000976562498,151.78227539062482,62.87990722656241,631.6800781249999,999.75048828125,-428.6399902343751,-141.5999511718751,-99.12320556640634,-362.8800102233887,207.84003906249995,384.876708984375
1763688158.351813,6,3,2,-0.3065108381817045,0.12324090942922845,-3.6273086965006636,0.005463307850451253,0.01867775814862175,0.0005545473392136633,358.0799804687499,-331.1999877929687,361.6449218749999,174.24004516601565,-123.36000671386716,151.78227539062482,60.48000488281241,634.0799804687499,999.75048828125,-428.6399902343751,-148.8001464843751,-102.99521484375009,-355.68000946044924,203.03999023437495,373.2607421875
1763688158.5362809,6,3,2,-0.2812405863511991,0.20130463790520173,-3.4892547009255224,0.006490922733322012,0.017539890056065554,0.000601102829143655,358.0799804687499,-328.8000244140625,365.5167480468749,167.0400329589844,-128.16000976562498,159.52641601562482,65.27993164062491,626.8800292968749,988.134521484375,-426.2400878906251,-144.0000976562501,-95.25119628906259,-360.4800106048584,205.44001464843745,384.876708984375
1763688158.6444402,6,3,2,-0.33634363089312147,0.1773848664674315,-3.4357446739723247,0.006952671927908615,0.01916211504253076,0.0002340883346229033,350.8800292968749,-335.9999755859375,369.3888183593749,162.24004516601565,-132.9600128173828,151.78227539062482,65.27993164062491,619.6800781249999,1003.62255859375,-431.0401367187501,-141.5999511718751,-95.25119628906259,-360.4800106048584,210.23994140624995,377.1328125
1763688158.8468564,6,3,2,-0.36655740740746723,0.2504492675062795,-3.5261427068980535,0.010182757456025171,0.021694756796877754,0.00036658503836558545,353.2799316406249,-328.8000244140625,369.3888183593749,162.24004516601565,-130.56000366210935,151.78227539062482,65.27993164062491,617.2799316406249,995.87841796875,-431.0401367187501,-144.0000976562501,-91.37918701171884,-358.08001098632815,203.03999023437495,373.2607421875
1763688158.940614,6,3,2,-0.3243521228615151,0.26061083277106073,-3.3561072951353905,0.010666298160817931,0.020049867004010215,0.00011522117965779037,338.8800292968749,-331.1999877929687,361.6449218749999,157.43999633789065,-132.9600128173828,147.91020507812482,67.67995605468741,610.0799804687499,992.00634765625,-423.8399414062501,-136.8001464843751,-83.63522949218759,-353.28000984191897,200.63996582031245,369.388916015625
1763688159.051961,6,3,2,-0.28711706720189273,0.30647837496425967,-3.3651875660863126,0.012586235937104362,0.01740435370252263,0.0005064578011708036,350.8800292968749,-328.8000244140625,361.6449218749999,164.6400085449219,-128.16000976562498,151.78227539062482,65.27993164062491,622.0799804687499,988.134521484375,-423.8399414062501,-139.2000488281251,-87.50717773437509,-362.8800102233887,200.63996582031245,373.2607421875
1763688159.1430292,6,3,2,-0.26126696083149464,0.19064696311061158,-3.3204659914266452,0.0061425410594590476,0.01495146071608601,0.0005037627977594766,0,0,0,0,0,0,0,0,0,0,0,0,0,0,0
1763688159.344656,6,3,2,-0.24643178813099031,0.18975825307915203,-3.2182360185106242,0.006664881105467397,0.01512799502869711,0.0003080544080754028,346.0799804687499,-328.8000244140625,361.6449218749999,164.6400085449219,-132.9600128173828,144.03813476562482,70.07998046874991,617.2799316406249,976.5185546875,-411.8399414062501,-139.2000488281251,-91.37918701171884,-355.68000946044924,195.84003906249995,373.2607421875
1763688159.4500427,6,3,2,-0.1850300752471854,0.18606397694770566,-3.1623938451480362,0.008351265018117972,0.013511669208762154,0.00025682194040277167,353.2799316406249,-328.8000244140625,357.7728515624999,162.24004516601565,-135.36000671386716,155.65434570312482,67.67995605468741,626.8800292968749,988.134521484375,-421.4400390625001,-136.8001464843751,-95.25119628906259,-360.4800106048584,198.23994140624995,373.2607421875
1763688159.5436654,6,3,2,-0.2535630103100944,0.18458564888867568,-3.2699387343883046,0.0062716850562434655,0.015177167899320795,0.00036655318492331704,355.6799560546874,-331.1999877929687,365.5167480468749,164.6400085449219,-128.16000976562498,151.78227539062482,65.27993164062491,624.4801269531249,984.262451171875,-419.0401367187501,-139.2000488281251,-95.25119628906259,-355.68000946044924,198.23994140624995,377.1328125
1763688159.6520603,6,3,2,-0.2933826756168914,0.14313616723638795,-3.223447759827288,0.005078528507504964,0.016924101228347022,-8.716923627589968e-06,358.0799804687499,-328.8000244140625,361.6449218749999,167.0400329589844,-130.56000366210935,151.78227539062482,62.87990722656241,626.8800292968749,992.00634765625,-428.6399902343751,-141.5999511718751,-87.50717773437509,-358.08001098632815,205.44001464843745,373.2607421875
1763688159.7496307,6,3,2,-0.3409497416066229,0.16089574023745035,-3.270822228786402,0.00602204907211416,0.01930512405446781,5.5893648961428434e-05,358.0799804687499,-331.1999877929687,373.2608886718749,164.6400085449219,-123.36000671386716,163.39848632812482,65.27993164062491,626.8800292968749,992.00634765625,-431.0401367187501,-144.0000976562501,-99.12320556640634,-358.08001098632815,200.63996582031245,384.876708984375
1763688159.8410373,6,3,2,-0.3482737416585765,0.13607452413812637,-3.373593218897779,0.005455016779803662,0.01935041559353907,0.0001752992712891273,358.0799804687499,-331.1999877929687,365.5167480468749,169.43999633789065,-128.16000976562498,159.52641601562482,58.07998046874991,626.8800292968749,995.87841796875,-423.8399414062501,-146.4000000000001,-99.12320556640634,-360.4800106048584,205.44001464843745,381.0048828125
1763688160.1404984,6,3,2,-0.33830938990325843,0.2001606184743151,-3.237849522061228,0.005846146794140417,0.019183568547576003,-9.295319695504494e-05,353.2799316406249,-331.1999877929687,369.3888183593749,164.6400085449219,-128.16000976562498,155.65434570312482,65.27993164062491,629.2799316406249,992.00634765625,-426.2400878906251,-146.4000000000001,-95.25119628906259,-360.4800106048584,200.63996582031245,381.0048828125
1763688160.2512522,6,3,2,-0.3066660395232067,0.19479077630880842,-3.202084303827412,0.006503517222619342,0.017988555193631062,7.909413513127361e-05,355.6799560546874,-333.6000122070312,361.6449218749999,167.0400329589844,-128.16000976562498,151.78227539062482,65.27993164062491,624.4801269531249,988.134521484375,-423.8399414062501,-139.2000488281251,-99.12320556640634,-358.08001098632815,203.03999023437495,377.1328125
1763688160.4376929,6,3,2,-0.2553322792629841,0.2649332356388829,-2.8729735934613783,0.00937550169875043,0.016586915416301716,0.00012427325956065297,319.6799560546874,-304.8000244140625,330.6688476562499,150.24001464843752,-118.56000366210935,140.16655273437482,65.27993164062491,564.4801269531249,906.822509765625,-390.2400878906251,-129.5999511718751,-83.63522949218759,-322.0800071716309,186.23994140624995,338.412841796875
1763688160.5474386,6,3,2,-0.2172450754906579,0.2816570329369625,-2.5549917894621,0.013009887976643219,0.012977234663345865,0.0004858139311263918,283.6799560546874,-283.1999877929687,303.5648437499999,126.24001464843752,-118.56000366210935,120.80620117187482,70.07998046874991,511.6800781249999,833.25439453125,-344.6399902343751,-117.59995117187509,-64.27518310546884,-307.68000946044924,164.63996582031245,295.82080078125
1763688160.6393788,6,3,2,-0.12766145051030153,0.3351431306254658,-2.0907047117493525,0.01531216116394251,0.0077984739254029385,0.00010811385884910551,257.2799316406249,-263.9999755859375,276.4608398437499,116.6400085449219,-116.16000976562498,109.19047851562482,70.07998046874991,475.6800781249999,779.04638671875,-325.4400390625001,-105.59995117187509,-60.40317382812509,-286.08001098632815,159.84003906249995,276.460693359375
1763688160.8389845,6,3,2,-0.0036347327906619403,0.3294223342683361,-1.324831614725574,0.013344832681868632,0.003524160351648692,-0.0008007561867982621,202.0799804687499,-218.39999999999998,222.2528320312499,90.24001464843752,-94.56000366210935,85.95854492187482,58.07998046874991,377.2799316406249,624.16650390625,-255.8399414062501,-84.00009765625009,-44.91519775390634,-223.6800018310547,128.63996582031245,210.63671875
1763688161.0404003,6,3,2,-0.056153983044389025,0.23958976280921726,-0.6219349787275046,0.011485643262484975,0.0023597752868838658,-0.0007062373426118152,151.6799560546874,-177.60001220703123,164.1727539062499,68.6400085449219,-77.7600158691406,58.85429687499982,53.27993164062491,290.8800292968749,488.646484375,-193.4400390625001,-64.80014648437509,-37.17124023437509,-185.28000793457034,102.23994140624995,160.30078125
1763688161.1374605,6,3,2,0.01639279252827433,0.22930259059021033,-0.5441676463899957,0.010611649411269967,0.0016317976268664849,-0.0002910202035197679,142.0799804687499,-167.99997558593748,144.8128906249999,59.04000244140627,-75.36000671386716,43.36625976562482,53.27993164062491,276.4801269531249,449.926513671875,-176.6399902343751,-57.59995117187509,-33.29916992187509,-175.6800018310547,95.03999023437495,140.94091796875
1763688161.2489004,6,3,2,0.08515328074057224,0.23903644347940128,-0.3993560326642622,0.00908451125780185,-0.0006556116798189309,-0.000325886459629575,122.88002929687491,-163.19998779296873,133.1969238281249,51.84002075195315,-70.56000366210935,31.750292968749818,50.87990722656241,240.4801269531249,422.822509765625,-155.0401367187501,-48.00009765625009,-29.42722167968759,-161.28000793457034,90.23994140624995,117.708740234375
1763688161.3418896,6,3,2,0.038222371165961756,0.1943280035060487,-0.2956185145546566,0.009590156178553935,5.187941343844007e-05,0.000186815177761784,108.48000488281241,-146.39999999999998,121.58095703124991,39.84002075195315,-65.76000061035154,24.006396484374818,53.27993164062491,221.2799316406249,391.846435546875,-143.0401367187501,-45.59995117187509,-25.55515136718759,-149.28000793457034,83.03999023437495,102.220703125
1763688162.1372263,6,3,2,0.05678170186061192,0.14460660012615456,0.257857920178751,0.00917756626010707,-0.0003149666480611894,-0.00023854640592413376,74.88002929687491,-110.39999999999998,59.62880859374991,25.439996337890648,-29.76000061035154,-3.097607421875182,36.48000488281241,137.2800537109374,252.454345703125,-102.24008789062509,-21.59995117187509,-29.42722167968759,-103.67998657226565,51.840039062499955,51.884765625
1763688167.5382478,6,3,2,-0.0782899296661102,0.09747129258640089,-0.22635447812635387,0.0016887697417623398,0.0071333548467985945,3.137847867619621e-05,67.67995605468741,-103.19998779296873,51.88491210937491,23.040002441406273,-29.76000061035154,-6.969677734375182,31.67995605468741,134.8800292968749,240.83837890625,-97.44003906250009,-26.40000000000009,-37.17124023437509,-101.27999267578127,51.840039062499955,48.0126953125
1763688167.7429469,6,3,2,-0.11271209557851336,0.14801810130440532,-0.3329060073715488,0.004083538409039018,0.006511044444531342,-6.094710491629397e-07,86.88002929687491,-115.19998779296873,78.98891601562491,30.240014648437523,-44.16000976562498,12.390429687499818,34.07998046874991,170.8800292968749,283.430419921875,-116.63999023437509,-36.00009765625009,-29.42722167968759,-115.67998657226565,59.039990234374955,75.11669921875
1763688168.039007,6,3,2,-0.11156043421348678,0.2184911291869348,-0.9665817681571476,0.005787817440468407,0.007945584181662756,-0.0004599475343587114,139.6799560546874,-151.19998779296873,144.8128906249999,66.24001464843752,-56.16000976562498,47.23833007812482,38.87990722656241,252.4801269531249,411.20654296875,-174.2400878906251,-62.40000000000009,-48.78720703125009,-151.6800018310547,90.23994140624995,137.06884765625
1763688168.1501133,6,3,2,-0.15297820496010095,0.16455534221512697,-1.1734052164965827,0.004584806378420351,0.010517505525752709,-0.0005335491418664589,156.4800048828124,-163.19998779296873,156.4288574218749,71.04000244140627,-58.56000366210935,62.72636718749982,38.87990722656241,283.6800781249999,461.54248046875,-203.0401367187501,-67.20004882812509,-56.53122558593759,-170.8799987792969,102.23994140624995,152.556884765625
1763688168.2457557,6,3,2,-0.2046371157939909,0.13287962048527363,-1.345783266332526,0.003913577577044031,0.013926484258870192,-4.696189637539154e-05,170.8800292968749,-179.99997558593748,175.7889648437499,83.04000244140627,-65.76000061035154,66.59843749999982,43.67995605468741,302.8800292968749,504.134521484375,-215.0401367187501,-69.59995117187509,-56.53122558593759,-182.8799987792969,109.44001464843745,175.788818359375
1763688168.3495107,6,3,2,-0.2307634890542522,0.1907684551170208,-1.6073825135074131,0.006153693877628445,0.015166975754271719,0.0005683506976158954,192.4800048828124,-184.79996337890623,195.1488281249999,90.24001464843752,-70.56000366210935,74.34233398437482,46.07998046874991,336.4801269531249,538.982421875,-236.6399902343751,-76.80014648437509,-60.40317382812509,-197.28000793457034,116.63996582031245,195.14892578125
1763688168.6516926,6,3,2,-0.2577578833773765,0.19566231864532058,-2.182338565000332,0.005831091911615729,0.018037386498460303,0.0008310038438597742,242.8800292968749,-230.39999999999998,253.2289062499999,116.6400085449219,-82.56000366210935,109.19047851562482,48.48000488281241,427.6800781249999,674.50244140625,-301.4400390625001,-103.20004882812509,-79.76322021484384,-250.08001098632815,150.23994140624995,253.228759765625
1763688168.94562,6,3,2,-0.3474190086386705,0.2301135903696181,-2.9465947526918166,0.007994899136504103,0.022040321366432192,-0.00013783231783704927,305.2799316406249,-287.9999755859375,311.3087402343749,143.04000244140627,-113.7600158691406,128.55034179687482,55.67995605468741,523.6800781249999,860.3583984375,-373.4400390625001,-122.40000000000009,-83.63522949218759,-312.4800048828125,176.63996582031245,311.308837890625
1763688169.0395339,6,3,2,-0.38892562181614976,0.21340585355580427,-3.141503644491887,0.00930566237285797,0.02211955112478097,-0.00012183370535121148,322.0799804687499,-307.1999877929687,342.2848144531249,152.6400085449219,-116.16000976562498,140.16655273437482,60.48000488281241,564.4801269531249,918.4384765625,-399.8399414062501,-134.4000000000001,-87.50717773437509,-326.8800102233887,193.44001464843745,346.15673828125
1763688169.1506116,6,3,2,-0.365790776496686,0.2001662764079776,-3.5364142940817365,0.007574879598226704,0.022500329391060954,0.00012156499896223564,350.8800292968749,-323.9999755859375,369.3888183593749,167.0400329589844,-123.36000671386716,151.78227539062482,58.07998046874991,607.6800781249999,976.5185546875,-433.4400390625001,-136.8001464843751,-99.12320556640634,-350.8800102233887,203.03999023437495,373.2607421875
1763688169.338199,6,3,2,-0.38611372173063024,0.23616613660053576,-4.13247179149774,0.010035977234767169,0.02319859415903189,0.0003074125586623507,389.2799316406249,-362.4,404.2369628906249,179.0400329589844,-135.36000671386716,175.01420898437482,65.27993164062491,679.6800781249999,1096.550537109375,-479.0401367187501,-153.5999511718751,-110.73917236328134,-394.08001098632815,222.23994140624995,419.724853515625
1763688169.4486632,6,3,2,-0.541015299840342,0.16825483576679984,-4.437707461108917,0.00493711660498704,0.030421282620702973,0.00010632630296761097,413.2800537109374,-383.9999755859375,431.3409667968749,188.6400085449219,-147.3600143432617,186.63041992187482,72.48000488281241,727.6800781249999,1166.246337890625,-498.2400878906251,-163.2000488281251,-106.86722412109384,-413.2800117492676,234.23994140624995,446.828857421875
1763688169.5430858,6,3,2,-0.4742903856803342,0.19722521022353612,-4.77730247290566,0.00782419725933201,0.024790101076147854,0.000384385519602399,434.8800292968749,-398.4,442.9569335937499,203.0400329589844,-144.9600128173828,194.37456054687482,65.27993164062491,756.4801269531249,1204.966552734375,-517.4400390625001,-170.4000000000001,-118.48319091796884,-432.48001251220705,243.84003906249995,470.060791015625
1763688169.8400006,6,3,2,-0.534445542816246,0.03825385843920148,-5.593702366764971,0.0015182537321292988,0.03057636595490104,8.077621804526139e-05,499.6799560546874,-451.1999877929687,512.6527343749999,236.6400085449219,-154.56001129150388,217.60649414062482,55.67995605468741,857.2799316406249,1355.974365234375,-587.0401367187501,-187.2000488281251,-137.84317626953134,-482.88001403808596,277.44001464843745,535.884765625
1763688170.1482642,6,3,2,-0.7479119051636879,-0.0030773199033444776,-6.535743246354651,-0.0025958883493184103,0.04198701725242368,-0.0002663879067583133,547.6799560546874,-487.20001831054685,555.2447753906249,258.24004516601565,-166.56001129150388,240.83842773437482,60.48000488281241,934.0799804687499,1479.878662109375,-637.4400390625001,-199.2000488281251,-164.94718017578134,-528.4800201416016,303.84003906249995,578.476806640625
1763688170.2554276,6,3,2,-0.8043288935777335,0.022494424873451463,-6.497569023924347,-0.001381188337514369,0.04379565989153078,0.0002201122633477444,538.0799804687499,-482.4,547.5008789062499,251.0400329589844,-164.16000976562498,244.71049804687482,62.87990722656241,917.2799316406249,1456.646240234375,-625.4400390625001,-199.2000488281251,-149.4592041015626,-521.2800231933594,301.44001464843745,570.73291015625
1763688170.53841,6,3,2,-0.6058306916966607,0.21196894925724066,-6.010862927491221,0.006971654396822662,0.03353571656930904,0.0001759209395062757,530.8800292968749,-489.6000122070312,543.6288085937499,248.6400085449219,-173.7600158691406,233.09428710937482,74.87990722656241,919.6800781249999,1464.390380859375,-618.2400878906251,-196.8001464843751,-141.7151855468751,-521.2800231933594,299.03999023437495,562.98876953125
1763688170.7396913,6,3,2,-0.6156394141662113,0.1840165548561724,-5.961259873579837,0.006920946929012706,0.03447089729735144,0.00035250042962106046,523.6799560546874,-487.20001831054685,539.7567382812499,246.24004516601565,-173.7600158691406,229.22221679687482,74.87990722656241,914.8800292968749,1456.646240234375,-620.6399902343751,-196.8001464843751,-141.7151855468751,-523.6800170898438,296.63996582031245,559.11669921875
1763688170.8499942,6,3,2,-0.6443408603793963,0.2084070884281827,-5.9231896244869535,0.007785585807017511,0.034924446051317524,-2.2917844978971678e-05,528.4800048828124,-482.4,532.0128417968749,251.0400329589844,-166.56001129150388,229.22221679687482,62.87990722656241,917.2799316406249,1460.518310546875,-625.4400390625001,-199.2000488281251,-145.58719482421884,-521.2800231933594,296.63996582031245,578.476806640625
1763688170.944274,6,3,2,-0.8164426410217613,0.09173096193203487,-5.90043506974899,0.0005411896860946976,0.04277096350387844,0.00012284617327051536,514.0799804687499,-463.1999877929687,539.7567382812499,246.24004516601565,-149.76000823974607,240.83842773437482,38.87990722656241,874.0799804687499,1410.182373046875,-615.8399414062501,-194.4000000000001,-153.33121337890634,-497.28001556396487,294.23994140624995,559.11669921875
1763688171.0512617,6,3,2,-1.048432591816777,0.03146341695600624,-5.387065893514018,-0.0007841216659487168,0.05558518952296835,7.529980833543073e-05,523.6799560546874,-477.6000122070312,555.2447753906249,243.84002075195315,-149.76000823974607,248.58256835937482,34.07998046874991,883.6800781249999,1445.030517578125,-635.0401367187501,-199.2000488281251,-153.33121337890634,-506.88001403808596,311.03999023437495,566.86083984375
1763688171.348796,6,3,2,-1.016201066324397,-0.014125629296720288,-5.512515847859891,-0.0027025315524317837,0.055181297343063006,-0.00020870310867269516,530.8800292968749,-482.4,551.3729492187499,251.0400329589844,-147.3600143432617,252.45415039062482,31.67995605468741,888.4801269531249,1445.030517578125,-639.8399414062501,-201.5999511718751,-157.2032226562501,-509.28001556396487,306.23994140624995,574.604736328125
1763688171.7411132,6,3,2,-0.7099802607464356,0.34307574686445985,-5.7170137384873945,0.01376013011466621,0.03886513343541531,-0.0003246670883797287,528.4800048828124,-501.6000122070312,555.2447753906249,246.24004516601565,-180.9600128173828,236.96635742187482,79.67995605468741,924.4801269531249,1522.470458984375,-637.4400390625001,-199.2000488281251,-130.0992187500001,-538.0800109863281,308.63996582031245,570.73291015625
1763688172.0385869,6,3,2,-0.2741896403523601,0.46320180234782626,-5.638360757436537,0.020894903624777927,0.018075371514985585,0.00018615461621160302,0,0,0,0,0,0,0,0,0,0,0,0,0,0,0
1763688172.1488864,6,3,2,-0.3918858481004903,0.5020139048157273,-5.650769836589775,0.02215431525190738,0.023218189659065944,0.00026378176348756683,502.0799804687499,-484.79999389648435,532.0128417968749,229.43999633789065,-183.3600143432617,221.47856445312482,89.27993164062491,886.0799804687499,1468.262451171875,-611.0401367187501,-187.2000488281251,-122.35520019531259,-511.6800170898438,291.84003906249995,535.884765625
1763688172.4450645,6,3,2,-0.6065738960966565,0.3776405033938628,-5.547066486233054,0.014498219664050575,0.03443188888998442,0.0003601373185869879,511.6799560546874,-492.0000061035156,547.5008789062499,236.6400085449219,-178.56001129150388,225.35014648437482,86.87990722656241,900.4801269531249,1487.622314453125,-625.4400390625001,-194.4000000000001,-126.22720947265634,-521.2800231933594,296.63996582031245,562.98876953125
1763688172.5420241,6,3,2,-0.5412942157579019,0.37150623058138343,-5.558389947748244,0.0154792883173908,0.030712209178946296,-0.00026571933860129304,511.6799560546874,-496.79999389648435,555.2447753906249,229.43999633789065,-185.7600158691406,217.60649414062482,89.27993164062491,902.8800292968749,1499.238525390625,-620.6399902343751,-196.8001464843751,-122.35520019531259,-526.0800109863281,301.44001464843745,543.62890625
1763688172.744993,6,3,2,-0.6776153327146218,0.5312981873768969,-5.559502305164459,0.02524348430951354,0.03996860551188226,-7.831854653393439e-05,494.8800292968749,-492.0000061035156,543.6288085937499,217.43999633789065,-183.3600143432617,229.22221679687482,86.87990722656241,866.8800292968749,1483.750244140625,-620.6399902343751,-189.5999511718751,-114.61118164062509,-514.0800109863281,301.44001464843745,528.140869140625
1763688172.9506474,6,3,2,-0.45784051050659985,0.518327813903888,-4.710364942868192,0.022021177012004418,0.02660614517256266,0.0001297145493822818,458.8800292968749,-463.1999877929687,504.9088378906249,203.0400329589844,-183.3600143432617,202.11821289062482,91.67995605468741,811.6800781249999,1386.950439453125,-577.4400390625001,-172.8001464843751,-106.86722412109384,-480.48001251220705,279.84003906249995,493.292724609375
1763688173.338372,6,3,2,-0.16570905571886177,0.5268713710818167,-2.832345039091277,0.024491334253318044,0.01199475699837492,-0.00021058461326544427,326.8800292968749,-347.9999755859375,373.2608886718749,143.04000244140627,-149.76000823974607,155.65434570312482,89.27993164062491,607.6800781249999,1042.342529296875,-426.2400878906251,-134.4000000000001,-60.40317382812509,-365.28000984191897,215.03999023437495,350.02880859375
1763688173.5414577,6,3,2,-0.01703174732661114,0.36737187632130247,-1.7241563964951763,0.018426012360487347,0.001884943637246306,-0.00037754470093727356,266.8800292968749,-283.1999877929687,291.9488769531249,119.04000244140627,-125.7600158691406,109.19047851562482,82.07998046874991,506.8800292968749,833.25439453125,-332.6399902343751,-108.00009765625009,-48.78720703125009,-300.4800048828125,169.44001464843745,284.204833984375
1763688173.6507638,6,3,2,-0.1685882395137469,0.6017648575875351,-1.3146921262899396,0.013239941891456225,-0.0007321057773351969,-0.0005870285632276252,235.6799560546874,-256.8000244140625,260.9728027343749,99.84002075195315,-118.56000366210935,93.70219726562482,79.67995605468741,444.4801269531249,740.326416015625,-296.6399902343751,-93.59995117187509,-41.04318847656259,-271.68000946044924,157.44001464843745,253.228759765625
1763688174.243711,6,3,2,-0.018432272710308423,0.21806414401763471,-0.4556944308682461,0.010896267999671418,-0.00011181810623539946,-0.0001791999194334216,146.8800292968749,-182.39999999999998,160.3009277343749,66.24001464843752,-87.36000671386716,47.23833007812482,65.27993164062491,290.8800292968749,484.7744140625,-188.6399902343751,-60.00009765625009,-29.42722167968759,-182.8799987792969,99.84003906249995,144.812744140625
1763688174.3382905,6,3,2,0.10763005309274032,0.2700079945504011,-0.26784606655622767,0.012241359210300947,-0.002934043037859794,-0.0008157360887281168,137.2799316406249,-167.99997558593748,148.6849609374999,59.04000244140627,-80.16000976562498,39.49443359374982,58.07998046874991,271.6800781249999,461.54248046875,-179.0401367187501,-50.40000000000009,-25.55515136718759,-178.07999572753909,97.44001464843745,133.19677734375
1763688175.1616306,6,3,2,0.013952683791916928,0.23813140980070474,0.20369201081680877,0.008056493631405762,0.0008546708901508972,-0.0004268858659139666,70.07998046874991,-119.99997558593748,82.86074218749991,23.040002441406273,-53.76000061035154,8.518359374999818,46.07998046874991,158.8800292968749,298.91845703125,-107.04013671875009,-21.59995117187509,-21.68320312500009,-120.48000488281252,68.63996582031245,67.372802734375
1763688175.3499463,6,3,2,-0.025716271204040977,0.19147664842187292,0.2765111651412283,0.008860138254826686,0.0007651612505679237,-0.0007839748127442352,62.88002929687491,-117.60001220703123,67.37294921874991,15.840020751953148,-56.16000976562498,0.7744628906248181,48.48000488281241,144.4800048828124,275.6865234375,-97.44003906250009,-16.80014648437509,-17.81125488281259,-115.67998657226565,61.440014648437455,48.0126953125
1763688175.4450836,6,3,2,-0.010472590381433819,0.23354222993369933,0.24578059899525623,0.009706296270029925,0.00016644419598059912,-0.0007169848971409009,84.48000488281241,-112.79996337890623,75.11684570312491,42.24001464843752,-36.96001281738279,16.262255859374818,38.87990722656241,161.2800537109374,279.558349609375,-104.63999023437509,-31.20004882812509,-41.04318847656259,-108.48000488281252,61.440014648437455,67.372802734375
1763688175.657832,6,3,2,-0.503969937520558,0.7209629883624066,0.2287794109769987,0.012492407781621783,0.013153471290387138,-0.00035723257372828783,82.07998046874991,-110.39999999999998,75.11684570312491,39.84002075195315,-36.96001281738279,16.262255859374818,34.07998046874991,154.0799804687499,275.6865234375,-111.83994140625009,-26.40000000000009,-37.17124023437509,-110.8799987792969,63.840039062499955,71.244873046875
1763688176.8434684,6,3,2,-0.11853636139524448,0.14769898440477486,0.22043021485970726,0.0037186710630663982,0.0074702514018627954,-0.0005860909706359918,53.27993164062491,-103.19998779296873,63.50087890624991,20.640008544921898,-24.96001281738279,-3.097607421875182,34.07998046874991,118.07998046874991,229.222412109375,-92.63999023437509,-19.20004882812509,-37.17124023437509,-89.27999267578127,51.840039062499955,36.396728515625
1763688177.3532426,6,3,2,-0.14944621814013276,0.13917749710821675,0.22404075836296472,0.00463696022955441,0.008879440971046329,-0.0007359211810228839,58.07998046874991,-95.99997558593748,48.01284179687491,18.240014648437523,-29.76000061035154,-6.969677734375182,31.67995605468741,115.67995605468741,221.478515625,-92.63999023437509,-21.59995117187509,-33.29916992187509,-91.67998657226565,51.840039062499955,40.268798828125
1763688177.961767,6,3,2,-0.11138766495604954,0.1197473024931265,0.21490791201647266,0.0019822370610142375,0.006546175981816171,-0.0008279872887763418,55.67995605468741,-95.99997558593748,51.88491210937491,18.240014648437523,-27.360006713867165,0.7744628906248181,36.48000488281241,110.88002929687491,209.862548828125,-80.63999023437509,-14.400000000000091,-33.29916992187509,-91.67998657226565,47.039990234374955,36.396728515625
1763688178.4506276,6,3,2,-0.11751464661218823,0.06154891520625075,0.24394352549270432,0.0008356034195537436,0.007345394753860314,-0.0008954832751015727,58.07998046874991,-93.60001220703123,44.14077148437491,23.040002441406273,-22.560003662109352,-3.097607421875182,29.27993164062491,118.07998046874991,202.118408203125,-85.44003906250009,-19.20004882812509,-41.04318847656259,-84.48000488281252,47.039990234374955,44.140869140625
1763688179.2577436,6,3,2,-0.05378957836327002,0.07035399109198237,0.29090970720238346,0.00027752305553307294,0.005664977273796909,-0.0007262757923371019,50.88002929687491,-88.79996337890623,40.26894531249991,23.040002441406273,-20.160009765624977,-10.841748046875182,29.27993164062491,108.48000488281241,190.50244140625,-78.24008789062509,-21.59995117187509,-37.17124023437509,-82.08001098632815,44.639965820312455,36.396728515625
1763688180.1460173,6,3,2,-0.09274709276665467,0.09071185610537041,0.228714383767755,0.0014310744617524929,0.006190051059848272,-0.0003540008256940147,50.88002929687491,-83.99997558593748,40.26894531249991,15.840020751953148,-20.160009765624977,-18.585644531250182,29.27993164062491,103.67995605468741,178.886474609375,-71.04013671875009,-12.000097656250091,-37.17124023437509,-77.27999267578127,32.639965820312455,28.65283203125
1763688180.4386365,6,3,2,-0.0996863556379849,0.08618071695554043,0.24451183100848245,0.0010654660040218397,0.006058141159493638,-0.0002713669150221109,46.07998046874991,-86.39999999999998,28.65273437499991,20.640008544921898,-20.160009765624977,-14.713574218750182,26.87990722656241,106.07998046874991,175.014404296875,-75.83994140625009,-12.000097656250091,-41.04318847656259,-77.27999267578127,37.440014648437455,28.65283203125
1763688181.1531131,6,3,2,-0.10005241531499146,0.11508707891184453,-0.25266524264184137,0.003011034917814853,0.005743645741827285,0.00010420291578786412,84.48000488281241,-119.99997558593748,78.98891601562491,35.04000244140627,-41.76000061035154,4.646289062499818,38.87990722656241,168.4800048828124,302.79052734375,-119.04013671875009,-36.00009765625009,-25.55515136718759,-115.67998657226565,66.23994140624995,71.244873046875
1763688181.248599,6,3,2,-0.18982907877313776,0.09094216055063947,-0.4632169942422165,0.0050538435615095426,0.009528000701395459,4.1371206690422706e-05,94.07998046874991,-127.19998779296873,90.60488281249991,37.44002685546877,-44.16000976562498,16.262255859374818,38.87990722656241,187.6799560546874,322.150390625,-135.8399414062501,-43.20004882812509,-33.29916992187509,-125.27999267578127,71.03999023437495,82.86083984375
1763688181.3387327,6,3,2,-0.15482849784605648,0.17738031761540896,-0.6944150841383147,0.007182003977744763,0.011559261972684264,-0.00011743303420056438,115.67995605468741,-134.39999999999998,113.83681640624991,44.6400085449219,-41.76000061035154,35.62236328124982,31.67995605468741,211.6800781249999,364.742431640625,-150.2400878906251,-45.59995117187509,-44.91519775390634,-137.28000793457034,75.84003906249995,109.96484375
1763688181.8417983,6,3,2,-0.18767253183911675,0.13572891130000625,-1.6946193280023916,0.00550565524325381,0.01488846890081093,-8.378309980855078e-06,206.8800292968749,-211.19998779296873,214.5089355468749,95.04000244140627,-82.56000366210935,82.08623046874982,46.07998046874991,362.8800292968749,597.0625,-260.6399902343751,-86.40000000000009,-52.65921630859384,-218.8799987792969,126.23994140624995,210.63671875
1763688181.948406,6,3,2,-0.2415558731414991,0.23707616506280127,-1.8510369523169912,0.008615877722995605,0.016672634819259905,0.00017567022748120613,218.8800292968749,-223.19998779296873,233.8687988281249,97.44002685546877,-87.36000671386716,89.83012695312482,50.87990722656241,389.2799316406249,655.142333984375,-282.2400878906251,-93.59995117187509,-64.27518310546884,-230.8799987792969,145.44001464843745,222.2529296875
1763688182.3597212,6,3,2,-0.22463176447532165,0.1860586488417212,-2.5652629074215896,0.005968643124944744,0.015299507629422573,-0.0006342223413221146,276.4800048828124,-271.1999877929687,288.0768066406249,126.24001464843752,-113.7600158691406,116.93413085937482,60.48000488281241,499.6800781249999,806.150390625,-339.8399414062501,-108.00009765625009,-72.01920166015634,-293.28000793457034,167.03999023437495,291.94873046875
1763688182.4449725,6,3,2,-0.20688441866095195,0.2014597174359305,-2.8593133281050167,0.007875918555766293,0.013174380886418027,-0.0005764840992618343,305.2799316406249,-297.6000122070312,319.0528808593749,140.6400085449219,-123.36000671386716,132.42241210937482,67.67995605468741,550.0799804687499,895.20654296875,-375.8399414062501,-122.40000000000009,-72.01920166015634,-324.4800086975098,183.84003906249995,326.796875
1763688182.4880676,6,3,2,-0.2153539621784927,0.2265340803828388,-2.909409156007299,0.008076343235976332,0.01323191890941176,-4.8373345771878136e-05,314.8800292968749,-304.8000244140625,330.6688476562499,150.24001464843752,-125.7600158691406,132.42241210937482,67.67995605468741,562.0799804687499,914.56640625,-383.0401367187501,-124.80014648437509,-79.76322021484384,-329.28000793457034,191.03999023437495,338.412841796875
1763688182.5830207,6,3,2,-0.2513591249118696,0.1763436503849536,-3.046312300901791,0.007581065044076441,0.01615822423183374,-0.000641459319773039,319.6799560546874,-321.6000122070312,350.0289550781249,150.24001464843752,-132.9600128173828,132.42241210937482,77.27993164062491,578.8800292968749,953.286376953125,-399.8399414062501,-129.5999511718751,-79.76322021484384,-341.28000793457034,195.84003906249995,350.02880859375
1763688182.689695,6,3,2,-0.29633408275757445,0.2950314172037739,-3.4637647429246554,0.012619548629249083,0.01664357985759247,-0.00023136158019118613,334.0799804687499,-338.4,357.7728515624999,150.24001464843752,-152.16000976562498,136.29448242187482,89.27993164062491,607.6800781249999,1007.494384765625,-411.8399414062501,-134.4000000000001,-72.01920166015634,-365.28000984191897,203.03999023437495,357.772705078125
1763688182.8506222,6,3,2,-0.03618094075221319,0.4242304447800393,-3.6633611684388265,0.0177734139324162,0.0056393598603177945,-0.0002953518981330627,355.6799560546874,-364.8000244140625,388.7489257812499,152.6400085449219,-176.16000976562498,136.29448242187482,106.07998046874991,653.2799316406249,1096.550537109375,-435.8399414062501,-139.2000488281251,-64.27518310546884,-396.48001155853274,212.63996582031245,384.876708984375
1763688183.052427,6,3,2,-0.07376005421882992,0.4017528121659959,-4.358329557096767,0.019924632519107994,0.003949422865595622,0.00024942170760166964,377.2799316406249,-393.6000122070312,415.8529296874999,167.0400329589844,-195.3600143432617,147.91020507812482,125.27993164062491,720.4801269531249,1193.350341796875,-469.4400390625001,-144.0000976562501,-64.27518310546884,-432.48001251220705,229.44001464843745,411.980712890625
1763688183.2400074,6,3,2,-0.09121676925469585,0.4157551734284938,-4.952644039817531,0.019319010864801235,0.008042840510556941,0.0002687956871277725,408.4800048828124,-427.1999877929687,446.8287597656249,176.6400085449219,-202.56001129150388,159.52641601562482,130.0799804687499,766.0799804687499,1278.534423828125,-498.2400878906251,-153.5999511718751,-68.14719238281259,-454.08001098632815,246.23994140624995,439.084716796875
1763688183.3494737,6,3,2,-0.12823394200986438,0.4519245835249097,-5.294181386151942,0.017969332772667986,0.010076062199107028,-9.617805830511176e-05,0,0,0,0,0,0,0,0,0,0,0,0,0,0,0
1763688183.4413302,6,3,2,-0.10197208879782277,0.4100262581518649,-5.509987933045698,0.019061096771047586,0.010886966204519273,-0.00047750486080065505,456.4800048828124,-465.6000122070312,485.5487304687499,205.43999633789065,-209.76001205444334,186.63041992187482,132.4800048828124,854.8800292968749,1410.182373046875,-551.0401367187501,-170.4000000000001,-87.50717773437509,-499.6800170898438,267.84003906249995,489.4208984375
1763688183.501514,6,3,2,-0.10465774864858239,0.4367023808262737,-5.530837359932611,0.01812711856250123,0.010216775202042309,0.0005248533909186627,468.4800048828124,-477.6000122070312,493.2928710937499,205.43999633789065,-207.3600143432617,182.75834960937482,137.2799316406249,869.2799316406249,1425.670654296875,-555.8399414062501,-168.0000976562501,-79.76322021484384,-514.0800109863281,272.63996582031245,497.164794921875
1763688183.5933304,6,3,2,-0.17785163824236638,0.43933529407750554,-5.868209243393888,0.01700680308546399,0.011173383857677653,-0.0001474528850074861,482.8800292968749,-487.20001831054685,504.9088378906249,207.84002075195315,-224.16001358032224,186.63041992187482,149.2799316406249,895.6800781249999,1476.006591796875,-570.2400878906251,-172.8001464843751,-87.50717773437509,-528.4800201416016,279.84003906249995,508.78076171875
1763688183.7541995,6,3,2,-0.24851048466699371,0.3565691245213586,-6.651031212135201,0.015536710001417452,0.01776279368821003,0.0002792462299160501,502.0799804687499,-513.6000122070312,535.8849121093749,227.0400329589844,-226.56001510620115,198.24614257812482,156.4800048828124,950.8800292968749,1561.190673828125,-596.6399902343751,-184.8001464843751,-91.37918701171884,-557.2800231933594,296.63996582031245,535.884765625
1763688183.7820199,6,3,2,-0.27491937925984533,0.3610225588535764,-6.581817001164054,0.015748123773046806,0.018098674343714316,-8.006387209792513e-06,511.6799560546874,-516.0000061035156,528.1407714843749,227.0400329589844,-233.7600158691406,205.99028320312482,161.2799316406249,960.4801269531249,1565.062255859375,-601.4400390625001,-187.2000488281251,-95.25119628906259,-557.2800231933594,291.84003906249995,543.62890625
1763688183.941085,6,3,2,-0.36706375662195223,0.3202067138767205,-7.379256159324001,0.013945187239752167,0.022805914983801672,-0.00013924619649498997,564.4800048828124,-556.7999938964844,574.6048828124999,253.43999633789065,-231.3600143432617,225.35014648437482,146.8799072265624,1034.880029296875,1681.222412109375,-651.8399414062501,-196.8001464843751,-126.22720947265634,-598.0800262451172,318.24006347656245,586.220703125
1763688184.050824,6,3,2,-0.4748001833888248,0.30534839846184736,-7.770067958648224,0.012493836544131977,0.02600562726405733,3.0137791586474713e-05,581.2800537109374,-576.0000061035156,582.3487792968749,263.0400329589844,-236.16001358032224,225.35014648437482,168.4800048828124,1080.480126953125,1747.046630859375,-666.2400878906251,-206.4000000000001,-122.35520019531259,-622.0800262451172,323.03999023437495,605.580810546875
1763688184.1424246,6,3,2,-0.23618956006530983,0.3984259113176121,-8.13785260179482,0.01795749976900633,0.017049795633357137,0.00014571526422794728,605.2800537109374,-597.6000122070312,605.5809570312499,270.24004516601565,-243.3600143432617,233.09428710937482,168.4800048828124,1118.880029296875,1801.254638671875,-687.8399414062501,-213.5999511718751,-133.97122802734384,-643.6800170898438,332.63996582031245,624.94091796875
1763688184.1904652,6,3,2,-0.25649847683274907,0.36367222906386343,-8.091812813808861,0.016513798204308518,0.01693132177689528,0.0002371720744611043,626.8800292968749,-616.8000244140625,617.1969238281249,279.84002075195315,-248.16001548767088,240.83842773437482,166.0799804687499,1150.07998046875,1843.846435546875,-711.8399414062501,-223.2000488281251,-137.84317626953134,-658.0800109863281,342.24006347656245,644.30078125
1763688184.2957788,6,3,2,-0.43659200496965944,0.3701697793765069,-8.605759396861192,0.013817610701429926,0.023708888212837273,0.0005128058343945082,660.4800048828124,-643.2000183105469,644.3009277343749,294.24004516601565,-250.56001510620115,244.71049804687482,175.6799560546874,1212.480126953125,1929.030517578125,-740.6399902343751,-230.4000000000001,-164.94718017578134,-694.0800109863281,359.03999023437495,671.40478515625
1763688184.4415731,6,3,2,-0.6277454102018235,0.19292985794245318,-9.728568199744341,0.0070355764863565574,0.03647391056309886,0.0007269879514966169,701.2800537109374,-672.0000061035156,671.4049316406249,318.24004516601565,-255.360015296936,260.1982910156248,170.8799072265624,1274.880029296875,2021.958251953125,-774.2400878906251,-240.0000976562501,-180.43521728515634,-722.880029296875,371.03999023437495,717.868896484375
1763688184.551787,6,3,2,-0.6062934589785065,0.2687085879063158,-9.533986980199717,0.009075922449908218,0.03371202576627283,0.0004852948484117114,691.6799560546874,-672.0000061035156,663.6607910156249,313.43999633789065,-257.7600158691406,256.3262207031248,180.4800048828124,1277.28017578125,2018.086669921875,-767.0401367187501,-235.2000488281251,-180.43521728515634,-725.2800231933594,373.44001464843745,710.124755859375
1763688184.6457188,6,3,2,-0.432607160090461,0.3385985105761614,-9.330685096147239,0.013827462043535833,0.02575185710240248,0.000413464140437051,674.8800292968749,-664.8000244140625,655.9168945312499,303.84002075195315,-262.5600155830383,252.45415039062482,192.4800048828124,1265.28017578125,2010.342529296875,-755.0401367187501,-232.8001464843751,-164.94718017578134,-722.880029296875,361.44001464843745,690.764892578125
1763688184.7413077,6,3,2,-0.25259604810617636,0.3955366311329347,-8.896610793785413,0.01717636875480906,0.017944239596102793,-0.0005972907527355344,672.4800048828124,-660.0000061035156,644.3009277343749,301.43999633789065,-267.36001577377317,244.71049804687482,202.0799804687499,1258.07998046875,1998.726318359375,-740.6399902343751,-230.4000000000001,-153.33121337890634,-715.6800170898438,359.03999023437495,679.14892578125
1763688184.849533,6,3,2,-0.1312101674514357,0.47024488910907036,-8.833492077880859,0.020268902594625344,0.010184211501991725,0.0006025528383368786,665.2800537109374,-664.8000244140625,648.1727539062499,294.24004516601565,-269.7600158691406,240.83842773437482,206.8799072265624,1258.07998046875,1994.854248046875,-738.2400878906251,-228.0000976562501,-157.2032226562501,-713.2800231933594,361.44001464843745,679.14892578125
1763688185.0523038,6,3,2,-0.057639356023629545,0.5166577151010794,-8.608687848591842,0.021928656492118025,0.006879496850309166,0.0006067148712306123,667.6799560546874,-660.0000061035156,640.4288574218749,299.0400329589844,-272.16001596450803,240.83842773437482,209.2799316406249,1258.07998046875,1998.726318359375,-738.2400878906251,-230.4000000000001,-153.33121337890634,-715.6800170898438,356.63996582031245,675.27685546875
1763688185.1736145,6,3,2,-0.17294830416121282,0.4862011969758423,-8.598459976998623,0.02008857099541883,0.01244808256597748,-0.00017495260884710525,670.0799804687499,-667.2000183105469,636.5567871093749,296.6400085449219,-272.16001596450803,240.83842773437482,211.6799560546874,1255.680078125,1994.854248046875,-738.2400878906251,-235.2000488281251,-161.0751708984376,-718.0800109863281,354.24006347656245,675.27685546875
1763688185.349472,6,3,2,-0.17748192830544868,0.4535830856656298,-8.568582221281577,0.019010983984639063,0.011816271836534373,0.00038103584456351835,670.0799804687499,-662.4,640.4288574218749,299.0400329589844,-272.16001596450803,244.71049804687482,209.2799316406249,1262.880029296875,1998.726318359375,-738.2400878906251,-230.4000000000001,-153.33121337890634,-718.0800109863281,356.63996582031245,686.892822265625
1763688185.3619728,6,3,2,-0.16197220341509472,0.4539088629481063,-8.618060980553231,0.019331758480298,0.011685822150257708,0.0001300748584463923,670.0799804687499,-667.2000183105469,648.1727539062499,301.43999633789065,-269.7600158691406,240.83842773437482,209.2799316406249,1258.07998046875,1994.854248046875,-743.0401367187501,-232.8001464843751,-161.0751708984376,-713.2800231933594,359.03999023437495,679.14892578125
1763688185.455686,6,3,2,-0.18644778501461698,0.4546769838289591,-8.552352687566263,0.019012570028767432,0.012832303963767819,0.0003088366574678467,672.4800048828124,-669.6000122070312,644.3009277343749,299.0400329589844,-269.7600158691406,240.83842773437482,206.8799072265624,1260.480126953125,2010.342529296875,-740.6399902343751,-230.4000000000001,-161.0751708984376,-718.0800109863281,359.03999023437495,683.020751953125
1763688185.647236,6,3,2,-0.37657370086518344,0.32912938706861394,-8.674209257158578,0.013460686203991212,0.022264519454272543,-0.0004484317889876443,684.4800048828124,-669.6000122070312,655.9168945312499,306.24004516601565,-267.36001577377317,244.71049804687482,197.2799316406249,1272.480126953125,2018.086669921875,-752.6399902343751,-235.2000488281251,-168.8191894531251,-725.2800231933594,359.03999023437495,698.5087890625
1763688185.7542357,6,3,2,-0.37788362936095543,0.31909204356281884,-8.470965147467941,0.013768843421908938,0.022310007946641293,-0.0006863115391938608,682.0799804687499,-669.6000122070312,655.9168945312499,306.24004516601565,-267.36001577377317,244.71049804687482,197.2799316406249,1272.480126953125,2018.086669921875,-752.6399902343751,-230.4000000000001,-161.0751708984376,-722.880029296875,361.44001464843745,694.63671875
1763688185.8486235,6,3,2,-0.297467441497418,0.362379678600786,-8.430908899905825,0.01570434782090552,0.018732527473914056,3.505818709597709e-05,682.0799804687499,-672.0000061035156,652.0448242187499,303.84002075195315,-267.36001577377317,244.71049804687482,202.0799804687499,1274.880029296875,2014.214599609375,-750.2400878906251,-237.5999511718751,-164.94718017578134,-722.880029296875,361.44001464843745,694.63671875
1763688185.9442852,6,3,2,-0.3233186228119899,0.3567342029972082,-8.447256870778638,0.015648192653380744,0.019139762414598964,0.00010788257556755164,682.0799804687499,-672.0000061035156,644.3009277343749,306.24004516601565,-267.36001577377317,244.71049804687482,199.6799560546874,1274.880029296875,2021.958251953125,-750.2400878906251,-232.8001464843751,-161.0751708984376,-722.880029296875,359.03999023437495,694.63671875
1763688186.0542502,6,3,2,-0.30365336744874155,0.3952821068823966,-8.431932131090818,0.01546286774332728,0.019056790113365564,-4.7330801180063206e-05,0,0,0,0,0,0,0,0,0,0,0,0,0,0,0
1763688186.147328,6,3,2,-0.3035891210704547,0.37607087875026846,-8.36478614752677,0.015324807022755758,0.01888045894725169,-0.0001786638360000408,682.0799804687499,-672.0000061035156,648.1727539062499,303.84002075195315,-267.36001577377317,252.45415039062482,199.6799560546874,1274.880029296875,2018.086669921875,-752.6399902343751,-237.5999511718751,-164.94718017578134,-722.880029296875,361.44001464843745,694.63671875
1763688186.4438884,6,3,2,-0.2918233558274515,0.42171487551729225,-8.3580287561882,0.017061666583184504,0.01767115876241366,0.00013972556141409777,684.4800048828124,-667.2000183105469,648.1727539062499,306.24004516601565,-269.7600158691406,244.71049804687482,204.4800048828124,1267.680078125,2010.342529296875,-745.4400390625001,-230.4000000000001,-164.94718017578134,-720.4800354003906,363.84003906249995,686.892822265625
1763688186.755908,6,3,2,-0.3243987113267595,0.37728812542373735,-8.276898717725976,0.016202952674710273,0.018986686467352153,9.114556935245488e-05,682.0799804687499,-669.6000122070312,648.1727539062499,303.84002075195315,-272.16001596450803,236.96635742187482,204.4800048828124,1270.07998046875,2010.342529296875,-747.8399414062501,-232.8001464843751,-164.94718017578134,-727.6800170898438,359.03999023437495,690.764892578125
1763688186.8474345,6,3,2,-0.20575021787333336,0.4014921474757538,-8.223852070344432,0.017144864231006852,0.014609906603940657,0.00018864742568566067,686.8800292968749,-674.4,652.0448242187499,306.24004516601565,-274.56001605987547,244.71049804687482,211.6799560546874,1279.680078125,2018.086669921875,-745.4400390625001,-230.4000000000001,-164.94718017578134,-725.2800231933594,359.03999023437495,694.63671875
1763688186.9422758,6,3,2,-0.27962827879530217,0.37580352530535643,-8.249529155980975,0.014216466873279866,0.015951671623421385,1.3269822353245394e-05,686.8800292968749,-674.4,652.0448242187499,303.84002075195315,-267.36001577377317,244.71049804687482,204.4800048828124,1277.28017578125,2021.958251953125,-750.2400878906251,-235.2000488281251,-164.94718017578134,-727.6800170898438,363.84003906249995,694.63671875
1763688187.051805,6,3,2,-0.3217124032598513,0.3354639159639781,-8.264148773795437,0.015189992404808969,0.01933253411737751,1.6828491408604762e-05,682.0799804687499,-669.6000122070312,648.1727539062499,303.84002075195315,-269.7600158691406,248.58256835937482,204.4800048828124,1272.480126953125,2018.086669921875,-752.6399902343751,-235.2000488281251,-161.0751708984376,-722.880029296875,359.03999023437495,694.63671875
1763688187.1897843,6,3,2,-0.2620765527896845,0.359978932399181,-8.262395098113732,0.01577006733305135,0.016570039284966163,0.0004859894620818635,674.8800292968749,-657.6000122070312,636.5567871093749,301.43999633789065,-267.36001577377317,236.96635742187482,197.2799316406249,1253.28017578125,1983.238525390625,-735.8399414062501,-228.0000976562501,-161.0751708984376,-710.880029296875,351.84003906249995,679.14892578125
1763688187.3469834,6,3,2,-0.1758286311643093,0.4150441507894424,-7.542154141922429,0.01900442665623519,0.011182556802253461,0.00020362751695677085,641.2800537109374,-638.4,621.0687499999999,282.24004516601565,-267.36001577377317,225.35014648437482,194.8799072265624,1198.07998046875,1913.542236328125,-711.8399414062501,-216.0000976562501,-149.4592041015626,-684.4800354003906,339.84003906249995,648.1728515625
1763688187.4387724,6,3,2,-0.10879197770232733,0.463007704788692,-7.07577544693629,0.022260622791295093,0.007893276851411363,0.0003009646399529523,622.0799804687499,-616.8000244140625,605.5809570312499,270.24004516601565,-260.1600154876709,221.47856445312482,194.8799072265624,1162.07998046875,1851.590576171875,-687.8399414062501,-211.2000488281251,-133.97122802734384,-667.6800170898438,332.63996582031245,628.812744140625
1763688187.5012727,6,3,2,-0.1241963396561449,0.4721667910584395,-6.974894695459275,0.022017778960751265,0.00803689525150391,-5.565997335892688e-05,605.2800537109374,-607.2000183105469,593.9647460937499,267.84002075195315,-264.96001567840574,217.60649414062482,190.0799804687499,1135.680078125,1808.998291015625,-673.4400390625001,-206.4000000000001,-126.22720947265634,-648.4800354003906,325.44001464843745,628.812744140625
1763688187.643434,6,3,2,0.026509756377662508,0.5348271780016678,-5.702334422322544,0.024821722170292024,0.0010311339464638795,-0.0006912582415421645,545.2800537109374,-561.6000122070312,551.3729492187499,246.24004516601565,-252.96001472473142,202.11821289062482,190.0799804687499,1044.480126953125,1681.222412109375,-625.4400390625001,-189.5999511718751,-102.99521484375009,-602.880014038086,306.23994140624995,562.98876953125
1763688187.7043743,6,3,2,0.010577023496489313,0.5133990976705549,-5.73800687504764,0.024301393500651733,0.0015302221153163514,-0.0003914660324512006,0,0,0,0,0,0,0,0,0,0,0,0,0,0,0
1763688187.8113856,6,3,2,0.026377988486328968,0.5567598923117604,-5.076926916864917,0.02552634746321747,0.00036415111669364265,-0.0007795755800422278,494.8800292968749,-516.0000061035156,504.9088378906249,217.43999633789065,-243.3600143432617,182.75834960937482,185.2799316406249,958.0799804687499,1537.958251953125,-567.8399414062501,-175.2000488281251,-79.76322021484384,-554.880014038086,279.84003906249995,520.396728515625
1763688187.9405568,6,3,2,0.32458727784103564,0.6175907503598184,-3.725262800354375,0.030824729140832712,-0.01648972923759512,-0.000284296056317155,444.4800048828124,-475.1999877929687,470.0609374999999,193.43999633789065,-231.3600143432617,171.14213867187482,168.4800048828124,859.6800781249999,1410.182373046875,-522.2400878906251,-160.8001464843751,-60.40317382812509,-506.88001403808596,265.44001464843745,470.060791015625
1763688188.1452217,6,3,2,0.2989744448759859,0.6424723157257985,-2.6651266831120846,0.03148824372493346,-0.014175847147687562,-0.00021695850068937712,353.2799316406249,-400.8000244140625,392.6207519531249,152.6400085449219,-212.16001358032224,132.42241210937482,158.8799072265624,706.0799804687499,1185.6064453125,-431.0401367187501,-129.5999511718751,-37.17124023437509,-425.2800117492676,222.23994140624995,388.748779296875
1763688188.254732,6,3,2,0.3733397175062243,0.6823109003170521,-2.215277225897618,0.03095424691806027,-0.015339897465151523,-0.0004536742022599459,314.8800292968749,-369.6000122070312,350.0289550781249,133.44002685546877,-207.3600143432617,113.06254882812482,156.4800048828124,636.4801269531249,1069.446533203125,-385.4400390625001,-115.20004882812509,-25.55515136718759,-386.880011177063,203.03999023437495,334.540771484375
1763688188.3498063,6,3,2,0.4037285398115941,0.621998471554309,-1.8040983626936864,0.031974652870848976,-0.0200176004959359,-0.0004546025953589837,293.2799316406249,-345.6000122070312,330.6688476562499,123.84002075195315,-190.56001129150388,97.57426757812482,144.4800048828124,586.0799804687499,999.75048828125,-351.8399414062501,-108.00009765625009,-25.55515136718759,-360.4800106048584,191.03999023437495,311.308837890625
1763688188.4422228,6,3,2,0.3012370159332104,0.5631778872725717,-1.4757925346589835,0.02934523171549169,-0.016401229999416927,-0.0012804722422665965,254.8800292968749,-319.1999877929687,295.8209472656249,104.6400085449219,-178.56001129150388,89.83012695312482,134.8799072265624,523.6800781249999,914.56640625,-323.0401367187501,-91.20004882812509,-13.939184570312591,-326.8800102233887,176.63996582031245,276.460693359375
1763688188.941617,6,3,2,0.3761202298191829,0.42577482364921454,-0.5476780924138946,0.0218270602536385,-0.018165870439045263,-0.0007359727298415318,180.4800048828124,-247.19998779296873,206.7647949218749,78.24001464843752,-152.16000976562498,39.49443359374982,110.87990722656241,391.6800781249999,662.886474609375,-227.0401367187501,-62.40000000000009,-2.323217773437591,-252.48000488281252,131.03999023437495,187.40478515625
1763688189.0499172,6,3,2,0.3778085122178755,0.427741486278643,-0.3877255680109415,0.01970765561637908,-0.018103406419711254,-0.0007664487893403076,0,0,0,0,0,0,0,0,0,0,0,0,0,0,0
1763688189.1424763,6,3,2,0.3310089825361899,0.37378175296653604,-0.4434181853338037,0.018060679903294685,-0.01688096996912525,-0.0007100907323349874,154.0799804687499,-223.19998779296873,179.6607910156249,59.04000244140627,-140.16000976562498,24.006396484374818,101.27993164062491,343.6800781249999,593.1904296875,-193.4400390625001,-48.00009765625009,-2.323217773437591,-228.48000488281252,114.23994140624995,164.1728515625
1763688189.3446453,6,3,2,0.34976203791762156,0.3365756644149351,-0.21702494554767016,0.015634461813913276,-0.01713430643174289,-0.001262169052863921,139.6799560546874,-211.19998779296873,160.3009277343749,56.6400085449219,-132.9600128173828,16.262255859374818,101.27993164062491,314.8800292968749,538.982421875,-169.4400390625001,-43.20004882812509,1.548852539062409,-211.6800018310547,99.84003906249995,148.684814453125
1763688189.4394968,6,3,2,0.2998682078437713,0.28918711022791416,-0.2175224204487115,0.014914894895744883,-0.017272669942645737,-0.0009483575823531598,146.8800292968749,-199.19998779296873,156.4288574218749,54.24001464843752,-123.36000671386716,16.262255859374818,86.87990722656241,307.6800781249999,511.87841796875,-169.4400390625001,-43.20004882812509,-2.323217773437591,-204.48000488281252,97.44001464843745,144.812744140625
1763688190.1401858,6,3,2,0.2071872695646934,0.28211019105769297,0.27052356695186797,0.012059531374385,-0.008322196523047177,-0.0007833836184146694,84.48000488281241,-155.99997558593748,90.60488281249991,23.040002441406273,-92.16000976562498,-14.713574218750182,72.48000488281241,197.2799316406249,360.870361328125,-109.44003906250009,-16.80014648437509,1.548852539062409,-154.07999572753909,68.63996582031245,75.11669921875
1763688190.341475,6,3,2,0.19383819539997713,0.24709053121393817,0.22566590147792565,0.012961863592440524,-0.010162469303750109,-0.00032362952610867136,72.48000488281241,-148.79996337890623,90.60488281249991,23.040002441406273,-92.16000976562498,-18.585644531250182,74.87990722656241,187.6799560546874,345.38232421875,-99.83994140625009,-16.80014648437509,9.292749023437409,-146.8799987792969,66.23994140624995,67.372802734375
1763688190.5472293,6,3,2,0.12879655144887747,0.29189520216870135,0.2901996341825873,0.012274494478465762,-0.00641946921958269,-0.001244517885657534,84.48000488281241,-134.39999999999998,90.60488281249991,25.439996337890648,-60.96001281738279,12.390429687499818,50.87990722656241,180.4800048828124,318.278564453125,-114.24008789062509,-26.40000000000009,-17.81125488281259,-130.07999572753909,68.63996582031245,75.11669921875
1763688190.8445137,6,3,2,-0.5368220897050764,0.8355862987924758,0.2224886456363635,0.01509047664861435,0.013644217325504764,-0.0005142739396590251,89.27993164062491,-122.39999999999998,86.73281249999991,37.44002685546877,-48.96001281738279,8.518359374999818,43.67995605468741,170.8800292968749,306.662353515625,-111.83994140625009,-26.40000000000009,-33.29916992187509,-120.48000488281252,66.23994140624995,78.98876953125
1763688191.1716003,6,3,2,-0.17696816348587838,0.07025649763181024,0.2807757598487526,0.0009178249104323639,0.0069228706990339586,-0.0007261378126597745,89.27993164062491,-119.99997558593748,78.98891601562491,42.24001464843752,-46.56000366210935,16.262255859374818,41.27993164062491,173.2800537109374,287.302490234375,-114.24008789062509,-28.80014648437509,-37.17124023437509,-110.8799987792969,61.440014648437455,75.11669921875
1763688191.2974205,6,3,2,-0.06996587092195819,-0.0180885178895469,0.203949251002424,-0.0008069144187547786,0.005608106263766643,-0.000754231050519898,0,0,0,0,0,0,0,0,0,0,0,0,0,0,0
1763688191.5622544,6,3,2,-0.08528118041915156,0.039248610926093684,0.2716325111391851,-0.0006613553910648439,0.006112365489364368,-0.0007342608621524541,86.88002929687491,-112.79996337890623,71.24477539062491,37.44002685546877,-41.76000061035154,16.262255859374818,38.87990722656241,168.4800048828124,279.558349609375,-104.63999023437509,-24.00009765625009,-37.17124023437509,-113.27999267578127,61.440014648437455,75.11669921875
1763688191.5934658,6,3,2,-0.1458830003144706,0.05555588382996454,0.22443285598075438,-0.0003793766488640721,0.006346260919424012,-0.0005163936252079132,84.48000488281241,-110.39999999999998,75.11684570312491,42.24001464843752,-39.360006713867165,12.390429687499818,34.07998046874991,168.4800048828124,283.430419921875,-109.44003906250009,-28.80014648437509,-33.29916992187509,-108.48000488281252,61.440014648437455,67.372802734375
1763688191.8568282,6,3,2,-0.09017460430843574,0.010602629514088475,0.22463562385022662,9.126609389569851e-05,0.006171160773520919,-0.000979748281587852,84.48000488281241,-112.79996337890623,75.11684570312491,35.04000244140627,-39.360006713867165,8.518359374999818,38.87990722656241,161.2800537109374,264.070556640625,-104.63999023437509,-24.00009765625009,-37.17124023437509,-113.27999267578127,61.440014648437455,67.372802734375
1763688192.1547222,6,3,2,-0.11602578567598537,0.004957153843105168,0.20828765232994087,3.511092556340574e-05,0.006578395721694705,-0.0009069238927092642,82.07998046874991,-110.39999999999998,63.50087890624991,39.84002075195315,-36.96001281738279,8.518359374999818,36.48000488281241,156.4800048828124,256.326416015625,-95.04013671875009,-24.00009765625009,-37.17124023437509,-101.27999267578127,61.440014648437455,67.372802734375
1763688192.4421773,6,3,2,-0.09819464880263203,0.05747282121187267,0.22652918935037553,0.0004828345645460834,0.005672079059827584,-0.0007470005897195988,74.88002929687491,-105.60001220703123,59.62880859374991,35.04000244140627,-36.96001281738279,8.518359374999818,36.48000488281241,151.6799560546874,256.326416015625,-97.44003906250009,-21.59995117187509,-37.17124023437509,-103.67998657226565,54.239941406249955,59.62890625
1763688192.7524445,6,3,2,-0.07966837295302762,0.04671767618328472,0.2068623031335966,6.506165506872403e-05,0.00568717815096002,-0.00036409391797939265,72.48000488281241,-105.60001220703123,59.62880859374991,35.04000244140627,-32.16000976562498,4.646289062499818,34.07998046874991,146.8800292968749,248.58251953125,-95.04013671875009,-19.20004882812509,-33.29916992187509,-103.67998657226565,51.840039062499955,59.62890625
1763688193.0614958,6,3,2,-0.04631779832541997,0.026534524505491743,0.22292466043954065,6.998385998705165e-05,0.0055052248515530065,-0.0007476934130292913,70.07998046874991,-98.39999999999998,63.50087890624991,32.6400085449219,-29.76000061035154,8.518359374999818,34.07998046874991,146.8800292968749,236.966552734375,-95.04013671875009,-21.59995117187509,-29.42722167968759,-96.48000488281252,56.639965820312455,59.62890625
1763688193.3732765,6,3,2,-0.09606847108124035,0.04600837754750677,0.223767302663692,-0.00011328431317543476,0.005924554985793903,-0.0005931764760186553,70.07998046874991,-103.19998779296873,48.01284179687491,32.6400085449219,-29.76000061035154,0.7744628906248181,31.67995605468741,142.0799804687499,236.966552734375,-90.24008789062509,-24.00009765625009,-37.17124023437509,-96.48000488281252,51.840039062499955,55.7568359375
1763688194.249595,6,3,2,-0.10782267615374307,0.05076017036492524,0.21016277952580742,0.000580954643537325,0.006226545710131892,-0.0009080166200497321,65.27993164062491,-98.39999999999998,55.75673828124991,30.240014648437523,-29.76000061035154,8.518359374999818,31.67995605468741,134.8800292968749,225.350341796875,-87.83994140625009,-19.20004882812509,-41.04318847656259,-94.08001098632815,49.440014648437455,48.0126953125
1763688196.5430906,6,3,2,-0.07374401053839894,0.1379093656420073,-0.32150309593067744,0.0030111639659222925,0.005971506139405151,0.0001556969995034945,74.88002929687491,-119.99997558593748,82.86074218749991,27.840020751953148,-58.56000366210935,-6.969677734375182,46.07998046874991,166.0799804687499,295.04638671875,-111.83994140625009,-26.40000000000009,-21.68320312500009,-115.67998657226565,66.23994140624995,67.372802734375
1763688197.851364,6,3,2,-0.1339023937644756,0.3969782847379171,-3.148510393801703,0.016315289994863206,0.010261756026869833,4.250731723953239e-05,0,0,0,0,0,0,0,0,0,0,0,0,0,0,0
1763688197.9462738,6,3,2,-0.27123680227004776,0.36025210360862603,-3.4656260757578403,0.013140680254159409,0.01866525741850879,-6.219924205061456e-07,331.6799560546874,-362.4,381.0047851562499,143.04000244140627,-176.16000976562498,128.55034179687482,94.07998046874991,622.0799804687499,1053.95849609375,-421.4400390625001,-122.40000000000009,-60.40317382812509,-379.6800108909607,212.63996582031245,357.772705078125
1763688198.147001,6,3,2,-0.2983837220045816,0.3375921859252158,-4.12949314523615,0.014770322645282028,0.017921339223868477,-0.00022866962459567545,365.2799316406249,-393.6000122070312,423.5968261718749,159.84002075195315,-185.7600158691406,147.91020507812482,103.67995605468741,689.2799316406249,1173.990478515625,-467.0401367187501,-134.4000000000001,-60.40317382812509,-420.48001251220705,231.84003906249995,408.10888671875
1763688198.3514187,6,3,2,-0.24330583703954273,0.38370527683259287,-4.679113660907089,0.020060752861592555,0.01371842115281182,-0.0003289845375982249,408.4800048828124,-436.8000244140625,466.1888671874999,186.24004516601565,-195.3600143432617,167.27055664062482,110.87990722656241,761.2799316406249,1294.022216796875,-517.4400390625001,-153.5999511718751,-68.14719238281259,-458.88001403808596,260.63996582031245,450.700927734375
1763688198.4482532,6,3,2,-0.3727304878985517,0.3518419647259466,-5.155747540614843,0.015026667629249802,0.022845734661206943,-0.00035935152692779344,439.6799560546874,-455.9999755859375,485.5487304687499,193.43999633789065,-200.16000976562498,175.01420898437482,113.27993164062491,799.6800781249999,1352.102294921875,-536.6399902343751,-153.5999511718751,-83.63522949218759,-480.48001251220705,270.23994140624995,477.804931640625
1763688198.555115,6,3,2,-0.41369306215208934,0.3062062704861299,-5.48186192761753,0.0136960180458649,0.02585677844068414,7.051641791072779e-05,458.8800292968749,-472.8000244140625,504.9088378906249,207.84002075195315,-200.16000976562498,190.50249023437482,110.87990722656241,842.8800292968749,1417.926513671875,-560.6399902343751,-158.4000000000001,-83.63522949218759,-499.6800170898438,279.84003906249995,501.036865234375
1763688198.5856647,6,3,2,-0.3863762365944998,0.3305950472857076,-5.533735562002631,0.013545085699121833,0.025610382116721377,-0.00010738465665805462,466.0799804687499,-482.4,516.5248046874999,210.24004516601565,-209.76001205444334,186.63041992187482,115.67995605468741,850.0799804687499,1425.670654296875,-565.4400390625001,-160.8001464843751,-91.37918701171884,-504.48001251220705,282.23994140624995,501.036865234375
1763688198.678159,6,3,2,-0.48607514775111715,0.3117372536158735,-5.822640293810162,0.012254915184716742,0.02848047768839453,-0.00029156918030263067,480.4800048828124,-496.79999389648435,520.3968749999999,215.0400329589844,-214.56001510620115,194.37456054687482,130.0799804687499,886.0799804687499,1487.622314453125,-584.6399902343751,-165.5999511718751,-95.25119628906259,-528.4800201416016,291.84003906249995,524.268798828125
1763688198.851803,6,3,2,-0.507496342738566,0.2802727326301234,-6.697427954239826,0.012238062382467255,0.029594064947736635,0.00010263626673248432,0,0,0,0,0,0,0,0,0,0,0,0,0,0,0
1763688198.9440885,6,3,2,-0.3882728816070277,0.324546367262577,-6.862469813992599,0.013096846996002122,0.02509699961709995,-0.0004271984395481246,545.2800537109374,-552.0000061035156,578.4769531249999,251.0400329589844,-226.56001510620115,217.60649414062482,130.0799804687499,989.2799316406249,1642.502197265625,-647.0401367187501,-180.0000976562501,-106.86722412109384,-583.6800170898438,318.24006347656245,586.220703125
1763688198.9731023,6,3,2,-0.3878648888361277,0.3467836786075226,-6.8617053250450555,0.013292884274743146,0.02452483538074627,-3.7241819578435423e-05,554.8800292968749,-559.2000183105469,582.3487792968749,248.6400085449219,-228.9600128173828,221.47856445312482,125.27993164062491,1006.0799804687499,1665.734619140625,-649.4400390625001,-184.8001464843751,-118.48319091796884,-590.880014038086,327.84003906249995,590.0927734375
1763688199.1484113,6,3,2,-0.525335859001301,0.3069983815430122,-7.744517049232475,0.011593473980761887,0.03308146718502963,-0.0004320601093082241,600.4800048828124,-602.4,621.0687499999999,275.0400329589844,-238.56001510620115,233.09428710937482,134.8799072265624,1090.07998046875,1785.766357421875,-690.2400878906251,-199.2000488281251,-137.84317626953134,-634.0800262451172,344.63996582031245,640.4287109375
1763688199.2419481,6,3,2,-0.5406563392801862,0.19031048100115586,-8.236666166931302,0.005955848402144474,0.034115473627506054,-0.00030920851553681815,634.0799804687499,-626.4,648.1727539062499,291.84002075195315,-243.3600143432617,248.58256835937482,139.6799560546874,1150.07998046875,1874.822509765625,-723.8399414062501,-206.4000000000001,-153.33121337890634,-662.880029296875,356.63996582031245,675.27685546875
1763688199.284646,6,3,2,-0.5773742843661642,0.18934419616737214,-8.20139388411713,0.006472995458830736,0.03489884181103273,0.0006442957876038307,650.8800292968749,-645.6000122070312,659.7889648437499,291.84002075195315,-250.56001510620115,248.58256835937482,142.0799804687499,1181.279931640625,1913.542236328125,-740.6399902343751,-213.5999511718751,-153.33121337890634,-682.0800109863281,371.03999023437495,683.020751953125
1763688199.443462,6,3,2,-0.753226894762637,0.16855006270740786,-9.362535987570709,0.005861391134460384,0.04189610289086716,0.00023118340550113987,708.4800048828124,-686.4,698.5089355468749,323.0400329589844,-255.360015296936,264.0703613281248,137.2799316406249,1272.480126953125,2045.190673828125,-791.0401367187501,-228.0000976562501,-184.3072265625001,-730.0800109863281,385.44001464843745,737.228759765625
1763688199.5534508,6,3,2,-0.828024449386422,0.10611103260881188,-10.06907191705178,0.0018893224795790628,0.04755591873956917,0.00012495236337823875,739.6799560546874,-717.6000122070312,713.9967285156249,335.0400329589844,-264.96001567840574,264.0703613281248,149.2799316406249,1332.480126953125,2130.374267578125,-812.6399902343751,-237.5999511718751,-188.1791748046876,-758.880029296875,404.63996582031245,756.5888671875
1763688199.740587,6,3,2,-0.9283229681480036,0.08040808259702531,-11.153289747319086,-3.148496876755405e-05,0.05237997586453463,0.0005931360050364168,816.4800048828124,-777.6000122070312,768.2047363281249,371.0400329589844,-274.56001605987547,291.1743652343748,156.4800048828124,1464.480126953125,2320.102294921875,-872.6399902343751,-256.8001464843751,-242.3871826171876,-828.4800354003906,428.63996582031245,826.284912109375
1763688199.769128,6,3,2,-0.903286953186744,0.04757036259652925,-11.08619307061922,-0.00011066992189457184,0.05171491702486882,0.00022844935497605282,838.0799804687499,-796.8000244140625,779.8209472656249,375.84002075195315,-272.16001596450803,291.1743652343748,149.2799316406249,1493.28017578125,2354.950439453125,-894.2400878906251,-261.5999511718751,-250.1312011718751,-845.2800231933594,431.03999023437495,845.644775390625
1763688199.8615816,6,3,2,-0.9873500210422957,0.012164044998350276,-11.7027539390076,-0.0033012752099841544,0.054566553666997926,0.0003893715082300374,893.2800537109374,-837.6000122070312,810.7967773437499,402.24004516601565,-269.7600158691406,310.5342285156248,144.4800048828124,1579.680078125,2474.982666015625,-939.8401855468751,-280.8001464843751,-281.10721435546884,-893.2800231933594,455.03999023437495,888.23681640625
1763688199.9561684,6,3,2,-1.1765350806377792,-0.12346322387852365,-12.603082053744163,-0.009637281526765615,0.06433565705716264,0.0011497358670680448,917.2799316406249,-859.2000183105469,822.4127441406249,409.43999633789065,-279.36001625061033,306.6621582031248,158.8799072265624,1634.880029296875,2556.294677734375,-954.2400878906251,-288.0000976562501,-288.8511718750001,-917.2800231933594,459.84003906249995,907.596923828125
1763688200.0542371,6,3,2,-1.0356571798639067,-0.040330690250377776,-13.008121106215697,-0.005659010432131337,0.058261394142921676,0.0007784674729244016,960.4801269531249,-897.6000198364258,853.3888183593749,435.84002075195315,-281.7600158691406,322.1504394531248,161.2799316406249,1711.680078125,2649.222412109375,-987.8401855468751,-295.2000488281251,-308.21121826171884,-960.4800354003906,476.63996582031245,946.31689453125
1763688200.2437215,6,3,2,-1.3098154799937953,-0.2782415493208933,-14.279836479445882,-0.01735490280725611,0.07090774276148071,0.0009237379505117344,1066.07998046875,-984.0000242233276,911.4688964843749,481.4400573730469,-293.7600158691406,337.6382324218748,154.0799804687499,1884.480126953125,2889.286376953125,-1074.240087890625,-326.4000000000001,-370.1631835937501,-1049.2800231933593,519.8400390625,1031.500732421875
1763688200.5425122,6,3,2,-1.2793258726083774,-0.23551075779082004,-14.300600764502665,-0.01801553223361024,0.07081013517241483,0.0009094897862143639,1075.680078125,-991.2000245094299,911.4688964843749,483.84002075195315,-293.7600158691406,329.8945800781248,161.2799316406249,1906.07998046875,2904.774658203125,-1074.240087890625,-326.4000000000001,-377.9072021484376,-1056.4800354003905,519.8400390625,1035.372802734375
1763688200.7471004,6,3,2,-1.0782073303050448,-0.15523076733302033,-13.946128354067115,-0.013273112234993813,0.06121824521948233,0.0012811051339629525,1070.880029296875,-991.2000245094299,907.5968261718749,483.84002075195315,-293.7600158691406,326.0225097656248,168.4800048828124,1906.07998046875,2904.774658203125,-1069.4400390625,-326.4000000000001,-377.9072021484376,-1058.880059814453,522.2400634765625,1035.372802734375
1763688200.8411567,6,3,2,-1.1904466608855757,-0.15982961912886873,-13.793001253274129,-0.013315054321352396,0.06445349827677213,0.001024627813010391,1073.279931640625,-996.0000247001648,907.5968261718749,479.0400329589844,-298.5600170135498,326.0225097656248,173.2799316406249,1913.28017578125,2916.390380859375,-1074.240087890625,-324.0000976562501,-370.1631835937501,-1058.880059814453,515.039990234375,1039.244873046875
1763688201.341114,6,3,2,-1.0999043569164362,-0.16366554094428382,-13.436120576214766,-0.012015035796772041,0.06120440998626202,0.0013914618816242511,1078.07998046875,-1000.8000244140625,911.4688964843749,481.4400573730469,-288.96001663208006,326.0225097656248,173.2799316406249,1922.880029296875,2924.134521484375,-1076.639990234375,-328.8001464843751,-381.77921142578134,-1066.080010986328,515.039990234375,1035.372802734375
1763688201.4488757,6,3,2,-1.04649395130414,-0.16119647198746556,-13.370849813556317,-0.01229843924164371,0.0600008477803704,0.0011782172662493403,1078.07998046875,-1000.8000244140625,907.5968261718749,483.84002075195315,-296.1600173950195,329.8945800781248,178.0799804687499,1927.680078125,2931.878662109375,-1074.240087890625,-328.8001464843751,-377.9072021484376,-1068.4800354003905,515.039990234375,1031.500732421875
1763688201.5415366,6,3,2,-1.0815229300276337,-0.10532388076234106,-13.317682441163637,-0.01167972899712412,0.061152900326820296,0.0009609040361481438,1080.480126953125,-996.0000247001648,907.5968261718749,476.6400085449219,-296.1600173950195,326.0225097656248,178.0799804687499,1932.480126953125,2939.622314453125,-1074.240087890625,-331.2000488281251,-377.9072021484376,-1066.080010986328,519.8400390625,1039.244873046875
1763688201.6494179,6,3,2,-1.068133293552625,-0.1491826902803684,-13.400001181652726,-0.011192017057443052,0.060004645083656855,0.0017189773858355974,1078.07998046875,-998.4000247955322,911.4688964843749,481.4400573730469,-291.36001625061033,329.8945800781248,178.0799804687499,1927.680078125,2939.622314453125,-1074.240087890625,-331.2000488281251,-381.77921142578134,-1066.080010986328,517.4400146484375,1035.372802734375
1763688201.7433152,6,3,2,-1.0427840849531107,-0.08975536657799066,-13.227707623655318,-0.010317413996538904,0.05850592046077946,0.0011531956638255888,1082.880029296875,-998.4000247955322,915.3409667968749,483.84002075195315,-300.96001663208006,333.7661621093748,178.0799804687499,1927.680078125,2935.750244140625,-1079.04013671875,-328.8001464843751,-381.77921142578134,-1068.4800354003905,517.4400146484375,1039.244873046875
1763688201.7720592,6,3,2,-1.052909633081828,-0.12333377297483439,-13.159576105349144,-0.010233010516716077,0.05842075600826286,0.0012590717476573645,1080.480126953125,-1000.8000244140625,903.7247558593749,481.4400573730469,-298.5600170135498,329.8945800781248,178.0799804687499,1930.07998046875,2935.750244140625,-1079.04013671875,-328.8001464843751,-381.77921142578134,-1066.080010986328,517.4400146484375,1035.372802734375
1763688201.9454563,6,3,2,-1.0828651727451724,-0.14897313399197765,-13.173538948844687,-0.009613678578359045,0.059158636032302966,0.0014157357069266821,1078.07998046875,-1000.8000244140625,907.5968261718749,481.4400573730469,-293.7600158691406,333.7661621093748,178.0799804687499,1927.680078125,2939.622314453125,-1074.240087890625,-324.0000976562501,-377.9072021484376,-1068.4800354003905,517.4400146484375,1035.372802734375
1763688202.0563443,6,3,2,-1.0311690688640527,-0.11618838657390862,-13.096908739075765,-0.01116537398280655,0.058600188353178755,0.001120311640005412,1080.480126953125,-998.4000247955322,903.7247558593749,483.84002075195315,-293.7600158691406,329.8945800781248,178.0799804687499,1930.07998046875,2928.006591796875,-1069.4400390625,-328.8001464843751,-377.9072021484376,-1068.4800354003905,519.8400390625,1035.372802734375
1763688202.1513503,6,3,2,-0.9815162589280912,-0.056257003549087026,-12.948874376148265,-0.007907172542160983,0.05504744965363535,0.0011811059544738355,1078.07998046875,-998.4000247955322,903.7247558593749,479.0400329589844,-303.36001815795896,326.0225097656248,182.8799072265624,1930.07998046875,2931.878662109375,-1071.840185546875,-326.4000000000001,-377.9072021484376,-1063.6800476074218,515.039990234375,1031.500732421875
1763688202.2433074,6,3,2,-0.9622637818576462,-0.1041347374677751,-13.03641672244262,-0.008817361110664987,0.05439772523873507,0.0012279966368629108,1075.680078125,-996.0000247001648,899.8529296874999,476.6400085449219,-300.96001663208006,326.0225097656248,187.6799560546874,1927.680078125,2928.006591796875,-1069.4400390625,-324.0000976562501,-377.9072021484376,-1066.080010986328,517.4400146484375,1031.500732421875
1763688202.4443562,6,3,2,-1.00344584280247,-0.1362916328627629,-12.854083023290935,-0.009557758954576535,0.056363022403350595,0.0009806521456836785,1073.279931640625,-993.6000246047973,899.8529296874999,476.6400085449219,-298.5600170135498,329.8945800781248,185.2799316406249,1925.28017578125,2924.134521484375,-1067.04013671875,-331.2000488281251,-374.03519287109384,-1068.4800354003905,510.24006347656245,1031.500732421875
1763688203.0529864,6,3,2,-0.9228766584702992,-0.07878350574155851,-12.364425173029705,-0.009059260607341375,0.052255807645352995,0.001151339261775583,1049.279931640625,-974.4000238418579,884.3648925781249,471.84002075195315,-296.1600173950195,318.2783691406248,180.4800048828124,1882.07998046875,2866.054443359375,-1050.240087890625,-314.4000000000001,-362.41922607421884,-1042.080010986328,498.24006347656245,1012.140869140625
1763688203.1609633,6,3,2,-0.9261875110084383,-0.03853015492103051,-11.947743676364578,-0.005745703426704454,0.05153538056463413,0.001232806222756286,1020.4801269531249,-952.8000244140625,872.7489257812499,459.84002075195315,-298.5600170135498,322.1504394531248,185.2799316406249,1836.480126953125,2796.358642578125,-1026.240087890625,-309.5999511718751,-350.8031982421876,-1020.4800354003906,491.03999023437495,988.90869140625
1763688203.268466,6,3,2,-0.8011618279871591,0.04379915461899267,-11.316463760510498,-0.003318808827812547,0.04615937089722755,0.000912531671050809,991.6800781249999,-926.4000228881836,853.3888183593749,443.0400329589844,-291.36001625061033,310.5342285156248,182.8799072265624,1778.880029296875,2722.790283203125,-1004.6399902343751,-304.8001464843751,-331.4432128906251,-989.2800231933594,481.44001464843745,957.932861328125
1763688203.3618093,6,3,2,-0.7915185235792733,0.033363946116994614,-10.718312586019536,-0.0011900979449846576,0.04412269415921215,0.0009795536067451118,958.0799804687499,-897.6000198364258,826.2848144531249,431.0400329589844,-293.7600158691406,306.6621582031248,182.8799072265624,1721.28017578125,2637.606201171875,-975.8401855468751,-292.8001464843751,-304.3392089843751,-960.4800354003906,462.24006347656245,934.700927734375
1763688203.74037,6,3,2,-0.3203496608300794,0.45102755081531953,-7.280940403028627,0.022123974705971022,0.020087148588216128,-2.5519151057203093e-06,763.6799560546874,-746.400015258789,713.9967285156249,342.24004516601565,-281.7600158691406,260.1982910156248,175.6799560546874,1387.680078125,2196.198486328125,-815.0401367187501,-235.2000488281251,-207.53922119140634,-787.6800170898438,395.03999023437495,764.332763671875
1763688203.94469,6,3,2,-0.1950427840924376,0.5011401094316003,-5.69571491300532,0.023078267777059704,0.013394770365929485,-0.00014232410602673632,648.4800048828124,-652.8000244140625,640.4288574218749,287.0400329589844,-260.1600154876709,229.22221679687482,166.0799804687499,1183.680078125,1905.798583984375,-716.6399902343751,-201.5999511718751,-149.4592041015626,-684.4800354003906,349.44001464843745,663.660888671875
1763688204.0537043,6,3,2,0.03192478418682315,0.5715663356900206,-4.81425975047042,0.028432041013701472,-0.00017929738484421393,-0.00012722373218761087,588.4800048828124,-600.0000061035156,590.0929199218749,260.6400085449219,-250.56001510620115,213.73442382812482,158.8799072265624,1087.680078125,1762.534423828125,-661.4400390625001,-180.0000976562501,-130.0992187500001,-631.6800170898438,325.44001464843745,613.32470703125
1763688204.1468115,6,3,2,0.05286714305420703,0.5656733573558248,-4.044682467631934,0.027937813597115342,0.0006578957966060454,-8.843416838377489e-05,535.6799560546874,-554.4,539.7567382812499,243.84002075195315,-233.7600158691406,202.11821289062482,149.2799316406249,1001.2799316406249,1619.270263671875,-611.0401367187501,-172.8001464843751,-110.73917236328134,-583.6800170898438,301.44001464843745,566.86083984375
1763688204.2553465,6,3,2,0.07929123887528948,0.43528616106913165,-3.483102419122048,0.030373610718237284,0.002815477156931284,-0.0004908435879027703,468.4800048828124,-499.20001831054685,477.8048339843749,212.6400085449219,-228.9600128173828,175.01420898437482,156.4800048828124,883.6800781249999,1468.262451171875,-541.4400390625001,-153.5999511718751,-87.50717773437509,-533.2800231933594,277.44001464843745,497.164794921875
1763688204.4435685,6,3,2,0.20349073663022904,0.647387031348695,-2.4125211934961417,0.030258383610018563,-0.01503156530430103,-0.0001322007780768817,394.0799804687499,-434.4,439.0848632812499,174.24004516601565,-209.76001205444334,159.52641601562482,146.8799072265624,756.4801269531249,1286.2783203125,-479.0401367187501,-134.4000000000001,-56.53122558593759,-461.28001556396487,251.03999023437495,419.724853515625
1763688204.8482077,6,3,2,0.2002573122687648,0.4114816772463096,-1.3436500681639985,0.025064495641593475,-0.00938557493253952,-0.0006892632436524062,274.0799804687499,-321.6000122070312,303.5648437499999,123.84002075195315,-166.56001129150388,93.70219726562482,115.67995605468741,538.0799804687499,914.56640625,-337.4400390625001,-93.59995117187509,-33.29916992187509,-334.08001098632815,181.44001464843745,295.82080078125
1763688204.9425232,6,3,2,0.27538489382077036,0.5382709610611639,-1.0789196007632862,0.02503132526206777,-0.009944970536222675,-5.924418617641024e-05,0,0,0,0,0,0,0,0,0,0,0,0,0,0,0
1763688205.0496151,6,3,2,0.1970025915075331,0.47982657756451275,-0.8291364181350849,0.023089798923008085,-0.01009073788622041,-0.0009111572283765999,235.6799560546874,-285.6000122070312,272.5887695312499,104.6400085449219,-154.56001129150388,74.34233398437482,108.48000488281241,475.6800781249999,806.150390625,-291.8399414062501,-76.80014648437509,-17.81125488281259,-298.08001098632815,155.03999023437495,257.100830078125
1763688205.0638535,6,3,2,0.22851499246217652,0.46887347081377473,-0.9470770797919151,0.023474059057806973,-0.009900864666426987,-0.0007944108476209547,238.0799804687499,-283.1999877929687,260.9728027343749,102.24001464843752,-152.16000976562498,74.34233398437482,110.87990722656241,473.2799316406249,798.406494140625,-291.8399414062501,-79.20004882812509,-17.81125488281259,-295.68000946044924,155.03999023437495,249.356689453125
1763688205.2581499,6,3,2,0.29587554907050895,0.45752757367162933,-0.7601388201382768,0.02010477207353199,-0.011077706496217792,-0.0005856272146862839,211.6799560546874,-259.1999877929687,233.8687988281249,90.24001464843752,-144.9600128173828,58.85429687499982,106.07998046874991,432.4801269531249,720.966552734375,-255.8399414062501,-67.20004882812509,-13.939184570312591,-271.68000946044924,138.23994140624995,226.124755859375
1763688205.4463942,6,3,2,0.2238187966261791,0.37631852754668393,-0.5210272365926604,0.016281224080198796,-0.008502967041451627,-0.0010560971869337866,187.6799560546874,-242.39999999999998,206.7647949218749,78.24001464843752,-130.56000366210935,51.11040039062482,98.87990722656241,384.4801269531249,651.2705078125,-224.6399902343751,-57.59995117187509,-17.81125488281259,-247.6800018310547,123.84003906249995,199.020751953125
1763688205.650004,6,3,2,0.26669406289782405,0.349224163424673,-0.4371857654678478,0.016292193761939612,-0.010643699411790235,-0.00047715317339723853,173.2799316406249,-218.39999999999998,187.4049316406249,75.84002075195315,-120.96001281738279,35.62236328124982,94.07998046874991,350.8800292968749,581.574462890625,-207.8399414062501,-52.80014648437509,-13.939184570312591,-226.08001098632815,116.63996582031245,183.53271484375
1763688205.852395,6,3,2,0.20239139765681172,0.23545698757100883,-0.23154379494077315,0.012363107924433382,-0.008600152194183738,-0.0011137033935908634,156.4800048828124,-194.39999999999998,168.0448242187499,68.6400085449219,-111.36000671386716,35.62236328124982,84.48000488281241,322.0799804687499,531.238525390625,-183.8399414062501,-43.20004882812509,-13.939184570312591,-209.28000793457034,109.44001464843745,152.556884765625
1763688206.01918,6,3,2,0.27409943932242636,0.3554258353260186,-0.2842224887368999,0.012866568070662943,-0.009538402410665343,3.1267744847011296e-05,142.0799804687499,-179.99997558593748,148.6849609374999,61.44002685546877,-96.96001281738279,24.006396484374818,74.87990722656241,286.0799804687499,477.030517578125,-164.6399902343751,-43.20004882812509,-17.81125488281259,-190.08001098632815,99.84003906249995,133.19677734375
1763688206.6504023,6,3,2,0.15832002960214592,0.20507940326216165,0.23100702825898212,0.010563758738595695,-0.006141317904245093,-0.0004056060969134918,91.67995605468741,-153.60001220703123,106.09291992187491,37.44002685546877,-87.36000671386716,0.7744628906248181,67.67995605468741,206.8800292968749,368.614501953125,-121.44003906250009,-26.40000000000009,-17.81125488281259,-149.28000793457034,71.03999023437495,90.604736328125
1763688210.9757576,6,3,2,-0.08126009283842432,0.046135975160081874,0.24186595480955425,0.00039899814201291425,0.005901019325497007,-0.0005845693599440016,77.27993164062491,-100.79996337890623,67.37294921874991,35.04000244140627,-32.16000976562498,8.518359374999818,31.67995605468741,144.4800048828124,240.83837890625,-95.04013671875009,-16.80014648437509,-37.17124023437509,-96.48000488281252,54.239941406249955,59.62890625
1763688222.1667194,6,3,2,-0.08536363308793304,0.045149236247166255,0.2278191881794197,0.0012207338863255168,0.006416628513611659,-0.0005857717655983138,0,0,0,0,0,0,0,0,0,0,0,0,0,0,0
1763688226.873862,6,3,2,-0.07464058887132625,0.057600698129313156,0.20853841131866477,0.0008107235454281781,0.0067807701948203744,-0.0005955231144006557,36.48000488281241,-76.79996337890623,17.03676757812491,11.040002441406273,-17.76000061035154,-30.201611328125182,26.87990722656241,82.07998046874991,147.910400390625,-63.83994140625009,-4.800146484375091,-37.17124023437509,-70.08001098632815,27.840039062499955,20.90869140625
1763688230.96004,6,3,2,-0.09394505569457264,0.06824304419105723,0.2453240180212419,0.001405275767726198,0.006867408001216244,-0.0007369590023647201,34.07998046874991,-76.79996337890623,1.548730468749909,11.040002441406273,-10.560003662109352,-26.329541015625182,24.48000488281241,65.28005371093741,128.550537109375,-47.04013671875009,2.400048828124909,-41.04318847656259,-67.67998657226565,32.639965820312455,5.4208984375
1763688232.2616177,6,3,2,-0.09227812910683543,0.043740789749025434,0.22493326086605003,0.0006830847972872757,0.007875932287370376,-0.0009013952399443823,34.07998046874991,-69.60001220703123,13.164941406249909,11.040002441406273,-15.360006713867165,-37.94575195312518,24.48000488281241,67.67995605468741,124.678466796875,-49.44003906250009,-2.400000000000091,-41.04318847656259,-65.27999267578127,30.239941406249955,13.164794921875
1763688233.9528825,6,3,2,-0.1016087951284511,0.11142104568199068,0.24580890164063798,0.0015852273742937679,0.007208243200056063,-0.0007396765159659785,26.88002929687491,-74.39999999999998,1.548730468749909,11.040002441406273,-12.959997558593727,-37.94575195312518,29.27993164062491,65.28005371093741,124.678466796875,-47.04013671875009,4.799951171874909,-37.17124023437509,-65.27999267578127,25.440014648437455,-6.195068359375
1763688234.26162,6,3,2,-0.07762059332009916,0.058907295012462,0.22849733312735762,0.0014942568601349429,0.0066358627586284216,-0.0008200828662806624,22.07998046874991,-74.39999999999998,9.292871093749909,8.640008544921898,-12.959997558593727,-37.94575195312518,26.87990722656241,65.28005371093741,128.550537109375,-47.04013671875009,-9.765625009094947e-05,-37.17124023437509,-65.27999267578127,23.039990234374955,-2.3232421875
1763688234.5871422,6,3,2,-0.06644925863657206,0.10328501357370698,0.2106689420441136,0.0013500265498787225,0.006432375976254434,-0.0008310881789671382,26.88002929687491,-76.79996337890623,9.292871093749909,8.640008544921898,-12.959997558593727,-37.94575195312518,29.27993164062491,62.88002929687491,120.806396484375,-49.44003906250009,-9.765625009094947e-05,-37.17124023437509,-67.67998657226565,25.440014648437455,-2.3232421875
1763688234.745429,6,3,2,-0.08621582253185817,0.07300568334064086,0.21215244673070824,0.0016006456255499009,0.006894125210773386,-0.0008265913603508902,24.48000488281241,-76.79996337890623,1.548730468749909,3.8400207519531477,-8.160009765624977,-34.07368164062518,24.48000488281241,65.28005371093741,124.678466796875,-47.04013671875009,4.799951171874909,-37.17124023437509,-65.27999267578127,23.039990234374955,-2.3232421875
1763688235.663556,6,3,2,-0.11560234917009159,0.07420417934155214,0.2100380817803277,0.0006017986381991484,0.006568676714139545,-0.000831729967553262,31.67995605468741,-79.19998779296873,5.420800781249909,6.240014648437523,-15.360006713867165,-30.201611328125182,31.67995605468741,70.07998046874991,132.42236328125,-47.04013671875009,-2.400000000000091,-37.17124023437509,-62.8799987792969,27.840039062499955,-2.3232421875
1763688236.2567315,6,3,2,-0.12711911529954367,0.05507366640615112,0.227066308608145,0.0009468049245569756,0.007892949817128212,-0.0005875546320369445,31.67995605468741,-71.99997558593748,5.420800781249909,8.640008544921898,-15.360006713867165,-34.07368164062518,24.48000488281241,67.67995605468741,120.806396484375,-49.44003906250009,-2.400000000000091,-41.04318847656259,-60.48000488281252,25.440014648437455,1.548828125
1763688237.6508646,6,3,2,-0.14204058126462304,0.0630959418073886,0.22603130666205162,0.000493275911435314,0.008298718215685846,-0.000981350640432049,24.48000488281241,-74.39999999999998,1.548730468749909,3.8400207519531477,-15.360006713867165,-30.201611328125182,24.48000488281241,60.48000488281241,116.934326171875,-51.83994140625009,2.400048828124909,-41.04318847656259,-62.8799987792969,23.039990234374955,-2.3232421875
1763688240.0482295,6,3,2,-0.13067357250865572,0.07004334938404874,0.2626791349139406,0.0017307600442875346,0.009252357243793473,-0.0008851290872752067,17.27993164062491,-71.99997558593748,1.548730468749909,-0.9599975585937273,-15.360006713867165,-37.94575195312518,29.27993164062491,43.67995605468741,116.934326171875,-44.63999023437509,2.400048828124909,-33.29916992187509,-55.67998657226565,23.039990234374955,-6.195068359375
1763688240.292747,6,3,2,-0.12781873793572113,0.06546203831731813,0.2114557013058624,0.0011914573076298215,0.007807785460405095,-0.0007493539444640314,17.27993164062491,-74.39999999999998,1.548730468749909,-3.3599914550781023,-17.76000061035154,-45.68964843750018,31.67995605468741,46.07998046874991,113.0625,-42.24008789062509,2.400048828124909,-29.42722167968759,-53.27999267578127,25.440014648437455,-17.811279296875
1763688240.3847413,6,3,2,-0.10395708796161073,0.07465948667909417,0.21299110227282525,0.0017980593374440513,0.00675893026244181,-0.0001218688821319387,14.880029296874909,-71.99997558593748,5.420800781249909,-5.759985351562477,-12.959997558593727,-41.81757812500018,31.67995605468741,43.67995605468741,109.1904296875,-42.24008789062509,7.199853515624909,-21.68320312500009,-62.8799987792969,23.039990234374955,-21.68310546875
1763688240.8557606,6,3,2,-0.1020236046397866,0.10512940684772765,0.20115277426317196,0.0033606442307536925,0.008078838881588269,-0.0006689376214149055,17.27993164062491,-69.60001220703123,-6.195166015625091,-0.9599975585937273,-15.360006713867165,-37.94575195312518,31.67995605468741,46.07998046874991,113.0625,-44.63999023437509,4.799951171874909,-33.29916992187509,-62.8799987792969,20.639965820312455,-13.939208984375
1763688241.0734346,6,3,2,-0.09728227095276451,0.09467814569855285,0.26473817905126307,0.002283044345065035,0.007846742678793277,-0.0009628210681499199,17.27993164062491,-74.39999999999998,-2.323095703125091,-0.9599975585937273,-5.760015869140602,-45.68964843750018,29.27993164062491,48.48000488281241,105.318359375,-39.83994140625009,4.799951171874909,-41.04318847656259,-53.27999267578127,20.639965820312455,-6.195068359375
1763688241.5475607,6,3,2,-0.11953170762411866,0.10869302450302396,0.20342335596255662,0.003562284059383903,0.007390054454470798,-0.0006676160361796678,19.67995605468741,-71.99997558593748,1.548730468749909,-0.9599975585937273,-10.560003662109352,-41.81757812500018,31.67995605468741,46.07998046874991,105.318359375,-39.83994140625009,2.400048828124909,-33.29916992187509,-58.08001098632815,27.840039062499955,-10.067138671875
1763688241.8721075,6,3,2,-0.11109961594844135,0.10181358206103487,0.27050451972867257,0.003509977689575913,0.007708917574116992,-0.0012687092624941371,17.27993164062491,-71.99997558593748,1.548730468749909,1.4399963378906477,-15.360006713867165,-37.94575195312518,29.27993164062491,46.07998046874991,109.1904296875,-39.83994140625009,2.400048828124909,-33.29916992187509,-62.8799987792969,23.039990234374955,-10.067138671875
1763688243.1502984,6,3,2,-0.0989133833639431,0.07598690442798174,0.23229780175168122,0.0024541338866299585,0.007679005575465888,-0.0011284113613558929,14.880029296874909,-71.99997558593748,1.548730468749909,1.4399963378906477,-12.959997558593727,-41.81757812500018,31.67995605468741,43.67995605468741,105.318359375,-47.04013671875009,4.799951171874909,-29.42722167968759,-58.08001098632815,23.039990234374955,-10.067138671875
1763688243.4586139,6,3,2,-0.06277321252776526,0.10628200813977831,0.24707111780609203,0.0023902711585780745,0.0071678607543448365,-0.0006572937766260153,17.27993164062491,-67.19998779296873,5.420800781249909,-3.3599914550781023,-8.160009765624977,-41.81757812500018,26.87990722656241,43.67995605468741,109.1904296875,-42.24008789062509,9.599999999999909,-41.04318847656259,-62.8799987792969,20.639965820312455,-6.195068359375
1763688243.6485553,6,3,2,-0.09149049206388105,0.11280040327013888,0.2171865296935822,0.003105144513388074,0.007232919632764559,-0.0005088822259970663,22.07998046874991,-69.60001220703123,-2.323095703125091,-3.3599914550781023,-5.760015869140602,-45.68964843750018,26.87990722656241,43.67995605468741,109.1904296875,-39.83994140625009,4.799951171874909,-37.17124023437509,-58.08001098632815,18.239941406249955,-10.067138671875
1763688244.1589627,6,3,2,-0.08118558208904172,0.12789442710925808,0.233242465585632,0.00289553927680449,0.006955493029749486,-0.000740053535118546,17.27993164062491,-74.39999999999998,-2.323095703125091,-3.3599914550781023,-15.360006713867165,-45.68964843750018,26.87990722656241,43.67995605468741,109.1904296875,-42.24008789062509,4.799951171874909,-29.42722167968759,-55.67998657226565,20.639965820312455,-10.067138671875
1763688244.3612776,6,3,2,-0.08502225920998188,0.09115931170362343,0.25272519107580965,0.003448625974022212,0.006537217151121829,-0.0005711558670712113,14.880029296874909,-74.39999999999998,1.548730468749909,-0.9599975585937273,-12.959997558593727,-34.07368164062518,26.87990722656241,46.07998046874991,105.318359375,-44.63999023437509,7.199853515624909,-33.29916992187509,-58.08001098632815,23.039990234374955,-17.811279296875
1763688244.4548683,6,3,2,-0.11700810795094416,0.10921676342343097,0.2522183706720175,0.003081025515694186,0.007084830647776745,-0.0006524167359911563,12.480004882812409,-71.99997558593748,-2.323095703125091,-3.3599914550781023,-8.160009765624977,-41.81757812500018,26.87990722656241,46.07998046874991,109.1904296875,-42.24008789062509,7.199853515624909,-29.42722167968759,-58.08001098632815,13.440014648437455,-17.811279296875
1763688245.1500573,6,3,2,-0.13782468845787535,0.09850863667236172,0.28143814488521696,0.0017990780865092249,0.008287226208336164,-0.0012717170628885658,22.07998046874991,-67.19998779296873,1.548730468749909,1.4399963378906477,-5.760015869140602,-34.07368164062518,24.48000488281241,41.28005371093741,113.0625,-44.63999023437509,2.400048828124909,-37.17124023437509,-58.08001098632815,25.440014648437455,-10.067138671875
1763688245.7540746,6,3,2,-0.09639099232040105,0.08664107167419718,0.2305558084294772,0.002047511590555873,0.007362773044062673,-0.0008191029599739119,17.27993164062491,-71.99997558593748,-6.195166015625091,-0.9599975585937273,-12.959997558593727,-37.94575195312518,26.87990722656241,43.67995605468741,109.1904296875,-42.24008789062509,9.599999999999909,-37.17124023437509,-58.08001098632815,23.039990234374955,-17.811279296875
1763688246.2491643,6,3,2,-0.07442692789688489,0.08375808003237217,0.23309023637042764,0.002872967308727661,0.006906110430494515,-0.000736375386731457,17.27993164062491,-69.60001220703123,1.548730468749909,-0.9599975585937273,-8.160009765624977,-37.94575195312518,29.27993164062491,48.48000488281241,105.318359375,-44.63999023437509,4.799951171874909,-33.29916992187509,-53.27999267578127,23.039990234374955,-13.939208984375
1763688246.6539316,6,3,2,-0.132469420621176,0.08482333857003893,0.23217870616390696,0.002361938937487749,0.008237575831297783,-0.0005820519195453341,14.880029296874909,-69.60001220703123,-2.323095703125091,-5.759985351562477,-10.560003662109352,-45.68964843750018,31.67995605468741,46.07998046874991,109.1904296875,-39.83994140625009,4.799951171874909,-33.29916992187509,-58.08001098632815,20.639965820312455,-13.939208984375
1763688246.7606282,6,3,2,-0.1008735776496703,0.10811626780972018,0.20199664248404264,0.003214031422390305,0.007230341010194526,-0.0011388268128908286,14.880029296874909,-69.60001220703123,-2.323095703125091,-0.9599975585937273,-10.560003662109352,-45.68964843750018,29.27993164062491,48.48000488281241,113.0625,-39.83994140625009,7.199853515624909,-29.42722167968759,-53.27999267578127,25.440014648437455,-13.939208984375
1763688247.3566632,6,3,2,-0.07246509632436908,0.08964301053863025,0.23052761907943664,0.002405567074912842,0.007724703203142256,-0.000896043892110192,17.27993164062491,-71.99997558593748,1.548730468749909,-0.9599975585937273,-12.959997558593727,-41.81757812500018,24.48000488281241,46.07998046874991,109.1904296875,-39.83994140625009,2.400048828124909,-33.29916992187509,-55.67998657226565,18.239941406249955,-13.939208984375
1763688247.559932,6,3,2,-0.05494348969196096,0.083768926358227,0.21352318824271577,0.0023740982106768573,0.0066308369162723325,-0.0005111676009413395,17.27993164062491,-69.60001220703123,1.548730468749909,3.8400207519531477,-12.959997558593727,-45.68964843750018,31.67995605468741,43.67995605468741,101.446533203125,-44.63999023437509,4.799951171874909,-33.29916992187509,-55.67998657226565,23.039990234374955,-13.939208984375
1763688247.7593627,6,3,2,-0.10917756643685039,0.10571082855254851,0.20223855284895803,0.003211101218325412,0.006732770913271446,-0.0005913325385433674,14.880029296874909,-67.19998779296873,-2.323095703125091,-0.9599975585937273,-12.959997558593727,-49.56171875000018,29.27993164062491,46.07998046874991,97.574462890625,-42.24008789062509,7.199853515624909,-29.42722167968759,-58.08001098632815,18.239941406249955,-17.811279296875
1763688248.363999,6,3,2,-0.12538630500969639,0.049374477354931084,0.24095776023707444,0.0003790505191500807,0.00909507113293201,-0.0010534078636953712,22.07998046874991,-64.79996337890623,-2.323095703125091,-3.3599914550781023,-8.160009765624977,-34.07368164062518,26.87990722656241,50.88002929687491,101.446533203125,-39.83994140625009,4.799951171874909,-37.17124023437509,-60.48000488281252,20.639965820312455,-17.811279296875
1763688250.1582243,6,3,2,-0.08062747898129816,0.08865794204046384,0.21464917882848378,0.0024070854529448494,0.006852891949529162,-0.0005890436504438184,19.67995605468741,-67.19998779296873,1.548730468749909,-0.9599975585937273,-8.160009765624977,-45.68964843750018,19.67995605468741,48.48000488281241,105.318359375,-39.83994140625009,9.599999999999909,-33.29916992187509,-58.08001098632815,25.440014648437455,-6.195068359375
1763688250.454607,6,3,2,-0.09565309916476414,0.07706492590463127,0.2127491919367658,0.0018009895411862484,0.007256500359452009,-0.0006693631559767123,19.67995605468741,-69.60001220703123,1.548730468749909,3.8400207519531477,-8.160009765624977,-34.07368164062518,26.87990722656241,43.67995605468741,101.446533203125,-39.83994140625009,4.799951171874909,-33.29916992187509,-58.08001098632815,20.639965820312455,-17.811279296875
