timestamp,position,x_pos,y_pos,fx,fy,fz,tx,ty,tz,mag0_x,mag0_y,mag0_z,mag1_x,mag1_y,mag1_z,mag2_x,mag2_y,mag2_z,mag3_x,mag3_y,mag3_z,mag4_x,mag4_y,mag4_z
1763688775.9268336,2,2,1,-0.13201734118793804,0.15470075445348203,0.35461796032334014,0.001854563229682353,0.001578178048940696,-0.0005481557371127441,5.279931640624909,-23.999975585937477,-41.04306640625009,13.439996337890648,11.040002441406273,-37.94575195312518,24.48000488281241,10.079980468749909,24.00634765625,-6.240087890625091,16.79995117187491,-48.78720703125009,-12.480004882812523,1.4400146484374545,-29.42724609375
1763688776.2243469,2,2,1,-0.07506839868413719,0.16477146423244673,0.297935735925006,0.0007663062017700057,0.0007758416305411197,-0.0002618055809921445,10.079980468749909,-23.999975585937477,-33.29916992187509,18.240014648437523,8.640008544921898,-26.329541015625182,22.07998046874991,14.880029296874909,24.00634765625,-1.440039062500091,16.79995117187491,-44.91519775390634,-14.879998779296898,-0.9600097656250455,-33.299072265625
1763688776.3263836,2,2,1,-0.07809724437207863,0.1550167057579795,0.40210429347677734,0.0013705322247903648,0.000836835753453028,-0.0010028872616481808,5.279931640624909,-26.399999999999977,-25.55502929687509,20.640008544921898,13.439996337890648,-34.07368164062518,24.48000488281241,17.28005371093741,27.87841796875,-6.240087890625091,19.19985351562491,-48.78720703125009,-19.679986572265648,-3.3600341796875455,-33.299072265625
1763688776.5183814,2,2,1,-0.07711764533680872,0.1487227850081567,0.30083207169606874,0.0011378008472835268,-3.3463759131983255e-05,-0.0006488158336624078,7.679956054687409,-28.799963378906227,-37.17124023437509,15.840020751953148,8.640008544921898,-30.201611328125182,17.27993164062491,14.880029296874909,27.87841796875,-3.839941406250091,14.400048828124909,-48.78720703125009,-17.279992675781273,3.8400390624999545,-33.299072265625
1763688776.6292064,2,2,1,-0.08305223901691616,0.13931058498198234,0.313967063263901,0.00038588834548104896,0.0009435917212444979,-0.0005681515424385746,10.079980468749909,-26.399999999999977,-25.55502929687509,18.240014648437523,11.040002441406273,-26.329541015625182,24.48000488281241,14.880029296874909,27.87841796875,-3.839941406250091,16.79995117187491,-52.65921630859384,-17.279992675781273,3.8400390624999545,-41.043212890625
1763688776.7236907,2,2,1,-0.07737557507471672,0.15670599690500753,0.24937394433624965,0.001195129551517563,0.0005160285844782173,-0.0001202505132903536,10.079980468749909,-23.999975585937477,-37.17124023437509,18.240014648437523,8.640008544921898,-34.07368164062518,24.48000488281241,12.480004882812409,20.134521484375,-6.240087890625091,16.79995117187491,-48.78720703125009,-19.679986572265648,3.8400390624999545,-37.171142578125
1763688776.8161087,2,2,1,-0.09416131585842624,0.14412721671067324,0.21446663867578278,0.0009084639636493083,0.001307649360767309,2.3764078589365062e-05,7.679956054687409,-23.999975585937477,-33.29916992187509,18.240014648437523,8.640008544921898,-30.201611328125182,19.67995605468741,10.079980468749909,27.87841796875,-13.440039062500091,14.400048828124909,-44.91519775390634,-14.879998779296898,1.4400146484374545,-29.42724609375
1763688776.923457,2,2,1,-0.09318913828037302,0.15375819943597652,0.2989532011747923,0.0008308846442329747,0.0012208025144482737,-0.0005727226507149556,10.079980468749909,-21.600012207031227,-33.29916992187509,15.840020751953148,11.040002441406273,-34.07368164062518,19.67995605468741,14.880029296874909,27.87841796875,-8.639990234375091,16.79995117187491,-48.78720703125009,-12.480004882812523,8.639965820312455,-33.299072265625
1763688777.016728,2,2,1,-0.09320182289942788,0.16206009390410728,0.3659647377282358,0.0009174481407380117,0.0016013007985355386,-0.00047086954858654084,7.679956054687409,-26.399999999999977,-29.42709960937509,18.240014648437523,11.040002441406273,-34.07368164062518,19.67995605468741,14.880029296874909,24.00634765625,-6.240087890625091,11.999902343749909,-48.78720703125009,-14.879998779296898,3.8400390624999545,-29.42724609375
1763688777.1253889,2,2,1,-0.07413651890281153,0.16471350218509104,0.3817344024750765,0.0006189841454072374,0.0006844589967574244,-0.0004670817226431722,12.480004882812409,-26.399999999999977,-41.04306640625009,18.240014648437523,8.640008544921898,-37.94575195312518,22.07998046874991,17.28005371093741,24.00634765625,-8.639990234375091,7.199853515624909,-52.65921630859384,-14.879998779296898,3.8400390624999545,-29.42724609375
1763688777.2194278,2,2,1,-0.12777594643134496,0.1506603130341157,0.33291770186568365,0.0008020334128607217,0.0022715497989711504,-0.0005600218247174052,7.679956054687409,-23.999975585937477,-37.17124023437509,11.040002441406273,11.040002441406273,-26.329541015625182,22.07998046874991,17.28005371093741,27.87841796875,-13.440039062500091,9.599999999999909,-44.91519775390634,-14.879998779296898,3.8400390624999545,-37.171142578125
1763688777.3105435,2,2,1,-0.1112855005968327,0.161989483521194,0.28302797098737015,0.0010547931629152996,0.0018438159163867188,-0.0004997370262273152,5.279931640624909,-23.999975585937477,-33.29916992187509,11.040002441406273,13.439996337890648,-26.329541015625182,22.07998046874991,14.880029296874909,39.494384765625,-13.440039062500091,7.199853515624909,-48.78720703125009,-14.879998779296898,6.2399414062499545,-37.171142578125
1763688777.7205088,2,2,1,-0.11076605797784203,0.15107834750949745,0.23088301147505352,0.0007890939032813652,0.0021066072570513983,-0.00012760051089557483,10.079980468749909,-21.600012207031227,-37.17124023437509,11.040002441406273,8.640008544921898,-34.07368164062518,17.27993164062491,19.67995605468741,27.87841796875,-11.040136718750091,2.400048828124909,-52.65921630859384,-12.480004882812523,3.8400390624999545,-29.42724609375
1763688777.8257244,2,2,1,-0.12565171245407702,0.19190212657567293,0.33804252888663006,0.0024668421449843903,0.003399366921795673,-0.0007888463305170824,10.079980468749909,-26.399999999999977,-33.29916992187509,8.640008544921898,13.439996337890648,-30.201611328125182,17.27993164062491,17.28005371093741,27.87841796875,-11.040136718750091,7.199853515624909,-52.65921630859384,-17.279992675781273,3.8400390624999545,-37.171142578125
1763688778.1242738,2,2,1,-0.1294930068543501,0.12566438344153127,0.27627967698803685,-0.0009234724870406145,0.0019737208591932517,-0.00042929167461980364,5.279931640624909,-19.199987792968727,-37.17124023437509,20.640008544921898,20.640008544921898,-22.457714843750182,17.27993164062491,17.28005371093741,24.00634765625,-6.240087890625091,11.999902343749909,-48.78720703125009,-14.879998779296898,1.4400146484374545,-33.299072265625
1763688778.420911,2,2,1,-0.08240266625265366,0.1279912859299287,0.3632502979163684,0.00013656491683994645,0.0012236489128554721,-0.0006287650580794724,10.079980468749909,-21.600012207031227,-29.42709960937509,15.840020751953148,15.839990234375023,-26.329541015625182,19.67995605468741,19.67995605468741,24.00634765625,-8.639990234375091,7.199853515624909,-44.91519775390634,-14.879998779296898,6.2399414062499545,-29.42724609375
1763688778.8263583,2,2,1,-0.0935831985742412,0.17735514311973388,0.20005407755510146,0.0011721518612601049,0.0003692355310270759,-0.0004524562543259165,10.079980468749909,-26.399999999999977,-33.29916992187509,15.840020751953148,8.640008544921898,-26.329541015625182,22.07998046874991,26.88002929687491,43.366455078125,-13.440039062500091,-2.400000000000091,-48.78720703125009,-17.279992675781273,6.2399414062499545,-25.55517578125
1763688778.9202065,2,2,1,-0.08165399306829241,0.22708608107293188,0.204658753469402,0.0027629112327918295,0.0005579774658225894,-5.734175323612422e-05,12.480004882812409,-28.799963378906227,-29.42709960937509,15.840020751953148,8.640008544921898,-22.457714843750182,22.07998046874991,26.88002929687491,39.494384765625,-15.839941406250091,-2.400000000000091,-52.65921630859384,-19.679986572265648,3.8400390624999545,-33.299072265625
1763688780.032241,2,2,1,-0.05749260350657613,0.16661015619979108,-0.26780160660369745,0.0023122606801534475,-0.0003569855498343003,8.962596118135973e-05,29.27993164062491,-14.399999999999977,-6.195166015625091,11.040002441406273,18.239984130859398,4.646289062499818,12.480004882812409,79.67995605468741,85.95849609375,-39.83994140625009,-62.40000000000009,-64.27518310546884,-24.480004882812523,18.239941406249955,-6.195068359375
1763688780.1263926,2,2,1,0.024404462333454335,0.19024471477463709,-0.2736980856012413,0.0015091508651882712,-0.0010791314892255198,-7.503871794334652e-05,36.48000488281241,-19.199987792968727,-2.323095703125091,18.240014648437523,18.239984130859398,16.262255859374818,14.879907226562409,77.28005371093741,85.95849609375,-39.83994140625009,-64.80014648437509,-60.40317382812509,-22.080010986328148,18.239941406249955,1.548828125
1763688780.236466,2,2,1,-0.05290538727850694,0.10818493408995289,-0.22173280444547594,0.0008380699904440065,-0.0009583555056895426,-0.0003644772706784499,34.07998046874991,-14.399999999999977,5.420800781249909,15.840020751953148,15.839990234375023,8.518359374999818,14.879907226562409,84.48000488281241,89.83056640625,-42.24008789062509,-64.80014648437509,-48.78720703125009,-22.080010986328148,18.239941406249955,5.4208984375
1763688780.3312905,2,2,1,-0.012270166227521126,0.17199575578072265,-0.32071316633110436,0.0018351959814995843,-0.0010343037674346216,-0.0004795049724378548,34.07998046874991,-11.999975585937477,1.548730468749909,11.040002441406273,18.239984130859398,12.390429687499818,12.480004882812409,82.07998046874991,89.83056640625,-47.04013671875009,-69.59995117187509,-56.53122558593759,-26.879998779296898,23.039990234374955,-6.195068359375
1763688780.5195322,2,2,1,-0.05460113610249233,0.13784249649154862,-0.3882880633911959,0.0013681051604904474,-0.0007758060491345193,-0.00018966740444014037,38.88002929687491,-9.600012207031227,5.420800781249909,11.040002441406273,20.640008544921898,20.134326171874818,14.879907226562409,84.48000488281241,93.702392578125,-44.63999023437509,-76.80014648437509,-52.65921630859384,-19.679986572265648,23.039990234374955,1.548828125
1763688780.8163006,2,2,1,-0.07911041775351577,0.16325308922383222,-0.2859677589203297,0.001432277634483277,-0.0008361451575723364,-0.00031131361256006974,38.88002929687491,-11.999975585937477,-6.195166015625091,11.040002441406273,13.439996337890648,16.262255859374818,14.879907226562409,82.07998046874991,89.83056640625,-44.63999023437509,-72.00009765625009,-56.53122558593759,-22.080010986328148,18.239941406249955,5.4208984375
1763688781.0201614,2,2,1,-0.06372970113938009,0.1812843434827056,-0.33601346193440684,0.001901392930144794,-0.000410845377682779,-0.0001723502112403175,34.07998046874991,-14.399999999999977,-2.323095703125091,8.640008544921898,18.239984130859398,16.262255859374818,14.879907226562409,82.07998046874991,85.95849609375,-42.24008789062509,-79.20004882812509,-56.53122558593759,-24.480004882812523,18.239941406249955,-2.3232421875
1763688781.2207506,2,2,1,-0.0739044809411013,0.1657821566247976,-0.2506412036482511,0.0021273740007013917,-0.00011615292259609916,-0.0003739289327286201,36.48000488281241,-14.399999999999977,-2.323095703125091,13.439996337890648,15.839990234375023,12.390429687499818,10.079980468749909,82.07998046874991,97.574462890625,-49.44003906250009,-76.80014648437509,-52.65921630859384,-24.480004882812523,18.239941406249955,-2.3232421875
1763688781.425043,2,2,1,-0.04590063062492918,0.1606567138066135,-0.27021693933248314,0.0015789999118510478,-0.0004588931947865815,-0.0005394610530148469,0,0,0,0,0,0,0,0,0,0,0,0,0,0,0
1763688782.3184745,2,2,1,-0.14175405909336566,0.17690931432493853,-0.23481345802584747,0.001858135450119731,0.002520421432559058,-0.00021310993406930493,31.67995605468741,-14.399999999999977,-6.195166015625091,11.040002441406273,23.040002441406273,16.262255859374818,12.480004882812409,72.48000488281241,78.21435546875,-47.04013671875009,-64.80014648437509,-52.65921630859384,-17.279992675781273,15.840039062499955,-13.939208984375
1763688782.425378,2,2,1,-0.1068992663139008,0.17457185738650013,-0.20309678964703334,0.001672568442010463,0.002695920938191095,-0.0006716292841049268,36.48000488281241,-9.600012207031227,-6.195166015625091,11.040002441406273,20.640008544921898,8.518359374999818,14.879907226562409,72.48000488281241,78.21435546875,-44.63999023437509,-67.20004882812509,-48.78720703125009,-22.080010986328148,18.239941406249955,-10.067138671875
1763688783.1257985,2,2,1,-0.12583491365753827,0.13906488543793036,-0.22639899077344428,-0.00012424684814041858,0.0027326699417912076,-0.00013730032075616927,34.07998046874991,-11.999975585937477,-10.067236328125091,23.040002441406273,20.640008544921898,12.390429687499818,12.480004882812409,72.48000488281241,66.598388671875,-44.63999023437509,-55.20004882812509,-56.53122558593759,-17.279992675781273,15.840039062499955,-6.195068359375
1763688783.714449,2,2,1,-0.1109685880405629,0.14018775317624066,0.21417525993643133,0.0006803293541923193,0.0023021545522782846,-0.0006803170816820528,24.48000488281241,-19.199987792968727,-17.81113281250009,11.040002441406273,15.839990234375023,-3.097607421875182,19.67995605468741,46.07998046874991,54.982421875,-32.63999023437509,-36.00009765625009,-56.53122558593759,-14.879998779296898,18.239941406249955,-6.195068359375
1763688784.2164867,2,2,1,-0.06369569504181256,0.13847588467754096,0.2776139488089311,-0.00013238042821241852,0.0008580339087722565,-0.0005834539056916561,17.27993164062491,-23.999975585937477,-29.42709960937509,11.040002441406273,18.239984130859398,-14.713574218750182,19.67995605468741,31.67995605468741,43.366455078125,-18.24008789062509,-9.599951171875091,-48.78720703125009,-19.679986572265648,3.8400390624999545,-29.42724609375
1763688784.4475992,2,2,1,-0.18364488732338266,0.1474634229743108,0.2695660148678418,0.0015748833095082307,0.003788968790552536,-0.0005783515172696896,14.880029296874909,-23.999975585937477,-25.55502929687509,20.640008544921898,8.640008544921898,-22.457714843750182,19.67995605468741,36.48000488281241,43.366455078125,-20.63999023437509,-2.400000000000091,-56.53122558593759,-19.679986572265648,6.2399414062499545,-29.42724609375
1763688784.6238227,2,2,1,-0.08516663741452926,0.15089372964488693,0.31647354656247495,0.0009885479358220238,0.0006876600018834024,-0.0004875033196730928,17.27993164062491,-23.999975585937477,-25.55502929687509,18.240014648437523,15.839990234375023,-22.457714843750182,19.67995605468741,24.48000488281241,39.494384765625,-15.839941406250091,-2.400000000000091,-48.78720703125009,-14.879998779296898,3.8400390624999545,-29.42724609375
1763688784.8251252,2,2,1,-0.079220780161459,0.15272336991602067,0.36809860484203033,0.001508734654096339,0.001497352380034345,-0.0007795299153902778,10.079980468749909,-23.999975585937477,-37.17124023437509,18.240014648437523,13.439996337890648,-26.329541015625182,19.67995605468741,24.48000488281241,35.62255859375,-11.040136718750091,9.599999999999909,-52.65921630859384,-14.879998779296898,1.4400146484374545,-29.42724609375
1763688784.9224288,2,2,1,-0.08214836241709193,0.15039935886758363,0.2630974006954878,0.00030314495303160305,0.0006411303962575599,-0.00027500307648638494,12.480004882812409,-21.600012207031227,-33.29916992187509,15.840020751953148,15.839990234375023,-22.457714843750182,19.67995605468741,17.28005371093741,35.62255859375,-15.839941406250091,4.799951171874909,-44.91519775390634,-17.279992675781273,3.8400390624999545,-29.42724609375
1763688785.124802,2,2,1,-0.1467146594776837,0.15056228417554193,0.21664096217253448,0.0011014291197768544,0.0026106246820149044,-0.00036551583964758785,0,0,0,0,0,0,0,0,0,0,0,0,0,0,0
1763688785.2188673,2,2,1,-0.12668123241923407,0.1450932378932243,0.24868694974421135,0.0005821609966921988,0.0012149903764223043,-0.00019991258438559352,10.079980468749909,-26.399999999999977,-37.17124023437509,18.240014648437523,15.839990234375023,-30.201611328125182,17.27993164062491,22.07998046874991,31.75048828125,-8.639990234375091,7.199853515624909,-52.65921630859384,-14.879998779296898,3.8400390624999545,-29.42724609375
1763688785.4214282,2,2,1,-0.08377835285278071,0.1490054317432835,0.33151827627617125,0.0006389511082404106,0.0010464086129975984,-0.0004834190099051481,7.679956054687409,-23.999975585937477,-37.17124023437509,15.840020751953148,13.439996337890648,-30.201611328125182,24.48000488281241,14.880029296874909,35.62255859375,-6.240087890625091,4.799951171874909,-52.65921630859384,-14.879998779296898,1.4400146484374545,-33.299072265625
1763688785.6253355,2,2,1,-0.12968449225257458,0.14445260002536658,0.3864498200257722,0.001271080849264309,0.0014650457424231172,-0.0008512006714341344,12.480004882812409,-28.799963378906227,-33.29916992187509,18.240014648437523,8.640008544921898,-34.07368164062518,22.07998046874991,19.67995605468741,35.62255859375,-13.440039062500091,4.799951171874909,-52.65921630859384,-14.879998779296898,3.8400390624999545,-25.55517578125
1763688786.0171127,2,2,1,-0.10364247345564702,0.13344222665457345,0.369436702111316,0.001190106993655854,0.0003037126954784895,-0.0008570642858268192,14.880029296874909,-26.399999999999977,-37.17124023437509,20.640008544921898,13.439996337890648,-26.329541015625182,24.48000488281241,24.48000488281241,35.62255859375,-13.440039062500091,9.599999999999909,-48.78720703125009,-12.480004882812523,6.2399414062499545,-29.42724609375
1763688786.1250286,2,2,1,-0.06324580595592605,0.13113413782531258,0.3965722394725122,-0.00016212154314898248,0.00012745878751069164,-0.0010878840929797874,12.480004882812409,-23.999975585937477,-37.17124023437509,15.840020751953148,11.040002441406273,-30.201611328125182,24.48000488281241,19.67995605468741,27.87841796875,-11.040136718750091,4.799951171874909,-52.65921630859384,-19.679986572265648,3.8400390624999545,-29.42724609375
1763688786.2191522,2,2,1,-0.09531380405114354,0.15338238202180887,0.4695452373400605,0.0013708352371390629,0.001367386527710825,-0.0009784395275654095,7.679956054687409,-26.399999999999977,-37.17124023437509,11.040002441406273,8.640008544921898,-34.07368164062518,22.07998046874991,17.28005371093741,27.87841796875,-11.040136718750091,11.999902343749909,-48.78720703125009,-14.879998779296898,3.8400390624999545,-37.171142578125
1763688786.3281283,2,2,1,-0.10329997498390092,0.12075461690245265,0.3341783037125319,0.0009003370143281606,0.0009511125745463834,-0.0009478507477630019,10.079980468749909,-21.600012207031227,-33.29916992187509,18.240014648437523,13.439996337890648,-30.201611328125182,22.07998046874991,24.48000488281241,35.62255859375,-8.639990234375091,7.199853515624909,-48.78720703125009,-17.279992675781273,3.8400390624999545,-25.55517578125
1763688786.5143626,2,2,1,-0.05939078845376475,0.14478432475916037,0.450192973969751,0.0009738061915165878,0.0006743078600560978,-0.0008303177925531718,0,0,0,0,0,0,0,0,0,0,0,0,0,0,0
1763688786.8272488,2,2,1,-0.10014018048810983,0.14910835930075794,0.3150060519555379,0.0004587354735320628,0.0010923484063954888,-0.0007245610766024473,12.480004882812409,-21.600012207031227,-37.17124023437509,18.240014648437523,13.439996337890648,-34.07368164062518,19.67995605468741,22.07998046874991,31.75048828125,-11.040136718750091,4.799951171874909,-48.78720703125009,-17.279992675781273,-0.9600097656250455,-29.42724609375
1763688786.921985,2,2,1,-0.0841603304929345,0.17101124358919115,0.34965689029181746,0.0010052270012650209,0.0005794370513739968,-8.646393916576821e-05,10.079980468749909,-21.600012207031227,-29.42709960937509,18.240014648437523,11.040002441406273,-22.457714843750182,22.07998046874991,19.67995605468741,31.75048828125,-11.040136718750091,7.199853515624909,-52.65921630859384,-14.879998779296898,3.8400390624999545,-29.42724609375
1763688787.0171056,2,2,1,-0.05696880045518957,0.15528647052464375,0.3985030941349085,0.0005393738403267833,0.0003598097814907853,-0.0010080513858152869,12.480004882812409,-26.399999999999977,-25.55502929687509,15.840020751953148,13.439996337890648,-30.201611328125182,19.67995605468741,22.07998046874991,31.75048828125,-13.440039062500091,4.799951171874909,-52.65921630859384,-12.480004882812523,6.2399414062499545,-29.42724609375
1763688787.1252832,2,2,1,-0.11222510472665667,0.1666664628866336,0.3364045237161552,0.0014492851225834272,0.0007434834601733144,-0.0007141424222939862,0,0,0,0,0,0,0,0,0,0,0,0,0,0,0
1763688787.329089,2,2,1,-0.06787405199532018,0.13343552594405528,0.3159231846111354,0.0008567249006650726,-2.2677744968958293e-05,-0.0004088117542450255,14.880029296874909,-23.999975585937477,-33.29916992187509,18.240014648437523,13.439996337890648,-34.07368164062518,19.67995605468741,22.07998046874991,31.75048828125,-13.440039062500091,4.799951171874909,-44.91519775390634,-17.279992675781273,-0.9600097656250455,-33.299072265625
1763688787.4202118,2,2,1,-0.08243727179617356,0.16105435328053241,0.46661844095386074,0.000613030097781534,0.00039387045080095445,-0.0005928476286918829,7.679956054687409,-21.600012207031227,-33.29916992187509,18.240014648437523,11.040002441406273,-37.94575195312518,19.67995605468741,19.67995605468741,35.62255859375,-13.440039062500091,9.599999999999909,-48.78720703125009,-14.879998779296898,3.8400390624999545,-33.299072265625
1763688787.529119,2,2,1,-0.11426671368769684,0.1734265087078123,0.25244988485125436,0.0018129627248223046,0.0016878997560421782,-0.0004301876772905633,7.679956054687409,-23.999975585937477,-33.29916992187509,15.840020751953148,11.040002441406273,-34.07368164062518,22.07998046874991,19.67995605468741,24.00634765625,-13.440039062500091,2.400048828124909,-48.78720703125009,-12.480004882812523,1.4400146484374545,-29.42724609375
1763688787.6229749,2,2,1,-0.08022350875286305,0.19390889182323506,0.45519042490460143,0.002206003962192312,0.001146366422466837,-0.0009054279155698796,10.079980468749909,-23.999975585937477,-33.29916992187509,20.640008544921898,11.040002441406273,-26.329541015625182,22.07998046874991,22.07998046874991,35.62255859375,-8.639990234375091,7.199853515624909,-48.78720703125009,-14.879998779296898,1.4400146484374545,-25.55517578125
1763688787.717816,2,2,1,-0.07558904990881718,0.1858130284989286,0.29954368729249137,0.0011066417080191925,0.00050204156504545,-0.000339832995748264,0,0,0,0,0,0,0,0,0,0,0,0,0,0,0
1763688787.826823,2,2,1,-0.10242056232683476,0.1400265842994421,0.35057558125094307,0.0008976164061926281,0.0010326053269398981,-0.0007873215159031932,7.679956054687409,-23.999975585937477,-33.29916992187509,18.240014648437523,6.239984130859398,-41.81757812500018,22.07998046874991,19.67995605468741,31.75048828125,-11.040136718750091,4.799951171874909,-48.78720703125009,-19.679986572265648,1.4400146484374545,-29.42724609375
1763688787.9198077,2,2,1,-0.09372247413506032,0.18310165818192448,0.36757268908368235,0.0012577836471713937,0.0013275007331155545,-0.0005488969634031491,0,0,0,0,0,0,0,0,0,0,0,0,0,0,0
1763688788.0284808,2,2,1,-0.07609877955413341,0.12369956853437933,0.3989882288365113,0.0006087650221840879,0.0010940632780490989,-0.0010045313184230504,12.480004882812409,-26.399999999999977,-33.29916992187509,18.240014648437523,13.439996337890648,-30.201611328125182,19.67995605468741,24.48000488281241,31.75048828125,-15.839941406250091,9.599999999999909,-44.91519775390634,-19.679986572265648,3.8400390624999545,-29.42724609375
1763688788.1220164,2,2,1,-0.08393976600946795,0.15379521010977226,0.36777610848122655,0.000856663754819077,-0.0001556607415665271,-0.0009392951899018121,7.679956054687409,-23.999975585937477,-33.29916992187509,18.240014648437523,11.040002441406273,-30.201611328125182,19.67995605468741,17.28005371093741,27.87841796875,-13.440039062500091,7.199853515624909,-48.78720703125009,-17.279992675781273,1.4400146484374545,-37.171142578125
1763688788.4146135,2,2,1,-0.09132650070552369,0.13634496121394424,0.3656892814309972,0.0003715239178909949,0.00046502192712070847,-0.0009404492937456198,14.880029296874909,-23.999975585937477,-33.29916992187509,18.240014648437523,8.640008544921898,-30.201611328125182,19.67995605468741,24.48000488281241,31.75048828125,-6.240087890625091,9.599999999999909,-56.53122558593759,-14.879998779296898,3.8400390624999545,-21.68310546875
1763688788.5236716,2,2,1,-0.09614428880651404,0.11774402764261652,0.3186140796750747,0.001213510277677059,0.0005179856208993533,-0.0008737302904177992,0,0,0,0,0,0,0,0,0,0,0,0,0,0,0
1763688788.6166809,2,2,1,-0.12016873398054043,0.17832227082354934,0.4034479916627983,0.0013779628635482229,0.0014777759341033422,-0.0011604155123547052,5.279931640624909,-26.399999999999977,-29.42709960937509,15.840020751953148,13.439996337890648,-34.07368164062518,24.48000488281241,22.07998046874991,24.00634765625,-13.440039062500091,7.199853515624909,-52.65921630859384,-17.279992675781273,1.4400146484374545,-33.299072265625
1763688788.7260315,2,2,1,-0.0774235976551928,0.16465178842117362,0.3171516914857959,0.0012620709101476457,0.0009068942480247415,-0.0007218144205969301,10.079980468749909,-23.999975585937477,-37.17124023437509,18.240014648437523,13.439996337890648,-22.457714843750182,19.67995605468741,22.07998046874991,31.75048828125,-13.440039062500091,4.799951171874909,-41.04318847656259,-17.279992675781273,1.4400146484374545,-21.68310546875
1763688788.819364,2,2,1,-0.0913927744067676,0.14667947102528853,0.26443817614026544,0.0004379722490432668,0.0004453802775391132,-0.00042996517729348386,14.880029296874909,-21.600012207031227,-41.04306640625009,18.240014648437523,8.640008544921898,-30.201611328125182,19.67995605468741,17.28005371093741,27.87841796875,-13.440039062500091,4.799951171874909,-48.78720703125009,-14.879998779296898,3.8400390624999545,-21.68310546875
1763688789.0215907,2,2,1,-0.10331343958632333,0.18733166176877136,0.26725204719181705,0.0014286703062515182,0.0016795216189220744,-0.00042786340136641483,10.079980468749909,-23.999975585937477,-33.29916992187509,20.640008544921898,8.640008544921898,-30.201611328125182,12.480004882812409,22.07998046874991,39.494384765625,-13.440039062500091,7.199853515624909,-48.78720703125009,-17.279992675781273,8.639965820312455,-25.55517578125
1763688789.1169994,2,2,1,-0.09381394376228568,0.15518447217634784,0.2996961676415051,0.0010186532513626946,0.0009448424608499496,-0.00033727356279461,17.27993164062491,-26.399999999999977,-29.42709960937509,20.640008544921898,13.439996337890648,-26.329541015625182,24.48000488281241,24.48000488281241,31.75048828125,-18.24008789062509,2.400048828124909,-44.91519775390634,-14.879998779296898,8.639965820312455,-29.42724609375
1763688789.2255995,2,2,1,-0.07561670219761303,0.10355561090204415,0.3135043601050563,0.00025183122018358284,0.0011712491699461588,-0.0009566607333771171,17.27993164062491,-21.600012207031227,-25.55502929687509,18.240014648437523,6.239984130859398,-26.329541015625182,19.67995605468741,31.67995605468741,43.366455078125,-15.839941406250091,-2.400000000000091,-48.78720703125009,-19.679986572265648,8.639965820312455,-21.68310546875
1763688789.9295318,2,2,1,-0.11439102090767021,0.11445124037426194,-0.2676675060806416,-0.002673296977198282,0.0007238513320631523,-0.0003960754379365752,50.88002929687491,-14.399999999999977,-2.323095703125091,30.240014648437523,27.839990234375023,31.750292968749818,7.679956054687409,96.48000488281241,97.574462890625,-51.83994140625009,-84.00009765625009,-72.01920166015634,-19.679986572265648,23.039990234374955,9.292724609375
1763688790.1318297,2,2,1,-0.07128746571021541,0.07853754411711274,-0.3715916132427704,-0.00316854625147731,0.0006268527928043672,-0.0008233740914084306,55.67995605468741,-7.199987792968727,1.548730468749909,27.840020751953148,25.439996337890648,31.750292968749818,12.480004882812409,108.48000488281241,97.574462890625,-61.44003906250009,-91.20004882812509,-72.01920166015634,-17.279992675781273,23.039990234374955,17.036865234375
1763688790.2303865,2,2,1,-0.06341753169461802,0.0931411495072825,-0.35412740204029786,-0.002875623602119426,0.0006563713366463033,-0.0008171750429113678,62.88002929687491,-9.600012207031227,9.292871093749909,27.840020751953148,27.839990234375023,31.750292968749818,10.079980468749909,120.48000488281241,109.1904296875,-63.83994140625009,-103.20004882812509,-68.14719238281259,-22.080010986328148,25.440014648437455,32.52490234375
1763688790.3360174,2,2,1,0.043785559371567584,0.07780407955677349,-0.5886680402972191,-0.0020108722454849175,-0.0021568540611568467,-0.0002715820276687061,65.27993164062491,-4.799963378906227,9.292871093749909,30.240014648437523,25.439996337890648,51.11040039062482,12.480004882812409,130.0799804687499,124.678466796875,-68.63999023437509,-112.80014648437509,-68.14719238281259,-24.480004882812523,23.039990234374955,28.65283203125
1763688790.4452207,2,2,1,-0.049245352487597344,0.049131927575437,-0.6179874641608027,-0.002441020456987623,-0.0029419366405093847,-0.000906539794146053,72.48000488281241,-2.3999999999999773,20.90883789062491,27.840020751953148,30.239984130859398,54.98247070312482,10.079980468749909,139.6799560546874,132.42236328125,-73.44003906250009,-122.40000000000009,-75.89121093750009,-24.480004882812523,27.840039062499955,32.52490234375
1763688790.6195796,2,2,1,0.021097317656833814,0.11037956292326491,-0.8391478722103409,-0.0023103222461544636,-0.00396770781388415,-0.0002873261820590587,77.27993164062491,2.3999877929687727,20.90883789062491,30.240014648437523,35.04000244140627,62.72636718749982,5.279931640624909,142.0799804687499,128.550537109375,-80.63999023437509,-141.5999511718751,-75.89121093750009,-26.879998779296898,30.239941406249955,40.268798828125
1763688790.8229356,2,2,1,0.05523626390413562,0.12969591487080667,-0.9579655436672678,-0.002180117500796073,-0.004091907149323389,-0.00017474790189846883,79.67995605468741,2.3999877929687727,20.90883789062491,30.240014648437523,35.04000244140627,74.34233398437482,7.679956054687409,154.0799804687499,136.29443359375,-85.44003906250009,-146.4000000000001,-72.01920166015634,-24.480004882812523,30.239941406249955,40.268798828125
1763688791.0253572,2,2,1,0.031182139673793526,0.0861243027677229,-0.8245665028389737,-0.002831601994416113,-0.004245998601268907,-0.00012601682369529948,77.27993164062491,2.4414062522737368e-05,24.78090820312491,27.840020751953148,35.04000244140627,58.85429687499982,7.679956054687409,154.0799804687499,144.038330078125,-85.44003906250009,-146.4000000000001,-68.14719238281259,-29.279992675781273,30.239941406249955,40.268798828125
1763688791.146814,2,2,1,-0.0026402839737241085,0.0741437956641477,-0.8415704390400164,-0.0031153856551330845,-0.003489505252319166,-0.00021010803753632678,77.27993164062491,2.3999877929687727,20.90883789062491,27.840020751953148,32.6400085449219,62.72636718749982,5.279931640624909,151.6799560546874,144.038330078125,-83.04013671875009,-144.0000976562501,-72.01920166015634,-26.879998779296898,32.639965820312455,32.52490234375
1763688791.3193269,2,2,1,0.007600254205850358,0.05859449298254522,-0.691966562627773,-0.003535595736653403,-0.0035614689458392133,-0.0003917551155468562,77.27993164062491,-2.3999999999999773,17.03676757812491,32.6400085449219,30.239984130859398,54.98247070312482,7.679956054687409,149.2800537109374,136.29443359375,-83.04013671875009,-144.0000976562501,-72.01920166015634,-24.480004882812523,25.440014648437455,40.268798828125
1763688791.3638892,2,2,1,0.009015848716655894,0.07640686710148428,-0.7265155417317082,-0.003747354294425653,-0.00320573748123862,-0.0007192446286135854,77.27993164062491,2.3999877929687727,20.90883789062491,32.6400085449219,35.04000244140627,66.59843749999982,2.879907226562409,149.2800537109374,132.42236328125,-83.04013671875009,-139.2000488281251,-72.01920166015634,-26.879998779296898,25.440014648437455,36.396728515625
1763688791.5242548,2,2,1,-0.005110294509175148,0.07158744131180952,-0.7221028115038722,-0.002614011937383238,-0.002784141507441205,-0.0006339383509726024,79.67995605468741,2.4414062522737368e-05,20.90883789062491,27.840020751953148,32.6400085449219,54.98247070312482,2.879907226562409,149.2800537109374,136.29443359375,-78.24008789062509,-139.2000488281251,-75.89121093750009,-29.279992675781273,30.239941406249955,36.396728515625
1763688791.617344,2,2,1,-0.007374584099721127,0.09436729332790517,-0.6936468208849913,-0.0037514190894020003,-0.002605782672846077,-8.34203107680336e-05,79.67995605468741,4.800012207031273,17.03676757812491,30.240014648437523,32.6400085449219,58.85429687499982,10.079980468749909,146.8800292968749,140.16650390625,-83.04013671875009,-136.8001464843751,-72.01920166015634,-24.480004882812523,27.840039062499955,36.396728515625
1763688791.662108,2,2,1,0.025388636809948815,0.05741549376244379,-0.6938268324550638,-0.0037068465952116688,-0.0034400971693416974,-0.00015858824855277854,79.67995605468741,2.3999877929687727,20.90883789062491,30.240014648437523,37.43999633789065,58.85429687499982,7.679956054687409,149.2800537109374,140.16650390625,-83.04013671875009,-141.5999511718751,-75.89121093750009,-24.480004882812523,35.039990234374955,32.52490234375
1763688791.7714202,2,2,1,-0.05139655480835088,0.07677762559559356,-0.6753046995860726,-0.0037476668586209254,-0.0015586940057460705,-0.0005439258186052539,74.88002929687491,2.3999877929687727,24.78090820312491,32.6400085449219,35.04000244140627,62.72636718749982,5.279931640624909,149.2800537109374,128.550537109375,-83.04013671875009,-139.2000488281251,-75.89121093750009,-22.080010986328148,32.639965820312455,32.52490234375
1763688791.9151506,2,2,1,-0.04593510553189502,0.09158433765726685,-0.6895940331145516,-0.0029606267034220234,-0.0014102115615291335,-0.000546888257639389,0,0,0,0,0,0,0,0,0,0,0,0,0,0,0
1763688792.026202,2,2,1,-0.011503320291151996,0.05512885853269928,-0.6743190031249849,-0.0032352620694529174,-0.0024531901017882584,-0.000383483432415965,82.07998046874991,-2.3999999999999773,20.90883789062491,32.6400085449219,30.239984130859398,66.59843749999982,5.279931640624909,146.8800292968749,136.29443359375,-80.63999023437509,-141.5999511718751,-75.89121093750009,-22.080010986328148,27.840039062499955,32.52490234375
1763688792.1160548,2,2,1,-0.02636377565672299,0.04519361517250655,-0.6928501481486189,-0.003823827976343731,-0.0024307344380529615,-0.00023535229755548397,77.27993164062491,-2.3999999999999773,20.90883789062491,35.04000244140627,30.239984130859398,58.85429687499982,2.879907226562409,149.2800537109374,136.29443359375,-80.63999023437509,-139.2000488281251,-75.89121093750009,-29.279992675781273,30.239941406249955,40.268798828125
1763688792.175161,2,2,1,-0.0628224575571014,0.07596824536782354,-0.7562766575728255,-0.00308998029615504,-0.0022149815962045215,-2.271360247560613e-05,72.48000488281241,2.3999877929687727,17.03676757812491,32.6400085449219,35.04000244140627,54.98247070312482,10.079980468749909,149.2800537109374,136.29443359375,-80.63999023437509,-141.5999511718751,-79.76322021484384,-24.480004882812523,32.639965820312455,40.268798828125
1763688792.3232307,2,2,1,-0.01925771066353487,0.08939682090662623,-0.7581425295473772,-0.003148192211339604,-0.002310049072358033,-0.00025961952391776496,77.27993164062491,2.4414062522737368e-05,28.65273437499991,30.240014648437523,30.239984130859398,66.59843749999982,7.679956054687409,151.6799560546874,132.42236328125,-78.24008789062509,-139.2000488281251,-72.01920166015634,-24.480004882812523,23.039990234374955,28.65283203125
1763688792.4282067,2,2,1,-0.03702132606982672,0.08068279388313593,-0.7062560586020987,-0.0030384961714938225,-0.0024273237093962157,-0.00031795081923083123,77.27993164062491,-4.799963378906227,24.78090820312491,32.6400085449219,32.6400085449219,54.98247070312482,7.679956054687409,154.0799804687499,132.42236328125,-80.63999023437509,-136.8001464843751,-72.01920166015634,-24.480004882812523,27.840039062499955,44.140869140625
1763688792.521745,2,2,1,-0.0025716795517503055,0.07097617149486318,-0.5889210725290723,-0.0030917536080825314,-0.0028858395567598802,-0.0010575268942246876,74.88002929687491,2.4414062522737368e-05,20.90883789062491,30.240014648437523,30.239984130859398,54.98247070312482,7.679956054687409,144.4800048828124,132.42236328125,-78.24008789062509,-141.5999511718751,-72.01920166015634,-26.879998779296898,30.239941406249955,40.268798828125
1763688792.62917,2,2,1,-0.006052441630121523,0.05968644120391205,-0.6378159249236103,-0.0025293988732272635,-0.002290243139875944,-0.0009150273085357168,74.88002929687491,2.4414062522737368e-05,17.03676757812491,30.240014648437523,35.04000244140627,58.85429687499982,0.48000488281240905,144.4800048828124,136.29443359375,-78.24008789062509,-139.2000488281251,-79.76322021484384,-29.279992675781273,27.840039062499955,32.52490234375
1763688792.7248733,2,2,1,-0.007148667190468354,0.06407805854343698,-0.6527057460369449,-0.002142872367764821,-0.003219860196100933,-0.00045015082885481195,74.88002929687491,2.4414062522737368e-05,20.90883789062491,27.840020751953148,30.239984130859398,62.72636718749982,7.679956054687409,149.2800537109374,136.29443359375,-78.24008789062509,-134.4000000000001,-72.01920166015634,-22.080010986328148,27.840039062499955,32.52490234375
1763688792.8173993,2,2,1,-0.022407753222705756,0.05228506097193605,-0.7733308007849159,-0.002771662362067121,-0.0026507135226777256,0.00013071421951411084,77.27993164062491,2.4414062522737368e-05,20.90883789062491,32.6400085449219,35.04000244140627,58.85429687499982,2.879907226562409,149.2800537109374,136.29443359375,-80.63999023437509,-136.8001464843751,-79.76322021484384,-26.879998779296898,27.840039062499955,36.396728515625
1763688792.9243822,2,2,1,0.010923231161997032,0.06402996791942149,-0.5695135758365593,-0.0022867580998225103,-0.0034589195205762075,-0.0006557556880550602,77.27993164062491,-2.3999999999999773,20.90883789062491,30.240014648437523,32.6400085449219,54.98247070312482,7.679956054687409,144.4800048828124,136.29443359375,-78.24008789062509,-136.8001464843751,-79.76322021484384,-26.879998779296898,30.239941406249955,36.396728515625
1763688792.9864361,2,2,1,0.02012988794237859,0.08765460940629485,-0.6711621571089752,-0.002291935043404945,-0.0032748194726897745,-0.0006159923950430225,74.88002929687491,2.4414062522737368e-05,28.65273437499991,35.04000244140627,27.839990234375023,54.98247070312482,7.679956054687409,144.4800048828124,132.42236328125,-80.63999023437509,-141.5999511718751,-68.14719238281259,-24.480004882812523,30.239941406249955,36.396728515625
1763688793.1305723,2,2,1,-0.0012771979408115683,0.10999880111527278,-0.6321254698681962,-0.001088182516587316,-0.0034475691749845773,-0.000442307722962655,74.88002929687491,-2.3999999999999773,20.90883789062491,27.840020751953148,30.239984130859398,58.85429687499982,5.279931640624909,144.4800048828124,128.550537109375,-78.24008789062509,-136.8001464843751,-72.01920166015634,-22.080010986328148,27.840039062499955,36.396728515625
1763688793.2041135,2,2,1,0.017339815503598824,0.08072595278112946,-0.6178081912586414,-0.0016524265416367335,-0.003796782511754032,-0.0004372659340688283,65.27993164062491,-4.799963378906227,28.65273437499991,20.640008544921898,27.839990234375023,58.85429687499982,7.679956054687409,137.2800537109374,132.42236328125,-75.83994140625009,-139.2000488281251,-64.27518310546884,-24.480004882812523,30.239941406249955,32.52490234375
1763688793.3163848,2,2,1,-0.032228867413202376,0.1926393481766029,-0.7047168912490149,0.002388425077811978,-0.0008086547000112838,-0.00045955081935497317,65.27993164062491,2.4414062522737368e-05,28.65273437499991,18.240014648437523,30.239984130859398,54.98247070312482,10.079980468749909,132.4800048828124,128.550537109375,-75.83994140625009,-136.8001464843751,-64.27518310546884,-24.480004882812523,32.639965820312455,24.78076171875
1763688793.4273915,2,2,1,-0.04779425035366275,0.19719788859078186,-0.614920130519526,0.003959797424234011,-0.00017387201199091764,-0.0002644162410697338,62.88002929687491,-4.799963378906227,20.90883789062491,23.040002441406273,25.439996337890648,47.23833007812482,7.679956054687409,130.0799804687499,124.678466796875,-73.44003906250009,-132.0000976562501,-68.14719238281259,-24.480004882812523,27.840039062499955,20.90869140625
1763688793.725114,2,2,1,-0.06736048697268268,0.20404066765287665,-0.4158747822357435,0.0029088859153025308,-0.0008468187269965615,-4.218734690744608e-05,53.27993164062491,-7.199987792968727,13.164941406249909,15.840020751953148,20.640008544921898,31.750292968749818,5.279931640624909,108.48000488281241,116.934326171875,-61.44003906250009,-105.59995117187509,-52.65921630859384,-22.080010986328148,25.440014648437455,13.164794921875
1763688793.8301299,2,2,1,-0.04594114771663275,0.20124485862635447,-0.27749656585559634,0.003933815028173913,-0.0013672827062959966,-0.00037917354418984023,48.48000488281241,-9.600012207031227,13.164941406249909,20.640008544921898,18.239984130859398,31.750292968749818,12.480004882812409,106.07998046874991,109.1904296875,-59.04013671875009,-98.40000000000009,-60.40317382812509,-24.480004882812523,27.840039062499955,13.164794921875
1763688794.4267137,2,2,1,-0.027806379706561767,0.15452029932057537,0.294873695363306,-0.00014604850299749226,-0.001041865712077281,-0.0007357401804488967,26.88002929687491,-26.399999999999977,-17.81113281250009,20.640008544921898,11.040002441406273,0.7744628906248181,17.27993164062491,55.67995605468741,70.470458984375,-30.24008789062509,-31.20004882812509,-48.78720703125009,-22.080010986328148,13.440014648437455,-13.939208984375
1763688794.5317116,2,2,1,-0.16935582587939405,0.19534099244634057,0.20782527670299114,0.0028120164168260416,0.0018863935194926187,-0.0002869791534430841,0,0,0,0,0,0,0,0,0,0,0,0,0,0,0
1763688794.6291049,2,2,1,-0.09798742755978498,0.186904697660334,0.38978375466996074,0.002297232038523043,0.0006410405694951492,-0.0010059755491263196,29.27993164062491,-23.999975585937477,-17.81113281250009,20.640008544921898,11.040002441406273,0.7744628906248181,22.07998046874991,55.67995605468741,62.7265625,-27.83994140625009,-21.59995117187509,-56.53122558593759,-19.679986572265648,13.440014648437455,-2.3232421875
1763688794.7303529,2,2,1,-0.12663083168857342,0.05262001132473524,0.3636433242999447,-0.00033255711106263146,0.001900383837941878,-0.0010927521029444743,24.48000488281241,-21.600012207031227,-21.68320312500009,20.640008544921898,11.040002441406273,-18.585644531250182,22.07998046874991,43.67995605468741,54.982421875,-25.44003906250009,-14.400000000000091,-48.78720703125009,-19.679986572265648,11.039990234374955,-17.811279296875
1763688794.8387089,2,2,1,-0.1366615103846194,0.15982621448424839,0.301939461553327,0.001035122746896905,0.0013214857723798327,-0.0008837655690127419,19.67995605468741,-26.399999999999977,-17.81113281250009,23.040002441406273,11.040002441406273,-10.841748046875182,24.48000488281241,43.67995605468741,58.8544921875,-25.44003906250009,-14.400000000000091,-56.53122558593759,-19.679986572265648,8.639965820312455,-17.811279296875
1763688795.0305476,2,2,1,-0.11026491043236916,0.13453709954295062,0.3667056828705315,0.0006893875873980446,0.0011921480261260036,-0.0007037269704752104,19.67995605468741,-26.399999999999977,-25.55502929687509,18.240014648437523,11.040002441406273,-18.585644531250182,22.07998046874991,38.88002929687491,54.982421875,-23.04013671875009,-4.800146484375091,-52.65921630859384,-17.279992675781273,8.639965820312455,-21.68310546875
1763688795.136626,2,2,1,-0.07808710232875718,0.11712111289657307,0.43471266669125475,0.0010845756358803219,0.0004634517509127039,-0.0005983309677375474,19.67995605468741,-26.399999999999977,-25.55502929687509,20.640008544921898,8.640008544921898,-18.585644531250182,24.48000488281241,34.07998046874991,47.238525390625,-20.63999023437509,-4.800146484375091,-52.65921630859384,-19.679986572265648,6.2399414062499545,-10.067138671875
1763688795.2454193,2,2,1,-0.10991792835924546,0.17473193023005013,0.3849663153206747,0.0010204617728105368,0.00100329650652041,-0.0008556974902546081,24.48000488281241,-28.799963378906227,-29.42709960937509,23.040002441406273,11.040002441406273,-22.457714843750182,22.07998046874991,38.88002929687491,47.238525390625,-18.24008789062509,-2.400000000000091,-48.78720703125009,-19.679986572265648,11.039990234374955,-21.68310546875
1763688795.354921,2,2,1,-0.09312368321257763,0.12441654269239541,0.4166361948099311,0.0006181876618347151,0.001055480059435113,-0.0009981647886500172,17.27993164062491,-26.399999999999977,-29.42709960937509,18.240014648437523,8.640008544921898,-26.329541015625182,19.67995605468741,34.07998046874991,43.366455078125,-13.440039062500091,-9.765625009094947e-05,-44.91519775390634,-17.279992675781273,8.639965820312455,-17.811279296875
1763688795.4503763,2,2,1,-0.08510157233344251,0.15068964812540686,0.3671876436489748,0.0009967358514333343,0.0006962929270077189,-0.0007038783352098625,19.67995605468741,-23.999975585937477,-25.55502929687509,20.640008544921898,13.439996337890648,-22.457714843750182,22.07998046874991,31.67995605468741,43.366455078125,-20.63999023437509,-2.400000000000091,-52.65921630859384,-19.679986572265648,8.639965820312455,-29.42724609375
1763688795.6242366,2,2,1,-0.10382032288885423,0.14008634839295248,0.45307939625020643,0.0012591404833540267,0.0010653637240692331,-0.0009836618244663956,17.27993164062491,-21.600012207031227,-33.29916992187509,20.640008544921898,13.439996337890648,-18.585644531250182,24.48000488281241,34.07998046874991,43.366455078125,-20.63999023437509,-9.765625009094947e-05,-52.65921630859384,-17.279992675781273,6.2399414062499545,-25.55517578125
1763688795.6520011,2,2,1,-0.11857783267191371,0.15989682485924472,0.38487622830748314,0.0008977777248047608,0.001078970654147483,-0.0008548980912218543,17.27993164062491,-26.399999999999977,-29.42709960937509,20.640008544921898,13.439996337890648,-22.457714843750182,19.67995605468741,31.67995605468741,43.366455078125,-18.24008789062509,-2.400000000000091,-44.91519775390634,-14.879998779296898,11.039990234374955,-25.55517578125
1763688795.7619195,2,2,1,-0.12345874524935387,0.1778044338416624,0.3715162938586858,0.0020425414331353624,0.0018812808467035878,-0.0006996716917210206,14.880029296874909,-26.399999999999977,-29.42709960937509,20.640008544921898,13.439996337890648,-26.329541015625182,22.07998046874991,29.28005371093741,39.494384765625,-15.839941406250091,4.799951171874909,-48.78720703125009,-17.279992675781273,6.2399414062499545,-21.68310546875
1763688795.920101,2,2,1,-0.10313407819986893,0.16884727896680773,0.3514395023477483,0.0013034685324531203,0.0013169305300050626,-0.0005531586254646528,17.27993164062491,-28.799963378906227,-21.68320312500009,15.840020751953148,13.439996337890648,-14.713574218750182,24.48000488281241,29.28005371093741,35.62255859375,-15.839941406250091,-4.800146484375091,-48.78720703125009,-17.279992675781273,3.8400390624999545,-21.68310546875
1763688795.9478261,2,2,1,-0.10450816618853584,0.15059342130703068,0.4372133854373445,0.0015103335790436411,0.0009767435741766318,-0.0009109888003170245,10.079980468749909,-23.999975585937477,-29.42709960937509,13.439996337890648,11.040002441406273,-30.201611328125182,24.48000488281241,34.07998046874991,43.366455078125,-13.440039062500091,-9.765625009094947e-05,-48.78720703125009,-19.679986572265648,1.4400146484374545,-33.299072265625
1763688796.1221993,2,2,1,-0.09974521490721829,0.1170908200932543,0.3471490426030406,2.436404574004047e-05,0.00156687289928793,-0.0011811529123423156,17.27993164062491,-26.399999999999977,-29.42709960937509,20.640008544921898,13.439996337890648,-26.329541015625182,17.27993164062491,29.28005371093741,35.62255859375,-11.040136718750091,2.400048828124909,-52.65921630859384,-22.080010986328148,1.4400146484374545,-21.68310546875
1763688796.2448182,2,2,1,-0.10222860297764648,0.14066804937902205,0.41807574453321383,0.0009252039957317278,0.0008515225490888119,-0.0007631863822809485,12.480004882812409,-23.999975585937477,-25.55502929687509,15.840020751953148,13.439996337890648,-22.457714843750182,22.07998046874991,29.28005371093741,39.494384765625,-13.440039062500091,2.400048828124909,-48.78720703125009,-10.080010986328148,1.4400146484374545,-29.42724609375
1763688796.3502758,2,2,1,-0.12120597656107455,0.16889536956061835,0.2682473320795636,0.0014473542671263968,0.0015559898547088244,-0.000347553766600952,14.880029296874909,-23.999975585937477,-29.42709960937509,18.240014648437523,6.239984130859398,-22.457714843750182,24.48000488281241,24.48000488281241,35.62255859375,-13.440039062500091,2.400048828124909,-48.78720703125009,-19.679986572265648,3.8400390624999545,-21.68310546875
1763688796.4435308,2,2,1,-0.12325410128124503,0.1701440044518262,0.37200492060407886,0.0019835655261635048,0.001319699785080495,-0.000777389660221115,12.480004882812409,-21.600012207031227,-25.55502929687509,20.640008544921898,8.640008544921898,-22.457714843750182,17.27993164062491,29.28005371093741,39.494384765625,-13.440039062500091,2.400048828124909,-52.65921630859384,-17.279992675781273,3.8400390624999545,-25.55517578125
1763688796.5360358,2,2,1,-0.08551767933388965,0.16220892876751655,0.43662947648423744,0.0012687533595417684,0.0002506974692387876,-0.0013044493752102323,17.27993164062491,-23.999975585937477,-33.29916992187509,20.640008544921898,13.439996337890648,-37.94575195312518,19.67995605468741,26.88002929687491,35.62255859375,-13.440039062500091,4.799951171874909,-52.65921630859384,-10.080010986328148,3.8400390624999545,-25.55517578125
1763688796.724826,2,2,1,-0.1432835573661955,0.13178351215259426,0.3661773389054757,0.00031351844257043325,0.0020359657226325352,-0.0009394953759784902,14.880029296874909,-23.999975585937477,-33.29916992187509,15.840020751953148,8.640008544921898,-37.94575195312518,22.07998046874991,24.48000488281241,35.62255859375,-11.040136718750091,4.799951171874909,-48.78720703125009,-14.879998779296898,6.2399414062499545,-29.42724609375
1763688797.0191665,2,2,1,-0.10818990453195843,0.10484441461060484,0.2967551705663833,-7.611894953499948e-05,0.0010665014672186165,-0.0007294900442735639,14.880029296874909,-23.999975585937477,-29.42709960937509,18.240014648437523,8.640008544921898,-26.329541015625182,24.48000488281241,22.07998046874991,39.494384765625,-11.040136718750091,4.799951171874909,-52.65921630859384,-19.679986572265648,3.8400390624999545,-33.299072265625
1763688797.129589,2,2,1,-0.09350721191981201,0.09399603726149838,0.3486047647985312,0.00034212758450474887,0.0012436902346719863,-0.0012555021786021694,12.480004882812409,-26.399999999999977,-33.29916992187509,18.240014648437523,13.439996337890648,-26.329541015625182,19.67995605468741,26.88002929687491,31.75048828125,-13.440039062500091,2.400048828124909,-52.65921630859384,-14.879998779296898,6.2399414062499545,-29.42724609375
1763688797.2354453,2,2,1,-0.11119437296375817,0.11433420499977866,0.38398103268429173,0.0006874371497405699,0.0013055481086562202,-0.0010866690306871815,14.880029296874909,-26.399999999999977,-33.29916992187509,15.840020751953148,13.439996337890648,-26.329541015625182,19.67995605468741,24.48000488281241,31.75048828125,-13.440039062500091,4.799951171874909,-52.65921630859384,-14.879998779296898,3.8400390624999545,-21.68310546875
1763688797.4230661,2,2,1,-0.11181995841766618,0.1740356281672456,0.25078620608443636,0.0013169755523880988,0.001377498815394455,-0.0004330856981203646,12.480004882812409,-23.999975585937477,-33.29916992187509,18.240014648437523,13.439996337890648,-30.201611328125182,19.67995605468741,19.67995605468741,31.75048828125,-13.440039062500091,2.400048828124909,-52.65921630859384,-14.879998779296898,1.4400146484374545,-29.42724609375
1763688797.45056,2,2,1,-0.0867709552784115,0.13118618074165056,0.3681644902053328,0.0011696950599349154,0.0007199928654726534,-0.0008574091197030016,12.480004882812409,-21.600012207031227,-33.29916992187509,15.840020751953148,13.439996337890648,-26.329541015625182,19.67995605468741,24.48000488281241,31.75048828125,-13.440039062500091,9.599999999999909,-52.65921630859384,-14.879998779296898,3.8400390624999545,-29.42724609375
1763688797.543545,2,2,1,-0.07774417520570855,0.15257822528597337,0.31605348340469996,0.001161939205200658,0.0014697711147662565,-0.0005650922859351069,12.480004882812409,-23.999975585937477,-33.29916992187509,18.240014648437523,11.040002441406273,-26.329541015625182,19.67995605468741,22.07998046874991,27.87841796875,-11.040136718750091,4.799951171874909,-48.78720703125009,-17.279992675781273,6.2399414062499545,-29.42724609375
1763688797.7147079,2,2,1,-0.13928775232564747,0.1278469228971818,0.4201096111775169,0.0013076461071378819,0.0020236095320186323,-0.000837381129365773,10.079980468749909,-21.600012207031227,-33.29916992187509,15.840020751953148,13.439996337890648,-30.201611328125182,19.67995605468741,24.48000488281241,27.87841796875,-13.440039062500091,7.199853515624909,-48.78720703125009,-17.279992675781273,1.4400146484374545,-21.68310546875
1763688797.8271813,2,2,1,-0.13777084959176902,0.1373907230597572,0.3687523857340364,0.0010305933952280775,0.0020005640543541226,-0.0010141540879907167,12.480004882812409,-23.999975585937477,-29.42709960937509,18.240014648437523,8.640008544921898,-26.329541015625182,19.67995605468741,22.07998046874991,27.87841796875,-8.639990234375091,7.199853515624909,-52.65921630859384,-14.879998779296898,3.8400390624999545,-29.42724609375
1763688798.0311658,2,2,1,-0.14627534122058217,0.13297140807787172,0.3863916644359239,0.0009905110452173608,0.0018945140801977399,-0.0013985274650795028,14.880029296874909,-23.999975585937477,-33.29916992187509,20.640008544921898,11.040002441406273,-26.329541015625182,19.67995605468741,19.67995605468741,31.75048828125,-13.440039062500091,4.799951171874909,-52.65921630859384,-17.279992675781273,3.8400390624999545,-25.55517578125
1763688798.1548462,2,2,1,-0.10823995440358611,0.10391348745949183,0.3304277979394233,-8.07899953465213e-05,0.0012613943022393838,-0.0009519028725472243,10.079980468749909,-26.399999999999977,-29.42709960937509,20.640008544921898,15.839990234375023,-22.457714843750182,19.67995605468741,26.88002929687491,31.75048828125,-13.440039062500091,9.599999999999909,-48.78720703125009,-17.279992675781273,6.2399414062499545,-29.42724609375
1763688798.2459693,2,2,1,-0.09329411117308793,0.11513576099487643,0.314520104642925,0.000532069094337023,0.0010336784217393176,-0.00017420416965803,17.27993164062491,-28.799963378906227,-33.29916992187509,18.240014648437523,15.839990234375023,-30.201611328125182,22.07998046874991,29.28005371093741,27.87841796875,-15.839941406250091,7.199853515624909,-48.78720703125009,-19.679986572265648,1.4400146484374545,-25.55517578125
1763688798.420783,2,2,1,-0.10016779365693074,0.1311175200464979,0.24730661939960066,0.00030242923983386154,0.0007073143347933806,-0.00043520359088485905,10.079980468749909,-23.999975585937477,-37.17124023437509,18.240014648437523,8.640008544921898,-30.201611328125182,19.67995605468741,19.67995605468741,31.75048828125,-11.040136718750091,11.999902343749909,-44.91519775390634,-14.879998779296898,3.8400390624999545,-29.42724609375
1763688798.4642217,2,2,1,-0.1196264646182456,0.12121364745210075,0.31689986877819804,0.0007397435182472508,0.000986684988036958,-0.0004855758045645425,10.079980468749909,-23.999975585937477,-29.42709960937509,15.840020751953148,13.439996337890648,-34.07368164062518,19.67995605468741,19.67995605468741,27.87841796875,-11.040136718750091,11.999902343749909,-52.65921630859384,-14.879998779296898,3.8400390624999545,-37.171142578125
1763688798.542596,2,2,1,-0.14029444926834556,0.1368669841327569,0.31995737094135906,0.001511851939346806,0.002305787862881325,-0.0010293533882060738,10.079980468749909,-19.199987792968727,-37.17124023437509,18.240014648437523,15.839990234375023,-26.329541015625182,22.07998046874991,22.07998046874991,35.62255859375,-8.639990234375091,7.199853515624909,-52.65921630859384,-17.279992675781273,1.4400146484374545,-25.55517578125
1763688798.7311292,2,2,1,-0.07554106642496781,0.11360065868727795,0.313426045476805,0.00034119609569043625,0.0011654175775927555,-0.0006444543113239167,12.480004882812409,-23.999975585937477,-37.17124023437509,18.240014648437523,8.640008544921898,-26.329541015625182,22.07998046874991,22.07998046874991,24.00634765625,-13.440039062500091,2.400048828124909,-48.78720703125009,-12.480004882812523,3.8400390624999545,-29.42724609375
1763688798.8379138,2,2,1,-0.11821095689331301,0.16645376400435924,0.33267513450176905,0.0007673378217392306,0.0019044230509654297,-0.0005617818584562037,12.480004882812409,-21.600012207031227,-33.29916992187509,15.840020751953148,18.239984130859398,-30.201611328125182,24.48000488281241,22.07998046874991,35.62255859375,-13.440039062500091,4.799951171874909,-52.65921630859384,-14.879998779296898,-3.3600341796875455,-21.68310546875
1763688799.0263627,2,2,1,-0.10984629952420964,0.07532921987542299,0.3480136217714791,2.8744724598862067e-05,0.0010977543368725765,-0.0009426575934441668,12.480004882812409,-23.999975585937477,-37.17124023437509,23.040002441406273,11.040002441406273,-26.329541015625182,22.07998046874991,19.67995605468741,20.134521484375,-13.440039062500091,7.199853515624909,-48.78720703125009,-17.279992675781273,3.8400390624999545,-33.299072265625
1763688799.1463308,2,2,1,-0.132457996169379,0.12583597169335267,0.38062532347919575,-0.00023642230145036513,0.00203233918412533,-0.001092639270502635,12.480004882812409,-26.399999999999977,-37.17124023437509,15.840020751953148,13.439996337890648,-26.329541015625182,17.27993164062491,17.28005371093741,31.75048828125,-11.040136718750091,7.199853515624909,-56.53122558593759,-17.279992675781273,3.8400390624999545,-33.299072265625
1763688799.3217075,2,2,1,-0.11788998937197766,0.14938975195010107,0.4007422391251659,0.0006465846291081113,0.0011675908040642883,-0.0009275711153297494,19.67995605468741,-21.600012207031227,-33.29916992187509,18.240014648437523,11.040002441406273,-30.201611328125182,22.07998046874991,26.88002929687491,31.75048828125,-13.440039062500091,2.400048828124909,-56.53122558593759,-17.279992675781273,3.8400390624999545,-25.55517578125
1763688799.427627,2,2,1,-0.1265108045327382,0.1543740196517844,0.3508030399152341,0.0006682795649159998,0.0012367920148605473,-0.0010238732036243012,17.27993164062491,-21.600012207031227,-25.55502929687509,18.240014648437523,11.040002441406273,-22.457714843750182,19.67995605468741,31.67995605468741,47.238525390625,-18.24008789062509,-7.200048828125091,-44.91519775390634,-17.279992675781273,6.2399414062499545,-21.68310546875
1763688799.5493898,2,2,1,-0.1050596189275341,0.06320353508643012,0.31781563701960236,0.0007595295787957286,0.0006031629651621944,-0.0011838672335820941,22.07998046874991,-21.600012207031227,-21.68320312500009,20.640008544921898,15.839990234375023,-18.585644531250182,17.27993164062491,43.67995605468741,51.1103515625,-23.04013671875009,-21.59995117187509,-56.53122558593759,-19.679986572265648,6.2399414062499545,-21.68310546875
1763688799.6444464,2,2,1,-0.1362347850837599,0.06686174230117489,0.21304107777032533,-9.357491696858832e-05,0.0022448517920993505,-0.0009120817760755394,29.27993164062491,-19.199987792968727,-21.68320312500009,20.640008544921898,11.040002441406273,-3.097607421875182,19.67995605468741,50.88002929687491,62.7265625,-32.63999023437509,-28.80014648437509,-52.65921630859384,-19.679986572265648,11.039990234374955,-6.195068359375
1763688800.0331197,2,2,1,-0.010304363714962232,0.13405114774721807,-0.29705737888302847,-0.0008215194565823909,-0.0008950793660130508,-0.0006356759383600659,53.27993164062491,-7.199987792968727,-2.323095703125091,25.439996337890648,25.439996337890648,27.878466796874818,10.079980468749909,103.67995605468741,93.702392578125,-54.24008789062509,-86.40000000000009,-68.14719238281259,-22.080010986328148,25.440014648437455,9.292724609375
1763688800.2210512,2,2,1,-0.058516944788556825,0.09187273868885959,-0.41782092514964875,-0.0020573435405955654,-3.548866775760862e-05,-0.0007582377692528881,46.07998046874991,-2.3999999999999773,5.420800781249909,27.840020751953148,30.239984130859398,39.49443359374982,14.879907226562409,106.07998046874991,105.318359375,-61.44003906250009,-98.40000000000009,-75.89121093750009,-19.679986572265648,23.039990234374955,17.036865234375
1763688800.3281686,2,2,1,-0.00807636235054144,0.135035109809307,-0.4503525420545814,-0.0013551518064635023,-0.0012244674980834787,-0.0004583935860829262,60.48000488281241,-2.3999999999999773,9.292871093749909,25.439996337890648,25.439996337890648,47.23833007812482,7.679956054687409,122.88002929687491,109.1904296875,-68.63999023437509,-110.40000000000009,-68.14719238281259,-19.679986572265648,25.440014648437455,20.90869140625
1763688800.4391065,2,2,1,0.016282163472493824,0.09723568232770652,-0.6175316709577731,-0.0013597875426280097,-0.0029426688556550896,-0.0005153255814788449,67.67995605468741,2.4414062522737368e-05,13.164941406249909,25.439996337890648,32.6400085449219,51.11040039062482,2.879907226562409,134.8800292968749,116.934326171875,-68.63999023437509,-120.00009765625009,-72.01920166015634,-19.679986572265648,30.239941406249955,24.78076171875
1763688800.6269846,2,2,1,-0.10754568819637028,0.030752655691766315,-0.720681366830804,-0.003134072985110089,-0.001622985493526447,-0.00047493446690065653,77.27993164062491,2.4414062522737368e-05,17.03676757812491,25.439996337890648,30.239984130859398,58.85429687499982,2.879907226562409,144.4800048828124,128.550537109375,-80.63999023437509,-134.4000000000001,-72.01920166015634,-26.879998779296898,30.239941406249955,28.65283203125
1763688801.0188358,2,2,1,0.03300093947529744,0.0880171001631893,-1.0978727400492785,-0.003597121200003946,-0.0024271146726554584,-0.0006176749507591276,89.27993164062491,12.000024414062523,36.39687499999991,30.240014648437523,49.43999633789065,82.08623046874982,-1.920019531250091,175.6799560546874,151.782470703125,-102.24008789062509,-184.8001464843751,-95.25119628906259,-24.480004882812523,30.239941406249955,51.884765625
1763688801.1265125,2,2,1,-0.09550304856319528,0.02194762488786997,-1.2256873429859214,-0.006581309640229834,0.0021862746698917955,-0.0005906618227962162,103.67995605468741,14.399987792968773,28.65273437499991,35.04000244140627,56.6400085449219,89.83012695312482,-1.920019531250091,199.6800781249999,171.142333984375,-114.24008789062509,-206.4000000000001,-95.25119628906259,-26.879998779296898,35.039990234374955,55.7568359375
1763688801.3276095,2,2,1,0.11648688653264783,-0.035407999065751594,-1.690707135938082,-0.003102121120249194,-4.380076321860733e-06,-0.0001908945067947618,115.67995605468741,24.000024414062523,48.01284179687491,27.840020751953148,54.2399841308594,93.70219726562482,-6.720068359375091,209.2799316406249,182.758544921875,-128.6399902343751,-242.4000000000001,-95.25119628906259,-26.879998779296898,44.639965820312455,55.7568359375
1763688801.6238756,2,2,1,-0.04722234160557297,-0.021301213663087196,-2.1425522298896382,-0.008706000929495118,0.0013587001688848555,-0.0006895681189770545,127.67995605468741,31.200036621093773,51.88491210937491,35.04000244140627,73.43999633789065,120.80620117187482,-16.32004394531259,245.2799316406249,198.246337890625,-145.4400390625001,-278.4000000000001,-114.61118164062509,-24.480004882812523,39.840039062499955,75.11669921875
1763688801.827377,2,2,1,-0.04136338330295068,-0.03494978042687184,-2.0868993317938394,-0.00793296750613812,-0.00119964024040735,-0.0005093458763187902,122.88002929687491,26.399987792968773,59.62880859374991,27.840020751953148,63.83999023437502,113.06254882812482,-11.519995117187591,247.6800781249999,205.990478515625,-143.0401367187501,-280.8001464843751,-106.86722412109384,-29.279992675781273,44.639965820312455,75.11669921875
1763688801.9184222,2,2,1,0.012288812697340591,0.019368771090010693,-1.9943927570980398,-0.005759554451468205,-0.003683031817145809,-0.0007069656163886243,122.88002929687491,26.399987792968773,51.88491210937491,25.439996337890648,54.2399841308594,128.55034179687482,-4.320043945312591,247.6800781249999,205.990478515625,-140.6399902343751,-276.0000976562501,-102.99521484375009,-31.679986572265648,47.039990234374955,71.244873046875
1763688802.0261395,2,2,1,0.028115363673940387,0.012304841415556598,-1.9936904091567982,-0.0054634050805647955,-0.004380252810202271,-0.00031413024471630573,127.67995605468741,24.000024414062523,55.75673828124991,35.04000244140627,59.04000244140627,113.06254882812482,-9.120092773437591,250.0799804687499,205.990478515625,-138.2400878906251,-276.0000976562501,-106.86722412109384,-26.879998779296898,44.639965820312455,78.98876953125
1763688802.226014,2,2,1,0.01151062166426551,0.019255972153011426,-1.977274036271476,-0.005582775135199677,-0.003581294917404318,-0.0004654948328920987,122.88002929687491,24.000024414062523,59.62880859374991,32.6400085449219,59.04000244140627,120.80620117187482,-11.519995117187591,250.0799804687499,202.118408203125,-138.2400878906251,-276.0000976562501,-102.99521484375009,-29.279992675781273,42.239941406249955,78.98876953125
1763688802.4270587,2,2,1,-0.011665298862198973,0.018102474666502964,-1.946724301987633,-0.0062728297923699,-0.002077785809758788,-0.0005352183787896528,122.88002929687491,31.200036621093773,59.62880859374991,27.840020751953148,71.04000244140627,120.80620117187482,-9.120092773437591,245.2799316406249,198.246337890625,-140.6399902343751,-273.5999511718751,-110.73917236328134,-31.679986572265648,44.639965820312455,78.98876953125
1763688802.5188096,2,2,1,-0.06797498110129904,0.013468544104757584,-1.9337443810885433,-0.007351612554490634,0.0004558008966792359,-0.0008467481415508729,127.67995605468741,21.600000000000023,55.75673828124991,32.6400085449219,68.6400085449219,116.93413085937482,-9.120092773437591,245.2799316406249,202.118408203125,-145.4400390625001,-276.0000976562501,-102.99521484375009,-24.480004882812523,44.639965820312455,71.244873046875
1763688802.8291254,2,2,1,-0.05955799134125497,0.03515185278797142,-1.9007256964139632,-0.0071680829244026925,0.0011331448511399064,-0.0007577700627427749,125.27993164062491,26.399987792968773,51.88491210937491,30.240014648437523,68.6400085449219,124.67827148437482,-11.519995117187591,247.6800781249999,205.990478515625,-143.0401367187501,-276.0000976562501,-110.73917236328134,-29.279992675781273,44.639965820312455,75.11669921875
1763688802.9207728,2,2,1,-0.061927512264761314,0.0053197774875672205,-1.7816344270329183,-0.006878252011676094,0.0012747675519386003,-0.0009458418434669692,120.48000488281241,24.000024414062523,55.75673828124991,32.6400085449219,71.04000244140627,120.80620117187482,-11.519995117187591,238.0799804687499,202.118408203125,-143.0401367187501,-273.5999511718751,-106.86722412109384,-26.879998779296898,47.039990234374955,71.244873046875
1763688803.0304224,2,2,1,-0.07015293266865871,0.013415509171913195,-1.8141218449404404,-0.006813309153366085,0.0005902961999959695,-0.0008016176658096185,125.27993164062491,24.000024414062523,59.62880859374991,30.240014648437523,66.2399841308594,124.67827148437482,-11.519995117187591,245.2799316406249,202.118408203125,-143.0401367187501,-276.0000976562501,-114.61118164062509,-26.879998779296898,39.840039062499955,71.244873046875
1763688803.12307,2,2,1,-0.026323739989173225,0.011356564979092681,-1.8835322414713556,-0.006990897630227238,-0.0004606737944408038,-0.00028020531365737216,125.27993164062491,24.000024414062523,48.01284179687491,35.04000244140627,68.6400085449219,124.67827148437482,-6.720068359375091,242.8800292968749,205.990478515625,-145.4400390625001,-271.2000488281251,-110.73917236328134,-26.879998779296898,47.039990234374955,71.244873046875
1763688803.1676364,2,2,1,-0.058322186530819234,0.010288168695381038,-1.8673517706008216,-0.007511287453642535,-9.456861291088302e-05,-0.0005108965398522905,125.27993164062491,26.399987792968773,55.75673828124991,27.840020751953148,68.6400085449219,120.80620117187482,-13.920019531250091,240.4801269531249,202.118408203125,-143.0401367187501,-276.0000976562501,-110.73917236328134,-24.480004882812523,44.639965820312455,75.11669921875
1763688803.327634,2,2,1,-0.04142335813926767,0.014717075924753667,-1.849508115540153,-0.007283375313038851,-0.0012684221219589654,-0.0002697222407370816,125.27993164062491,26.399987792968773,51.88491210937491,32.6400085449219,68.6400085449219,116.93413085937482,-9.120092773437591,242.8800292968749,205.990478515625,-143.0401367187501,-273.5999511718751,-102.99521484375009,-29.279992675781273,44.639965820312455,75.11669921875
1763688803.4217157,2,2,1,-0.07680949852640101,-0.008991868342794918,-1.6968400701189592,-0.007297801136157684,-8.700890116966392e-05,-0.0010727135043277045,127.67995605468741,21.600000000000023,59.62880859374991,30.240014648437523,61.43999633789065,128.55034179687482,-11.519995117187591,247.6800781249999,202.118408203125,-145.4400390625001,-273.5999511718751,-110.73917236328134,-29.279992675781273,49.440014648437455,71.244873046875
1763688803.529145,2,2,1,-0.040072525469466866,0.031023698797455868,-1.8174780502187895,-0.007484853816518374,-0.00053327236800096,-0.0003386204002731996,0,0,0,0,0,0,0,0,0,0,0,0,0,0,0
1763688803.6226397,2,2,1,-0.04970339876891251,-0.0035728174969033404,-1.851517691331197,-0.007604594792262477,-0.0003597426500220357,-3.544337402208928e-05,122.88002929687491,24.000024414062523,55.75673828124991,32.6400085449219,66.2399841308594,124.67827148437482,-11.519995117187591,242.8800292968749,202.118408203125,-145.4400390625001,-273.5999511718751,-102.99521484375009,-26.879998779296898,47.039990234374955,75.11669921875
1763688803.6804965,2,2,1,-0.050311465006615264,0.0073049978590650835,-1.8495760218222594,-0.007360164876566651,-0.0006242553286071964,-0.0006601495455045438,120.48000488281241,21.600000000000023,51.88491210937491,32.6400085449219,68.6400085449219,120.80620117187482,-13.920019531250091,240.4801269531249,202.118408203125,-143.0401367187501,-273.5999511718751,-106.86722412109384,-24.480004882812523,44.639965820312455,71.244873046875
1763688803.773776,2,2,1,-0.04923806572769625,0.03609514891120141,-1.7315734612910856,-0.007263685483439121,-0.0005278725214537562,-0.0008546362584133102,122.88002929687491,26.399987792968773,59.62880859374991,32.6400085449219,68.6400085449219,116.93413085937482,-11.519995117187591,247.6800781249999,209.862548828125,-143.0401367187501,-273.5999511718751,-110.73917236328134,-24.480004882812523,44.639965820312455,82.86083984375
1763688803.9313533,2,2,1,-0.05984845137644574,-0.019635189295058447,-1.7146651248734432,-0.00739004793847552,-4.604988429080599e-05,-0.0011568141198557498,125.27993164062491,24.000024414062523,55.75673828124991,35.04000244140627,63.83999023437502,113.06254882812482,-11.519995117187591,242.8800292968749,202.118408203125,-138.2400878906251,-273.5999511718751,-114.61118164062509,-24.480004882812523,42.239941406249955,75.11669921875
1763688804.0211544,2,2,1,-0.051177586437877204,-0.023688529753147308,-1.6983985531492236,-0.007407071827730026,-0.000310143927866596,-0.0008380992041644151,127.67995605468741,26.399987792968773,55.75673828124991,32.6400085449219,66.2399841308594,116.93413085937482,-11.519995117187591,242.8800292968749,198.246337890625,-140.6399902343751,-273.5999511718751,-102.99521484375009,-29.279992675781273,49.440014648437455,75.11669921875
1763688804.065665,2,2,1,-0.06130270636038872,-0.009122214214762177,-1.7136678183167673,-0.006955534814165871,-3.6388927429873504e-05,-0.0006081979751935212,127.67995605468741,26.399987792968773,55.75673828124991,35.04000244140627,66.2399841308594,116.93413085937482,-9.120092773437591,242.8800292968749,205.990478515625,-140.6399902343751,-271.2000488281251,-106.86722412109384,-29.279992675781273,49.440014648437455,71.244873046875
1763688804.2238996,2,2,1,-0.030152784185458643,0.05367792258466136,-1.675564111603863,-0.00558063773708351,-0.0009462129082414535,-0.0005944684209002678,115.67995605468741,24.000024414062523,51.88491210937491,27.840020751953148,59.04000244140627,113.06254882812482,-11.519995117187591,223.6800781249999,194.37451171875,-133.4400390625001,-256.8001464843751,-99.12320556640634,-24.480004882812523,44.639965820312455,71.244873046875
1763688804.319187,2,2,1,-0.06931304020613938,0.027702661686770193,-1.4347394389445136,-0.004534677783838243,-0.001221570023345277,-3.234241427999538e-05,108.48000488281241,16.800012207031273,40.26894531249991,30.240014648437523,56.6400085449219,101.44633789062482,-4.320043945312591,216.4801269531249,186.63037109375,-121.44003906250009,-237.5999511718751,-95.25119628906259,-31.679986572265648,42.239941406249955,59.62890625
1763688804.4275558,2,2,1,-0.03790531364844186,0.03266503141578262,-1.1444836790161328,-0.0035657749877573237,-0.002651754611549207,-0.0006289869870017312,103.67995605468741,14.399987792968773,40.26894531249991,30.240014648437523,47.04000244140627,89.83012695312482,-6.720068359375091,197.2799316406249,175.014404296875,-116.63999023437509,-211.2000488281251,-91.37918701171884,-29.279992675781273,39.840039062499955,63.500732421875
1763688804.469943,2,2,1,-0.03581658783906515,0.039395508564478265,-1.1302602306026204,-0.004013775543506544,-0.002022877542388693,-0.0005481453432149718,98.88002929687491,12.000024414062523,32.52480468749991,30.240014648437523,47.04000244140627,85.95854492187482,-4.320043945312591,194.8800292968749,171.142333984375,-111.83994140625009,-204.0000976562501,-91.37918701171884,-29.279992675781273,37.440014648437455,55.7568359375
1763688804.630786,2,2,1,-0.05054794637607739,0.06361314186601806,-0.6188874664347301,-0.002159148284727702,-0.0015307777097564267,-0.0005156708852556897,82.07998046874991,-2.3999999999999773,28.65273437499991,32.6400085449219,35.04000244140627,74.34233398437482,2.879907226562409,163.6799560546874,147.910400390625,-92.63999023437509,-160.8001464843751,-83.63522949218759,-26.879998779296898,32.639965820312455,40.268798828125
1763688804.72297,2,2,1,-0.019124214513943354,0.14088060008527467,-0.3541305762588723,-0.0026376665220706023,-0.0005737372583805062,-0.0008208464753007226,77.27993164062491,2.4414062522737368e-05,24.78090820312491,32.6400085449219,32.6400085449219,58.85429687499982,7.679956054687409,149.2800537109374,136.29443359375,-80.63999023437509,-139.2000488281251,-68.14719238281259,-31.679986572265648,27.840039062499955,36.396728515625
1763688804.7654712,2,2,1,-0.05506064668147199,0.11134566246396951,-0.30165913242966746,-0.002539675489207633,-0.00024713100544619605,-0.0010333565893077697,67.67995605468741,-7.199987792968727,24.78090820312491,30.240014648437523,32.6400085449219,51.11040039062482,7.679956054687409,137.2800537109374,132.42236328125,-80.63999023437509,-129.5999511718751,-75.89121093750009,-24.480004882812523,30.239941406249955,32.52490234375
1763688805.3525755,2,2,1,-0.13074520686381585,0.10736055442583528,0.20143572292451276,0.0010880379665737347,0.0009881646547612337,-0.0007585670594800495,48.48000488281241,-16.799963378906227,1.548730468749909,25.439996337890648,18.239984130859398,24.006396484374818,12.480004882812409,94.07998046874991,97.574462890625,-51.83994140625009,-67.20004882812509,-56.53122558593759,-26.879998779296898,20.639965820312455,13.164794921875
1763688805.526787,2,2,1,-0.1493109619427003,0.12743390167775415,0.20398282493539868,0.001582316790506459,0.0011534938812621652,-0.0008353051223484278,41.27993164062491,-19.199987792968727,1.548730468749909,25.439996337890648,15.839990234375023,8.518359374999818,14.879907226562409,77.28005371093741,89.83056640625,-47.04013671875009,-55.20004882812509,-56.53122558593759,-26.879998779296898,18.239941406249955,5.4208984375
1763688805.729084,2,2,1,-0.1379372230240169,0.14586337860743678,0.33484653520575686,0.0010876996352746674,0.002370708074355012,-0.0009484956278191791,31.67995605468741,-14.399999999999977,-6.195166015625091,23.040002441406273,18.239984130859398,4.646289062499818,14.879907226562409,70.07998046874991,82.08642578125,-42.24008789062509,-45.59995117187509,-56.53122558593759,-26.879998779296898,18.239941406249955,1.548828125
1763688805.8247721,2,2,1,-0.14489029245992754,0.1323368198240061,0.3167942661843445,0.0006439380607164885,0.002046281137198682,-0.0007211829741252301,34.07998046874991,-19.199987792968727,-2.323095703125091,23.040002441406273,15.839990234375023,-3.097607421875182,14.879907226562409,67.67995605468741,78.21435546875,-42.24008789062509,-43.20004882812509,-56.53122558593759,-24.480004882812523,15.840039062499955,-6.195068359375
1763688805.9319026,2,2,1,-0.10041234543537748,0.09995142947621294,0.3130989932500772,7.077751277486505e-05,0.0010904042291103326,-0.00017534215687117034,36.48000488281241,-23.999975585937477,-13.939062500000091,20.640008544921898,13.439996337890648,4.646289062499818,17.27993164062491,60.48000488281241,78.21435546875,-35.04013671875009,-33.59995117187509,-52.65921630859384,-22.080010986328148,18.239941406249955,-2.3232421875
1763688806.0237122,2,2,1,-0.09639407039852985,0.225500692463243,0.32191632620702504,0.0022557928523086086,0.0007971276040341471,-0.000955584064960063,24.48000488281241,-21.600012207031227,-13.939062500000091,23.040002441406273,13.439996337890648,-3.097607421875182,19.67995605468741,60.48000488281241,70.470458984375,-32.63999023437509,-31.20004882812509,-48.78720703125009,-26.879998779296898,11.039990234374955,-6.195068359375
1763688806.1172826,2,2,1,-0.11996947887153897,0.12619999643452318,0.41717372058731317,0.0007912470006931269,0.002129488761288512,-0.000840623983901464,29.27993164062491,-23.999975585937477,-17.81113281250009,25.439996337890648,15.839990234375023,-6.969677734375182,17.27993164062491,60.48000488281241,62.7265625,-35.04013671875009,-28.80014648437509,-56.53122558593759,-22.080010986328148,8.639965820312455,-6.195068359375
1763688806.2258306,2,2,1,-0.12530485249207157,0.0932316840455254,0.4646810091585429,-0.00012264213016020906,0.0016063265114206879,-0.000512109416851993,0,0,0,0,0,0,0,0,0,0,0,0,0,0,0
1763688806.2533765,2,2,1,-0.12460147872386208,0.10230658218511526,0.4312087148617009,-0.00024253766797237763,0.0016953853112925137,-0.0011508286016543156,31.67995605468741,-21.600012207031227,-10.067236328125091,20.640008544921898,13.439996337890648,-10.841748046875182,17.27993164062491,50.88002929687491,62.7265625,-25.44003906250009,-24.00009765625009,-52.65921630859384,-22.080010986328148,13.440014648437455,-10.067138671875
1763688806.3618944,2,2,1,-0.10478995789777285,0.1600490640532049,0.26897292401858686,0.0015361128951587627,0.0011450962892055367,-0.0008935844907204488,26.88002929687491,-21.600012207031227,-17.81113281250009,20.640008544921898,20.640008544921898,-10.841748046875182,24.48000488281241,48.48000488281241,58.8544921875,-32.63999023437509,-21.59995117187509,-52.65921630859384,-19.679986572265648,8.639965820312455,-13.939208984375
1763688806.5206985,2,2,1,-0.11089864938596164,0.1637285368840205,0.3853772843149067,0.0010884765367347188,0.0013005806996408034,-0.0011669432776246615,26.88002929687491,-21.600012207031227,-21.68320312500009,23.040002441406273,8.640008544921898,-14.713574218750182,22.07998046874991,50.88002929687491,66.598388671875,-32.63999023437509,-21.59995117187509,-56.53122558593759,-22.080010986328148,13.440014648437455,-10.067138671875
1763688806.5488043,2,2,1,-0.07693552470577839,0.18555001013727293,0.4530170029404619,0.001469812988597676,0.0005468886804662833,-0.0009870206562814926,26.88002929687491,-23.999975585937477,-21.68320312500009,25.439996337890648,15.839990234375023,-14.713574218750182,22.07998046874991,48.48000488281241,58.8544921875,-27.83994140625009,-16.80014648437509,-52.65921630859384,-26.879998779296898,8.639965820312455,-17.811279296875
1763688806.62481,2,2,1,-0.11169025691400727,0.12548274300370588,0.43561518514995745,0.0009662178350160694,0.001035845180886321,-0.000989860872837139,26.88002929687491,-23.999975585937477,-10.067236328125091,18.240014648437523,13.439996337890648,-18.585644531250182,19.67995605468741,46.07998046874991,58.8544921875,-30.24008789062509,-14.400000000000091,-48.78720703125009,-19.679986572265648,8.639965820312455,-10.067138671875
1763688806.7203343,2,2,1,-0.11887476486626117,0.12063292130678976,0.33294296849639293,0.000571374585094547,0.0010729293387466547,-0.00048051474339184973,22.07998046874991,-23.999975585937477,-21.68320312500009,23.040002441406273,13.439996337890648,-10.841748046875182,22.07998046874991,43.67995605468741,58.8544921875,-30.24008789062509,-16.80014648437509,-52.65921630859384,-17.279992675781273,13.440014648437455,-10.067138671875
1763688807.0295286,2,2,1,-0.1364590194444621,0.10645023043183885,0.4003073184633509,0.0004453830409567928,0.002180180153380478,-0.001237234221848572,19.67995605468741,-21.600012207031227,-25.55502929687509,20.640008544921898,11.040002441406273,-18.585644531250182,19.67995605468741,41.28005371093741,58.8544921875,-25.44003906250009,-12.000097656250091,-48.78720703125009,-19.679986572265648,6.2399414062499545,-17.811279296875
1763688807.1248357,2,2,1,-0.13703050004173584,0.17182029905219304,0.370359680213368,0.0013333031059799324,0.0008620671415330433,-0.0005464472620552807,24.48000488281241,-23.999975585937477,-25.55502929687509,20.640008544921898,13.439996337890648,-18.585644531250182,19.67995605468741,41.28005371093741,58.8544921875,-23.04013671875009,-9.599951171875091,-48.78720703125009,-24.480004882812523,6.2399414062499545,-21.68310546875
1763688807.218429,2,2,1,-0.12031228068004862,0.14059743899765678,0.3351389777757104,0.0010625490178122411,0.0010940376673253848,-0.0007920538599762632,22.07998046874991,-26.399999999999977,-25.55502929687509,23.040002441406273,15.839990234375023,-26.329541015625182,19.67995605468741,43.67995605468741,51.1103515625,-25.44003906250009,-9.599951171875091,-48.78720703125009,-22.080010986328148,8.639965820312455,-17.811279296875
1763688807.3256183,2,2,1,-0.1088513432882698,0.14347275507907964,0.2980515841280889,0.0004060166267157489,0.00135190666447967,-0.0006520654049264095,22.07998046874991,-23.999975585937477,-25.55502929687509,18.240014648437523,13.439996337890648,-18.585644531250182,19.67995605468741,41.28005371093741,43.366455078125,-20.63999023437509,-9.599951171875091,-52.65921630859384,-14.879998779296898,6.2399414062499545,-21.68310546875
1763688807.622855,2,2,1,-0.11829919065182778,0.13728286834907472,0.34944074103283984,0.0005251835829411351,0.0017287463322298365,-0.0010234186383901022,17.27993164062491,-26.399999999999977,-25.55502929687509,20.640008544921898,15.839990234375023,-22.457714843750182,22.07998046874991,34.07998046874991,47.238525390625,-20.63999023437509,-9.599951171875091,-52.65921630859384,-19.679986572265648,8.639965820312455,-13.939208984375
1763688807.7331672,2,2,1,-0.10891399112506783,0.12341598001614182,0.34841150340169236,0.00024855621723467126,0.001365291188180812,-0.0010239085912618086,22.07998046874991,-21.600012207031227,-29.42709960937509,20.640008544921898,11.040002441406273,-22.457714843750182,24.48000488281241,36.48000488281241,39.494384765625,-20.63999023437509,-2.400000000000091,-56.53122558593759,-19.679986572265648,11.039990234374955,-25.55517578125
1763688807.920641,2,2,1,-0.11119609687031713,0.10374765355884608,0.467169054063785,0.0006342927081663082,0.0014976264946264084,-0.0006653016130368822,17.27993164062491,-26.399999999999977,-29.42709960937509,18.240014648437523,13.439996337890648,-22.457714843750182,17.27993164062491,34.07998046874991,43.366455078125,-20.63999023437509,-7.200048828125091,-52.65921630859384,-17.279992675781273,6.2399414062499545,-13.939208984375
1763688808.125174,2,2,1,-0.12046243032589003,0.13780465759641547,0.4361568598368041,0.0010485358804662498,0.0016787161723099055,-0.0014592923452697412,17.27993164062491,-21.600012207031227,-25.55502929687509,20.640008544921898,11.040002441406273,-14.713574218750182,17.27993164062491,34.07998046874991,39.494384765625,-20.63999023437509,-4.800146484375091,-48.78720703125009,-14.879998779296898,3.8400390624999545,-21.68310546875
1763688808.3276236,2,2,1,-0.12632332876857658,0.10213304426319857,0.3647841723915205,7.502298928240415e-05,0.0018919606355253197,-0.0009385540122927496,17.27993164062491,-23.999975585937477,-29.42709960937509,25.439996337890648,11.040002441406273,-22.457714843750182,17.27993164062491,34.07998046874991,47.238525390625,-15.839941406250091,-9.765625009094947e-05,-52.65921630859384,-19.679986572265648,6.2399414062499545,-25.55517578125
1763688808.527887,2,2,1,-0.10187311655039165,0.11796871232627135,0.43309895079894906,0.0005673384819425919,0.001506475359235804,-0.0009136096084914923,17.27993164062491,-23.999975585937477,-33.29916992187509,18.240014648437523,13.439996337890648,-22.457714843750182,19.67995605468741,26.88002929687491,35.62255859375,-15.839941406250091,-9.765625009094947e-05,-52.65921630859384,-14.879998779296898,6.2399414062499545,-25.55517578125
1763688808.6217303,2,2,1,-0.14789872869362597,0.09664543054082286,0.28548564404597176,0.0010249164914115762,0.001331375524916718,-0.0005713432616397279,19.67995605468741,-23.999975585937477,-33.29916992187509,18.240014648437523,11.040002441406273,-26.329541015625182,17.27993164062491,26.88002929687491,39.494384765625,-15.839941406250091,-2.400000000000091,-44.91519775390634,-19.679986572265648,1.4400146484374545,-21.68310546875
1763688808.9267757,2,2,1,-0.14494116095815288,0.11239874574959983,0.3668987819071896,0.000493018363949749,0.0020562098675390955,-0.0008585538237733938,14.880029296874909,-23.999975585937477,-29.42709960937509,18.240014648437523,13.439996337890648,-22.457714843750182,17.27993164062491,26.88002929687491,39.494384765625,-20.63999023437509,-9.765625009094947e-05,-52.65921630859384,-17.279992675781273,1.4400146484374545,-25.55517578125
1763688809.019458,2,2,1,-0.15588062849258905,0.1074890122925828,0.3859463357936747,0.0009554638991799583,0.0022571050403250806,-0.0010055568430345132,14.880029296874909,-23.999975585937477,-37.17124023437509,11.040002441406273,11.040002441406273,-26.329541015625182,19.67995605468741,29.28005371093741,31.75048828125,-18.24008789062509,-2.400000000000091,-56.53122558593759,-14.879998779296898,8.639965820312455,-21.68310546875
1763688809.130987,2,2,1,-0.13955534747913356,0.11716041004531666,0.35268776255667716,0.0011906936423107816,0.0022105239023484896,-0.0011737226852250801,17.27993164062491,-23.999975585937477,-29.42709960937509,13.439996337890648,13.439996337890648,-22.457714843750182,17.27993164062491,26.88002929687491,31.75048828125,-15.839941406250091,-9.765625009094947e-05,-48.78720703125009,-19.679986572265648,8.639965820312455,-29.42724609375
1763688809.3170953,2,2,1,-0.16454174139115352,0.10278433522113946,0.33531924061960494,0.000907416098320583,0.0023217704632322034,-0.0007106483430652166,17.27993164062491,-21.600012207031227,-37.17124023437509,18.240014648437523,15.839990234375023,-18.585644531250182,22.07998046874991,26.88002929687491,31.75048828125,-15.839941406250091,-2.400000000000091,-56.53122558593759,-14.879998779296898,3.8400390624999545,-25.55517578125
1763688809.4277842,2,2,1,-0.11984167931135034,0.11862494755677194,0.3672036537637774,0.0007175424654942792,0.0015627305676166564,-0.0009364392736087526,12.480004882812409,-21.600012207031227,-29.42709960937509,18.240014648437523,13.439996337890648,-26.329541015625182,22.07998046874991,26.88002929687491,31.75048828125,-18.24008789062509,-9.765625009094947e-05,-56.53122558593759,-14.879998779296898,6.2399414062499545,-25.55517578125
1763688809.8310008,2,2,1,-0.13955737469620652,0.10828369141165865,0.31858264276163906,0.0011190812384959583,0.002014551073078054,-0.0007945716053850947,12.480004882812409,-23.999975585937477,-37.17124023437509,20.640008544921898,11.040002441406273,-34.07368164062518,14.879907226562409,29.28005371093741,39.494384765625,-11.040136718750091,-9.765625009094947e-05,-56.53122558593759,-17.279992675781273,1.4400146484374545,-21.68310546875
1763688809.9241114,2,2,1,-0.12470921394064953,0.09738325401324201,0.47109422042878923,0.0015733257411887631,0.002198638310607048,-0.0010499167607688085,10.079980468749909,-26.399999999999977,-29.42709960937509,15.840020751953148,13.439996337890648,-30.201611328125182,17.27993164062491,24.48000488281241,31.75048828125,-15.839941406250091,-9.765625009094947e-05,-52.65921630859384,-17.279992675781273,6.2399414062499545,-21.68310546875
1763688810.0199192,2,2,1,-0.12769819675186872,0.14215433704178632,0.31662026239109176,0.0007236578318665577,0.0018996844403600028,-0.0008782499425650187,14.880029296874909,-23.999975585937477,-37.17124023437509,18.240014648437523,11.040002441406273,-26.329541015625182,19.67995605468741,29.28005371093741,35.62255859375,-11.040136718750091,-2.400000000000091,-44.91519775390634,-17.279992675781273,1.4400146484374545,-33.299072265625
1763688810.1254468,2,2,1,-0.12228882457294939,0.14715340332484167,0.30189843598105237,0.0014344145358887732,0.002047086888328094,-0.0007244741304296201,17.27993164062491,-26.399999999999977,-25.55502929687509,13.439996337890648,15.839990234375023,-26.329541015625182,17.27993164062491,26.88002929687491,35.62255859375,-13.440039062500091,2.400048828124909,-48.78720703125009,-14.879998779296898,6.2399414062499545,-25.55517578125
1763688810.2159953,2,2,1,-0.1248515134063803,0.12681029132903543,0.30295253336340605,0.0017712940960612313,0.0023587836337143663,-0.000642571943507806,12.480004882812409,-23.999975585937477,-37.17124023437509,15.840020751953148,11.040002441406273,-34.07368164062518,22.07998046874991,24.48000488281241,35.62255859375,-15.839941406250091,-9.765625009094947e-05,-52.65921630859384,-17.279992675781273,-0.9600097656250455,-29.42724609375
1763688810.3270547,2,2,1,-0.14507047245779928,0.13181405573567045,0.24903869939114015,0.0006228911839692981,0.0022239081212066833,-0.000510845771065355,12.480004882812409,-28.799963378906227,-29.42709960937509,15.840020751953148,13.439996337890648,-34.07368164062518,19.67995605468741,22.07998046874991,27.87841796875,-13.440039062500091,-9.765625009094947e-05,-56.53122558593759,-14.879998779296898,1.4400146484374545,-25.55517578125
1763688810.4206254,2,2,1,-0.1393645967328367,0.12793230342882006,0.3696509176475966,0.001292917478950011,0.0020184324001266776,-0.0008554784503996852,14.880029296874909,-21.600012207031227,-33.29916992187509,18.240014648437523,13.439996337890648,-22.457714843750182,22.07998046874991,22.07998046874991,31.75048828125,-11.040136718750091,-2.400000000000091,-52.65921630859384,-17.279992675781273,3.8400390624999545,-17.811279296875
1763688810.6223385,2,2,1,-0.1382923194591136,0.13942514042671858,0.38679222546264785,0.0012246802508810582,0.0015417998843164254,-0.0010071395240082086,12.480004882812409,-23.999975585937477,-25.55502929687509,18.240014648437523,13.439996337890648,-22.457714843750182,22.07998046874991,22.07998046874991,31.75048828125,-11.040136718750091,4.799951171874909,-44.91519775390634,-19.679986572265648,1.4400146484374545,-29.42724609375
1763688810.729633,2,2,1,-0.12889818693615734,0.11080880650534555,0.2991247767837495,0.0006262467350321721,0.0023810685543630564,-0.0008820570396816238,17.27993164062491,-23.999975585937477,-37.17124023437509,13.439996337890648,11.040002441406273,-22.457714843750182,19.67995605468741,22.07998046874991,43.366455078125,-13.440039062500091,-9.765625009094947e-05,-52.65921630859384,-14.879998779296898,3.8400390624999545,-21.68310546875
1763688810.9300902,2,2,1,-0.12117827675519291,0.1594584664627476,0.28562251997062954,0.0013643076405832285,0.001379017331026433,-0.0008881947124767311,14.880029296874909,-21.600012207031227,-25.55502929687509,20.640008544921898,13.439996337890648,-14.713574218750182,19.67995605468741,38.88002929687491,47.238525390625,-23.04013671875009,-12.000097656250091,-56.53122558593759,-17.279992675781273,11.039990234374955,-21.68310546875
1763688811.0271418,2,2,1,-0.17894165090031655,0.0813444508243122,0.2659201541307439,2.0447369220153843e-05,0.0026242964370962974,-0.0013627423768147536,24.48000488281241,-16.799963378906227,-21.68320312500009,23.040002441406273,13.439996337890648,-10.841748046875182,19.67995605468741,48.48000488281241,58.8544921875,-27.83994140625009,-21.59995117187509,-52.65921630859384,-19.679986572265648,13.440014648437455,-10.067138671875
1763688811.4563959,2,2,1,-0.12971676432436455,0.04914870883652372,-0.21378136525156943,-0.0018582506139555514,0.0014528760379971385,-0.0005236433804813261,50.88002929687491,-11.999975585937477,1.548730468749909,25.439996337890648,25.439996337890648,27.878466796874818,14.879907226562409,101.28005371093741,97.574462890625,-56.63999023437509,-81.59995117187509,-64.27518310546884,-22.080010986328148,20.639965820312455,13.164794921875
1763688811.7243023,2,2,1,-0.07162266852013614,0.03846141446655435,-0.3901076491778589,-0.003493079723731793,0.0008122485191863432,-0.0004369312362603686,53.27993164062491,-4.799963378906227,9.292871093749909,27.840020751953148,23.040002441406273,35.62236328124982,10.079980468749909,110.88002929687491,109.1904296875,-61.44003906250009,-100.80014648437509,-68.14719238281259,-22.080010986328148,23.039990234374955,20.90869140625
1763688811.767817,2,2,1,-0.05665766888252457,0.0388743740259394,-0.30374262288660536,-0.0029728318158681382,0.0006179974636327855,-0.0011076059962076678,58.07998046874991,-4.799963378906227,5.420800781249909,25.439996337890648,27.839990234375023,31.750292968749818,10.079980468749909,113.28005371093741,109.1904296875,-63.83994140625009,-100.80014648437509,-68.14719238281259,-22.080010986328148,20.639965820312455,17.036865234375
1763688811.9250789,2,2,1,-0.07094924111247865,0.09837358683445871,-0.48165198205488285,-0.0011769831801505346,-2.1546712768427966e-05,-0.0003867814731295818,50.88002929687491,-4.799963378906227,13.164941406249909,15.840020751953148,37.43999633789065,39.49443359374982,5.279931640624909,127.67995605468741,113.0625,-63.83994140625009,-115.20004882812509,-68.14719238281259,-22.080010986328148,25.440014648437455,20.90869140625
1763688812.0306375,2,2,1,-0.08435414622933336,0.040367197665200305,-0.5009676699297093,-0.002514051318895976,-0.0005597498744464653,-0.0013326590448058933,65.27993164062491,2.4414062522737368e-05,24.78090820312491,23.040002441406273,32.6400085449219,47.23833007812482,10.079980468749909,132.4800048828124,116.934326171875,-73.44003906250009,-129.5999511718751,-68.14719238281259,-19.679986572265648,27.840039062499955,28.65283203125
1763688812.0591626,2,2,1,-0.14175536132924194,0.1914291368850686,-0.5393510551689696,0.00020622798912113853,-0.0003369658492818246,-0.0013473943214089722,62.88002929687491,-2.3999999999999773,13.164941406249909,23.040002441406273,37.43999633789065,51.11040039062482,5.279931640624909,130.0799804687499,128.550537109375,-78.24008789062509,-124.80014648437509,-75.89121093750009,-17.279992675781273,27.840039062499955,28.65283203125
1763688812.1531858,2,2,1,-0.042710157257557335,0.11205350739624609,-0.8226871549789694,-0.0018160047288829399,4.483961608083161e-05,0.00042544543114140637,67.67995605468741,-2.3999999999999773,17.03676757812491,18.240014648437523,27.839990234375023,51.11040039062482,2.879907226562409,134.8800292968749,132.42236328125,-75.83994140625009,-139.2000488281251,-72.01920166015634,-26.879998779296898,30.239941406249955,20.90869140625
1763688812.2475412,2,2,1,-0.040862879909082196,0.10921353148478222,-0.7149451798734625,-0.0003134758561132195,-0.00020207218286224225,-0.0003893182081909254,70.07998046874991,2.3999877929687727,17.03676757812491,23.040002441406273,42.2399841308594,62.72636718749982,5.279931640624909,144.4800048828124,136.29443359375,-85.44003906250009,-153.5999511718751,-75.89121093750009,-24.480004882812523,27.840039062499955,28.65283203125
1763688812.3397083,2,2,1,-0.09783667358175925,0.06046859107004564,-0.8189905665161856,-0.0016066898308915636,0.001111969604958748,-0.0006617971956934142,72.48000488281241,2.4414062522737368e-05,24.78090820312491,18.240014648437523,35.04000244140627,58.85429687499982,2.879907226562409,151.6799560546874,140.16650390625,-83.04013671875009,-163.2000488281251,-68.14719238281259,-24.480004882812523,32.639965820312455,32.52490234375
1763688812.5273538,2,2,1,-0.055333640524363764,0.14535736110534137,-1.1464000583138003,0.0010183830076198573,-1.5921923713702654e-05,-0.0006188583388194469,82.07998046874991,9.600000000000023,28.65273437499991,15.840020751953148,47.04000244140627,78.21440429687482,-1.920019531250091,168.4800048828124,155.654541015625,-92.63999023437509,-192.0000976562501,-72.01920166015634,-22.080010986328148,35.039990234374955,32.52490234375
1763688812.7281828,2,2,1,0.09061312350705164,0.21106443114855025,-1.5002586109005458,0.0016799154717642662,-0.003850540209515134,-0.0002025188327306593,98.88002929687491,16.800012207031273,36.39687499999991,20.640008544921898,56.6400085449219,93.70219726562482,-4.320043945312591,204.4801269531249,182.758544921875,-111.83994140625009,-230.4000000000001,-83.63522949218759,-26.879998779296898,42.239941406249955,51.884765625
1763688812.833648,2,2,1,0.021906093401816533,0.14668277658108647,-1.6655597893852687,-0.002777767053528624,-0.0030528166599602838,-0.000509387380926628,103.67995605468741,19.200036621093773,44.14077148437491,20.640008544921898,51.83999023437502,101.44633789062482,-4.320043945312591,214.0799804687499,194.37451171875,-114.24008789062509,-247.2000488281251,-91.37918701171884,-26.879998779296898,39.840039062499955,59.62890625
1763688812.928977,2,2,1,0.06020497405861496,0.11899525561016754,-1.8982618426085147,-0.0020399741323869564,-0.004705546836837025,-0.00027470203433641244,110.88002929687491,21.600000000000023,48.01284179687491,18.240014648437523,61.43999633789065,113.06254882812482,-6.720068359375091,223.6800781249999,194.37451171875,-121.44003906250009,-264.0000976562501,-95.25119628906259,-24.480004882812523,44.639965820312455,51.884765625
1763688813.0349855,2,2,1,-0.07610897573683977,0.06465031788824227,-2.1199062170561493,-0.003284298706853887,-6.6900694440288205e-06,-0.00043093486654737065,113.27993164062491,31.200036621093773,48.01284179687491,15.840020751953148,68.6400085449219,113.06254882812482,-13.920019531250091,228.4801269531249,198.246337890625,-135.8399414062501,-283.2000488281251,-106.86722412109384,-19.679986572265648,47.039990234374955,59.62890625
1763688813.130802,2,2,1,-0.04250215401620969,0.02718470107504159,-2.2805930487846684,-0.005484209896404322,-5.9386562568873244e-05,-0.0006512167192991365,120.48000488281241,36.00002441406252,51.88491210937491,23.040002441406273,71.04000244140627,132.42241210937482,-13.920019531250091,252.4801269531249,209.862548828125,-135.8399414062501,-300.0000976562501,-106.86722412109384,-26.879998779296898,49.440014648437455,71.244873046875
1763688813.3330798,2,2,1,-0.011036616014715749,0.013439463112328832,-2.822506455080285,-0.006890188574280291,-0.0031343908238503798,-0.0002251328798644187,139.6799560546874,40.80007324218752,55.75673828124991,23.040002441406273,87.83999023437502,147.91020507812482,-13.920019531250091,278.8800292968749,225.350341796875,-157.4400390625001,-343.2000488281251,-126.22720947265634,-24.480004882812523,54.239941406249955,82.86083984375
1763688813.5199037,2,2,1,-0.03310651485785868,-0.07557136995196898,-3.283848419184755,-0.012808580404259754,-0.00046022666155302655,6.18293301235155e-05,158.8800292968749,55.19997558593752,63.50087890624991,27.840020751953148,92.6400085449219,163.39848632812482,-13.920019531250091,310.0799804687499,240.83837890625,-174.2400878906251,-384.0000976562501,-141.7151855468751,-24.480004882812523,56.639965820312455,82.86083984375
1763688813.6412764,2,2,1,-0.10136383147847128,-0.12229228738548606,-3.539948647538085,-0.011237072701660309,-0.003606732952540018,-0.00017537049574474842,161.2799316406249,52.80007324218752,71.24477539062491,23.040002441406273,104.6400085449219,163.39848632812482,-23.51999511718759,326.8800292968749,256.326416015625,-181.4400390625001,-403.2000488281251,-145.58719482421884,-22.080010986328148,54.239941406249955,90.604736328125
1763688813.7496636,2,2,1,0.07306519850883475,-0.11243881346150589,-3.6501821688164493,-0.011806935519673304,-0.005144493986221721,0.0005624240032417459,173.2799316406249,64.80007324218752,67.37294921874991,27.840020751953148,114.2399841308594,175.01420898437482,-23.51999511718759,336.4801269531249,264.070556640625,-198.2400878906251,-429.5999511718751,-164.94718017578134,-29.279992675781273,54.239941406249955,98.348876953125
1763688813.8447518,2,2,1,0.04314179958350205,-0.14191259631430347,-4.01534755180008,-0.015187192178248947,-0.004417364647407654,0.0005764852461134583,180.4800048828124,62.40004882812502,71.24477539062491,25.439996337890648,116.6400085449219,175.01420898437482,-25.92001953125009,350.8800292968749,271.814453125,-193.4400390625001,-446.4000000000001,-168.8191894531251,-22.080010986328148,54.239941406249955,94.476806640625
1763688813.9515798,2,2,1,4.80855017003165e-05,-0.19214822152101826,-4.294553021577971,-0.017899717786779876,-0.0019537723986504055,0.00015736122052823788,180.4800048828124,64.80007324218752,63.50087890624991,25.439996337890648,121.43999633789065,182.75834960937482,-23.51999511718759,353.2799316406249,267.9423828125,-195.8399414062501,-453.5999511718751,-168.8191894531251,-24.480004882812523,56.639965820312455,98.348876953125
1763688814.0455906,2,2,1,-0.014606907037656984,-0.19073674740258015,-4.329027429864592,-0.018401010965042514,-0.0023079336986283764,0.00014273240831974316,185.2799316406249,67.19997558593752,67.37294921874991,25.439996337890648,119.04000244140627,178.88627929687482,-25.92001953125009,355.6800781249999,275.6865234375,-200.6399902343751,-456.0000976562501,-161.0751708984376,-24.480004882812523,56.639965820312455,102.220703125
1763688814.129789,2,2,1,0.057470255969674575,-0.13890476682961742,-4.239379494677683,-0.016580076656630943,-0.004397449221070203,0.00017730278438786884,180.4800048828124,62.40004882812502,67.37294921874991,27.840020751953148,116.6400085449219,182.75834960937482,-23.51999511718759,355.6800781249999,271.814453125,-195.8399414062501,-448.8001464843751,-161.0751708984376,-24.480004882812523,56.639965820312455,98.348876953125
1763688814.234858,2,2,1,0.06479667372551606,-0.1473601264060092,-3.9668249119032875,-0.01605183103323798,-0.0060078398232086975,4.277191771087901e-05,180.4800048828124,62.40004882812502,67.37294921874991,25.439996337890648,109.43999633789065,178.88627929687482,-23.51999511718759,360.4801269531249,271.814453125,-188.6399902343751,-453.5999511718751,-161.0751708984376,-22.080010986328148,51.840039062499955,94.476806640625
1763688814.3297844,2,2,1,0.11958267278179394,-0.07878927683480794,-4.0083982023333435,-0.013953911448586123,-0.009554263748703596,0.00010815992985936326,180.4800048828124,62.40004882812502,71.24477539062491,23.040002441406273,104.6400085449219,178.88627929687482,-18.72006835937509,360.4801269531249,275.6865234375,-193.4400390625001,-451.2000488281251,-153.33121337890634,-26.879998779296898,59.039990234374955,102.220703125
1763688814.5321326,2,2,1,0.13251905147635729,-0.09464371750965452,-3.8869966324495895,-0.013027595650300792,-0.010383662092456013,0.0002348961061219146,178.0799804687499,64.80007324218752,63.50087890624991,23.040002441406273,111.83999023437502,171.14213867187482,-18.72006835937509,365.2799316406249,275.6865234375,-193.4400390625001,-456.0000976562501,-157.2032226562501,-31.679986572265648,54.239941406249955,98.348876953125
1763688814.62454,2,2,1,0.1768499070121815,-0.09252693006613469,-3.9543093886829617,-0.013177109786279393,-0.012552178426977225,5.29236802104603e-05,180.4800048828124,64.80007324218752,67.37294921874991,23.040002441406273,107.04000244140627,175.01420898437482,-16.32004394531259,362.8800292968749,279.558349609375,-188.6399902343751,-458.4000000000001,-153.33121337890634,-26.879998779296898,54.239941406249955,98.348876953125
1763688815.0279396,2,2,1,0.13253285815916654,-0.08564829797762447,-3.8531469159696146,-0.012949442525928908,-0.010191145056357747,9.021736496000836e-05,182.8800292968749,60.00002441406252,67.37294921874991,27.840020751953148,102.2399841308594,171.14213867187482,-18.72006835937509,362.8800292968749,271.814453125,-193.4400390625001,-451.2000488281251,-157.2032226562501,-26.879998779296898,56.639965820312455,94.476806640625
1763688815.1204948,2,2,1,0.1421455252248116,-0.06436238497930599,-3.7957746077322385,-0.011085672993270228,-0.010236742900191973,-0.00019580359992205207,180.4800048828124,62.40004882812502,75.11684570312491,25.439996337890648,107.04000244140627,178.88627929687482,-18.72006835937509,362.8800292968749,275.6865234375,-195.8399414062501,-453.5999511718751,-153.33121337890634,-29.279992675781273,56.639965820312455,98.348876953125
1763688815.228285,2,2,1,0.16534888809795578,-0.06635756244933179,-3.819002077847772,-0.012442985059150678,-0.010277408853658118,2.4552658829823872e-05,178.0799804687499,62.40004882812502,67.37294921874991,27.840020751953148,104.6400085449219,178.88627929687482,-18.72006835937509,365.2799316406249,279.558349609375,-188.6399902343751,-451.2000488281251,-157.2032226562501,-31.679986572265648,54.239941406249955,102.220703125
1763688815.3240476,2,2,1,0.1579376921437082,-0.16463533578571019,-3.846138049143614,-0.015419995012260506,-0.010906092755379928,0.0004012955477297759,192.4800048828124,60.00002441406252,67.37294921874991,32.6400085449219,109.43999633789065,182.75834960937482,-16.32004394531259,382.0799804687499,279.558349609375,-193.4400390625001,-456.0000976562501,-161.0751708984376,-29.279992675781273,51.840039062499955,113.8369140625
1763688815.6320274,2,2,1,0.20849196921743293,-0.22878475410149626,-3.707861974791687,-0.019239387976405176,-0.013614595022671762,-0.00010851792580880769,199.6799560546874,69.60000000000002,71.24477539062491,42.24001464843752,114.2399841308594,186.63041992187482,-21.12009277343759,391.6800781249999,275.6865234375,-195.8399414062501,-458.4000000000001,-164.94718017578134,-26.879998779296898,59.039990234374955,117.708740234375
1763688815.6455243,2,2,1,0.20234267669539988,-0.2330843932210842,-3.7094386532047636,-0.019775235043858037,-0.013851697622308264,-3.288246318402079e-05,206.8800292968749,62.40004882812502,71.24477539062491,39.84002075195315,111.83999023437502,182.75834960937482,-11.519995117187591,394.0799804687499,279.558349609375,-195.8399414062501,-460.8001464843751,-168.8191894531251,-31.679986572265648,51.840039062499955,113.8369140625
1763688815.7391615,2,2,1,0.28022353101658903,-0.2816030516766175,-3.657396738315826,-0.023810632069295096,-0.01700602484092274,-0.00010697360090617314,204.4800048828124,69.60000000000002,63.50087890624991,49.44002685546877,111.83999023437502,178.88627929687482,-18.72006835937509,396.4801269531249,275.6865234375,-195.8399414062501,-460.8001464843751,-172.69119873046884,-29.279992675781273,54.239941406249955,121.580810546875
1763688815.8336978,2,2,1,0.2961699862813773,-0.31276252719392056,-3.6298664082634184,-0.02554469032236891,-0.0183839100317618,0.00021035513687127794,199.6799560546874,69.60000000000002,71.24477539062491,37.44002685546877,107.04000244140627,186.63041992187482,-16.32004394531259,389.2799316406249,275.6865234375,-193.4400390625001,-460.8001464843751,-164.94718017578134,-26.879998779296898,54.239941406249955,117.708740234375
1763688815.9307177,2,2,1,0.2368261486927383,-0.23059465101786153,-3.760700027962686,-0.01975270207480113,-0.014719640788710634,0.00018285122989302534,197.2799316406249,67.19997558593752,71.24477539062491,42.24001464843752,107.04000244140627,175.01420898437482,-16.32004394531259,391.6800781249999,271.814453125,-193.4400390625001,-460.8001464843751,-168.8191894531251,-29.279992675781273,54.239941406249955,117.708740234375
1763688816.022954,2,2,1,0.27108569250429715,-0.26622125319999534,-3.6684276788455072,-0.021855121863106026,-0.015310408478287987,5.307209318632295e-05,204.4800048828124,67.19997558593752,67.37294921874991,49.44002685546877,111.83999023437502,190.50249023437482,-16.32004394531259,401.2799316406249,279.558349609375,-188.6399902343751,-463.2000488281251,-176.5632080078126,-29.279992675781273,51.840039062499955,121.580810546875
1763688816.1316853,2,2,1,0.3255093114719022,-0.3760188032514441,-3.6687222658101937,-0.026904546227924448,-0.019115952396899446,3.9404083335293355e-05,202.0799804687499,72.00002441406252,63.50087890624991,44.6400085449219,111.83999023437502,182.75834960937482,-16.32004394531259,396.4801269531249,275.6865234375,-195.8399414062501,-458.4000000000001,-172.69119873046884,-31.679986572265648,54.239941406249955,125.452880859375
1763688816.224865,2,2,1,0.2654102376153227,-0.3067628128749958,-3.4845879769997996,-0.022628513506115392,-0.016458953153304944,-0.00011584508379779623,194.8800292968749,67.19997558593752,63.50087890624991,39.84002075195315,109.43999633789065,178.88627929687482,-13.920019531250091,389.2799316406249,275.6865234375,-193.4400390625001,-456.0000976562501,-168.8191894531251,-26.879998779296898,49.440014648437455,117.708740234375
1763688816.3199732,2,2,1,0.19951515234472383,-0.2218181290321912,-3.6390993504714078,-0.01898760820913779,-0.013997259504157089,7.286152938278676e-05,194.8800292968749,60.00002441406252,63.50087890624991,39.84002075195315,107.04000244140627,182.75834960937482,-11.519995117187591,391.6800781249999,275.6865234375,-186.2400878906251,-456.0000976562501,-161.0751708984376,-34.08001098632815,49.440014648437455,121.580810546875
1763688816.4277644,2,2,1,0.4116833160153742,-0.22796092603425422,-3.403511614210105,-0.019355148253590963,-0.02431748487114451,-0.00016022692488903935,204.4800048828124,62.40004882812502,67.37294921874991,44.6400085449219,102.2399841308594,190.50249023437482,-13.920019531250091,401.2799316406249,275.6865234375,-186.2400878906251,-458.4000000000001,-168.8191894531251,-29.279992675781273,51.840039062499955,125.452880859375
1763688816.5215256,2,2,1,0.4483938834912279,-0.21606662554606926,-3.5413120206694164,-0.019773143435034474,-0.025137773683694655,0.0005691145544842067,182.8800292968749,57.60000000000002,71.24477539062491,27.840020751953148,95.04000244140627,171.14213867187482,-11.519995117187591,372.4801269531249,279.558349609375,-181.4400390625001,-453.5999511718751,-149.4592041015626,-34.08001098632815,59.039990234374955,102.220703125
1763688816.6322248,2,2,1,0.16354669439555847,0.05979278024963616,-3.5546981685959,-0.004935832372812046,-0.011637312541021946,0.00045312820883347494,175.6799560546874,55.19997558593752,67.37294921874991,25.439996337890648,87.83999023437502,163.39848632812482,-9.120092773437591,362.8800292968749,275.6865234375,-179.0401367187501,-434.4000000000001,-149.4592041015626,-36.48000488281252,51.840039062499955,106.0927734375
1763688816.723627,2,2,1,0.32719684551842076,0.051408654354271305,-3.1386438304276254,-0.006138637571418613,-0.018819480166130886,0.0003601954844711381,170.8800292968749,52.80007324218752,63.50087890624991,30.240014648437523,75.83999023437502,159.52641601562482,-11.519995117187591,360.4801269531249,271.814453125,-159.8399414062501,-417.5999511718751,-122.35520019531259,-38.8799987792969,51.840039062499955,109.96484375
1763688816.8333547,2,2,1,0.43904423121328146,0.018565836820328557,-2.7365237427650704,-0.0073710773728083885,-0.026772560011919716,0.0004989624999034148,158.8800292968749,45.60000000000002,59.62880859374991,23.040002441406273,73.43999633789065,147.91020507812482,-4.320043945312591,338.8800292968749,256.326416015625,-150.2400878906251,-398.4000000000001,-114.61118164062509,-38.8799987792969,49.440014648437455,90.604736328125
1763688816.926302,2,2,1,0.35687171821320474,0.13677791413244075,-2.3898585187542505,0.00017475860649394763,-0.021892252721692804,2.1465321455494844e-05,144.4800048828124,40.80007324218752,63.50087890624991,18.240014648437523,61.43999633789065,136.29448242187482,-1.920019531250091,317.2799316406249,252.454345703125,-135.8399414062501,-374.4000000000001,-110.73917236328134,-36.48000488281252,49.440014648437455,82.86083984375
1763688817.0201883,2,2,1,0.27412134569713076,0.14000930398693576,-2.150564052788688,0.0012310859030412163,-0.018137312721458826,-0.00012198244949511699,146.8800292968749,36.00002441406252,55.75673828124991,20.640008544921898,63.83999023437502,136.29448242187482,-9.120092773437591,305.2799316406249,236.966552734375,-133.4400390625001,-350.4000000000001,-110.73917236328134,-34.08001098632815,47.039990234374955,86.73291015625
1763688817.0792105,2,2,1,0.22887414119600336,0.14451673056825332,-2.147678693355708,0.001769705422575242,-0.01746409163726792,0.00027231291443434045,142.0799804687499,33.60000000000002,48.01284179687491,30.240014648437523,61.43999633789065,136.29448242187482,-1.920019531250091,293.2799316406249,236.966552734375,-128.6399902343751,-331.2000488281251,-106.86722412109384,-38.8799987792969,44.639965820312455,78.98876953125
1763688817.172767,2,2,1,0.21831182843034114,0.005983561900122447,-1.788096844619067,-0.004831195298255858,-0.014130348218024244,-8.420876156977632e-05,125.27993164062491,19.200036621093773,51.88491210937491,20.640008544921898,35.04000244140627,105.31840820312482,2.879907226562409,274.0799804687499,225.350341796875,-114.24008789062509,-292.8001464843751,-83.63522949218759,-41.27999267578127,44.639965820312455,75.11669921875
1763688817.282069,2,2,1,0.28830643310623894,0.10025104026234127,-1.3622364294545906,0.0003165742100910765,-0.019950857941920738,-0.00031045409349213715,113.27993164062491,14.399987792968773,48.01284179687491,23.040002441406273,35.04000244140627,97.57426757812482,7.679956054687409,250.0799804687499,205.990478515625,-107.04013671875009,-261.5999511718751,-75.89121093750009,-36.48000488281252,47.039990234374955,71.244873046875
1763688817.4267821,2,2,1,0.22299339934362605,0.17659791030935643,-0.7749110697052092,0.004274720553391585,-0.018052421157452245,-0.00040201137516119326,103.67995605468741,14.399987792968773,40.26894531249991,20.640008544921898,25.439996337890648,85.95854492187482,10.079980468749909,230.8800292968749,194.37451171875,-95.04013671875009,-235.2000488281251,-72.01920166015634,-41.27999267578127,37.440014648437455,59.62890625
1763688817.4989142,2,2,1,0.24813063598575213,0.1629193587199495,-0.6742983916800274,0.004369594307265211,-0.018534250390199795,-0.0003646980195447506,94.07998046874991,-7.199987792968727,32.52480468749991,20.640008544921898,11.040002441406273,70.47026367187482,14.879907226562409,209.2799316406249,182.758544921875,-83.04013671875009,-211.2000488281251,-64.27518310546884,-46.08001098632815,35.039990234374955,51.884765625
1763688817.5944626,2,2,1,0.24460331815868003,0.163434480364907,-0.6799468652143995,0.0031982005575902145,-0.01768716753661192,1.9236858919796022e-05,79.67995605468741,-2.3999999999999773,32.52480468749991,13.439996337890648,13.439996337890648,66.59843749999982,14.879907226562409,182.8800292968749,171.142333984375,-78.24008789062509,-180.0000976562501,-60.40317382812509,-43.67998657226565,37.440014648437455,40.268798828125
1763688817.6872196,2,2,1,0.2216489582725524,0.23428139655842625,-0.42042695585264034,0.0064544292387171305,-0.0112289829694376,-0.0008948590811049641,77.27993164062491,-4.799963378906227,28.65273437499991,15.840020751953148,13.439996337890648,54.98247070312482,10.079980468749909,178.0799804687499,167.2705078125,-75.83994140625009,-172.8001464843751,-56.53122558593759,-43.67998657226565,35.039990234374955,40.268798828125
1763688817.7797005,2,2,1,0.06200440259788094,0.25803408888756046,-0.2513126544387173,0.005798525852504785,-0.007506023718348625,-0.0011504340167218833,79.67995605468741,-9.600012207031227,28.65273437499991,20.640008544921898,15.839990234375023,51.11040039062482,12.480004882812409,173.2800537109374,151.782470703125,-71.04013671875009,-151.2000488281251,-60.40317382812509,-41.27999267578127,30.239941406249955,44.140869140625
1763688818.0607135,2,2,1,0.053230421409568185,0.198186476216749,-0.209574793209567,0.0034951594495353216,-0.0077423883732798855,-0.0004366983726013017,62.88002929687491,-11.999975585937477,9.292871093749909,27.840020751953148,18.239984130859398,39.49443359374982,10.079980468749909,134.8800292968749,128.550537109375,-66.24008789062509,-110.40000000000009,-56.53122558593759,-31.679986572265648,25.440014648437455,32.52490234375
1763688818.5464122,2,2,1,-0.06892907437191724,0.13909549249365918,0.2349651265443803,0.0012198899349736096,-0.0013248015071725123,-0.0006714713007282534,50.88002929687491,-19.199987792968727,1.548730468749909,18.240014648437523,11.040002441406273,24.006396484374818,12.480004882812409,103.67995605468741,113.0625,-51.83994140625009,-76.80014648437509,-56.53122558593759,-31.679986572265648,23.039990234374955,13.164794921875
1763688818.8339212,2,2,1,-0.07914251470506532,0.15191865466464538,0.28678571207617937,0.0016686255686172435,-0.0006647166305481123,-0.0006519233919965316,50.88002929687491,-19.199987792968727,1.548730468749909,27.840020751953148,15.839990234375023,12.390429687499818,17.27993164062491,96.48000488281241,105.318359375,-51.83994140625009,-67.20004882812509,-56.53122558593759,-31.679986572265648,25.440014648437455,1.548828125
1763688818.9279938,2,2,1,-0.11398432002983602,0.15726010333791246,0.236641072137585,0.00167561123641839,0.0007544533359182699,-0.0008261337634895382,43.67995605468741,-19.199987792968727,-2.323095703125091,25.439996337890648,11.040002441406273,16.262255859374818,17.27993164062491,89.28005371093741,105.318359375,-47.04013671875009,-62.40000000000009,-48.78720703125009,-26.879998779296898,18.239941406249955,5.4208984375
1763688819.12833,2,2,1,0.3203284857412506,-0.38913150471709035,0.2741447404698395,-0.00802037004098442,-0.0062092471803847325,-0.0009673744077131024,43.67995605468741,-23.999975585937477,-10.067236328125091,25.439996337890648,11.040002441406273,12.390429687499818,19.67995605468741,82.07998046874991,89.83056640625,-42.24008789062509,-52.80014648437509,-56.53122558593759,-26.879998779296898,18.239941406249955,1.548828125
1763688819.331126,2,2,1,0.02520864562312302,-0.08436218060460265,0.31777142309277473,-0.0027530798516482587,-0.00129852679310318,-0.0009528532952748656,36.48000488281241,-21.600012207031227,-2.323095703125091,23.040002441406273,15.839990234375023,4.646289062499818,19.67995605468741,82.07998046874991,85.95849609375,-44.63999023437509,-48.00009765625009,-52.65921630859384,-31.679986572265648,18.239941406249955,-6.195068359375
1763688819.4280727,2,2,1,-0.4225042978429538,0.7131829801593987,0.34237477524679305,0.010342913815475595,0.006352730842756858,-0.0007964133524489903,43.67995605468741,-21.600012207031227,-13.939062500000091,25.439996337890648,8.640008544921898,0.7744628906248181,22.07998046874991,74.88002929687491,85.95849609375,-37.44003906250009,-38.40000000000009,-48.78720703125009,-31.679986572265648,15.840039062499955,-2.3232421875
1763688819.718747,2,2,1,-0.09466656187657635,0.13489619714156525,0.36743021099955175,0.0010314314424367318,0.0010634196752024008,-0.0007021183015105011,31.67995605468741,-21.600012207031227,-6.195166015625091,20.640008544921898,11.040002441406273,4.646289062499818,14.879907226562409,67.67995605468741,78.21435546875,-37.44003906250009,-36.00009765625009,-52.65921630859384,-26.879998779296898,15.840039062499955,-2.3232421875
1763688819.9239526,2,2,1,-0.10184662535112105,0.1186622374665445,0.39993713051525703,0.000558928102092284,0.001318494110944731,-0.0011601414537878599,31.67995605468741,-26.399999999999977,-10.067236328125091,23.040002441406273,15.839990234375023,-3.097607421875182,19.67995605468741,67.67995605468741,74.342529296875,-39.83994140625009,-28.80014648437509,-56.53122558593759,-26.879998779296898,15.840039062499955,-6.195068359375
1763688820.0277739,2,2,1,-0.13584202504817652,0.1370707174228348,0.5870638159439128,0.0007441371966549009,0.0018264317128003893,-0.001641081388431513,31.67995605468741,-21.600012207031227,-13.939062500000091,27.840020751953148,11.040002441406273,-3.097607421875182,17.27993164062491,65.28005371093741,74.342529296875,-35.04013671875009,-31.20004882812509,-56.53122558593759,-22.080010986328148,15.840039062499955,-6.195068359375
1763688820.2317593,2,2,1,-0.12092094900871408,0.15818601721335052,0.521129921475739,0.0014185511077672575,0.001594618693440617,-0.0010382182566804916,36.48000488281241,-21.600012207031227,-10.067236328125091,23.040002441406273,8.640008544921898,0.7744628906248181,19.67995605468741,62.88002929687491,62.7265625,-30.24008789062509,-26.40000000000009,-52.65921630859384,-24.480004882812523,11.039990234374955,-6.195068359375
1763688820.3252714,2,2,1,-0.13710941082057782,0.09876238255137265,0.36745597218645354,0.0005484578188074354,0.001715158857057597,-0.0010915787274270847,31.67995605468741,-23.999975585937477,-13.939062500000091,25.439996337890648,15.839990234375023,-6.969677734375182,19.67995605468741,60.48000488281241,74.342529296875,-30.24008789062509,-26.40000000000009,-56.53122558593759,-24.480004882812523,11.039990234374955,-2.3232421875
1763688820.413333,2,2,1,-0.12010897112032085,0.10622860187602302,0.41707494630653297,0.0006190579626493802,0.0021376961530073174,-0.0012305644915683134,29.27993164062491,-21.600012207031227,-21.68320312500009,27.840020751953148,11.040002441406273,0.7744628906248181,19.67995605468741,58.07998046874991,62.7265625,-27.83994140625009,-28.80014648437509,-52.65921630859384,-22.080010986328148,15.840039062499955,-10.067138671875
1763688820.5258894,2,2,1,-0.12060515840715791,0.11908697270138117,0.3514159575805624,0.0008793706857979294,0.00147994201028049,-0.0011759726716426458,31.67995605468741,-21.600012207031227,-21.68320312500009,23.040002441406273,8.640008544921898,0.7744628906248181,19.67995605468741,60.48000488281241,58.8544921875,-30.24008789062509,-24.00009765625009,-52.65921630859384,-24.480004882812523,8.639965820312455,-13.939208984375
1763688820.6218104,2,2,1,-0.1039631376525642,0.14879640591314447,0.418662738616438,0.0013293281489356336,0.0014285961577279924,-0.00044905869098670504,26.88002929687491,-23.999975585937477,-21.68320312500009,25.439996337890648,15.839990234375023,-3.097607421875182,17.27993164062491,55.67995605468741,66.598388671875,-30.24008789062509,-26.40000000000009,-52.65921630859384,-22.080010986328148,11.039990234374955,-2.3232421875
1763688820.9178114,2,2,1,-0.1293013926900165,0.1397441022544984,0.4691724588236217,0.001069521568613817,0.0025050326240996625,-0.001290981383805727,22.07998046874991,-23.999975585937477,-25.55502929687509,23.040002441406273,11.040002441406273,-10.841748046875182,19.67995605468741,53.28005371093741,66.598388671875,-25.44003906250009,-21.59995117187509,-52.65921630859384,-19.679986572265648,13.440014648437455,-21.68310546875
1763688821.2289443,2,2,1,-0.14579416908955845,0.12124804592027659,0.3676639287273554,0.0007266814526438639,0.002348742462300437,-0.0010143314405240337,26.88002929687491,-21.600012207031227,-21.68320312500009,23.040002441406273,13.439996337890648,-14.713574218750182,22.07998046874991,48.48000488281241,54.982421875,-23.04013671875009,-16.80014648437509,-52.65921630859384,-22.080010986328148,6.2399414062499545,-17.811279296875
1763688821.3234615,2,2,1,-0.12053154984883342,0.12025530184425759,0.3172325231492633,0.0008971231573397321,0.001278137588590851,-0.0004846151698552222,24.48000488281241,-21.600012207031227,-21.68320312500009,15.840020751953148,15.839990234375023,-6.969677734375182,14.879907226562409,48.48000488281241,58.8544921875,-20.63999023437509,-19.20004882812509,-56.53122558593759,-22.080010986328148,6.2399414062499545,-13.939208984375
1763688821.4299786,2,2,1,-0.09430986682545102,0.1020664317682678,0.4329904254410403,0.0005989296813364033,0.0017293812095678686,-0.001146650628910387,26.88002929687491,-26.399999999999977,-21.68320312500009,18.240014648437523,13.439996337890648,-14.713574218750182,24.48000488281241,48.48000488281241,54.982421875,-25.44003906250009,-16.80014648437509,-56.53122558593759,-22.080010986328148,11.039990234374955,-13.939208984375
1763688821.5247712,2,2,1,-0.12143421784952542,0.09903609961104085,0.41863919384806547,0.000905230301979898,0.001591607637919131,-0.0010718727373083253,24.48000488281241,-21.600012207031227,-25.55502929687509,23.040002441406273,13.439996337890648,-6.969677734375182,22.07998046874991,43.67995605468741,54.982421875,-25.44003906250009,-16.80014648437509,-48.78720703125009,-17.279992675781273,11.039990234374955,-13.939208984375
1763688821.6324818,2,2,1,-0.11193347475325865,0.13404077908696782,0.35125064105434267,0.0010085954468187599,0.0014008120692718489,-0.0009422997336731754,26.88002929687491,-23.999975585937477,-29.42709960937509,20.640008544921898,15.839990234375023,-10.841748046875182,19.67995605468741,43.67995605468741,54.982421875,-20.63999023437509,-16.80014648437509,-56.53122558593759,-19.679986572265648,8.639965820312455,-17.811279296875
1763688821.929712,2,2,1,-0.11268478451391306,0.10548392997536046,0.40217643787242024,0.0009560794817991755,0.0011406123382138808,-0.0011564279174397431,22.07998046874991,-23.999975585937477,-29.42709960937509,18.240014648437523,8.640008544921898,-18.585644531250182,24.48000488281241,43.67995605468741,51.1103515625,-20.63999023437509,-16.80014648437509,-48.78720703125009,-19.679986572265648,11.039990234374955,-10.067138671875
1763688822.021504,2,2,1,-0.10051162652645072,0.11709672210050116,0.36401235962300366,0.0002076840718697034,0.0016651540035342474,-0.0007052097914965996,19.67995605468741,-23.999975585937477,-29.42709960937509,18.240014648437523,15.839990234375023,-18.585644531250182,22.07998046874991,46.07998046874991,51.1103515625,-25.44003906250009,-9.599951171875091,-56.53122558593759,-22.080010986328148,8.639965820312455,-21.68310546875
1763688822.2234418,2,2,1,-0.1231898548369179,0.1509327760100279,0.4391509060453397,0.0018455047908403819,0.001143368605419017,-0.0009087226971337411,24.48000488281241,-23.999975585937477,-13.939062500000091,15.840020751953148,18.239984130859398,-18.585644531250182,24.48000488281241,43.67995605468741,43.366455078125,-20.63999023437509,-14.400000000000091,-56.53122558593759,-17.279992675781273,6.2399414062499545,-17.811279296875
1763688822.4299228,2,2,1,-0.12205738607741425,0.13847666626009258,0.3865183835784068,0.0013854962113470765,0.0016855757936126425,-0.0010065076063068825,24.48000488281241,-26.399999999999977,-29.42709960937509,13.439996337890648,15.839990234375023,-18.585644531250182,17.27993164062491,43.67995605468741,51.1103515625,-18.24008789062509,-14.400000000000091,-52.65921630859384,-22.080010986328148,8.639965820312455,-21.68310546875
1763688822.4867098,2,2,1,-0.1219434797457575,0.14933394015642715,0.35302284514350746,0.001472991419553528,0.001488307159536527,-0.0007063606926998416,24.48000488281241,-16.799963378906227,-21.68320312500009,18.240014648437523,13.439996337890648,-18.585644531250182,19.67995605468741,41.28005371093741,43.366455078125,-18.24008789062509,-9.599951171875091,-56.53122558593759,-19.679986572265648,6.2399414062499545,-17.811279296875
1763688822.5785549,2,2,1,-0.12925418864633903,0.11279116380932402,0.4178266000259855,0.0008563315600097071,0.0019292028550637614,-0.0006043754969069126,17.27993164062491,-21.600012207031227,-33.29916992187509,18.240014648437523,8.640008544921898,-18.585644531250182,24.48000488281241,41.28005371093741,47.238525390625,-15.839941406250091,-12.000097656250091,-60.40317382812509,-19.679986572265648,6.2399414062499545,-21.68310546875
1763688822.687194,2,2,1,-0.1136049715973529,0.13308833546916704,0.3684466124287358,0.001349295111704498,0.0017905457738803356,-0.00046539597833002524,19.67995605468741,-23.999975585937477,-25.55502929687509,20.640008544921898,13.439996337890648,-22.457714843750182,22.07998046874991,38.88002929687491,51.1103515625,-15.839941406250091,-9.599951171875091,-52.65921630859384,-19.679986572265648,6.2399414062499545,-25.55517578125
1763688822.7841377,2,2,1,-0.13192660355399602,0.1361830511612956,0.3886021255015556,0.0017080921144662945,0.0012138656212947582,-0.0009260206192379432,19.67995605468741,-23.999975585937477,-29.42709960937509,15.840020751953148,15.839990234375023,-18.585644531250182,17.27993164062491,41.28005371093741,43.366455078125,-18.24008789062509,-12.000097656250091,-52.65921630859384,-19.679986572265648,6.2399414062499545,-25.55517578125
1763688822.8770046,2,2,1,-0.10990735763429962,0.18498105945187973,0.33417390359806565,0.0011016387320788457,0.0009888319887372946,-0.0003271160529194659,0,0,0,0,0,0,0,0,0,0,0,0,0,0,0
1763688822.9705005,2,2,1,-0.14682451086185164,0.14444272858572038,0.3870563162693493,0.00126764452778758,0.0016127224335887999,-0.000850871954453493,22.07998046874991,-19.199987792968727,-25.55502929687509,20.640008544921898,13.439996337890648,-26.329541015625182,19.67995605468741,36.48000488281241,43.366455078125,-15.839941406250091,-7.200048828125091,-60.40317382812509,-17.279992675781273,8.639965820312455,-17.811279296875
1763688823.0661354,2,2,1,-0.1399381437040042,0.12015907502049376,0.3872582649309333,0.0014107208849024502,0.0015585882358332174,-0.0006917256350047094,24.48000488281241,-26.399999999999977,-25.55502929687509,18.240014648437523,11.040002441406273,-22.457714843750182,19.67995605468741,38.88002929687491,43.366455078125,-18.24008789062509,-9.599951171875091,-52.65921630859384,-22.080010986328148,8.639965820312455,-21.68310546875
1763688823.175843,2,2,1,-0.0961944253299976,0.14424084292107456,0.402610951626287,0.0014481920925238716,0.0012748850509795345,-0.0008448596583242274,19.67995605468741,-19.199987792968727,-25.55502929687509,18.240014648437523,15.839990234375023,-18.585644531250182,17.27993164062491,43.67995605468741,43.366455078125,-18.24008789062509,-7.200048828125091,-48.78720703125009,-22.080010986328148,6.2399414062499545,-25.55517578125
1763688823.286807,2,2,1,-0.1289465990712952,0.13487645424577052,0.3686432034851311,0.001024558799359608,0.0013587730573258292,-0.0007014608672857291,17.27993164062491,-21.600012207031227,-29.42709960937509,18.240014648437523,11.040002441406273,-18.585644531250182,22.07998046874991,38.88002929687491,47.238525390625,-15.839941406250091,-7.200048828125091,-56.53122558593759,-17.279992675781273,6.2399414062499545,-25.55517578125
1763688823.381518,2,2,1,-0.09558424506944814,0.11481200360233612,0.38445015726999704,0.0010360217176619215,0.0011733639643557103,-0.0008505880249125163,22.07998046874991,-19.199987792968727,-29.42709960937509,20.640008544921898,13.439996337890648,-22.457714843750182,17.27993164062491,41.28005371093741,43.366455078125,-20.63999023437509,-9.599951171875091,-48.78720703125009,-17.279992675781273,6.2399414062499545,-17.811279296875
1763688823.475332,2,2,1,-0.14054012294977308,0.08840357939690904,0.28488849197069216,0.0011154835981904453,0.002115862436858409,-0.0007266663131950391,19.67995605468741,-23.999975585937477,-29.42709960937509,18.240014648437523,8.640008544921898,-18.585644531250182,19.67995605468741,34.07998046874991,35.62255859375,-15.839941406250091,-9.599951171875091,-56.53122558593759,-19.679986572265648,1.4400146484374545,-21.68310546875
1763688823.5853531,2,2,1,-0.12748065148524143,0.15190992274108603,0.41771473839129425,0.000835939250726363,0.0019076629052179397,-0.000764321215202461,22.07998046874991,-21.600012207031227,-33.29916992187509,18.240014648437523,13.439996337890648,-18.585644531250182,17.27993164062491,38.88002929687491,43.366455078125,-15.839941406250091,-7.200048828125091,-48.78720703125009,-19.679986572265648,8.639965820312455,-25.55517578125
1763688823.6813543,2,2,1,-0.11884715171139905,0.13862376056422918,0.400642401039071,0.0007276808184860418,0.0014579634103916452,-0.0007698722291670268,22.07998046874991,-23.999975585937477,-25.55502929687509,20.640008544921898,11.040002441406273,-22.457714843750182,22.07998046874991,34.07998046874991,43.366455078125,-18.24008789062509,-2.400000000000091,-56.53122558593759,-17.279992675781273,8.639965820312455,-25.55517578125
1763688823.825468,2,2,1,-0.12160098127345657,0.1366463304160404,0.31776444678927573,0.0011832214402913975,0.0021357070381940475,-0.0007971471545404994,22.07998046874991,-21.600012207031227,-29.42709960937509,18.240014648437523,8.640008544921898,-22.457714843750182,19.67995605468741,36.48000488281241,39.494384765625,-15.839941406250091,-7.200048828125091,-52.65921630859384,-17.279992675781273,3.8400390624999545,-29.42724609375
1763688823.9347053,2,2,1,-0.1369829065209845,0.12874550441308635,0.31727314183562194,0.0007887423910588284,0.0016993985341763362,-0.000642001455520475,24.48000488281241,-26.399999999999977,-21.68320312500009,23.040002441406273,13.439996337890648,-26.329541015625182,19.67995605468741,36.48000488281241,43.366455078125,-15.839941406250091,-7.200048828125091,-52.65921630859384,-19.679986572265648,6.2399414062499545,-21.68310546875
1763688823.9787595,2,2,1,-0.13181312636145254,0.11191132187557806,0.36979779583256006,0.0013179679654540066,0.0022447940438486843,-0.001322991807640492,19.67995605468741,-21.600012207031227,-29.42709960937509,23.040002441406273,11.040002441406273,-26.329541015625182,17.27993164062491,36.48000488281241,47.238525390625,-15.839941406250091,-9.599951171875091,-52.65921630859384,-19.679986572265648,6.2399414062499545,-21.68310546875
1763688824.071781,2,2,1,-0.11289063709771965,0.12327478770444789,0.351150802971257,0.0010896916361856556,0.0016911846755489584,-0.0007846008475578619,19.67995605468741,-23.999975585937477,-29.42709960937509,20.640008544921898,13.439996337890648,-26.329541015625182,22.07998046874991,36.48000488281241,35.62255859375,-13.440039062500091,-2.400000000000091,-56.53122558593759,-17.279992675781273,11.039990234374955,-21.68310546875
1763688824.234354,2,2,1,-0.11320703436310403,0.16579349780984087,0.2862784845492691,0.0015919361331812264,0.0010297589288893404,-0.0007312791086227316,26.88002929687491,-21.600012207031227,-25.55502929687509,20.640008544921898,13.439996337890648,-18.585644531250182,19.67995605468741,46.07998046874991,51.1103515625,-23.04013671875009,-16.80014648437509,-52.65921630859384,-17.279992675781273,6.2399414062499545,-17.811279296875
1763688824.3271728,2,2,1,-0.07312891669184612,0.14727284550420944,0.4151305097650487,0.000321674103990558,2.523817482470692e-05,-0.0006114349026328729,24.48000488281241,-21.600012207031227,-21.68320312500009,20.640008544921898,18.239984130859398,-14.713574218750182,19.67995605468741,36.48000488281241,43.366455078125,-23.04013671875009,-9.599951171875091,-52.65921630859384,-12.480004882812523,6.2399414062499545,-17.811279296875
1763688824.5289996,2,2,1,-0.0212637201376185,0.16607040278954135,0.21108745810998858,0.0002509482725982434,-0.00016729197076353875,-0.0007647912563535121,34.07998046874991,-19.199987792968727,-10.067236328125091,23.040002441406273,11.040002441406273,-6.969677734375182,17.27993164062491,55.67995605468741,62.7265625,-27.83994140625009,-31.20004882812509,-64.27518310546884,-22.080010986328148,11.039990234374955,-6.195068359375
1763688824.6666203,2,2,1,-0.10290815861704436,0.06256304488770954,0.2313549217158725,0.00022963656841634684,0.0006566489185250922,-0.0009824658637578964,34.07998046874991,-16.799963378906227,-13.939062500000091,25.439996337890648,20.640008544921898,0.7744628906248181,17.27993164062491,65.28005371093741,66.598388671875,-35.04013671875009,-43.20004882812509,-56.53122558593759,-19.679986572265648,13.440014648437455,-6.195068359375
1763688825.1222577,2,2,1,-0.004793599168605334,0.17934889684311642,-0.21788604111686416,0.002266968913511642,-0.0016422563714171255,-0.000519890311906557,46.07998046874991,-9.600012207031227,-2.323095703125091,20.640008544921898,25.439996337890648,24.006396484374818,10.079980468749909,98.88002929687491,101.446533203125,-56.63999023437509,-84.00009765625009,-60.40317382812509,-22.080010986328148,20.639965820312455,5.4208984375
1763688825.325968,2,2,1,-0.03448711339577504,0.15175133976375427,-0.35486628407123433,0.0009883225092373591,-0.0021623687809419955,-0.0008064853248074736,62.88002929687491,-4.799963378906227,17.03676757812491,20.640008544921898,25.439996337890648,39.49443359374982,5.279931640624909,127.67995605468741,116.934326171875,-66.24008789062509,-117.59995117187509,-64.27518310546884,-19.679986572265648,27.840039062499955,17.036865234375
1763688825.5330892,2,2,1,-0.04893728678912512,0.11039415096540285,-0.6038112756192573,0.0017667361669041625,-0.0023349353038441675,-0.00018469653142006153,70.07998046874991,-2.3999999999999773,17.03676757812491,23.040002441406273,30.239984130859398,51.11040039062482,10.079980468749909,142.0799804687499,132.42236328125,-73.44003906250009,-134.4000000000001,-72.01920166015634,-31.679986572265648,30.239941406249955,28.65283203125
1763688825.6368349,2,2,1,-0.014929980464299275,0.13851849180880185,-0.5276505876760998,0.00015736720988605325,-0.0016143367746323115,-0.0007142964558222662,74.88002929687491,2.3999877929687727,24.78090820312491,25.439996337890648,32.6400085449219,58.85429687499982,5.279931640624909,149.2800537109374,140.16650390625,-80.63999023437509,-146.4000000000001,-68.14719238281259,-26.879998779296898,25.440014648437455,32.52490234375
1763688825.7356424,2,2,1,-0.0568812162223192,0.03474907346862809,-0.7463770284378611,-0.000894946939112956,-0.003622014673917974,-0.00016266972257420557,79.67995605468741,2.3999877929687727,24.78090820312491,25.439996337890648,37.43999633789065,54.98247070312482,10.079980468749909,158.8800292968749,147.910400390625,-85.44003906250009,-158.4000000000001,-72.01920166015634,-24.480004882812523,35.039990234374955,36.396728515625
1763688825.9196877,2,2,1,-0.04446592451398862,0.1238202506795271,-1.0888266490139453,-0.0014833897454900424,-0.00032834728557154503,-0.0005292807428298163,91.67995605468741,12.000024414062523,28.65273437499991,30.240014648437523,44.6400085449219,74.34233398437482,2.879907226562409,180.4800048828124,155.654541015625,-102.24008789062509,-184.8001464843751,-83.63522949218759,-22.080010986328148,35.039990234374955,48.0126953125
1763688826.122927,2,2,1,-0.03437833783334309,0.002886599948596493,-1.32829911511988,-0.006912212961633456,0.00024389726701138983,-0.0007060344230056716,106.07998046874991,16.800012207031273,36.39687499999991,32.6400085449219,59.04000244140627,93.70219726562482,-6.720068359375091,199.6800781249999,167.2705078125,-114.24008789062509,-216.0000976562501,-95.25119628906259,-24.480004882812523,37.440014648437455,59.62890625
1763688826.2315056,2,2,1,-0.10094676455495125,0.0004913689260590964,-1.441590405963805,-0.005826757098298158,0.0029773795238140443,-0.0008187610484650821,0,0,0,0,0,0,0,0,0,0,0,0,0,0,0
1763688826.4271755,2,2,1,-0.11473287111709732,-0.06378201998938668,-1.8812961173357363,-0.011188686792016471,0.0031596421585021934,-0.0009935032429284122,127.67995605468741,24.000024414062523,51.88491210937491,32.6400085449219,68.6400085449219,124.67827148437482,-13.920019531250091,238.0799804687499,198.246337890625,-140.6399902343751,-273.5999511718751,-110.73917236328134,-24.480004882812523,42.239941406249955,71.244873046875
1763688826.6220102,2,2,1,-0.044612145928903835,-0.016605153848598942,-2.1463686207134582,-0.009348088339529367,0.002446341401329506,-0.0006157410389554419,142.0799804687499,33.60000000000002,59.62880859374991,37.44002685546877,85.43999633789065,132.42241210937482,-16.32004394531259,271.6800781249999,217.6064453125,-159.8399414062501,-309.5999511718751,-126.22720947265634,-22.080010986328148,44.639965820312455,82.86083984375
1763688826.7320108,2,2,1,-0.06367111048338661,-0.08395645154095639,-2.577133366684293,-0.013170755982265666,-0.0009609195924446551,7.609342721489834e-07,149.2799316406249,33.60000000000002,63.50087890624991,32.6400085449219,85.43999633789065,147.91020507812482,-21.12009277343759,288.4801269531249,233.094482421875,-167.0401367187501,-338.4000000000001,-126.22720947265634,-31.679986572265648,49.440014648437455,86.73291015625
1763688827.1351583,2,2,1,0.04632135499100195,-0.06480855365163277,-3.467925568334536,-0.012891604410383692,-0.005007473961720757,7.15038168103244e-05,175.6799560546874,48.00002441406252,71.24477539062491,32.6400085449219,99.83999023437502,167.27055664062482,-18.72006835937509,334.0799804687499,267.9423828125,-195.8399414062501,-403.2000488281251,-145.58719482421884,-29.279992675781273,59.039990234374955,102.220703125
1763688827.3204668,2,2,1,0.07029630680316029,-0.1043134456645501,-3.964207222758461,-0.015027307671583019,-0.005488787820567862,0.0002790334326531705,185.2799316406249,57.60000000000002,75.11684570312491,30.240014648437523,109.43999633789065,167.27055664062482,-23.51999511718759,360.4801269531249,283.430419921875,-212.6399902343751,-441.5999511718751,-161.0751708984376,-26.879998779296898,51.840039062499955,109.96484375
1763688827.428011,2,2,1,0.016553072810224376,-0.21439945980946784,-4.369016763777425,-0.019755096320572412,-0.0030753391884300986,0.000749724987956749,190.0799804687499,60.00002441406252,78.98891601562491,27.840020751953148,121.43999633789065,182.75834960937482,-25.92001953125009,377.2799316406249,295.04638671875,-217.4400390625001,-470.4000000000001,-168.8191894531251,-26.879998779296898,56.639965820312455,109.96484375
1763688827.5319202,2,2,1,0.007023413839575207,-0.14411718675176777,-4.69585988005675,-0.01727739384418438,-0.0026264553449103787,0.000481411348699889,199.6799560546874,64.80007324218752,78.98891601562491,25.439996337890648,126.24001464843752,190.50249023437482,-30.72006835937509,394.0799804687499,306.662353515625,-231.8399414062501,-492.0000976562501,-180.43521728515634,-34.08001098632815,59.039990234374955,109.96484375
1763688827.8322647,2,2,1,0.040483405726181754,-0.25560926129776507,-5.918939746863875,-0.02458607525304278,-0.0022214781820705516,0.0007259061855607236,226.0799804687499,81.60000000000002,98.34877929687491,27.840020751953148,157.43999633789065,217.60649414062482,-40.32004394531259,446.8800292968749,333.766357421875,-265.4400390625001,-580.8001464843751,-195.9231933593751,-31.679986572265648,68.63996582031245,125.452880859375
1763688828.0206044,2,2,1,0.12463616195918364,-0.19704627658437407,-6.599582519094589,-0.02339953022455661,-0.009660406058811976,0.00048069663590321276,235.6799560546874,93.60000000000002,102.22084960937491,25.439996337890648,157.43999633789065,240.83842773437482,-47.51999511718759,478.0799804687499,368.614501953125,-287.0401367187501,-626.4000000000001,-203.6672119140626,-31.679986572265648,71.03999023437495,137.06884765625
1763688828.1278121,2,2,1,0.13739007124222724,-0.19327163074347195,-7.146149267476384,-0.024899673627258177,-0.007235297753867337,0.0002790343902630483,247.6799560546874,98.40004882812502,121.58095703124991,18.240014648437523,164.6400085449219,256.3262207031248,-57.12009277343759,497.2799316406249,384.1025390625,-301.4400390625001,-655.2000488281251,-203.6672119140626,-26.879998779296898,83.03999023437495,140.94091796875
1763688828.221419,2,2,1,0.10170043288774674,-0.1405896953857561,-7.490693961617219,-0.02257171732138994,-0.005819757898839732,0.0004747396103082077,247.6799560546874,98.40004882812502,129.3248535156249,18.240014648437523,174.24001464843752,264.0703613281248,-54.72006835937509,504.4801269531249,399.59033203125,-311.0401367187501,-676.8001464843751,-195.9231933593751,-29.279992675781273,83.03999023437495,144.812744140625
1763688828.3298836,2,2,1,0.11899025198781474,-0.14065560498703544,-7.8168516995577315,-0.02062688383823098,-0.008968031190340764,0.00036594303749334966,245.2799316406249,103.19997558593752,133.1969238281249,18.240014648437523,169.43999633789065,264.0703613281248,-59.51999511718759,504.4801269531249,407.33447265625,-313.4400390625001,-676.8001464843751,-195.9231933593751,-29.279992675781273,85.44001464843745,148.684814453125
1763688828.4264364,2,2,1,0.25791568908897416,-0.043177779246701645,-7.437785294582107,-0.017656257051010357,-0.013084040391816817,0.0001131871092393444,245.2799316406249,100.80007324218752,140.9408203124999,18.240014648437523,167.04000244140627,271.8145019531248,-57.12009277343759,511.6800781249999,407.33447265625,-308.6399902343751,-681.6001953125001,-188.1791748046876,-29.279992675781273,83.03999023437495,144.812744140625
1763688828.6274707,2,2,1,0.23630473658561196,0.004546690018842517,-7.104273775086756,-0.014152919627344687,-0.012996915606035614,9.032234358903124e-06,247.6799560546874,96.00002441406252,133.1969238281249,15.840020751953148,167.04000244140627,271.8145019531248,-61.92001953125009,504.4801269531249,403.46240234375,-308.6399902343751,-674.4000000000001,-188.1791748046876,-31.679986572265648,85.44001464843745,140.94091796875
1763688828.7212164,2,2,1,0.2664316989682073,0.010350027771259457,-7.150876357617849,-0.013090715825200851,-0.014371970578427722,0.0002305942025184009,242.8800292968749,100.80007324218752,137.0687499999999,15.840020751953148,164.6400085449219,264.0703613281248,-54.72006835937509,502.0799804687499,403.46240234375,-308.6399902343751,-676.8001464843751,-188.1791748046876,-29.279992675781273,87.84003906249995,152.556884765625
1763688828.8307288,2,2,1,0.20924493535188898,-0.01940470354788751,-6.934185879336383,-0.013966211736912409,-0.012922969115287702,-5.306570848310306e-06,247.6799560546874,98.40004882812502,133.1969238281249,18.240014648437523,167.04000244140627,275.6865722656248,-59.51999511718759,502.0799804687499,403.46240234375,-315.8399414062501,-676.8001464843751,-192.05118408203134,-26.879998779296898,83.03999023437495,148.684814453125
1763688828.9235215,2,2,1,0.2303942620430613,-0.012626168908003985,-6.964303524173275,-0.012908962604885877,-0.013278536151570595,-9.041612254467543e-05,245.2799316406249,98.40004882812502,140.9408203124999,13.439996337890648,162.24001464843752,271.8145019531248,-61.92001953125009,502.0799804687499,399.59033203125,-308.6399902343751,-669.6001953125001,-184.3072265625001,-29.279992675781273,83.03999023437495,148.684814453125
1763688829.0310593,2,2,1,0.23375818490451625,-0.01264983550783147,-6.849262123013656,-0.013537320716106437,-0.01349579427111439,0.00018241389347179002,242.8800292968749,96.00002441406252,137.0687499999999,18.240014648437523,162.24001464843752,271.8145019531248,-59.51999511718759,504.4801269531249,411.20654296875,-313.4400390625001,-672.0000976562501,-188.1791748046876,-31.679986572265648,83.03999023437495,144.812744140625
1763688829.1228166,2,2,1,0.2569804897988689,-0.04444070398914705,-6.983435402180742,-0.013317190559248463,-0.014172980709660388,0.0004506923404133166,245.2799316406249,98.40004882812502,137.0687499999999,15.840020751953148,162.24001464843752,275.6865722656248,-54.72006835937509,504.4801269531249,407.33447265625,-311.0401367187501,-676.8001464843751,-180.43521728515634,-31.679986572265648,83.03999023437495,144.812744140625
1763688829.2308638,2,2,1,0.2350046441205046,0.03431858517402326,-6.824688767546851,-0.011466808259119353,-0.013666658189918357,0.00019606916088931153,240.4800048828124,98.40004882812502,140.9408203124999,11.040002441406273,164.6400085449219,275.6865722656248,-59.51999511718759,504.4801269531249,407.33447265625,-313.4400390625001,-672.0000976562501,-180.43521728515634,-29.279992675781273,83.03999023437495,148.684814453125
1763688829.3344831,2,2,1,0.2606268041820216,0.028379941380696196,-6.791886727067975,-0.011511007245907003,-0.013690364593863413,-0.000182939953509097,242.8800292968749,98.40004882812502,137.0687499999999,15.840020751953148,167.04000244140627,271.8145019531248,-54.72006835937509,502.0799804687499,415.078369140625,-311.0401367187501,-672.0000976562501,-184.3072265625001,-31.679986572265648,78.23994140624995,140.94091796875
1763688829.4431272,2,2,1,0.2569214205308278,-0.003194443481324992,-6.812800319549613,-0.012760702561544834,-0.014618805071672684,0.0003539905394390854,242.8800292968749,96.00002441406252,140.9408203124999,15.840020751953148,159.83999023437502,279.5581542968748,-54.72006835937509,502.0799804687499,418.950439453125,-311.0401367187501,-674.4000000000001,-184.3072265625001,-29.279992675781273,90.23994140624995,144.812744140625
1763688829.6336348,2,2,1,0.2430425502019613,0.0011815313919641482,-6.655812801675888,-0.011526512961783426,-0.014170230299368008,-0.00036656647181008864,240.4800048828124,93.60000000000002,144.8128906249999,11.040002441406273,162.24001464843752,271.8145019531248,-57.12009277343759,499.6800781249999,407.33447265625,-311.0401367187501,-674.4000000000001,-184.3072265625001,-31.679986572265648,90.23994140624995,144.812744140625
1763688829.8194346,2,2,1,0.26382271593586215,-0.0011853632838335695,-6.67788739965472,-0.012374756417006583,-0.013907406899326586,0.0003256324762303804,240.4800048828124,98.40004882812502,137.0687499999999,13.439996337890648,159.83999023437502,275.6865722656248,-57.12009277343759,499.6800781249999,411.20654296875,-311.0401367187501,-672.0000976562501,-188.1791748046876,-29.279992675781273,85.44001464843745,144.812744140625
1763688829.9303756,2,2,1,0.2765549661615586,0.011337605113299114,-6.69069948434243,-0.011261684047776895,-0.014378311292906676,0.00040282830604136547,242.8800292968749,98.40004882812502,140.9408203124999,20.640008544921898,162.24001464843752,271.8145019531248,-59.51999511718759,497.2799316406249,411.20654296875,-311.0401367187501,-672.0000976562501,-180.43521728515634,-29.279992675781273,85.44001464843745,148.684814453125
1763688830.12922,2,2,1,0.22791268878754262,-0.0025990336587019477,-6.608253529938986,-0.012045822879060038,-0.013206775295188657,0.00011787398328482954,240.4800048828124,96.00002441406252,140.9408203124999,11.040002441406273,164.6400085449219,267.9424316406248,-57.12009277343759,499.6800781249999,411.20654296875,-308.6399902343751,-674.4000000000001,-180.43521728515634,-29.279992675781273,83.03999023437495,140.94091796875
1763688830.3325686,2,2,1,0.17644116256481185,-0.002840240777549973,-6.440989825125351,-0.012205965080681773,-0.010401606262808033,-0.00021306188616376526,240.4800048828124,96.00002441406252,137.0687499999999,18.240014648437523,164.6400085449219,271.8145019531248,-57.12009277343759,497.2799316406249,415.078369140625,-315.8399414062501,-672.0000976562501,-180.43521728515634,-24.480004882812523,87.84003906249995,140.94091796875
1763688830.4349682,2,2,1,0.15987266376996967,-0.00395360241182174,-6.492095796033038,-0.01239881721875789,-0.009990058248615307,2.6650948373817653e-06,242.8800292968749,96.00002441406252,137.0687499999999,23.040002441406273,167.04000244140627,267.9424316406248,-57.12009277343759,497.2799316406249,411.20654296875,-320.6399902343751,-674.4000000000001,-184.3072265625001,-24.480004882812523,87.84003906249995,148.684814453125
1763688830.5316818,2,2,1,0.09685981654438822,-0.00402120244732773,-6.540138658327768,-0.01193259985183067,-0.008042968110146717,0.00014468728744528752,238.0799804687499,100.80007324218752,140.9408203124999,18.240014648437523,167.04000244140627,271.8145019531248,-61.92001953125009,494.8800292968749,415.078369140625,-315.8399414062501,-672.0000976562501,-188.1791748046876,-26.879998779296898,87.84003906249995,137.06884765625
1763688830.7334921,2,2,1,0.07290894108628165,-0.006541208745366983,-6.407828075205349,-0.012448898984586978,-0.006230740561650964,-0.0003568256501777085,242.8800292968749,98.40004882812502,137.0687499999999,13.439996337890648,167.04000244140627,267.9424316406248,-59.51999511718759,492.4801269531249,403.46240234375,-315.8399414062501,-669.6001953125001,-184.3072265625001,-29.279992675781273,85.44001464843745,140.94091796875
1763688830.9347446,2,2,1,0.11079499674693263,-0.032400482489439775,-6.310496376432321,-0.013277478705159437,-0.007681334256749203,-8.93885707258401e-05,240.4800048828124,98.40004882812502,140.9408203124999,15.840020751953148,159.83999023437502,264.0703613281248,-57.12009277343759,490.0799804687499,403.46240234375,-313.4400390625001,-655.2000488281251,-180.43521728515634,-29.279992675781273,85.44001464843745,140.94091796875
1763688831.1210423,2,2,1,0.11719148198175619,-0.07719732069680038,-5.779701197614096,-0.014824816235487492,-0.00694737076027158,0.00025388681454112177,233.2799316406249,91.19997558593752,129.3248535156249,15.840020751953148,152.6400085449219,252.45415039062482,-54.72006835937509,473.2799316406249,387.974365234375,-296.6399902343751,-633.6001953125001,-172.69119873046884,-26.879998779296898,80.63996582031245,137.06884765625
1763688831.2331636,2,2,1,0.1776193721899475,0.0037058734272507193,-5.339119769697955,-0.009805981337052478,-0.010621558683629868,-0.0001223240192178138,223.6799560546874,86.40004882812502,129.3248535156249,15.840020751953148,143.04000244140627,244.71049804687482,-52.32004394531259,466.0799804687499,376.3583984375,-282.2400878906251,-614.4000000000001,-164.94718017578134,-29.279992675781273,78.23994140624995,129.32470703125
1763688831.4299164,2,2,1,0.34160369275861635,0.05694319770941865,-4.407364105014643,-0.008146949872996948,-0.019123860167886253,0.0002884867103898766,206.8800292968749,76.80007324218752,102.22084960937491,15.840020751953148,126.24001464843752,221.47856445312482,-37.92001953125009,437.2799316406249,356.99853515625,-260.6399902343751,-561.5999511718751,-157.2032226562501,-29.279992675781273,71.03999023437495,121.580810546875
1763688831.5364044,2,2,1,0.30936544023975837,0.07459401992839798,-3.843183747313821,-0.006165318959011477,-0.019309536010819348,2.8173660519299672e-05,0,0,0,0,0,0,0,0,0,0,0,0,0,0,0
1763688831.6459289,2,2,1,0.40113103187786064,0.16434654338790483,-3.2332243352082948,-0.0003463755780059134,-0.022850328145801117,-0.00020677209833025,175.6799560546874,57.60000000000002,98.34877929687491,6.240014648437523,92.6400085449219,186.63041992187482,-18.72006835937509,389.2799316406249,314.406494140625,-212.6399902343751,-484.8001464843751,-126.22720947265634,-36.48000488281252,66.23994140624995,102.220703125
1763688831.8208368,2,2,1,0.31307920218406304,0.19522390361742276,-2.121445271826598,0.0006840209226015789,-0.017741460442217513,-0.00011894881462161551,146.8800292968749,36.00002441406252,82.86074218749991,6.240014648437523,66.2399841308594,155.65434570312482,-16.32004394531259,331.6800781249999,283.430419921875,-169.4400390625001,-405.5999511718751,-102.99521484375009,-38.8799987792969,61.440014648437455,86.73291015625
1763688831.9315908,2,2,1,0.24121345762252197,0.21424077260275096,-1.80860267128151,0.0034267839856002152,-0.015085235040686014,0.00031683099694154563,137.2799316406249,38.40004882812502,86.73281249999991,8.640008544921898,61.43999633789065,136.29448242187482,-13.920019531250091,310.0799804687499,264.070556640625,-157.4400390625001,-379.2000488281251,-87.50717773437509,-41.27999267578127,49.440014648437455,75.11669921875
1763688832.2277944,2,2,1,0.17420252712594844,0.16906277843135448,-0.8493231448476426,0.00314342851343465,-0.013543286887673693,-0.0001188789084413175,106.07998046874991,16.800012207031273,55.75673828124991,11.040002441406273,30.239984130859398,93.70219726562482,-1.920019531250091,250.0799804687499,225.350341796875,-114.24008789062509,-278.4000000000001,-68.14719238281259,-46.08001098632815,49.440014648437455,63.500732421875
1763688832.6330917,2,2,1,0.18546680267081334,0.22823012371607482,-0.32004952808021164,0.005276520582838412,-0.013451726254719014,-0.0008639159288151582,84.48000488281241,2.3999877929687727,48.01284179687491,11.040002441406273,18.239984130859398,66.59843749999982,10.079980468749909,194.8800292968749,182.758544921875,-90.24008789062509,-211.2000488281251,-56.53122558593759,-41.27999267578127,39.840039062499955,40.268798828125
1763688832.8199782,2,2,1,0.13259676579538593,0.2061898316811119,-0.2424307642991982,0.003419391703095253,-0.01170323584692387,-0.0008416927098155113,84.48000488281241,2.4414062522737368e-05,36.39687499999991,18.240014648437523,18.239984130859398,66.59843749999982,7.679956054687409,190.0799804687499,178.886474609375,-87.83994140625009,-187.2000488281251,-64.27518310546884,-43.67998657226565,37.440014648437455,44.140869140625
1763688833.5532742,2,2,1,-0.13712606374349307,0.07489881632229738,0.24722344843619923,0.00014195783891077837,0.002728821428336684,-0.0010557998842354462,0,0,0,0,0,0,0,0,0,0,0,0,0,0,0
1763688833.8235576,2,2,1,-0.11781711327410446,0.11713891071628547,0.2639568723058572,0.00016824978087237358,0.0018059322237546779,-0.0009755480532032911,55.67995605468741,-9.600012207031227,9.292871093749909,27.840020751953148,23.040002441406273,31.750292968749818,5.279931640624909,110.88002929687491,124.678466796875,-63.83994140625009,-93.59995117187509,-64.27518310546884,-22.080010986328148,23.039990234374955,9.292724609375
1763688834.1481135,2,2,1,-0.1554624075557553,0.07741870786127285,0.3002853781838495,0.000515705934560026,0.002336666731073011,-0.0010354203434199591,48.48000488281241,-16.799963378906227,9.292871093749909,27.840020751953148,20.640008544921898,20.134326171874818,12.480004882812409,103.67995605468741,101.446533203125,-59.04013671875009,-76.80014648437509,-60.40317382812509,-29.279992675781273,15.840039062499955,17.036865234375
1763688834.4350564,2,2,1,-0.17436298989668372,0.2665184354741728,0.37620660048800386,0.0027449463668274467,0.0023202076963058796,-0.0011714404592353387,50.88002929687491,-21.600012207031227,1.548730468749909,20.640008544921898,23.040002441406273,20.134326171874818,17.27993164062491,94.07998046874991,97.574462890625,-49.44003906250009,-72.00009765625009,-64.27518310546884,-29.279992675781273,20.639965820312455,13.164794921875
1763688834.528011,2,2,1,-0.5413641334671359,0.8056716437748564,0.3882998876917845,0.0127555738443737,0.008152290139012735,-0.000854725767260203,41.27993164062491,-16.799963378906227,1.548730468749909,23.040002441406273,18.239984130859398,8.518359374999818,12.480004882812409,94.07998046874991,97.574462890625,-47.04013671875009,-67.20004882812509,-60.40317382812509,-26.879998779296898,20.639965820312455,13.164794921875
1763688834.6222162,2,2,1,-0.4990381617687603,0.7662254831577366,0.5360807826915521,0.012474039810525615,0.008933130917786143,-0.0009561209490762685,46.07998046874991,-26.399999999999977,-6.195166015625091,25.439996337890648,18.239984130859398,4.646289062499818,14.879907226562409,89.28005371093741,93.702392578125,-47.04013671875009,-60.00009765625009,-60.40317382812509,-26.879998779296898,18.239941406249955,5.4208984375
1763688834.6832685,2,2,1,-0.4065703892197413,0.5909505874450618,0.3036175392810312,0.00933559757962965,0.007152761443209971,-0.000569281131826564,43.67995605468741,-19.199987792968727,-2.323095703125091,25.439996337890648,13.439996337890648,8.518359374999818,19.67995605468741,86.88002929687491,93.702392578125,-47.04013671875009,-60.00009765625009,-60.40317382812509,-26.879998779296898,15.840039062499955,5.4208984375
1763688834.7786236,2,2,1,-0.22466247582813806,0.13479598838100454,0.3197160944720027,0.001164918107278801,0.003571900870916842,0.00014269837650869761,43.67995605468741,-21.600012207031227,-6.195166015625091,23.040002441406273,15.839990234375023,16.262255859374818,17.27993164062491,89.28005371093741,89.83056640625,-47.04013671875009,-55.20004882812509,-56.53122558593759,-24.480004882812523,20.639965820312455,-2.3232421875
1763688834.8689923,2,2,1,0.21334389819299238,-0.546432953035406,0.4364423570315248,-0.01044781993932534,-0.004626098868408894,-0.0005925211457246883,43.67995605468741,-19.199987792968727,1.548730468749909,23.040002441406273,18.239984130859398,12.390429687499818,14.879907226562409,86.88002929687491,85.95849609375,-42.24008789062509,-55.20004882812509,-60.40317382812509,-26.879998779296898,15.840039062499955,9.292724609375
1763688834.9785697,2,2,1,-0.08231141594430161,0.20618556165475313,0.4245350879480612,0.0028002531724643396,0.0007024534548058959,-0.0010713115380714111,43.67995605468741,-21.600012207031227,-10.067236328125091,20.640008544921898,15.839990234375023,8.518359374999818,12.480004882812409,82.07998046874991,89.83056640625,-49.44003906250009,-52.80014648437509,-60.40317382812509,-24.480004882812523,18.239941406249955,1.548828125
1763688835.1366196,2,2,1,-0.11367858014741192,0.13192000634583115,0.40263004685325865,0.0013315426401606,0.0019923501954576574,-0.0011567534800684058,41.27993164062491,-21.600012207031227,-2.323095703125091,25.439996337890648,13.439996337890648,8.518359374999818,19.67995605468741,82.07998046874991,89.83056640625,-37.44003906250009,-48.00009765625009,-52.65921630859384,-26.879998779296898,13.440014648437455,1.548828125
1763688835.2302258,2,2,1,-0.11928275753016498,0.09839560939076401,0.33217847858517313,0.00037533729177696034,0.0016450935913345393,-0.0008704713674914238,36.48000488281241,-21.600012207031227,-6.195166015625091,27.840020751953148,15.839990234375023,0.7744628906248181,17.27993164062491,79.67995605468741,82.08642578125,-42.24008789062509,-48.00009765625009,-52.65921630859384,-31.679986572265648,15.840039062499955,-2.3232421875
1763688835.2892423,2,2,1,-0.08877441902920781,0.08890389776381286,0.45148655353699185,0.0011828374087870719,0.001502103850012419,-0.0006673226889746119,0,0,0,0,0,0,0,0,0,0,0,0,0,0,0
1763688835.4334068,2,2,1,-0.10976863649023645,0.09425098629226124,0.3820404269573885,0.00018972200394121652,0.0012878955735238055,-0.0010096022508337943,34.07998046874991,-23.999975585937477,-13.939062500000091,23.040002441406273,15.839990234375023,0.7744628906248181,14.879907226562409,72.48000488281241,85.95849609375,-42.24008789062509,-48.00009765625009,-56.53122558593759,-22.080010986328148,15.840039062499955,1.548828125
1763688835.5255258,2,2,1,-0.12830919564494836,0.15257602941882414,0.3512129451164706,0.000989579555813639,0.001816241422467429,-0.0007874795974181711,43.67995605468741,-21.600012207031227,-6.195166015625091,23.040002441406273,15.839990234375023,4.646289062499818,22.07998046874991,79.67995605468741,78.21435546875,-42.24008789062509,-45.59995117187509,-60.40317382812509,-24.480004882812523,18.239941406249955,-6.195068359375
1763688835.6010013,2,2,1,-0.10105876896698367,0.13744476124627547,0.39878213126173767,0.0005564299583065431,0.0015793351864482066,-0.0005367053610250297,0,0,0,0,0,0,0,0,0,0,0,0,0,0,0
1763688835.7104995,2,2,1,-0.13797743412044794,0.10874669140556836,0.2838343945763904,0.0007786040379727742,0.0018041656913800317,-0.0008085684999568772,34.07998046874991,-23.999975585937477,-6.195166015625091,25.439996337890648,20.640008544921898,0.7744628906248181,14.879907226562409,72.48000488281241,78.21435546875,-39.83994140625009,-43.20004882812509,-56.53122558593759,-26.879998779296898,13.440014648437455,1.548828125
1763688835.8232558,2,2,1,-0.11378273437312103,0.11230471479155918,0.4017650619536949,0.0011789757408239264,0.001990190207046465,-0.0008432769771817308,34.07998046874991,-23.999975585937477,-13.939062500000091,20.640008544921898,15.839990234375023,0.7744628906248181,14.879907226562409,72.48000488281241,74.342529296875,-39.83994140625009,-38.40000000000009,-60.40317382812509,-26.879998779296898,13.440014648437455,5.4208984375
1763688836.027311,2,2,1,-0.12003324866921945,0.08884590720500182,0.3666723870327692,0.0004690699776487895,0.0015698579651001006,-0.0011696415299395095,36.48000488281241,-23.999975585937477,-10.067236328125091,23.040002441406273,15.839990234375023,-3.097607421875182,17.27993164062491,70.07998046874991,78.21435546875,-39.83994140625009,-38.40000000000009,-56.53122558593759,-24.480004882812523,15.840039062499955,-2.3232421875
1763688836.1350002,2,2,1,-0.10186082192355031,0.1388043930749959,0.2991185177009187,0.0007016598834229382,0.0012999324553579585,-0.0008063955883481396,36.48000488281241,-19.199987792968727,-13.939062500000091,20.640008544921898,13.439996337890648,-6.969677734375182,19.67995605468741,65.28005371093741,70.470458984375,-42.24008789062509,-36.00009765625009,-52.65921630859384,-22.080010986328148,13.440014648437455,-6.195068359375
1763688836.2301943,2,2,1,-0.09504772087632718,0.17590915592116393,0.369136936651424,0.001543955986341659,0.000781412218169511,-0.0003902052092086245,31.67995605468741,-19.199987792968727,-13.939062500000091,20.640008544921898,15.839990234375023,-6.969677734375182,19.67995605468741,67.67995605468741,74.342529296875,-37.44003906250009,-38.40000000000009,-52.65921630859384,-24.480004882812523,13.440014648437455,1.548828125
1763688836.3220015,2,2,1,-0.10195198821140432,0.10917737423517454,0.34853513743804776,0.0004809974500524358,0.0013053253982317236,-0.0005525558499826671,34.07998046874991,-23.999975585937477,-17.81113281250009,25.439996337890648,15.839990234375023,-3.097607421875182,22.07998046874991,70.07998046874991,74.342529296875,-37.44003906250009,-36.00009765625009,-56.53122558593759,-24.480004882812523,13.440014648437455,-13.939208984375
1763688836.4287,2,2,1,-0.13986168928897133,0.14921126970015605,0.3707480619334248,0.0016463344110099116,0.001737720748033822,-0.0004645611917329126,36.48000488281241,-21.600012207031227,-13.939062500000091,23.040002441406273,11.040002441406273,-10.841748046875182,22.07998046874991,62.88002929687491,70.470458984375,-35.04013671875009,-33.59995117187509,-60.40317382812509,-24.480004882812523,13.440014648437455,-10.067138671875
1763688836.522197,2,2,1,-0.1203615119432911,0.15867365880486162,0.352379716761273,0.0012041266230953362,0.001473894607068175,-0.0010995086670788393,34.07998046874991,-23.999975585937477,-17.81113281250009,23.040002441406273,15.839990234375023,-3.097607421875182,17.27993164062491,62.88002929687491,70.470458984375,-35.04013671875009,-33.59995117187509,-56.53122558593759,-22.080010986328148,13.440014648437455,-10.067138671875
1763688836.63082,2,2,1,-0.11950699187366497,0.13798409752182655,0.519444719313677,0.0009142952492706897,0.001580421951801907,-0.0011956238134693353,34.07998046874991,-21.600012207031227,-13.939062500000091,23.040002441406273,13.439996337890648,-3.097607421875182,14.879907226562409,62.88002929687491,70.470458984375,-39.83994140625009,-33.59995117187509,-60.40317382812509,-26.879998779296898,11.039990234374955,-6.195068359375
1763688836.7254784,2,2,1,-0.14575710715450862,0.1321907003591004,0.2837096967438981,0.0007994480326997318,0.0021462966960247194,-0.0007322818478748399,31.67995605468741,-19.199987792968727,-10.067236328125091,23.040002441406273,13.439996337890648,-10.841748046875182,17.27993164062491,60.48000488281241,66.598388671875,-30.24008789062509,-31.20004882812509,-60.40317382812509,-22.080010986328148,11.039990234374955,-10.067138671875
1763688836.8033888,2,2,1,-0.11280231669021969,0.12501794098691454,0.2840609518150658,0.001092493014788103,0.0013048547991309227,-0.0005742475278128137,29.27993164062491,-21.600012207031227,-17.81113281250009,18.240014648437523,13.439996337890648,-10.841748046875182,17.27993164062491,62.88002929687491,70.470458984375,-35.04013671875009,-31.20004882812509,-56.53122558593759,-26.879998779296898,15.840039062499955,-6.195068359375
1763688836.893756,2,2,1,-0.1659228218770176,0.1355843841833271,0.5921606992172226,0.001747052558581166,0.0015368391175563094,-0.0013219185751519912,31.67995605468741,-23.999975585937477,-17.81113281250009,25.439996337890648,11.040002441406273,-6.969677734375182,19.67995605468741,65.28005371093741,62.7265625,-39.83994140625009,-31.20004882812509,-56.53122558593759,-26.879998779296898,13.440014648437455,-13.939208984375
1763688837.003434,2,2,1,-0.12112753354929069,0.1295419855584319,0.43621193030952743,0.001166561750926537,0.001398220330733863,-0.0008326326685175167,26.88002929687491,-21.600012207031227,-17.81113281250009,20.640008544921898,18.239984130859398,-6.969677734375182,17.27993164062491,55.67995605468741,62.7265625,-32.63999023437509,-33.59995117187509,-56.53122558593759,-22.080010986328148,13.440014648437455,-6.195068359375
1763688837.1297302,2,2,1,-0.10974020471591618,0.1312489725176934,0.4333079711448688,0.0004922768882556277,0.0018578937499815137,-0.001384001715477656,29.27993164062491,-23.999975585937477,-17.81113281250009,23.040002441406273,11.040002441406273,-10.841748046875182,17.27993164062491,58.07998046874991,62.7265625,-30.24008789062509,-26.40000000000009,-56.53122558593759,-26.879998779296898,11.039990234374955,-10.067138671875
1763688837.2233098,2,2,1,-0.10658886431678577,0.13753409408516318,0.40310785869396126,0.0017296321975793045,0.0019276328070069214,-0.0005299325679988216,29.27993164062491,-19.199987792968727,-13.939062500000091,18.240014648437523,15.839990234375023,-6.969677734375182,14.879907226562409,65.28005371093741,58.8544921875,-32.63999023437509,-31.20004882812509,-56.53122558593759,-22.080010986328148,8.639965820312455,-10.067138671875
1763688837.3323092,2,2,1,-0.1461078458496396,0.14179606666310865,0.5211587677911176,0.001098121418041289,0.002097385379952383,-0.0015070115662145292,29.27993164062491,-21.600012207031227,-17.81113281250009,18.240014648437523,13.439996337890648,-14.713574218750182,19.67995605468741,58.07998046874991,62.7265625,-30.24008789062509,-33.59995117187509,-64.27518310546884,-22.080010986328148,15.840039062499955,-17.811279296875
1763688837.5351157,2,2,1,-0.122760244563006,0.15011874781767437,0.2862656483667476,0.0016331724370058317,0.00139342988362007,-0.0004950467382746774,26.88002929687491,-23.999975585937477,-21.68320312500009,23.040002441406273,13.439996337890648,-6.969677734375182,22.07998046874991,55.67995605468741,58.8544921875,-27.83994140625009,-26.40000000000009,-52.65921630859384,-24.480004882812523,11.039990234374955,-13.939208984375
1763688837.6282117,2,2,1,-0.14627736842158523,0.12409468942953847,0.35228654463104825,0.0009188986413014787,0.0016985412507372311,-0.0010193763850046425,34.07998046874991,-21.600012207031227,-17.81113281250009,20.640008544921898,13.439996337890648,-10.841748046875182,14.879907226562409,53.28005371093741,58.8544921875,-27.83994140625009,-21.59995117187509,-56.53122558593759,-19.679986572265648,8.639965820312455,-13.939208984375
1763688837.7221885,2,2,1,-0.12997818859827723,0.10393498677797135,0.4191586881946837,0.0009416538660614856,0.001665985980609145,-0.0011500775045106717,29.27993164062491,-23.999975585937477,-17.81113281250009,20.640008544921898,15.839990234375023,-18.585644531250182,17.27993164062491,58.07998046874991,54.982421875,-30.24008789062509,-28.80014648437509,-60.40317382812509,-22.080010986328148,11.039990234374955,-13.939208984375
1763688837.8305085,2,2,1,-0.1378497212153662,0.1285993849478688,0.2841885723966068,0.0009442523629899456,0.00179941409306385,-0.0006531003292697613,26.88002929687491,-21.600012207031227,-10.067236328125091,18.240014648437523,13.439996337890648,-10.841748046875182,19.67995605468741,50.88002929687491,54.982421875,-30.24008789062509,-21.59995117187509,-56.53122558593759,-22.080010986328148,8.639965820312455,-6.195068359375
1763688838.0312939,2,2,1,-0.12286198156027614,0.11024259969106238,0.3864746797778674,0.001331333043882718,0.0014132873439388943,-0.0007697884374227232,24.48000488281241,-26.399999999999977,-17.81113281250009,23.040002441406273,18.239984130859398,-14.713574218750182,22.07998046874991,55.67995605468741,54.982421875,-30.24008789062509,-24.00009765625009,-52.65921630859384,-22.080010986328148,6.2399414062499545,-17.811279296875
1763688838.125975,2,2,1,-0.14077937248135805,0.12912707618145455,0.3877680081964556,0.0016509246863292961,0.001847665037135146,-0.0006130309149781192,29.27993164062491,-23.999975585937477,-17.81113281250009,18.240014648437523,13.439996337890648,-10.841748046875182,17.27993164062491,50.88002929687491,54.982421875,-25.44003906250009,-24.00009765625009,-56.53122558593759,-26.879998779296898,8.639965820312455,-10.067138671875
1763688838.231086,2,2,1,-0.11418947928988225,0.14420355299563714,0.3698774748839933,0.0016068064556987443,0.0015191215077059788,-0.0006211574782621276,24.48000488281241,-23.999975585937477,-25.55502929687509,20.640008544921898,18.239984130859398,-3.097607421875182,14.879907226562409,50.88002929687491,54.982421875,-25.44003906250009,-24.00009765625009,-52.65921630859384,-17.279992675781273,15.840039062499955,-13.939208984375
1763688838.433438,2,2,1,-0.12985410152597127,0.15417896518476054,0.2679018415267879,0.0013312109319624926,0.0016282082089070303,-0.00011228203110024088,26.88002929687491,-23.999975585937477,-21.68320312500009,23.040002441406273,13.439996337890648,-14.713574218750182,19.67995605468741,46.07998046874991,58.8544921875,-27.83994140625009,-21.59995117187509,-56.53122558593759,-22.080010986328148,11.039990234374955,-17.811279296875
1763688838.634521,2,2,1,-0.1370456410230288,0.1361164717604555,0.4179573057406329,0.0008706348416812361,0.0022747896532509006,-0.0007625611815490949,26.88002929687491,-26.399999999999977,-29.42709960937509,18.240014648437523,15.839990234375023,-14.713574218750182,17.27993164062491,48.48000488281241,51.1103515625,-25.44003906250009,-21.59995117187509,-52.65921630859384,-17.279992675781273,3.8400390624999545,-17.811279296875
1763688838.8236306,2,2,1,-0.11188394017040958,0.11425472647837548,0.45130304324154386,0.0008854858039979358,0.0014090063446816734,-0.0005926285888504947,24.48000488281241,-23.999975585937477,-21.68320312500009,18.240014648437523,15.839990234375023,-18.585644531250182,17.27993164062491,48.48000488281241,54.982421875,-25.44003906250009,-21.59995117187509,-44.91519775390634,-19.679986572265648,8.639965820312455,-10.067138671875
1763688839.0229084,2,2,1,-0.12177387048080326,0.13960757496728698,0.47157082365679187,0.0014128613363449858,0.0013251446928922858,-0.0014452793340020728,26.88002929687491,-23.999975585937477,-29.42709960937509,13.439996337890648,13.439996337890648,-10.841748046875182,17.27993164062491,46.07998046874991,47.238525390625,-25.44003906250009,-16.80014648437509,-52.65921630859384,-24.480004882812523,6.2399414062499545,-13.939208984375
1763688839.2260332,2,2,1,-0.1370061618844431,0.12679826960836638,0.43507709009482887,0.0007941289275729111,0.002094361336239859,-0.0010687297911401283,22.07998046874991,-26.399999999999977,-25.55502929687509,18.240014648437523,15.839990234375023,-14.713574218750182,22.07998046874991,50.88002929687491,54.982421875,-20.63999023437509,-19.20004882812509,-52.65921630859384,-19.679986572265648,6.2399414062499545,-13.939208984375
1763688839.3351312,2,2,1,-0.13172571121391857,0.12207507065453593,0.36946407766304085,0.0014138735538129776,0.0022355066578239042,-0.000776313048491965,26.88002929687491,-21.600012207031227,-25.55502929687509,18.240014648437523,18.239984130859398,-18.585644531250182,14.879907226562409,46.07998046874991,51.1103515625,-23.04013671875009,-16.80014648437509,-52.65921630859384,-19.679986572265648,6.2399414062499545,-2.3232421875
1763688839.4284558,2,2,1,-0.12036353916999894,0.14979694015033684,0.3182745969582588,0.001132514219030344,0.001277921777838505,-0.000720357587271624,26.88002929687491,-19.199987792968727,-21.68320312500009,20.640008544921898,15.839990234375023,-22.457714843750182,19.67995605468741,48.48000488281241,47.238525390625,-25.44003906250009,-16.80014648437509,-56.53122558593759,-17.279992675781273,8.639965820312455,-17.811279296875
1763688839.5211499,2,2,1,-0.11181754118927652,0.15377477163491357,0.3518602224143347,0.001167703058991313,0.0013995162643323463,-0.0010213038998283213,26.88002929687491,-19.199987792968727,-25.55502929687509,23.040002441406273,15.839990234375023,-14.713574218750182,17.27993164062491,46.07998046874991,51.1103515625,-25.44003906250009,-16.80014648437509,-52.65921630859384,-19.679986572265648,8.639965820312455,-17.811279296875
1763688839.6305177,2,2,1,-0.095251069564114,0.14601141467114243,0.36886107346137376,0.0012889427864589086,0.0007919954089135653,-0.0008578798014854559,29.27993164062491,-19.199987792968727,-25.55502929687509,23.040002441406273,15.839990234375023,-14.713574218750182,22.07998046874991,50.88002929687491,51.1103515625,-27.83994140625009,-21.59995117187509,-52.65921630859384,-22.080010986328148,8.639965820312455,-10.067138671875
1763688839.8333807,2,2,1,-0.11940965181341187,0.09755006276981984,0.31539241240367627,0.0003559376175801194,0.0018348092943072433,-0.001110981516896933,31.67995605468741,-21.600012207031227,-13.939062500000091,27.840020751953148,13.439996337890648,-10.841748046875182,14.879907226562409,65.28005371093741,70.470458984375,-35.04013671875009,-33.59995117187509,-52.65921630859384,-24.480004882812523,11.039990234374955,-10.067138671875
1763688840.5361943,2,2,1,-0.1862431728606287,0.040750620648488015,-0.2496182328971293,-0.0027925803483937516,0.002576331855696513,-0.0004610508942217409,62.88002929687491,-4.799963378906227,9.292871093749909,30.240014648437523,30.239984130859398,47.23833007812482,0.48000488281240905,130.0799804687499,105.318359375,-68.63999023437509,-112.80014648437509,-68.14719238281259,-22.080010986328148,23.039990234374955,32.52490234375
1763688840.7362576,2,2,1,-0.07350429442084745,0.08109194869288593,-0.45313813620450455,-0.002665309121200773,0.00017668269906825885,-0.0008506167833926906,0,0,0,0,0,0,0,0,0,0,0,0,0,0,0
1763688840.828437,2,2,1,-0.10625029705453756,0.077661505788609,-0.48071591643128575,-0.001185583795417021,0.0005665550744087219,-0.00030615923806912655,74.88002929687491,2.3999877929687727,20.90883789062491,27.840020751953148,39.83999023437502,58.85429687499982,2.879907226562409,142.0799804687499,128.550537109375,-78.24008789062509,-146.4000000000001,-72.01920166015634,-24.480004882812523,32.639965820312455,36.396728515625
1763688840.923665,2,2,1,-0.06524056208880943,0.07509574132989458,-0.7654632791805711,-0.004826481900185416,0.0011563877811670113,-0.0007363849234655372,82.07998046874991,7.200036621093773,24.78090820312491,37.44002685546877,42.2399841308594,70.47026367187482,5.279931640624909,161.2800537109374,144.038330078125,-90.24008789062509,-158.4000000000001,-72.01920166015634,-22.080010986328148,30.239941406249955,44.140869140625
1763688841.0368557,2,2,1,-0.012163244762114889,0.018937657409708014,-0.7349276712149637,-0.005602159269913155,-0.00022781251517403536,-0.0011936212332027078,91.67995605468741,9.600000000000023,28.65273437499991,30.240014648437523,47.04000244140627,82.08623046874982,-1.920019531250091,175.6799560546874,151.782470703125,-97.44003906250009,-180.0000976562501,-83.63522949218759,-24.480004882812523,35.039990234374955,48.0126953125
1763688841.2254243,2,2,1,-0.007744215296600696,0.002282436245309151,-1.1221987326347107,-0.00516415494826891,0.0006210394030508656,-0.00015568708709445958,108.48000488281241,14.399987792968773,40.26894531249991,32.6400085449219,54.2399841308594,89.83012695312482,-1.920019531250091,204.4801269531249,175.014404296875,-111.83994140625009,-216.0000976562501,-91.37918701171884,-26.879998779296898,35.039990234374955,63.500732421875
1763688841.3353322,2,2,1,0.056850937978857645,0.0709554033549104,-1.4578015175787413,-0.0053307730090518595,-0.0035478499046518374,-0.00020543014156447427,115.67995605468741,24.000024414062523,44.14077148437491,30.240014648437523,59.04000244140627,97.57426757812482,-4.320043945312591,221.2799316406249,182.758544921875,-126.24008789062509,-242.4000000000001,-99.12320556640634,-26.879998779296898,39.840039062499955,63.500732421875
1763688841.5229692,2,2,1,0.0028390679858235207,0.057447817790576484,-1.7591670885487813,-0.005214826183968765,-0.0019901005678580022,-0.0001543845107511051,122.88002929687491,24.000024414062523,48.01284179687491,27.840020751953148,59.04000244140627,113.06254882812482,-4.320043945312591,247.6800781249999,209.862548828125,-135.8399414062501,-280.8001464843751,-102.99521484375009,-34.08001098632815,42.239941406249955,71.244873046875
1763688841.629811,2,2,1,-0.05146089001239477,-0.0023926257283665466,-2.0344691640825534,-0.007325124251565526,-0.0005408511671884722,-0.0005688021316184335,134.8800292968749,36.00002441406252,55.75673828124991,25.439996337890648,63.83999023437502,128.55034179687482,-13.920019531250091,266.8800292968749,213.734375,-140.6399902343751,-302.4000000000001,-102.99521484375009,-29.279992675781273,47.039990234374955,82.86083984375
1763688841.7243955,2,2,1,0.02612846161853935,0.01802276999201327,-2.158447133665102,-0.0049529180137688755,-0.005590993936466947,-0.00037151364953989487,0,0,0,0,0,0,0,0,0,0,0,0,0,0,0
1763688841.8327444,2,2,1,0.013183153981490241,0.005394627467562933,-2.537256444600187,-0.006532903690241988,-0.002556217939635043,-4.2789447804278874e-05,142.0799804687499,31.200036621093773,67.37294921874991,18.240014648437523,71.04000244140627,136.29448242187482,-13.920019531250091,290.8800292968749,240.83837890625,-155.0401367187501,-345.5999511718751,-114.61118164062509,-34.08001098632815,47.039990234374955,86.73291015625
1763688841.9366598,2,2,1,0.11878856367791214,0.06894800361500279,-2.7644663379491936,-0.004335397302404972,-0.007593637287938212,0.00034746439098067266,146.8800292968749,38.40004882812502,71.24477539062491,23.040002441406273,83.04000244140627,144.03813476562482,-16.32004394531259,300.4801269531249,236.966552734375,-167.0401367187501,-360.0000976562501,-118.48319091796884,-29.279992675781273,51.840039062499955,82.86083984375
1763688842.1291068,2,2,1,0.15390965421799835,0.03556913419258618,-3.2452017995640534,-0.006920909591859037,-0.00864145453619936,0.00024512797964474145,158.8800292968749,45.60000000000002,75.11684570312491,20.640008544921898,80.6400085449219,155.65434570312482,-11.519995117187591,329.2799316406249,264.070556640625,-179.0401367187501,-403.2000488281251,-130.0992187500001,-38.8799987792969,51.840039062499955,90.604736328125
1763688842.2341962,2,2,1,0.10142595103571306,0.01100707007691739,-3.4644549696663374,-0.007203255454884962,-0.006907119366697767,0.0004811313050155612,168.4800048828124,55.19997558593752,75.11684570312491,20.640008544921898,102.2399841308594,167.27055664062482,-18.72006835937509,343.6800781249999,260.198486328125,-193.4400390625001,-427.2000488281251,-149.4592041015626,-29.279992675781273,54.239941406249955,98.348876953125
1763688842.3321004,2,2,1,0.01502606787691485,-0.06277271001789465,-3.7671454973682446,-0.01197232215645133,-0.003635178788486898,0.00012529610403700959,175.6799560546874,57.60000000000002,71.24477539062491,23.040002441406273,107.04000244140627,171.14213867187482,-18.72006835937509,355.6800781249999,275.6865234375,-198.2400878906251,-451.2000488281251,-157.2032226562501,-31.679986572265648,51.840039062499955,94.476806640625
1763688842.43952,2,2,1,0.050385719086864345,-0.1027365708802948,-4.1163869562853,-0.014742350477782322,-0.0030876983568093627,0.0005391495291168432,185.2799316406249,62.40004882812502,78.98891601562491,20.640008544921898,111.83999023437502,178.88627929687482,-23.51999511718759,370.0799804687499,291.174560546875,-217.4400390625001,-475.2000488281251,-168.8191894531251,-24.480004882812523,56.639965820312455,106.0927734375
1763688842.5321333,2,2,1,0.010193308364700317,-0.14193061655130176,-4.4397379945428685,-0.016021077483064264,-0.0017581577224402892,0.00026564881293799486,194.8800292968749,67.19997558593752,78.98891601562491,13.439996337890648,119.04000244140627,182.75834960937482,-23.51999511718759,386.8800292968749,302.79052734375,-222.2400878906251,-501.5999511718751,-164.94718017578134,-34.08001098632815,56.639965820312455,106.0927734375
1763688842.6262155,2,2,1,0.04002263834641456,-0.07183987212581242,-4.980145774969442,-0.012548989382759048,-0.004848341916429506,0.0006280471836345082,202.0799804687499,72.00002441406252,86.73281249999991,18.240014648437523,131.04000244140627,194.37456054687482,-30.72006835937509,406.0799804687499,314.406494140625,-234.2400878906251,-528.0000976562501,-184.3072265625001,-31.679986572265648,61.440014648437455,109.96484375
1763688842.7359867,2,2,1,-0.07098152845371783,-0.19183516678609308,-5.330137040382915,-0.02026330031053454,0.002054793533032376,0.0002474448314392475,206.8800292968749,76.80007324218752,94.47695312499991,11.040002441406273,126.24001464843752,202.11821289062482,-33.12009277343759,422.8800292968749,326.0224609375,-246.2400878906251,-552.0000976562501,-180.43521728515634,-31.679986572265648,63.840039062499955,117.708740234375
1763688842.8330095,2,2,1,0.10258723238053896,-0.10570232744748104,-5.663586196115332,-0.015523855273802825,-0.007282329045023768,0.0002948200446222136,218.8800292968749,81.60000000000002,98.34877929687491,13.439996337890648,155.04000244140627,217.60649414062482,-40.32004394531259,442.0799804687499,341.510498046875,-263.0401367187501,-583.2000488281251,-188.1791748046876,-29.279992675781273,71.03999023437495,117.708740234375
1763688842.9250283,2,2,1,-0.017646935632269295,-0.20738560145216894,-6.2767469614052445,-0.02131936951914322,0.0007196685956890412,0.0004527375678371918,221.2799316406249,86.40004882812502,109.96474609374991,11.040002441406273,157.43999633789065,233.09428710937482,-42.72006835937509,458.8800292968749,364.742431640625,-270.2400878906251,-614.4000000000001,-192.05118408203134,-29.279992675781273,75.84003906249995,125.452880859375
1763688843.1263072,2,2,1,0.06423527723044657,-0.1810744330236837,-7.075214543836852,-0.02010885393852937,-0.005953321037188207,-6.598542146899063e-05,235.6799560546874,100.80007324218752,121.58095703124991,11.040002441406273,164.6400085449219,252.45415039062482,-54.72006835937509,490.0799804687499,384.1025390625,-296.6399902343751,-667.2000488281251,-195.9231933593751,-26.879998779296898,80.63996582031245,137.06884765625
1763688843.2369006,2,2,1,0.22955726082798134,-0.08675287525933018,-7.7297241340343685,-0.01963598623015628,-0.012232383049046374,-0.0005428526575935915,0,0,0,0,0,0,0,0,0,0,0,0,0,0,0
1763688843.340643,2,2,1,0.19049365134150187,-0.10929904378212024,-7.9459233766390245,-0.019056452824596188,-0.01088033215214996,-0.0003023265257505732,254.8800292968749,110.40004882812502,144.8128906249999,11.040002441406273,183.83999023437502,283.4302246093748,-64.32004394531259,521.2799316406249,422.822509765625,-327.8399414062501,-720.0000976562501,-199.79520263671884,-24.480004882812523,92.63996582031245,140.94091796875
1763688843.4355116,2,2,1,0.1514162741960624,-0.06355833445931044,-8.346342015308704,-0.017967054135662363,-0.009187923459245743,0.00041597061509202104,262.0799804687499,110.40004882812502,148.6849609374999,15.840020751953148,191.04000244140627,298.9185058593748,-73.92001953125009,535.6800781249999,438.310546875,-335.0401367187501,-751.2000488281251,-211.4112304687501,-22.080010986328148,95.03999023437495,152.556884765625
1763688843.6236222,2,2,1,0.15296829581247356,-0.03688874851882418,-9.236448254974666,-0.017034396986121268,-0.00667116831239287,0.00025665699954284635,274.0799804687499,120.00002441406252,156.4288574218749,8.640008544921898,210.24001464843752,329.8945800781248,-78.72006835937509,569.2799316406249,477.030517578125,-356.6399902343751,-799.2000488281251,-211.4112304687501,-26.879998779296898,102.23994140624995,164.1728515625
1763688843.828513,2,2,1,0.11469495606497096,-0.05118862811434266,-9.84007360980154,-0.016865628254418844,-0.0049903385819675995,-0.0005036663797810215,283.6799560546874,127.19997558593752,183.5328613281249,8.640008544921898,219.83999023437502,345.3823730468748,-83.51999511718759,600.4801269531249,508.00634765625,-373.4400390625001,-852.0000976562501,-215.2831787109376,-19.679986572265648,114.23994140624995,168.044921875
1763688843.9356449,2,2,1,0.4146494637817173,0.11727020600287984,-10.362430072407818,-0.008573247718436074,-0.020179865940904908,0.0001861714040242103,293.2799316406249,139.19997558593752,179.6607910156249,11.040002441406273,229.43999633789065,353.1265136718748,-93.12009277343759,612.4801269531249,523.494384765625,-390.2400878906251,-883.2000488281251,-223.0271972656251,-19.679986572265648,116.63996582031245,168.044921875
1763688844.0325131,2,2,1,0.249698403343278,0.07397026662213894,-10.683013339011712,-0.0131312064396511,-0.01268925418685898,0.0005271928192853651,298.0799804687499,139.19997558593752,183.5328613281249,6.240014648437523,248.6400085449219,368.6143066406248,-97.92001953125009,626.8800292968749,538.982421875,-399.8399414062501,-914.4000000000001,-242.3871826171876,-17.279992675781273,121.44001464843745,175.788818359375
1763688844.2348735,2,2,1,0.25754081072186463,0.04315529065408814,-10.783572805262484,-0.013233942954128657,-0.013606776300684777,0.0005714658893571801,300.4800048828124,139.19997558593752,179.6607910156249,3.8400207519531477,239.04000244140627,364.7422363281248,-95.51999511718759,617.2799316406249,538.982421875,-395.0401367187501,-904.8001464843751,-226.89920654296884,-26.879998779296898,123.84003906249995,168.044921875
1763688844.3289979,2,2,1,0.2637007578770636,0.10627131514630245,-10.72208711594644,-0.010173893100799344,-0.013899940638556589,0.0008357051251236954,298.0799804687499,132.00002441406252,175.7889648437499,1.4399963378906477,246.2399841308594,364.7422363281248,-97.92001953125009,617.2799316406249,535.1103515625,-397.4400390625001,-902.4000000000001,-230.7712158203126,-19.679986572265648,123.84003906249995,164.1728515625
1763688844.424418,2,2,1,0.21230953107537634,0.054413928876038076,-10.413130868273022,-0.012746888224596437,-0.009978759277612107,8.052947969053358e-05,293.2799316406249,136.80007324218752,183.5328613281249,1.4399963378906477,241.43999633789065,364.7422363281248,-97.92001953125009,619.6800781249999,538.982421875,-392.6399902343751,-902.4000000000001,-226.89920654296884,-22.080010986328148,123.84003906249995,171.916748046875
1763688844.6287408,2,2,1,0.3358492459781015,0.11994926305418366,-10.092713082690848,-0.008349645314852466,-0.0165628382070364,4.9947740155564715e-05,290.8800292968749,134.40004882812502,183.5328613281249,1.4399963378906477,234.24001464843752,360.8701660156248,-95.51999511718759,614.8800292968749,538.982421875,-392.6399902343751,-900.0000976562501,-226.89920654296884,-22.080010986328148,131.03999023437495,171.916748046875
1763688844.8320217,2,2,1,0.2630946817088433,0.12802964756900506,-9.956009426340422,-0.007614982119466984,-0.012913954981617227,2.4306795771541958e-05,290.8800292968749,134.40004882812502,183.5328613281249,3.8400207519531477,241.43999633789065,360.8701660156248,-95.51999511718759,614.8800292968749,538.982421875,-392.6399902343751,-892.8001464843751,-230.7712158203126,-19.679986572265648,126.23994140624995,168.044921875
1763688845.0324132,2,2,1,0.30035489388864944,0.14788230786865472,-9.916804170146689,-0.006087969850140651,-0.01414220997014293,-0.00019178108805974138,286.0799804687499,134.40004882812502,179.6607910156249,-3.3599914550781023,234.24001464843752,364.7422363281248,-88.32004394531259,612.4801269531249,550.598388671875,-390.2400878906251,-900.0000976562501,-215.2831787109376,-22.080010986328148,128.63996582031245,160.30078125
1763688845.1273065,2,2,1,0.3259666068488023,0.23151264993767542,-9.735458831001539,-0.0029613299778217875,-0.017308612437057128,0.00019119979559091387,290.8800292968749,134.40004882812502,187.4049316406249,-3.3599914550781023,229.43999633789065,364.7422363281248,-95.51999511718759,610.0799804687499,546.7265625,-387.8399414062501,-900.0000976562501,-219.15518798828134,-19.679986572265648,126.23994140624995,164.1728515625
1763688845.2373588,2,2,1,0.3314555852288468,0.21574294480324974,-9.792750147553813,-0.004461009387707007,-0.0162592934785178,8.75866103793475e-05,288.4800048828124,134.40004882812502,187.4049316406249,-0.9599975585937273,229.43999633789065,372.4863769531248,-88.32004394531259,614.8800292968749,550.598388671875,-390.2400878906251,-897.6001953125001,-219.15518798828134,-22.080010986328148,123.84003906249995,164.1728515625
1763688845.4257042,2,2,1,0.2968887546662713,0.2275744232809734,-9.718545951440454,-0.002508348823172156,-0.014710044747912241,0.00035666745308980436,283.6799560546874,132.00002441406252,183.5328613281249,-3.3599914550781023,227.04000244140627,364.7422363281248,-95.51999511718759,612.4801269531249,554.470458984375,-392.6399902343751,-895.2000488281251,-211.4112304687501,-19.679986572265648,128.63996582031245,160.30078125
1763688845.5346794,2,2,1,0.29432183572960074,0.2376018266192504,-9.63945246403276,-0.0037638625564063236,-0.013946352996890288,-9.035672948955154e-05,286.0799804687499,132.00002441406252,179.6607910156249,-0.9599975585937273,234.24001464843752,364.7422363281248,-93.12009277343759,610.0799804687499,550.598388671875,-390.2400878906251,-897.6001953125001,-223.0271972656251,-19.679986572265648,133.44001464843745,171.916748046875
1763688845.626738,2,2,1,0.26048439684197533,0.22675632816896477,-9.740843124040804,-0.004051163115582332,-0.013393385428166453,0.0002643398989762703,286.0799804687499,129.60000000000002,191.2767578124999,-5.759985351562477,229.43999633789065,360.8701660156248,-95.51999511718759,607.6800781249999,546.7265625,-390.2400878906251,-895.2000488281251,-219.15518798828134,-22.080010986328148,128.63996582031245,164.1728515625
1763688845.7362442,2,2,1,0.2512360143028581,0.26686597821995606,-9.765720742226673,-0.001727020621617066,-0.012909767128295748,0.00010588026450350442,281.2799316406249,136.80007324218752,187.4049316406249,-3.3599914550781023,231.83999023437502,368.6143066406248,-93.12009277343759,605.2799316406249,558.342529296875,-390.2400878906251,-900.0000976562501,-215.2831787109376,-22.080010986328148,131.03999023437495,160.30078125
1763688846.0325403,2,2,1,0.31221967706263515,0.3143815204467821,-9.563840430866108,0.0026027942027559772,-0.015683463594437532,-0.00035547890317267413,283.6799560546874,132.00002441406252,187.4049316406249,-10.560003662109352,236.6400085449219,368.6143066406248,-100.32004394531259,605.2799316406249,558.342529296875,-395.0401367187501,-900.0000976562501,-219.15518798828134,-26.879998779296898,126.23994140624995,156.4287109375
1763688846.1277847,2,2,1,0.12844722253708368,0.22902272921700706,-9.631566779815856,-0.0019014949373943116,-0.007426881046901507,-0.00023265723519192352,278.8800292968749,129.60000000000002,195.1488281249999,-5.759985351562477,229.43999633789065,364.7422363281248,-97.92001953125009,607.6800781249999,554.470458984375,-392.6399902343751,-900.0000976562501,-207.53922119140634,-24.480004882812523,131.03999023437495,164.1728515625
1763688846.2363768,2,2,1,0.2988136932596052,0.3196512117634153,-9.415751501283031,0.0018375360882700031,-0.014720611103302292,-0.0004624641125268124,274.0799804687499,127.19997558593752,187.4049316406249,-10.560003662109352,222.24001464843752,364.7422363281248,-88.32004394531259,602.8800292968749,562.21435546875,-383.0401367187501,-892.8001464843751,-195.9231933593751,-22.080010986328148,131.03999023437495,156.4287109375
1763688846.533373,2,2,1,0.5678300454937893,0.47928006968564013,-9.234877047725748,0.00957394448241098,-0.027884875520685658,0.00024299813121285755,0,0,0,0,0,0,0,0,0,0,0,0,0,0,0
1763688846.6273994,2,2,1,0.5146145323706831,0.4779085877945298,-9.265298664368562,0.009863443696807125,-0.027043465708846415,-0.0002350986134736072,271.6799560546874,122.40004882812502,191.2767578124999,-8.159979248046852,210.24001464843752,360.8701660156248,-93.12009277343759,610.0799804687499,562.21435546875,-378.2400878906251,-888.0000976562501,-184.3072265625001,-29.279992675781273,131.03999023437495,160.30078125
1763688846.928353,2,2,1,0.5128025138542571,0.39909463745198304,-8.447805145571603,0.00810751293736153,-0.026565343278542392,-0.000647346768582524,259.6799560546874,117.60000000000002,191.2767578124999,-10.560003662109352,200.6400085449219,349.2544433593748,-83.51999511718759,588.4801269531249,542.8544921875,-366.2400878906251,-854.4000000000001,-172.69119873046884,-36.48000488281252,128.63996582031245,156.4287109375
1763688847.0323865,2,2,1,0.5609553778542424,0.47163595518106005,-8.010887876003823,0.012067735089877137,-0.030720647956084764,-0.0004033420153562303,266.8800292968749,115.19997558593752,179.6607910156249,-5.759985351562477,200.6400085449219,345.3823730468748,-83.51999511718759,574.0799804687499,531.238525390625,-366.2400878906251,-835.2000488281251,-184.3072265625001,-26.879998779296898,121.44001464843745,156.4287109375
1763688847.2359009,2,2,1,0.13112081640141013,0.15486728290281154,-7.268536743818634,-0.0036637894493204703,-0.006343915704881851,-0.00048405098063990443,252.4800048828124,110.40004882812502,179.6607910156249,-3.3599914550781023,191.04000244140627,326.0225097656248,-76.32004394531259,550.0799804687499,504.134521484375,-354.2400878906251,-787.2000488281251,-176.5632080078126,-26.879998779296898,114.23994140624995,152.556884765625
1763688847.5333538,2,2,1,0.4802213214432401,0.13846920124717907,-5.271003050297788,0.008750913550509502,-0.022211988927834367,0.00012341349597877428,223.6799560546874,91.19997558593752,152.5567871093749,1.4399963378906477,145.43999633789065,279.5581542968748,-52.32004394531259,497.2799316406249,442.182373046875,-291.8399414062501,-679.2000488281251,-153.33121337890634,-31.679986572265648,102.23994140624995,140.94091796875
1763688847.6273174,2,2,1,0.3368195857008379,0.26531890440437306,-4.432489913653429,0.0011477570473782325,-0.02580307342566971,-9.054487176631356e-05,214.0799804687499,86.40004882812502,144.8128906249999,-3.3599914550781023,133.43999633789065,260.1982910156248,-45.12009277343759,478.0799804687499,422.822509765625,-277.4400390625001,-643.2000488281251,-130.0992187500001,-34.08001098632815,92.63996582031245,140.94091796875
1763688847.7345738,2,2,1,0.5093488423401569,0.25161268814348575,-3.9260239884020267,0.009723517474724906,-0.02044177411789401,5.113041940144362e-05,194.8800292968749,74.40004882812502,125.45278320312491,-5.759985351562477,116.6400085449219,236.96635742187482,-42.72006835937509,427.6800781249999,387.974365234375,-251.0401367187501,-588.0000976562501,-110.73917236328134,-38.8799987792969,85.44001464843745,113.8369140625
1763688847.9295478,2,2,1,0.5448734102480476,0.1634117141021601,-2.7091916940991543,0.007546180508722151,-0.020542892143029682,0.0008747329548847444,158.8800292968749,55.19997558593752,109.96474609374991,-12.959997558593727,80.6400085449219,186.63041992187482,-25.92001953125009,382.0799804687499,341.510498046875,-200.6399902343751,-508.8001464843751,-102.99521484375009,-41.27999267578127,78.23994140624995,90.604736328125
1763688848.1237917,2,2,1,0.33946789635306956,0.256334503828781,-1.8247353646970632,0.0020016150895625934,-0.024474914257065196,-0.0003269391467012742,144.4800048828124,45.60000000000002,98.34877929687491,-3.3599914550781023,63.83999023437502,171.14213867187482,-13.920019531250091,346.0799804687499,302.79052734375,-164.6399902343751,-434.4000000000001,-87.50717773437509,-41.27999267578127,63.840039062499955,90.604736328125
1763688848.2223983,2,2,1,0.5282646274196117,0.04646273153234583,-1.4666725335687352,0.0069197166791642095,-0.01891511239556834,-0.00023706728861532618,137.2799316406249,36.00002441406252,82.86074218749991,-5.759985351562477,49.43999633789065,155.65434570312482,-11.519995117187591,310.0799804687499,279.558349609375,-152.6399902343751,-391.2000488281251,-79.76322021484384,-43.67998657226565,59.039990234374955,75.11669921875
1763688848.3327684,2,2,1,0.1524002402509993,0.386876897881434,-1.1520312507092658,0.005059186570804582,-0.02191646576848555,-0.0005522510136118867,142.0799804687499,33.60000000000002,78.98891601562491,8.640008544921898,54.2399841308594,140.16655273437482,-6.720068359375091,317.2799316406249,260.198486328125,-140.6399902343751,-360.0000976562501,-79.76322021484384,-41.27999267578127,56.639965820312455,82.86083984375
1763688848.4266644,2,2,1,0.28327432999570873,0.22316127501618652,-1.0745232416605384,0.0009002505373503465,-0.01998424427487168,-0.0002940910858721154,132.4800048828124,28.800012207031273,67.37294921874991,3.8400207519531477,47.04000244140627,128.55034179687482,-6.720068359375091,283.6800781249999,248.58251953125,-133.4400390625001,-333.5999511718751,-79.76322021484384,-41.27999267578127,56.639965820312455,82.86083984375
1763688848.5351205,2,2,1,0.05406660438152186,0.7087149566406695,-0.847282795457774,0.00669953316176375,-0.015461758485714901,-0.0003061708526320116,106.07998046874991,19.200036621093773,63.50087890624991,3.8400207519531477,39.83999023437502,109.19047851562482,-6.720068359375091,257.2799316406249,229.222412109375,-121.44003906250009,-300.0000976562501,-64.27518310546884,-43.67998657226565,49.440014648437455,63.500732421875
1763688848.6304696,2,2,1,0.1447399727303065,0.252333081824341,-0.6885928589544018,0.005068966030439686,-0.015229860877479842,0.00040851286287131344,108.48000488281241,16.800012207031273,59.62880859374991,8.640008544921898,30.239984130859398,109.19047851562482,2.879907226562409,252.4801269531249,233.094482421875,-111.83994140625009,-288.0000976562501,-56.53122558593759,-46.08001098632815,51.840039062499955,63.500732421875
1763688848.6744769,2,2,1,0.16676694909493614,0.20353045432485156,-0.5374651034893054,0.005371845885636264,-0.014257615120492844,-8.852629925990008e-07,103.67995605468741,14.399987792968773,59.62880859374991,15.840020751953148,35.04000244140627,109.19047851562482,-1.920019531250091,250.0799804687499,225.350341796875,-111.83994140625009,-276.0000976562501,-72.01920166015634,-38.8799987792969,47.039990234374955,59.62890625
1763688848.7677114,2,2,1,0.190827890578674,0.21814067452516067,-0.5582629317585251,0.004162362035083777,-0.0159890716561426,6.278109644053024e-05,110.88002929687491,24.000024414062523,55.75673828124991,20.640008544921898,49.43999633789065,113.06254882812482,-11.519995117187591,235.6800781249999,209.862548828125,-123.83994140625009,-271.2000488281251,-83.63522949218759,-26.879998779296898,54.239941406249955,55.7568359375
1763688848.8476403,2,2,1,0.2154794715447898,0.16330304471001694,-0.49244154909190796,0.003900221216152417,-0.01608887787033489,-0.00022291751349603475,101.27993164062491,14.399987792968773,48.01284179687491,25.439996337890648,42.2399841308594,97.57426757812482,-4.320043945312591,226.0799804687499,202.118408203125,-109.44003906250009,-252.0000976562501,-72.01920166015634,-31.679986572265648,42.239941406249955,63.500732421875
1763688848.9421744,2,2,1,0.05799695358889772,0.14999191174314536,-0.3403896287484138,4.075960752825689e-05,-0.007657672045722362,-0.000494297823217367,91.67995605468741,7.200036621093773,48.01284179687491,15.840020751953148,35.04000244140627,93.70219726562482,-1.920019531250091,211.6800781249999,194.37451171875,-99.83994140625009,-232.8001464843751,-68.14719238281259,-38.8799987792969,44.639965820312455,55.7568359375
1763688850.2222784,2,2,1,-0.15442840082246423,0.08809931871343117,0.3508439097954656,0.0004493383734602602,0.0020514712569978206,-0.0011750219085303456,58.07998046874991,-7.199987792968727,9.292871093749909,25.439996337890648,25.439996337890648,35.62236328124982,5.279931640624909,120.48000488281241,120.806396484375,-63.83994140625009,-108.00009765625009,-56.53122558593759,-29.279992675781273,27.840039062499955,20.90869140625
1763688850.343212,2,2,1,-0.14592309059535286,0.11152578067433677,0.31677274274119327,0.0006356693747610426,0.002342485335936917,-0.0008756905101010891,55.67995605468741,-9.600012207031227,9.292871093749909,20.640008544921898,20.640008544921898,31.750292968749818,7.679956054687409,115.67995605468741,124.678466796875,-68.63999023437509,-103.20004882812509,-64.27518310546884,-29.279992675781273,27.840039062499955,13.164794921875
1763688850.4382565,2,2,1,-0.07889290692585066,0.112033193620901,0.31542237859927535,0.000994562907294327,0.0017672711185985398,-0.0006405956557900842,55.67995605468741,-11.999975585937477,9.292871093749909,23.040002441406273,23.040002441406273,35.62236328124982,12.480004882812409,113.28005371093741,120.806396484375,-63.83994140625009,-96.00009765625009,-64.27518310546884,-29.279992675781273,27.840039062499955,20.90869140625
1763688850.723342,2,2,1,-0.1415567448060862,0.14802142409588892,0.38845484037117617,0.001973952650079895,0.00213436603922346,-0.0004566021097483097,50.88002929687491,-16.799963378906227,9.292871093749909,23.040002441406273,18.239984130859398,20.134326171874818,10.079980468749909,103.67995605468741,116.934326171875,-56.63999023437509,-84.00009765625009,-56.53122558593759,-26.879998779296898,25.440014648437455,9.292724609375
1763688851.0361273,2,2,1,-0.20748168288580476,0.08792948697760024,0.3364421460930985,0.0007778594074079674,0.0026927979928835083,-0.0007091915106627626,48.48000488281241,-16.799963378906227,-2.323095703125091,25.439996337890648,23.040002441406273,16.262255859374818,10.079980468749909,94.07998046874991,97.574462890625,-54.24008789062509,-72.00009765625009,-64.27518310546884,-24.480004882812523,23.039990234374955,13.164794921875
1763688851.1272635,2,2,1,-0.002916028287224176,0.19151948938679186,0.4021965641913666,0.002198986024667368,-9.13084702890254e-05,-0.0006121468856968325,43.67995605468741,-19.199987792968727,1.548730468749909,23.040002441406273,18.239984130859398,20.134326171874818,12.480004882812409,96.48000488281241,109.1904296875,-51.83994140625009,-72.00009765625009,-64.27518310546884,-26.879998779296898,27.840039062499955,9.292724609375
1763688851.2373369,2,2,1,-0.16626199283436424,0.06334279369204862,0.38640060286856565,0.0009294556093667193,0.0023553991318857144,-0.0010015499777775232,41.27993164062491,-16.799963378906227,5.420800781249909,20.640008544921898,15.839990234375023,20.134326171874818,17.27993164062491,94.07998046874991,105.318359375,-51.83994140625009,-69.59995117187509,-60.40317382812509,-26.879998779296898,23.039990234374955,9.292724609375
1763688851.535355,2,2,1,-0.1227089860730452,0.1409192466699572,0.30313002918098003,0.0015632072358278183,0.001209545773141908,-0.0005667430109405189,43.67995605468741,-19.199987792968727,-6.195166015625091,27.840020751953148,18.239984130859398,12.390429687499818,14.879907226562409,89.28005371093741,97.574462890625,-49.44003906250009,-67.20004882812509,-56.53122558593759,-29.279992675781273,23.039990234374955,5.4208984375
1763688851.7235298,2,2,1,-0.1309227529718725,0.11229484334587789,0.40237155819663195,0.0011755394193023261,0.002137866898120518,-0.0008429482601047465,43.67995605468741,-19.199987792968727,-2.323095703125091,25.439996337890648,18.239984130859398,12.390429687499818,14.879907226562409,89.28005371093741,101.446533203125,-49.44003906250009,-62.40000000000009,-56.53122558593759,-31.679986572265648,15.840039062499955,5.4208984375
1763688851.8309784,2,2,1,-0.1298761482654329,0.14210130212971867,0.4362427979185949,0.0012619612219539303,0.0020341797351918463,-0.0008331194670976995,43.67995605468741,-16.799963378906227,-6.195166015625091,25.439996337890648,18.239984130859398,12.390429687499818,12.480004882812409,84.48000488281241,93.702392578125,-47.04013671875009,-69.59995117187509,-56.53122558593759,-26.879998779296898,23.039990234374955,1.548828125
1763688851.9234912,2,2,1,-0.1213324808528786,0.13891224777919658,0.3184301624187614,0.0012070696956424242,0.0015717501774888541,-0.0007971310378462745,0,0,0,0,0,0,0,0,0,0,0,0,0,0,0
1763688852.1303713,2,2,1,-0.12307555902768161,0.14566819369527573,0.4039146880089027,0.001601629292912576,0.0023592611328456586,-0.0013907358642127779,43.67995605468741,-16.799963378906227,-2.323095703125091,23.040002441406273,18.239984130859398,12.390429687499818,12.480004882812409,82.07998046874991,89.83056640625,-44.63999023437509,-60.00009765625009,-56.53122558593759,-26.879998779296898,20.639965820312455,1.548828125
1763688852.522053,2,2,1,-0.13060096683952352,0.11423797817305474,0.4540067744585684,0.0012010348771529543,0.0015859987559785275,-0.0012937794961529168,36.48000488281241,-19.199987792968727,-6.195166015625091,18.240014648437523,18.239984130859398,12.390429687499818,17.27993164062491,74.88002929687491,78.21435546875,-47.04013671875009,-55.20004882812509,-60.40317382812509,-26.879998779296898,20.639965820312455,-2.3232421875
1763688852.6330822,2,2,1,-0.127025368633307,0.13278227278586519,0.24809954876007484,0.0004689478663273364,0.0017847788297415967,-0.0005121351228128243,36.48000488281241,-19.199987792968727,1.548730468749909,20.640008544921898,18.239984130859398,4.646289062499818,17.27993164062491,79.67995605468741,85.95849609375,-42.24008789062509,-52.80014648437509,-52.65921630859384,-24.480004882812523,15.840039062499955,5.4208984375
1763688852.8381603,2,2,1,-0.1465715414144655,0.1401423938553121,0.36835076091683405,0.0010497094166463058,0.002635443464359066,-0.000857902635128804,41.27993164062491,-19.199987792968727,-6.195166015625091,20.640008544921898,18.239984130859398,4.646289062499818,14.879907226562409,77.28005371093741,89.83056640625,-47.04013671875009,-55.20004882812509,-48.78720703125009,-24.480004882812523,15.840039062499955,-2.3232421875
1763688853.0264463,2,2,1,-0.12917652561929382,0.13171293020736893,0.4518534052010103,0.0010173088389898602,0.0021193440917177194,-0.000671320154487021,31.67995605468741,-21.600012207031227,-10.067236328125091,23.040002441406273,18.239984130859398,0.7744628906248181,14.879907226562409,74.88002929687491,82.08642578125,-42.24008789062509,-55.20004882812509,-52.65921630859384,-26.879998779296898,18.239941406249955,1.548828125
1763688853.2303557,2,2,1,-0.08424907998385045,0.13413908720517662,0.43143795030912885,0.0005248062654708734,0.0021939639844738477,-0.0009939353597941476,38.88002929687491,-19.199987792968727,-6.195166015625091,25.439996337890648,15.839990234375023,0.7744628906248181,14.879907226562409,77.28005371093741,78.21435546875,-42.24008789062509,-50.40000000000009,-56.53122558593759,-24.480004882812523,15.840039062499955,-6.195068359375
1763688853.3380234,2,2,1,-0.09629737094982799,0.11449512307410295,0.45228297489331604,0.0012209889460591517,0.001283733786989021,-0.0008254922565927217,38.88002929687491,-16.799963378906227,-10.067236328125091,23.040002441406273,15.839990234375023,-3.097607421875182,19.67995605468741,72.48000488281241,78.21435546875,-37.44003906250009,-43.20004882812509,-60.40317382812509,-26.879998779296898,15.840039062499955,-10.067138671875
1763688853.7274804,2,2,1,-0.153981405654563,0.15758374612937814,0.352083532166542,0.0010291075111696774,0.0020348406628869016,-0.000630883310985299,34.07998046874991,-23.999975585937477,-10.067236328125091,20.640008544921898,18.239984130859398,8.518359374999818,17.27993164062491,67.67995605468741,78.21435546875,-37.44003906250009,-43.20004882812509,-64.27518310546884,-22.080010986328148,13.440014648437455,-6.195068359375
1763688853.8363876,2,2,1,-0.12917682895615665,0.13342276302429135,0.33456026403359507,0.0009988408769089682,0.0017312928766284046,-0.0007135364924424222,31.67995605468741,-21.600012207031227,-13.939062500000091,18.240014648437523,15.839990234375023,-3.097607421875182,12.480004882812409,67.67995605468741,82.08642578125,-39.83994140625009,-43.20004882812509,-56.53122558593759,-24.480004882812523,13.440014648437455,-2.3232421875
1763688854.026505,2,2,1,-0.1463034696114442,0.09426358902548886,0.452417261446318,0.000706424122888501,0.001712567118502879,-0.0009819116623151027,36.48000488281241,-19.199987792968727,-10.067236328125091,20.640008544921898,15.839990234375023,-3.097607421875182,19.67995605468741,70.07998046874991,74.342529296875,-37.44003906250009,-40.80014648437509,-52.65921630859384,-24.480004882812523,13.440014648437455,-2.3232421875
1763688854.1339135,2,2,1,-0.11213772872917624,0.11256363324950933,0.4177309108619687,0.0008466864557087526,0.0017884377507369252,-0.001073648887521798,34.07998046874991,-26.399999999999977,-10.067236328125091,20.640008544921898,18.239984130859398,-3.097607421875182,17.27993164062491,62.88002929687491,70.470458984375,-39.83994140625009,-43.20004882812509,-52.65921630859384,-22.080010986328148,15.840039062499955,-10.067138671875
1763688854.229481,2,2,1,-0.14815342254653383,0.10337493280488264,0.3186696446582279,0.0010792213529380906,0.0020878494214658255,-0.000716038121199023,29.27993164062491,-21.600012207031227,-17.81113281250009,23.040002441406273,18.239984130859398,0.7744628906248181,17.27993164062491,67.67995605468741,74.342529296875,-37.44003906250009,-45.59995117187509,-60.40317382812509,-24.480004882812523,15.840039062499955,-6.195068359375
1763688854.3368025,2,2,1,-0.13079616202173594,0.11485022277404736,0.3018644832421824,0.0011764711310490543,0.0015600999801565131,-0.0006446544487470692,26.88002929687491,-21.600012207031227,-17.81113281250009,25.439996337890648,18.239984130859398,0.7744628906248181,17.27993164062491,65.28005371093741,74.342529296875,-37.44003906250009,-40.80014648437509,-52.65921630859384,-22.080010986328148,11.039990234374955,-2.3232421875
1763688854.6335495,2,2,1,-0.08795834752077,0.11896649814199255,0.33398171266476134,0.0012250733268795882,0.0013828852912372877,-0.0007117858588204797,29.27993164062491,-19.199987792968727,-10.067236328125091,20.640008544921898,20.640008544921898,-3.097607421875182,17.27993164062491,62.88002929687491,74.342529296875,-35.04013671875009,-40.80014648437509,-60.40317382812509,-22.080010986328148,11.039990234374955,-10.067138671875
1763688854.7262168,2,2,1,-0.1417994859973174,0.10001414253660601,0.32073494823679244,0.0015560925035059477,0.0017633709521112744,-0.0008693915532694376,29.27993164062491,-21.600012207031227,-17.81113281250009,18.240014648437523,20.640008544921898,-10.841748046875182,14.879907226562409,60.48000488281241,74.342529296875,-37.44003906250009,-40.80014648437509,-56.53122558593759,-24.480004882812523,11.039990234374955,-10.067138671875
1763688854.753554,2,2,1,-0.14705637796729065,0.1049747434915794,0.3858371535487791,0.0009494293034576131,0.0016153140432757361,-0.0006928636222930436,31.67995605468741,-16.799963378906227,-21.68320312500009,23.040002441406273,20.640008544921898,-10.841748046875182,17.27993164062491,62.88002929687491,74.342529296875,-35.04013671875009,-36.00009765625009,-52.65921630859384,-26.879998779296898,15.840039062499955,-13.939208984375
1763688854.8471236,2,2,1,-0.1418772356773007,0.10852011856611196,0.3370323876782797,0.0016344680848824698,0.002135236310582305,-0.0005511634352869844,0,0,0,0,0,0,0,0,0,0,0,0,0,0,0
1763688854.9417005,2,2,1,-0.12373945363954242,0.12727509335058676,0.45450676662812195,0.0016450189159985793,0.0020897740158056944,-0.0010581852886550702,31.67995605468741,-19.199987792968727,-17.81113281250009,18.240014648437523,15.839990234375023,-6.969677734375182,17.27993164062491,60.48000488281241,70.470458984375,-37.44003906250009,-33.59995117187509,-56.53122558593759,-22.080010986328148,11.039990234374955,-13.939208984375
1763688855.0365443,2,2,1,-0.16535859285010318,0.13099688529691642,0.3188862884646445,0.00130694997633661,0.0027888997821601934,-0.00024805092837373486,31.67995605468741,-16.799963378906227,-13.939062500000091,25.439996337890648,18.239984130859398,-3.097607421875182,19.67995605468741,60.48000488281241,62.7265625,-32.63999023437509,-33.59995117187509,-56.53122558593759,-26.879998779296898,15.840039062499955,-10.067138671875
1763688855.1311626,2,2,1,-0.12744207761188422,0.15101231606602972,0.5015906557673853,0.0008525375455708376,0.002104277078800706,-0.0007341643856991941,26.88002929687491,-21.600012207031227,-17.81113281250009,20.640008544921898,18.239984130859398,-6.969677734375182,17.27993164062491,60.48000488281241,62.7265625,-35.04013671875009,-33.59995117187509,-48.78720703125009,-22.080010986328148,11.039990234374955,-10.067138671875
1763688855.2307339,2,2,1,-0.1126624344613933,0.115851760300207,0.3511286226256149,0.0010437971548328292,0.0011226920272297677,-0.00039337414293174494,26.88002929687491,-19.199987792968727,-13.939062500000091,20.640008544921898,13.439996337890648,-6.969677734375182,14.879907226562409,58.07998046874991,66.598388671875,-32.63999023437509,-36.00009765625009,-56.53122558593759,-24.480004882812523,13.440014648437455,-2.3232421875
1763688855.3364987,2,2,1,-0.12371619829181894,0.1292223281570236,0.33670281843307703,0.0016396323795523744,0.0016948112142409876,-0.0006314569530635028,31.67995605468741,-16.799963378906227,-17.81113281250009,15.840020751953148,18.239984130859398,-3.097607421875182,19.67995605468741,60.48000488281241,62.7265625,-32.63999023437509,-31.20004882812509,-56.53122558593759,-19.679986572265648,13.440014648437455,-6.195068359375
1763688855.4319754,2,2,1,-0.13798809152190972,0.1259253045329938,0.3849510509175008,0.0009367799384289843,0.0023806368046842344,-0.0010858664774716542,31.67995605468741,-19.199987792968727,-13.939062500000091,20.640008544921898,18.239984130859398,-6.969677734375182,19.67995605468741,55.67995605468741,62.7265625,-32.63999023437509,-31.20004882812509,-52.65921630859384,-24.480004882812523,8.639965820312455,-10.067138671875
1763688855.838513,2,2,1,-0.1208765913404045,0.11636493219582666,0.38340125514513657,0.0008770142360146041,0.0022249685325382985,-0.00046051226963169994,26.88002929687491,-23.999975585937477,-17.81113281250009,18.240014648437523,18.239984130859398,-6.969677734375182,19.67995605468741,55.67995605468741,58.8544921875,-27.83994140625009,-31.20004882812509,-52.65921630859384,-22.080010986328148,13.440014648437455,-17.811279296875
1763688855.9315748,2,2,1,-0.12262079145397253,0.10582356395574295,0.3680245279514061,0.0011068572198698733,0.002439464168008958,-0.0010112914548914883,29.27993164062491,-21.600012207031227,-17.81113281250009,18.240014648437523,15.839990234375023,-6.969677734375182,19.67995605468741,60.48000488281241,66.598388671875,-32.63999023437509,-38.40000000000009,-60.40317382812509,-24.480004882812523,11.039990234374955,-13.939208984375
1763688856.025231,2,2,1,-0.07927195199481875,0.13449512866819113,0.3009099794128847,0.0013393469949734926,0.0011192298953033057,-0.0009591171029099406,29.27993164062491,-16.799963378906227,-10.067236328125091,18.240014648437523,18.239984130859398,-10.841748046875182,19.67995605468741,67.67995605468741,70.470458984375,-35.04013671875009,-36.00009765625009,-48.78720703125009,-24.480004882812523,13.440014648437455,-13.939208984375
1763688856.054232,2,2,1,-0.07688874984192345,0.12346806853745061,0.416362352927173,0.000779003622426449,0.0011992559688862267,-0.0009975328711379497,34.07998046874991,-19.199987792968727,-13.939062500000091,18.240014648437523,18.239984130859398,-14.713574218750182,17.27993164062491,67.67995605468741,70.470458984375,-37.44003906250009,-38.40000000000009,-52.65921630859384,-24.480004882812523,11.039990234374955,-10.067138671875
1763688856.1488712,2,2,1,-0.0802779164802396,0.17693436019965864,0.30335967155212595,0.002039640145862458,0.0005612623848737434,-0.00041175492251635233,29.27993164062491,-16.799963378906227,-13.939062500000091,18.240014648437523,20.640008544921898,-3.097607421875182,14.879907226562409,60.48000488281241,66.598388671875,-37.44003906250009,-48.00009765625009,-52.65921630859384,-22.080010986328148,18.239941406249955,-13.939208984375
1763688856.2429547,2,2,1,-0.18126435764763787,0.053697012423629856,0.2666966676105549,0.0003179731612333388,0.0023640447401529563,-0.0006551411481582749,38.88002929687491,-19.199987792968727,-10.067236328125091,20.640008544921898,20.640008544921898,12.390429687499818,17.27993164062491,70.07998046874991,78.21435546875,-39.83994140625009,-52.80014648437509,-60.40317382812509,-22.080010986328148,11.039990234374955,-2.3232421875
1763688856.7577257,2,2,1,0.05350255879773336,0.06714089639994744,-0.21244368332151922,-0.00032473344141014217,-0.0017831089916921484,-0.0009106719657414383,55.67995605468741,-4.799963378906227,9.292871093749909,18.240014648437523,27.839990234375023,31.750292968749818,10.079980468749909,110.88002929687491,109.1904296875,-66.24008789062509,-103.20004882812509,-64.27518310546884,-19.679986572265648,30.239941406249955,13.164794921875
1763688856.8826416,2,2,1,-0.048129534713013816,0.09209834801996183,-0.21119129833209016,-0.00047664221319325276,0.00020133334238009134,-0.000442994686657997,62.88002929687491,-4.799963378906227,5.420800781249909,20.640008544921898,32.6400085449219,47.23833007812482,10.079980468749909,125.28005371093741,120.806396484375,-68.63999023437509,-117.59995117187509,-68.14719238281259,-29.279992675781273,20.639965820312455,20.90869140625
1763688857.025894,2,2,1,0.014324603227073227,0.13482209861869532,-0.37914142765630565,-0.0004913416684641098,-0.0024192581605852388,-0.0008204594356071202,72.48000488281241,2.4414062522737368e-05,17.03676757812491,23.040002441406273,39.83999023437502,51.11040039062482,0.48000488281240905,139.6799560546874,124.678466796875,-78.24008789062509,-139.2000488281251,-72.01920166015634,-24.480004882812523,27.840039062499955,24.78076171875
1763688857.0689266,2,2,1,0.0055088960851801955,0.13870877808477144,-0.46392977686833137,-0.0004757425182475106,-0.001987904510349139,-0.00022542013963528445,70.07998046874991,2.3999877929687727,17.03676757812491,20.640008544921898,39.83999023437502,58.85429687499982,5.279931640624909,144.4800048828124,132.42236328125,-80.63999023437509,-151.2000488281251,-72.01920166015634,-24.480004882812523,30.239941406249955,28.65283203125
1763688857.1640246,2,2,1,-0.07209508780494829,0.14997899902782225,-0.5462699606474162,-0.00042799417213902147,-0.0003973514510098704,-2.0292677890075875e-05,82.07998046874991,9.600000000000023,24.78090820312491,18.240014648437523,44.6400085449219,70.47026367187482,0.48000488281240905,163.6799560546874,147.910400390625,-92.63999023437509,-172.8001464843751,-75.89121093750009,-24.480004882812523,35.039990234374955,40.268798828125
1763688857.2601006,2,2,1,-0.06674063653154418,0.054307273910510774,-0.8088327417568784,-0.0028042464674999275,0.0009089465193754305,0.00011874476510322665,0,0,0,0,0,0,0,0,0,0,0,0,0,0,0
1763688857.4313953,2,2,1,-0.01268035892204579,0.04045611462011458,-0.9956211539743411,-0.003467013482540914,-0.0011677034706815794,-0.0005758714899941426,106.07998046874991,14.399987792968773,51.88491210937491,25.439996337890648,49.43999633789065,93.70219726562482,-1.920019531250091,211.6800781249999,182.758544921875,-116.63999023437509,-228.0000976562501,-87.50717773437509,-34.08001098632815,37.440014648437455,59.62890625
1763688857.5240028,2,2,1,0.04486167500316541,0.008777880259218348,-1.296196237809782,-0.003096718049111648,-0.004498926479118117,-0.0002108007811815926,113.27993164062491,19.200036621093773,44.14077148437491,27.840020751953148,54.2399841308594,97.57426757812482,-11.519995117187591,228.4801269531249,198.246337890625,-123.83994140625009,-249.5999511718751,-91.37918701171884,-34.08001098632815,42.239941406249955,63.500732421875
1763688857.7291932,2,2,1,0.07070227497188894,0.09386474859986622,-1.9904226101997695,-0.004426751128060251,-0.006438457368804577,0.0001528031684837235,127.67995605468741,24.000024414062523,63.50087890624991,25.439996337890648,56.6400085449219,120.80620117187482,-6.720068359375091,259.6800781249999,221.478515625,-138.2400878906251,-295.2000488281251,-99.12320556640634,-34.08001098632815,47.039990234374955,78.98876953125
1763688857.8373609,2,2,1,0.14228972761276473,0.09979993274524619,-2.0724857851253375,-0.0032165420160107892,-0.006950779023337116,4.957077563812797e-05,137.2799316406249,28.800012207031273,63.50087890624991,30.240014648437523,71.04000244140627,128.55034179687482,-13.920019531250091,276.4801269531249,236.966552734375,-152.6399902343751,-321.5999511718751,-106.86722412109384,-31.679986572265648,47.039990234374955,82.86083984375
1763688857.9310691,2,2,1,0.07497926731995076,0.020912901978329422,-2.2325713906956057,-0.006288203215468234,-0.005854356262629323,-0.00048258924842524073,0,0,0,0,0,0,0,0,0,0,0,0,0,0,0
1763688858.0257666,2,2,1,0.11479367110105387,-0.008239904619340911,-2.627544845955552,-0.007956499738019818,-0.006463331560813051,0.00030942243616926494,151.6799560546874,40.80007324218752,71.24477539062491,25.439996337890648,83.04000244140627,151.78227539062482,-16.32004394531259,307.6800781249999,240.83837890625,-171.8399414062501,-360.0000976562501,-122.35520019531259,-31.679986572265648,47.039990234374955,90.604736328125
1763688858.1358383,2,2,1,-0.0403373165506231,-0.07161347058441302,-2.914585777362451,-0.012824343907839217,-0.00027027560483969693,0.0005843115437476583,158.8800292968749,48.00002441406252,67.37294921874991,25.439996337890648,87.83999023437502,163.39848632812482,-21.12009277343759,314.8800292968749,252.454345703125,-179.0401367187501,-386.4000000000001,-133.97122802734384,-29.279992675781273,49.440014648437455,98.348876953125
1763688858.2289512,2,2,1,0.01214250493809306,-0.106644609700591,-2.9329009126697354,-0.013274414411840666,-0.0019334530947592494,3.095049820395104e-05,168.4800048828124,48.00002441406252,67.37294921874991,20.640008544921898,90.2399841308594,163.39848632812482,-18.72006835937509,331.6800781249999,260.198486328125,-183.8399414062501,-403.2000488281251,-133.97122802734384,-26.879998779296898,49.440014648437455,94.476806640625
1763688858.3040714,2,2,1,-0.0048189320894691905,-0.06686371346635703,-2.9820447543911093,-0.012961282716617636,-0.00180045673716677,0.00032411823710966825,161.2799316406249,52.80007324218752,75.11684570312491,20.640008544921898,97.43999633789065,163.39848632812482,-18.72006835937509,341.2799316406249,264.070556640625,-191.0401367187501,-420.0000976562501,-141.7151855468751,-31.679986572265648,49.440014648437455,94.476806640625
1763688858.3815625,2,2,1,0.07024634550474927,-0.06640173791255119,-3.3324880481259505,-0.012329958891066774,-0.005855617827389346,0.0009039812756391959,0,0,0,0,0,0,0,0,0,0,0,0,0,0,0
1763688858.5260675,2,2,1,-0.07181213443831698,-0.22751385346132216,-4.0990572046110385,-0.0194967984512316,0.0009088153189949245,0.0006152613481645429,190.0799804687499,60.00002441406252,75.11684570312491,25.439996337890648,116.6400085449219,182.75834960937482,-30.72006835937509,374.8800292968749,287.302490234375,-215.0401367187501,-477.5999511718751,-168.8191894531251,-26.879998779296898,59.039990234374955,109.96484375
1763688858.633675,2,2,1,-0.0008824531023139404,-0.22507003465942174,-4.270898705494563,-0.0200122369653167,-0.00038552074667908215,0.0005507347961843385,199.6799560546874,67.19997558593752,78.98891601562491,18.240014648437523,133.43999633789065,194.37456054687482,-28.32004394531259,396.4801269531249,306.662353515625,-231.8399414062501,-506.4000000000001,-176.5632080078126,-26.879998779296898,56.639965820312455,113.8369140625
1763688858.7405455,2,2,1,-0.05387481598166846,-0.19302930191167791,-4.808527072799975,-0.019948879729655082,0.0020675367139251994,0.00020061543676180615,206.8800292968749,72.00002441406252,90.60488281249991,15.840020751953148,135.83999023437502,209.86235351562482,-37.92001953125009,410.8800292968749,326.0224609375,-246.2400878906251,-535.2000488281251,-180.43521728515634,-34.08001098632815,63.840039062499955,121.580810546875
1763688859.1308515,2,2,1,0.09487425564896455,-0.03128304912205815,-6.597442403915254,-0.013681954018012591,-0.007776840229498783,0.0002754013171015349,230.8800292968749,86.40004882812502,129.3248535156249,11.040002441406273,159.83999023437502,256.3262207031248,-52.32004394531259,480.4801269531249,399.59033203125,-294.2400878906251,-652.8001464843751,-180.43521728515634,-34.08001098632815,83.03999023437495,133.19677734375
1763688859.206927,2,2,1,0.12310833568255604,-0.03495480068019162,-6.582935202711929,-0.014204610193854345,-0.008492100322279575,0.00012194482021993269,233.2799316406249,96.00002441406252,133.1969238281249,8.640008544921898,162.24001464843752,260.1982910156248,-57.12009277343759,494.8800292968749,407.33447265625,-301.4400390625001,-674.4000000000001,-176.5632080078126,-34.08001098632815,85.44001464843745,137.06884765625
1763688859.5239305,2,2,1,0.26265550338728755,0.05985652957775406,-8.430485184867123,-0.009077661624159638,-0.01291931782993528,-0.0007602456722927851,259.6799560546874,108.00002441406252,156.4288574218749,8.640008544921898,198.24001464843752,306.6621582031248,-73.92001953125009,542.8800292968749,465.41455078125,-347.0401367187501,-765.6001953125001,-195.9231933593751,-29.279992675781273,104.63996582031245,152.556884765625
1763688859.7267516,2,2,1,0.2329356216833458,0.09787615636999442,-9.267943804178808,-0.008330351987815024,-0.012954587914993935,3.522800340149436e-05,274.0799804687499,120.00002441406252,175.7889648437499,11.040002441406273,210.24001464843752,337.6382324218748,-81.12009277343759,578.8800292968749,488.646484375,-373.4400390625001,-823.2000488281251,-211.4112304687501,-26.879998779296898,111.84003906249995,164.1728515625
1763688859.83595,2,2,1,0.1957846067672152,0.15897932028036194,-9.65836524184725,-0.005432284969655546,-0.013486195841223236,-1.8673945980631802e-05,276.4800048828124,124.80007324218752,179.6607910156249,1.4399963378906477,212.6400085449219,341.5103027343748,-85.92001953125009,598.0799804687499,527.366455078125,-378.2400878906251,-849.6001953125001,-199.79520263671884,-26.879998779296898,119.03999023437495,164.1728515625
1763688859.8489413,2,2,1,0.19768176307566904,0.14894647632927813,-9.713382635148012,-0.006239243764293037,-0.011263074904014302,-0.000744127508620445,276.4800048828124,120.00002441406252,171.9168945312499,3.8400207519531477,215.04000244140627,353.1265136718748,-85.92001953125009,602.8800292968749,527.366455078125,-378.2400878906251,-856.8001464843751,-207.53922119140634,-24.480004882812523,119.03999023437495,164.1728515625
1763688860.0402174,2,2,1,0.18012809866394117,0.11470645295553802,-10.73064784478023,-0.007520891215895713,-0.007318211322856068,-0.00032731162744274224,298.0799804687499,129.60000000000002,199.0208984374999,3.8400207519531477,234.24001464843752,376.3584472656248,-95.51999511718759,617.2799316406249,562.21435546875,-397.4400390625001,-907.2000488281251,-219.15518798828134,-26.879998779296898,133.44001464843745,164.1728515625
1763688860.1442626,2,2,1,0.28854704654691177,0.285557530309285,-11.219008154244504,-0.0031765887818233363,-0.012773564565563937,0.00020404614005369373,295.6799560546874,132.00002441406252,187.4049316406249,-3.3599914550781023,253.43999633789065,380.2305175781248,-102.72006835937509,634.0799804687499,577.702392578125,-414.2400878906251,-940.8001464843751,-230.7712158203126,-24.480004882812523,138.23994140624995,183.53271484375
1763688860.238853,2,2,1,0.012710770467541585,0.17747348512319472,-11.771402530754004,-0.007249968738078615,-0.00028734057340456046,-0.0008573087059245081,302.8800292968749,141.60000000000002,199.0208984374999,-3.3599914550781023,265.43999633789065,395.7183105468748,-107.51999511718759,646.0799804687499,593.1904296875,-419.0401367187501,-969.6001953125001,-238.51517333984384,-22.080010986328148,140.63996582031245,171.916748046875
1763688860.335092,2,2,1,0.14067438559020176,0.25982308410670557,-12.205112999629813,-0.002273756488589844,-0.006986853992907058,-0.0011562748806273188,310.0799804687499,141.60000000000002,199.0208984374999,1.4399963378906477,279.84002075195315,395.7183105468748,-105.12009277343759,655.6800781249999,604.806396484375,-433.4400390625001,-993.6001953125001,-250.1312011718751,-19.679986572265648,143.03999023437495,168.044921875
1763688860.5392067,2,2,1,0.05533198211998727,0.25715203003305204,-12.590451847204353,-0.005149853685060296,9.291420963689068e-06,-0.0002878739794558875,314.8800292968749,144.00002441406252,199.0208984374999,-3.3599914550781023,282.2399841308594,403.4624511718748,-109.92001953125009,658.0799804687499,604.806396484375,-433.4400390625001,-998.4000000000001,-261.74722900390634,-22.080010986328148,145.44001464843745,175.788818359375
1763688860.724669,2,2,1,0.08984716529085256,0.3166345675336337,-11.946287643547397,-6.943190822478879e-05,-0.004258378013511581,-0.0004328362954442099,307.6799560546874,141.60000000000002,195.1488281249999,-3.3599914550781023,267.84002075195315,395.7183105468748,-105.12009277343759,650.8800292968749,616.42236328125,-423.8399414062501,-993.6001953125001,-246.25919189453134,-24.480004882812523,147.84003906249995,152.556884765625
1763688860.8367052,2,2,1,0.2256976766177312,0.3630376037519519,-11.867398348244173,0.0030908005968417127,-0.010058992186012038,-0.000318768203683215,300.4800048828124,139.19997558593752,202.8929687499999,-10.560003662109352,267.84002075195315,395.7183105468748,-102.72006835937509,648.4801269531249,612.550537109375,-423.8399414062501,-991.2000488281251,-238.51517333984384,-26.879998779296898,152.63996582031245,160.30078125
1763688860.8824694,2,2,1,0.2099093965164475,0.37091375968665546,-11.901517920733657,0.0027927815587588042,-0.009553208260326256,-0.000723663080147814,302.8800292968749,136.80007324218752,199.0208984374999,-17.759985351562477,263.0400329589844,395.7183105468748,-105.12009277343759,648.4801269531249,620.29443359375,-421.4400390625001,-998.4000000000001,-242.3871826171876,-24.480004882812523,150.23994140624995,160.30078125
1763688861.024771,2,2,1,0.20001286628222037,0.42491447046645137,-11.688814805012854,0.005659917911729248,-0.0099756970786021,-0.0002490255525423616,300.4800048828124,139.19997558593752,199.0208984374999,-12.959997558593727,263.0400329589844,395.7183105468748,-102.72006835937509,648.4801269531249,616.42236328125,-423.8399414062501,-991.2000488281251,-238.51517333984384,-19.679986572265648,152.63996582031245,160.30078125
1763688861.1315796,2,2,1,0.24787259683067148,0.4192542708195947,-11.47540872806016,0.004679777249500243,-0.010564369413171189,-0.0003333356237833527,300.4800048828124,141.60000000000002,199.0208984374999,-12.959997558593727,267.84002075195315,399.5903808593748,-107.51999511718759,648.4801269531249,620.29443359375,-426.2400878906251,-998.4000000000001,-246.25919189453134,-22.080010986328148,152.63996582031245,168.044921875
1763688861.2236443,2,2,1,0.017538737987619485,0.2979099356360883,-11.641542799084775,0.0005107333807664038,-0.0013439643231931662,-0.00016238893811734657,314.8800292968749,144.00002441406252,187.4049316406249,-3.3599914550781023,301.43999633789065,403.4624511718748,-112.32004394531259,641.2799316406249,604.806396484375,-443.0401367187501,-998.4000000000001,-284.9792236328126,-10.080010986328148,155.03999023437495,164.1728515625
1763688861.2716956,2,2,1,0.017183641317461987,0.30448741662654555,-11.658306682879369,0.0005372282113672786,-0.0005857559985431304,-0.0007941257852295699,312.4800048828124,146.40004882812502,199.0208984374999,-5.759985351562477,291.84002075195315,403.4624511718748,-109.92001953125009,641.2799316406249,608.678466796875,-443.0401367187501,-1000.8001464843751,-277.2352050781251,-10.080010986328148,150.23994140624995,156.4287109375
1763688861.364581,2,2,1,-0.4769550664315302,0.052234188181517205,-11.819069539031183,-0.014276444735136291,0.024799338752312824,-0.0005730696911554916,310.0799804687499,144.00002441406252,191.2767578124999,-3.3599914550781023,291.84002075195315,403.4624511718748,-109.92001953125009,638.8800292968749,608.678466796875,-438.2400878906251,-991.2000488281251,-277.2352050781251,-14.879998779296898,150.23994140624995,160.30078125
1763688861.4732935,2,2,1,-0.19955951810453815,0.17616880787345218,-11.555114553674187,-0.006814874723874667,0.01176789353422136,-0.0002269203929870854,312.4800048828124,144.00002441406252,191.2767578124999,-3.3599914550781023,301.43999633789065,399.5903808593748,-112.32004394531259,638.8800292968749,600.934326171875,-443.0401367187501,-998.4000000000001,-284.9792236328126,-14.879998779296898,150.23994140624995,164.1728515625
1763688861.566779,2,2,1,-0.29979564169095263,0.1303523671359841,-11.594332546286676,-0.00826205435849297,0.016357041087166832,-0.00024166249015692212,307.6799560546874,144.00002441406252,187.4049316406249,-8.159979248046852,299.0400329589844,399.5903808593748,-107.51999511718759,641.2799316406249,612.550537109375,-445.4400390625001,-996.0000976562501,-277.2352050781251,-12.480004882812523,150.23994140624995,156.4287109375
1763688861.6764064,2,2,1,-0.2842583033430774,0.1356532642313299,-11.507402301959072,-0.007674487816282584,0.01502450899983904,-0.00020888800749441715,314.8800292968749,148.80007324218752,187.4049316406249,-3.3599914550781023,308.6400085449219,399.5903808593748,-107.51999511718759,636.4801269531249,604.806396484375,-450.2400878906251,-998.4000000000001,-296.5951904296876,-10.080010986328148,150.23994140624995,156.4287109375
1763688861.7688377,2,2,1,-0.3607244221520077,0.1062253190920111,-11.398002216278627,-0.010092878575476926,0.017438967312952653,-9.865722385611446e-05,312.4800048828124,146.40004882812502,187.4049316406249,-0.9599975585937273,306.2399841308594,399.5903808593748,-109.92001953125009,638.8800292968749,604.806396484375,-450.2400878906251,-996.0000976562501,-292.72318115234384,-7.679986572265648,147.84003906249995,152.556884765625
1763688861.9240074,2,2,1,-0.33008341160446364,0.12591914256915426,-11.276885853939362,-0.009069609491466468,0.017306129191190997,-0.0008346679649650468,314.8800292968749,144.00002441406252,191.2767578124999,-5.759985351562477,294.2399841308594,403.4624511718748,-109.92001953125009,636.4801269531249,608.678466796875,-440.6399902343751,-993.6001953125001,-273.36319580078134,-17.279992675781273,152.63996582031245,152.556884765625
1763688862.0382311,2,2,1,-0.019687688280045204,0.2855259063894249,-11.073712383264873,-0.0006254941412016032,0.00024931630095490626,-0.000588327823606732,300.4800048828124,141.60000000000002,199.0208984374999,-10.560003662109352,279.84002075195315,395.7183105468748,-107.51999511718759,646.0799804687499,616.42236328125,-423.8399414062501,-988.8001464843751,-246.25919189453134,-19.679986572265648,155.03999023437495,160.30078125
1763688862.5420728,2,2,1,0.24230850684623298,0.3435201341506978,-10.692498402476163,0.0021256076398425,-0.012229061259671856,-0.0004494245296417248,302.8800292968749,139.19997558593752,195.1488281249999,-5.759985351562477,267.84002075195315,403.4624511718748,-97.92001953125009,650.8800292968749,616.42236328125,-421.4400390625001,-984.0000976562501,-246.25919189453134,-19.679986572265648,150.23994140624995,168.044921875
1763688862.7394404,2,2,1,0.5676010982972817,0.6151478826329988,-10.385622833201456,0.015860372554122128,-0.02914022813124653,-0.0009346304215643465,295.6799560546874,134.40004882812502,199.0208984374999,-17.759985351562477,246.2399841308594,395.7183105468748,-93.12009277343759,653.2799316406249,631.910400390625,-395.0401367187501,-981.6001953125001,-211.4112304687501,-31.679986572265648,155.03999023437495,164.1728515625
1763688862.9268544,2,2,1,0.5935843529002904,0.5676789393012414,-10.275733396004837,0.01367197598758204,-0.03040553846640475,-0.0010575562262805237,288.4800048828124,132.00002441406252,202.8929687499999,-20.159979248046852,246.2399841308594,391.8462402343748,-93.12009277343759,646.0799804687499,635.782470703125,-404.6399902343751,-981.6001953125001,-223.0271972656251,-29.279992675781273,152.63996582031245,164.1728515625
1763688863.0373054,2,2,1,0.4341083749993423,0.5894904296893814,-10.4365876118942,0.01607616426413558,-0.022659269070850734,-0.00040019557547536495,290.8800292968749,129.60000000000002,199.0208984374999,-10.560003662109352,248.6400085449219,391.8462402343748,-93.12009277343759,641.2799316406249,620.29443359375,-404.6399902343751,-967.2000488281251,-219.15518798828134,-24.480004882812523,152.63996582031245,160.30078125
1763688863.1312466,2,2,1,0.36888776577791105,0.5379222883021506,-10.062952977572895,0.012869727560016263,-0.01881975789867004,-0.0004313651374955946,290.8800292968749,129.60000000000002,191.2767578124999,-15.359991455078102,246.2399841308594,387.9741699218748,-90.72006835937509,634.0799804687499,620.29443359375,-397.4400390625001,-955.2000488281251,-219.15518798828134,-29.279992675781273,152.63996582031245,160.30078125
1763688863.173785,2,2,1,0.3697286915421696,0.5306641200647788,-10.180755861744426,0.01261105572716862,-0.019496885915948205,-0.000552276194177368,281.2799316406249,122.40004882812502,199.0208984374999,-15.359991455078102,236.6400085449219,384.1025878906248,-90.72006835937509,634.0799804687499,616.42236328125,-395.0401367187501,-950.4000000000001,-215.2831787109376,-31.679986572265648,150.23994140624995,164.1728515625
1763688863.3345068,2,2,1,0.5342634302515987,0.7020308051970623,-9.148951687606587,0.022806962472697076,-0.02833666301496273,-0.0006261476076549295,266.8800292968749,120.00002441406252,195.1488281249999,-20.159979248046852,219.83999023437502,376.3584472656248,-88.32004394531259,610.0799804687499,600.934326171875,-385.4400390625001,-919.2000488281251,-188.1791748046876,-29.279992675781273,145.44001464843745,152.556884765625
1763688863.4281716,2,2,1,0.4839682549438598,0.6876215676545645,-8.65574756713539,0.02043663249669708,-0.023948967981911738,-0.0007705398621572762,264.4800048828124,115.19997558593752,202.8929687499999,-12.959997558593727,207.83999023437502,368.6143066406248,-83.51999511718759,602.8800292968749,597.0625,-371.0401367187501,-890.4000000000001,-176.5632080078126,-36.48000488281252,143.03999023437495,156.4287109375
1763688863.47122,2,2,1,0.5155327327389644,0.6734603876319607,-8.704546157248638,0.021007661834751595,-0.025345131269457716,-0.00023743878165006658,264.4800048828124,115.19997558593752,191.2767578124999,-17.759985351562477,203.04000244140627,364.7422363281248,-76.32004394531259,598.0799804687499,589.318359375,-366.2400878906251,-883.2000488281251,-172.69119873046884,-36.48000488281252,145.44001464843745,156.4287109375
1763688863.6303318,2,2,1,0.7276186203169323,0.7311562351747727,-7.202367927873972,0.026108862253961564,-0.038351728187478895,0.00015598069190438774,238.0799804687499,105.60000000000002,187.4049316406249,-17.759985351562477,176.6400085449219,345.3823730468748,-71.51999511718759,564.4801269531249,558.342529296875,-347.0401367187501,-825.6001953125001,-157.2032226562501,-34.08001098632815,133.44001464843745,144.812744140625
1763688863.7392569,2,2,1,0.5839111252872006,0.6751573836083689,-6.587118526459387,0.024719994364231737,-0.029931437630461456,-0.00040455724147872986,230.8800292968749,98.40004882812502,183.5328613281249,-17.759985351562477,159.83999023437502,318.2783691406248,-61.92001953125009,542.8800292968749,538.982421875,-323.0401367187501,-782.4000000000001,-137.84317626953134,-41.27999267578127,126.23994140624995,140.94091796875
1763688863.7668118,2,2,1,0.5719548200675996,0.7041475846530426,-6.632122004701248,0.025783088067080236,-0.030662096637192778,-0.0005749958523047828,233.2799316406249,98.40004882812502,179.6607910156249,-17.759985351562477,164.6400085449219,322.1504394531248,-61.92001953125009,538.0799804687499,523.494384765625,-327.8399414062501,-772.8001464843751,-149.4592041015626,-36.48000488281252,126.23994140624995,137.06884765625
1763688863.9260375,2,2,1,0.5506768853009838,0.567305025452247,-5.143390409488307,0.018892149886695693,-0.03066884592905695,-0.0008429944169667674,211.6799560546874,91.19997558593752,164.1727539062499,-17.759985351562477,131.04000244140627,283.4302246093748,-52.32004394531259,492.4801269531249,484.7744140625,-294.2400878906251,-703.2000488281251,-122.35520019531259,-36.48000488281252,109.44001464843745,129.32470703125
1763688863.969521,2,2,1,0.5569893147154401,0.5643857185657589,-5.192550007265025,0.019373914518036647,-0.03100886888799001,-0.00031102816540398335,202.0799804687499,81.60000000000002,156.4288574218749,-15.359991455078102,133.43999633789065,287.3022949218748,-54.72006835937509,485.2799316406249,477.030517578125,-294.2400878906251,-688.8001464843751,-122.35520019531259,-41.27999267578127,109.44001464843745,129.32470703125
1763688864.0631824,2,2,1,0.573150860010854,0.5782622030687181,-4.503677903243485,0.020033792942131024,-0.02975915117431735,0.0003278134498478551,194.8800292968749,79.19997558593752,148.6849609374999,-17.759985351562477,119.04000244140627,260.1982910156248,-42.72006835937509,456.4801269531249,446.054443359375,-267.8399414062501,-643.2000488281251,-110.73917236328134,-41.27999267578127,104.63996582031245,109.96484375
1763688864.1407053,2,2,1,0.5157043989532653,0.511853864952148,-3.760841899015529,0.019549938936321565,-0.03150955534743285,0.00012772034015519915,187.6799560546874,74.40004882812502,137.0687499999999,-17.759985351562477,111.83999023437502,248.58256835937482,-45.12009277343759,444.4801269531249,430.56640625,-258.2400878906251,-619.2000488281251,-110.73917236328134,-38.8799987792969,102.23994140624995,117.708740234375
1763688864.3311412,2,2,1,0.36157679705028706,0.36199501449661553,-2.6877354644060496,0.014356396890946532,-0.024022885187456194,-0.00019961245146676756,158.8800292968749,57.60000000000002,117.70888671874991,-15.359991455078102,85.43999633789065,202.11821289062482,-23.51999511718759,386.8800292968749,372.486328125,-212.6399902343751,-528.0000976562501,-91.37918701171884,-43.67998657226565,90.23994140624995,90.604736328125
1763688864.6283307,2,2,1,0.1907774048586829,0.18223008235498642,-1.3927713524891674,0.005310929606557978,-0.01736830152244044,7.0967130876635714e-06,132.4800048828124,33.60000000000002,86.73281249999991,-3.3599914550781023,63.83999023437502,159.52641601562482,-9.120092773437591,329.2799316406249,306.662353515625,-157.4400390625001,-410.4000000000001,-79.76322021484384,-43.67998657226565,68.63996582031245,82.86083984375
1763688864.9241886,2,2,1,0.17776915081754419,0.2140849393797909,-0.7259063984931782,0.004717022085710119,-0.01344678486867034,-0.00030641547586248303,108.48000488281241,19.200036621093773,75.11684570312491,1.4399963378906477,42.2399841308594,120.80620117187482,-9.120092773437591,274.0799804687499,252.454345703125,-131.0401367187501,-321.5999511718751,-68.14719238281259,-43.67998657226565,56.639965820312455,63.500732421875
1763688865.4444282,2,2,1,0.11637836402555538,0.13791528806586043,-0.26527642790175093,0.002340934113290661,-0.009423441114776403,-0.00037887945914150096,82.07998046874991,2.3999877929687727,48.01284179687491,13.439996337890648,27.839990234375023,85.95854492187482,5.279931640624909,214.0799804687499,205.990478515625,-102.24008789062509,-225.5999511718751,-60.40317382812509,-43.67998657226565,44.639965820312455,40.268798828125
1763688866.3262694,2,2,1,-0.08272346357922106,0.17921053150335942,0.28685078234970895,0.0023505052636550376,0.0024697885901488687,-0.0012760589605382761,60.48000488281241,-4.799963378906227,24.78090820312491,20.640008544921898,32.6400085449219,51.11040039062482,5.279931640624909,137.2800537109374,140.16650390625,-78.24008789062509,-136.8001464843751,-64.27518310546884,-26.879998779296898,37.440014648437455,24.78076171875
1763688866.5300877,2,2,1,-0.09443106401052832,0.08772514928255529,0.24492402030416804,0.00026074770083656996,0.0029148391725620903,-0.0005883281604635348,62.88002929687491,-9.600012207031227,24.78090820312491,23.040002441406273,27.839990234375023,47.23833007812482,7.679956054687409,132.4800048828124,136.29443359375,-78.24008789062509,-122.40000000000009,-68.14719238281259,-26.879998779296898,30.239941406249955,20.90869140625
1763688866.653177,2,2,1,0.1762978627375354,-0.5194112517417622,0.2880639018296806,-0.009784807772520686,-0.0034755906889718208,-0.0006445438422379606,58.07998046874991,-9.600012207031227,13.164941406249909,27.840020751953148,30.239984130859398,43.36625976562482,7.679956054687409,120.48000488281241,140.16650390625,-75.83994140625009,-117.59995117187509,-64.27518310546884,-34.08001098632815,30.239941406249955,13.164794921875
1763688866.7623863,2,2,1,0.3241313412152579,-0.4338562199721719,0.21663157261128566,-0.00940375157896285,-0.005147675577669273,-0.000364363122867467,60.48000488281241,-11.999975585937477,17.03676757812491,23.040002441406273,23.040002441406273,35.62236328124982,10.079980468749909,120.48000488281241,132.42236328125,-68.63999023437509,-110.40000000000009,-56.53122558593759,-26.879998779296898,27.840039062499955,20.90869140625
1763688866.8539975,2,2,1,-0.1308901023701226,0.2811674000419133,0.23949531063141005,0.0026684889515132732,0.002016437326828534,-0.000987655857231505,58.07998046874991,-16.799963378906227,17.03676757812491,25.439996337890648,27.839990234375023,35.62236328124982,7.679956054687409,125.28005371093741,128.550537109375,-68.63999023437509,-108.00009765625009,-60.40317382812509,-34.08001098632815,27.840039062499955,24.78076171875
1763688866.9476268,2,2,1,-0.6282113707855598,0.9078015873199649,0.2577920509922534,0.013690884535951409,0.010652983279120086,-0.0005142938174264502,58.07998046874991,-14.399999999999977,20.90883789062491,23.040002441406273,25.439996337890648,35.62236328124982,12.480004882812409,118.07998046874991,128.550537109375,-68.63999023437509,-103.20004882812509,-60.40317382812509,-31.679986572265648,30.239941406249955,17.036865234375
1763688867.0419145,2,2,1,-0.47205161045894706,0.6133252082906417,0.4108880985951811,0.010706171739171419,0.008588027008267692,-0.0004480802679853544,53.27993164062491,-19.199987792968727,9.292871093749909,18.240014648437523,25.439996337890648,24.006396484374818,12.480004882812409,115.67995605468741,120.806396484375,-61.44003906250009,-98.40000000000009,-64.27518310546884,-29.279992675781273,30.239941406249955,17.036865234375
1763688867.1385558,2,2,1,-0.25543647195721086,0.24590064745790044,0.37844118962783935,0.0032338094705752552,0.004705988489818317,-0.00046208276102732964,48.48000488281241,-19.199987792968727,9.292871093749909,23.040002441406273,20.640008544921898,31.750292968749818,10.079980468749909,106.07998046874991,120.806396484375,-61.44003906250009,-93.59995117187509,-60.40317382812509,-26.879998779296898,27.840039062499955,17.036865234375
1763688867.2481918,2,2,1,0.04783959697740796,-0.3150733586806534,0.3880912965618646,-0.00610825188164273,-0.001032792953390567,-0.0003749120966784348,50.88002929687491,-11.999975585937477,9.292871093749909,23.040002441406273,27.839990234375023,24.006396484374818,10.079980468749909,103.67995605468741,116.934326171875,-56.63999023437509,-91.20004882812509,-56.53122558593759,-31.679986572265648,25.440014648437455,13.164794921875
1763688867.3538396,2,2,1,0.0640068857666068,-0.4986887474878651,0.42606729455354114,-0.009425414074754383,-0.001469614624443627,-4.7164780680799016e-05,50.88002929687491,-19.199987792968727,5.420800781249909,23.040002441406273,25.439996337890648,24.006396484374818,7.679956054687409,101.28005371093741,116.934326171875,-61.44003906250009,-86.40000000000009,-56.53122558593759,-29.279992675781273,23.039990234374955,9.292724609375
1763688867.4469626,2,2,1,0.2398959494624654,-0.48402397911614475,0.368568262433171,-0.010122934945932197,-0.0044042858705440925,-0.0004645630479843438,48.48000488281241,-16.799963378906227,1.548730468749909,23.040002441406273,25.439996337890648,20.134326171874818,17.27993164062491,106.07998046874991,116.934326171875,-56.63999023437509,-84.00009765625009,-64.27518310546884,-29.279992675781273,23.039990234374955,9.292724609375
1763688867.5396445,2,2,1,-0.043767121245797125,0.30924467205003764,0.3778746465810538,0.004652473037927508,0.0009256684816544769,-0.00038546288651976584,46.07998046874991,-16.799963378906227,5.420800781249909,23.040002441406273,23.040002441406273,20.134326171874818,12.480004882812409,103.67995605468741,113.0625,-61.44003906250009,-86.40000000000009,-60.40317382812509,-24.480004882812523,25.440014648437455,9.292724609375
1763688867.649766,2,2,1,-0.15729661283452084,0.11881421335547192,0.3535264181826126,0.0013881073538348251,0.0020753289527327525,-0.00046900020648831474,48.48000488281241,-16.799963378906227,1.548730468749909,20.640008544921898,20.640008544921898,24.006396484374818,12.480004882812409,106.07998046874991,113.0625,-59.04013671875009,-81.59995117187509,-68.14719238281259,-26.879998779296898,27.840039062499955,5.4208984375
1763688867.8440506,2,2,1,-0.1303776377654236,0.08307008555595011,0.3334966667739013,0.0007551811291169946,0.0020277128860928554,-0.0006323016111697086,46.07998046874991,-21.600012207031227,-6.195166015625091,23.040002441406273,13.439996337890648,24.006396484374818,17.27993164062491,96.48000488281241,105.318359375,-51.83994140625009,-76.80014648437509,-64.27518310546884,-24.480004882812523,27.840039062499955,9.292724609375
1763688868.026961,2,2,1,-0.15885006222714418,0.11904473850748398,0.35511284609201654,0.0017201741742447962,0.0020977330863193085,-0.0007015351570669125,46.07998046874991,-16.799963378906227,1.548730468749909,25.439996337890648,20.640008544921898,12.390429687499818,14.879907226562409,96.48000488281241,105.318359375,-51.83994140625009,-76.80014648437509,-60.40317382812509,-24.480004882812523,20.639965820312455,1.548828125
1763688868.1349201,2,2,1,-0.14336009843598868,0.13015905986652013,0.4330117865697253,0.0003172577763410141,0.002418839805979019,-0.0009153763590478798,43.67995605468741,-19.199987792968727,-2.323095703125091,23.040002441406273,20.640008544921898,20.134326171874818,17.27993164062491,98.88002929687491,109.1904296875,-54.24008789062509,-72.00009765625009,-52.65921630859384,-29.279992675781273,27.840039062499955,-2.3232421875
1763688868.325608,2,2,1,-0.09734233840737716,0.12270295816046989,0.3855479584374175,0.0014270644452222014,0.001757349159388322,-0.001005405006886069,38.88002929687491,-14.399999999999977,-2.323095703125091,23.040002441406273,15.839990234375023,12.390429687499818,14.879907226562409,91.67995605468741,101.446533203125,-49.44003906250009,-69.59995117187509,-60.40317382812509,-26.879998779296898,20.639965820312455,5.4208984375
1763688868.5286086,2,2,1,-0.14783090447357503,0.15175295700761843,0.4041972171610245,0.0014903183222123315,0.0022829519795819937,-0.0010006278754003711,41.27993164062491,-19.199987792968727,-6.195166015625091,20.640008544921898,23.040002441406273,12.390429687499818,12.480004882812409,89.28005371093741,101.446533203125,-47.04013671875009,-74.40000000000009,-56.53122558593759,-26.879998779296898,25.440014648437455,5.4208984375
1763688868.6360142,2,2,1,-0.12191547660893215,0.13818720420578304,0.487691174189096,0.0014084127548202614,0.001699385850712375,-0.0012047853011260545,46.07998046874991,-19.199987792968727,5.420800781249909,23.040002441406273,20.640008544921898,12.390429687499818,14.879907226562409,91.67995605468741,97.574462890625,-49.44003906250009,-72.00009765625009,-60.40317382812509,-22.080010986328148,20.639965820312455,9.292724609375
1763688868.729953,2,2,1,-0.11224106433325703,0.11195548864273085,0.40043403759846624,0.000840368207405808,0.001971241867016982,-0.0008452143632880211,46.07998046874991,-21.600012207031227,-2.323095703125091,15.840020751953148,18.239984130859398,16.262255859374818,17.27993164062491,86.88002929687491,93.702392578125,-49.44003906250009,-72.00009765625009,-60.40317382812509,-24.480004882812523,20.639965820312455,-2.3232421875
1763688868.8429263,2,2,1,-0.11119445961885456,0.1417619474247975,0.43430527732482477,0.000926790009996714,0.0018675547040468514,-0.0008353855702539457,41.27993164062491,-19.199987792968727,-2.323095703125091,20.640008544921898,23.040002441406273,12.390429687499818,17.27993164062491,86.88002929687491,97.574462890625,-47.04013671875009,-64.80014648437509,-60.40317382812509,-24.480004882812523,20.639965820312455,5.4208984375
1763688868.930614,2,2,1,-0.1292639407667292,0.12154918144373783,0.452187123370803,0.0009214032507587739,0.002128631477738831,-0.0012179989135155229,41.27993164062491,-21.600012207031227,1.548730468749909,20.640008544921898,15.839990234375023,12.390429687499818,14.879907226562409,82.07998046874991,101.446533203125,-47.04013671875009,-67.20004882812509,-64.27518310546884,-29.279992675781273,25.440014648437455,-2.3232421875
1763688869.1327627,2,2,1,-0.1798175719234787,0.15080326185017756,0.42012228502692095,0.0009764692126627045,0.002645601372878088,-0.0009968467666317353,41.27993164062491,-23.999975585937477,-2.323095703125091,13.439996337890648,20.640008544921898,4.646289062499818,14.879907226562409,89.28005371093741,93.702392578125,-44.63999023437509,-62.40000000000009,-60.40317382812509,-24.480004882812523,18.239941406249955,-2.3232421875
1763688869.2268293,2,2,1,-0.13750683275181425,0.08677419994467073,0.3158990705739941,0.00043359748549177566,0.0022728585915679756,-0.0009529539137458876,0,0,0,0,0,0,0,0,0,0,0,0,0,0,0
1763688869.342899,2,2,1,-0.09496034487709942,0.12180632633456762,0.45046332380536835,0.00094135731957971,0.0018263665087517702,-0.0007497116740353489,38.88002929687491,-16.799963378906227,-6.195166015625091,23.040002441406273,18.239984130859398,8.518359374999818,10.079980468749909,84.48000488281241,93.702392578125,-47.04013671875009,-64.80014648437509,-60.40317382812509,-22.080010986328148,20.639965820312455,1.548828125
1763688869.4288535,2,2,1,-0.10322200861369973,0.13796655049355694,0.4854982500591067,0.0010797822557349036,0.0015293050261474535,-0.0009725790674128533,38.88002929687491,-14.399999999999977,1.548730468749909,20.640008544921898,15.839990234375023,8.518359374999818,14.879907226562409,77.28005371093741,97.574462890625,-42.24008789062509,-60.00009765625009,-60.40317382812509,-22.080010986328148,18.239941406249955,-2.3232421875
1763688869.9305828,2,2,1,-0.12483852545204796,0.116798564028773,0.35323413796000724,0.0017031985618153457,0.0023663365647975765,-0.0007022087078055117,36.48000488281241,-19.199987792968727,-6.195166015625091,18.240014648437523,18.239984130859398,8.518359374999818,17.27993164062491,79.67995605468741,85.95849609375,-39.83994140625009,-57.59995117187509,-60.40317382812509,-22.080010986328148,20.639965820312455,1.548828125
1763688870.2246501,2,2,1,-0.14975774043548024,0.08366738384364551,0.37036058826773655,0.0012603684763241516,0.0021201822852579834,-0.0010859439217760986,0,0,0,0,0,0,0,0,0,0,0,0,0,0,0
1763688870.334214,2,2,1,-0.12848695843415825,0.13179240875140869,0.38453139465487296,0.0008192601850384451,0.0020158858558223893,-0.0011653605964323977,36.48000488281241,-21.600012207031227,-2.323095703125091,20.640008544921898,18.239984130859398,-3.097607421875182,17.27993164062491,74.88002929687491,82.08642578125,-37.44003906250009,-57.59995117187509,-48.78720703125009,-31.679986572265648,18.239941406249955,-6.195068359375
1763688870.4282563,2,2,1,-0.1745623171418391,0.1078283670074312,0.3878838563974803,0.0012906351111170436,0.0024237300715494294,-0.0010032907400393755,36.48000488281241,-19.199987792968727,-13.939062500000091,15.840020751953148,20.640008544921898,4.646289062499818,17.27993164062491,77.28005371093741,82.08642578125,-44.63999023437509,-55.20004882812509,-52.65921630859384,-22.080010986328148,15.840039062499955,-2.3232421875
1763688870.5377305,2,2,1,-0.14807455092722904,0.11216627090394372,0.40323345797994364,0.001165562384915416,0.002288999382706286,-0.001077091879961175,34.07998046874991,-21.600012207031227,-13.939062500000091,18.240014648437523,23.040002441406273,4.646289062499818,14.879907226562409,72.48000488281241,89.83056640625,-42.24008789062509,-52.80014648437509,-56.53122558593759,-24.480004882812523,15.840039062499955,-2.3232421875
1763688870.6324682,2,2,1,-0.12917441174212374,0.11316190641327528,0.4356342803726123,0.0008495683825057738,0.0017533103256545382,-0.0013017546948393107,36.48000488281241,-21.600012207031227,-10.067236328125091,20.640008544921898,23.040002441406273,0.7744628906248181,17.27993164062491,72.48000488281241,89.83056640625,-39.83994140625009,-57.59995117187509,-56.53122558593759,-19.679986572265648,18.239941406249955,-2.3232421875
1763688870.6615074,2,2,1,-0.12063367683734195,0.10951672893336953,0.3504726580519826,0.000816168661980577,0.0014719504293189208,-0.0005502897467194036,36.48000488281241,-16.799963378906227,-10.067236328125091,18.240014648437523,23.040002441406273,4.646289062499818,17.27993164062491,70.07998046874991,82.08642578125,-37.44003906250009,-50.40000000000009,-52.65921630859384,-22.080010986328148,15.840039062499955,-6.195068359375
1763688870.8358655,2,2,1,-0.16492656535207856,0.10992200055184392,0.2670750471394394,0.0009453451288597217,0.003060978508600087,-0.00042259317132946014,31.67995605468741,-19.199987792968727,-10.067236328125091,23.040002441406273,15.839990234375023,-3.097607421875182,12.480004882812409,70.07998046874991,78.21435546875,-39.83994140625009,-50.40000000000009,-52.65921630859384,-22.080010986328148,18.239941406249955,-2.3232421875
1763688870.9271038,2,2,1,-0.14161857404084127,0.14697179598663918,0.42238287124490304,0.0019627408915058007,0.0023327146675744008,-0.0009134872747166194,36.48000488281241,-16.799963378906227,-13.939062500000091,23.040002441406273,18.239984130859398,0.7744628906248181,14.879907226562409,72.48000488281241,82.08642578125,-35.04013671875009,-52.80014648437509,-60.40317382812509,-22.080010986328148,15.840039062499955,-10.067138671875
1763688871.0361881,2,2,1,-0.1476783376019898,0.13428488182024728,0.40425335144607094,0.001355058965504674,0.001720290923559931,-0.0009216075924935102,36.48000488281241,-19.199987792968727,-13.939062500000091,18.240014648437523,15.839990234375023,0.7744628906248181,14.879907226562409,72.48000488281241,70.470458984375,-35.04013671875009,-50.40000000000009,-52.65921630859384,-26.879998779296898,18.239941406249955,-6.195068359375
1763688871.1313019,2,2,1,-0.12064463755341863,0.12840517486528955,0.33429617322689364,0.0009558766000024464,0.00166037032735603,-0.0008698040619971376,36.48000488281241,-19.199987792968727,-10.067236328125091,20.640008544921898,23.040002441406273,0.7744628906248181,14.879907226562409,67.67995605468741,74.342529296875,-35.04013671875009,-52.80014648437509,-60.40317382812509,-22.080010986328148,15.840039062499955,-6.195068359375
1763688871.2409062,2,2,1,-0.12068493532723706,0.11871623009129657,0.3336082772379323,0.0008861338632437802,0.001655834539794639,-0.0004785934739736077,31.67995605468741,-16.799963378906227,-13.939062500000091,15.840020751953148,18.239984130859398,-3.097607421875182,17.27993164062491,72.48000488281241,74.342529296875,-39.83994140625009,-48.00009765625009,-48.78720703125009,-22.080010986328148,15.840039062499955,-6.195068359375
1763688871.426862,2,2,1,-0.1396359429957422,0.09778252050622753,0.3513119705776479,0.0010512081688773896,0.0022014523269545476,-0.00039130150895558594,31.67995605468741,-21.600012207031227,-6.195166015625091,15.840020751953148,20.640008544921898,-3.097607421875182,17.27993164062491,67.67995605468741,78.21435546875,-35.04013671875009,-48.00009765625009,-52.65921630859384,-24.480004882812523,13.440014648437455,-6.195068359375
1763688871.5373888,2,2,1,-0.13232372215123622,0.12248503573675713,0.45433836498496016,0.0016116997432738941,0.002159616570837816,-0.0007451794676042066,31.67995605468741,-16.799963378906227,-13.939062500000091,18.240014648437523,18.239984130859398,0.7744628906248181,14.879907226562409,70.07998046874991,74.342529296875,-35.04013671875009,-48.00009765625009,-52.65921630859384,-24.480004882812523,15.840039062499955,-10.067138671875
1763688871.7370436,2,2,1,-0.13879147838364625,0.08756080962605389,0.43544435526400926,0.0008079805235105173,0.002119357079421326,-0.001143256409884413,26.88002929687491,-23.999975585937477,-13.939062500000091,20.640008544921898,18.239984130859398,-3.097607421875182,17.27993164062491,70.07998046874991,74.342529296875,-35.04013671875009,-45.59995117187509,-56.53122558593759,-22.080010986328148,20.639965820312455,-10.067138671875
1763688871.8288682,2,2,1,-0.15739632262235584,0.087814783805132,0.48784056938904596,0.0011578803634893923,0.0022911592424058004,-0.001122892985788149,31.67995605468741,-19.199987792968727,-17.81113281250009,18.240014648437523,20.640008544921898,0.7744628906248181,17.27993164062491,65.28005371093741,78.21435546875,-39.83994140625009,-48.00009765625009,-56.53122558593759,-19.679986572265648,13.440014648437455,-10.067138671875
1763688871.9361494,2,2,1,-0.1653338255424119,0.12110385899839676,0.36891248953487915,0.0012453951549343375,0.002792996919840778,-7.321535607075595e-05,31.67995605468741,-21.600012207031227,-17.81113281250009,15.840020751953148,18.239984130859398,-3.097607421875182,17.27993164062491,60.48000488281241,78.21435546875,-32.63999023437509,-43.20004882812509,-52.65921630859384,-22.080010986328148,15.840039062499955,-13.939208984375
1763688872.1381488,2,2,1,-0.14513281697043232,0.11004744785344389,0.4166917598333457,0.00048389873652167803,0.002625343860384636,-0.0008404726194255073,34.07998046874991,-19.199987792968727,-17.81113281250009,20.640008544921898,18.239984130859398,-3.097607421875182,12.480004882812409,62.88002929687491,66.598388671875,-37.44003906250009,-43.20004882812509,-56.53122558593759,-22.080010986328148,13.440014648437455,-13.939208984375
1763688872.1971796,2,2,1,-0.15359019117428419,0.10610293685933293,0.4333094243711574,0.00046997923798045406,0.002505470712237159,-0.0002869566493147606,34.07998046874991,-19.199987792968727,-13.939062500000091,23.040002441406273,18.239984130859398,-6.969677734375182,19.67995605468741,62.88002929687491,74.342529296875,-35.04013671875009,-43.20004882812509,-52.65921630859384,-24.480004882812523,15.840039062499955,-10.067138671875
1763688872.2917974,2,2,1,-0.1469644797711597,0.18103665166907174,0.3703128900869627,0.0015556932480308423,0.0023568918009240665,-0.0007804618795281403,29.27993164062491,-21.600012207031227,-13.939062500000091,15.840020751953148,18.239984130859398,-3.097607421875182,19.67995605468741,65.28005371093741,74.342529296875,-35.04013671875009,-43.20004882812509,-52.65921630859384,-22.080010986328148,13.440014648437455,-10.067138671875
1763688872.4374032,2,2,1,-0.11488758997634713,0.14275166381614887,0.5220970168985942,0.0017952905533875144,0.0018330170902799438,-0.0010348495539558899,31.67995605468741,-19.199987792968727,-13.939062500000091,18.240014648437523,20.640008544921898,-3.097607421875182,14.879907226562409,65.28005371093741,66.598388671875,-35.04013671875009,-40.80014648437509,-56.53122558593759,-22.080010986328148,13.440014648437455,-13.939208984375
1763688872.5311873,2,2,1,-0.13162237561756787,0.12268321526788484,0.3867609509236869,0.0014201918021670068,0.0020527025416455565,-0.0010047475727124372,34.07998046874991,-16.799963378906227,-13.939062500000091,15.840020751953148,20.640008544921898,-14.713574218750182,17.27993164062491,62.88002929687491,66.598388671875,-35.04013671875009,-45.59995117187509,-56.53122558593759,-19.679986572265648,11.039990234374955,-10.067138671875
1763688872.6382494,2,2,1,-0.09982327059259435,0.20330162819365294,0.4071789952429461,0.002766650346842572,0.0015968911232632952,-0.0008425644134884423,26.88002929687491,-19.199987792968727,-17.81113281250009,18.240014648437523,20.640008544921898,-3.097607421875182,14.879907226562409,62.88002929687491,74.342529296875,-39.83994140625009,-45.59995117187509,-60.40317382812509,-24.480004882812523,13.440014648437455,-13.939208984375
1763688872.7326736,2,2,1,-0.0989747460958021,0.141569887620567,0.3528948176407603,0.001912143093883567,0.002140609927004611,-0.0006256027385773308,36.48000488281241,-14.399999999999977,-6.195166015625091,20.640008544921898,18.239984130859398,4.646289062499818,12.480004882812409,65.28005371093741,74.342529296875,-35.04013671875009,-50.40000000000009,-60.40317382812509,-17.279992675781273,18.239941406249955,-10.067138671875
1763688872.778657,2,2,1,-0.10736420939227118,0.16530516064238537,0.43789981065115247,0.0021242725649906462,0.002410306637965888,-0.0007526548423918808,31.67995605468741,-16.799963378906227,-13.939062500000091,20.640008544921898,18.239984130859398,0.7744628906248181,14.879907226562409,67.67995605468741,78.21435546875,-42.24008789062509,-52.80014648437509,-56.53122558593759,-24.480004882812523,15.840039062499955,-10.067138671875
1763688872.9386923,2,2,1,-0.10116038066125,0.14742316808247538,0.29829723661299445,0.0006032561514436824,0.0015700609165340334,-0.0007296382544669763,38.88002929687491,-14.399999999999977,-13.939062500000091,23.040002441406273,15.839990234375023,4.646289062499818,17.27993164062491,72.48000488281241,82.08642578125,-44.63999023437509,-57.59995117187509,-56.53122558593759,-22.080010986328148,15.840039062499955,-2.3232421875
1763688873.1349397,2,2,1,-0.1241981863264187,0.04594354397700233,0.21083678801808273,-0.0009251653633893498,0.0010094146457878578,-0.0009931877189325385,48.48000488281241,-14.399999999999977,-2.323095703125091,25.439996337890648,25.439996337890648,16.262255859374818,12.480004882812409,91.67995605468741,89.83056640625,-51.83994140625009,-69.59995117187509,-64.27518310546884,-24.480004882812523,18.239941406249955,5.4208984375
1763688876.7397707,2,2,1,-0.13648671653061895,0.03989213424755317,0.22190647614492262,-0.002153949017107647,0.0023109485952737797,-0.0007591699955939615,38.88002929687491,-9.600012207031227,-10.067236328125091,18.240014648437523,27.839990234375023,8.518359374999818,10.079980468749909,77.28005371093741,70.470458984375,-42.24008789062509,-55.20004882812509,-68.14719238281259,-19.679986572265648,13.440014648437455,1.548828125
1763688876.8334029,2,2,1,-0.14874988020779084,0.0932319348695409,0.2599787455922408,-0.0008734809787261347,0.0028976900580783126,-0.0006662817567129547,36.48000488281241,-9.600012207031227,-13.939062500000091,18.240014648437523,25.439996337890648,8.518359374999818,17.27993164062491,72.48000488281241,78.21435546875,-35.04013671875009,-52.80014648437509,-60.40317382812509,-19.679986572265648,15.840039062499955,-10.067138671875
1763688876.92396,2,2,1,-0.1634479331577281,0.11865357456435308,0.24913504551744192,0.00067016208382244,0.0032293700722594867,-0.0005873066213544608,36.48000488281241,-16.799963378906227,-17.81113281250009,18.240014648437523,23.040002441406273,4.646289062499818,14.879907226562409,74.88002929687491,70.470458984375,-39.83994140625009,-52.80014648437509,-56.53122558593759,-22.080010986328148,13.440014648437455,-2.3232421875
1763688877.0353744,2,2,1,-0.1194629375409767,0.09787284532209369,0.2644229117862984,0.0003542904151860515,0.0018227205755237807,-0.0006601341643876771,0,0,0,0,0,0,0,0,0,0,0,0,0,0,0
1763688877.1300554,2,2,1,-0.08836042859057472,0.08920410862765288,0.44386499326752504,-0.000849313910527684,0.0020336606001640565,-0.0012261125629187937,31.67995605468741,-16.799963378906227,-17.81113281250009,20.640008544921898,23.040002441406273,0.7744628906248181,10.079980468749909,62.88002929687491,62.7265625,-37.44003906250009,-40.80014648437509,-60.40317382812509,-19.679986572265648,15.840039062499955,-10.067138671875
1763688877.2386546,2,2,1,-0.18067372917559255,0.13347852924557596,0.2859210592305745,0.0009738032841977686,0.0021691458180258007,-0.0007306476626718105,29.27993164062491,-19.199987792968727,-10.067236328125091,20.640008544921898,23.040002441406273,-10.841748046875182,12.480004882812409,62.88002929687491,66.598388671875,-32.63999023437509,-40.80014648437509,-52.65921630859384,-17.279992675781273,15.840039062499955,-17.811279296875
1763688877.3352787,2,2,1,-0.15746298626680155,0.12728686889804575,0.31962056765424196,0.001445213593838813,0.0024454729727348646,-0.000403341746356761,31.67995605468741,-14.399999999999977,-17.81113281250009,13.439996337890648,23.040002441406273,-3.097607421875182,17.27993164062491,60.48000488281241,62.7265625,-32.63999023437509,-38.40000000000009,-52.65921630859384,-22.080010986328148,15.840039062499955,-10.067138671875
1763688877.42557,2,2,1,-0.1980448829152502,0.14043556205561097,0.3192007490381138,0.0010377532497184627,0.0030663848186137854,-0.0004060691321162702,24.48000488281241,-14.399999999999977,-13.939062500000091,20.640008544921898,15.839990234375023,-6.969677734375182,14.879907226562409,58.07998046874991,58.8544921875,-30.24008789062509,-38.40000000000009,-52.65921630859384,-17.279992675781273,11.039990234374955,-13.939208984375
1763688877.5359583,2,2,1,-0.14131801055787038,0.08658094759672172,0.41930035362736306,0.001310730873528892,0.0026056505491476,-0.00044297919130377363,26.88002929687491,-19.199987792968727,-21.68320312500009,18.240014648437523,18.239984130859398,-3.097607421875182,17.27993164062491,55.67995605468741,58.8544921875,-32.63999023437509,-31.20004882812509,-52.65921630859384,-19.679986572265648,11.039990234374955,-17.811279296875
1763688877.6284444,2,2,1,-0.1372136516864361,0.106574833446054,0.41691523193085644,0.000635243779926038,0.0022750054638707635,-0.0005268187641214286,31.67995605468741,-21.600012207031227,-21.68320312500009,15.840020751953148,18.239984130859398,-10.841748046875182,17.27993164062491,55.67995605468741,58.8544921875,-32.63999023437509,-33.59995117187509,-56.53122558593759,-19.679986572265648,11.039990234374955,-10.067138671875
1763688877.9297063,2,2,1,-0.18178388697855807,0.09203589086595775,0.369165871762546,0.0008230252813191292,0.00266325999502242,-0.000775994203120591,29.27993164062491,-16.799963378906227,-17.81113281250009,20.640008544921898,23.040002441406273,0.7744628906248181,19.67995605468741,55.67995605468741,54.982421875,-27.83994140625009,-33.59995117187509,-56.53122558593759,-17.279992675781273,13.440014648437455,-10.067138671875
1763688878.0373962,2,2,1,-0.17630742256011728,0.10570759426009618,0.4392632621655024,0.0016135823040540351,0.0030152681977111497,-0.0012177444865818627,24.48000488281241,-23.999975585937477,-17.81113281250009,23.040002441406273,23.040002441406273,-10.841748046875182,17.27993164062491,53.28005371093741,47.238525390625,-30.24008789062509,-31.20004882812509,-52.65921630859384,-14.879998779296898,13.440014648437455,-17.811279296875
1763688878.2386644,2,2,1,-0.12226487590264086,0.11825323009749082,0.36835652541537817,0.0012266110636905093,0.0018662199214454186,-0.0004645965794049683,29.27993164062491,-16.799963378906227,-21.68320312500009,23.040002441406273,20.640008544921898,-10.841748046875182,12.480004882812409,50.88002929687491,54.982421875,-30.24008789062509,-31.20004882812509,-56.53122558593759,-19.679986572265648,11.039990234374955,-13.939208984375
1763688878.3340435,2,2,1,-0.12232709510857873,0.14634117718265366,0.3353156597860315,0.0014362842029404374,0.0022385239298514416,-0.0007124146219733886,26.88002929687491,-16.799963378906227,-17.81113281250009,18.240014648437523,18.239984130859398,-6.969677734375182,14.879907226562409,50.88002929687491,54.982421875,-27.83994140625009,-31.20004882812509,-56.53122558593759,-22.080010986328148,8.639965820312455,-17.811279296875
1763688878.4279048,2,2,1,-0.11962331542516444,0.14738768020253817,0.4518662413988662,0.0009760725353048707,0.0017556731370674877,-0.0009075525248773593,26.88002929687491,-23.999975585937477,-21.68320312500009,18.240014648437523,18.239984130859398,-6.969677734375182,22.07998046874991,50.88002929687491,58.8544921875,-32.63999023437509,-33.59995117187509,-56.53122558593759,-22.080010986328148,8.639965820312455,-21.68310546875
1763688878.6286156,2,2,1,-0.11933401601997214,0.10759511055904819,0.31531409777459773,0.0004453024931278947,0.001828977701771825,-0.0007987750946644534,24.48000488281241,-19.199987792968727,-25.55502929687509,18.240014648437523,18.239984130859398,-10.841748046875182,17.27993164062491,48.48000488281241,54.982421875,-25.44003906250009,-31.20004882812509,-52.65921630859384,-19.679986572265648,6.2399414062499545,-17.811279296875
1763688878.7401638,2,2,1,-0.15572612107368125,0.12632539817814126,0.47043183450059045,0.001131169806412685,0.0024524234090078216,-0.0010544041796453222,22.07998046874991,-21.600012207031227,-17.81113281250009,18.240014648437523,20.640008544921898,-10.841748046875182,17.27993164062491,50.88002929687491,54.982421875,-27.83994140625009,-26.40000000000009,-52.65921630859384,-22.080010986328148,8.639965820312455,-13.939208984375
1763688879.2364013,2,2,1,-0.148293001458193,0.11083128068370598,0.36889511500152194,0.0011463851753739126,0.002658063408377727,-0.0008546951682504824,24.48000488281241,-21.600012207031227,-21.68320312500009,18.240014648437523,15.839990234375023,-14.713574218750182,14.879907226562409,50.88002929687491,54.982421875,-25.44003906250009,-24.00009765625009,-56.53122558593759,-22.080010986328148,6.2399414062499545,-17.811279296875
1763688879.7364578,2,2,1,-0.13068195235805702,0.12399766386487407,0.3856620859460514,0.001282434301801384,0.0017508825610437352,-0.0003022911973575643,22.07998046874991,-21.600012207031227,-25.55502929687509,15.840020751953148,18.239984130859398,-14.713574218750182,17.27993164062491,46.07998046874991,47.238525390625,-20.63999023437509,-28.80014648437509,-52.65921630859384,-19.679986572265648,15.840039062499955,-21.68310546875
1763688879.8298366,2,2,1,-0.11133395186506877,0.12179055288303406,0.434206503044293,0.0007546009720923012,0.0018757620957409347,-0.0012253260778233273,22.07998046874991,-19.199987792968727,-21.68320312500009,20.640008544921898,18.239984130859398,-14.713574218750182,12.480004882812409,46.07998046874991,54.982421875,-25.44003906250009,-24.00009765625009,-52.65921630859384,-22.080010986328148,6.2399414062499545,-17.811279296875
1763688879.936259,2,2,1,-0.13177657971172166,0.10213699657029209,0.41956859336536856,0.0012629538568577187,0.0022454353880468525,-0.0009136838982279147,0,0,0,0,0,0,0,0,0,0,0,0,0,0,0
1763688880.0309405,2,2,1,-0.15867027222581545,0.14870507781629438,0.3558995163624,0.001962105948838633,0.0020940614823536283,-0.0007028052378963741,24.48000488281241,-16.799963378906227,-17.81113281250009,20.640008544921898,18.239984130859398,-10.841748046875182,14.879907226562409,43.67995605468741,51.1103515625,-20.63999023437509,-26.40000000000009,-52.65921630859384,-22.080010986328148,8.639965820312455,-13.939208984375
1763688880.2329054,2,2,1,-0.13395686179407318,0.09491707585593624,0.3877928679460622,0.0017111768808894244,0.0017959066386786173,-0.0005316186811097844,22.07998046874991,-26.399999999999977,-25.55502929687509,15.840020751953148,20.640008544921898,-18.585644531250182,17.27993164062491,46.07998046874991,47.238525390625,-25.44003906250009,-24.00009765625009,-56.53122558593759,-22.080010986328148,8.639965820312455,-17.811279296875
1763688880.326485,2,2,1,-0.14128949214257536,0.09615119134605013,0.4202436531559105,0.0013739328971922476,0.0026136421302380124,-0.0010686621161716116,0,0,0,0,0,0,0,0,0,0,0,0,0,0,0
1763688880.436739,2,2,1,-0.11130836594704306,0.13090467351902513,0.46780081577455634,0.0008392948014794798,0.0020648233381825583,-0.0011355324839591283,22.07998046874991,-19.199987792968727,-25.55502929687509,13.439996337890648,18.239984130859398,-14.713574218750182,19.67995605468741,46.07998046874991,47.238525390625,-20.63999023437509,-19.20004882812509,-56.53122558593759,-19.679986572265648,11.039990234374955,-17.811279296875
1763688880.531045,2,2,1,-0.11220197517365951,0.13177486172335934,0.35058492542299563,0.0009847471914131226,0.001964768930074507,-0.0009423158503682437,22.07998046874991,-21.600012207031227,-29.42709960937509,15.840020751953148,20.640008544921898,-18.585644531250182,17.27993164062491,43.67995605468741,47.238525390625,-18.24008789062509,-24.00009765625009,-56.53122558593759,-22.080010986328148,6.2399414062499545,-21.68310546875
1763688880.8391356,2,2,1,-0.13080681941280453,0.13202883589610703,0.4029811395567652,0.0013346470314945635,0.002136571093221976,-0.0009219524261746925,26.88002929687491,-21.600012207031227,-33.29916992187509,23.040002441406273,18.239984130859398,-22.457714843750182,19.67995605468741,41.28005371093741,43.366455078125,-20.63999023437509,-16.80014648437509,-60.40317382812509,-14.879998779296898,8.639965820312455,-21.68310546875
1763688880.9333155,2,2,1,-0.13973604275448767,0.09592066620592415,0.4186572252688163,0.001041866076814838,0.002591237996813436,-0.0008361271654202022,22.07998046874991,-21.600012207031227,-33.29916992187509,23.040002441406273,15.839990234375023,-14.713574218750182,14.879907226562409,46.07998046874991,47.238525390625,-20.63999023437509,-21.59995117187509,-44.91519775390634,-19.679986572265648,3.8400390624999545,-21.68310546875
1763688880.9773378,2,2,1,-0.15058637124964241,0.11176123297772611,0.35418303963938397,0.001653361641856871,0.002590767397699318,-0.0008578188433169642,19.67995605468741,-19.199987792968727,-29.42709960937509,18.240014648437523,18.239984130859398,-18.585644531250182,17.27993164062491,43.67995605468741,47.238525390625,-23.04013671875009,-24.00009765625009,-48.78720703125009,-19.679986572265648,8.639965820312455,-21.68310546875
1763688881.069126,2,2,1,-0.1488144713256267,0.11286569805010463,0.38693495471693956,0.0013404720310169378,0.002199299238484236,-0.0008476806042726488,22.07998046874991,-19.199987792968727,-25.55502929687509,15.840020751953148,15.839990234375023,-18.585644531250182,17.27993164062491,41.28005371093741,43.366455078125,-18.24008789062509,-21.59995117187509,-52.65921630859384,-19.679986572265648,11.039990234374955,-21.68310546875
1763688881.1649597,2,2,1,-0.09616844942019022,0.12421738831608359,0.5031741608832729,0.0013120010238070541,0.0012899909129007233,-0.0009641331869377404,22.07998046874991,-21.600012207031227,-25.55502929687509,15.840020751953148,15.839990234375023,-18.585644531250182,19.67995605468741,46.07998046874991,51.1103515625,-20.63999023437509,-21.59995117187509,-60.40317382812509,-17.279992675781273,8.639965820312455,-21.68310546875
1763688881.2730732,2,2,1,-0.12139724258337381,0.1374064964845807,0.3850092064976387,0.0012173497425388765,0.001951168467213849,-0.0005385396842618507,22.07998046874991,-21.600012207031227,-21.68320312500009,18.240014648437523,20.640008544921898,-18.585644531250182,17.27993164062491,41.28005371093741,47.238525390625,-23.04013671875009,-19.20004882812509,-56.53122558593759,-14.879998779296898,6.2399414062499545,-13.939208984375
1763688881.3807552,2,2,1,-0.13871502396819665,0.116613004367155,0.41893415227090447,0.001043594050131936,0.00229848959157108,-0.000916091966131416,14.880029296874909,-16.799963378906227,-29.42709960937509,15.840020751953148,20.640008544921898,-18.585644531250182,17.27993164062491,43.67995605468741,43.366455078125,-27.83994140625009,-19.20004882812509,-52.65921630859384,-19.679986572265648,6.2399414062499545,-29.42724609375
1763688881.5390651,2,2,1,-0.1278626682473302,0.10964915622453811,0.5175134577650553,0.0005037108880680528,0.0024949330201772786,-0.0012735513681382245,19.67995605468741,-23.999975585937477,-21.68320312500009,13.439996337890648,13.439996337890648,-18.585644531250182,19.67995605468741,41.28005371093741,43.366455078125,-23.04013671875009,-19.20004882812509,-48.78720703125009,-19.679986572265648,6.2399414062499545,-17.811279296875
1763688881.6616187,2,2,1,-0.16513893372520524,0.12220144724149887,0.403761639593545,0.0012514909388906495,0.002430844481184256,-0.0007645567407993505,19.67995605468741,-23.999975585937477,-33.29916992187509,20.640008544921898,23.040002441406273,-14.713574218750182,19.67995605468741,41.28005371093741,43.366455078125,-23.04013671875009,-24.00009765625009,-56.53122558593759,-17.279992675781273,6.2399414062499545,-13.939208984375
1763688881.8368502,2,2,1,-0.12391842503455212,0.116621900961105,0.4372882079937642,0.001549335792201987,0.002278409724598817,-0.0011419571866363941,17.27993164062491,-21.600012207031227,-25.55502929687509,13.439996337890648,11.040002441406273,-14.713574218750182,12.480004882812409,46.07998046874991,54.982421875,-20.63999023437509,-16.80014648437509,-52.65921630859384,-19.679986572265648,6.2399414062499545,-21.68310546875
1763688882.035697,2,2,1,-0.12239025823007718,0.10556742235968979,0.5194006085363101,0.0011510431038987304,0.002454995563803999,-0.0009569994917937099,19.67995605468741,-19.199987792968727,-29.42709960937509,11.040002441406273,18.239984130859398,-30.201611328125182,17.27993164062491,38.88002929687491,39.494384765625,-18.24008789062509,-21.59995117187509,-56.53122558593759,-17.279992675781273,6.2399414062499545,-13.939208984375
1763688882.1294127,2,2,1,-0.12323140035397252,0.08710768107522346,0.46958610717481364,0.0011518940452272819,0.0021820657698106557,-0.0011295882323540058,19.67995605468741,-21.600012207031227,-29.42709960937509,15.840020751953148,20.640008544921898,-14.713574218750182,14.879907226562409,43.67995605468741,43.366455078125,-18.24008789062509,-16.80014648437509,-52.65921630859384,-14.879998779296898,8.639965820312455,-21.68310546875
1763688882.2390075,2,2,1,-0.1503688259821092,0.12151681868816323,0.45527751557528195,0.001765643060613787,0.0025987458622891645,-0.0007438901158984217,19.67995605468741,-16.799963378906227,-29.42709960937509,15.840020751953148,18.239984130859398,-22.457714843750182,22.07998046874991,41.28005371093741,43.366455078125,-15.839941406250091,-16.80014648437509,-60.40317382812509,-19.679986572265648,3.8400390624999545,-17.811279296875
1763688882.3330433,2,2,1,-0.09258262565645789,0.16644906589640227,0.3718671419965532,0.0026264974374933295,0.002186701011001523,-0.0005397322190215825,22.07998046874991,-19.199987792968727,-33.29916992187509,18.240014648437523,18.239984130859398,-22.457714843750182,17.27993164062491,46.07998046874991,43.366455078125,-23.04013671875009,-24.00009765625009,-56.53122558593759,-19.679986572265648,8.639965820312455,-21.68310546875
1763688882.4279108,2,2,1,-0.06655126422117941,0.17261730567868727,0.4559706803397978,0.0027036994825891123,0.0016018390772011698,-0.0008228938110132541,0,0,0,0,0,0,0,0,0,0,0,0,0,0,0
1763688882.5372915,2,2,1,-0.155089021000367,0.14573480618779414,0.33570843499053127,0.0010777226010627813,0.002521840559121663,-0.0011826392477883596,17.27993164062491,-19.199987792968727,-29.42709960937509,18.240014648437523,20.640008544921898,-14.713574218750182,14.879907226562409,43.67995605468741,51.1103515625,-25.44003906250009,-28.80014648437509,-52.65921630859384,-14.879998779296898,6.2399414062499545,-17.811279296875
1763688882.63802,2,2,1,-0.13665218739694063,0.11593919366925706,0.2822701470357808,0.0004924316988329367,0.002350254206192176,-0.000967260254170652,29.27993164062491,-19.199987792968727,-21.68320312500009,11.040002441406273,18.239984130859398,-18.585644531250182,17.27993164062491,48.48000488281241,54.982421875,-25.44003906250009,-28.80014648437509,-52.65921630859384,-19.679986572265648,8.639965820312455,-13.939208984375
1763688882.8346193,2,2,1,-0.23301474314370177,0.05035185259027032,0.30177847162340893,0.00027260418265883757,0.003569380302829314,-0.0011110562798944885,29.27993164062491,-16.799963378906227,-17.81113281250009,23.040002441406273,23.040002441406273,4.646289062499818,12.480004882812409,58.07998046874991,62.7265625,-32.63999023437509,-40.80014648437509,-56.53122558593759,-19.679986572265648,11.039990234374955,-10.067138671875
1763688883.5370328,2,2,1,0.004550396746104676,0.17722937822213986,-0.2215566179153289,0.001903217216481473,-4.608827296419431e-05,-0.00036593719622967155,46.07998046874991,-2.3999999999999773,9.292871093749909,11.040002441406273,30.239984130859398,27.878466796874818,7.679956054687409,110.88002929687491,109.1904296875,-61.44003906250009,-105.59995117187509,-60.40317382812509,-26.879998779296898,23.039990234374955,9.292724609375
1763688883.6303096,2,2,1,-0.07076198777098372,0.18542041936129555,-0.38194650111001927,0.003226210981945034,0.0013630888062813103,-0.0010429015982126948,50.88002929687491,-2.3999999999999773,13.164941406249909,11.040002441406273,32.6400085449219,35.62236328124982,2.879907226562409,108.48000488281241,116.934326171875,-63.83994140625009,-124.80014648437509,-60.40317382812509,-26.879998779296898,23.039990234374955,1.548828125
1763688883.7386906,2,2,1,-0.13425803433957423,0.1751837439609702,-0.37665717532556586,0.003995131319789775,0.0010728612102550023,-0.00033283139757160087,50.88002929687491,-7.199987792968727,1.548730468749909,1.4399963378906477,25.439996337890648,39.49443359374982,5.279931640624909,118.07998046874991,120.806396484375,-71.04013671875009,-129.5999511718751,-56.53122558593759,-26.879998779296898,27.840039062499955,5.4208984375
1763688883.9267802,2,2,1,-0.10405668393091838,0.14991169828976084,-0.4609245535150729,0.004412346217876076,0.002322324099352874,-0.0009842320824435913,55.67995605468741,2.4414062522737368e-05,13.164941406249909,3.8400207519531477,37.43999633789065,43.36625976562482,10.079980468749909,127.67995605468741,132.42236328125,-75.83994140625009,-146.4000000000001,-60.40317382812509,-26.879998779296898,25.440014648437455,5.4208984375
1763688884.132132,2,2,1,-0.1002633698160299,0.19935109293559333,-0.5053601374126313,0.00599621357897406,0.0014512735339415029,-0.0005286491839548897,48.48000488281241,-2.3999999999999773,13.164941406249909,-0.9599975585937273,32.6400085449219,47.23833007812482,2.879907226562409,122.88002929687491,128.550537109375,-73.44003906250009,-151.2000488281251,-64.27518310546884,-29.279992675781273,27.840039062499955,20.90869140625
1763688884.3351085,2,2,1,-0.10981179091877166,0.17186967038217227,-0.5642960327009725,0.003883897528606738,0.0029076567562589966,-0.0009470542100600918,50.88002929687491,-2.3999999999999773,17.03676757812491,1.4399963378906477,30.239984130859398,39.49443359374982,7.679956054687409,122.88002929687491,128.550537109375,-73.44003906250009,-144.0000976562501,-64.27518310546884,-26.879998779296898,27.840039062499955,13.164794921875
1763688884.4266496,2,2,1,-0.08380476765235527,0.22305993947718486,-0.5449099043104967,0.004500273746483567,0.001090500634350134,-0.0007079332738397032,53.27993164062491,-2.3999999999999773,17.03676757812491,8.640008544921898,30.239984130859398,39.49443359374982,2.879907226562409,127.67995605468741,132.42236328125,-71.04013671875009,-141.5999511718751,-60.40317382812509,-26.879998779296898,27.840039062499955,13.164794921875
1763688884.5330718,2,2,1,-0.07286266318079317,0.14441600781466435,-0.3875821358401845,0.0015744836741317522,0.000228360096042933,-0.0003451324200560014,60.48000488281241,-2.3999999999999773,17.03676757812491,8.640008544921898,30.239984130859398,47.23833007812482,0.48000488281240905,132.4800048828124,132.42236328125,-78.24008789062509,-144.0000976562501,-60.40317382812509,-29.279992675781273,32.639965820312455,17.036865234375
1763688884.6269374,2,2,1,-0.03436388417866767,0.11872159290073186,-0.40803113706675687,0.0005331266706196476,-0.0013308689814773337,-0.0005898330969273131,58.07998046874991,2.4414062522737368e-05,17.03676757812491,11.040002441406273,32.6400085449219,43.36625976562482,2.879907226562409,139.6799560546874,132.42236328125,-75.83994140625009,-141.5999511718751,-64.27518310546884,-26.879998779296898,25.440014648437455,13.164794921875
1763688884.9404,2,2,1,-0.01758332294886869,0.1852603399063817,-0.44987924445461036,0.0030837437073760327,-0.0014541301084883993,-0.00044323612787310496,55.67995605468741,-7.199987792968727,20.90883789062491,11.040002441406273,27.839990234375023,43.36625976562482,7.679956054687409,134.8800292968749,132.42236328125,-68.63999023437509,-136.8001464843751,-68.14719238281259,-31.679986572265648,30.239941406249955,20.90869140625
1763688885.032481,2,2,1,-0.04806620083729318,0.15401161722998402,-0.3348990812297008,0.0020122718390682727,-0.001092947397248932,-0.0006384000175427955,60.48000488281241,-4.799963378906227,17.03676757812491,8.640008544921898,25.439996337890648,39.49443359374982,7.679956054687409,134.8800292968749,124.678466796875,-68.63999023437509,-134.4000000000001,-60.40317382812509,-29.279992675781273,32.639965820312455,13.164794921875
1763688885.236187,2,2,1,-0.0617074207455269,0.15693209938200225,-0.39829698856439505,0.0030065414439665256,-0.00021322860152105566,-0.000969416212762117,0,0,0,0,0,0,0,0,0,0,0,0,0,0,0
1763688885.4379318,2,2,1,-0.077929842813865,0.2044341637725995,-0.36438619409407735,0.0032378677092024907,0.0003865103944037302,-0.0005693343126128351,58.07998046874991,2.4414062522737368e-05,9.292871093749909,8.640008544921898,30.239984130859398,43.36625976562482,7.679956054687409,125.28005371093741,124.678466796875,-71.04013671875009,-136.8001464843751,-64.27518310546884,-31.679986572265648,30.239941406249955,20.90869140625
1763688885.6380565,2,2,1,-0.069770219435655,0.15010762439978817,-0.4165052299640082,0.0027791354167003247,0.0003153781224627793,-0.0006634249559250901,58.07998046874991,-7.199987792968727,17.03676757812491,-0.9599975585937273,27.839990234375023,43.36625976562482,5.279931640624909,127.67995605468741,128.550537109375,-73.44003906250009,-136.8001464843751,-64.27518310546884,-31.679986572265648,27.840039062499955,17.036865234375
1763688885.7315953,2,2,1,-0.0978615715190517,0.17249706087738714,-0.3462715315689159,0.0034709567801547102,0.0012294123744225303,-0.0007932881339714729,58.07998046874991,-4.799963378906227,17.03676757812491,11.040002441406273,32.6400085449219,43.36625976562482,7.679956054687409,130.0799804687499,124.678466796875,-71.04013671875009,-141.5999511718751,-64.27518310546884,-29.279992675781273,32.639965820312455,17.036865234375
1763688885.8396711,2,2,1,-0.06445857466488605,0.1486833013477949,-0.45516930088569063,0.0015867559687825425,0.0003361445245131379,-0.0004478010378909067,60.48000488281241,-4.799963378906227,20.90883789062491,8.640008544921898,30.239984130859398,47.23833007812482,2.879907226562409,132.4800048828124,132.42236328125,-75.83994140625009,-139.2000488281251,-64.27518310546884,-31.679986572265648,30.239941406249955,24.78076171875
1763688885.868169,2,2,1,-0.06445857466488605,0.1486833013477949,-0.45516930088569063,0.0015867559687825425,0.0003361445245131379,-0.0004478010378909067,60.48000488281241,-2.3999999999999773,9.292871093749909,8.640008544921898,32.6400085449219,51.11040039062482,7.679956054687409,132.4800048828124,132.42236328125,-75.83994140625009,-141.5999511718751,-60.40317382812509,-29.279992675781273,27.840039062499955,24.78076171875
1763688885.9759147,2,2,1,-0.053888439280250666,0.10303037385586805,-0.4414296722141158,0.0007055185767311668,0.00034202118113852315,-0.0009118812736021641,60.48000488281241,-4.799963378906227,13.164941406249909,15.840020751953148,32.6400085449219,51.11040039062482,5.279931640624909,139.6799560546874,128.550537109375,-71.04013671875009,-144.0000976562501,-64.27518310546884,-26.879998779296898,27.840039062499955,32.52490234375
1763688886.1367104,2,2,1,-0.0487261249924287,0.10480469732583617,-0.3267981734936912,-0.00024413954885569179,-0.00045468634618634006,-0.0008754448607984355,60.48000488281241,2.4414062522737368e-05,20.90883789062491,15.840020751953148,30.239984130859398,51.11040039062482,5.279931640624909,137.2800537109374,128.550537109375,-78.24008789062509,-146.4000000000001,-64.27518310546884,-29.279992675781273,30.239941406249955,24.78076171875
1763688886.1652436,2,2,1,-0.07321297043545519,0.1261710969729668,-0.39455950481033114,-0.00044208807274042977,0.0004921641781776114,-0.0010584137127420264,65.27993164062491,2.4414062522737368e-05,20.90883789062491,13.439996337890648,30.239984130859398,51.11040039062482,0.48000488281240905,139.6799560546874,132.42236328125,-75.83994140625009,-144.0000976562501,-72.01920166015634,-24.480004882812523,32.639965820312455,17.036865234375
1763688886.2593277,2,2,1,-0.029651888068536164,0.09270866006204392,-0.3976667199284595,-0.0008644096948224229,-0.00016880433525406983,-0.0007460845982910947,65.27993164062491,2.4414062522737368e-05,20.90883789062491,13.439996337890648,32.6400085449219,51.11040039062482,0.48000488281240905,139.6799560546874,132.42236328125,-71.04013671875009,-144.0000976562501,-64.27518310546884,-24.480004882812523,30.239941406249955,36.396728515625
1763688886.5297885,2,2,1,-0.07599165348970788,0.14849871652691685,-0.40842983918847653,0.00042484603749037906,0.0001407007244563001,-0.00043614779276737357,62.88002929687491,4.800012207031273,17.03676757812491,18.240014648437523,32.6400085449219,47.23833007812482,5.279931640624909,137.2800537109374,132.42236328125,-71.04013671875009,-139.2000488281251,-68.14719238281259,-26.879998779296898,30.239941406249955,24.78076171875
1763688886.6378598,2,2,1,-0.09433045365240236,0.10701288627782608,-0.3747818203004155,0.00024936237436083176,0.0007807702540316178,-0.000733735273338582,58.07998046874991,-2.3999999999999773,17.03676757812491,15.840020751953148,35.04000244140627,47.23833007812482,7.679956054687409,132.4800048828124,120.806396484375,-75.83994140625009,-139.2000488281251,-64.27518310546884,-24.480004882812523,30.239941406249955,17.036865234375
1763688886.7298875,2,2,1,-0.09768855190073061,0.1269392178879181,-0.3288512101008561,-0.0007612765686380087,0.0016386460212197199,-0.0008796519118074054,55.67995605468741,-4.799963378906227,13.164941406249909,18.240014648437523,30.239984130859398,35.62236328124982,5.279931640624909,120.48000488281241,116.934326171875,-66.24008789062509,-124.80014648437509,-64.27518310546884,-26.879998779296898,25.440014648437455,17.036865234375
1763688887.5388703,2,2,1,-0.5707876515058006,0.39672961499366965,0.2699275539815393,0.007711218797318132,0.008948619459284522,-0.00033550607702640366,29.27993164062491,-19.199987792968727,-10.067236328125091,15.840020751953148,11.040002441406273,-3.097607421875182,17.27993164062491,70.07998046874991,82.08642578125,-35.04013671875009,-60.00009765625009,-52.65921630859384,-26.879998779296898,15.840039062499955,-10.067138671875
1763688887.6293828,2,2,1,-0.4821261331453398,0.7830694752224188,0.35318787313724853,0.012743169146434422,0.007175692012779681,-0.0009440580669524416,29.27993164062491,-19.199987792968727,-13.939062500000091,15.840020751953148,20.640008544921898,-10.841748046875182,12.480004882812409,65.28005371093741,82.08642578125,-32.63999023437509,-48.00009765625009,-48.78720703125009,-24.480004882812523,18.239941406249955,-13.939208984375
1763688887.7264438,2,2,1,-0.397801576849234,0.5430435463769585,0.3504180863614483,0.008797151981453573,0.007919157162298922,-8.149123632288568e-05,31.67995605468741,-16.799963378906227,-13.939062500000091,23.040002441406273,20.640008544921898,0.7744628906248181,14.879907226562409,65.28005371093741,70.470458984375,-35.04013671875009,-48.00009765625009,-48.78720703125009,-22.080010986328148,13.440014648437455,-6.195068359375
1763688887.835022,2,2,1,0.1876420838655716,-0.40199977632166833,0.27745478835865905,-0.007476299273990609,-0.002822311043714589,5.51597601535505e-05,26.88002929687491,-23.999975585937477,-21.68320312500009,18.240014648437523,15.839990234375023,-6.969677734375182,14.879907226562409,60.48000488281241,58.8544921875,-30.24008789062509,-40.80014648437509,-52.65921630859384,-22.080010986328148,15.840039062499955,-13.939208984375
1763688887.9316242,2,2,1,-0.4881327301058077,0.6639574758311916,0.31138540191755126,0.010923478618613145,0.008425473637719057,-0.0003307087468673751,29.27993164062491,-21.600012207031227,-13.939062500000091,18.240014648437523,15.839990234375023,-10.841748046875182,14.879907226562409,53.28005371093741,58.8544921875,-32.63999023437509,-38.40000000000009,-52.65921630859384,-22.080010986328148,11.039990234374955,-10.067138671875
1763688888.042653,2,2,1,0.11067347282591772,-0.32565895130910294,0.41891560446561027,-0.006670152353438074,-0.00279124739554225,-0.0006007061875314267,24.48000488281241,-16.799963378906227,-13.939062500000091,15.840020751953148,18.239984130859398,-10.841748046875182,19.67995605468741,55.67995605468741,66.598388671875,-27.83994140625009,-36.00009765625009,-56.53122558593759,-19.679986572265648,15.840039062499955,-13.939208984375
1763688888.3369956,2,2,1,-0.1298501723544274,0.12207784752386378,0.5368060071801212,0.0011257701529567763,0.0020492855972399056,-0.0009523929957107183,24.48000488281241,-23.999975585937477,-25.55502929687509,20.640008544921898,18.239984130859398,-10.841748046875182,17.27993164062491,50.88002929687491,54.982421875,-27.83994140625009,-28.80014648437509,-56.53122558593759,-26.879998779296898,8.639965820312455,-17.811279296875
1763688888.6322868,2,2,1,-0.141746286945923,0.12711910244433874,0.4220286934246867,0.0017970925664886294,0.0023374662658905824,-0.0010689554454037353,19.67995605468741,-21.600012207031227,-17.81113281250009,15.840020751953148,13.439996337890648,-14.713574218750182,14.879907226562409,50.88002929687491,54.982421875,-30.24008789062509,-28.80014648437509,-56.53122558593759,-17.279992675781273,6.2399414062499545,-21.68310546875
1763688888.7389185,2,2,1,-0.13115380147616734,0.09183400518443766,0.38472050711588235,0.00100357284587975,0.002325422612642279,-0.0007699819067220997,24.48000488281241,-21.600012207031227,-21.68320312500009,15.840020751953148,18.239984130859398,-18.585644531250182,14.879907226562409,48.48000488281241,51.1103515625,-27.83994140625009,-28.80014648437509,-56.53122558593759,-24.480004882812523,8.639965820312455,-13.939208984375
1763688888.831846,2,2,1,-0.11269785912393197,0.1429233997162759,0.4022190778647756,0.001263527876550422,0.0016950660025002709,-0.0008455076926067952,0,0,0,0,0,0,0,0,0,0,0,0,0,0,0
1763688888.9398859,2,2,1,-0.1737467609370429,0.11717398764076176,0.40410404503064973,0.0012050903404872233,0.0025075986231246268,-0.0009204955934616268,22.07998046874991,-19.199987792968727,-17.81113281250009,15.840020751953148,13.439996337890648,-10.841748046875182,17.27993164062491,48.48000488281241,47.238525390625,-25.44003906250009,-28.80014648437509,-48.78720703125009,-17.279992675781273,6.2399414062499545,-13.939208984375
1763688888.967432,2,2,1,-0.1503806053358847,0.12139811769259287,0.45553291911545263,0.0017591023477572297,0.0026022016557748703,-0.0009783624527211286,22.07998046874991,-23.999975585937477,-17.81113281250009,15.840020751953148,18.239984130859398,-18.585644531250182,17.27993164062491,50.88002929687491,54.982421875,-30.24008789062509,-26.40000000000009,-52.65921630859384,-17.279992675781273,11.039990234374955,-17.811279296875
1763688889.1274502,2,2,1,-0.15646643145980046,0.15616240052821878,0.3871644347060504,0.0015269643505609607,0.0025366786449249217,-0.0006159257817112859,22.07998046874991,-19.199987792968727,-21.68320312500009,13.439996337890648,18.239984130859398,-18.585644531250182,14.879907226562409,48.48000488281241,47.238525390625,-20.63999023437509,-26.40000000000009,-48.78720703125009,-24.480004882812523,11.039990234374955,-10.067138671875
1763688889.2486014,2,2,1,-0.1465967373399881,0.10189069797119257,0.40172534471437904,0.0007441306888821392,0.002272426841837951,-0.0011567633515110465,22.07998046874991,-23.999975585937477,-21.68320312500009,13.439996337890648,13.439996337890648,-22.457714843750182,14.879907226562409,48.48000488281241,54.982421875,-27.83994140625009,-26.40000000000009,-48.78720703125009,-22.080010986328148,8.639965820312455,-21.68310546875
1763688889.3437421,2,2,1,-0.13861095642213156,0.1636560383406202,0.4701233818047581,0.0014355138093400683,0.0028626561754392594,-0.000978285008856453,22.07998046874991,-21.600012207031227,-21.68320312500009,15.840020751953148,13.439996337890648,-14.713574218750182,17.27993164062491,43.67995605468741,47.238525390625,-23.04013671875009,-21.59995117187509,-52.65921630859384,-19.679986572265648,8.639965820312455,-25.55517578125
1763688889.532149,2,2,1,-0.14632953217598332,0.14171478606158477,0.40217829681482337,0.0010819680518583214,0.002259467851717436,-0.0006113546732340663,22.07998046874991,-19.199987792968727,-25.55502929687509,18.240014648437523,15.839990234375023,-14.713574218750182,22.07998046874991,43.67995605468741,51.1103515625,-18.24008789062509,-21.59995117187509,-52.65921630859384,-22.080010986328148,13.440014648437455,-17.811279296875
1763688889.7340896,2,2,1,-0.1375183087629414,0.0849456661130347,0.43344761528860654,0.0004455247344116462,0.002664365600249285,-0.001145209912682926,24.48000488281241,-16.799963378906227,-29.42709960937509,18.240014648437523,20.640008544921898,-18.585644531250182,12.480004882812409,38.88002929687491,51.1103515625,-18.24008789062509,-21.59995117187509,-52.65921630859384,-22.080010986328148,3.8400390624999545,-21.68310546875
1763688889.8296468,2,2,1,-0.15039238469249278,0.12127941669634165,0.4557883226558274,0.0017525616348919326,0.002605657449286609,-0.0012128347896545684,22.07998046874991,-21.600012207031227,-29.42709960937509,13.439996337890648,15.839990234375023,-18.585644531250182,19.67995605468741,41.28005371093741,43.366455078125,-23.04013671875009,-19.20004882812509,-48.78720703125009,-17.279992675781273,6.2399414062499545,-21.68310546875
1763688889.9353116,2,2,1,-0.1480363670467858,0.14040623947210185,0.4201404787962202,0.0014030455781594577,0.0026595689363543467,-0.000837867927991016,19.67995605468741,-21.600012207031227,-29.42709960937509,13.439996337890648,13.439996337890648,-22.457714843750182,17.27993164062491,43.67995605468741,39.494384765625,-20.63999023437509,-16.80014648437509,-52.65921630859384,-19.679986572265648,8.639965820312455,-13.939208984375
1763688890.0282164,2,2,1,-0.14674037068189277,0.09159360860228337,0.38374057546405127,0.0006680697039298932,0.002450695170207311,-0.0005371182390752943,22.07998046874991,-21.600012207031227,-25.55502929687509,15.840020751953148,18.239984130859398,-26.329541015625182,19.67995605468741,43.67995605468741,43.366455078125,-20.63999023437509,-19.20004882812509,-52.65921630859384,-14.879998779296898,8.639965820312455,-17.811279296875
1763688890.228233,2,2,1,-0.14816571717262114,0.0825392520364229,0.4526500777000023,0.0009448999510874689,0.0022943923251319475,-0.0008232521415233581,22.07998046874991,-16.799963378906227,-25.55502929687509,15.840020751953148,13.439996337890648,-22.457714843750182,17.27993164062491,41.28005371093741,47.238525390625,-20.63999023437509,-24.00009765625009,-52.65921630859384,-22.080010986328148,8.639965820312455,-25.55517578125
1763688890.3443031,2,2,1,-0.13888221601463854,0.10607851298150997,0.4014601901000797,0.0009544516392594449,0.0024836695068871017,-0.0007653915272970341,19.67995605468741,-21.600012207031227,-29.42709960937509,18.240014648437523,13.439996337890648,-14.713574218750182,17.27993164062491,43.67995605468741,47.238525390625,-20.63999023437509,-16.80014648437509,-56.53122558593759,-22.080010986328148,6.2399414062499545,-25.55517578125
1763688890.429063,2,2,1,-0.14121385634140673,0.10619623913366918,0.42016533852648696,0.0014632977727290224,0.0026078105376357514,-0.000756455693913491,22.07998046874991,-21.600012207031227,-29.42709960937509,15.840020751953148,18.239984130859398,-22.457714843750182,14.879907226562409,41.28005371093741,43.366455078125,-23.04013671875009,-16.80014648437509,-52.65921630859384,-22.080010986328148,6.2399414062499545,-25.55517578125
1763688890.839186,2,2,1,-0.14470929385830722,0.15186673085259583,0.36811794462835,0.000811233588347484,0.0020536182579017318,-0.0010165621560753008,19.67995605468741,-21.600012207031227,-29.42709960937509,15.840020751953148,18.239984130859398,-22.457714843750182,14.879907226562409,36.48000488281241,43.366455078125,-20.63999023437509,-14.400000000000091,-48.78720703125009,-17.279992675781273,6.2399414062499545,-25.55517578125
1763688890.9308832,2,2,1,-0.13945291715420774,0.12618915014992424,0.4367407688001854,0.001290116099944625,0.002404762276643464,-0.0010658317703326977,17.27993164062491,-19.199987792968727,-37.17124023437509,15.840020751953148,18.239984130859398,-18.585644531250182,19.67995605468741,38.88002929687491,39.494384765625,-20.63999023437509,-16.80014648437509,-56.53122558593759,-17.279992675781273,3.8400390624999545,-21.68310546875
1763688890.9603589,2,2,1,-0.18375676591927848,0.13246714872640863,0.4058762491034868,0.0016694863132882577,0.0025950937132064,-0.0006845565525048398,17.27993164062491,-21.600012207031227,-21.68320312500009,13.439996337890648,18.239984130859398,-18.585644531250182,17.27993164062491,38.88002929687491,39.494384765625,-15.839941406250091,-16.80014648437509,-48.78720703125009,-14.879998779296898,6.2399414062499545,-13.939208984375
1763688891.1349847,2,2,1,-0.14649469700687703,0.14005701332304993,0.4188094544496337,0.0010644380447298132,0.00264062059637397,-0.0008398053140942392,17.27993164062491,-21.600012207031227,-29.42709960937509,13.439996337890648,20.640008544921898,-26.329541015625182,17.27993164062491,36.48000488281241,43.366455078125,-15.839941406250091,-19.20004882812509,-56.53122558593759,-14.879998779296898,3.8400390624999545,-17.811279296875
1763688891.2285426,2,2,1,-0.15367557912808963,0.10481590670934537,0.46774826235591616,0.00044568605312041783,0.002710730927844144,-0.0012127864879917952,12.480004882812409,-21.600012207031227,-29.42709960937509,15.840020751953148,18.239984130859398,-22.457714843750182,14.879907226562409,36.48000488281241,39.494384765625,-18.24008789062509,-19.20004882812509,-52.65921630859384,-14.879998779296898,6.2399414062499545,-21.68310546875
1763688891.338301,2,2,1,-0.1562141939634366,0.10542717646350833,0.3345665231010163,0.0009234277284333041,0.002812428975500447,-0.0007891979439206301,19.67995605468741,-19.199987792968727,-29.42709960937509,13.439996337890648,18.239984130859398,-22.457714843750182,17.27993164062491,34.07998046874991,43.366455078125,-18.24008789062509,-14.400000000000091,-52.65921630859384,-17.279992675781273,6.2399414062499545,-25.55517578125
1763688891.4340122,2,2,1,-0.11414887817938163,0.1521826649704632,0.4878585120067267,0.001695017154594033,0.0019117085101086459,-0.0009701517284896999,19.67995605468741,-19.199987792968727,-25.55502929687509,18.240014648437523,18.239984130859398,-22.457714843750182,17.27993164062491,36.48000488281241,39.494384765625,-18.24008789062509,-16.80014648437509,-52.65921630859384,-12.480004882812523,6.2399414062499545,-29.42724609375
1763688891.5267723,2,2,1,-0.15479941822200316,0.10423240370253653,0.31644943257106006,0.0005654205208522043,0.002983196338444445,-0.0010316454794417353,19.67995605468741,-21.600012207031227,-33.29916992187509,13.439996337890648,15.839990234375023,-22.457714843750182,22.07998046874991,38.88002929687491,35.62255859375,-20.63999023437509,-16.80014648437509,-52.65921630859384,-17.279992675781273,6.2399414062499545,-25.55517578125
1763688891.6338806,2,2,1,-0.1632685717712475,0.10016919170936929,0.33332250063845015,0.000544960309430567,0.0028667789838140107,-0.0007126018458650318,14.880029296874909,-23.999975585937477,-29.42709960937509,13.439996337890648,15.839990234375023,-18.585644531250182,17.27993164062491,38.88002929687491,39.494384765625,-18.24008789062509,-19.20004882812509,-56.53122558593759,-17.279992675781273,8.639965820312455,-21.68310546875
1763688891.6778903,2,2,1,-0.13880537160685044,0.10599313244944045,0.4519188836322764,0.0009691802673072148,0.0024888466388423335,-0.0007472942062628724,17.27993164062491,-23.999975585937477,-29.42709960937509,13.439996337890648,18.239984130859398,-30.201611328125182,22.07998046874991,36.48000488281241,31.75048828125,-18.24008789062509,-16.80014648437509,-52.65921630859384,-12.480004882812523,6.2399414062499545,-25.55517578125
1763688891.8318624,2,2,1,-0.11309489107328356,0.10179764186709304,0.4176310727711042,0.0009277826449994283,0.002078810356966937,-0.0009159500014096178,24.48000488281241,-19.199987792968727,-29.42709960937509,13.439996337890648,18.239984130859398,-26.329541015625182,12.480004882812409,38.88002929687491,31.75048828125,-23.04013671875009,-16.80014648437509,-56.53122558593759,-14.879998779296898,1.4400146484374545,-13.939208984375
1763688891.8619413,2,2,1,-0.14657033281597664,0.13001196556331102,0.418887769080037,0.0009750731694198661,0.002646452189041966,-0.001152011736311231,19.67995605468741,-21.600012207031227,-29.42709960937509,13.439996337890648,20.640008544921898,-18.585644531250182,17.27993164062491,34.07998046874991,39.494384765625,-18.24008789062509,-14.400000000000091,-56.53122558593759,-19.679986572265648,3.8400390624999545,-25.55517578125
1763688891.9559255,2,2,1,-0.12110643123286301,0.08577366573206342,0.41628721222995313,0.0006304114152893227,0.002423532971590468,-0.00068165501726324,14.880029296874909,-19.199987792968727,-25.55502929687509,15.840020751953148,13.439996337890648,-26.329541015625182,17.27993164062491,38.88002929687491,43.366455078125,-18.24008789062509,-14.400000000000091,-48.78720703125009,-17.279992675781273,8.639965820312455,-25.55517578125
1763688892.0390828,2,2,1,-0.15742311713874765,0.08883109149126206,0.4037092485170604,0.0011478227814954614,0.0020910892755598826,-0.0009185774783559621,19.67995605468741,-19.199987792968727,-25.55502929687509,13.439996337890648,18.239984130859398,-18.585644531250182,17.27993164062491,34.07998046874991,31.75048828125,-20.63999023437509,-19.20004882812509,-52.65921630859384,-17.279992675781273,6.2399414062499545,-29.42724609375
1763688892.1360743,2,2,1,-0.13322678015718317,0.13040340877092524,0.48877613911712925,0.0018406917856919475,0.0026470420003504164,-0.0011233699127547086,19.67995605468741,-19.199987792968727,-29.42709960937509,13.439996337890648,18.239984130859398,-22.457714843750182,17.27993164062491,38.88002929687491,43.366455078125,-20.63999023437509,-12.000097656250091,-60.40317382812509,-17.279992675781273,6.2399414062499545,-21.68310546875
1763688892.240678,2,2,1,-0.1271263736660721,0.1393410139869792,0.38220093651599535,0.0005527099840477849,0.0025516069905608648,-0.0006206353403200656,17.27993164062491,-19.199987792968727,-29.42709960937509,13.439996337890648,20.640008544921898,-22.457714843750182,17.27993164062491,36.48000488281241,43.366455078125,-20.63999023437509,-16.80014648437509,-52.65921630859384,-19.679986572265648,3.8400390624999545,-25.55517578125
1763688892.335391,2,2,1,-0.14907080240212228,0.0815809064290328,0.4529827320509695,0.0011022795899530838,0.0025858449255079336,-0.0008222915068222939,12.480004882812409,-19.199987792968727,-29.42709960937509,15.840020751953148,15.839990234375023,-22.457714843750182,17.27993164062491,36.48000488281241,35.62255859375,-18.24008789062509,-14.400000000000091,-48.78720703125009,-19.679986572265648,6.2399414062499545,-17.811279296875
1763688892.4285238,2,2,1,-0.13921008930670647,0.14676868930289366,0.4541364163445146,0.0014686233861858672,0.0022137507686940845,-0.0009043257870678218,17.27993164062491,-21.600012207031227,-33.29916992187509,18.240014648437523,13.439996337890648,-30.201611328125182,19.67995605468741,38.88002929687491,39.494384765625,-23.04013671875009,-14.400000000000091,-52.65921630859384,-17.279992675781273,6.2399414062499545,-29.42724609375
1763688892.7354743,2,2,1,-0.08186234069902792,0.12358891982867104,0.28458888891733736,0.0017592731821781983,0.001607899165035552,-0.0003365739701976264,22.07998046874991,-21.600012207031227,-25.55502929687509,11.040002441406273,18.239984130859398,-22.457714843750182,17.27993164062491,43.67995605468741,43.366455078125,-27.83994140625009,-24.00009765625009,-48.78720703125009,-19.679986572265648,6.2399414062499545,-17.811279296875
1763688892.8422096,2,2,1,-0.08058417213092882,0.194573196413659,0.20238615022691442,0.002145442245548498,0.001113569176773793,-0.0005269698475115626,24.48000488281241,-21.600012207031227,-13.939062500000091,13.439996337890648,18.239984130859398,-10.841748046875182,17.27993164062491,53.28005371093741,62.7265625,-27.83994140625009,-33.59995117187509,-52.65921630859384,-19.679986572265648,11.039990234374955,-13.939208984375
1763688893.3313348,2,2,1,-0.12569649536662558,0.037028926125185206,-0.22711603279292888,-0.0009441457331105896,0.001056565772429601,-0.00028890989997402386,58.07998046874991,-7.199987792968727,1.548730468749909,23.040002441406273,27.839990234375023,31.750292968749818,7.679956054687409,108.48000488281241,101.446533203125,-59.04013671875009,-98.40000000000009,-72.01920166015634,-24.480004882812523,20.639965820312455,24.78076171875
1763688893.8301039,2,2,1,-0.0395383703326372,0.22196114275826456,-0.42835047348533234,0.004379507661054907,-0.00031054619488449795,-0.000589098005022197,53.27993164062491,-7.199987792968727,13.164941406249909,6.240014648437523,25.439996337890648,43.36625976562482,7.679956054687409,125.28005371093741,132.42236328125,-73.44003906250009,-144.0000976562501,-56.53122558593759,-29.279992675781273,30.239941406249955,13.164794921875
1763688894.0335913,2,2,1,-0.033699520497585275,0.24899552803002184,-0.6528735313852978,0.0070631369881289955,-0.0013789427823700134,-0.00050385277353843,50.88002929687491,-4.799963378906227,24.78090820312491,-3.3599914550781023,27.839990234375023,43.36625976562482,2.879907226562409,132.4800048828124,147.910400390625,-71.04013671875009,-153.5999511718751,-48.78720703125009,-31.679986572265648,30.239941406249955,13.164794921875
1763688894.1427357,2,2,1,-0.1029803566881599,0.25859340668557845,-0.6787840528180245,0.008949078617599134,0.00102271767602165,-0.0005047975963691078,50.88002929687491,-2.3999999999999773,32.52480468749991,-5.759985351562477,23.040002441406273,39.49443359374982,10.079980468749909,142.0799804687499,159.5263671875,-73.44003906250009,-168.0000976562501,-52.65921630859384,-34.08001098632815,35.039990234374955,9.292724609375
1763688894.2353492,2,2,1,-0.005386270289027592,0.34485643460253573,-0.8084299957109284,0.010996548830372151,-0.001132804725000869,-0.00015984193119737429,55.67995605468741,2.4414062522737368e-05,24.78090820312491,-8.159979248046852,30.239984130859398,54.98247070312482,2.879907226562409,149.2800537109374,155.654541015625,-78.24008789062509,-180.0000976562501,-52.65921630859384,-31.679986572265648,35.039990234374955,17.036865234375
1763688894.328543,2,2,1,-0.07249786613351455,0.24298470530292307,-1.0217587665921584,0.007559056698336277,0.0007892862586436691,-0.0001631433033387192,58.07998046874991,-2.3999999999999773,32.52480468749991,-8.159979248046852,30.239984130859398,54.98247070312482,5.279931640624909,158.8800292968749,167.2705078125,-83.04013671875009,-194.4000000000001,-56.53122558593759,-36.48000488281252,42.239941406249955,24.78076171875
1763688894.6410372,2,2,1,0.09118912850613484,0.249297196708779,-1.458931893821208,0.007729591764359308,-0.005632275513252899,-8.689113671985483e-05,82.07998046874991,12.000024414062523,44.14077148437491,-5.759985351562477,37.43999633789065,85.95854492187482,-1.920019531250091,202.0799804687499,194.37451171875,-107.04013671875009,-254.4000000000001,-72.01920166015634,-31.679986572265648,42.239941406249955,40.268798828125
1763688894.735081,2,2,1,0.06321090534937265,0.26482405800840203,-1.7171571821203022,0.006268299438158282,-0.0046138032279649105,0.0004389501221803385,89.27993164062491,19.200036621093773,44.14077148437491,-0.9599975585937273,49.43999633789065,97.57426757812482,-1.920019531250091,211.6800781249999,190.50244140625,-116.63999023437509,-268.8001464843751,-79.76322021484384,-31.679986572265648,44.639965820312455,40.268798828125
1763688894.8296564,2,2,1,0.004040782785870986,0.19459168434892082,-1.8073341115254742,0.004943258652770583,-0.00037240866582176,9.565491780543493e-05,91.67995605468741,19.200036621093773,44.14077148437491,-0.9599975585937273,49.43999633789065,93.70219726562482,-6.720068359375091,211.6800781249999,198.246337890625,-116.63999023437509,-266.4000000000001,-79.76322021484384,-29.279992675781273,44.639965820312455,48.0126953125
1763688895.033222,2,2,1,-0.03832893623491332,0.19644426528659323,-1.7438257157633297,0.0031208868052662736,-0.0010537009529429874,-0.00035879991681538726,94.07998046874991,21.600000000000023,40.26894531249991,-0.9599975585937273,51.83999023437502,109.19047851562482,-6.720068359375091,211.6800781249999,198.246337890625,-111.83994140625009,-268.8001464843751,-75.89121093750009,-29.279992675781273,47.039990234374955,36.396728515625
1763688895.139921,2,2,1,-0.06463906544452522,0.17605114613578823,-1.6605094169048775,0.0029571275232344145,0.0004976335681609444,-0.0005620195400017,86.88002929687491,24.000024414062523,48.01284179687491,1.4399963378906477,54.2399841308594,101.44633789062482,0.48000488281240905,209.2799316406249,194.37451171875,-116.63999023437509,-261.5999511718751,-83.63522949218759,-29.279992675781273,47.039990234374955,36.396728515625
1763688895.1701062,2,2,1,-0.04974439412910586,0.16904517836983268,-1.7436057348606413,0.003400598942412232,-0.00010820479190605786,3.60919737665763e-05,86.88002929687491,19.200036621093773,44.14077148437491,-3.3599914550781023,51.83999023437502,101.44633789062482,-6.720068359375091,211.6800781249999,202.118408203125,-114.24008789062509,-271.2000488281251,-83.63522949218759,-29.279992675781273,39.840039062499955,40.268798828125
1763688895.330477,2,2,1,-0.10909629964514517,0.18079007284009196,-1.6749981820258433,0.003325508440464658,0.0010656619562758479,-0.0001747226262365847,91.67995605468741,24.000024414062523,40.26894531249991,-5.759985351562477,51.83999023437502,97.57426757812482,-4.320043945312591,206.8800292968749,190.50244140625,-114.24008789062509,-268.8001464843751,-75.89121093750009,-29.279992675781273,44.639965820312455,44.140869140625
1763688895.4381003,2,2,1,-0.026247592654730673,0.18056240611101348,-1.655764119924115,0.0042092532711339795,-0.0017865395461559705,-8.690276279708963e-06,86.88002929687491,16.800012207031273,51.88491210937491,-5.759985351562477,49.43999633789065,97.57426757812482,-1.920019531250091,214.0799804687499,198.246337890625,-111.83994140625009,-261.5999511718751,-83.63522949218759,-29.279992675781273,37.440014648437455,48.0126953125
1763688895.4676173,2,2,1,-0.042585042941370485,0.19990988246360078,-1.6892190397144122,0.004188367710781451,-0.0015625472370374791,0.00013407035135591942,86.88002929687491,21.600000000000023,40.26894531249991,-3.3599914550781023,47.04000244140627,93.70219726562482,-1.920019531250091,211.6800781249999,202.118408203125,-107.04013671875009,-266.4000000000001,-79.76322021484384,-31.679986572265648,47.039990234374955,44.140869140625
1763688895.5749824,2,2,1,0.009565352415021017,0.2161218828423289,-1.5112927591313294,0.00640299747784698,-0.004381374170251377,-0.0005768477341567017,86.88002929687491,16.800012207031273,44.14077148437491,-0.9599975585937273,47.04000244140627,97.57426757812482,-1.920019531250091,206.8800292968749,194.37451171875,-111.83994140625009,-266.4000000000001,-72.01920166015634,-29.279992675781273,44.639965820312455,48.0126953125
1763688895.734691,2,2,1,0.05895000721824314,0.27336481575944765,-1.5580262999397718,0.007561458437086301,-0.006495434260941056,-0.0002033376614711322,0,0,0,0,0,0,0,0,0,0,0,0,0,0,0
1763688895.828046,2,2,1,0.054770573666354454,0.26862125698495304,-1.5820476739811202,0.006329509225900967,-0.004334177788584424,0.0001745271705901959,86.88002929687491,19.200036621093773,48.01284179687491,-5.759985351562477,47.04000244140627,97.57426757812482,-1.920019531250091,206.8800292968749,205.990478515625,-114.24008789062509,-268.8001464843751,-83.63522949218759,-34.08001098632815,44.639965820312455,44.140869140625
1763688895.9403958,2,2,1,0.008516243600596572,0.2340040228977172,-1.5959137699576007,0.006705201025327195,-0.0037376978604643134,0.00025282513200587285,84.48000488281241,14.399987792968773,44.14077148437491,-8.159979248046852,47.04000244140627,97.57426757812482,-4.320043945312591,214.0799804687499,198.246337890625,-107.04013671875009,-266.4000000000001,-68.14719238281259,-34.08001098632815,44.639965820312455,44.140869140625
1763688896.0337965,2,2,1,0.038062972599777554,0.21839892581340822,-1.566283522844574,0.005743583163828503,-0.004088377753038766,-0.0002087534746145586,89.27993164062491,21.600000000000023,44.14077148437491,-0.9599975585937273,44.6400085449219,89.83012695312482,-4.320043945312591,211.6800781249999,198.246337890625,-114.24008789062509,-264.0000976562501,-79.76322021484384,-31.679986572265648,47.039990234374955,40.268798828125
1763688896.14248,2,2,1,-0.02620453509015218,0.23254723965397758,-1.518369172242239,0.004846695734465725,-0.002426176766563144,-3.9717504888795796e-05,84.48000488281241,16.800012207031273,44.14077148437491,-3.3599914550781023,42.2399841308594,93.70219726562482,-4.320043945312591,209.2799316406249,194.37451171875,-111.83994140625009,-264.0000976562501,-79.76322021484384,-34.08001098632815,47.039990234374955,36.396728515625
1763688896.2476351,2,2,1,-0.04915574738330812,0.21123493581319003,-1.4974153709813243,0.005839824034365375,-0.0015477539012206513,-0.00018206246773544714,86.88002929687491,14.399987792968773,51.88491210937491,-5.759985351562477,47.04000244140627,93.70219726562482,-1.920019531250091,206.8800292968749,194.37451171875,-109.44003906250009,-266.4000000000001,-79.76322021484384,-29.279992675781273,49.440014648437455,36.396728515625
1763688896.3409421,2,2,1,-0.026203023151136137,0.22070697864898262,-1.3505390235619252,0.004790527465169422,-0.002027116827982718,-0.00029161026691701197,89.27993164062491,14.399987792968773,44.14077148437491,-0.9599975585937273,44.6400085449219,97.57426757812482,-6.720068359375091,209.2799316406249,194.37451171875,-114.24008789062509,-266.4000000000001,-75.89121093750009,-31.679986572265648,44.639965820312455,44.140869140625
1763688896.5328863,2,2,1,-0.029812230111279703,0.14312966567663074,-1.43368040948199,0.004801632354504251,-0.0021737395095179617,-0.000470820332226836,84.48000488281241,16.800012207031273,40.26894531249991,-3.3599914550781023,47.04000244140627,89.83012695312482,-4.320043945312591,206.8800292968749,194.37451171875,-107.04013671875009,-264.0000976562501,-72.01920166015634,-34.08001098632815,44.639965820312455,44.140869140625
1763688896.6284575,2,2,1,-0.044261028201022914,0.20232274652336923,-1.450205721648545,0.004773213447344549,-0.0021575470615939852,-0.0004819676098417266,86.88002929687491,21.600000000000023,44.14077148437491,-0.9599975585937273,49.43999633789065,89.83012695312482,-6.720068359375091,206.8800292968749,202.118408203125,-111.83994140625009,-261.5999511718751,-72.01920166015634,-36.48000488281252,42.239941406249955,44.140869140625
1763688896.7349238,2,2,1,-0.012005947098794378,0.2329661013934928,-1.4151408288208764,0.005550263671706507,-0.002522146715655082,-0.00023444914400870255,89.27993164062491,16.800012207031273,40.26894531249991,-0.9599975585937273,47.04000244140627,89.83012695312482,-4.320043945312591,204.4801269531249,190.50244140625,-111.83994140625009,-261.5999511718751,-79.76322021484384,-34.08001098632815,47.039990234374955,44.140869140625
1763688896.8307772,2,2,1,-0.01802502279318055,0.2008305569397668,-1.3656135569140435,0.0047914395856739015,-0.0033039900529483503,-0.0008428471702467309,86.88002929687491,19.200036621093773,48.01284179687491,-3.3599914550781023,47.04000244140627,97.57426757812482,-1.920019531250091,211.6800781249999,194.37451171875,-109.44003906250009,-264.0000976562501,-79.76322021484384,-34.08001098632815,49.440014648437455,40.268798828125
1763688897.0408733,2,2,1,-0.0017429726780146815,0.21337260573338238,-1.435618588646574,0.004867932596607568,-0.0015869207828968178,-0.00047741886515950997,86.88002929687491,21.600000000000023,40.26894531249991,-3.3599914550781023,49.43999633789065,97.57426757812482,-1.920019531250091,209.2799316406249,190.50244140625,-109.44003906250009,-266.4000000000001,-79.76322021484384,-31.679986572265648,44.639965820312455,44.140869140625
1763688897.126563,2,2,1,-0.007192642714212036,0.19868459469439367,-1.4215846589945422,0.004087433158339494,-0.0017388590207237302,-0.00023998408969160391,89.27993164062491,21.600000000000023,40.26894531249991,-0.9599975585937273,51.83999023437502,93.70219726562482,-4.320043945312591,204.4801269531249,190.50244140625,-109.44003906250009,-264.0000976562501,-79.76322021484384,-29.279992675781273,47.039990234374955,44.140869140625
1763688897.2381685,2,2,1,-0.015674784300076697,0.20463310991056569,-1.4549931954316753,0.004135068476808214,-0.0018628293052267819,0.00013869630700598422,89.27993164062491,21.600000000000023,40.26894531249991,-0.9599975585937273,47.04000244140627,93.70219726562482,-1.920019531250091,206.8800292968749,194.37451171875,-109.44003906250009,-264.0000976562501,-79.76322021484384,-31.679986572265648,47.039990234374955,40.268798828125
1763688897.331607,2,2,1,-0.0035727304874956928,0.154373255116355,-1.3395144927117046,0.0030907810529376533,-0.0032635889044423366,-0.00036785177205524925,86.88002929687491,19.200036621093773,44.14077148437491,-3.3599914550781023,47.04000244140627,97.57426757812482,-1.920019531250091,199.6800781249999,186.63037109375,-107.04013671875009,-247.2000488281251,-75.89121093750009,-36.48000488281252,44.639965820312455,40.268798828125
1763688897.6355383,2,2,1,0.059427129562232305,0.21097570842774255,-0.5790717216145405,0.003816643399877484,-0.0070851373263341195,-0.0005682955623035904,70.07998046874991,2.4414062522737368e-05,28.65273437499991,1.4399963378906477,30.239984130859398,58.85429687499982,7.679956054687409,170.8800292968749,167.2705078125,-83.04013671875009,-192.0000976562501,-60.40317382812509,-34.08001098632815,39.840039062499955,32.52490234375
1763688897.7391083,2,2,1,-0.015349458071444236,0.23712010945785106,-0.37003162562237474,0.005410478033742362,-0.005273686555030544,-0.0004881441770805737,58.07998046874991,-2.3999999999999773,24.78090820312491,3.8400207519531477,23.040002441406273,54.98247070312482,7.679956054687409,154.0799804687499,159.5263671875,-78.24008789062509,-170.4000000000001,-56.53122558593759,-31.679986572265648,32.639965820312455,20.90869140625
1763688898.335538,2,2,1,-0.11519639555491415,0.20350070391399003,0.26313350347142517,0.00423557014432791,0.0008974461101352387,-0.001044052816376428,31.67995605468741,-19.199987792968727,-2.323095703125091,3.8400207519531477,8.640008544921898,4.646289062499818,14.879907226562409,96.48000488281241,109.1904296875,-44.63999023437509,-88.80014648437509,-41.04318847656259,-34.08001098632815,20.639965820312455,-6.195068359375
1763688898.6339843,2,2,1,-0.13573351497586092,0.1761700486463154,0.3091954775814342,0.0028377630357711153,0.0013474649127478908,-0.0013438227111865941,29.27993164062491,-21.600012207031227,-6.195166015625091,8.640008544921898,13.439996337890648,0.7744628906248181,14.879907226562409,82.07998046874991,89.83056640625,-44.63999023437509,-69.59995117187509,-48.78720703125009,-31.679986572265648,18.239941406249955,-2.3232421875
1763688898.741523,2,2,1,-0.13618271066769214,0.15266438742587002,0.3744992245582203,0.002665087215237409,0.0022921358673870977,-0.0010062433077833526,38.88002929687491,-16.799963378906227,-6.195166015625091,11.040002441406273,13.439996337890648,0.7744628906248181,12.480004882812409,79.67995605468741,89.83056640625,-44.63999023437509,-67.20004882812509,-48.78720703125009,-24.480004882812523,13.440014648437455,-6.195068359375
1763688898.8352547,2,2,1,-0.12522870191742594,0.13700943055081097,0.262168088935146,-1.59823744282962e-05,0.0029845243492790567,-0.0009002542691871986,34.07998046874991,-19.199987792968727,-10.067236328125091,15.840020751953148,15.839990234375023,0.7744628906248181,12.480004882812409,77.28005371093741,89.83056640625,-44.63999023437509,-67.20004882812509,-48.78720703125009,-26.879998779296898,18.239941406249955,-6.195068359375
1763688898.8792179,2,2,1,-0.13652326588888095,0.12566145891641167,0.3331613330225331,0.0005834437767631574,0.002356511332594614,-0.0011059011846157186,31.67995605468741,-21.600012207031227,-2.323095703125091,11.040002441406273,13.439996337890648,-3.097607421875182,17.27993164062491,74.88002929687491,85.95849609375,-39.83994140625009,-55.20004882812509,-48.78720703125009,-24.480004882812523,20.639965820312455,-6.195068359375
1763688898.971957,2,2,1,-0.08575247948981585,0.13530053949734105,0.3993517508301279,0.0008615441322234766,0.002021475282825386,-0.0010040574821529756,29.27993164062491,-19.199987792968727,-10.067236328125091,13.439996337890648,11.040002441406273,4.646289062499818,17.27993164062491,67.67995605468741,89.83056640625,-42.24008789062509,-55.20004882812509,-56.53122558593759,-24.480004882812523,13.440014648437455,-10.067138671875
1763688899.0654855,2,2,1,-0.1482421329602336,0.13076935475806697,0.31879059930171927,0.0012973048722106839,0.0026481346780613717,-0.0007173243185937707,31.67995605468741,-21.600012207031227,-10.067236328125091,15.840020751953148,8.640008544921898,-3.097607421875182,22.07998046874991,67.67995605468741,74.342529296875,-39.83994140625009,-50.40000000000009,-48.78720703125009,-24.480004882812523,13.440014648437455,-10.067138671875
1763688899.23909,2,2,1,-0.12892226090767894,0.08985442472262893,0.43336061339196774,0.0004853846199923983,0.002591067251819431,-0.0012237433969140856,34.07998046874991,-21.600012207031227,-13.939062500000091,13.439996337890648,13.439996337890648,0.7744628906248181,19.67995605468741,67.67995605468741,74.342529296875,-35.04013671875009,-48.00009765625009,-52.65921630859384,-29.279992675781273,15.840039062499955,-10.067138671875
1763688899.3316631,2,2,1,-0.09639501481181892,0.169654709641292,0.4703325644847137,0.0016503928071144426,0.0022284117707729897,-0.0015254438496736015,26.88002929687491,-21.600012207031227,-10.067236328125091,15.840020751953148,13.439996337890648,-3.097607421875182,14.879907226562409,60.48000488281241,74.342529296875,-35.04013671875009,-43.20004882812509,-52.65921630859384,-22.080010986328148,13.440014648437455,-10.067138671875
1763688899.4413588,2,2,1,-0.11317212547232021,0.1310205976418808,0.3002034827287658,0.0011339389150156456,0.002247588605074827,-0.0007249801999605764,29.27993164062491,-21.600012207031227,-21.68320312500009,11.040002441406273,13.439996337890648,-6.969677734375182,14.879907226562409,62.88002929687491,74.342529296875,-35.04013671875009,-43.20004882812509,-48.78720703125009,-26.879998779296898,13.440014648437455,-17.811279296875
1763688899.4687932,2,2,1,-0.13836928968388018,0.10267168492076184,0.4683178819082768,0.0007508002264646563,0.0031528710243123054,-0.0016801386097000757,24.48000488281241,-19.199987792968727,-13.939062500000091,15.840020751953148,15.839990234375023,-3.097607421875182,17.27993164062491,65.28005371093741,66.598388671875,-37.44003906250009,-38.40000000000009,-52.65921630859384,-29.279992675781273,18.239941406249955,-13.939208984375
1763688899.5623622,2,2,1,-0.1547107944583592,0.10426572417202992,0.36665272256106546,0.0005866898618795962,0.0029849176770470275,-0.0007790758215677807,24.48000488281241,-26.399999999999977,-13.939062500000091,13.439996337890648,15.839990234375023,-3.097607421875182,17.27993164062491,58.07998046874991,66.598388671875,-32.63999023437509,-36.00009765625009,-48.78720703125009,-26.879998779296898,13.440014648437455,-17.811279296875
1763688899.6717484,2,2,1,-0.12319312981931858,0.08791990721759796,0.4361688833720794,0.001150024378389573,0.0019906287283073198,-0.001141647740808507,24.48000488281241,-19.199987792968727,-25.55502929687509,15.840020751953148,13.439996337890648,-14.713574218750182,17.27993164062491,60.48000488281241,66.598388671875,-30.24008789062509,-38.40000000000009,-56.53122558593759,-26.879998779296898,15.840039062499955,-10.067138671875
1763688899.8295064,2,2,1,-0.15825092934659085,0.1359320875446636,0.3710998115247335,0.0016870645978253613,0.0027466384928286616,-0.0007754943787076737,24.48000488281241,-23.999975585937477,-21.68320312500009,8.640008544921898,15.839990234375023,-14.713574218750182,22.07998046874991,60.48000488281241,66.598388671875,-27.83994140625009,-33.59995117187509,-52.65921630859384,-26.879998779296898,11.039990234374955,-13.939208984375
1763688900.129612,2,2,1,-0.13200680959649397,0.10068330534937564,0.3854856539270264,0.0012372359344170348,0.0026179552072052217,-0.0009257595233799331,24.48000488281241,-19.199987792968727,-17.81113281250009,15.840020751953148,11.040002441406273,-10.841748046875182,12.480004882812409,46.07998046874991,58.8544921875,-30.24008789062509,-31.20004882812509,-52.65921630859384,-19.679986572265648,8.639965820312455,-21.68310546875
1763688900.2382655,2,2,1,-0.15751182755709153,0.11622551346726884,0.40383020314496354,0.0013659063008249468,0.002651374532318806,-0.0009198636756451797,29.27993164062491,-19.199987792968727,-21.68320312500009,11.040002441406273,18.239984130859398,-10.841748046875182,22.07998046874991,50.88002929687491,58.8544921875,-27.83994140625009,-31.20004882812509,-44.91519775390634,-22.080010986328148,11.039990234374955,-10.067138671875
1763688900.4377394,2,2,1,-0.13879065977216198,0.10656795658396176,0.419012466900623,0.0009542291746290322,0.0023043211841981275,-0.0012282983884602386,22.07998046874991,-21.600012207031227,-25.55502929687509,11.040002441406273,15.839990234375023,-14.713574218750182,14.879907226562409,50.88002929687491,58.8544921875,-27.83994140625009,-31.20004882812509,-52.65921630859384,-24.480004882812523,15.840039062499955,-13.939208984375
1763688900.5315733,2,2,1,-0.15468512188625574,0.08595210236224311,0.3499227906355171,0.00043203083100587904,0.002611972324243437,-0.0009405656883013849,24.48000488281241,-21.600012207031227,-21.68320312500009,15.840020751953148,15.839990234375023,-18.585644531250182,17.27993164062491,50.88002929687491,58.8544921875,-25.44003906250009,-28.80014648437509,-52.65921630859384,-24.480004882812523,6.2399414062499545,-21.68310546875
1763688900.9377902,2,2,1,-0.14728617923186388,0.15166577441906015,0.26835342922593053,0.0012908449297634149,0.0023467533473896024,-0.0005809141038079291,19.67995605468741,-21.600012207031227,-25.55502929687509,13.439996337890648,13.439996337890648,-14.713574218750182,17.27993164062491,48.48000488281241,54.982421875,-23.04013671875009,-26.40000000000009,-48.78720703125009,-19.679986572265648,8.639965820312455,-13.939208984375
1763688901.0319674,2,2,1,-0.12157500536418239,0.11662287580981875,0.4183276560276473,0.0010470303716311007,0.002150812900451212,-0.0009164206831602291,22.07998046874991,-19.199987792968727,-21.68320312500009,13.439996337890648,13.439996337890648,-18.585644531250182,19.67995605468741,46.07998046874991,51.1103515625,-18.24008789062509,-28.80014648437509,-52.65921630859384,-22.080010986328148,6.2399414062499545,-21.68310546875
1763688901.0763276,2,2,1,-0.1581463851701328,0.1264098038689972,0.4389336929322034,0.0016187465989891555,0.0025748431013948004,-0.0012980380042787389,17.27993164062491,-21.600012207031227,-13.939062500000091,13.439996337890648,15.839990234375023,-22.457714843750182,19.67995605468741,53.28005371093741,51.1103515625,-20.63999023437509,-26.40000000000009,-52.65921630859384,-19.679986572265648,13.440014648437455,-21.68310546875
1763688901.2374616,2,2,1,-0.16436074279927923,0.12231424624436282,0.38664291905117804,0.0010747116258789506,0.0023291075839468245,-0.0010060275249296658,19.67995605468741,-21.600012207031227,-25.55502929687509,15.840020751953148,15.839990234375023,-22.457714843750182,19.67995605468741,43.67995605468741,54.982421875,-25.44003906250009,-21.59995117187509,-48.78720703125009,-22.080010986328148,8.639965820312455,-17.811279296875
1763688901.330791,2,2,1,-0.15501623099703832,0.12789598835692836,0.3179568889125128,0.0009492264214584773,0.0021350720322326224,-0.0004062397671772827,22.07998046874991,-19.199987792968727,-21.68320312500009,13.439996337890648,15.839990234375023,-18.585644531250182,14.879907226562409,43.67995605468741,51.1103515625,-23.04013671875009,-24.00009765625009,-52.65921630859384,-19.679986572265648,8.639965820312455,-17.811279296875
1763688901.4383688,2,2,1,-0.1413024800974518,0.10616291866178834,0.3699620485507201,0.0014420284317009633,0.0026060891991601135,-0.0010090253517564644,19.67995605468741,-21.600012207031227,-21.68320312500009,13.439996337890648,18.239984130859398,-18.585644531250182,17.27993164062491,46.07998046874991,51.1103515625,-23.04013671875009,-24.00009765625009,-48.78720703125009,-14.879998779296898,8.639965820312455,-21.68310546875
1763688901.4668956,2,2,1,-0.1550382777733995,0.11581832525333191,0.4862978453274812,0.0008799767104886807,0.002541043558979264,-0.001127077203870218,22.07998046874991,-19.199987792968727,-29.42709960937509,13.439996337890648,15.839990234375023,-10.841748046875182,12.480004882812409,43.67995605468741,51.1103515625,-23.04013671875009,-24.00009765625009,-52.65921630859384,-19.679986572265648,6.2399414062499545,-17.811279296875
1763688901.6387973,2,2,1,-0.15735844207964128,0.11776458522005268,0.3874544490638778,0.001376895595120961,0.0022736775812200643,-0.0009258853715231668,19.67995605468741,-23.999975585937477,-25.55502929687509,13.439996337890648,18.239984130859398,-22.457714843750182,14.879907226562409,41.28005371093741,43.366455078125,-20.63999023437509,-24.00009765625009,-56.53122558593759,-17.279992675781273,8.639965820312455,-25.55517578125
1763688901.6654,2,2,1,-0.13845139712591256,0.09513405651943513,0.29911194061038476,0.0006674830388740721,0.002744739508841702,-0.0006458246694207369,22.07998046874991,-23.999975585937477,-21.68320312500009,13.439996337890648,13.439996337890648,-22.457714843750182,17.27993164062491,41.28005371093741,51.1103515625,-20.63999023437509,-21.59995117187509,-52.65921630859384,-14.879998779296898,11.039990234374955,-17.811279296875
1763688901.774475,2,2,1,-0.12721378881340892,0.1291772652386706,0.3825346546860614,0.00045680439594454744,0.002560894376578309,-0.0011673140992285755,19.67995605468741,-21.600012207031227,-21.68320312500009,18.240014648437523,11.040002441406273,-22.457714843750182,17.27993164062491,41.28005371093741,51.1103515625,-20.63999023437509,-21.59995117187509,-52.65921630859384,-22.080010986328148,6.2399414062499545,-21.68310546875
1763688901.8650217,2,2,1,-0.14895444023144952,0.14945962116061093,0.37019152854680404,0.0016285207514204092,0.0029434686055236792,-0.0007772705290327979,22.07998046874991,-21.600012207031227,-21.68320312500009,15.840020751953148,11.040002441406273,-18.585644531250182,19.67995605468741,38.88002929687491,51.1103515625,-20.63999023437509,-24.00009765625009,-52.65921630859384,-22.080010986328148,11.039990234374955,-21.68310546875
1763688902.0395427,2,2,1,-0.13906118740960371,0.09542532059230933,0.384241631472313,0.0008587685154678268,0.0026723052156081856,-0.0008491634252760228,17.27993164062491,-23.999975585937477,-21.68320312500009,18.240014648437523,13.439996337890648,-18.585644531250182,14.879907226562409,41.28005371093741,43.366455078125,-20.63999023437509,-21.59995117187509,-52.65921630859384,-19.679986572265648,6.2399414062499545,-21.68310546875
1763688902.130589,2,2,1,-0.11375714845539506,0.12141883542283712,0.43535937467048424,0.00126366957022976,0.0021792514494147195,-0.0007534833833620982,17.27993164062491,-21.600012207031227,-29.42709960937509,13.439996337890648,18.239984130859398,-18.585644531250182,17.27993164062491,38.88002929687491,51.1103515625,-25.44003906250009,-21.59995117187509,-44.91519775390634,-19.679986572265648,6.2399414062499545,-21.68310546875
1763688902.23935,2,2,1,-0.1397502393183201,0.1160628218204475,0.3178386125053916,0.0011845978585120767,0.00257267634111493,-0.0004823813000511774,22.07998046874991,-19.199987792968727,-29.42709960937509,15.840020751953148,13.439996337890648,-18.585644531250182,22.07998046874991,41.28005371093741,39.494384765625,-18.24008789062509,-21.59995117187509,-52.65921630859384,-17.279992675781273,3.8400390624999545,-21.68310546875
1763688902.334641,2,2,1,-0.13093625620802346,0.1015895908994754,0.48581498308517107,0.0011158542645618203,0.002333401077307724,-0.0006560531792521128,19.67995605468741,-21.600012207031227,-29.42709960937509,13.439996337890648,11.040002441406273,-22.457714843750182,14.879907226562409,43.67995605468741,47.238525390625,-20.63999023437509,-24.00009765625009,-52.65921630859384,-17.279992675781273,6.2399414062499545,-25.55517578125
1763688902.4421883,2,2,1,-0.09659184727923892,0.13225266031575175,0.3510540500046413,0.0013333317592112343,0.001832584785752966,-0.0007062348446751482,19.67995605468741,-26.399999999999977,-21.68320312500009,11.040002441406273,15.839990234375023,-26.329541015625182,17.27993164062491,34.07998046874991,47.238525390625,-18.24008789062509,-21.59995117187509,-52.65921630859384,-19.679986572265648,8.639965820312455,-21.68310546875
1763688902.5368173,2,2,1,-0.1495788556952039,0.12174831868483266,0.4379033915040793,0.0015954044605620936,0.002493553171569853,-0.000750888563175684,17.27993164062491,-21.600012207031227,-29.42709960937509,13.439996337890648,18.239984130859398,-30.201611328125182,24.48000488281241,41.28005371093741,39.494384765625,-18.24008789062509,-19.20004882812509,-52.65921630859384,-19.679986572265648,6.2399414062499545,-25.55517578125
1763688902.631353,2,2,1,-0.1550142037897007,0.13677270700004446,0.35206200871653137,0.0010208388253436958,0.002331044861632533,-0.0007853908468039657,17.27993164062491,-21.600012207031227,-29.42709960937509,13.439996337890648,15.839990234375023,-22.457714843750182,22.07998046874991,41.28005371093741,39.494384765625,-20.63999023437509,-19.20004882812509,-52.65921630859384,-17.279992675781273,11.039990234374955,-21.68310546875
1763688902.929214,2,2,1,-0.14760433954933624,0.11933135470593992,0.36832923746528895,0.001041440730578675,0.0029316476629902568,-0.0010124101711082045,0,0,0,0,0,0,0,0,0,0,0,0,0,0,0
1763688903.0377176,2,2,1,-0.14139080051818015,0.10441976537288172,0.437051899687545,0.001439227052457641,0.0029924190755850058,-0.0012193786717757747,17.27993164062491,-16.799963378906227,-25.55502929687509,11.040002441406273,18.239984130859398,-22.457714843750182,19.67995605468741,36.48000488281241,43.366455078125,-20.63999023437509,-19.20004882812509,-60.40317382812509,-22.080010986328148,8.639965820312455,-21.68310546875
1763688903.240262,2,2,1,-0.14102220032885932,0.10854753702848513,0.3703723606521264,0.001472417400088054,0.0020386765450845254,-0.0007745368982429951,17.27993164062491,-21.600012207031227,-25.55502929687509,15.840020751953148,13.439996337890648,-22.457714843750182,19.67995605468741,38.88002929687491,35.62255859375,-18.24008789062509,-19.20004882812509,-52.65921630859384,-12.480004882812523,3.8400390624999545,-17.811279296875
1763688903.443426,2,2,1,-0.12483610822673637,0.09653770739147821,0.45430815424420357,0.0015539260669807115,0.002388354013641648,-0.001290426910286325,14.880029296874909,-19.199987792968727,-37.17124023437509,15.840020751953148,18.239984130859398,-26.329541015625182,19.67995605468741,36.48000488281241,39.494384765625,-18.24008789062509,-14.400000000000091,-44.91519775390634,-19.679986572265648,6.2399414062499545,-29.42724609375
1763688903.5369303,2,2,1,-0.12419016130446119,0.11560969327272955,0.3519803644246886,0.0015285113803272794,0.002635385031685206,-0.0004687131225688758,14.880029296874909,-26.399999999999977,-33.29916992187509,18.240014648437523,18.239984130859398,-26.329541015625182,17.27993164062491,36.48000488281241,39.494384765625,-18.24008789062509,-19.20004882812509,-56.53122558593759,-19.679986572265648,6.2399414062499545,-25.55517578125
1763688903.6433496,2,2,1,-0.11457270466038001,0.11207321479478612,0.4191391860326763,0.00134921434095184,0.002095382897812874,-0.000836278529901335,17.27993164062491,-21.600012207031227,-33.29916992187509,11.040002441406273,13.439996337890648,-22.457714843750182,10.079980468749909,36.48000488281241,35.62255859375,-18.24008789062509,-16.80014648437509,-44.91519775390634,-17.279992675781273,6.2399414062499545,-25.55517578125
1763688903.6695876,2,2,1,-0.12972884498437776,0.13002593695516074,0.24884210838325033,0.0009476274964496203,0.0026556808374967175,-0.0002747808821316456,14.880029296874909,-19.199987792968727,-29.42709960937509,18.240014648437523,18.239984130859398,-22.457714843750182,19.67995605468741,36.48000488281241,39.494384765625,-13.440039062500091,-16.80014648437509,-48.78720703125009,-17.279992675781273,3.8400390624999545,-21.68310546875
1763688903.8318589,2,2,1,-0.15887573480002137,0.13735836028712867,0.37184277798368254,0.0018748332049799438,0.002470678439053492,-0.0005400452905847797,19.67995605468741,-19.199987792968727,-25.55502929687509,15.840020751953148,15.839990234375023,-18.585644531250182,17.27993164062491,36.48000488281241,39.494384765625,-15.839941406250091,-12.000097656250091,-56.53122558593759,-19.679986572265648,1.4400146484374545,-17.811279296875
1763688903.9386616,2,2,1,-0.12425483638455083,0.08667619957602003,0.36823516386961425,0.0012994385669545458,0.0024527967263115813,-0.00046140522943780536,14.880029296874909,-19.199987792968727,-33.29916992187509,11.040002441406273,15.839990234375023,-26.329541015625182,17.27993164062491,34.07998046874991,43.366455078125,-18.24008789062509,-14.400000000000091,-48.78720703125009,-14.879998779296898,3.8400390624999545,-21.68310546875
1763688904.1416667,2,2,1,-0.09687173703761295,0.10073046669929711,0.4176126344255765,0.0010820578924865308,0.002226042059568684,-0.0011497904206795501,14.880029296874909,-21.600012207031227,-29.42709960937509,15.840020751953148,11.040002441406273,-26.329541015625182,17.27993164062491,34.07998046874991,47.238525390625,-15.839941406250091,-9.599951171875091,-52.65921630859384,-19.679986572265648,1.4400146484374545,-21.68310546875
1763688904.235246,2,2,1,-0.1493233046047055,0.21130826059566266,0.23791782118181637,0.002275366695993365,0.0024549182449428468,-0.0003581434172773247,14.880029296874909,-19.199987792968727,-25.55502929687509,11.040002441406273,13.439996337890648,-26.329541015625182,17.27993164062491,41.28005371093741,39.494384765625,-15.839941406250091,-14.400000000000091,-52.65921630859384,-14.879998779296898,6.2399414062499545,-25.55517578125
1763688904.4405558,2,2,1,-0.07235887699055475,0.13662290985884923,0.4355674935462691,0.0017318337948187721,0.0018271722596723528,-0.0007530028306006153,24.48000488281241,-21.600012207031227,-21.68320312500009,11.040002441406273,15.839990234375023,-18.585644531250182,12.480004882812409,50.88002929687491,54.982421875,-25.44003906250009,-33.59995117187509,-48.78720703125009,-22.080010986328148,11.039990234374955,-21.68310546875
1763688905.539143,2,2,1,-0.1933173076561502,0.016064870158780817,-0.5362400812261167,-0.005980700524191113,0.008077456266030902,-0.0003393951484136283,74.88002929687491,2.3999877929687727,17.03676757812491,18.240014648437523,51.83999023437502,54.98247070312482,-1.920019531250091,139.6799560546874,128.550537109375,-90.24008789062509,-156.0000976562501,-79.76322021484384,-17.279992675781273,30.239941406249955,28.65283203125
1763688905.73914,2,2,1,-0.20930108677056147,0.026263103620539276,-0.8397950853286298,-0.006321751277671829,0.008169290217929373,-0.00013738132215199963,79.67995605468741,12.000024414062523,24.78090820312491,25.439996337890648,59.04000244140627,78.21440429687482,-4.320043945312591,154.0799804687499,132.42236328125,-102.24008789062509,-172.8001464843751,-99.12320556640634,-14.879998779296898,32.639965820312455,28.65283203125
1763688905.83176,2,2,1,-0.23106335355382562,0.0066175193439779595,-0.928223693798043,-0.007534529770679636,0.009270551367475071,-0.0004067267644312977,86.88002929687491,16.800012207031273,20.90883789062491,23.040002441406273,51.83999023437502,70.47026367187482,-9.120092773437591,163.6799560546874,136.29443359375,-104.63999023437509,-182.4000000000001,-83.63522949218759,-22.080010986328148,30.239941406249955,40.268798828125
1763688906.0354078,2,2,1,-0.2021902732229205,-0.015182225327682819,-1.2778775482188958,-0.006608320162256061,0.007588689314284637,0.00017744278682794848,96.48000488281241,16.800012207031273,36.39687499999991,25.439996337890648,61.43999633789065,82.08623046874982,-11.519995117187591,187.6799560546874,155.654541015625,-121.44003906250009,-216.0000976562501,-99.12320556640634,-22.080010986328148,32.639965820312455,48.0126953125
1763688906.4379735,2,2,1,-0.20540512482415907,-0.09135507310656724,-2.135928654680898,-0.011017890276199132,0.008675836776717965,0.000249522758613226,132.4800048828124,28.800012207031273,59.62880859374991,30.240014648437523,85.43999633789065,116.93413085937482,-25.92001953125009,247.6800781249999,209.862548828125,-162.2400878906251,-297.5999511718751,-122.35520019531259,-22.080010986328148,47.039990234374955,71.244873046875
1763688906.5329597,2,2,1,-0.1937508075030717,-0.07554190771255884,-2.305997048613938,-0.011612158615461709,0.008172493381372254,-4.9937407411878654e-05,139.6799560546874,33.60000000000002,51.88491210937491,27.840020751953148,87.83999023437502,128.55034179687482,-21.12009277343759,266.8800292968749,213.734375,-174.2400878906251,-319.2000488281251,-133.97122802734384,-34.08001098632815,44.639965820312455,78.98876953125
1763688906.7360058,2,2,1,-0.2219494211746487,-0.1803810291521191,-2.7984145564097362,-0.018013846436123426,0.008475773645472199,-0.0010262039961053992,156.4800048828124,40.80007324218752,75.11684570312491,23.040002441406273,95.04000244140627,147.91020507812482,-28.32004394531259,300.4801269531249,244.71044921875,-193.4400390625001,-364.8001464843751,-145.58719482421884,-29.279992675781273,47.039990234374955,78.98876953125
1763688906.9378862,2,2,1,-0.1309842032887924,-0.12252184565449596,-3.257640243452857,-0.014754548681723514,0.004204849945738975,-0.00016616410840432507,173.2799316406249,48.00002441406252,78.98891601562491,27.840020751953148,107.04000244140627,155.65434570312482,-28.32004394531259,329.2799316406249,264.070556640625,-215.0401367187501,-405.5999511718751,-157.2032226562501,-31.679986572265648,51.840039062499955,98.348876953125
1763688907.032099,2,2,1,-0.12983175461399987,-0.18302787041012286,-3.4997683099897183,-0.016025910022850864,0.006786470946466151,-0.000643238684341086,180.4800048828124,43.19997558593752,78.98891601562491,25.439996337890648,111.83999023437502,163.39848632812482,-28.32004394531259,341.2799316406249,275.6865234375,-224.6399902343751,-422.4000000000001,-168.8191894531251,-31.679986572265648,51.840039062499955,98.348876953125
1763688907.1402476,2,2,1,-0.16138626886112792,-0.1551978952299338,-3.736348410032967,-0.016552698419801608,0.007392067298866704,-0.0007321910106884528,178.0799804687499,40.80007324218752,78.98891601562491,25.439996337890648,107.04000244140627,167.27055664062482,-28.32004394531259,350.8800292968749,279.558349609375,-227.0401367187501,-424.8001464843751,-164.94718017578134,-36.48000488281252,54.239941406249955,102.220703125
1763688907.232849,2,2,1,-0.2190999855933493,-0.12724840911748203,-3.6956666418784225,-0.014988624040625684,0.008662613038500229,-0.0007126820013899199,178.0799804687499,45.60000000000002,82.86074218749991,25.439996337890648,109.43999633789065,163.39848632812482,-25.92001953125009,343.6800781249999,283.430419921875,-222.2400878906251,-422.4000000000001,-153.33121337890634,-36.48000488281252,59.039990234374955,106.0927734375
1763688907.3286707,2,2,1,-0.15442336354550756,-0.10186209720548361,-3.641955251295538,-0.013730982689058806,0.007001263135366199,-0.0005345869853384304,178.0799804687499,43.19997558593752,86.73281249999991,25.439996337890648,109.43999633789065,163.39848632812482,-30.72006835937509,341.2799316406249,283.430419921875,-224.6399902343751,-420.0000976562501,-157.2032226562501,-36.48000488281252,56.639965820312455,106.0927734375
1763688907.6401737,2,2,1,-0.05723355978309817,-0.04569184704290617,-3.3726340996516906,-0.00943946104818126,0.001760895653844847,-0.0005044360666176375,173.2799316406249,40.80007324218752,82.86074218749991,23.040002441406273,99.83999023437502,155.65434570312482,-23.51999511718759,341.2799316406249,291.174560546875,-217.4400390625001,-412.8001464843751,-141.7151855468751,-41.27999267578127,56.639965820312455,102.220703125
1763688907.7334673,2,2,1,-0.04928475411840976,-0.022296903686437962,-3.2706060747813117,-0.009060197353357837,0.0019915641646551887,-0.0008592907747063162,173.2799316406249,38.40004882812502,86.73281249999991,20.640008544921898,97.43999633789065,159.52641601562482,-21.12009277343759,343.6800781249999,283.430419921875,-215.0401367187501,-415.2000488281251,-145.58719482421884,-41.27999267578127,59.039990234374955,98.348876953125
1763688907.9405816,2,2,1,-0.08153595354115295,0.006652944386109277,-3.0681026631401402,-0.009104831222088567,0.0022850061402831866,-0.0007894515217887864,170.8800292968749,40.80007324218752,82.86074218749991,23.040002441406273,95.04000244140627,155.65434570312482,-25.92001953125009,341.2799316406249,279.558349609375,-219.8399414062501,-408.0000976562501,-145.58719482421884,-38.8799987792969,56.639965820312455,98.348876953125
1763688908.1389997,2,2,1,-0.10662650213129146,-0.014322702879620106,-3.155045744731854,-0.009651161468279521,0.003981209233133631,-0.00058599363497715,170.8800292968749,43.19997558593752,90.60488281249991,23.040002441406273,102.2399841308594,151.78227539062482,-25.92001953125009,338.8800292968749,279.558349609375,-222.2400878906251,-417.5999511718751,-157.2032226562501,-43.67998657226565,56.639965820312455,102.220703125
1763688908.4348137,2,2,1,-0.1552244223169405,-0.07008042613941753,-3.210328454169803,-0.01097683720153504,0.005783095066893556,-0.0002932419803263112,173.2799316406249,43.19997558593752,86.73281249999991,27.840020751953148,104.6400085449219,155.65434570312482,-23.51999511718759,334.0799804687499,279.558349609375,-215.0401367187501,-412.8001464843751,-149.4592041015626,-34.08001098632815,56.639965820312455,98.348876953125
1763688908.530527,2,2,1,-0.17958234619903357,-0.03899176127535686,-3.2271985989840664,-0.011083773644068932,0.006736202708390486,-0.000614851761051959,170.8800292968749,38.40004882812502,82.86074218749991,23.040002441406273,104.6400085449219,159.52641601562482,-23.51999511718759,336.4801269531249,279.558349609375,-217.4400390625001,-415.2000488281251,-145.58719482421884,-38.8799987792969,49.440014648437455,98.348876953125
1763688908.573893,2,2,1,-0.16377823185000318,-0.028995779047249925,-3.1251241909894234,-0.010635989071791321,0.006618908627878107,-0.0007337867004529051,170.8800292968749,38.40004882812502,78.98891601562491,18.240014648437523,107.04000244140627,155.65434570312482,-28.32004394531259,334.0799804687499,275.6865234375,-219.8399414062501,-412.8001464843751,-153.33121337890634,-34.08001098632815,54.239941406249955,102.220703125
1763688908.7330909,2,2,1,-0.1338306691686546,-0.08199035610644335,-3.105544550117051,-0.010036601911897269,0.005073569865437964,-0.0007200217712391899,178.0799804687499,36.00002441406252,71.24477539062491,23.040002441406273,102.2399841308594,159.52641601562482,-21.12009277343759,341.2799316406249,279.558349609375,-222.2400878906251,-420.0000976562501,-145.58719482421884,-36.48000488281252,54.239941406249955,94.476806640625
1763688908.843062,2,2,1,-0.1405873828201936,-0.0015495479573427173,-3.0209629562384253,-0.009703064666468432,0.005880931886325444,-0.0008515675357593187,173.2799316406249,38.40004882812502,78.98891601562491,23.040002441406273,99.83999023437502,155.65434570312482,-23.51999511718759,338.8800292968749,279.558349609375,-219.8399414062501,-410.4000000000001,-141.7151855468751,-36.48000488281252,54.239941406249955,98.348876953125
1763688909.0314882,2,2,1,-0.10899723168878263,-0.03402434979487546,-3.0864914833036208,-0.009286694308191254,0.0041118232102576166,-0.00047995631502345505,166.0799804687499,38.40004882812502,82.86074218749991,27.840020751953148,97.43999633789065,155.65434570312482,-23.51999511718759,338.8800292968749,279.558349609375,-219.8399414062501,-410.4000000000001,-141.7151855468751,-38.8799987792969,54.239941406249955,102.220703125
1763688909.1388767,2,2,1,-0.09265568774978031,0.028648189304112906,-3.066486429655153,-0.008424079692159536,0.003225534890958692,-0.0004748338768740918,173.2799316406249,36.00002441406252,78.98891601562491,20.640008544921898,97.43999633789065,155.65434570312482,-18.72006835937509,334.0799804687499,279.558349609375,-215.0401367187501,-408.0000976562501,-145.58719482421884,-38.8799987792969,56.639965820312455,98.348876953125
1763688909.3431306,2,2,1,-0.0701420637295634,-0.014843698253932641,-2.997647756090121,-0.00809664234739554,0.002876708556019695,-0.0011488289354355896,173.2799316406249,40.80007324218752,82.86074218749991,27.840020751953148,99.83999023437502,151.78227539062482,-23.51999511718759,338.8800292968749,279.558349609375,-217.4400390625001,-405.5999511718751,-149.4592041015626,-38.8799987792969,56.639965820312455,98.348876953125
1763688909.4401925,2,2,1,-0.0723480184569397,-0.003749997074171528,-3.0126935488812365,-0.007493760292387401,0.0028001251642399685,-0.0006052738523682013,0,0,0,0,0,0,0,0,0,0,0,0,0,0,0
1763688909.5339317,2,2,1,-0.058523772596531014,0.02173615030275522,-2.8638668451736216,-0.008249121962353546,0.0021237163237548947,-0.0009487879172524191,173.2799316406249,33.60000000000002,82.86074218749991,23.040002441406273,97.43999633789065,155.65434570312482,-21.12009277343759,336.4801269531249,279.558349609375,-217.4400390625001,-408.0000976562501,-141.7151855468751,-41.27999267578127,59.039990234374955,98.348876953125
1763688909.6433122,2,2,1,-0.060217922783028024,0.012125709145505724,-2.9129161991241985,-0.00801460793678611,0.0021433191237076295,-0.0012771542737494402,168.4800048828124,38.40004882812502,82.86074218749991,23.040002441406273,97.43999633789065,159.52641601562482,-18.72006835937509,334.0799804687499,287.302490234375,-217.4400390625001,-408.0000976562501,-145.58719482421884,-38.8799987792969,51.840039062499955,98.348876953125
1763688909.8310797,2,2,1,-0.054512436639750333,0.02436581307104697,-2.790563301739578,-0.007013210935947444,0.0005246822673102168,-0.0008396268737913857,161.2799316406249,31.200036621093773,78.98891601562491,27.840020751953148,90.2399841308594,151.78227539062482,-23.51999511718759,326.8800292968749,275.6865234375,-205.4400390625001,-393.5999511718751,-133.97122802734384,-36.48000488281252,59.039990234374955,86.73291015625
1763688909.9385471,2,2,1,-0.024588389446680556,0.05170722858418046,-2.5022069768693216,-0.0056903786144093214,0.001060326091738081,-0.0004987398967173354,154.0799804687499,31.200036621093773,82.86074218749991,15.840020751953148,83.04000244140627,144.03813476562482,-18.72006835937509,310.0799804687499,256.326416015625,-193.4400390625001,-374.4000000000001,-126.22720947265634,-38.8799987792969,51.840039062499955,90.604736328125
1763688910.0319884,2,2,1,-0.062491228174577945,0.047080410208413394,-2.1750313240412926,-0.004641488412370662,0.00014561265564594968,-0.001393239761718778,149.2799316406249,28.800012207031273,71.24477539062491,18.240014648437523,78.2399841308594,136.29448242187482,-16.32004394531259,300.4801269531249,248.58251953125,-183.8399414062501,-357.5999511718751,-122.35520019531259,-36.48000488281252,51.840039062499955,90.604736328125
1763688910.5341916,2,2,1,-0.1872128153007302,0.13341723855366322,-0.6913346065064081,1.8262635689429707e-05,0.0011610723664083862,-0.0007713712929250696,89.27993164062491,7.200036621093773,40.26894531249991,11.040002441406273,47.04000244140627,74.34233398437482,-6.720068359375091,192.4800048828124,178.886474609375,-116.63999023437509,-218.4000000000001,-79.76322021484384,-36.48000488281252,39.840039062499955,36.396728515625
1763688910.6420906,2,2,1,-0.09650163256565725,0.11919875340197514,-0.501528166515998,0.002468966399069905,0.0020432727512988344,-0.0012391807776386207,98.88002929687491,4.800012207031273,40.26894531249991,11.040002441406273,35.04000244140627,66.59843749999982,5.279931640624909,192.4800048828124,175.014404296875,-99.83994140625009,-194.4000000000001,-68.14719238281259,-38.8799987792969,35.039990234374955,32.52490234375
1763688910.7373095,2,2,1,-0.2204504956368657,0.49479383421857104,-0.3235544870365755,0.003578662909800336,7.059258817559608e-05,-0.000890799565381704,84.48000488281241,2.3999877929687727,32.52480468749991,13.439996337890648,39.83999023437502,66.59843749999982,-4.320043945312591,168.4800048828124,147.910400390625,-99.83994140625009,-170.4000000000001,-75.89121093750009,-31.679986572265648,30.239941406249955,36.396728515625
1763688910.8320255,2,2,1,-0.1559589048414241,0.19798424926712482,-0.29410752431785403,-0.0005094382403915328,0.002872413610595583,-0.00016815358964709665,55.67995605468741,-4.799963378906227,24.78090820312491,15.840020751953148,32.6400085449219,43.36625976562482,-4.320043945312591,144.4800048828124,147.910400390625,-90.24008789062509,-158.4000000000001,-75.89121093750009,-31.679986572265648,35.039990234374955,28.65283203125
1763688911.830283,2,2,1,-0.18636341796857506,0.08157551742130527,0.2675819554725629,0.001351541814050971,0.005510586711857812,-0.0008083946563789251,43.67995605468741,-11.999975585937477,-6.195166015625091,18.240014648437523,25.439996337890648,12.390429687499818,12.480004882812409,79.67995605468741,82.08642578125,-51.83994140625009,-69.59995117187509,-64.27518310546884,-22.080010986328148,15.840039062499955,-2.3232421875
1763688911.9394488,2,2,1,-0.1544196411276303,0.12820535799658891,0.3648541881569907,0.0006062379433862367,0.004378208260727707,-0.0005468825503480309,38.88002929687491,-11.999975585937477,1.548730468749909,18.240014648437523,20.640008544921898,8.518359374999818,17.27993164062491,82.07998046874991,89.83056640625,-54.24008789062509,-69.59995117187509,-64.27518310546884,-24.480004882812523,18.239941406249955,1.548828125
1763688912.2379365,2,2,1,-0.1465507810404398,0.020801609287024722,0.38150258310529495,-9.29273294943498e-05,0.002739830024699671,-0.0010822335891392124,38.88002929687491,-19.199987792968727,-6.195166015625091,18.240014648437523,15.839990234375023,4.646289062499818,14.879907226562409,79.67995605468741,85.95849609375,-47.04013671875009,-60.00009765625009,-60.40317382812509,-24.480004882812523,18.239941406249955,-6.195068359375
1763688912.3311982,2,2,1,-0.19013956333617427,0.06370094957140943,0.3672346102385643,0.00041244092048525077,0.003577771062582419,-0.0008539217580173346,38.88002929687491,-21.600012207031227,-13.939062500000091,18.240014648437523,20.640008544921898,4.646289062499818,14.879907226562409,74.88002929687491,78.21435546875,-44.63999023437509,-55.20004882812509,-60.40317382812509,-26.879998779296898,15.840039062499955,-6.195068359375
1763688912.4379237,2,2,1,-0.14921392047784643,0.09200079682694616,0.3012729333242585,0.0011539992940594126,0.0025610261436766787,-0.0003299047111369718,34.07998046874991,-19.199987792968727,-13.939062500000091,15.840020751953148,20.640008544921898,0.7744628906248181,12.480004882812409,72.48000488281241,78.21435546875,-42.24008789062509,-55.20004882812509,-60.40317382812509,-26.879998779296898,15.840039062499955,-6.195068359375
1763688912.533393,2,2,1,-0.16793021521994422,0.13841893789059,0.3378690208142914,0.001855149878399155,0.003484989254820349,-0.0008648141364468307,38.88002929687491,-23.999975585937477,-13.939062500000091,18.240014648437523,18.239984130859398,4.646289062499818,14.879907226562409,72.48000488281241,74.342529296875,-42.24008789062509,-55.20004882812509,-60.40317382812509,-26.879998779296898,18.239941406249955,-6.195068359375
1763688912.7362466,2,2,1,-0.08246846640891173,0.17077119640681165,0.37095992282121115,0.0023146683645527497,0.0021013659089752163,-0.0010891477627997827,31.67995605468741,-19.199987792968727,-10.067236328125091,20.640008544921898,18.239984130859398,-3.097607421875182,14.879907226562409,70.07998046874991,74.342529296875,-39.83994140625009,-48.00009765625009,-60.40317382812509,-24.480004882812523,13.440014648437455,-10.067138671875
1763688913.0319345,2,2,1,-0.11606350620188603,0.1323605150173512,0.37036569469095293,0.0018387415711024694,0.0021044025076490842,-0.0006969702941376903,29.27993164062491,-21.600012207031227,-17.81113281250009,18.240014648437523,18.239984130859398,-3.097607421875182,12.480004882812409,67.67995605468741,74.342529296875,-37.44003906250009,-45.59995117187509,-56.53122558593759,-22.080010986328148,13.440014648437455,-10.067138671875
1763688913.1375275,2,2,1,-0.12435605808978484,0.06751703113098978,0.3347191657904995,0.0011253798617060088,0.0022695670764837474,-0.000863405245465585,31.67995605468741,-16.799963378906227,-13.939062500000091,20.640008544921898,20.640008544921898,-6.969677734375182,17.27993164062491,62.88002929687491,70.470458984375,-35.04013671875009,-48.00009765625009,-56.53122558593759,-26.879998779296898,11.039990234374955,-10.067138671875
1763688913.2346458,2,2,1,-0.15692650123683427,0.12411744287468526,0.385967452351038,0.0012546436076671694,0.0031077629030067896,-0.0008491441542556199,24.48000488281241,-21.600012207031227,-13.939062500000091,13.439996337890648,20.640008544921898,-3.097607421875182,14.879907226562409,60.48000488281241,62.7265625,-37.44003906250009,-43.20004882812509,-56.53122558593759,-24.480004882812523,11.039990234374955,-21.68310546875
1763688913.277733,2,2,1,-0.15827854247105622,0.11794124827969546,0.3034003790307997,0.001530758364497266,0.0023616044212068214,-0.0004861368928115356,29.27993164062491,-21.600012207031227,-21.68320312500009,15.840020751953148,18.239984130859398,-6.969677734375182,17.27993164062491,60.48000488281241,66.598388671875,-35.04013671875009,-38.40000000000009,-56.53122558593759,-22.080010986328148,15.840039062499955,-6.195068359375
1763688913.401434,2,2,1,-0.17721371637761976,0.11487967696491722,0.3890589083804355,0.001845598190301573,0.0032957120733013616,-0.0009226747505255997,29.27993164062491,-19.199987792968727,-13.939062500000091,18.240014648437523,18.239984130859398,-14.713574218750182,14.879907226562409,60.48000488281241,66.598388671875,-35.04013671875009,-43.20004882812509,-56.53122558593759,-26.879998779296898,11.039990234374955,-10.067138671875
1763688913.9363346,2,2,1,-0.13744306295419836,0.12412828915417587,0.3664004041380746,0.0007557745083730473,0.0028324893876530604,-0.00062393636786439,26.88002929687491,-21.600012207031227,-13.939062500000091,15.840020751953148,15.839990234375023,-6.969677734375182,17.27993164062491,53.28005371093741,62.7265625,-35.04013671875009,-38.40000000000009,-56.53122558593759,-19.679986572265648,8.639965820312455,-10.067138671875
1763688914.0449643,2,2,1,-0.17623532586447707,0.1187161845130785,0.2372496785200757,0.0016875030605198057,0.0024144038361398677,-0.00027449422146429993,26.88002929687491,-28.799963378906227,-17.81113281250009,20.640008544921898,15.839990234375023,-14.713574218750182,17.27993164062491,55.67995605468741,58.8544921875,-32.63999023437509,-33.59995117187509,-56.53122558593759,-24.480004882812523,13.440014648437455,-13.939208984375
1763688914.1384513,2,2,1,-0.13128311298679435,0.11124931519163295,0.26686042464350335,0.001133445666209569,0.00249312086648231,-0.00042227385397448827,24.48000488281241,-21.600012207031227,-21.68320312500009,15.840020751953148,20.640008544921898,-10.841748046875182,17.27993164062491,53.28005371093741,54.982421875,-30.24008789062509,-33.59995117187509,-48.78720703125009,-24.480004882812523,11.039990234374955,-17.811279296875
1763688914.1825488,2,2,1,-0.15780673250099247,0.08583832851742133,0.38600206315651137,0.0011111155647562793,0.0028413060458529807,-0.00092463140763116,26.88002929687491,-19.199987792968727,-21.68320312500009,20.640008544921898,18.239984130859398,-10.841748046875182,14.879907226562409,55.67995605468741,66.598388671875,-30.24008789062509,-36.00009765625009,-60.40317382812509,-19.679986572265648,13.440014648437455,-13.939208984375
1763688914.34218,2,2,1,-0.11537687152154602,0.13198387039673654,0.33569469735508156,0.0016621847225826583,0.0021820139331190386,-0.0004755342173727691,24.48000488281241,-21.600012207031227,-25.55502929687509,18.240014648437523,18.239984130859398,-14.713574218750182,14.879907226562409,50.88002929687491,58.8544921875,-30.24008789062509,-31.20004882812509,-56.53122558593759,-22.080010986328148,8.639965820312455,-10.067138671875
1763688914.368769,2,2,1,-0.1561503375108793,0.11535352323721271,0.3347436120111701,0.0010062518909632013,0.002810053176341745,-0.0007114638585570702,24.48000488281241,-21.600012207031227,-17.81113281250009,15.840020751953148,18.239984130859398,-14.713574218750182,10.079980468749909,50.88002929687491,58.8544921875,-32.63999023437509,-33.59995117187509,-60.40317382812509,-22.080010986328148,8.639965820312455,-10.067138671875
1763688914.4630916,2,2,1,-0.13024595705771783,0.14810395879377478,0.45238532883000626,0.0013034071215498276,0.0029769135413750068,-0.0009838521394167335,0,0,0,0,0,0,0,0,0,0,0,0,0,0,0
1763688914.730475,2,2,1,-0.1591560145760251,0.13497374193769582,0.37143246588560186,0.0018444442366984477,0.0030380910930964283,-0.0007745337440031015,26.88002929687491,-19.199987792968727,-25.55502929687509,13.439996337890648,18.239984130859398,-18.585644531250182,17.27993164062491,53.28005371093741,58.8544921875,-30.24008789062509,-28.80014648437509,-52.65921630859384,-19.679986572265648,11.039990234374955,-13.939208984375
1763688914.9344013,2,2,1,-0.13890901054087812,0.10709482065897519,0.3173288692227564,0.0009443940570370345,0.002283599539933779,-0.0005610760200840201,24.48000488281241,-19.199987792968727,-17.81113281250009,15.840020751953148,18.239984130859398,-14.713574218750182,17.27993164062491,48.48000488281241,51.1103515625,-30.24008789062509,-28.80014648437509,-56.53122558593759,-19.679986572265648,6.2399414062499545,-13.939208984375
1763688915.0426478,2,2,1,-0.13063151298890036,0.10880673475895458,0.3502487790608016,0.0009557346411789402,0.002969150887053534,-0.0008620384492284297,19.67995605468741,-19.199987792968727,-21.68320312500009,23.040002441406273,15.839990234375023,-10.841748046875182,17.27993164062491,53.28005371093741,47.238525390625,-27.83994140625009,-28.80014648437509,-52.65921630859384,-19.679986572265648,11.039990234374955,-17.811279296875
1763688915.1180775,2,2,1,-0.1560372497815981,0.10720365021825076,0.31767996192592174,0.0009474984484429338,0.0024278204374886567,-0.0003262749664560201,24.48000488281241,-16.799963378906227,-21.68320312500009,18.240014648437523,18.239984130859398,-18.585644531250182,12.480004882812409,48.48000488281241,51.1103515625,-27.83994140625009,-28.80014648437509,-52.65921630859384,-22.080010986328148,13.440014648437455,-17.811279296875
1763688915.2126827,2,2,1,-0.087179853222097,0.11736946431910746,0.43415613326613084,0.0010667619759552347,0.0016691996086524025,-0.0009110403048524368,22.07998046874991,-19.199987792968727,-21.68320312500009,15.840020751953148,20.640008544921898,-22.457714843750182,17.27993164062491,50.88002929687491,58.8544921875,-25.44003906250009,-28.80014648437509,-60.40317382812509,-19.679986572265648,6.2399414062499545,-17.811279296875
1763688915.3388891,2,2,1,-0.13889520396944754,0.11609024028730493,0.35117858548217457,0.0010225471736560814,0.0024761165757389804,-0.0007057547629665433,26.88002929687491,-19.199987792968727,-25.55502929687509,20.640008544921898,18.239984130859398,-22.457714843750182,14.879907226562409,48.48000488281241,54.982421875,-27.83994140625009,-28.80014648437509,-52.65921630859384,-17.279992675781273,3.8400390624999545,-21.68310546875
1763688915.431649,2,2,1,-0.15834045837132746,0.14431936255570388,0.38765265451849795,0.0017588994659407788,0.003121959644675293,-0.0006917385975453445,19.67995605468741,-21.600012207031227,-29.42709960937509,13.439996337890648,20.640008544921898,-14.713574218750182,12.480004882812409,50.88002929687491,51.1103515625,-32.63999023437509,-28.80014648437509,-60.40317382812509,-22.080010986328148,6.2399414062499545,-21.68310546875
1763688915.5404215,2,2,1,-0.13967136768767066,0.12485415992316987,0.4024024258216975,0.0012709388903490628,0.0027738263023371562,-0.0008434350586394788,22.07998046874991,-21.600012207031227,-29.42709960937509,15.840020751953148,15.839990234375023,-14.713574218750182,12.480004882812409,41.28005371093741,47.238525390625,-32.63999023437509,-28.80014648437509,-52.65921630859384,-22.080010986328148,8.639965820312455,-10.067138671875
1763688915.837211,2,2,1,-0.13968750481986184,0.10869185448039531,0.217154448643543,0.001102705407510673,0.001997285222318691,-0.00036182157415063233,24.48000488281241,-14.399999999999977,-25.55502929687509,13.439996337890648,15.839990234375023,-22.457714843750182,14.879907226562409,41.28005371093741,47.238525390625,-20.63999023437509,-21.59995117187509,-52.65921630859384,-17.279992675781273,6.2399414062499545,-17.811279296875
1763688916.0431356,2,2,1,-0.13945860934343346,0.08343713799130056,0.33268472988982295,0.0007439081822084429,0.003230004949818989,-0.0007105386116550409,19.67995605468741,-21.600012207031227,-25.55502929687509,18.240014648437523,20.640008544921898,-22.457714843750182,17.27993164062491,43.67995605468741,43.366455078125,-20.63999023437509,-19.20004882812509,-52.65921630859384,-17.279992675781273,3.8400390624999545,-25.55517578125
1763688916.1386278,2,2,1,-0.15827854247105622,0.11794124827969546,0.3034003790307997,0.001530758364497266,0.0023616044212068214,-0.0004861368928115356,19.67995605468741,-16.799963378906227,-25.55502929687509,15.840020751953148,15.839990234375023,-22.457714843750182,17.27993164062491,46.07998046874991,47.238525390625,-27.83994140625009,-24.00009765625009,-48.78720703125009,-22.080010986328148,8.639965820312455,-21.68310546875
1763688916.2362096,2,2,1,-0.1311412035133949,0.11095985312656692,0.3680332152187591,0.0011563622097630706,0.002506930923884811,-0.0006205515485304009,19.67995605468741,-19.199987792968727,-29.42709960937509,11.040002441406273,20.640008544921898,-22.457714843750182,14.879907226562409,43.67995605468741,43.366455078125,-25.44003906250009,-24.00009765625009,-52.65921630859384,-22.080010986328148,8.639965820312455,-17.811279296875
1763688916.2777965,2,2,1,-0.12951000444852706,0.1022233519569525,0.3501493478564602,0.0007459198080817617,0.0021126614318786726,-0.0007062447158840419,22.07998046874991,-21.600012207031227,-29.42709960937509,15.840020751953148,13.439996337890648,-18.585644531250182,17.27993164062491,46.07998046874991,47.238525390625,-25.44003906250009,-26.40000000000009,-56.53122558593759,-19.679986572265648,11.039990234374955,-17.811279296875
1763688916.4378996,2,2,1,-0.15742035798921053,0.14414269952283792,0.4717067245630334,0.0016050366963679728,0.003034032804939276,-0.0011314870764580968,0,0,0,0,0,0,0,0,0,0,0,0,0,0,0
1763688916.5343206,2,2,1,-0.16369978066509755,0.14025122340384039,0.3687018536200083,0.0010528138079637928,0.0027796643619994055,-0.0006231015814505311,19.67995605468741,-23.999975585937477,-25.55502929687509,13.439996337890648,18.239984130859398,-18.585644531250182,19.67995605468741,46.07998046874991,43.366455078125,-23.04013671875009,-24.00009765625009,-52.65921630859384,-19.679986572265648,3.8400390624999545,-17.811279296875
1763688916.6443212,2,2,1,-0.1308462985566965,0.14134703804114002,0.3858613552059995,0.0014111529455425823,0.0023169994102452893,-0.0006157838167106521,19.67995605468741,-19.199987792968727,-33.29916992187509,15.840020751953148,23.040002441406273,-22.457714843750182,19.67995605468741,41.28005371093741,47.238525390625,-25.44003906250009,-24.00009765625009,-48.78720703125009,-17.279992675781273,6.2399414062499545,-21.68310546875
1763688916.8442938,2,2,1,-0.15604872579487003,0.10537511640047759,0.4352285066147625,0.0009594256975112663,0.002819327446035281,-0.0005185309651263741,22.07998046874991,-19.199987792968727,-21.68320312500009,13.439996337890648,20.640008544921898,-18.585644531250182,17.27993164062491,41.28005371093741,47.238525390625,-20.63999023437509,-19.20004882812509,-52.65921630859384,-14.879998779296898,3.8400390624999545,-21.68310546875
1763688917.2356722,2,2,1,-0.17323676709645142,0.11331103646037616,0.5036127500148884,0.0010229307333628822,0.0033578698017450444,-0.0011197661564266042,22.07998046874991,-14.399999999999977,-25.55502929687509,18.240014648437523,18.239984130859398,-18.585644531250182,17.27993164062491,38.88002929687491,43.366455078125,-20.63999023437509,-21.59995117187509,-48.78720703125009,-17.279992675781273,11.039990234374955,-25.55517578125
1763688917.3304865,2,2,1,-0.12196915231892172,0.16764756191523666,0.36975277704404347,0.001627650450142688,0.001861252512384223,-0.0005448708263741507,19.67995605468741,-19.199987792968727,-29.42709960937509,15.840020751953148,18.239984130859398,-26.329541015625182,17.27993164062491,41.28005371093741,43.366455078125,-23.04013671875009,-16.80014648437509,-48.78720703125009,-17.279992675781273,6.2399414062499545,-29.42724609375
1763688917.641125,2,2,1,-0.15706802070346312,0.09526932968787052,0.3517635582736543,0.001010842166026924,0.0029199974654504023,-0.0008599335820422267,22.07998046874991,-21.600012207031227,-33.29916992187509,13.439996337890648,20.640008544921898,-22.457714843750182,17.27993164062491,41.28005371093741,43.366455078125,-15.839941406250091,-16.80014648437509,-60.40317382812509,-17.279992675781273,6.2399414062499545,-17.811279296875
1763688917.844413,2,2,1,-0.11490096792441894,0.18190096631199754,0.40484651575917324,0.002084270985714264,0.0019994195397076563,-0.0007661456675442875,22.07998046874991,-21.600012207031227,-33.29916992187509,18.240014648437523,18.239984130859398,-18.585644531250182,17.27993164062491,48.48000488281241,43.366455078125,-23.04013671875009,-26.40000000000009,-56.53122558593759,-17.279992675781273,6.2399414062499545,-25.55517578125
1763688918.0357316,2,2,1,-0.03512308692076784,0.1529303429241074,0.29935392460794574,0.0013549944409529534,-0.00011757447503685237,-0.0002581014450554253,29.27993164062491,-21.600012207031227,-10.067236328125091,18.240014648437523,18.239984130859398,-6.969677734375182,17.27993164062491,65.28005371093741,58.8544921875,-35.04013671875009,-45.59995117187509,-56.53122558593759,-24.480004882812523,15.840039062499955,-10.067138671875
1763688918.9319482,2,2,1,-0.22812261182820695,-0.00596212058423938,-0.575144569216014,-0.003972391014406956,0.005882284122792824,-0.0002646946540718943,67.67995605468741,2.3999877929687727,17.03676757812491,20.640008544921898,44.6400085449219,47.23833007812482,2.879907226562409,134.8800292968749,120.806396484375,-80.63999023437509,-146.4000000000001,-87.50717773437509,-22.080010986328148,27.840039062499955,20.90869140625
1763688919.051366,2,2,1,-0.20999812119040573,0.024514414256074993,-0.6252449361877614,-0.003912212613704571,0.005441217681982292,-0.0007542960800430937,72.48000488281241,2.3999877929687727,17.03676757812491,23.040002441406273,42.2399841308594,54.98247070312482,-1.920019531250091,142.0799804687499,128.550537109375,-95.04013671875009,-156.0000976562501,-87.50717773437509,-17.279992675781273,32.639965820312455,32.52490234375
1763688919.1594439,2,2,1,-0.18206265838548602,0.04827450509857982,-0.7298526521009401,-0.004226397916645415,0.005444869521514991,0.0002210904561319091,79.67995605468741,9.600000000000023,20.90883789062491,23.040002441406273,54.2399841308594,58.85429687499982,-4.320043945312591,151.6799560546874,132.42236328125,-99.83994140625009,-175.2000488281251,-83.63522949218759,-17.279992675781273,30.239941406249955,32.52490234375
1763688919.334068,2,2,1,-0.22850795573714494,-0.022832532015274493,-0.9282992897919904,-0.004210750778933811,0.005283383133243215,-0.00031235561923811743,86.88002929687491,7.200036621093773,32.52480468749991,20.640008544921898,51.83999023437502,70.47026367187482,-4.320043945312591,168.4800048828124,144.038330078125,-111.83994140625009,-192.0000976562501,-91.37918701171884,-24.480004882812523,35.039990234374955,40.268798828125
1763688919.443309,2,2,1,-0.2029642392607199,0.023597927193076407,-1.1321714224692798,-0.004084643072112642,0.00700456277771022,-0.0007793787873527578,91.67995605468741,12.000024414062523,32.52480468749991,15.840020751953148,54.2399841308594,78.21440429687482,-6.720068359375091,182.8800292968749,163.3984375,-119.04013671875009,-211.2000488281251,-91.37918701171884,-19.679986572265648,37.440014648437455,40.268798828125
1763688919.5483227,2,2,1,-0.15733501801099425,0.06135126688069689,-1.2348555010151452,-0.004291034237354562,0.005744071583090929,-0.000664443995454578,98.88002929687491,16.800012207031273,44.14077148437491,20.640008544921898,61.43999633789065,78.21440429687482,-9.120092773437591,190.0799804687499,171.142333984375,-128.6399902343751,-225.5999511718751,-99.12320556640634,-26.879998779296898,32.639965820312455,51.884765625
1763688919.6459205,2,2,1,-0.17808074957971615,0.00951558031075564,-1.3765262132818439,-0.00612292892132897,0.007388835716791398,-0.0009525701810869522,110.88002929687491,21.600000000000023,48.01284179687491,20.640008544921898,63.83999023437502,97.57426757812482,-6.720068359375091,209.2799316406249,186.63037109375,-128.6399902343751,-244.8001464843751,-102.99521484375009,-26.879998779296898,42.239941406249955,59.62890625
1763688919.8309174,2,2,1,-0.16997196006558132,-0.00377355181983835,-1.8788363967566832,-0.006182584787639247,0.004732194350307557,-0.0007408209047683685,120.48000488281241,21.600000000000023,48.01284179687491,23.040002441406273,71.04000244140627,113.06254882812482,-13.920019531250091,240.4801269531249,198.246337890625,-152.6399902343751,-280.8001464843751,-114.61118164062509,-26.879998779296898,42.239941406249955,71.244873046875
1763688919.9388232,2,2,1,-0.17065747287251165,0.013900406861231014,-1.7433041462433603,-0.005841311314996869,0.0052275982502222535,-0.0010050826214053385,0,0,0,0,0,0,0,0,0,0,0,0,0,0,0
1763688920.2343159,2,2,1,-0.1199281505286994,-0.1300128262063867,-2.7804208406659843,-0.013165943254604618,0.003730084076156285,-0.0005355315848440487,156.4800048828124,38.40004882812502,75.11684570312491,23.040002441406273,95.04000244140627,140.16655273437482,-23.51999511718759,302.8800292968749,252.454345703125,-193.4400390625001,-364.8001464843751,-141.7151855468751,-34.08001098632815,54.239941406249955,90.604736328125
1763688920.3444343,2,2,1,-0.1542748908440798,-0.14181134365345374,-2.9344773174662246,-0.013694472725015176,0.006821109370291298,-0.0012946010912499863,166.0799804687499,38.40004882812502,78.98891601562491,25.439996337890648,95.04000244140627,147.91020507812482,-25.92001953125009,319.6800781249999,260.198486328125,-205.4400390625001,-386.4000000000001,-141.7151855468751,-36.48000488281252,54.239941406249955,102.220703125
1763688920.4371946,2,2,1,-0.16057053768508517,-0.12142166326009755,-3.24111549629878,-0.014286062062978284,0.007939322940670542,-0.0006264116089492905,168.4800048828124,36.00002441406252,82.86074218749991,25.439996337890648,99.83999023437502,155.65434570312482,-25.92001953125009,331.6800781249999,275.6865234375,-219.8399414062501,-400.8001464843751,-153.33121337890634,-41.27999267578127,51.840039062499955,102.220703125
1763688920.530732,2,2,1,-0.1608123342951192,-0.11358296183129543,-3.457251629150563,-0.01409852220086439,0.006137043681475762,-0.0004693412690172392,175.6799560546874,43.19997558593752,86.73281249999991,27.840020751953148,109.43999633789065,159.52641601562482,-23.51999511718759,338.8800292968749,283.430419921875,-229.4400390625001,-415.2000488281251,-161.0751708984376,-34.08001098632815,54.239941406249955,106.0927734375
1763688920.6391776,2,2,1,-0.2069908099910479,-0.1624007998534841,-3.602023456856009,-0.016278994984672245,0.01080577875453556,-0.0009940997244552777,185.2799316406249,45.60000000000002,94.47695312499991,25.439996337890648,116.6400085449219,175.01420898437482,-28.32004394531259,360.4801269531249,291.174560546875,-231.8399414062501,-429.5999511718751,-161.0751708984376,-41.27999267578127,56.639965820312455,102.220703125
1763688920.733312,2,2,1,-0.15843784908618336,-0.11765007362904446,-3.918934741137824,-0.01531370855832276,0.009418425543005489,-0.000794864265978937,185.2799316406249,40.80007324218752,102.22084960937491,25.439996337890648,114.2399841308594,171.14213867187482,-30.72006835937509,374.8800292968749,314.406494140625,-248.6399902343751,-451.2000488281251,-168.8191894531251,-41.27999267578127,61.440014648437455,106.0927734375
1763688920.8393707,2,2,1,-0.15943246779857861,-0.11351224126896706,-4.320684800830763,-0.015233002204041555,0.008544003124108785,-0.0011731223028762375,0,0,0,0,0,0,0,0,0,0,0,0,0,0,0
1763688920.9327981,2,2,1,-0.17638479844639426,-0.1433362754729835,-4.557115342525603,-0.015720382405527887,0.008755710078528562,-0.0012569490507057272,209.2799316406249,48.00002441406252,106.09291992187491,30.240014648437523,119.04000244140627,190.50249023437482,-33.12009277343759,401.2799316406249,333.766357421875,-272.6399902343751,-492.0000976562501,-172.69119873046884,-46.08001098632815,68.63996582031245,121.580810546875
1763688920.976974,2,2,1,-0.1760573150864122,-0.1548888763219609,-4.676760464511447,-0.01601366926393691,0.009199584174882036,-0.0009089476697791795,214.0799804687499,48.00002441406252,113.83681640624991,30.240014648437523,126.24001464843752,198.24614257812482,-37.92001953125009,406.0799804687499,341.510498046875,-279.8399414062501,-499.2000488281251,-180.43521728515634,-46.08001098632815,71.03999023437495,129.32470703125
1763688921.0712163,2,2,1,-0.12851511042042918,-0.06262377850422077,-4.886697852647853,-0.014122411618714295,0.005881478745787296,-0.0012975080853680147,218.8800292968749,55.19997558593752,113.83681640624991,30.240014648437523,131.04000244140627,213.73442382812482,-42.72006835937509,422.8800292968749,356.99853515625,-294.2400878906251,-528.0000976562501,-188.1791748046876,-43.67998657226565,68.63996582031245,129.32470703125
1763688921.2314665,2,2,1,-0.14688920911678338,-0.08672225904688832,-5.696625234287928,-0.014742997406920526,0.007344579198171928,-0.001274268987218839,228.4800048828124,57.60000000000002,125.45278320312491,23.040002441406273,138.24001464843752,221.47856445312482,-47.51999511718759,446.8800292968749,387.974365234375,-306.2400878906251,-561.5999511718751,-180.43521728515634,-43.67998657226565,78.23994140624995,133.19677734375
1763688921.2595026,2,2,1,-0.13935245070945246,-0.10331806471430768,-5.663571938088534,-0.01470299581229713,0.007755466297533603,-0.0012607781624229038,230.8800292968749,60.00002441406252,129.3248535156249,20.640008544921898,143.04000244140627,221.47856445312482,-52.32004394531259,456.4801269531249,395.718505859375,-308.6399902343751,-573.5999511718751,-188.1791748046876,-46.08001098632815,80.63996582031245,133.19677734375
1763688921.3524654,2,2,1,-0.14362944500831942,-0.09663659535182735,-6.069793948375595,-0.015782916423011772,0.007171081433873855,-0.0017240298764802137,235.6799560546874,67.19997558593752,140.9408203124999,20.640008544921898,152.6400085449219,240.83842773437482,-52.32004394531259,468.4801269531249,403.46240234375,-330.2400878906251,-604.8001464843751,-188.1791748046876,-43.67998657226565,80.63996582031245,137.06884765625
1763688921.4621255,2,2,1,-0.16150214037316532,-0.04729183587785306,-6.657941379646315,-0.015546883446844708,0.007615538819952724,-0.0010772322157708333,245.2799316406249,64.80007324218752,144.8128906249999,23.040002441406273,155.04000244140627,244.71049804687482,-57.12009277343759,480.4801269531249,418.950439453125,-332.6399902343751,-619.2000488281251,-188.1791748046876,-48.48000488281252,92.63996582031245,148.684814453125
1763688921.5431588,2,2,1,-0.10549914288949885,-0.06014807248757896,-6.757203610288792,-0.014839917952015714,0.0068624559543857,-0.001578035475538307,235.6799560546874,64.80007324218752,144.8128906249999,23.040002441406273,155.04000244140627,248.58256835937482,-59.51999511718759,478.0799804687499,418.950439453125,-330.2400878906251,-616.8001464843751,-192.05118408203134,-43.67998657226565,87.84003906249995,144.812744140625
1763688921.6494923,2,2,1,-0.08252023309797157,0.01470660819438531,-6.531046994959194,-0.013123228385776219,0.004266148197732236,-0.0013406617797265441,238.0799804687499,64.80007324218752,144.8128906249999,23.040002441406273,157.43999633789065,244.71049804687482,-59.51999511718759,475.6800781249999,422.822509765625,-327.8399414062501,-624.0000976562501,-184.3072265625001,-48.48000488281252,90.23994140624995,140.94091796875
1763688921.7418597,2,2,1,-0.07854880548083289,-0.00847453009951829,-6.460172024657744,-0.012288430782556075,0.004075739520369929,-0.001622450226733543,238.0799804687499,67.19997558593752,144.8128906249999,20.640008544921898,150.24001464843752,244.71049804687482,-57.12009277343759,475.6800781249999,411.20654296875,-325.4400390625001,-619.2000488281251,-184.3072265625001,-46.08001098632815,87.84003906249995,144.812744140625
1763688921.8387182,2,2,1,-0.11325245254511385,-0.022885813414717765,-6.360060970659883,-0.012383285371961443,0.005504825095065867,-0.0011944197960968017,238.0799804687499,64.80007324218752,152.5567871093749,25.439996337890648,152.6400085449219,240.83842773437482,-59.51999511718759,480.4801269531249,418.950439453125,-327.8399414062501,-621.6001953125001,-184.3072265625001,-48.48000488281252,87.84003906249995,144.812744140625
1763688921.9441738,2,2,1,-0.05517980372907666,0.010617746399460712,-6.3223603433552,-0.011406071899737493,0.0029641629904152353,-0.0015714171867345313,233.2799316406249,62.40004882812502,148.6849609374999,18.240014648437523,150.24001464843752,240.83842773437482,-57.12009277343759,473.2799316406249,411.20654296875,-330.2400878906251,-619.2000488281251,-180.43521728515634,-46.08001098632815,87.84003906249995,140.94091796875
1763688922.042481,2,2,1,-0.0915646998201548,0.004012037052116668,-6.170692792910417,-0.011095155111354412,0.004982410895775218,-0.001280106415327989,235.6799560546874,67.19997558593752,144.8128906249999,18.240014648437523,150.24001464843752,244.71049804687482,-54.72006835937509,470.8800292968749,415.078369140625,-325.4400390625001,-619.2000488281251,-184.3072265625001,-41.27999267578127,90.23994140624995,137.06884765625
1763688922.1370895,2,2,1,-0.06140878936808784,0.05451462132616214,-6.231043287597892,-0.009492129948604055,0.002387150461483285,-0.0009871092667095085,235.6799560546874,67.19997558593752,144.8128906249999,23.040002441406273,152.6400085449219,244.71049804687482,-54.72006835937509,475.6800781249999,426.6943359375,-327.8399414062501,-616.8001464843751,-172.69119873046884,-46.08001098632815,87.84003906249995,144.812744140625
1763688922.3387258,2,2,1,-0.027903317534048525,0.0240302803021119,-6.063526535320407,-0.009532386696358409,0.0022265601718696936,-0.0016286232187121522,233.2799316406249,64.80007324218752,148.6849609374999,18.240014648437523,147.83999023437502,244.71049804687482,-54.72006835937509,475.6800781249999,426.6943359375,-325.4400390625001,-619.2000488281251,-180.43521728515634,-46.08001098632815,92.63996582031245,148.684814453125
1763688922.842096,2,2,1,-0.0326785636417909,0.03669720059616847,-5.839481757889387,-0.008180738527184227,0.0018429738024376687,-0.0014656731261844444,230.8800292968749,64.80007324218752,144.8128906249999,15.840020751953148,147.83999023437502,240.83842773437482,-54.72006835937509,473.2799316406249,422.822509765625,-323.0401367187501,-614.4000000000001,-180.43521728515634,-48.48000488281252,92.63996582031245,140.94091796875
1763688922.9344015,2,2,1,-0.039514880784988556,0.06191178125172157,-5.873356335040187,-0.0083191438501409,0.001702215157651038,-0.0014024066172121145,230.8800292968749,62.40004882812502,148.6849609374999,20.640008544921898,145.43999633789065,240.83842773437482,-54.72006835937509,473.2799316406249,422.822509765625,-327.8399414062501,-616.8001464843751,-172.69119873046884,-48.48000488281252,87.84003906249995,137.06884765625
1763688923.047316,2,2,1,-0.01580661649408764,0.06957015785392787,-5.855445178996723,-0.007723531119352669,0.0010310569279287536,-0.0007688998614692139,228.4800048828124,64.80007324218752,144.8128906249999,18.240014648437523,147.83999023437502,236.96635742187482,-59.51999511718759,475.6800781249999,422.822509765625,-325.4400390625001,-616.8001464843751,-176.5632080078126,-43.67998657226565,92.63996582031245,144.812744140625
1763688923.1359859,2,2,1,-0.062244148219669726,0.05467024666205504,-5.808490439819323,-0.009035915771216521,0.002268167589562893,-0.001303300171492813,228.4800048828124,62.40004882812502,144.8128906249999,11.040002441406273,143.04000244140627,248.58256835937482,-52.32004394531259,470.8800292968749,418.950439453125,-325.4400390625001,-616.8001464843751,-180.43521728515634,-48.48000488281252,90.23994140624995,140.94091796875
1763688923.232051,2,2,1,-0.029899538177541672,0.07692632655293277,-5.789978389729088,-0.008330700418418236,0.0015282467976866446,-0.0011395374858717818,233.2799316406249,62.40004882812502,148.6849609374999,13.439996337890648,145.43999633789065,244.71049804687482,-57.12009277343759,473.2799316406249,426.6943359375,-325.4400390625001,-616.8001464843751,-176.5632080078126,-48.48000488281252,90.23994140624995,144.812744140625
1763688923.3392773,2,2,1,-0.046889446266522576,0.015442658243975081,-5.808729669853511,-0.009018627851767947,0.002145486648817924,-0.001378155507757801,230.8800292968749,64.80007324218752,148.6849609374999,15.840020751953148,147.83999023437502,248.58256835937482,-57.12009277343759,478.0799804687499,426.6943359375,-327.8399414062501,-616.8001464843751,-164.94718017578134,-50.8799987792969,90.23994140624995,137.06884765625
1763688923.4324818,2,2,1,-0.04937322434432288,0.06815746262858505,-5.804771863351273,-0.0078969030137948,0.001604091699062454,-0.0007511218565955371,230.8800292968749,67.19997558593752,144.8128906249999,18.240014648437523,145.43999633789065,244.71049804687482,-54.72006835937509,470.8800292968749,426.6943359375,-327.8399414062501,-616.8001464843751,-172.69119873046884,-41.27999267578127,90.23994140624995,137.06884765625
1763688923.634738,2,2,1,-0.09469364727952363,0.042358984981310424,-5.700734172559567,-0.007596920838329486,0.002305161831945738,-0.001257251116015708,233.2799316406249,62.40004882812502,148.6849609374999,11.040002441406273,147.83999023437502,236.96635742187482,-54.72006835937509,473.2799316406249,426.6943359375,-323.0401367187501,-616.8001464843751,-172.69119873046884,-46.08001098632815,87.84003906249995,137.06884765625
1763688923.7444024,2,2,1,-0.06040010686273936,0.05308398031796722,-5.785390589720761,-0.007530363061102795,0.0018142742654559223,-0.0014448036310500205,228.4800048828124,67.19997558593752,148.6849609374999,15.840020751953148,143.04000244140627,248.58256835937482,-52.32004394531259,473.2799316406249,430.56640625,-325.4400390625001,-616.8001464843751,-172.69119873046884,-50.8799987792969,90.23994140624995,137.06884765625
1763688923.83746,2,2,1,-0.02044301595573307,0.04136155999452721,-5.784227803442772,-0.006935134118379253,0.0009174023880420459,-0.0012066271598212726,228.4800048828124,62.40004882812502,148.6849609374999,8.640008544921898,145.43999633789065,240.83842773437482,-54.72006835937509,470.8800292968749,430.56640625,-325.4400390625001,-619.2000488281251,-172.69119873046884,-46.08001098632815,87.84003906249995,144.812744140625
1763688924.0415351,2,2,1,-0.04255649754408522,0.0748709404676071,-5.583142420436393,-0.007278515617421181,0.0011185976718599833,-0.0012172587778819426,228.4800048828124,64.80007324218752,148.6849609374999,18.240014648437523,145.43999633789065,244.71049804687482,-57.12009277343759,473.2799316406249,426.6943359375,-325.4400390625001,-616.8001464843751,-176.5632080078126,-46.08001098632815,95.03999023437495,137.06884765625
1763688924.338632,2,2,1,-0.04354291096998357,0.0676386608642889,-4.924105983155103,-0.006632724536081224,0.00037421927793828205,-0.0012912697720248037,218.8800292968749,55.19997558593752,133.1969238281249,15.840020751953148,128.6400085449219,221.47856445312482,-47.51999511718759,442.0799804687499,395.718505859375,-301.4400390625001,-573.5999511718751,-161.0751708984376,-50.8799987792969,83.03999023437495,133.19677734375
1763688924.434627,2,2,1,0.040773642930843824,0.10644590631885402,-4.391266109315939,-0.003421787887488313,-0.0032449001825762217,-0.0010133879784832483,206.8800292968749,50.40004882812502,129.3248535156249,18.240014648437523,119.04000244140627,213.73442382812482,-45.12009277343759,434.8800292968749,391.846435546875,-289.4400390625001,-549.5999511718751,-157.2032226562501,-46.08001098632815,80.63996582031245,129.32470703125
1763688924.6480525,2,2,1,0.0368138687775835,0.13943003544342486,-3.5677306253255745,-0.0035852119053743133,-0.0033086042965416286,-0.001270087321590195,192.4800048828124,45.60000000000002,113.83681640624991,18.240014648437523,102.2399841308594,190.50249023437482,-33.12009277343759,394.0799804687499,353.12646484375,-255.8399414062501,-492.0000976562501,-137.84317626953134,-50.8799987792969,75.84003906249995,109.96484375
1763688924.842897,2,2,1,0.09776776559930342,0.15674659134541974,-2.5042794429313195,0.001292002929608663,-0.00850108134680999,-0.0012628050988055628,166.0799804687499,38.40004882812502,102.22084960937491,15.840020751953148,87.83999023437502,159.52641601562482,-25.92001953125009,348.4801269531249,318.278564453125,-217.4400390625001,-424.8001464843751,-126.22720947265634,-48.48000488281252,63.840039062499955,102.220703125
1763688925.0489306,2,2,1,0.05833241083874029,0.1667285604118037,-1.6761580347252263,0.002764023522085584,-0.005702868701324918,-0.0012733208890873893,158.8800292968749,31.200036621093773,82.86074218749991,15.840020751953148,66.2399841308594,144.03813476562482,-13.920019531250091,326.8800292968749,283.430419921875,-181.4400390625001,-364.8001464843751,-102.99521484375009,-46.08001098632815,54.239941406249955,98.348876953125
1763688925.2321053,2,2,1,-0.13444769748881305,0.5495807022340349,-1.103794172107036,0.005859960720155171,-0.004851318611150667,-0.001009556569493271,132.4800048828124,14.399987792968773,75.11684570312491,18.240014648437523,54.2399841308594,116.93413085937482,-6.720068359375091,274.0799804687499,244.71044921875,-157.4400390625001,-307.2000488281251,-95.25119628906259,-41.27999267578127,47.039990234374955,90.604736328125
1763688925.3447413,2,2,1,-0.24315586256493946,0.47052988516180694,-0.832416998634191,0.006268819963437219,-0.001246195966843184,-0.0005115775213767482,120.48000488281241,16.800012207031273,63.50087890624991,11.040002441406273,49.43999633789065,116.93413085937482,-9.120092773437591,259.6800781249999,233.094482421875,-155.0401367187501,-295.2000488281251,-95.25119628906259,-43.67998657226565,51.840039062499955,86.73291015625
1763688925.6393557,2,2,1,0.19385590209029813,-0.09795258859485616,-0.256563183460657,-0.002504788330080144,-0.004015788699477065,-0.001782715295342823,0,0,0,0,0,0,0,0,0,0,0,0,0,0,0
1763688926.4357467,2,2,1,-0.22767263704842466,0.11454948568496272,0.23417634180944097,0.0012717804801327612,0.006223306724060452,-0.0004322804085828938,55.67995605468741,-14.399999999999977,20.90883789062491,13.439996337890648,27.839990234375023,35.62236328124982,5.279931640624909,120.48000488281241,120.806396484375,-75.83994140625009,-115.20004882812509,-64.27518310546884,-29.279992675781273,30.239941406249955,13.164794921875
1763688926.9385262,2,2,1,-0.2464219390437731,0.15476269071817747,0.4916464766181658,0.002153875098955426,0.006154544723056755,-0.0014344486300106045,0,0,0,0,0,0,0,0,0,0,0,0,0,0,0
1763688927.231949,2,2,1,-0.1381936407534737,0.14200632941029895,0.45121855721399584,0.0010888600540997612,0.0033192603567256808,-0.0006718230697917783,43.67995605468741,-16.799963378906227,1.548730468749909,15.840020751953148,20.640008544921898,12.390429687499818,12.480004882812409,91.67995605468741,105.318359375,-56.63999023437509,-79.20004882812509,-60.40317382812509,-29.279992675781273,23.039990234374955,9.292724609375
1763688927.340965,2,2,1,-0.14635563390040265,0.12489940469060534,0.433599437609403,0.000759007724572528,0.003860610261090444,-0.0011469829085062173,46.07998046874991,-14.399999999999977,-2.323095703125091,15.840020751953148,27.839990234375023,16.262255859374818,10.079980468749909,91.67995605468741,97.574462890625,-56.63999023437509,-74.40000000000009,-64.27518310546884,-24.480004882812523,23.039990234374955,1.548828125
1763688927.4350567,2,2,1,-0.13839979666626728,0.16150701988375324,0.28289978122105774,0.0012040042463563533,0.003481781477989818,-0.0003422123384324539,46.07998046874991,-14.399999999999977,-6.195166015625091,20.640008544921898,23.040002441406273,12.390429687499818,12.480004882812409,91.67995605468741,93.702392578125,-56.63999023437509,-72.00009765625009,-56.53122558593759,-26.879998779296898,15.840039062499955,5.4208984375
1763688927.6370125,2,2,1,-0.16362293625750912,0.14016584287157818,0.4191605471528079,0.0010675424360473006,0.00278484149401431,-0.0006050042604159665,41.27993164062491,-19.199987792968727,-6.195166015625091,20.640008544921898,23.040002441406273,12.390429687499818,12.480004882812409,86.88002929687491,97.574462890625,-51.83994140625009,-67.20004882812509,-56.53122558593759,-26.879998779296898,15.840039062499955,5.4208984375
1763688928.1357322,2,2,1,-0.0866201128194775,0.11614727309473494,0.3826990697383148,0.000870805453343436,0.00193652673709278,-0.0009301143772887576,41.27993164062491,-16.799963378906227,-6.195166015625091,13.439996337890648,23.040002441406273,4.646289062499818,14.879907226562409,82.07998046874991,93.702392578125,-47.04013671875009,-60.00009765625009,-56.53122558593759,-24.480004882812523,13.440014648437455,-2.3232421875
1763688928.2473063,2,2,1,-0.17392491373603325,0.12552794220260743,0.37045359804329725,0.0012556558677533237,0.002881198436722727,-0.0010893094701466249,0,0,0,0,0,0,0,0,0,0,0,0,0,0,0
1763688928.5435429,2,2,1,-0.1311391762849655,0.11983657175905973,0.4021383350149049,0.0012279746133999178,0.0027029037530660045,-0.000999702628234198,38.88002929687491,-19.199987792968727,-17.81113281250009,18.240014648437523,20.640008544921898,0.7744628906248181,12.480004882812409,79.67995605468741,85.95849609375,-49.44003906250009,-62.40000000000009,-56.53122558593759,-26.879998779296898,15.840039062499955,-2.3232421875
1763688928.744707,2,2,1,-0.13970924822913403,0.09490435852243424,0.5027885461451183,0.001051923658560336,0.0027913079637182123,-0.001040442672786238,34.07998046874991,-16.799963378906227,-6.195166015625091,20.640008544921898,23.040002441406273,0.7744628906248181,14.879907226562409,72.48000488281241,82.08642578125,-42.24008789062509,-52.80014648437509,-56.53122558593759,-26.879998779296898,15.840039062499955,1.548828125
1763688928.757912,2,2,1,-0.1380125554926233,0.1341084980315506,0.4522179909994902,0.001016802721788539,0.00276459088216891,-0.0012184857121059652,36.48000488281241,-23.999975585937477,-10.067236328125091,15.840020751953148,15.839990234375023,-3.097607421875182,17.27993164062491,77.28005371093741,82.08642578125,-42.24008789062509,-55.20004882812509,-52.65921630859384,-24.480004882812523,15.840039062499955,-6.195068359375
1763688928.8683167,2,2,1,-0.15728159767227468,0.1176792046884664,0.4379131425898967,0.0013916242232706046,0.002278854713088398,-0.0009077880504908261,38.88002929687491,-16.799963378906227,-10.067236328125091,13.439996337890648,18.239984130859398,-6.969677734375182,19.67995605468741,70.07998046874991,82.08642578125,-44.63999023437509,-57.59995117187509,-56.53122558593759,-24.480004882812523,18.239941406249955,-6.195068359375
1763688929.0457098,2,2,1,-0.1482780729478038,0.13712401444768177,0.5036060840442591,0.0013892549042610564,0.0034235957640172295,-0.0010421995520520852,38.88002929687491,-19.199987792968727,-10.067236328125091,18.240014648437523,20.640008544921898,-3.097607421875182,14.879907226562409,67.67995605468741,74.342529296875,-42.24008789062509,-50.40000000000009,-60.40317382812509,-29.279992675781273,11.039990234374955,-6.195068359375
1763688929.243385,2,2,1,-0.13047773751971128,0.08120823123792582,0.40084192147245773,0.0007458390369832722,0.0024174985559617204,-0.0010771272678364201,31.67995605468741,-21.600012207031227,-21.68320312500009,15.840020751953148,18.239984130859398,0.7744628906248181,17.27993164062491,72.48000488281241,74.342529296875,-37.44003906250009,-50.40000000000009,-56.53122558593759,-24.480004882812523,11.039990234374955,-6.195068359375
1763688929.3506267,2,2,1,-0.16662731808297573,0.12222789087007195,0.4560621645529551,0.0015917456746324748,0.0024618815401914566,-0.0012134667074698193,31.67995605468741,-19.199987792968727,-13.939062500000091,15.840020751953148,20.640008544921898,-10.841748046875182,14.879907226562409,70.07998046874991,78.21435546875,-42.24008789062509,-48.00009765625009,-52.65921630859384,-19.679986572265648,15.840039062499955,-2.3232421875
1763688929.5422075,2,2,1,-0.15349699772584913,0.14460667434684565,0.4179979244511449,0.0007622540753386611,0.002696050599177126,-0.000919947467496255,29.27993164062491,-19.199987792968727,-10.067236328125091,15.840020751953148,20.640008544921898,-3.097607421875182,12.480004882812409,67.67995605468741,78.21435546875,-39.83994140625009,-45.59995117187509,-52.65921630859384,-24.480004882812523,13.440014648437455,-6.195068359375
1763688929.646284,2,2,1,-0.11439049741526515,0.12147269750671173,0.5209998726197513,0.0014418736208583229,0.0021137287424939574,-0.0014257668131189838,29.27993164062491,-19.199987792968727,-17.81113281250009,18.240014648437523,18.239984130859398,-10.841748046875182,14.879907226562409,58.07998046874991,66.598388671875,-39.83994140625009,-43.20004882812509,-52.65921630859384,-22.080010986328148,11.039990234374955,-13.939208984375
1763688929.7423089,2,2,1,-0.12338517582329528,0.11470618459540814,0.41899296474336667,0.0013617896494080163,0.0027337181011187787,-0.0009144994137530274,31.67995605468741,-21.600012207031227,-17.81113281250009,13.439996337890648,18.239984130859398,-3.097607421875182,14.879907226562409,65.28005371093741,74.342529296875,-37.44003906250009,-43.20004882812509,-60.40317382812509,-19.679986572265648,13.440014648437455,-17.811279296875
1763688929.8353736,2,2,1,-0.13076419111432708,0.14888466653424806,0.5550672964949873,0.0014944701335814173,0.002725130925314772,-0.0016500977569821368,29.27993164062491,-21.600012207031227,-17.81113281250009,15.840020751953148,20.640008544921898,-6.969677734375182,17.27993164062491,65.28005371093741,66.598388671875,-39.83994140625009,-40.80014648437509,-56.53122558593759,-26.879998779296898,15.840039062499955,-6.195068359375
1763688929.9472866,2,2,1,-0.12301100924186067,0.12474713239433105,0.5883538145767596,0.0014820365182213653,0.002570981168292137,-0.0014798525635090428,31.67995605468741,-23.999975585937477,-17.81113281250009,15.840020751953148,18.239984130859398,-10.841748046875182,14.879907226562409,62.88002929687491,70.470458984375,-39.83994140625009,-43.20004882812509,-60.40317382812509,-24.480004882812523,11.039990234374955,-10.067138671875
1763688930.0417888,2,2,1,-0.17408887000000045,0.11373974114467825,0.4376217638292651,0.0011634896130869976,0.0032733599062158463,-0.0016118692128435665,29.27993164062491,-19.199987792968727,-10.067236328125091,18.240014648437523,20.640008544921898,-10.841748046875182,17.27993164062491,60.48000488281241,70.470458984375,-37.44003906250009,-40.80014648437509,-60.40317382812509,-24.480004882812523,15.840039062499955,-10.067138671875
1763688930.1332977,2,2,1,-0.13359650229889547,0.10897832298362517,0.4545944253983486,0.0016427848251359368,0.0030277692113018606,-0.0015253860458125557,26.88002929687491,-23.999975585937477,-21.68320312500009,18.240014648437523,13.439996337890648,-6.969677734375182,12.480004882812409,58.07998046874991,66.598388671875,-37.44003906250009,-36.00009765625009,-48.78720703125009,-24.480004882812523,11.039990234374955,-6.195068359375
1763688930.242837,2,2,1,-0.1296239974333972,0.11879382046441775,0.43396913094460976,0.0008977774596142618,0.002871936661244693,-0.0007551081690812918,29.27993164062491,-21.600012207031227,-13.939062500000091,15.840020751953148,18.239984130859398,-10.841748046875182,14.879907226562409,60.48000488281241,66.598388671875,-37.44003906250009,-40.80014648437509,-56.53122558593759,-22.080010986328148,13.440014648437455,-10.067138671875
1763688930.3359766,2,2,1,-0.1299132101931658,0.13115864769386998,0.5201970298996681,0.0011891946414239799,0.002236625501230244,-0.0011151690597951379,29.27993164062491,-19.199987792968727,-13.939062500000091,13.439996337890648,23.040002441406273,-10.841748046875182,14.879907226562409,58.07998046874991,62.7265625,-39.83994140625009,-38.40000000000009,-56.53122558593759,-22.080010986328148,11.039990234374955,-10.067138671875
1763688930.5385737,2,2,1,-0.12917570700271108,0.15072007713671493,0.4354215168368484,0.001163557489872801,0.0023043081964548196,-0.0007563621332147151,29.27993164062491,-23.999975585937477,-17.81113281250009,15.840020751953148,20.640008544921898,-10.841748046875182,12.480004882812409,60.48000488281241,58.8544921875,-35.04013671875009,-43.20004882812509,-56.53122558593759,-22.080010986328148,6.2399414062499545,-10.067138671875
1763688931.03664,2,2,1,-0.11546480193452939,0.10110314187692945,0.4697534449963683,0.001438498445268721,0.002394388429195446,-0.0008949546595731354,24.48000488281241,-21.600012207031227,-17.81113281250009,15.840020751953148,13.439996337890648,-18.585644531250182,17.27993164062491,53.28005371093741,62.7265625,-27.83994140625009,-33.59995117187509,-56.53122558593759,-22.080010986328148,11.039990234374955,-17.811279296875
1763688931.1456566,2,2,1,-0.1456913487712068,0.1011392107610842,0.5186858315391751,0.0006052190115724998,0.0023690254565263097,-0.0011155076482559899,26.88002929687491,-23.999975585937477,-25.55502929687509,15.840020751953148,20.640008544921898,-10.841748046875182,14.879907226562409,58.07998046874991,58.8544921875,-25.44003906250009,-33.59995117187509,-56.53122558593759,-26.879998779296898,8.639965820312455,-13.939208984375
1763688931.3364305,2,2,1,-0.1224012189573132,0.12445586830932785,0.503224123712401,0.001290751042056204,0.002643415461940019,-0.001276513807354488,24.48000488281241,-21.600012207031227,-29.42709960937509,15.840020751953148,20.640008544921898,-10.841748046875182,19.67995605468741,53.28005371093741,62.7265625,-32.63999023437509,-31.20004882812509,-56.53122558593759,-22.080010986328148,11.039990234374955,-13.939208984375
1763688931.4422717,2,2,1,-0.1401660430331253,0.1258722696213777,0.5045735864029759,0.0014750833280083452,0.002515132099258399,-0.0010407360020216784,26.88002929687491,-21.600012207031227,-25.55502929687509,18.240014648437523,15.839990234375023,-14.713574218750182,17.27993164062491,50.88002929687491,58.8544921875,-32.63999023437509,-26.40000000000009,-56.53122558593759,-22.080010986328148,13.440014648437455,-21.68310546875
1763688931.645303,2,2,1,-0.1570029556522521,0.09506524814849202,0.40247765533451496,0.0010190300811661925,0.0029286303909615854,-0.0010763085978920729,29.27993164062491,-21.600012207031227,-17.81113281250009,18.240014648437523,20.640008544921898,-14.713574218750182,17.27993164062491,55.67995605468741,47.238525390625,-27.83994140625009,-33.59995117187509,-60.40317382812509,-22.080010986328148,3.8400390624999545,-10.067138671875
1763688931.7396991,2,2,1,-0.15860887213635577,0.1146257027820097,0.3366626942793747,0.0014956983503774661,0.0031239099101589415,-0.0009430381745421313,24.48000488281241,-19.199987792968727,-21.68320312500009,13.439996337890648,20.640008544921898,-14.713574218750182,12.480004882812409,50.88002929687491,54.982421875,-32.63999023437509,-31.20004882812509,-56.53122558593759,-19.679986572265648,8.639965820312455,-13.939208984375
1763688931.8313797,2,2,1,-0.10274856138538117,0.14387792464286406,0.5352361575108241,0.0009526367573829944,0.0023789348605258135,-0.0015811575399556261,24.48000488281241,-21.600012207031227,-21.68320312500009,13.439996337890648,18.239984130859398,-14.713574218750182,17.27993164062491,50.88002929687491,58.8544921875,-27.83994140625009,-28.80014648437509,-60.40317382812509,-14.879998779296898,11.039990234374955,-17.811279296875
1763688931.9401717,2,2,1,-0.13036098534657087,0.11994937075797739,0.385019614475953,0.001051195300395749,0.0026011668557443654,-0.0012411734124224737,29.27993164062491,-23.999975585937477,-25.55502929687509,13.439996337890648,20.640008544921898,-18.585644531250182,17.27993164062491,53.28005371093741,54.982421875,-25.44003906250009,-31.20004882812509,-52.65921630859384,-19.679986572265648,11.039990234374955,-25.55517578125
1763688932.0346072,2,2,1,-0.14091813277854096,0.15559057099411866,0.42156159015697875,0.0018643371595265452,0.0026028431287504756,-0.000836729940835456,22.07998046874991,-16.799963378906227,-17.81113281250009,13.439996337890648,15.839990234375023,-14.713574218750182,22.07998046874991,50.88002929687491,54.982421875,-23.04013671875009,-28.80014648437509,-52.65921630859384,-22.080010986328148,11.039990234374955,-13.939208984375
1763688932.145056,2,2,1,-0.10599991213754956,0.1150347385833391,0.5368561323498507,0.0013944607621899487,0.0024170473509348596,-0.0013415403499930302,24.48000488281241,-21.600012207031227,-25.55502929687509,18.240014648437523,18.239984130859398,-18.585644531250182,17.27993164062491,48.48000488281241,54.982421875,-25.44003906250009,-28.80014648437509,-60.40317382812509,-17.279992675781273,11.039990234374955,-10.067138671875
1763688932.2356098,2,2,1,-0.15062261457726508,0.11982572547542521,0.4217053832174853,0.0017268437124512482,0.0029781772684449783,-0.0012249104148065867,26.88002929687491,-23.999975585937477,-25.55502929687509,15.840020751953148,18.239984130859398,-14.713574218750182,22.07998046874991,50.88002929687491,47.238525390625,-27.83994140625009,-33.59995117187509,-52.65921630859384,-22.080010986328148,8.639965820312455,-17.811279296875
1763688932.3311744,2,2,1,-0.11942121447291926,0.12314927139612802,0.48326520179376475,0.0006072177267060514,0.0027883228983507855,-0.0010519540551949152,26.88002929687491,-21.600012207031227,-25.55502929687509,15.840020751953148,18.239984130859398,-18.585644531250182,14.879907226562409,48.48000488281241,47.238525390625,-27.83994140625009,-31.20004882812509,-56.53122558593759,-19.679986572265648,8.639965820312455,-21.68310546875
1763688932.4409049,2,2,1,-0.14029414593112932,0.13515715131637898,0.43725051206459886,0.001530319901342622,0.0026938390778247605,-0.000987137050266907,22.07998046874991,-19.199987792968727,-21.68320312500009,15.840020751953148,15.839990234375023,-18.585644531250182,14.879907226562409,48.48000488281241,54.982421875,-27.83994140625009,-31.20004882812509,-56.53122558593759,-19.679986572265648,8.639965820312455,-25.55517578125
1763688932.535466,2,2,1,-0.1365604144760319,0.1421465469023599,0.4674398096805934,0.0007500300562473456,0.003120963694270739,-0.0011366673169560147,24.48000488281241,-21.600012207031227,-21.68320312500009,15.840020751953148,15.839990234375023,-14.713574218750182,17.27993164062491,50.88002929687491,51.1103515625,-25.44003906250009,-28.80014648437509,-52.65921630859384,-19.679986572265648,6.2399414062499545,-13.939208984375
1763688932.6433976,2,2,1,-0.14830163166935997,0.13688661247358583,0.5041168911259852,0.0013761734786748626,0.0034305073511137004,-0.0015111442260913972,26.88002929687491,-19.199987792968727,-21.68320312500009,13.439996337890648,18.239984130859398,-22.457714843750182,14.879907226562409,50.88002929687491,51.1103515625,-25.44003906250009,-24.00009765625009,-60.40317382812509,-22.080010986328148,11.039990234374955,-17.811279296875
1763688932.8325264,2,2,1,-0.09625715981529855,0.15161181027153858,0.5032951154957894,0.0015300845428258697,0.0018502761697115485,-0.0009654193844091208,24.48000488281241,-19.199987792968727,-17.81113281250009,20.640008544921898,18.239984130859398,-22.457714843750182,19.67995605468741,46.07998046874991,51.1103515625,-27.83994140625009,-28.80014648437509,-60.40317382812509,-17.279992675781273,6.2399414062499545,-17.811279296875
1763688933.23738,2,2,1,-0.103173293136997,0.11218906992290228,0.5332729645378477,0.0006999381522963303,0.002939651738698702,-0.0011109589019332486,29.27993164062491,-23.999975585937477,-17.81113281250009,15.840020751953148,18.239984130859398,-14.713574218750182,12.480004882812409,60.48000488281241,66.598388671875,-35.04013671875009,-43.20004882812509,-56.53122558593759,-22.080010986328148,11.039990234374955,-10.067138671875
1763688933.3478785,2,2,1,-0.12219696498370053,0.14593301414705712,0.43674385391698634,0.0014526600336704563,0.0022557897805617413,-0.0011451646534992913,38.88002929687491,-19.199987792968727,-10.067236328125091,18.240014648437523,18.239984130859398,0.7744628906248181,22.07998046874991,72.48000488281241,82.08642578125,-39.83994140625009,-50.40000000000009,-56.53122558593759,-26.879998779296898,15.840039062499955,-6.195068359375
1763688934.1373422,2,2,1,-0.17830252695208948,0.1266171971525163,-0.3384549773021711,-0.0038002692475478813,0.002837918025974751,-0.0005047210128312252,58.07998046874991,4.800012207031273,20.90883789062491,20.640008544921898,44.6400085449219,58.85429687499982,-1.920019531250091,144.4800048828124,124.678466796875,-90.24008789062509,-151.2000488281251,-75.89121093750009,-24.480004882812523,25.440014648437455,32.52490234375
1763688934.7319748,2,2,1,-0.1584801691731849,0.019129990819676826,-1.3449466723905703,-0.006537326656855426,0.007123275121858791,-0.0011004756616706185,110.88002929687491,16.800012207031273,51.88491210937491,27.840020751953148,66.2399841308594,105.31840820312482,-18.72006835937509,218.8800292968749,171.142333984375,-138.2400878906251,-247.2000488281251,-110.73917236328134,-24.480004882812523,35.039990234374955,63.500732421875
1763688934.8407447,2,2,1,-0.17600488300930223,-0.012898378378514791,-1.70559437589105,-0.008726061261282794,0.00634770748196245,-0.00021976673134910664,118.07998046874991,21.600000000000023,48.01284179687491,23.040002441406273,66.2399841308594,109.19047851562482,-11.519995117187591,228.4801269531249,194.37451171875,-143.0401367187501,-268.8001464843751,-106.86722412109384,-29.279992675781273,39.840039062499955,63.500732421875
1763688934.9337628,2,2,1,-0.08973016695484178,-0.0053725929024032795,-1.6639035967730587,-0.006605628502988933,0.0030272000758074734,-0.0005883858144065952,130.0799804687499,24.000024414062523,63.50087890624991,25.439996337890648,73.43999633789065,116.93413085937482,-16.32004394531259,245.2799316406249,198.246337890625,-155.0401367187501,-285.5999511718751,-114.61118164062509,-26.879998779296898,47.039990234374955,67.372802734375
1763688935.0445824,2,2,1,-0.1456103233518315,-0.04637208928383642,-1.9832199180468113,-0.010450255269315699,0.007913767070872857,-0.0008706258371982521,137.2799316406249,28.800012207031273,59.62880859374991,27.840020751953148,83.04000244140627,128.55034179687482,-18.72006835937509,262.0799804687499,217.6064453125,-171.8399414062501,-312.0000976562501,-130.0992187500001,-29.279992675781273,44.639965820312455,71.244873046875
1763688935.2314363,2,2,1,-0.2185077044437077,-0.10886774283486722,-2.4605941373861393,-0.012476291366979801,0.01033848247575687,-0.000887214836935577,156.4800048828124,28.800012207031273,71.24477539062491,27.840020751953148,97.43999633789065,140.16655273437482,-25.92001953125009,293.2799316406249,236.966552734375,-195.8399414062501,-350.4000000000001,-137.84317626953134,-29.279992675781273,54.239941406249955,86.73291015625
1763688935.3426864,2,2,1,-0.11641502598643483,-0.08106325731686895,-2.5943745716904343,-0.011924281182789905,0.007579868777931941,-0.0012489320556023083,161.2799316406249,31.200036621093773,82.86074218749991,32.6400085449219,95.04000244140627,147.91020507812482,-25.92001953125009,310.0799804687499,256.326416015625,-203.0401367187501,-364.8001464843751,-145.58719482421884,-36.48000488281252,54.239941406249955,94.476806640625
1763688935.442071,2,2,1,-0.2038731705594805,-0.07193436159859855,-2.9016396253363808,-0.013644780323119355,0.009388908162330779,-0.0011315899059102462,168.4800048828124,38.40004882812502,78.98891601562491,30.240014648437523,97.43999633789065,155.65434570312482,-23.51999511718759,324.4801269531249,271.814453125,-212.6399902343751,-388.8001464843751,-141.7151855468751,-34.08001098632815,51.840039062499955,98.348876953125
1763688935.6398168,2,2,1,-0.16356392061991792,-0.06795004481819249,-3.407116648141555,-0.013424034121016807,0.009547934468121508,-0.0011553604275502214,182.8800292968749,40.80007324218752,94.47695312499991,27.840020751953148,111.83999023437502,167.27055664062482,-28.32004394531259,348.4801269531249,298.91845703125,-234.2400878906251,-424.8001464843751,-153.33121337890634,-41.27999267578127,59.039990234374955,106.0927734375
1763688936.140584,2,2,1,-0.20823309855334754,-0.09912429745310698,-5.31231817511075,-0.01477885040001351,0.012037362593572458,-0.0012128596610875189,223.6799560546874,57.60000000000002,121.58095703124991,23.040002441406273,138.24001464843752,217.60649414062482,-47.51999511718759,434.8800292968749,376.3583984375,-301.4400390625001,-556.8001464843751,-172.69119873046884,-46.08001098632815,80.63996582031245,133.19677734375
1763688936.236164,2,2,1,-0.1509665648163412,0.003705078066814388,-5.7688108733709536,-0.011376247105022682,0.008917476556604744,-0.002074735805981318,226.0799804687499,60.00002441406252,144.8128906249999,18.240014648437523,147.83999023437502,236.96635742187482,-49.92001953125009,446.8800292968749,395.718505859375,-315.8399414062501,-583.2000488281251,-180.43521728515634,-48.48000488281252,90.23994140624995,129.32470703125
1763688936.3443162,2,2,1,-0.22370029620339835,0.04371817687377945,-6.3383303120173355,-0.010756692063939078,0.01219529984522683,-0.0021214976346557624,230.8800292968749,67.19997558593752,140.9408203124999,15.840020751953148,159.83999023437502,248.58256835937482,-57.12009277343759,463.6800781249999,415.078369140625,-330.2400878906251,-619.2000488281251,-188.1791748046876,-43.67998657226565,90.23994140624995,137.06884765625
1763688936.4397879,2,2,1,-0.23831451573243229,0.001693713314981013,-6.819708871848031,-0.009869114216257087,0.009848588703890857,-0.0016608666182904668,238.0799804687499,67.19997558593752,152.5567871093749,18.240014648437523,164.6400085449219,260.1982910156248,-61.92001953125009,482.8800292968749,434.4384765625,-339.8399414062501,-640.8001464843751,-184.3072265625001,-46.08001098632815,95.03999023437495,140.94091796875
1763688936.8399324,2,2,1,-0.18075148115179385,0.07912148359330429,-8.476015457659674,-0.011580593349202244,0.009778077682226936,-0.0021107783384068687,264.4800048828124,79.19997558593752,187.4049316406249,15.840020751953148,186.24001464843752,310.5342285156248,-78.72006835937509,542.8800292968749,508.00634765625,-392.6399902343751,-744.0000976562501,-192.05118408203134,-46.08001098632815,116.63996582031245,164.1728515625
1763688936.9350674,2,2,1,0.008588696203777516,0.12410350639509697,-8.713268961701418,-0.007169427806998273,0.003127088641978363,-0.002026347696381347,276.4800048828124,93.60000000000002,187.4049316406249,20.640008544921898,198.24001464843752,326.0225097656248,-88.32004394531259,554.8800292968749,519.62255859375,-407.0401367187501,-760.8001464843751,-211.4112304687501,-46.08001098632815,116.63996582031245,168.044921875
1763688937.0425327,2,2,1,-0.10053286232924569,0.048296803273582704,-9.076475211359401,-0.010606745593940845,0.005103719825739513,-0.0017725084981801147,278.8800292968749,91.19997558593752,206.7647949218749,15.840020751953148,200.6400085449219,333.7661621093748,-88.32004394531259,571.6800781249999,542.8544921875,-421.4400390625001,-789.6001953125001,-203.6672119140626,-46.08001098632815,121.44001464843745,164.1728515625
1763688937.0725121,2,2,1,-0.09409069206086954,0.07410690857932102,-9.091175512086526,-0.009887720211201732,0.004954918088224888,-0.0014642251508032813,0,0,0,0,0,0,0,0,0,0,0,0,0,0,0
1763688937.2471087,2,2,1,-0.061374551390912316,0.1304187562418624,-9.773649853013774,-0.007612411961928668,0.004993294443543331,-0.0013904621218074514,298.0799804687499,100.80007324218752,218.3807617187499,18.240014648437523,222.24001464843752,356.9985839843748,-100.32004394531259,605.2799316406249,577.702392578125,-445.4400390625001,-835.2000488281251,-215.2831787109376,-43.67998657226565,128.63996582031245,191.27685546875
1763688937.3421936,2,2,1,-0.028946580351133927,0.062358616851524856,-9.939106286106806,-0.011564768860172839,0.0035258639415341186,-0.001774090696188732,295.6799560546874,93.60000000000002,206.7647949218749,18.240014648437523,222.24001464843752,360.8701660156248,-93.12009277343759,602.8800292968749,573.83056640625,-445.4400390625001,-830.4000000000001,-219.15518798828134,-43.67998657226565,131.03999023437495,187.40478515625
1763688937.4357667,2,2,1,-0.040360403418476146,0.1359531032262891,-9.74201484177023,-0.008199694885245534,0.003300375969112826,-0.0009136130857758577,298.0799804687499,98.40004882812502,214.5089355468749,15.840020751953148,215.04000244140627,356.9985839843748,-95.51999511718759,600.4801269531249,577.702392578125,-447.8399414062501,-832.8001464843751,-215.2831787109376,-46.08001098632815,131.03999023437495,191.27685546875
1763688937.4961505,2,2,1,-0.046648066322963894,0.12897938376103618,-9.64282904301745,-0.008743014326490217,0.0036444960825097426,-0.0012707437682079011,298.0799804687499,96.00002441406252,210.6368652343749,15.840020751953148,215.04000244140627,356.9985839843748,-90.72006835937509,605.2799316406249,577.702392578125,-445.4400390625001,-832.8001464843751,-207.53922119140634,-46.08001098632815,128.63996582031245,187.40478515625
1763688937.6432157,2,2,1,0.10894622796089484,0.2101284774964236,-9.201239426197123,-0.0034953875341282754,-0.004499778861485802,-0.001412581728417309,293.2799316406249,93.60000000000002,218.3807617187499,13.439996337890648,210.24001464843752,349.2544433593748,-88.32004394531259,595.6800781249999,585.446533203125,-440.6399902343751,-830.4000000000001,-207.53922119140634,-50.8799987792969,135.84003906249995,179.660888671875
1763688937.7027495,2,2,1,0.1102182756517831,0.1902160200638666,-9.304097419535118,-0.004022559967821984,-0.004527785682197359,-0.0013717095913749228,290.8800292968749,96.00002441406252,210.6368652343749,13.439996337890648,212.6400085449219,353.1265136718748,-90.72006835937509,600.4801269531249,585.446533203125,-438.2400878906251,-830.4000000000001,-195.9231933593751,-46.08001098632815,135.84003906249995,183.53271484375
1763688937.844025,2,2,1,0.0824153148609408,0.2572284808748452,-9.142634065390705,-0.0010860256836438126,-0.003117200233129296,-0.0009938931784828637,293.2799316406249,93.60000000000002,210.6368652343749,20.640008544921898,210.24001464843752,353.1265136718748,-85.92001953125009,607.6800781249999,585.446533203125,-438.2400878906251,-825.6001953125001,-199.79520263671884,-50.8799987792969,135.84003906249995,183.53271484375
1763688937.8877685,2,2,1,0.13530058592759864,0.22785667491007877,-9.129274377683602,-0.0016499377737494124,-0.00375831115894645,-0.0012239811614648964,295.6799560546874,96.00002441406252,214.5089355468749,15.840020751953148,207.83999023437502,353.1265136718748,-83.51999511718759,600.4801269531249,585.446533203125,-443.0401367187501,-823.2000488281251,-199.79520263671884,-48.48000488281252,126.23994140624995,187.40478515625
1763688938.0459957,2,2,1,0.08704153098690134,0.32204537279268675,-8.935064473635007,0.0005058942083491849,-0.0031168323988338895,-0.001231237717301528,0,0,0,0,0,0,0,0,0,0,0,0,0,0,0
1763688938.1445296,2,2,1,0.062168488435713515,0.23354301452328657,-8.770543401204735,-0.0005161729828960099,-0.0019455256929817224,-0.0012469433650156468,0,0,0,0,0,0,0,0,0,0,0,0,0,0,0
1763688938.184571,2,2,1,0.07793079299839886,0.24569031298527272,-8.836987037086345,-8.196290856625488e-05,-0.00246641550084167,-0.000722774959065131,293.2799316406249,96.00002441406252,214.5089355468749,13.439996337890648,210.24001464843752,349.2544433593748,-85.92001953125009,598.0799804687499,581.574462890625,-438.2400878906251,-820.8001464843751,-211.4112304687501,-43.67998657226565,133.44001464843745,179.660888671875
1763688938.2937202,2,2,1,0.05299017938119269,0.1983491028727136,-8.728328693304231,-0.0026514669318112687,-0.0010438251136002299,-0.0014723993811787941,295.6799560546874,93.60000000000002,218.3807617187499,23.040002441406273,217.43999633789065,356.9985839843748,-93.12009277343759,590.8800292968749,581.574462890625,-445.4400390625001,-823.2000488281251,-215.2831787109376,-41.27999267578127,133.44001464843745,179.660888671875
1763688938.4384153,2,2,1,-0.10805413259856202,0.17892953125385683,-8.800756520902066,-0.003921322144919415,0.0061199938496915365,-0.0013432818082671188,295.6799560546874,93.60000000000002,214.5089355468749,18.240014648437523,215.04000244140627,349.2544433593748,-88.32004394531259,593.2799316406249,577.702392578125,-445.4400390625001,-823.2000488281251,-211.4112304687501,-43.67998657226565,133.44001464843745,179.660888671875
1763688938.5469718,2,2,1,-0.013005083497783829,0.1601607737886387,-8.668586324873932,-0.003996800024849853,0.0038184486378747464,-0.0011394139650703966,293.2799316406249,93.60000000000002,218.3807617187499,15.840020751953148,215.04000244140627,353.1265136718748,-85.92001953125009,593.2799316406249,577.702392578125,-443.0401367187501,-823.2000488281251,-215.2831787109376,-43.67998657226565,133.44001464843745,179.660888671875
1763688938.6382446,2,2,1,-0.01874193884221191,0.166714308516762,-8.53421938084533,-0.004414269858923254,0.003227172089589312,-0.001641191157433896,293.2799316406249,91.19997558593752,210.6368652343749,15.840020751953148,217.43999633789065,349.2544433593748,-88.32004394531259,588.4801269531249,581.574462890625,-443.0401367187501,-820.8001464843751,-207.53922119140634,-46.08001098632815,131.03999023437495,175.788818359375
1763688938.6661184,2,2,1,-0.046318119294967125,0.13472126224209874,-8.751958264173261,-0.004389193461292726,0.0030619942025928576,-0.0009341154619060252,293.2799316406249,93.60000000000002,218.3807617187499,15.840020751953148,212.6400085449219,353.1265136718748,-85.92001953125009,593.2799316406249,585.446533203125,-443.0401367187501,-818.4000000000001,-211.4112304687501,-50.8799987792969,138.23994140624995,183.53271484375
1763688938.7605906,2,2,1,-0.035387587866007264,0.2433911587243689,-8.592051523312033,-0.0019579399289187047,0.0032916958875356932,-0.0014232011150321045,288.4800048828124,88.80007324218752,210.6368652343749,15.840020751953148,210.24001464843752,349.2544433593748,-85.92001953125009,590.8800292968749,581.574462890625,-438.2400878906251,-820.8001464843751,-203.6672119140626,-46.08001098632815,133.44001464843745,175.788818359375
1763688938.937898,2,2,1,-0.06421855448051111,0.18877519080657748,-8.581848845635514,-0.003755119605231394,0.004457877077716565,-0.0013440133989885202,286.0799804687499,96.00002441406252,214.5089355468749,15.840020751953148,217.43999633789065,353.1265136718748,-88.32004394531259,590.8800292968749,577.702392578125,-440.6399902343751,-816.0000976562501,-207.53922119140634,-48.48000488281252,133.44001464843745,175.788818359375
1763688938.9519231,2,2,1,-0.06492102298959096,0.17127969718842273,-8.615132684174409,-0.0037283282994944357,0.003991775798384122,-0.0010416196548997244,290.8800292968749,91.19997558593752,214.5089355468749,15.840020751953148,215.04000244140627,349.2544433593748,-83.51999511718759,590.8800292968749,573.83056640625,-440.6399902343751,-823.2000488281251,-215.2831787109376,-46.08001098632815,133.44001464843745,175.788818359375
1763688939.0448246,2,2,1,-0.021199570304253637,0.22054517211700028,-8.369321194527465,-0.001225063130686932,0.0016230739945171345,-0.0015734212335515602,293.2799316406249,91.19997558593752,226.1249023437499,13.439996337890648,219.83999023437502,353.1265136718748,-88.32004394531259,588.4801269531249,581.574462890625,-440.6399902343751,-813.6001953125001,-211.4112304687501,-48.48000488281252,128.63996582031245,175.788818359375
1763688939.1694627,2,2,1,-0.07933443841118883,0.21512955930379984,-8.44006268691008,-0.001992603446867934,0.004536040077340993,-0.0014442418834069144,293.2799316406249,96.00002441406252,218.3807617187499,20.640008544921898,212.6400085449219,345.3823730468748,-90.72006835937509,590.8800292968749,573.83056640625,-438.2400878906251,-818.4000000000001,-211.4112304687501,-43.67998657226565,131.03999023437495,171.916748046875
1763688939.2626188,2,2,1,-0.02153477325186301,0.18046904266153646,-8.387837229935952,-0.0015495966011815805,0.001808469716467729,-0.0011869783787993942,288.4800048828124,91.19997558593752,214.5089355468749,13.439996337890648,217.43999633789065,349.2544433593748,-88.32004394531259,590.8800292968749,581.574462890625,-443.0401367187501,-816.0000976562501,-203.6672119140626,-48.48000488281252,131.03999023437495,179.660888671875
1763688939.3714972,2,2,1,-0.01105330909458288,0.2264771150951611,-8.455636753070102,-0.0015142462523340464,0.0013203899470289032,-0.0007461595928738241,283.6799560546874,93.60000000000002,214.5089355468749,13.439996337890648,212.6400085449219,349.2544433593748,-85.92001953125009,590.8800292968749,577.702392578125,-440.6399902343751,-811.2000488281251,-207.53922119140634,-46.08001098632815,133.44001464843745,179.660888671875
1763688939.532289,2,2,1,0.08472163472989577,0.2482906002219198,-8.347609494150337,0.0005817709183233849,-0.0019878258277420974,-0.0008579473599884633,293.2799316406249,93.60000000000002,210.6368652343749,15.840020751953148,205.43999633789065,349.2544433593748,-90.72006835937509,588.4801269531249,581.574462890625,-433.4400390625001,-813.6001953125001,-203.6672119140626,-46.08001098632815,133.44001464843745,179.660888671875
1763688939.5758188,2,2,1,0.05990527899655777,0.27233288207437556,-8.329830823305716,0.0006054968459772714,-0.0016808222554163844,-0.0010097665129773893,286.0799804687499,96.00002441406252,214.5089355468749,13.439996337890648,205.43999633789065,356.9985839843748,-88.32004394531259,590.8800292968749,581.574462890625,-438.2400878906251,-816.0000976562501,-199.79520263671884,-46.08001098632815,133.44001464843745,175.788818359375
1763688939.65651,2,2,1,0.06078059768527243,0.20958483441424375,-8.299983680646033,-0.00023895278836435357,-0.0009370335032696415,-0.0009971203448511424,288.4800048828124,93.60000000000002,214.5089355468749,13.439996337890648,203.04000244140627,353.1265136718748,-85.92001953125009,588.4801269531249,581.574462890625,-426.2400878906251,-816.0000976562501,-195.9231933593751,-48.48000488281252,135.84003906249995,183.53271484375
1763688939.7642338,2,2,1,0.11635850820518907,0.3146916439724237,-8.274501728969533,0.0019996934263525647,-0.003830670644415,-0.0010665984038042897,288.4800048828124,91.19997558593752,218.3807617187499,11.040002441406273,210.24001464843752,349.2544433593748,-85.92001953125009,590.8800292968749,581.574462890625,-435.8399414062501,-816.0000976562501,-203.6672119140626,-53.27999267578127,140.63996582031245,179.660888671875
1763688939.8607106,2,2,1,0.08431722045445973,0.28735632390583793,-8.228098820867018,0.0010996820331206636,-0.001874870469617266,-0.0009727626025695152,283.6799560546874,88.80007324218752,206.7647949218749,8.640008544921898,200.6400085449219,349.2544433593748,-85.92001953125009,590.8800292968749,581.574462890625,-431.0401367187501,-816.0000976562501,-203.6672119140626,-50.8799987792969,131.03999023437495,168.044921875
1763688939.951236,2,2,1,0.047810992950171355,0.2695114281172796,-8.207102930260216,0.0014402333067928264,-0.0020042139191705517,-0.0018220383907024025,283.6799560546874,86.40004882812502,210.6368652343749,13.439996337890648,205.43999633789065,353.1265136718748,-83.51999511718759,581.2799316406249,577.702392578125,-431.0401367187501,-804.0000976562501,-207.53922119140634,-46.08001098632815,131.03999023437495,171.916748046875
1763688940.0473862,2,2,1,-0.05331515517750221,0.21316430875848702,-7.98565176009239,-0.0016814160707451613,0.0035206623980666932,-0.000968024743453462,278.8800292968749,88.80007324218752,214.5089355468749,13.439996337890648,205.43999633789065,345.3823730468748,-83.51999511718759,574.0799804687499,566.08642578125,-423.8399414062501,-792.0000976562501,-195.9231933593751,-46.08001098632815,131.03999023437495,175.788818359375
1763688940.1428435,2,2,1,0.025256520043923633,0.2216219100855748,-7.6426088136911705,0.0003652766266078744,0.0011386015482085406,-0.0010727852005995013,276.4800048828124,91.19997558593752,210.6368652343749,11.040002441406273,198.24001464843752,337.6382324218748,-83.51999511718759,574.0799804687499,550.598388671875,-414.2400878906251,-782.4000000000001,-192.05118408203134,-41.27999267578127,128.63996582031245,175.788818359375
1763688940.2524192,2,2,1,0.1898619301274424,0.3076831737626213,-7.1463971521325,0.005841666488012841,-0.009589383161645077,-0.0020551692013042445,269.2799316406249,81.60000000000002,202.8929687499999,13.439996337890648,183.83999023437502,326.0225097656248,-73.92001953125009,559.6800781249999,546.7265625,-402.2400878906251,-753.6001953125001,-176.5632080078126,-48.48000488281252,128.63996582031245,171.916748046875
1763688940.4440289,2,2,1,0.13703327590222691,0.2886015015644753,-6.099779202544143,0.0066828371491841655,-0.009383049286040382,-0.001128337393253596,250.0799804687499,76.80007324218752,187.4049316406249,11.040002441406273,159.83999023437502,302.7905761718748,-64.32004394531259,530.8800292968749,519.62255859375,-378.2400878906251,-708.0000976562501,-164.94718017578134,-50.8799987792969,116.63996582031245,156.4287109375
1763688940.5446088,2,2,1,0.29071704292425465,0.3722602789367994,-5.600231942023113,0.010271561108124536,-0.014914817866202787,-0.0010218060877474075,252.4800048828124,74.40004882812502,179.6607910156249,20.640008544921898,150.24001464843752,291.1743652343748,-59.51999511718759,533.2799316406249,504.134521484375,-366.2400878906251,-679.2000488281251,-153.33121337890634,-53.27999267578127,114.23994140624995,156.4287109375
1763688940.6425319,2,2,1,0.29828682610215884,0.24525367601952602,-5.0208059144917625,0.010498176444588163,-0.005428031144684854,-0.001035151931216247,228.4800048828124,64.80007324218752,179.6607910156249,15.840020751953148,135.83999023437502,275.6865722656248,-59.51999511718759,487.6800781249999,477.030517578125,-344.6399902343751,-643.2000488281251,-137.84317626953134,-53.27999267578127,104.63996582031245,148.684814453125
1763688940.9371822,2,2,1,0.2393791527859189,0.2992221666811109,-3.0983632044898686,0.0038720421592651696,-0.01623392155252001,-0.0014005746738191271,185.2799316406249,45.60000000000002,140.9408203124999,3.8400207519531477,104.6400085449219,209.86235351562482,-37.92001953125009,403.6800781249999,395.718505859375,-270.2400878906251,-528.0000976562501,-130.0992187500001,-50.8799987792969,85.44001464843745,109.96484375
1763688941.1404917,2,2,1,0.3838872331091348,-0.03597597375901276,-2.0363906379475694,-0.00112667366346755,-0.009025921357473562,-0.002185526147319216,0,0,0,0,0,0,0,0,0,0,0,0,0,0,0
1763688941.2335806,2,2,1,0.16288985662751432,0.5154578317533899,-1.64653550980201,0.004883043173782945,-0.016092561315090875,-0.0012870044230468805,166.0799804687499,28.800012207031273,102.22084960937491,25.439996337890648,66.2399841308594,167.27055664062482,-21.12009277343759,350.8800292968749,314.406494140625,-210.2400878906251,-415.2000488281251,-95.25119628906259,-50.8799987792969,66.23994140624995,102.220703125
1763688941.342714,2,2,1,0.26858440157350644,0.1046441118445757,-1.2943071737010607,0.0019358943075865505,-0.012046905662067252,-0.0019976388603842364,122.88002929687491,19.200036621093773,94.47695312499991,-0.9599975585937273,63.83999023437502,136.29448242187482,-18.72006835937509,310.0799804687499,302.79052734375,-179.0401367187501,-372.0000976562501,-79.76322021484384,-48.48000488281252,68.63996582031245,78.98876953125
1763688941.4348645,2,2,1,-0.1401797230898491,0.5950479582096347,-1.0704902358488797,0.009605690704034688,-0.00661347983757226,-0.0012983724493500792,122.88002929687491,14.399987792968773,86.73281249999991,-8.159979248046852,49.43999633789065,124.67827148437482,-13.920019531250091,290.8800292968749,279.558349609375,-164.6399902343751,-345.5999511718751,-72.01920166015634,-48.48000488281252,61.440014648437455,71.244873046875
1763688941.5441697,2,2,1,0.2465104194139986,-0.08689691214993742,-0.8258878544570702,0.006709285627201418,-0.008046763640698312,-0.0010097838366337273,115.67995605468741,4.800012207031273,82.86074218749991,-5.759985351562477,42.2399841308594,113.06254882812482,-4.320043945312591,252.4801269531249,256.326416015625,-155.0401367187501,-312.0000976562501,-68.14719238281259,-46.08001098632815,56.639965820312455,55.7568359375
1763688941.6368265,2,2,1,0.12479180553993471,0.22853450901680197,-0.6462017668681369,0.0031150159034303796,-0.011116194459616875,-0.0018490507231347095,120.48000488281241,12.000024414062523,82.86074218749991,18.240014648437523,44.6400085449219,109.19047851562482,-9.120092773437591,266.8800292968749,252.454345703125,-150.2400878906251,-300.0000976562501,-68.14719238281259,-48.48000488281252,56.639965820312455,63.500732421875
1763688941.8387833,2,2,1,0.2125409186911431,-0.20978304672260376,-0.39128947282166227,0.0017814072944079876,-0.005512925634285493,-0.0010208928313113544,96.48000488281241,2.3999877929687727,67.37294921874991,8.640008544921898,32.6400085449219,89.83012695312482,-4.320043945312591,228.4801269531249,229.222412109375,-128.6399902343751,-249.5999511718751,-60.40317382812509,-46.08001098632815,47.039990234374955,59.62890625
1763688943.0452378,2,2,1,-0.17771162808523358,0.13016721533015405,0.33787836501009477,0.001942280663303834,0.004417152857099137,-0.001019808471098919,0,0,0,0,0,0,0,0,0,0,0,0,0,0,0
1763688943.3406105,2,2,1,-0.1099277173392012,0.13897062072755922,0.38667622033560056,0.0022044176655463222,0.004124155818580676,-0.0011588036347492947,50.88002929687491,-11.999975585937477,13.164941406249909,15.840020751953148,27.839990234375023,27.878466796874818,5.279931640624909,108.48000488281241,116.934326171875,-68.63999023437509,-98.40000000000009,-60.40317382812509,-29.279992675781273,27.840039062499955,5.4208984375
1763688943.5399396,2,2,1,-0.15848370224567804,0.11790041693432005,0.36792720581795124,0.0013514677739215354,0.004713389133157504,-0.0008542535654890421,50.88002929687491,-21.600012207031227,13.164941406249909,15.840020751953148,27.839990234375023,27.878466796874818,7.679956054687409,106.07998046874991,120.806396484375,-66.24008789062509,-91.20004882812509,-60.40317382812509,-26.879998779296898,27.840039062499955,13.164794921875
1763688943.634957,2,2,1,-0.1460253042375146,0.1282149501782847,0.4003371223047114,0.0007940677392692926,0.0030983047719446224,-0.0006900816266061011,50.88002929687491,-14.399999999999977,17.03676757812491,20.640008544921898,25.439996337890648,16.262255859374818,5.279931640624909,101.28005371093741,113.0625,-68.63999023437509,-86.40000000000009,-56.53122558593759,-26.879998779296898,25.440014648437455,5.4208984375
1763688943.7438705,2,2,1,-0.19270022496149913,0.052234556153385917,0.4023938273858067,0.000820932883749298,0.004085440637049531,-0.0011511706512572272,50.88002929687491,-16.799963378906227,13.164941406249909,18.240014648437523,25.439996337890648,20.134326171874818,14.879907226562409,103.67995605468741,109.1904296875,-56.63999023437509,-86.40000000000009,-60.40317382812509,-29.279992675781273,25.440014648437455,13.164794921875
1763688943.8392503,2,2,1,-0.10523673638608162,0.11628254625766143,0.4353506874030312,0.0012141645803824274,0.002111784693454526,-0.0011442232898135505,50.88002929687491,-19.199987792968727,5.420800781249909,20.640008544921898,23.040002441406273,16.262255859374818,10.079980468749909,98.88002929687491,109.1904296875,-61.44003906250009,-86.40000000000009,-60.40317382812509,-29.279992675781273,23.039990234374955,9.292724609375
1763688943.8825374,2,2,1,-0.12342223774525743,0.10376353013589143,0.5029471966983203,0.001289023068525445,0.0029361638671304207,-0.0011965490065720887,50.88002929687491,-16.799963378906227,5.420800781249909,18.240014648437523,25.439996337890648,16.262255859374818,7.679956054687409,98.88002929687491,109.1904296875,-59.04013671875009,-84.00009765625009,-60.40317382812509,-31.679986572265648,25.440014648437455,9.292724609375
1763688944.04159,2,2,1,-0.13739059585766247,0.10479835968599206,0.43380179310936984,0.0006111730596846151,0.002659614001925766,-0.000989741741755733,48.48000488281241,-16.799963378906227,5.420800781249909,20.640008544921898,25.439996337890648,8.518359374999818,12.480004882812409,98.88002929687491,109.1904296875,-59.04013671875009,-79.20004882812509,-60.40317382812509,-29.279992675781273,23.039990234374955,9.292724609375
1763688944.1630063,2,2,1,-0.13210690936044586,0.09882145104903142,0.4528309086128488,0.0012278938420903426,0.0030077408770824263,-0.001370585180336012,46.07998046874991,-21.600012207031227,13.164941406249909,20.640008544921898,23.040002441406273,16.262255859374818,12.480004882812409,91.67995605468741,97.574462890625,-59.04013671875009,-76.80014648437509,-60.40317382812509,-24.480004882812523,23.039990234374955,9.292724609375
1763688944.336173,2,2,1,-0.09343200789552249,0.14490708122445678,0.5242433131741503,0.0026362517843168615,0.0025122597781245845,-0.0015778371391242036,46.07998046874991,-21.600012207031227,-2.323095703125091,23.040002441406273,20.640008544921898,16.262255859374818,12.480004882812409,94.07998046874991,101.446533203125,-59.04013671875009,-76.80014648437509,-56.53122558593759,-31.679986572265648,20.639965820312455,5.4208984375
1763688944.443294,2,2,1,-0.21847128700115653,0.10951656882715441,0.43948657193032004,0.0014749867567792501,0.0036505925960098854,-0.0008273238979206773,48.48000488281241,-23.999975585937477,-2.323095703125091,20.640008544921898,20.640008544921898,4.646289062499818,10.079980468749909,91.67995605468741,105.318359375,-56.63999023437509,-74.40000000000009,-56.53122558593759,-29.279992675781273,23.039990234374955,1.548828125
1763688944.5386298,2,2,1,-0.20908526887133116,0.11465682742636997,0.4220254459626035,0.0013446080422510774,0.003472101556965963,-0.0009128558293163391,38.88002929687491,-16.799963378906227,5.420800781249909,20.640008544921898,23.040002441406273,16.262255859374818,12.480004882812409,89.28005371093741,97.574462890625,-56.63999023437509,-69.59995117187509,-52.65921630859384,-26.879998779296898,20.639965820312455,1.548828125
1763688944.7401912,2,2,1,-0.12215058007594616,0.11298864775858251,0.3331203074565246,0.0009827355655480528,0.0030821124480768123,-0.0009466097460315123,43.67995605468741,-19.199987792968727,1.548730468749909,18.240014648437523,23.040002441406273,8.518359374999818,10.079980468749909,91.67995605468741,101.446533203125,-51.83994140625009,-69.59995117187509,-64.27518310546884,-29.279992675781273,20.639965820312455,-2.3232421875
1763688944.9422894,2,2,1,-0.15929550684018098,0.11500234739773589,0.3713336916057853,0.0016722551988045437,0.0030462984849453775,-0.0011644742516011266,46.07998046874991,-19.199987792968727,-2.323095703125091,20.640008544921898,23.040002441406273,8.518359374999818,12.480004882812409,84.48000488281241,93.702392578125,-49.44003906250009,-67.20004882812509,-56.53122558593759,-26.879998779296898,18.239941406249955,1.548828125
1763688945.0344286,2,2,1,-0.1491700835689487,0.09872619907876293,0.5038960983787537,0.0012391861485058866,0.0031605947002612727,-0.001352159142351137,38.88002929687491,-21.600012207031227,-6.195166015625091,23.040002441406273,23.040002441406273,0.7744628906248181,12.480004882812409,84.48000488281241,97.574462890625,-49.44003906250009,-64.80014648437509,-64.27518310546884,-29.279992675781273,18.239941406249955,-2.3232421875
1763688945.1420295,2,2,1,-0.1553954019624973,0.113519087423404,0.4354288397056299,0.0008348591139384362,0.003103279081329628,-0.0013796629786216453,41.27993164062491,-16.799963378906227,1.548730468749909,18.240014648437523,18.239984130859398,8.518359374999818,10.079980468749909,79.67995605468741,97.574462890625,-51.83994140625009,-67.20004882812509,-64.27518310546884,-26.879998779296898,20.639965820312455,-2.3232421875
1763688945.2362041,2,2,1,-0.14277826647173072,0.12531521023191666,0.40557528159789685,0.0019350725312458315,0.002818634569258873,-0.0013085049602345696,43.67995605468741,-19.199987792968727,5.420800781249909,20.640008544921898,18.239984130859398,4.646289062499818,14.879907226562409,82.07998046874991,93.702392578125,-51.83994140625009,-67.20004882812509,-52.65921630859384,-26.879998779296898,18.239941406249955,5.4208984375
1763688945.3449345,2,2,1,-0.11588211757638647,0.122752850798334,0.48865826961981396,0.0017851522003080119,0.0019377842475435162,-0.0012014165984787942,41.27993164062491,-23.999975585937477,-2.323095703125091,18.240014648437523,18.239984130859398,4.646289062499818,14.879907226562409,82.07998046874991,85.95849609375,-49.44003906250009,-60.00009765625009,-60.40317382812509,-26.879998779296898,20.639965820312455,5.4208984375
1763688945.441906,2,2,1,-0.12386604458817421,0.12471971392681332,0.5550138415672627,0.0016440872032694495,0.002667540933674871,-0.0012564791002268982,36.48000488281241,-21.600012207031227,-6.195166015625091,20.640008544921898,23.040002441406273,0.7744628906248181,12.480004882812409,82.07998046874991,89.83056640625,-51.83994140625009,-62.40000000000009,-56.53122558593759,-29.279992675781273,20.639965820312455,1.548828125
1763688945.535564,2,2,1,-0.12388105977287094,0.12585472259335956,0.47062711716306516,0.001640570334430291,0.002464015173521019,-0.0008176912559601868,38.88002929687491,-16.799963378906227,-2.323095703125091,20.640008544921898,23.040002441406273,8.518359374999818,12.480004882812409,79.67995605468741,89.83056640625,-47.04013671875009,-62.40000000000009,-56.53122558593759,-24.480004882812523,18.239941406249955,-2.3232421875
1763688945.6454484,2,2,1,-0.13126568058385438,0.08985344986194153,0.4523211653486495,0.0009876900405572774,0.0027186640759655507,-0.0014492799005614988,38.88002929687491,-16.799963378906227,-2.323095703125091,20.640008544921898,20.640008544921898,0.7744628906248181,12.480004882812409,82.07998046874991,85.95849609375,-47.04013671875009,-57.59995117187509,-60.40317382812509,-29.279992675781273,15.840039062499955,-2.3232421875
1763688945.737041,2,2,1,-0.129750501728926,0.08881069858296697,0.48415196128789456,0.000657492886808878,0.0028876969841655723,-0.0012046854411747055,41.27993164062491,-21.600012207031227,-6.195166015625091,18.240014648437523,20.640008544921898,0.7744628906248181,14.879907226562409,79.67995605468741,85.95849609375,-47.04013671875009,-62.40000000000009,-56.53122558593759,-26.879998779296898,15.840039062499955,-2.3232421875
1763688945.8472965,2,2,1,-0.11396140242900774,0.09994168958510782,0.5018396444658988,0.0011017605786155075,0.0025668771307929966,-0.0008848325372172948,0,0,0,0,0,0,0,0,0,0,0,0,0,0,0
1763688946.142593,2,2,1,-0.14888695799030416,0.12899468305674727,0.5219796419121259,0.0014874361719015084,0.002974118980279535,-0.0015818637475631199,36.48000488281241,-21.600012207031227,-2.323095703125091,13.439996337890648,23.040002441406273,0.7744628906248181,14.879907226562409,79.67995605468741,85.95849609375,-42.24008789062509,-57.59995117187509,-60.40317382812509,-24.480004882812523,15.840039062499955,-13.939208984375
1763688946.2367475,2,2,1,-0.11288709790929975,0.12031124521454731,0.5530860720987523,0.0011051357541057196,0.002286217444142419,-0.0014156446907601559,38.88002929687491,-19.199987792968727,-10.067236328125091,18.240014648437523,18.239984130859398,4.646289062499818,14.879907226562409,74.88002929687491,85.95849609375,-44.63999023437509,-55.20004882812509,-52.65921630859384,-26.879998779296898,13.440014648437455,-6.195068359375
1763688946.442769,2,2,1,-0.12259196970158828,0.11368397491264007,0.4862609686213619,0.0011885272053032744,0.0028355069641493006,-0.0015947580424559306,34.07998046874991,-16.799963378906227,-10.067236328125091,18.240014648437523,18.239984130859398,-6.969677734375182,14.879907226562409,72.48000488281241,78.21435546875,-44.63999023437509,-50.40000000000009,-56.53122558593759,-24.480004882812523,18.239941406249955,-10.067138671875
1763688946.5354664,2,2,1,-0.1416564545826523,0.1170219946025824,0.5227689915550843,0.0017437256599778244,0.002350196328658749,-0.0011104948887477814,36.48000488281241,-21.600012207031227,-10.067236328125091,18.240014648437523,20.640008544921898,0.7744628906248181,17.27993164062491,67.67995605468741,78.21435546875,-42.24008789062509,-52.80014648437509,-56.53122558593759,-31.679986572265648,13.440014648437455,-10.067138671875
1763688946.644976,2,2,1,-0.12321716515555445,0.1442478229294196,0.42003503855372426,0.0015971807113194588,0.0027335022904628986,-0.0011502418313724854,36.48000488281241,-19.199987792968727,-2.323095703125091,18.240014648437523,18.239984130859398,-3.097607421875182,17.27993164062491,72.48000488281241,70.470458984375,-39.83994140625009,-52.80014648437509,-60.40317382812509,-24.480004882812523,18.239941406249955,-6.195068359375
1763688946.7375562,2,2,1,-0.10539094048985696,0.09573632755486033,0.4681583298505607,0.001056926634892381,0.0023045175399723315,-0.0010531596153706044,36.48000488281241,-16.799963378906227,-2.323095703125091,15.840020751953148,18.239984130859398,-3.097607421875182,14.879907226562409,72.48000488281241,74.342529296875,-39.83994140625009,-55.20004882812509,-56.53122558593759,-24.480004882812523,18.239941406249955,-10.067138671875
1763688946.9393358,2,2,1,-0.14694380604166832,0.08912360969693861,0.4337889569174138,0.0006524093633846588,0.0030232849563599173,-0.0007535093714537149,31.67995605468741,-23.999975585937477,-10.067236328125091,15.840020751953148,23.040002441406273,0.7744628906248181,19.67995605468741,67.67995605468741,78.21435546875,-47.04013671875009,-50.40000000000009,-56.53122558593759,-26.879998779296898,13.440014648437455,-10.067138671875
1763688947.048092,2,2,1,-0.1557900641790405,0.14382679382421776,0.5205789902219775,0.0012876985035945611,0.003016805803435399,-0.0008808548046210518,29.27993164062491,-19.199987792968727,-17.81113281250009,18.240014648437523,15.839990234375023,-3.097607421875182,14.879907226562409,67.67995605468741,74.342529296875,-39.83994140625009,-45.59995117187509,-60.40317382812509,-26.879998779296898,13.440014648437455,-10.067138671875
1763688947.2368076,2,2,1,-0.12350029076564795,0.11397933898516144,0.40195149502915506,0.0013489306881914163,0.0029199780106437577,-0.0009205372263272795,34.07998046874991,-16.799963378906227,-21.68320312500009,23.040002441406273,18.239984130859398,-6.969677734375182,19.67995605468741,65.28005371093741,70.470458984375,-37.44003906250009,-48.00009765625009,-56.53122558593759,-22.080010986328148,15.840039062499955,-13.939208984375
1763688947.343942,2,2,1,-0.12314113936378983,0.12515529545176993,0.4869256204352608,0.0014656606882724932,0.002553715317704784,-0.0010471025316027187,36.48000488281241,-21.600012207031227,-6.195166015625091,15.840020751953148,18.239984130859398,0.7744628906248181,17.27993164062491,67.67995605468741,74.342529296875,-37.44003906250009,-48.00009765625009,-56.53122558593759,-26.879998779296898,13.440014648437455,-13.939208984375
1763688947.4402301,2,2,1,-0.11356682684141084,0.09706172559877631,0.46701373859450873,0.0008882740485933391,0.003215357003667653,-0.0011323572506149598,31.67995605468741,-19.199987792968727,-10.067236328125091,18.240014648437523,18.239984130859398,-3.097607421875182,14.879907226562409,62.88002929687491,70.470458984375,-39.83994140625009,-50.40000000000009,-64.27518310546884,-22.080010986328148,13.440014648437455,-10.067138671875
1763688947.7350116,2,2,1,-0.15599544009641667,0.10505233386478856,0.4861980072278038,0.0009610728996585075,0.0028314161649824073,-0.0009693783176618084,29.27993164062491,-16.799963378906227,-13.939062500000091,15.840020751953148,18.239984130859398,-6.969677734375182,14.879907226562409,60.48000488281241,62.7265625,-39.83994140625009,-45.59995117187509,-52.65921630859384,-22.080010986328148,13.440014648437455,-10.067138671875
1763688947.8471158,2,2,1,-0.11356764546596552,0.07805457864506621,0.4834456269486588,0.0007420253975007343,0.003030392899111829,-0.0010473152721163464,29.27993164062491,-21.600012207031227,-10.067236328125091,15.840020751953148,20.640008544921898,-6.969677734375182,17.27993164062491,67.67995605468741,70.470458984375,-37.44003906250009,-45.59995117187509,-56.53122558593759,-24.480004882812523,13.440014648437455,-10.067138671875
1763688947.9346855,2,2,1,-0.14118624320467113,0.12418707840356238,0.48786477102536774,0.001619604005576388,0.0029928446091846425,-0.0010458131799003316,31.67995605468741,-16.799963378906227,-10.067236328125091,13.439996337890648,13.439996337890648,-6.969677734375182,14.879907226562409,65.28005371093741,74.342529296875,-35.04013671875009,-45.59995117187509,-56.53122558593759,-22.080010986328148,15.840039062499955,-2.3232421875
1763688948.0453377,2,2,1,-0.1327179082521439,0.10924314345183611,0.48742359130812296,0.0014938155659809512,0.002924297859054732,-0.0012798148350012747,24.48000488281241,-19.199987792968727,-13.939062500000091,11.040002441406273,18.239984130859398,-6.969677734375182,12.480004882812409,65.28005371093741,62.7265625,-39.83994140625009,-45.59995117187509,-56.53122558593759,-22.080010986328148,11.039990234374955,-13.939208984375
1763688948.2335408,2,2,1,-0.11318239285879064,0.11906163552552065,0.46828903557343976,0.001071229916678901,0.0026501043380820887,-0.0012113452999578257,29.27993164062491,-21.600012207031227,-17.81113281250009,15.840020751953148,18.239984130859398,-6.969677734375182,17.27993164062491,62.88002929687491,70.470458984375,-39.83994140625009,-38.40000000000009,-52.65921630859384,-24.480004882812523,11.039990234374955,-13.939208984375
1763688948.326329,2,2,1,-0.11450651762847597,0.1291664473895102,0.5707145358724346,0.0015221188683368272,0.002677031142616061,-0.0010954791863926564,31.67995605468741,-19.199987792968727,-10.067236328125091,13.439996337890648,23.040002441406273,-10.841748046875182,14.879907226562409,58.07998046874991,66.598388671875,-35.04013671875009,-43.20004882812509,-52.65921630859384,-24.480004882812523,8.639965820312455,-13.939208984375
1763688948.4412272,2,2,1,-0.1256122719413944,0.10530162703500856,0.505531994552856,0.0018023177834256229,0.0026860637400340373,-0.001428107206087692,26.88002929687491,-21.600012207031227,-17.81113281250009,15.840020751953148,25.439996337890648,-10.841748046875182,14.879907226562409,62.88002929687491,66.598388671875,-35.04013671875009,-43.20004882812509,-52.65921630859384,-22.080010986328148,11.039990234374955,-13.939208984375
1763688948.6397939,2,2,1,-0.13973522414022796,0.11492781314946549,0.4022253369115438,0.0011881147278191653,0.0027762021014958588,-0.0009211691440030388,29.27993164062491,-21.600012207031227,-13.939062500000091,20.640008544921898,18.239984130859398,-3.097607421875182,17.27993164062491,53.28005371093741,62.7265625,-35.04013671875009,-45.59995117187509,-56.53122558593759,-22.080010986328148,13.440014648437455,-13.939208984375
1763688948.747507,2,2,1,-0.1319015334355047,0.13759591104357366,0.48721189159888734,0.001554519446328213,0.0031931305154159675,-0.0012820616671259583,26.88002929687491,-19.199987792968727,-10.067236328125091,15.840020751953148,20.640008544921898,-10.841748046875182,17.27993164062491,60.48000488281241,62.7265625,-32.63999023437509,-40.80014648437509,-56.53122558593759,-19.679986572265648,8.639965820312455,-13.939208984375
1763688948.8398833,2,2,1,-0.15467019338126384,0.11224483613251815,0.4846337597285775,0.0006749005600616188,0.0033775046802129918,-0.0011280700719593568,26.88002929687491,-19.199987792968727,-13.939062500000091,13.439996337890648,23.040002441406273,-6.969677734375182,17.27993164062491,55.67995605468741,62.7265625,-35.04013671875009,-40.80014648437509,-52.65921630859384,-22.080010986328148,13.440014648437455,-17.811279296875
1763688948.8833637,2,2,1,-0.16417132646331817,0.10637773191741605,0.4850534159821823,0.0007924203133273953,0.0037422556288661075,-0.0010485759530477175,24.48000488281241,-21.600012207031227,-17.81113281250009,15.840020751953148,20.640008544921898,-14.713574218750182,14.879907226562409,53.28005371093741,66.598388671875,-32.63999023437509,-43.20004882812509,-56.53122558593759,-19.679986572265648,8.639965820312455,-13.939208984375
1763688949.0421364,2,2,1,-0.13964211734756263,0.18085929309445223,0.4372380816353711,0.0017197424252810764,0.0035287885834695398,-0.0013028765026192875,34.07998046874991,-19.199987792968727,-10.067236328125091,15.840020751953148,13.439996337890648,-10.841748046875182,12.480004882812409,60.48000488281241,58.8544921875,-32.63999023437509,-40.80014648437509,-52.65921630859384,-24.480004882812523,11.039990234374955,-17.811279296875
1763688949.160627,2,2,1,-0.1492753597152104,0.06181359337769695,0.4021698607064692,0.000921902636535509,0.0025854193919277743,-0.0009958569988606498,24.48000488281241,-21.600012207031227,-21.68320312500009,23.040002441406273,18.239984130859398,-6.969677734375182,19.67995605468741,55.67995605468741,66.598388671875,-32.63999023437509,-36.00009765625009,-52.65921630859384,-22.080010986328148,13.440014648437455,-13.939208984375
1763688949.2546785,2,2,1,-0.04446893295315542,0.12064019309296155,0.44948729651048486,0.0010959644975000907,0.0016817006223461268,-0.0012186818646499208,24.48000488281241,-23.999975585937477,-17.81113281250009,13.439996337890648,18.239984130859398,-14.713574218750182,14.879907226562409,50.88002929687491,58.8544921875,-27.83994140625009,-43.20004882812509,-56.53122558593759,-19.679986572265648,11.039990234374955,-6.195068359375
1763688949.3651955,2,2,1,-0.09894713292442345,0.15956072688744216,0.42059425012703633,0.002068449326984619,0.0025256439981889665,-0.0009149602245098473,26.88002929687491,-16.799963378906227,-13.939062500000091,18.240014648437523,20.640008544921898,-14.713574218750182,17.27993164062491,58.07998046874991,58.8544921875,-30.24008789062509,-36.00009765625009,-64.27518310546884,-19.679986572265648,13.440014648437455,-17.811279296875
1763688949.4624147,2,2,1,-0.19408329405794406,0.15344018397694062,0.4747604846432989,0.0021769753881421875,0.003637411328556229,-0.0010501975367359858,26.88002929687491,-19.199987792968727,-17.81113281250009,15.840020751953148,18.239984130859398,-6.969677734375182,14.879907226562409,62.88002929687491,66.598388671875,-35.04013671875009,-43.20004882812509,-52.65921630859384,-22.080010986328148,15.840039062499955,-17.811279296875
1763688949.5558653,2,2,1,-0.12327045087342067,0.14457060543332662,0.3690655379566087,0.001595533508815551,0.0027214135716679827,-0.0006993944788110928,36.48000488281241,-19.199987792968727,-6.195166015625091,15.840020751953148,20.640008544921898,-6.969677734375182,14.879907226562409,70.07998046874991,78.21435546875,-37.44003906250009,-52.80014648437509,-60.40317382812509,-26.879998779296898,13.440014648437455,-6.195068359375
1763688949.742269,2,2,1,-0.19599671067691446,0.04749260630910406,0.24677902129674806,-0.0004363151253530301,0.0037949099686421673,-0.001133701923252943,36.48000488281241,-14.399999999999977,-2.323095703125091,23.040002441406273,27.839990234375023,8.518359374999818,10.079980468749909,74.88002929687491,74.342529296875,-44.63999023437509,-64.80014648437509,-56.53122558593759,-22.080010986328148,18.239941406249955,1.548828125
1763688949.945241,2,2,1,-0.14512509257983347,0.10542843057987492,0.2795165407135466,0.00023672883360800452,0.0038170589488469553,-0.00042079108131933853,50.88002929687491,-9.600012207031227,-2.323095703125091,25.439996337890648,35.04000244140627,16.262255859374818,5.279931640624909,72.48000488281241,78.21435546875,-49.44003906250009,-76.80014648437509,-68.14719238281259,-14.879998779296898,20.639965820312455,1.548828125
1763688950.037067,2,2,1,-0.07821248028081919,0.06120327611926399,0.24171079603851517,3.353164371804854e-05,0.004460328867254841,-0.0005097010619985491,34.07998046874991,-7.199987792968727,-6.195166015625091,13.439996337890648,32.6400085449219,8.518359374999818,7.679956054687409,79.67995605468741,85.95849609375,-51.83994140625009,-84.00009765625009,-64.27518310546884,-17.279992675781273,15.840039062499955,5.4208984375
1763688950.3465703,2,2,1,-0.25603535220356777,0.2657431281120733,-0.26866885763538534,0.0011713857282873916,0.005539732076542035,-0.0008601756063580952,43.67995605468741,-2.3999999999999773,9.292871093749909,-10.560003662109352,39.83999023437502,24.006396484374818,0.48000488281240905,125.28005371093741,113.0625,-75.83994140625009,-141.5999511718751,-68.14719238281259,-22.080010986328148,30.239941406249955,9.292724609375
1763688950.4419131,2,2,1,0.11943352265917527,-0.32540574985397064,-0.47038943305751973,-0.004321171928666496,0.004190059370284976,-0.0010629969472625942,74.88002929687491,4.800012207031273,28.65273437499991,18.240014648437523,42.2399841308594,54.98247070312482,-4.320043945312591,149.2800537109374,136.29443359375,-92.63999023437509,-163.2000488281251,-79.76322021484384,-22.080010986328148,30.239941406249955,13.164794921875
1763688950.6429882,2,2,1,0.089836566085407,-0.2591671912203416,-0.7843341204010076,-0.003034027480235256,0.004318449137114849,-0.0007842386913059007,89.27993164062491,4.800012207031273,32.52480468749991,18.240014648437523,47.04000244140627,66.59843749999982,-4.320043945312591,175.6799560546874,155.654541015625,-114.24008789062509,-201.5999511718751,-83.63522949218759,-24.480004882812523,37.440014648437455,32.52490234375
1763688950.7368035,2,2,1,0.004435854134234219,-0.08969683623669858,-1.0070845192119824,-0.005259951585497578,0.003745012887332981,-0.0012008226352293685,94.07998046874991,12.000024414062523,36.39687499999991,15.840020751953148,54.2399841308594,82.08623046874982,-6.720068359375091,190.0799804687499,175.014404296875,-123.83994140625009,-220.8001464843751,-95.25119628906259,-26.879998779296898,37.440014648437455,44.140869140625
1763688950.9377742,2,2,1,-0.18691026642896347,0.09341755847430919,-1.4028481979518173,-0.003613590000619637,0.009260992946961111,-0.0007233683783018775,106.07998046874991,12.000024414062523,55.75673828124991,13.439996337890648,66.2399841308594,109.19047851562482,-11.519995117187591,216.4801269531249,198.246337890625,-147.8399414062501,-264.0000976562501,-99.12320556640634,-29.279992675781273,42.239941406249955,59.62890625
1763688951.0466876,2,2,1,-0.1891293389383983,0.061377334846448126,-1.6861172267979052,-0.0034397861116478652,0.007664792211145087,-0.0006649597893003468,120.48000488281241,28.800012207031273,63.50087890624991,18.240014648437523,73.43999633789065,113.06254882812482,-18.72006835937509,235.6800781249999,217.6064453125,-162.2400878906251,-283.2000488281251,-110.73917236328134,-29.279992675781273,47.039990234374955,67.372802734375
1763688951.1405873,2,2,1,-0.25533847942359617,-0.015670566964445437,-1.8872536456676803,-0.007215669740302712,0.013038784506623758,-0.0010577148610957758,130.0799804687499,26.399987792968773,63.50087890624991,20.640008544921898,80.6400085449219,128.55034179687482,-21.12009277343759,250.0799804687499,221.478515625,-179.0401367187501,-304.8001464843751,-114.61118164062509,-31.679986572265648,49.440014648437455,71.244873046875
1763688951.2336495,2,2,1,-0.23693685800326508,-0.008983446460079217,-2.071910074524361,-0.007361431401867798,0.011261317261635664,-0.0008908511145705579,139.6799560546874,28.800012207031273,78.98891601562491,20.640008544921898,92.6400085449219,124.67827148437482,-23.51999511718759,269.2799316406249,240.83837890625,-193.4400390625001,-328.8001464843751,-130.0992187500001,-29.279992675781273,56.639965820312455,75.11669921875
1763688951.345889,2,2,1,-0.2876878347975963,-0.0878119561728991,-2.3879732016456967,-0.010654557486283963,0.014713576217140088,-0.000931994283943817,151.6799560546874,36.00002441406252,75.11684570312491,23.040002441406273,92.6400085449219,140.16655273437482,-21.12009277343759,286.0799804687499,248.58251953125,-205.4400390625001,-350.4000000000001,-126.22720947265634,-31.679986572265648,51.840039062499955,82.86083984375
1763688951.4351397,2,2,1,-0.24534289154884015,-0.052846298141061926,-2.507387832071226,-0.00783317710015975,0.0088543572598421,-0.0011232893325649183,154.0799804687499,31.200036621093773,90.60488281249991,23.040002441406273,97.43999633789065,147.91020507812482,-21.12009277343759,305.2799316406249,264.070556640625,-215.0401367187501,-364.8001464843751,-137.84317626953134,-38.8799987792969,54.239941406249955,82.86083984375
1763688951.6367989,2,2,1,-0.2733367304531565,-0.0664215070083148,-3.033104946969646,-0.012200250232547602,0.015149542916238698,-0.0015619740432961386,178.0799804687499,36.00002441406252,98.34877929687491,30.240014648437523,114.2399841308594,171.14213867187482,-33.12009277343759,329.2799316406249,287.302490234375,-241.4400390625001,-403.2000488281251,-161.0751708984376,-41.27999267578127,59.039990234374955,98.348876953125
1763688951.9360359,2,2,1,-0.42448145292478,-0.16208567576818533,-4.176843176757162,-0.01691308070689546,0.021218321627244296,-0.0012769174483151272,206.8800292968749,43.19997558593752,117.70888671874991,35.04000244140627,133.43999633789065,194.37456054687482,-40.32004394531259,389.2799316406249,341.510498046875,-284.6399902343751,-480.0000976562501,-180.43521728515634,-46.08001098632815,73.44001464843745,113.8369140625
1763688952.2472198,2,2,1,-0.3511177113121463,-0.1408568828639452,-5.653554210838177,-0.01646607889712068,0.01723768336717754,-0.0014147097744289412,0,0,0,0,0,0,0,0,0,0,0,0,0,0,0
1763688952.539371,2,2,1,-0.452655189781889,-0.15814555983165435,-7.393457490098915,-0.018539004829395918,0.022566386257753094,-0.0018074903414665479,254.8800292968749,72.00002441406252,164.1727539062499,18.240014648437523,188.6400085449219,275.6865722656248,-71.51999511718759,494.8800292968749,453.79833984375,-383.0401367187501,-669.6001953125001,-215.2831787109376,-50.8799987792969,102.23994140624995,144.812744140625
1763688952.6337953,2,2,1,-0.4214537973019652,-0.0821181118724659,-7.58950757376909,-0.017124760290761883,0.02088153984489442,-0.00203493171173981,266.8800292968749,74.40004882812502,179.6607910156249,18.240014648437523,198.24001464843752,287.3022949218748,-76.32004394531259,511.6800781249999,484.7744140625,-395.0401367187501,-691.2000488281251,-219.15518798828134,-48.48000488281252,107.03999023437495,160.30078125
1763688952.7407982,2,2,1,-0.4062772127518054,-0.052016264505964804,-8.123692913984017,-0.016506910846576676,0.0185370208566165,-0.0018353901526687462,271.6799560546874,74.40004882812502,191.2767578124999,23.040002441406273,205.43999633789065,298.9185058593748,-81.12009277343759,530.8800292968749,508.00634765625,-409.4400390625001,-722.4000000000001,-219.15518798828134,-48.48000488281252,116.63996582031245,171.916748046875
1763688953.0374837,2,2,1,-0.17397884926001236,0.018596944771087115,-9.144622298708084,-0.010445323517698703,0.010710308257320838,-0.002573710762350443,288.4800048828124,81.60000000000002,210.6368652343749,23.040002441406273,215.04000244140627,341.5103027343748,-93.12009277343759,576.4801269531249,566.08642578125,-438.2400878906251,-789.6001953125001,-207.53922119140634,-53.27999267578127,135.84003906249995,175.788818359375
1763688953.1479912,2,2,1,-0.22792380315776814,0.03929494601205687,-9.54173656696516,-0.009698407301824977,0.008881247334452539,-0.00193241284790265,302.8800292968749,84.00002441406252,218.3807617187499,20.640008544921898,227.04000244140627,353.1265136718748,-100.32004394531259,590.8800292968749,589.318359375,-462.2400878906251,-825.6001953125001,-226.89920654296884,-48.48000488281252,135.84003906249995,187.40478515625
1763688953.3354585,2,2,1,-0.27458298238956014,0.06808864560867296,-10.59552304601154,-0.011673397006103297,0.014267336864441961,-0.0016930985927013423,314.8800292968749,93.60000000000002,233.8687988281249,20.640008544921898,253.43999633789065,372.4863769531248,-112.32004394531259,619.6800781249999,616.42236328125,-488.6399902343751,-871.2000488281251,-250.1312011718751,-46.08001098632815,143.03999023437495,195.14892578125
1763688953.4426298,2,2,1,-0.3906345687278304,-0.0026770357099501207,-11.049696057846537,-0.016000632948058827,0.020877066046448216,-0.0023350226234519485,326.8800292968749,91.19997558593752,229.9969726562499,23.040002441406273,258.2399841308594,384.1025878906248,-109.92001953125009,638.8800292968749,643.5263671875,-498.2400878906251,-902.4000000000001,-254.00321044921884,-48.48000488281252,155.03999023437495,195.14892578125
1763688953.5364578,2,2,1,-0.1750490305197881,0.13389625548726944,-11.561296711965202,-0.008881557702968043,0.011559168839287697,-0.002189178727111581,331.6799560546874,105.60000000000002,245.4847656249999,20.640008544921898,272.6400085449219,387.9741699218748,-112.32004394531259,655.6800781249999,651.2705078125,-512.6399902343751,-921.6001953125001,-265.61917724609384,-48.48000488281252,152.63996582031245,199.020751953125
1763688953.6475496,2,2,1,-0.4862816282675828,-0.03002143774808888,-11.859673460769827,-0.016851313160563312,0.024969626259887693,-0.002389698525184289,331.6799560546874,96.00002441406252,249.3568359374999,15.840020751953148,267.84002075195315,399.5903808593748,-109.92001953125009,653.2799316406249,659.014404296875,-507.8399414062501,-926.4000000000001,-257.8752197265626,-53.27999267578127,159.84003906249995,187.40478515625
1763688953.740433,2,2,1,-0.2558136273274454,0.09780558749536786,-11.608032749583947,-0.008538456462043542,0.01282352195641965,-0.0021222989575324838,331.6799560546874,100.80007324218752,241.6129394531249,15.840020751953148,267.84002075195315,399.5903808593748,-112.32004394531259,658.0799804687499,666.758544921875,-507.8399414062501,-926.4000000000001,-257.8752197265626,-53.27999267578127,155.03999023437495,191.27685546875
1763688953.8362288,2,2,1,-0.2323654511224377,0.12397936905755653,-11.268364115970439,-0.007551288490674074,0.012301146657874882,-0.0023901033365537755,322.0799804687499,93.60000000000002,241.6129394531249,15.840020751953148,255.84002075195315,387.9741699218748,-102.72006835937509,653.2799316406249,662.886474609375,-505.4400390625001,-921.6001953125001,-250.1312011718751,-55.67998657226565,152.63996582031245,195.14892578125
1763688954.0356667,2,2,1,-0.02957968473142747,0.2377354586618411,-11.005889615891974,-0.0008682352124036591,0.0010237234906411187,-0.001968012698880279,322.0799804687499,93.60000000000002,245.4847656249999,11.040002441406273,253.43999633789065,391.8462402343748,-105.12009277343759,653.2799316406249,670.63037109375,-498.2400878906251,-926.4000000000001,-238.51517333984384,-58.08001098632815,162.23994140624995,183.53271484375
1763688954.4411275,2,2,1,-0.052996705401942124,0.22988007098068294,-10.657287996603408,-0.0015351443958821487,0.004067361820372609,-0.0021576351913567774,322.0799804687499,96.00002441406252,245.4847656249999,13.439996337890648,253.43999633789065,399.5903808593748,-105.12009277343759,660.4801269531249,674.50244140625,-498.2400878906251,-921.6001953125001,-242.3871826171876,-60.48000488281252,157.44001464843745,195.14892578125
1763688954.5328789,2,2,1,-0.10418946430952197,0.2438637436588233,-10.657444128846397,-0.0016087293934863717,0.0059060582315961785,-0.002002189853356902,324.4800048828124,91.19997558593752,249.3568359374999,15.840020751953148,253.43999633789065,399.5903808593748,-105.12009277343759,653.2799316406249,662.886474609375,-500.6399902343751,-924.0000976562501,-238.51517333984384,-55.67998657226565,159.84003906249995,191.27685546875
1763688954.6429996,2,2,1,-0.23903086247684552,0.16817979043095177,-10.53510716717452,-0.005122440195854415,0.011446511578016592,-0.002512503899321008,329.2799316406249,93.60000000000002,237.7408691406249,18.240014648437523,258.2399841308594,391.8462402343748,-107.51999511718759,658.0799804687499,674.50244140625,-505.4400390625001,-921.6001953125001,-246.25919189453134,-53.27999267578127,159.84003906249995,191.27685546875
1763688954.7523775,2,2,1,-0.21871197428448497,0.14389836606346887,-10.60891575344688,-0.006168368141684748,0.012269410464178593,-0.0017594142171710788,326.8800292968749,93.60000000000002,241.6129394531249,18.240014648437523,255.84002075195315,395.7183105468748,-109.92001953125009,653.2799316406249,670.63037109375,-505.4400390625001,-924.0000976562501,-246.25919189453134,-58.08001098632815,157.44001464843745,195.14892578125
1763688954.8448985,2,2,1,-0.2137671213737268,0.18448436018206646,-10.484677320613502,-0.004787281872469091,0.010948922046249712,-0.0020256132717274655,324.4800048828124,93.60000000000002,249.3568359374999,18.240014648437523,258.2399841308594,399.5903808593748,-105.12009277343759,650.8800292968749,670.63037109375,-503.0401367187501,-921.6001953125001,-242.3871826171876,-53.27999267578127,159.84003906249995,191.27685546875
1763688955.0546124,2,2,1,-0.1532378810528088,0.2584062777899435,-10.372299481889726,-0.001928101486697864,0.007382627982823513,-0.001980592009469547,319.6799560546874,96.00002441406252,241.6129394531249,13.439996337890648,258.2399841308594,395.7183105468748,-107.51999511718759,653.2799316406249,662.886474609375,-500.6399902343751,-921.6001953125001,-242.3871826171876,-53.27999267578127,159.84003906249995,191.27685546875
1763688955.344534,2,2,1,-0.11985977975915454,0.2706259885877267,-10.169503874061713,-0.0014170343320538403,0.006560598866505663,-0.0018291725732601002,322.0799804687499,88.80007324218752,241.6129394531249,13.439996337890648,255.84002075195315,391.8462402343748,-105.12009277343759,655.6800781249999,674.50244140625,-503.0401367187501,-921.6001953125001,-242.3871826171876,-58.08001098632815,162.23994140624995,191.27685546875
1763688955.4364853,2,2,1,-0.12356956309784708,0.24775213902760088,-10.201944652063261,-0.0009550337496228786,0.007539723813625849,-0.001992857709634894,322.0799804687499,93.60000000000002,241.6129394531249,15.840020751953148,253.43999633789065,391.8462402343748,-107.51999511718759,650.8800292968749,674.50244140625,-500.6399902343751,-914.4000000000001,-230.7712158203126,-58.08001098632815,152.63996582031245,183.53271484375
1763688955.5447612,2,2,1,-0.1136442136472935,0.26459111812462716,-10.066676090330379,-0.0009476355630318734,0.006817343130510373,-0.0024152921492750696,322.0799804687499,88.80007324218752,245.4847656249999,13.439996337890648,251.0400329589844,399.5903808593748,-102.72006835937509,653.2799316406249,670.63037109375,-503.0401367187501,-921.6001953125001,-246.25919189453134,-60.48000488281252,162.23994140624995,183.53271484375
1763688955.6372273,2,2,1,-0.11452483481759308,0.2554495790268594,-10.133610374359561,-0.0008702787335849449,0.006724841650871456,-0.0022817122799705944,317.2799316406249,88.80007324218752,249.3568359374999,11.040002441406273,239.04000244140627,391.8462402343748,-100.32004394531259,658.0799804687499,678.37451171875,-491.0401367187501,-916.8001464843751,-211.4112304687501,-58.08001098632815,159.84003906249995,187.40478515625
1763688955.93532,2,2,1,0.12071668871000878,0.3600231339989037,-10.022826407121011,0.0060377853279039405,-0.004845598003401345,-0.0017558954097892504,314.8800292968749,88.80007324218752,241.6129394531249,6.240014648437523,241.43999633789065,391.8462402343748,-95.51999511718759,653.2799316406249,678.37451171875,-491.0401367187501,-919.2000488281251,-215.2831787109376,-62.8799987792969,157.44001464843745,191.27685546875
1763688956.045542,2,2,1,0.12601888468957445,0.3656469960518411,-9.909836820231073,0.004928945607688636,-0.004237351801528557,-0.0021116785695577765,0,0,0,0,0,0,0,0,0,0,0,0,0,0,0
1763688956.13695,2,2,1,0.1230253768201425,0.35624834054098203,-9.80643447137379,0.005552793799565674,-0.0041867250261647115,-0.002149343238822942,314.8800292968749,88.80007324218752,249.3568359374999,11.040002441406273,236.6400085449219,387.9741699218748,-95.51999511718759,658.0799804687499,689.990478515625,-488.6399902343751,-914.4000000000001,-223.0271972656251,-60.48000488281252,159.84003906249995,195.14892578125
1763688956.1820138,2,2,1,0.09723572142610573,0.35336232552606955,-9.974003612907973,0.005489382352903065,-0.004365889928814842,-0.0016618500244484878,314.8800292968749,91.19997558593752,249.3568359374999,11.040002441406273,234.24001464843752,391.8462402343748,-100.32004394531259,653.2799316406249,678.37451171875,-495.8399414062501,-916.8001464843751,-223.0271972656251,-58.08001098632815,159.84003906249995,183.53271484375
1763688956.2751691,2,2,1,0.05566162789218257,0.35367909162526745,-9.856463919949771,0.005161864098507253,-0.003056186905088281,-0.0021680791899464985,317.2799316406249,88.80007324218752,249.3568359374999,13.439996337890648,239.04000244140627,399.5903808593748,-97.92001953125009,643.6800781249999,670.63037109375,-493.4400390625001,-907.2000488281251,-215.2831787109376,-60.48000488281252,155.03999023437495,187.40478515625
1763688956.4336789,2,2,1,-0.09244099046500691,0.25790258242215325,-9.323892828395287,0.0004071908520389446,0.007204046942754729,-0.0018307489688226789,312.4800048828124,88.80007324218752,241.6129394531249,13.439996337890648,241.43999633789065,380.2305175781248,-100.32004394531259,626.8800292968749,659.014404296875,-488.6399902343751,-885.6001953125001,-226.89920654296884,-55.67998657226565,155.03999023437495,183.53271484375
1763688956.4467661,2,2,1,-0.10760446507296238,0.2513367466283031,-9.290045794427026,3.188899694835101e-05,0.006398674432346511,-0.0018979999817683318,312.4800048828124,84.00002441406252,241.6129394531249,18.240014648437523,241.43999633789065,387.9741699218748,-100.32004394531259,626.8800292968749,655.142333984375,-491.0401367187501,-883.2000488281251,-230.7712158203126,-53.27999267578127,150.23994140624995,191.27685546875
1763688956.5434859,2,2,1,-0.23085328364525887,0.15326396621061375,-8.866828314393908,-0.004067660802384507,0.011026206100830882,-0.0023798754114132624,307.6799560546874,88.80007324218752,237.7408691406249,15.840020751953148,239.04000244140627,376.3584472656248,-102.72006835937509,624.4801269531249,643.5263671875,-486.2400878906251,-868.8001464843751,-226.89920654296884,-50.8799987792969,152.63996582031245,187.40478515625
1763688956.8376868,2,2,1,-0.0408410895378325,0.282510942064498,-6.862246110103088,0.0023770453296060833,0.005011045764622772,-0.0017275487606638958,278.8800292968749,76.80007324218752,226.1249023437499,13.439996337890648,198.24001464843752,345.3823730468748,-85.92001953125009,571.6800781249999,589.318359375,-440.6399902343751,-782.4000000000001,-199.79520263671884,-53.27999267578127,140.63996582031245,168.044921875
1763688957.0424123,2,2,1,0.05413448152205874,0.3029177591986163,-5.424019321389034,0.007926804028481211,-0.003694313061092411,-0.0018974166159202218,245.2799316406249,64.80007324218752,202.8929687499999,8.640008544921898,169.43999633789065,295.0464355468748,-76.32004394531259,506.8800292968749,531.238525390625,-395.0401367187501,-696.0000976562501,-161.0751708984376,-55.67998657226565,121.44001464843745,160.30078125
1763688957.1366997,2,2,1,-0.05180315858062917,0.3432970510934764,-4.749975374202911,0.00891266353391819,0.0018805908949465714,-0.001184967728505662,230.8800292968749,57.60000000000002,191.2767578124999,6.240014648437523,152.6400085449219,287.3022949218748,-61.92001953125009,485.2799316406249,500.262451171875,-375.8399414062501,-652.8001464843751,-149.4592041015626,-53.27999267578127,116.63996582031245,148.684814453125
1763688957.3364022,2,2,1,-0.02109948592473801,0.25086953658436134,-3.247486763176229,0.009950495646060306,-0.00021909723462074353,-0.0021216871947227767,206.8800292968749,43.19997558593752,160.3009277343749,11.040002441406273,123.83999023437502,240.83842773437482,-45.12009277343759,437.2799316406249,438.310546875,-311.0401367187501,-566.4000000000001,-137.84317626953134,-53.27999267578127,102.23994140624995,133.19677734375
1763688957.444332,2,2,1,-0.015872377991058423,0.32941571389748064,-2.724838750547815,0.0034498729453605013,-0.009689633020915293,-0.002050619806897634,175.6799560546874,38.40004882812502,148.6849609374999,1.4399963378906477,104.6400085449219,213.73442382812482,-37.92001953125009,396.4801269531249,403.46240234375,-282.2400878906251,-511.2000488281251,-130.0992187500001,-53.27999267578127,92.63996582031245,109.96484375
1763688957.6477778,2,2,1,-0.1446009342412407,0.2339444567501963,-1.795039464767802,0.0006951724136080948,-0.0029794491250510415,-0.0017981188241482473,161.2799316406249,26.399987792968773,117.70888671874991,13.439996337890648,87.83999023437502,178.88627929687482,-25.92001953125009,360.4801269531249,349.25439453125,-224.6399902343751,-432.0000976562501,-106.86722412109384,-53.27999267578127,75.84003906249995,98.348876953125
1763688957.740831,2,2,1,0.03749920986622979,0.3156504738641671,-1.3437592806881982,0.0054319350856475,-0.007902949627210516,-0.001469113247902395,151.6799560546874,26.399987792968773,102.22084960937491,15.840020751953148,80.6400085449219,175.01420898437482,-23.51999511718759,336.4801269531249,329.89453125,-215.0401367187501,-403.2000488281251,-102.99521484375009,-53.27999267578127,68.63996582031245,90.604736328125
1763688957.8489873,2,2,1,-0.2145775607355398,0.47777279495706965,-1.0050657906809906,0.0053990524577061565,8.098197069108487e-05,-0.0017502808540698846,146.8800292968749,19.200036621093773,98.34877929687491,18.240014648437523,75.83999023437502,151.78227539062482,-25.92001953125009,314.8800292968749,295.04638671875,-200.6399902343751,-369.5999511718751,-95.25119628906259,-48.48000488281252,66.23994140624995,94.476806640625
1763688957.9404829,2,2,1,-0.33382600937176216,0.4936692756756794,-0.89664186358817,0.007026380439011983,0.003670096535013706,-0.0016262048016516327,132.4800048828124,14.399987792968773,82.86074218749991,-0.9599975585937273,68.6400085449219,136.29448242187482,-21.12009277343759,290.8800292968749,283.430419921875,-186.2400878906251,-336.0000976562501,-83.63522949218759,-46.08001098632815,59.039990234374955,55.7568359375
1763688957.9865444,2,2,1,-0.24654928595608927,0.37363371782733595,-0.9013456569095237,0.007236974447851809,0.004902901954292864,-0.0009911600795435812,115.67995605468741,19.200036621093773,86.73281249999991,3.8400207519531477,66.2399841308594,128.55034179687482,-18.72006835937509,276.4801269531249,267.9423828125,-179.0401367187501,-321.5999511718751,-91.37918701171884,-48.48000488281252,61.440014648437455,75.11669921875
1763688958.0809853,2,2,1,0.1527435732109437,-0.23229685406615236,-0.7192166039613589,0.0005724359742336235,0.0016047245070111072,-0.0016867066598995955,130.0799804687499,12.000024414062523,82.86074218749991,18.240014648437523,59.04000244140627,136.29448242187482,-13.920019531250091,269.2799316406249,256.326416015625,-162.2400878906251,-314.4000000000001,-87.50717773437509,-48.48000488281252,59.039990234374955,75.11669921875
1763688958.1750717,2,2,1,0.00645884884889919,0.20084220448213003,-0.5977989011528146,-0.0004028597324908631,-0.000498846242396967,-0.0020762447951849,113.27993164062491,12.000024414062523,75.11684570312491,8.640008544921898,59.04000244140627,116.93413085937482,-18.72006835937509,240.4801269531249,236.966552734375,-159.8399414062501,-292.8001464843751,-87.50717773437509,-43.67998657226565,59.039990234374955,59.62890625
1763688958.3346484,2,2,1,-0.13400963796671173,0.138697179110211,-0.352956369988933,0.0014678306486013487,0.0032137677516511382,-0.0018171900142136127,103.67995605468741,4.800012207031273,75.11684570312491,8.640008544921898,51.83999023437502,97.57426757812482,-9.120092773437591,223.6800781249999,221.478515625,-143.0401367187501,-256.8001464843751,-79.76322021484384,-36.48000488281252,47.039990234374955,55.7568359375
1763688958.5341046,2,2,1,-0.15642380342557788,0.1264951050737856,-0.2234309181047182,0.0005628033234403872,0.004992143808024621,-0.001226012745526015,89.27993164062491,2.3999877929687727,55.75673828124991,6.240014648437523,44.6400085449219,82.08623046874982,-4.320043945312591,190.0799804687499,202.118408203125,-121.44003906250009,-218.4000000000001,-72.01920166015634,-36.48000488281252,47.039990234374955,48.0126953125
1763688959.246375,2,2,1,-0.14330103213768397,0.17792351734466177,0.35469278179129515,0.0023326626858900883,0.004497984810146148,-0.0013291907932732586,0,0,0,0,0,0,0,0,0,0,0,0,0,0,0
1763688959.4359703,2,2,1,-0.20777822895865675,0.12155444552594352,0.3750842849809407,0.002691978433875079,0.005733238458885354,-0.0016274844827314026,65.27993164062491,-11.999975585937477,24.78090820312491,15.840020751953148,39.83999023437502,47.23833007812482,0.48000488281240905,125.28005371093741,132.42236328125,-90.24008789062509,-129.5999511718751,-72.01920166015634,-29.279992675781273,35.039990234374955,20.90869140625
1763688959.545831,2,2,1,-0.19902491125035165,0.11160047966330217,0.43516417976102606,0.000792865267909887,0.005164881388281993,-0.0014572586625631776,60.48000488281241,-11.999975585937477,20.90883789062491,15.840020751953148,37.43999633789065,39.49443359374982,2.879907226562409,118.07998046874991,124.678466796875,-83.04013671875009,-122.40000000000009,-72.01920166015634,-26.879998779296898,30.239941406249955,13.164794921875
1763688959.640504,2,2,1,-0.2008111329511208,0.08078361515882893,0.5022875778817063,0.0008998210719994067,0.005566919621174027,-0.0011954598417600031,55.67995605468741,-9.600012207031227,17.03676757812491,18.240014648437523,35.04000244140627,39.49443359374982,0.48000488281240905,115.67995605468741,136.29443359375,-80.63999023437509,-117.59995117187509,-60.40317382812509,-29.279992675781273,27.840039062499955,17.036865234375
1763688959.735832,2,2,1,-0.13954335197535556,0.15601273966689955,0.451340168833984,0.001344569367854717,0.004744242459797586,-0.0012188435083946901,58.07998046874991,-14.399999999999977,17.03676757812491,15.840020751953148,32.6400085449219,31.750292968749818,0.48000488281240905,110.88002929687491,132.42236328125,-80.63999023437509,-110.40000000000009,-64.27518310546884,-26.879998779296898,30.239941406249955,9.292724609375
1763688959.8444028,2,2,1,-0.13111371616448877,0.09211185634523844,0.5677169977599563,0.0008535170444486785,0.0045082132669160245,-0.0015648107989661736,53.27993164062491,-11.999975585937477,9.292871093749909,13.439996337890648,35.04000244140627,31.750292968749818,7.679956054687409,108.48000488281241,132.42236328125,-73.44003906250009,-103.20004882812509,-68.14719238281259,-26.879998779296898,30.239941406249955,9.292724609375
1763688960.13809,2,2,1,-0.1311387862924941,0.09069899648565996,0.46910723152971395,0.0010070897147830677,0.0025289483729199003,-0.00120876975095694,48.48000488281241,-19.199987792968727,9.292871093749909,18.240014648437523,25.439996337890648,27.878466796874818,7.679956054687409,108.48000488281241,116.934326171875,-73.44003906250009,-96.00009765625009,-64.27518310546884,-36.48000488281252,27.840039062499955,13.164794921875
1763688960.249672,2,2,1,-0.086580330318581,0.10511923809961503,0.5171119952602717,0.0008127675005826951,0.0021441496350224423,-0.0011940666490093115,53.27993164062491,-16.799963378906227,5.420800781249909,20.640008544921898,30.239984130859398,20.134326171874818,12.480004882812409,103.67995605468741,120.806396484375,-68.63999023437509,-91.20004882812509,-68.14719238281259,-29.279992675781273,25.440014648437455,9.292724609375
1763688960.4356563,2,2,1,-0.050732131855757194,0.1054832799931616,0.48140615815951243,0.0004726222305849702,0.0016418666644710997,-0.0014431933149787839,50.88002929687491,-19.199987792968727,9.292871093749909,18.240014648437523,23.040002441406273,20.134326171874818,12.480004882812409,108.48000488281241,113.0625,-68.63999023437509,-86.40000000000009,-64.27518310546884,-24.480004882812523,30.239941406249955,13.164794921875
1763688960.6381938,2,2,1,-0.1831946950009397,0.13841184334144993,0.5058174465086457,0.0015636101560514953,0.0034464448861586706,-0.0010405653669590667,46.07998046874991,-19.199987792968727,13.164941406249909,20.640008544921898,25.439996337890648,24.006396484374818,10.079980468749909,103.67995605468741,116.934326171875,-73.44003906250009,-88.80014648437509,-68.14719238281259,-26.879998779296898,27.840039062499955,1.548828125
1763688960.746069,2,2,1,-0.15760135658156318,0.12461278848821088,0.4203830461403296,0.0014377411689734552,0.0030266956842245987,-0.0008361078944025436,50.88002929687491,-21.600012207031227,9.292871093749909,18.240014648437523,27.839990234375023,27.878466796874818,7.679956054687409,96.48000488281241,113.0625,-63.83994140625009,-81.59995117187509,-60.40317382812509,-26.879998779296898,27.840039062499955,5.4208984375
1763688960.838501,2,2,1,-0.15797107873050084,0.10318770271257073,0.3862013324350972,0.0012398342085209425,0.0034074228950913155,-0.0012381240272679357,46.07998046874991,-21.600012207031227,1.548730468749909,18.240014648437523,30.239984130859398,16.262255859374818,10.079980468749909,98.88002929687491,113.0625,-66.24008789062509,-81.59995117187509,-56.53122558593759,-29.279992675781273,25.440014648437455,9.292724609375
1763688960.9493742,2,2,1,-0.0859330881568864,0.08663305322640397,0.41499696892197946,0.00047336370645762686,0.001840182782522113,-0.0009177454230479189,50.88002929687491,-21.600012207031227,1.548730468749909,20.640008544921898,23.040002441406273,16.262255859374818,12.480004882812409,101.28005371093741,109.1904296875,-63.83994140625009,-81.59995117187509,-68.14719238281259,-29.279992675781273,25.440014648437455,9.292724609375
1763688961.043552,2,2,1,-0.13155122341532588,0.07984582258602446,0.33316360552382857,0.0008887125126353409,0.0028831223470069172,-0.0006313570931527843,48.48000488281241,-19.199987792968727,5.420800781249909,15.840020751953148,25.439996337890648,20.134326171874818,10.079980468749909,98.88002929687491,105.318359375,-61.44003906250009,-79.20004882812509,-56.53122558593759,-29.279992675781273,25.440014648437455,9.292724609375
1763688961.0995092,2,2,1,-0.14596105779203414,0.10900372171367795,0.4674831077370753,0.0006560070034146125,0.00292197359277802,-0.0008214146636829843,43.67995605468741,-21.600012207031227,5.420800781249909,18.240014648437523,30.239984130859398,16.262255859374818,7.679956054687409,96.48000488281241,105.318359375,-61.44003906250009,-79.20004882812509,-68.14719238281259,-29.279992675781273,20.639965820312455,9.292724609375
1763688961.195099,2,2,1,-0.1303756971862691,0.11937454661041436,0.41792603120747407,0.0010661463929657448,0.002785692310433175,-0.0007601692302599599,46.07998046874991,-16.799963378906227,1.548730468749909,18.240014648437523,30.239984130859398,12.390429687499818,12.480004882812409,94.07998046874991,109.1904296875,-63.83994140625009,-74.40000000000009,-64.27518310546884,-29.279992675781273,23.039990234374955,1.548828125
1763688961.2894895,2,2,1,-0.14722205860286877,0.09561570995213213,0.4674837646572356,0.0006936327979903711,0.003786670439840067,-0.0013671489049877886,46.07998046874991,-21.600012207031227,5.420800781249909,20.640008544921898,20.640008544921898,8.518359374999818,12.480004882812409,94.07998046874991,101.446533203125,-63.83994140625009,-72.00009765625009,-60.40317382812509,-31.679986572265648,20.639965820312455,1.548828125
1763688961.38312,2,2,1,-0.10396235814829458,0.10353697442022634,0.48389095559782785,0.0007770725436199665,0.0026678019387494354,-0.0014402858940037989,43.67995605468741,-19.199987792968727,-2.323095703125091,20.640008544921898,20.640008544921898,12.390429687499818,5.279931640624909,91.67995605468741,109.1904296875,-61.44003906250009,-76.80014648437509,-60.40317382812509,-29.279992675781273,23.039990234374955,1.548828125
1763688961.476918,2,2,1,-0.175085511429475,0.11229195192179924,0.4204021413932232,0.0013210917164656634,0.00374416082867184,-0.0011480017165081987,41.27993164062491,-16.799963378906227,5.420800781249909,23.040002441406273,23.040002441406273,16.262255859374818,7.679956054687409,94.07998046874991,101.446533203125,-54.24008789062509,-72.00009765625009,-68.14719238281259,-31.679986572265648,25.440014648437455,5.4208984375
1763688961.5703518,2,2,1,-0.15807117852531388,0.10132584841987637,0.45354658712438456,0.0012304921160681285,0.0037972085652500064,-0.0016829496845933859,46.07998046874991,-21.600012207031227,9.292871093749909,20.640008544921898,25.439996337890648,12.390429687499818,17.27993164062491,89.28005371093741,101.446533203125,-54.24008789062509,-69.59995117187509,-60.40317382812509,-29.279992675781273,20.639965820312455,1.548828125
1763688961.7442973,2,2,1,-0.13898516161890193,0.07633279311601593,0.45113221336198606,0.0007272484925025155,0.0024925182429069784,-0.0007460241257697705,43.67995605468741,-23.999975585937477,1.548730468749909,13.439996337890648,25.439996337890648,16.262255859374818,14.879907226562409,89.28005371093741,97.574462890625,-59.04013671875009,-72.00009765625009,-60.40317382812509,-26.879998779296898,25.440014648437455,1.548828125
1763688961.7583098,2,2,1,-0.12081031765609032,0.1060304223530803,0.48465236039002735,0.0008105659037573507,0.002244610182341899,-0.0009709963863497966,41.27993164062491,-16.799963378906227,5.420800781249909,18.240014648437523,25.439996337890648,8.518359374999818,12.480004882812409,86.88002929687491,101.446533203125,-56.63999023437509,-72.00009765625009,-52.65921630859384,-26.879998779296898,23.039990234374955,-2.3232421875
1763688961.8661616,2,2,1,-0.11438238304716025,0.08771610495590954,0.4507935499422162,0.0009738188193366489,0.00313148845199308,-0.0012151523972787316,43.67995605468741,-23.999975585937477,1.548730468749909,18.240014648437523,23.040002441406273,12.390429687499818,14.879907226562409,91.67995605468741,97.574462890625,-56.63999023437509,-72.00009765625009,-60.40317382812509,-26.879998779296898,20.639965820312455,9.292724609375
1763688962.0411172,2,2,1,-0.10550605543225428,0.09500948194433177,0.4511168601297404,0.0010440676736707946,0.0024907774495695418,-0.0010591974279471979,43.67995605468741,-16.799963378906227,9.292871093749909,18.240014648437523,25.439996337890648,12.390429687499818,10.079980468749909,84.48000488281241,97.574462890625,-54.24008789062509,-69.59995117187509,-64.27518310546884,-26.879998779296898,25.440014648437455,-2.3232421875
1763688962.2402732,2,2,1,-0.14937675474316134,0.09750990987039017,0.46930235186683944,0.0012265496519625943,0.0035262029323450735,-0.0008952900935845979,41.27993164062491,-16.799963378906227,-2.323095703125091,18.240014648437523,27.839990234375023,4.646289062499818,14.879907226562409,86.88002929687491,97.574462890625,-54.24008789062509,-64.80014648437509,-60.40317382812509,-29.279992675781273,20.639965820312455,1.548828125
1763688962.348789,2,2,1,-0.13041396772047878,0.11856232046769666,0.4513432550196898,0.0010680160597039477,0.002977129351987481,-0.0007481097218024676,43.67995605468741,-19.199987792968727,1.548730468749909,15.840020751953148,23.040002441406273,16.262255859374818,17.27993164062491,86.88002929687491,97.574462890625,-54.24008789062509,-64.80014648437509,-72.01920166015634,-26.879998779296898,15.840039062499955,-2.3232421875
1763688962.4446688,2,2,1,-0.13912474052248242,0.0837891409906214,0.5013576837161589,0.0007944123142867251,0.003062732229871178,-0.0008846811727716963,41.27993164062491,-21.600012207031227,1.548730468749909,18.240014648437523,30.239984130859398,4.646289062499818,12.480004882812409,84.48000488281241,85.95849609375,-54.24008789062509,-67.20004882812509,-60.40317382812509,-29.279992675781273,20.639965820312455,-2.3232421875
1763688962.5390306,2,2,1,-0.13981055660391892,0.10317293254866242,0.5195967926837878,0.0011172178136361055,0.003170084909154177,-0.0011911592283886487,41.27993164062491,-23.999975585937477,-2.323095703125091,20.640008544921898,18.239984130859398,8.518359374999818,12.480004882812409,79.67995605468741,89.83056640625,-54.24008789062509,-62.40000000000009,-60.40317382812509,-29.279992675781273,18.239941406249955,1.548828125
1763688962.6481507,2,2,1,-0.10483120008754772,0.09451413633066498,0.41670126633713844,0.0008609701123620112,0.002571844668387913,-0.001072233687801447,38.88002929687491,-23.999975585937477,-2.323095703125091,20.640008544921898,25.439996337890648,8.518359374999818,12.480004882812409,82.07998046874991,93.702392578125,-51.83994140625009,-62.40000000000009,-52.65921630859384,-24.480004882812523,18.239941406249955,-2.3232421875
1763688962.9441848,2,2,1,-0.10424751102914097,0.06439177185625468,0.4317022922655127,0.00045721011712870864,0.002658304830091649,-0.0008314302094575609,38.88002929687491,-21.600012207031227,-6.195166015625091,13.439996337890648,25.439996337890648,4.646289062499818,14.879907226562409,79.67995605468741,89.83056640625,-49.44003906250009,-57.59995117187509,-56.53122558593759,-29.279992675781273,18.239941406249955,-10.067138671875
1763688963.0371678,2,2,1,-0.12428823382403907,0.12262455762754357,0.4534307388900367,0.0015907816917641038,0.0032211435305076843,-0.0012926898589837258,38.88002929687491,-23.999975585937477,-6.195166015625091,18.240014648437523,27.839990234375023,4.646289062499818,17.27993164062491,77.28005371093741,82.08642578125,-49.44003906250009,-60.00009765625009,-56.53122558593759,-24.480004882812523,18.239941406249955,-6.195068359375
1763688963.1470804,2,2,1,-0.11949805888135094,0.12323465192885263,0.4328065082506555,0.0005924890988099132,0.0027831457662831063,-0.0010700513762323914,36.48000488281241,-16.799963378906227,-2.323095703125091,15.840020751953148,23.040002441406273,4.646289062499818,12.480004882812409,82.07998046874991,85.95849609375,-49.44003906250009,-60.00009765625009,-56.53122558593759,-26.879998779296898,20.639965820312455,-2.3232421875
1763688963.1766078,2,2,1,-0.1228510213386557,0.10436987273538949,0.33394158852626366,0.0010811392974391489,0.0028119839870230567,-0.00102336708003883,36.48000488281241,-21.600012207031227,-10.067236328125091,18.240014648437523,23.040002441406273,8.518359374999818,12.480004882812409,74.88002929687491,85.95849609375,-47.04013671875009,-57.59995117187509,-60.40317382812509,-26.879998779296898,20.639965820312455,-2.3232421875
1763688963.3346398,2,2,1,-0.09506286185690026,0.14020532864545635,0.4167345621804692,0.0010812877220659981,0.002194134729668441,-0.0006063191285825746,38.88002929687491,-19.199987792968727,-6.195166015625091,15.840020751953148,23.040002441406273,4.646289062499818,14.879907226562409,77.28005371093741,82.08642578125,-47.04013671875009,-55.20004882812509,-56.53122558593759,-29.279992675781273,15.840039062499955,-10.067138671875
1763688963.3651872,2,2,1,-0.10401603387467698,0.13299733221212057,0.3659525584738118,0.0009963102400082236,0.0028296685999983475,-0.0007803714186949236,34.07998046874991,-21.600012207031227,1.548730468749909,15.840020751953148,25.439996337890648,0.7744628906248181,14.879907226562409,74.88002929687491,82.08642578125,-49.44003906250009,-57.59995117187509,-60.40317382812509,-24.480004882812523,15.840039062499955,-10.067138671875
1763688963.45732,2,2,1,-0.13718642853741522,0.1537032479185938,0.41764576794216113,0.0010124349109019656,0.0028339949156995247,-0.0006071091277133044,36.48000488281241,-16.799963378906227,-6.195166015625091,13.439996337890648,23.040002441406273,0.7744628906248181,14.879907226562409,74.88002929687491,82.08642578125,-47.04013671875009,-55.20004882812509,-60.40317382812509,-29.279992675781273,15.840039062499955,-13.939208984375
1763688963.5809991,2,2,1,-0.1447891965467781,0.11465715222481589,0.4822946143738723,0.0003588453690257661,0.0038457590590868992,-0.0009740847220366152,38.88002929687491,-23.999975585937477,-2.323095703125091,20.640008544921898,23.040002441406273,-3.097607421875182,12.480004882812409,72.48000488281241,82.08642578125,-42.24008789062509,-52.80014648437509,-60.40317382812509,-29.279992675781273,13.440014648437455,-6.195068359375
1763688963.674483,2,2,1,-0.11310675706510087,0.12910668329868805,0.4682107209439089,0.0011605947920960403,0.0026442727455454848,-0.0008991388777120001,36.48000488281241,-23.999975585937477,-6.195166015625091,15.840020751953148,20.640008544921898,4.646289062499818,14.879907226562409,74.88002929687491,82.08642578125,-47.04013671875009,-57.59995117187509,-60.40317382812509,-29.279992675781273,15.840039062499955,-10.067138671875
1763688963.764142,2,2,1,-0.12253014047187202,0.11473360305909804,0.452332937732993,0.001199738964426693,0.002637158335742608,-0.0011378728768601384,36.48000488281241,-16.799963378906227,-6.195166015625091,18.240014648437523,20.640008544921898,-3.097607421875182,14.879907226562409,72.48000488281241,82.08642578125,-42.24008789062509,-55.20004882812509,-52.65921630859384,-24.480004882812523,15.840039062499955,-6.195068359375
1763688963.9386263,2,2,1,-0.12957273894357949,0.10959431930110122,0.45083351175197783,0.0008278122583034618,0.002688052550842236,-0.0008268044418694269,34.07998046874991,-23.999975585937477,-10.067236328125091,18.240014648437523,23.040002441406273,0.7744628906248181,12.480004882812409,72.48000488281241,85.95849609375,-44.63999023437509,-52.80014648437509,-56.53122558593759,-22.080010986328148,15.840039062499955,-2.3232421875
1763688964.0471556,2,2,1,-0.13203248216835312,0.1189969271492716,0.40221558583594763,0.0013918949651405613,0.0029909005599149095,-0.0007642696567325602,34.07998046874991,-19.199987792968727,-6.195166015625091,15.840020751953148,23.040002441406273,0.7744628906248181,17.27993164062491,70.07998046874991,82.08642578125,-39.83994140625009,-55.20004882812509,-60.40317382812509,-24.480004882812523,15.840039062499955,-13.939208984375
1763688964.1426706,2,2,1,-0.11472609013743125,0.11053414304188305,0.43551494011459024,0.001338225046567962,0.00247307984891342,-0.0008302568340234274,36.48000488281241,-21.600012207031227,-6.195166015625091,20.640008544921898,23.040002441406273,-3.097607421875182,14.879907226562409,67.67995605468741,78.21435546875,-44.63999023437509,-55.20004882812509,-64.27518310546884,-22.080010986328148,15.840039062499955,-10.067138671875
1763688964.2352896,2,2,1,-0.12018711079364794,0.14387215313544632,0.3664034892547935,0.0009183184419677885,0.002683516891658123,-0.0007032692510206064,34.07998046874991,-16.799963378906227,-10.067236328125091,18.240014648437523,20.640008544921898,-6.969677734375182,17.27993164062491,67.67995605468741,74.342529296875,-42.24008789062509,-48.00009765625009,-56.53122558593759,-24.480004882812523,18.239941406249955,-10.067138671875
1763688964.6359441,2,2,1,-0.13988942823129452,0.09438159445299016,0.4350329793587694,0.0010308767823836958,0.002968934947903416,-0.0008301054695396303,34.07998046874991,-19.199987792968727,-13.939062500000091,15.840020751953148,20.640008544921898,-3.097607421875182,12.480004882812409,70.07998046874991,74.342529296875,-44.63999023437509,-48.00009765625009,-56.53122558593759,-22.080010986328148,13.440014648437455,-13.939208984375
1763688964.839619,2,2,1,-0.12915460467429424,0.10695175732579755,0.4154967988116482,0.0006274071541539485,0.0033296208368603615,-0.0006053844816856695,36.48000488281241,-21.600012207031227,-13.939062500000091,15.840020751953148,23.040002441406273,-3.097607421875182,14.879907226562409,67.67995605468741,74.342529296875,-39.83994140625009,-50.40000000000009,-56.53122558593759,-26.879998779296898,15.840039062499955,-10.067138671875
1763688964.9439754,2,2,1,-0.13711044188976385,0.07034414196944465,0.5661964552496066,0.00018241063021330172,0.0037084496198088947,-0.0014101550527994174,31.67995605468741,-19.199987792968727,-17.81113281250009,13.439996337890648,23.040002441406273,-10.841748046875182,14.879907226562409,67.67995605468741,74.342529296875,-37.44003906250009,-48.00009765625009,-56.53122558593759,-19.679986572265648,13.440014648437455,-10.067138671875
1763688965.0374806,2,2,1,-0.13948307330541404,0.09162033147667376,0.3999516699631244,0.0008239309653898489,0.003613959027182165,-0.0008431578460802272,31.67995605468741,-16.799963378906227,-13.939062500000091,15.840020751953148,23.040002441406273,-14.713574218750182,10.079980468749909,65.28005371093741,74.342529296875,-39.83994140625009,-43.20004882812509,-56.53122558593759,-19.679986572265648,18.239941406249955,-10.067138671875
1763688965.2383335,2,2,1,-0.11415254315525776,0.1183073714503457,0.4179075928648861,0.0012204216404819283,0.0029329240129788068,-0.000994009649403905,34.07998046874991,-16.799963378906227,-13.939062500000091,18.240014648437523,20.640008544921898,-3.097607421875182,17.27993164062491,65.28005371093741,74.342529296875,-37.44003906250009,-45.59995117187509,-52.65921630859384,-24.480004882812523,18.239941406249955,-13.939208984375
1763688965.3475618,2,2,1,-0.1086801331574366,0.11422563758642326,0.4197947436579057,0.0018677538559428142,0.002892986556897064,-0.0006774577733262481,31.67995605468741,-16.799963378906227,-21.68320312500009,13.439996337890648,23.040002441406273,-10.841748046875182,14.879907226562409,62.88002929687491,66.598388671875,-39.83994140625009,-48.00009765625009,-64.27518310546884,-19.679986572265648,13.440014648437455,-17.811279296875
1763688965.4401975,2,2,1,-0.1656755445710446,0.08853203725650385,0.46939910484691705,0.0009829095290964905,0.0033848028224090078,-0.000973656096794074,34.07998046874991,-19.199987792968727,-13.939062500000091,13.439996337890648,25.439996337890648,0.7744628906248181,12.480004882812409,67.67995605468741,70.470458984375,-39.83994140625009,-50.40000000000009,-56.53122558593759,-24.480004882812523,13.440014648437455,-13.939208984375
1763688965.5343764,2,2,1,-0.08974293206334255,0.12616392755388597,0.36824133410332516,0.0016245264342718965,0.002154851734317965,-0.0006200709956303476,29.27993164062491,-16.799963378906227,-10.067236328125091,15.840020751953148,25.439996337890648,-3.097607421875182,10.079980468749909,62.88002929687491,74.342529296875,-37.44003906250009,-45.59995117187509,-56.53122558593759,-22.080010986328148,15.840039062499955,-17.811279296875
1763688965.5795143,2,2,1,-0.0983113667436799,0.1392460082005547,0.4360277684951346,0.001740972781613663,0.0026131841539546886,-0.0008308949971646273,29.27993164062491,-19.199987792968727,-21.68320312500009,15.840020751953148,23.040002441406273,-3.097607421875182,14.879907226562409,65.28005371093741,62.7265625,-37.44003906250009,-45.59995117187509,-60.40317382812509,-19.679986572265648,15.840039062499955,-13.939208984375
1763688965.6602592,2,2,1,-0.10395260605919124,0.09477895680707396,0.4495304322528175,0.0007120008532158222,0.0024683733163297157,-0.0008266624772439647,34.07998046874991,-21.600012207031227,-13.939062500000091,13.439996337890648,23.040002441406273,4.646289062499818,12.480004882812409,62.88002929687491,70.470458984375,-39.83994140625009,-40.80014648437509,-60.40317382812509,-24.480004882812523,18.239941406249955,-21.68310546875
1763688965.8493214,2,2,1,-0.13996596929896338,0.09275714216753855,0.5018674269762982,0.0010346161156964866,0.003351809030967025,-0.0008059864526278396,26.88002929687491,-16.799963378906227,-17.81113281250009,13.439996337890648,18.239984130859398,-6.969677734375182,17.27993164062491,65.28005371093741,62.7265625,-37.44003906250009,-45.59995117187509,-56.53122558593759,-19.679986572265648,13.440014648437455,-10.067138671875
1763688965.9544055,2,2,1,-0.12240363617864036,0.14471672489791992,0.4021501073984745,0.0014400235367801734,0.0026213980129035515,-0.0006882956050611637,0,0,0,0,0,0,0,0,0,0,0,0,0,0,0
1763688966.1480484,2,2,1,-0.10462664277416918,0.11428144936107071,0.4675141376874569,0.0010413470655069909,0.0025722702020599874,-0.0008986681959213848,31.67995605468741,-19.199987792968727,-10.067236328125091,15.840020751953148,20.640008544921898,0.7744628906248181,14.879907226562409,60.48000488281241,74.342529296875,-39.83994140625009,-43.20004882812509,-56.53122558593759,-24.480004882812523,15.840039062499955,-10.067138671875
1763688966.243152,2,2,1,-0.05752279886170186,0.12731360430846264,0.4710413336108904,0.0021610696226495854,0.0016266640751417616,-0.0012850366608252702,36.48000488281241,-19.199987792968727,-10.067236328125091,20.640008544921898,25.439996337890648,0.7744628906248181,12.480004882812409,72.48000488281241,78.21435546875,-42.24008789062509,-52.80014648437509,-56.53122558593759,-26.879998779296898,15.840039062499955,-10.067138671875
1763688966.3498833,2,2,1,-0.16289155385400772,0.06883053806018002,0.3137297800638822,0.0001285638179699363,0.0033188473771549013,-1.4929319520245554e-05,38.88002929687491,-16.799963378906227,-6.195166015625091,18.240014648437523,23.040002441406273,0.7744628906248181,12.480004882812409,70.07998046874991,78.21435546875,-42.24008789062509,-55.20004882812509,-60.40317382812509,-22.080010986328148,18.239941406249955,-6.195068359375
1763688966.4418921,2,2,1,-0.08530996794810705,0.1519025264093639,0.3470723424584309,0.0008204691044341843,0.0028410960868568698,-0.0003987348274754818,41.27993164062491,-19.199987792968727,-6.195166015625091,18.240014648437523,20.640008544921898,4.646289062499818,12.480004882812409,74.88002929687491,78.21435546875,-47.04013671875009,-57.59995117187509,-60.40317382812509,-26.879998779296898,13.440014648437455,-6.195068359375
1763688966.739215,2,2,1,-0.050696191946893863,0.09912862033781622,0.2965906733330041,0.0003806721980206911,0.0008664055788580096,-0.0011183180816056802,41.27993164062491,-16.799963378906227,1.548730468749909,20.640008544921898,25.439996337890648,8.518359374999818,10.079980468749909,86.88002929687491,89.83056640625,-49.44003906250009,-69.59995117187509,-64.27518310546884,-26.879998779296898,15.840039062499955,5.4208984375
1763688967.0358772,2,2,1,-0.10954448883245335,0.08209024064392988,0.24509843089821318,-0.0001098830931542022,0.001914573808204104,-0.0004331663448239138,41.27993164062491,-14.399999999999977,-10.067236328125091,23.040002441406273,25.439996337890648,8.518359374999818,12.480004882812409,86.88002929687491,85.95849609375,-49.44003906250009,-69.59995117187509,-56.53122558593759,-22.080010986328148,20.639965820312455,5.4208984375
1763688967.8489597,2,2,1,-0.08744865697887244,0.1168133797723597,0.31619727648343,0.001024445758374289,0.0018451052543446175,-0.0009532727594975831,41.27993164062491,-14.399999999999977,-10.067236328125091,23.040002441406273,30.239984130859398,4.646289062499818,14.879907226562409,86.88002929687491,82.08642578125,-44.63999023437509,-72.00009765625009,-64.27518310546884,-24.480004882812523,20.639965820312455,5.4208984375
1763688968.0344462,2,2,1,-0.08853392223253376,0.1153322700907563,0.2487743640936386,0.00116077852079654,0.0023141848388628875,-0.0007419749216917631,41.27993164062491,-19.199987792968727,-2.323095703125091,20.640008544921898,27.839990234375023,4.646289062499818,10.079980468749909,79.67995605468741,89.83056640625,-51.83994140625009,-64.80014648437509,-60.40317382812509,-24.480004882812523,20.639965820312455,-2.3232421875
1763688968.5346386,2,2,1,-0.10506294193029414,0.10490070625102549,0.21478817763080588,0.0008914204752371829,0.002545304547605126,-0.0008324165497152426,41.27993164062491,-11.999975585937477,-10.067236328125091,18.240014648437523,25.439996337890648,8.518359374999818,17.27993164062491,82.07998046874991,82.08642578125,-51.83994140625009,-67.20004882812509,-52.65921630859384,-24.480004882812523,13.440014648437455,-2.3232421875
1763688968.9420097,2,2,1,-0.11355565417882527,0.1006000922429342,0.2321720527708791,0.0008578788379105323,0.0024357987799463613,-0.0009823175896540623,38.88002929687491,-14.399999999999977,-10.067236328125091,20.640008544921898,23.040002441406273,0.7744628906248181,10.079980468749909,79.67995605468741,85.95849609375,-47.04013671875009,-64.80014648437509,-52.65921630859384,-24.480004882812523,15.840039062499955,1.548828125
1763688969.143135,2,2,1,-0.07709818078264799,0.07995589030256878,0.245061554273436,0.0001986674022088615,0.0022090372135826456,-0.0009008471831176516,36.48000488281241,-16.799963378906227,-10.067236328125091,20.640008544921898,27.839990234375023,8.518359374999818,10.079980468749909,79.67995605468741,78.21435546875,-49.44003906250009,-69.59995117187509,-60.40317382812509,-22.080010986328148,15.840039062499955,-10.067138671875
1763688969.2366974,2,2,1,-0.10131704113108161,0.08287122756984736,0.3116909681528689,-0.00010321355500158137,0.002795017990312034,-0.0009565416021132381,41.27993164062491,-16.799963378906227,-6.195166015625091,23.040002441406273,25.439996337890648,4.646289062499818,14.879907226562409,79.67995605468741,78.21435546875,-44.63999023437509,-67.20004882812509,-52.65921630859384,-19.679986572265648,15.840039062499955,-2.3232421875
1763688969.3907528,2,2,1,-0.09307768832734653,0.12060975155845892,0.2460437517653857,0.0003691480917059325,0.0020557581075655407,-0.0005905427590556442,38.88002929687491,-11.999975585937477,-6.195166015625091,20.640008544921898,23.040002441406273,8.518359374999818,12.480004882812409,82.07998046874991,82.08642578125,-51.83994140625009,-64.80014648437509,-60.40317382812509,-24.480004882812523,15.840039062499955,-2.3232421875
1763688969.5489743,2,2,1,-0.0916629125566546,0.11941497880021716,0.22792666122194397,1.1140884004300728e-05,0.00222652547013018,-0.0008329902943769316,41.27993164062491,-11.999975585937477,-2.323095703125091,18.240014648437523,20.640008544921898,4.646289062499818,17.27993164062491,77.28005371093741,82.08642578125,-42.24008789062509,-62.40000000000009,-64.27518310546884,-22.080010986328148,13.440014648437455,-2.3232421875
1763688969.7343726,2,2,1,-0.12000075700939963,0.07433386366315577,0.27952336893785734,0.00016034525354455893,0.0027656701922271877,-0.0005751244193417748,34.07998046874991,-16.799963378906227,-10.067236328125091,18.240014648437523,20.640008544921898,0.7744628906248181,12.480004882812409,72.48000488281241,78.21435546875,-42.24008789062509,-57.59995117187509,-60.40317382812509,-22.080010986328148,15.840039062499955,-2.3232421875
1763688969.8463712,2,2,1,-0.0979964814483928,0.10856755919847867,0.3330699376800704,0.0012948965693476754,0.0028755499611287814,-0.0006323239732451857,34.07998046874991,-16.799963378906227,-6.195166015625091,18.240014648437523,20.640008544921898,4.646289062499818,17.27993164062491,72.48000488281241,78.21435546875,-42.24008789062509,-52.80014648437509,-64.27518310546884,-24.480004882812523,13.440014648437455,-10.067138671875
1763688969.93875,2,2,1,-0.1575642079894237,0.10812770050656524,0.2861045695738536,0.0012711548889037059,0.002262243323032698,-0.0008053417621479968,29.27993164062491,-16.799963378906227,-17.81113281250009,15.840020751953148,20.640008544921898,-3.097607421875182,17.27993164062491,70.07998046874991,70.470458984375,-42.24008789062509,-52.80014648437509,-52.65921630859384,-22.080010986328148,13.440014648437455,1.548828125
1763688970.1431644,2,2,1,-0.12233037009293282,0.08332830842233976,0.33233363718628417,0.0007408037907204693,0.003085784052183539,-0.0009453396654933228,0,0,0,0,0,0,0,0,0,0,0,0,0,0,0
1763688970.3419778,2,2,1,-0.19206157378192004,0.12407028153569873,0.35384047185946566,0.0014098216496795254,0.0034996760504596796,-0.0006251132574890312,24.48000488281241,-16.799963378906227,-13.939062500000091,15.840020751953148,20.640008544921898,-10.841748046875182,14.879907226562409,60.48000488281241,58.8544921875,-32.63999023437509,-38.40000000000009,-56.53122558593759,-24.480004882812523,11.039990234374955,-17.811279296875
1763688970.4357302,2,2,1,-0.18038507082170552,0.036130143730928585,0.41507829520717154,-0.00014389884350785205,0.004061785764482697,-0.0011495136805778714,24.48000488281241,-21.600012207031227,-17.81113281250009,13.439996337890648,18.239984130859398,-6.969677734375182,22.07998046874991,60.48000488281241,62.7265625,-32.63999023437509,-36.00009765625009,-60.40317382812509,-19.679986572265648,11.039990234374955,-17.811279296875
1763688970.5097997,2,2,1,-0.12894063772809963,0.055404307066519796,0.39631611105572495,2.5740198312311242e-05,0.0037968082090245295,-0.0007665971360489262,26.88002929687491,-21.600012207031227,-17.81113281250009,18.240014648437523,20.640008544921898,-14.713574218750182,12.480004882812409,55.67995605468741,58.8544921875,-32.63999023437509,-38.40000000000009,-52.65921630859384,-17.279992675781273,11.039990234374955,-13.939208984375
1763688970.638429,2,2,1,-0.11342724794528813,0.08960537771965571,0.4167882682338024,0.0008211102267697687,0.002645143016838896,-0.0009937002035476491,22.07998046874991,-19.199987792968727,-21.68320312500009,20.640008544921898,20.640008544921898,-14.713574218750182,14.879907226562409,58.07998046874991,62.7265625,-32.63999023437509,-38.40000000000009,-60.40317382812509,-14.879998779296898,15.840039062499955,-17.811279296875
1763688970.6984832,2,2,1,-0.12968664527627008,0.09873704537200154,0.4843290501983218,0.0007403170494666884,0.002885321185003201,-0.0011269513556910937,29.27993164062491,-16.799963378906227,-17.81113281250009,15.840020751953148,23.040002441406273,-14.713574218750182,14.879907226562409,55.67995605468741,54.982421875,-30.24008789062509,-33.59995117187509,-52.65921630859384,-22.080010986328148,11.039990234374955,-17.811279296875
1763688970.8415067,2,2,1,-0.10717621836152763,0.13378116504234178,0.31815591366218143,0.0016587966786805466,0.002862388147936187,-0.0007945939675134852,29.27993164062491,-23.999975585937477,-21.68320312500009,13.439996337890648,20.640008544921898,-10.841748046875182,14.879907226562409,53.28005371093741,58.8544921875,-30.24008789062509,-38.40000000000009,-52.65921630859384,-19.679986572265648,11.039990234374955,-10.067138671875
1763688970.935035,2,2,1,-0.14141677642829692,0.12444321999978993,0.33648869048612207,0.001575418121527535,0.002977313213320262,-0.0011001051429819198,24.48000488281241,-23.999975585937477,-21.68320312500009,20.640008544921898,20.640008544921898,-14.713574218750182,14.879907226562409,55.67995605468741,54.982421875,-32.63999023437509,-31.20004882812509,-48.78720703125009,-19.679986572265648,13.440014648437455,-10.067138671875
1763688971.043054,2,2,1,-0.12901217992431072,0.1273792750173621,0.38294455989046533,0.0007781043867179638,0.0031403437837525423,-0.0009309204929425353,26.88002929687491,-19.199987792968727,-21.68320312500009,15.840020751953148,20.640008544921898,-14.713574218750182,12.480004882812409,55.67995605468741,51.1103515625,-30.24008789062509,-33.59995117187509,-60.40317382812509,-24.480004882812523,8.639965820312455,-17.811279296875
1763688971.0564976,2,2,1,-0.139940686721057,0.10358109562155621,0.4181685985548026,0.0011008419837396169,0.0031528190582684698,-0.0007584091967103186,26.88002929687491,-14.399999999999977,-13.939062500000091,18.240014648437523,20.640008544921898,-14.713574218750182,14.879907226562409,53.28005371093741,62.7265625,-32.63999023437509,-33.59995117187509,-56.53122558593759,-19.679986572265648,11.039990234374955,-17.811279296875
1763688971.1521451,2,2,1,-0.10309877931934211,0.10493680358265978,0.4323333970840809,0.0006245864156604296,0.0023608048264033817,-0.0007559268391207966,22.07998046874991,-21.600012207031227,-25.55502929687509,18.240014648437523,18.239984130859398,-14.713574218750182,14.879907226562409,50.88002929687491,54.982421875,-30.24008789062509,-33.59995117187509,-68.14719238281259,-22.080010986328148,13.440014648437455,-13.939208984375
1763688971.2582295,2,2,1,-0.1478736585776479,0.0980582903962883,0.38409541020516524,0.0008713438239448732,0.0033106404188647403,-0.0009273843091681429,26.88002929687491,-16.799963378906227,-21.68320312500009,15.840020751953148,18.239984130859398,-14.713574218750182,12.480004882812409,50.88002929687491,54.982421875,-27.83994140625009,-31.20004882812509,-52.65921630859384,-19.679986572265648,6.2399414062499545,-17.811279296875
1763688971.5453644,2,2,1,-0.1484711542440944,0.11918523524148655,0.33524466802670394,0.0011969507026165286,0.0030316632217188286,-0.0010235090448569711,24.48000488281241,-19.199987792968727,-17.81113281250009,20.640008544921898,18.239984130859398,-26.329541015625182,12.480004882812409,53.28005371093741,54.982421875,-30.24008789062509,-31.20004882812509,-56.53122558593759,-22.080010986328148,11.039990234374955,-13.939208984375
1763688971.6392322,2,2,1,-0.12437888480400763,0.1137145185198351,0.3691223291302796,0.001497899947330579,0.003023449362771285,-0.0011661084369357544,26.88002929687491,-23.999975585937477,-29.42709960937509,15.840020751953148,18.239984130859398,-18.585644531250182,17.27993164062491,53.28005371093741,54.982421875,-30.24008789062509,-36.00009765625009,-48.78720703125009,-19.679986572265648,11.039990234374955,-17.811279296875
1763688971.7481802,2,2,1,-0.11403984544957999,0.1392950736439761,0.333875046280939,0.0013825530961989736,0.00272464665442292,-0.00039975363492963164,19.67995605468741,-16.799963378906227,-17.81113281250009,15.840020751953148,18.239984130859398,-6.969677734375182,12.480004882812409,48.48000488281241,54.982421875,-25.44003906250009,-31.20004882812509,-56.53122558593759,-22.080010986328148,11.039990234374955,-13.939208984375
1763688971.9351661,2,2,1,-0.16596717454711815,0.1211577211023513,0.45455298747526074,0.0014235992058562715,0.0027274742134540016,-0.0007454987850644535,22.07998046874991,-19.199987792968727,-29.42709960937509,15.840020751953148,20.640008544921898,-18.585644531250182,14.879907226562409,48.48000488281241,54.982421875,-27.83994140625009,-28.80014648437509,-52.65921630859384,-22.080010986328148,13.440014648437455,-13.939208984375
1763688972.248128,2,2,1,-0.13172458925884584,0.13937238477253253,0.47032533043132074,0.0015785901664758354,0.0028085219774367965,-0.0008191386892383983,24.48000488281241,-21.600012207031227,-25.55502929687509,13.439996337890648,20.640008544921898,-14.713574218750182,14.879907226562409,48.48000488281241,54.982421875,-25.44003906250009,-31.20004882812509,-52.65921630859384,-17.279992675781273,11.039990234374955,-17.811279296875
1763688972.343092,2,2,1,-0.13138411801481678,0.11780805638983692,0.40096181231778993,0.0012172077834835117,0.0032599490267972084,-0.0005307740714421172,22.07998046874991,-21.600012207031227,-29.42709960937509,15.840020751953148,25.439996337890648,-18.585644531250182,14.879907226562409,50.88002929687491,51.1103515625,-27.83994140625009,-31.20004882812509,-52.65921630859384,-17.279992675781273,8.639965820312455,-17.811279296875
1763688972.3860915,2,2,1,-0.0986449322401623,0.13718417236041008,0.384647955823036,0.0017089366107755604,0.0031685080891393075,-0.0006145360982179544,26.88002929687491,-21.600012207031227,-25.55502929687509,11.040002441406273,25.439996337890648,-14.713574218750182,14.879907226562409,50.88002929687491,47.238525390625,-23.04013671875009,-28.80014648437509,-60.40317382812509,-24.480004882812523,8.639965820312455,-17.811279296875
1763688972.544554,2,2,1,-0.12264767264026567,0.13426761404648574,0.33421745171703693,0.001336152497833609,0.0028014007961763474,-0.0005556924872792436,22.07998046874991,-19.199987792968727,-25.55502929687509,8.640008544921898,20.640008544921898,-18.585644531250182,14.879907226562409,48.48000488281241,47.238525390625,-27.83994140625009,-31.20004882812509,-56.53122558593759,-22.080010986328148,6.2399414062499545,-17.811279296875
1763688972.6394129,2,2,1,-0.12080949903693107,0.12503756929916382,0.4682204720261138,0.0009568145547796307,0.0024295742870542028,-0.0010560383649801373,26.88002929687491,-16.799963378906227,-25.55502929687509,13.439996337890648,20.640008544921898,-18.585644531250182,17.27993164062491,46.07998046874991,43.366455078125,-25.44003906250009,-31.20004882812509,-52.65921630859384,-14.879998779296898,8.639965820312455,-17.811279296875
1763688972.7487383,2,2,1,-0.1413908871705212,0.13184750781406981,0.4873761443043474,0.0016785799122945786,0.0035544256705958106,-0.0009680952112336518,17.27993164062491,-21.600012207031227,-21.68320312500009,11.040002441406273,20.640008544921898,-14.713574218750182,19.67995605468741,46.07998046874991,54.982421875,-27.83994140625009,-28.80014648437509,-48.78720703125009,-17.279992675781273,8.639965820312455,-21.68310546875
1763688972.9347634,2,2,1,-0.1682015614437552,0.10826915495482202,0.31953007375882825,0.0016134405682386795,0.0036680091811300474,-0.0004006371947754885,24.48000488281241,-21.600012207031227,-29.42709960937509,15.840020751953148,20.640008544921898,-14.713574218750182,17.27993164062491,48.48000488281241,43.366455078125,-27.83994140625009,-31.20004882812509,-52.65921630859384,-17.279992675781273,3.8400390624999545,-17.811279296875
1763688973.0434537,2,2,1,-0.13193522876897307,0.10599063485870909,0.24848752374899544,0.001072890194191657,0.0038072944964369195,-0.00042834389991006484,22.07998046874991,-21.600012207031227,-25.55502929687509,18.240014648437523,20.640008544921898,-14.713574218750182,12.480004882812409,50.88002929687491,54.982421875,-23.04013671875009,-28.80014648437509,-60.40317382812509,-17.279992675781273,11.039990234374955,-13.939208984375
1763688973.1373963,2,2,1,-0.14834313799997867,0.13732809596625511,0.4528919869803,0.001381066989211926,0.003414962838500135,-0.0008258245362287658,19.67995605468741,-19.199987792968727,-17.81113281250009,13.439996337890648,23.040002441406273,-14.713574218750182,14.879907226562409,46.07998046874991,51.1103515625,-27.83994140625009,-31.20004882812509,-56.53122558593759,-17.279992675781273,6.2399414062499545,-21.68310546875
1763688973.3406644,2,2,1,-0.14945480775611553,0.1077257187142365,0.3683066502105814,0.0012864572715876128,0.003510017075653759,-0.0006192783134828723,26.88002929687491,-19.199987792968727,-25.55502929687509,13.439996337890648,20.640008544921898,-14.713574218750182,19.67995605468741,46.07998046874991,47.238525390625,-27.83994140625009,-28.80014648437509,-52.65921630859384,-19.679986572265648,11.039990234374955,-17.811279296875
1763688973.4507012,2,2,1,-0.10384884181562598,0.14353182359855954,0.383426520634352,0.0010854526508851917,0.0026444886846813905,-0.0009310718575523645,22.07998046874991,-14.399999999999977,-21.68320312500009,11.040002441406273,20.640008544921898,-14.713574218750182,14.879907226562409,46.07998046874991,47.238525390625,-23.04013671875009,-31.20004882812509,-60.40317382812509,-17.279992675781273,3.8400390624999545,-21.68310546875
1763688973.5451112,2,2,1,-0.12436468823965417,0.09357236287068568,0.46994094187296664,0.0013551681650072656,0.0030420110184698197,-0.0015198543028603162,24.48000488281241,-19.199987792968727,-25.55502929687509,15.840020751953148,20.640008544921898,-22.457714843750182,14.879907226562409,43.67995605468741,47.238525390625,-27.83994140625009,-26.40000000000009,-60.40317382812509,-19.679986572265648,8.639965820312455,-21.68310546875
1763688973.6040587,2,2,1,-0.12384645421465035,0.0927916552127684,0.36725897425068177,0.0011641051535532273,0.003293793634531589,-0.0008536086854905216,22.07998046874991,-14.399999999999977,-29.42709960937509,18.240014648437523,20.640008544921898,-18.585644531250182,17.27993164062491,50.88002929687491,47.238525390625,-25.44003906250009,-26.40000000000009,-48.78720703125009,-19.679986572265648,11.039990234374955,-17.811279296875
1763688973.7479892,2,2,1,-0.12151602250458138,0.1028043573766973,0.29801681768043176,0.000729895267456718,0.0031586438791412486,-0.0005684354178207002,24.48000488281241,-19.199987792968727,-29.42709960937509,11.040002441406273,20.640008544921898,-18.585644531250182,12.480004882812409,46.07998046874991,47.238525390625,-25.44003906250009,-24.00009765625009,-52.65921630859384,-22.080010986328148,8.639965820312455,-13.939208984375
1763688973.7906826,2,2,1,-0.12915611662691648,0.11879201844146672,0.2476666494919547,0.0006835754396360444,0.0029305608968039566,-0.00035349171877181685,22.07998046874991,-14.399999999999977,-17.81113281250009,13.439996337890648,18.239984130859398,-18.585644531250182,17.27993164062491,48.48000488281241,47.238525390625,-25.44003906250009,-28.80014648437509,-52.65921630859384,-22.080010986328148,11.039990234374955,-17.811279296875
1763688973.9358428,2,2,1,-0.10506384721872149,0.11332130174125295,0.28154431062056784,0.0009845246847509919,0.0029223470382617966,-0.0004960911108235877,24.48000488281241,-21.600012207031227,-21.68320312500009,13.439996337890648,20.640008544921898,-14.713574218750182,14.879907226562409,46.07998046874991,51.1103515625,-27.83994140625009,-28.80014648437509,-56.53122558593759,-17.279992675781273,11.039990234374955,-17.811279296875
1763688973.9958348,2,2,1,-0.10729297056611034,0.09504002557062856,0.33397822065126914,0.0013534404156510063,0.002678719848529083,-0.0006305478229798479,22.07998046874991,-19.199987792968727,-21.68320312500009,18.240014648437523,23.040002441406273,-14.713574218750182,14.879907226562409,48.48000488281241,47.238525390625,-25.44003906250009,-28.80014648437509,-60.40317382812509,-22.080010986328148,8.639965820312455,-13.939208984375
1763688974.1371505,2,2,1,-0.13977228607028344,0.10398515869144798,0.48617956887459746,0.001115348147023525,0.0029786478676213975,-0.0012032187368445093,24.48000488281241,-16.799963378906227,-21.68320312500009,13.439996337890648,18.239984130859398,-22.457714843750182,12.480004882812409,43.67995605468741,51.1103515625,-23.04013671875009,-28.80014648437509,-56.53122558593759,-17.279992675781273,13.440014648437455,-25.55517578125
1763688974.248235,2,2,1,-0.1140639194086326,0.11834069191670851,0.4681108828479553,0.0012416909812772417,0.002934645351632739,-0.0007414399916021895,26.88002929687491,-16.799963378906227,-21.68320312500009,15.840020751953148,18.239984130859398,-22.457714843750182,17.27993164062491,48.48000488281241,47.238525390625,-25.44003906250009,-24.00009765625009,-52.65921630859384,-22.080010986328148,6.2399414062499545,-17.811279296875
1763688974.3420675,2,2,1,-0.15149236174501424,0.11922348285527185,0.42127182695008647,0.0019038454898180224,0.003259262488208627,-0.0005205327696370175,0,0,0,0,0,0,0,0,0,0,0,0,0,0,0
1763688974.43563,2,2,1,-0.09592967655192504,0.14005920918089346,0.38364999273055245,0.0012367976941486311,0.0022941502884435677,-0.000617418002335172,24.48000488281241,-21.600012207031227,-29.42709960937509,18.240014648437523,23.040002441406273,-18.585644531250182,17.27993164062491,41.28005371093741,51.1103515625,-27.83994140625009,-26.40000000000009,-56.53122558593759,-17.279992675781273,8.639965820312455,-21.68310546875
1763688974.4516547,2,2,1,-0.10375900945179788,0.13343471576493948,0.48416681878908535,0.0010320857442986118,0.0026572187479103914,-0.0009726113008081956,22.07998046874991,-19.199987792968727,-21.68320312500009,13.439996337890648,18.239984130859398,-18.585644531250182,12.480004882812409,46.07998046874991,54.982421875,-20.63999023437509,-21.59995117187509,-60.40317382812509,-17.279992675781273,6.2399414062499545,-21.68310546875
1763688974.5433562,2,2,1,-0.1573235331676798,0.08299168500886839,0.4013794472664981,0.0009188983758615327,0.003491507257156448,-0.0009195864631468282,19.67995605468741,-23.999975585937477,-21.68320312500009,13.439996337890648,20.640008544921898,-18.585644531250182,14.879907226562409,46.07998046874991,47.238525390625,-25.44003906250009,-26.40000000000009,-56.53122558593759,-19.679986572265648,8.639965820312455,-17.811279296875
1763688974.7464092,2,2,1,-0.12071103702301465,0.10190084868794813,0.36502941801581024,0.0005631735363223183,0.003256976948834288,-0.0010142217090792357,19.67995605468741,-19.199987792968727,-21.68320312500009,13.439996337890648,15.839990234375023,-26.329541015625182,12.480004882812409,38.88002929687491,43.366455078125,-23.04013671875009,-21.59995117187509,-56.53122558593759,-19.679986572265648,6.2399414062499545,-17.811279296875
1763688974.8397357,2,2,1,-0.1319950302532112,0.10080200635608944,0.38523025038758685,0.0012437766473610867,0.0026144994138099227,-0.0006912871866135649,19.67995605468741,-23.999975585937477,-25.55502929687509,15.840020751953148,23.040002441406273,-22.457714843750182,14.879907226562409,43.67995605468741,47.238525390625,-25.44003906250009,-26.40000000000009,-48.78720703125009,-22.080010986328148,3.8400390624999545,-21.68310546875
1763688974.947174,2,2,1,-0.13680647814365696,0.12282071739807247,0.3654020341642795,0.0005745466138074402,0.003104993647953698,-0.0006249131192588116,22.07998046874991,-21.600012207031227,-29.42709960937509,13.439996337890648,20.640008544921898,-18.585644531250182,17.27993164062491,41.28005371093741,47.238525390625,-23.04013671875009,-31.20004882812509,-56.53122558593759,-19.679986572265648,6.2399414062499545,-25.55517578125
1763688975.250529,2,2,1,-0.09706460167354183,0.10850959712553693,0.4168686041726094,0.0011475745123860571,0.0027841673277362155,-0.0008376001151437195,0,0,0,0,0,0,0,0,0,0,0,0,0,0,0
1763688975.3424978,2,2,1,-0.15458429015479414,0.13424884599650888,0.3164698922209694,0.0008269744339987827,0.002969157353985642,-0.0003294985500214854,19.67995605468741,-21.600012207031227,-25.55502929687509,13.439996337890648,18.239984130859398,-22.457714843750182,10.079980468749909,41.28005371093741,51.1103515625,-23.04013671875009,-21.59995117187509,-56.53122558593759,-19.679986572265648,8.639965820312455,-21.68310546875
1763688975.5457008,2,2,1,-0.1207513347967674,0.09221190392417189,0.3643415220270312,0.0004934307996488987,0.003252441161270451,-0.0006230111209756979,19.67995605468741,-21.600012207031227,-17.81113281250009,18.240014648437523,20.640008544921898,-18.585644531250182,12.480004882812409,43.67995605468741,47.238525390625,-20.63999023437509,-26.40000000000009,-48.78720703125009,-19.679986572265648,6.2399414062499545,-21.68310546875
1763688975.6394842,2,2,1,-0.13822043527901487,0.1430226370691205,0.3670872363298786,0.0010788024721718203,0.003119190389620917,-0.0004675075626283386,19.67995605468741,-19.199987792968727,-25.55502929687509,8.640008544921898,20.640008544921898,-18.585644531250182,17.27993164062491,41.28005371093741,51.1103515625,-23.04013671875009,-26.40000000000009,-56.53122558593759,-24.480004882812523,6.2399414062499545,-25.55517578125
1763688975.6840227,2,2,1,-0.13904858944680892,0.11455116853457978,0.3675543395785,0.001011557879353645,0.0028538135268145375,-0.0006997330670831512,19.67995605468741,-19.199987792968727,-25.55502929687509,13.439996337890648,23.040002441406273,-26.329541015625182,7.679956054687409,41.28005371093741,47.238525390625,-25.44003906250009,-21.59995117187509,-52.65921630859384,-19.679986572265648,6.2399414062499545,-17.811279296875
1763688975.8411655,2,2,1,-0.1449717071026737,0.10696750233234575,0.26314078658352147,0.0002477181279213216,0.003439361997853011,-0.0004268127772146797,22.07998046874991,-16.799963378906227,-25.55502929687509,8.640008544921898,18.239984130859398,-18.585644531250182,14.879907226562409,41.28005371093741,47.238525390625,-25.44003906250009,-24.00009765625009,-56.53122558593759,-17.279992675781273,6.2399414062499545,-21.68310546875
1763688975.870218,2,2,1,-0.16446938055513227,0.049816514213267965,0.33225890338343167,0.0003013005613760778,0.003163198992936313,-0.0006313669648694347,22.07998046874991,-19.199987792968727,-25.55502929687509,13.439996337890648,18.239984130859398,-22.457714843750182,12.480004882812409,41.28005371093741,43.366455078125,-25.44003906250009,-26.40000000000009,-56.53122558593759,-19.679986572265648,6.2399414062499545,-21.68310546875
1763688976.0395315,2,2,1,-0.16550175007194953,0.07715019725931488,0.24883659511552206,0.0006601654246520402,0.0038183226757685044,-0.0006618493566711882,29.27993164062491,-16.799963378906227,-17.81113281250009,15.840020751953148,18.239984130859398,-6.969677734375182,12.480004882812409,60.48000488281241,66.598388671875,-35.04013671875009,-40.80014648437509,-64.27518310546884,-19.679986572265648,11.039990234374955,-2.3232421875
1763688976.1486077,2,2,1,-0.07510951557440324,0.14909109153414118,0.2449701522730404,0.0004398290060489225,0.002173458279356317,-0.00035864597196517555,0,0,0,0,0,0,0,0,0,0,0,0,0,0,0
1763688976.3342452,2,2,1,-0.07439755033785686,0.054828360566879994,0.22664576317660917,-0.0004978732829802107,0.0009571982723062365,-0.0006740083662831741,31.67995605468741,-19.199987792968727,-6.195166015625091,13.439996337890648,20.640008544921898,-3.097607421875182,10.079980468749909,70.07998046874991,74.342529296875,-39.83994140625009,-67.20004882812509,-60.40317382812509,-26.879998779296898,13.440014648437455,-13.939208984375
1763688976.8492231,2,2,1,-0.07859747926324681,0.03089461113023732,-0.23683654315893019,-0.002170234578115412,0.0031490333416893056,0.00032846281366612516,55.67995605468741,-4.799963378906227,9.292871093749909,20.640008544921898,32.6400085449219,31.750292968749818,5.279931640624909,113.28005371093741,101.446533203125,-63.83994140625009,-108.00009765625009,-64.27518310546884,-29.279992675781273,18.239941406249955,13.164794921875
1763688976.9364917,2,2,1,-0.1100425758385972,0.07294716751658077,-0.28509483435170097,-0.002365381684798834,0.0025726275585308484,-0.0005532843170746788,60.48000488281241,-2.3999999999999773,5.420800781249909,18.240014648437523,39.83999023437502,31.750292968749818,10.079980468749909,115.67995605468741,109.1904296875,-73.44003906250009,-115.20004882812509,-68.14719238281259,-24.480004882812523,25.440014648437455,20.90869140625
1763688977.2469249,2,2,1,-0.24498058314663237,0.10005782579761119,-0.48694891011414715,0.002241508981397496,0.00930941856983732,-0.0008399506064836355,0,0,0,0,0,0,0,0,0,0,0,0,0,0,0
1763688977.3399804,2,2,1,-0.25690780895957466,0.15089792705839467,-0.4887843271597704,0.0016602191274908032,0.008824414386293937,-0.0004567475056234209,48.48000488281241,2.4414062522737368e-05,9.292871093749909,1.4399963378906477,42.2399841308594,35.62236328124982,2.879907226562409,106.07998046874991,120.806396484375,-71.04013671875009,-134.4000000000001,-68.14719238281259,-19.679986572265648,27.840039062499955,5.4208984375
1763688977.5424836,2,2,1,-0.20339967533766593,0.15979038597219436,-0.39957131404830465,0.003279951841081221,0.007747488177237219,-0.0007318402344467116,53.27993164062491,2.4414062522737368e-05,13.164941406249909,6.240014648437523,39.83999023437502,39.49443359374982,7.679956054687409,115.67995605468741,116.934326171875,-75.83994140625009,-136.8001464843751,-75.89121093750009,-19.679986572265648,27.840039062499955,9.292724609375
1763688977.6381664,2,2,1,-0.15273748986529914,0.14145106168707627,-0.35511429459968913,0.0016657569295418142,0.00532511285333479,-0.0005658532430394819,41.27993164062491,2.4414062522737368e-05,9.292871093749909,1.4399963378906477,39.83999023437502,39.49443359374982,0.48000488281240905,106.07998046874991,109.1904296875,-71.04013671875009,-132.0000976562501,-64.27518310546884,-17.279992675781273,27.840039062499955,1.548828125
1763688977.947861,2,2,1,-0.13740885034268355,0.14967467017965203,-0.40559248993100977,0.002058588775663527,0.005749332636183697,-0.00027015158999266133,50.88002929687491,2.3999877929687727,5.420800781249909,1.4399963378906477,37.43999633789065,35.62236328124982,2.879907226562409,108.48000488281241,116.934326171875,-68.63999023437509,-129.5999511718751,-68.14719238281259,-22.080010986328148,25.440014648437455,9.292724609375
1763688978.0394487,2,2,1,-0.17027583565559395,0.1378736031002246,-0.33930856676198584,0.001640564485370271,0.006407531766194775,-9.057427390655884e-05,43.67995605468741,-7.199987792968727,13.164941406249909,-3.3599914550781023,37.43999633789065,35.62236328124982,5.279931640624909,101.28005371093741,113.0625,-71.04013671875009,-132.0000976562501,-72.01920166015634,-26.879998779296898,30.239941406249955,1.548828125
1763688978.146044,2,2,1,-0.20924668323236356,0.1816814491109252,-0.3263928755949315,0.004827617885847401,0.0076374471646346725,-0.000544487386227111,46.07998046874991,-2.3999999999999773,9.292871093749909,1.4399963378906477,35.04000244140627,35.62236328124982,2.879907226562409,108.48000488281241,113.0625,-68.63999023437509,-134.4000000000001,-56.53122558593759,-22.080010986328148,23.039990234374955,5.4208984375
1763688978.3467185,2,2,1,-0.09687899393300552,0.17123765840062444,-0.37295454652011967,0.0012708814629702478,0.0022059101137592583,-0.00042120322565394517,50.88002929687491,-2.3999999999999773,13.164941406249909,1.4399963378906477,35.04000244140627,35.62236328124982,7.679956054687409,110.88002929687491,116.934326171875,-71.04013671875009,-129.5999511718751,-60.40317382812509,-26.879998779296898,32.639965820312455,5.4208984375
1763688978.4402492,2,2,1,-0.07016690942097391,0.18455433106088184,-0.43416977519272415,0.0030498765969588343,0.00162004855388113,-0.0003585586612640093,43.67995605468741,-4.799963378906227,13.164941406249909,-0.9599975585937273,30.239984130859398,31.750292968749818,5.279931640624909,113.28005371093741,113.0625,-71.04013671875009,-129.5999511718751,-64.27518310546884,-29.279992675781273,30.239941406249955,9.292724609375
1763688978.469246,2,2,1,-0.11318106140880477,0.1752419163626012,-0.21481416152575164,0.003014139612971335,0.0029579742094467194,-0.0006699175521113484,50.88002929687491,-4.799963378906227,13.164941406249909,-0.9599975585937273,32.6400085449219,31.750292968749818,5.279931640624909,110.88002929687491,116.934326171875,-71.04013671875009,-136.8001464843751,-64.27518310546884,-29.279992675781273,27.840039062499955,1.548828125
1763688978.6410801,2,2,1,-0.0789041734671788,0.14908762653679414,-0.35099352638495396,0.002784683235151792,0.0018936326802267047,-0.00024859826658250373,48.48000488281241,-4.799963378906227,9.292871093749909,6.240014648437523,32.6400085449219,31.750292968749818,5.279931640624909,120.48000488281241,120.806396484375,-73.44003906250009,-132.0000976562501,-64.27518310546884,-26.879998779296898,25.440014648437455,13.164794921875
1763688978.749106,2,2,1,-0.11067278025826656,0.17861049671613632,-0.36769901224387813,0.002510896232537042,0.002061173425940286,-0.00025814674647820185,0,0,0,0,0,0,0,0,0,0,0,0,0,0,0
1763688978.8439336,2,2,1,-0.11980940994031701,0.18386186675351007,-0.32819295038328633,0.004391770144727247,0.0037677984828887756,-0.00039221015720216506,50.88002929687491,-2.3999999999999773,13.164941406249909,1.4399963378906477,35.04000244140627,35.62236328124982,5.279931640624909,115.67995605468741,120.806396484375,-68.63999023437509,-134.4000000000001,-64.27518310546884,-24.480004882812523,27.840039062499955,13.164794921875
1763688978.949607,2,2,1,-0.06245363590484273,0.13460599607900742,-0.4033118325505405,0.002636329543984523,0.0028745241676510665,-0.0005792629598147679,53.27993164062491,-7.199987792968727,13.164941406249909,8.640008544921898,35.04000244140627,39.49443359374982,7.679956054687409,118.07998046874991,124.678466796875,-71.04013671875009,-134.4000000000001,-64.27518310546884,-26.879998779296898,27.840039062499955,13.164794921875
1763688979.0453966,2,2,1,-0.06240194835046307,0.16053549801087935,-0.40113866063834375,0.0030439836957582766,0.001462443005722737,4.615886771951346e-05,50.88002929687491,-9.600012207031227,9.292871093749909,1.4399963378906477,35.04000244140627,39.49443359374982,7.679956054687409,118.07998046874991,120.806396484375,-66.24008789062509,-132.0000976562501,-56.53122558593759,-24.480004882812523,27.840039062499955,9.292724609375
1763688979.1393018,2,2,1,-0.06260335637544102,0.16694221777765403,-0.31698515952838696,0.0030999357633985205,0.0022310056185099905,-0.0005493833431449608,50.88002929687491,-4.799963378906227,17.03676757812491,6.240014648437523,30.239984130859398,43.36625976562482,5.279931640624909,118.07998046874991,124.678466796875,-71.04013671875009,-129.5999511718751,-64.27518310546884,-26.879998779296898,27.840039062499955,13.164794921875
1763688979.2479053,2,2,1,-0.06573031898974371,0.16688592612871542,-0.23501816707463735,0.0021323963392178317,0.0007522025396657023,-0.00044645683780417653,53.27993164062491,-7.199987792968727,13.164941406249909,-0.9599975585937273,30.239984130859398,35.62236328124982,7.679956054687409,118.07998046874991,120.806396484375,-66.24008789062509,-132.0000976562501,-60.40317382812509,-26.879998779296898,27.840039062499955,9.292724609375
1763688979.341542,2,2,1,-0.06378820559817822,0.1713005145379425,-0.38207827048325427,0.003465192926447076,0.0012996672244076472,-0.0003370765208631847,48.48000488281241,-4.799963378906227,13.164941406249909,6.240014648437523,30.239984130859398,35.62236328124982,5.279931640624909,125.28005371093741,124.678466796875,-66.24008789062509,-134.4000000000001,-60.40317382812509,-26.879998779296898,32.639965820312455,9.292724609375
1763688979.450374,2,2,1,-0.04205851442775133,0.1568908856253911,-0.3172020536384029,0.0025436703173158277,-0.0004816036466097197,-0.0004735414486950111,55.67995605468741,-7.199987792968727,13.164941406249909,6.240014648437523,30.239984130859398,31.750292968749818,10.079980468749909,127.67995605468741,128.550537109375,-73.44003906250009,-132.0000976562501,-64.27518310546884,-31.679986572265648,27.840039062499955,17.036865234375
1763688979.544765,2,2,1,-0.037869110168965416,0.11561505608114375,-0.38965904951311103,0.0011755041906732233,-0.0003513184885388901,-0.0005799527453781463,53.27993164062491,-7.199987792968727,20.90883789062491,1.4399963378906477,27.839990234375023,39.49443359374982,5.279931640624909,127.67995605468741,128.550537109375,-66.24008789062509,-136.8001464843751,-56.53122558593759,-31.679986572265648,27.840039062499955,13.164794921875
1763688979.6390269,2,2,1,-0.07369690225196854,0.17832510153141293,-0.39711431277449094,0.0038642947411156236,0.001008385371236241,4.957907493874001e-05,48.48000488281241,-9.600012207031227,17.03676757812491,1.4399963378906477,27.839990234375023,35.62236328124982,10.079980468749909,120.48000488281241,128.550537109375,-68.63999023437509,-136.8001464843751,-56.53122558593759,-31.679986572265648,27.840039062499955,13.164794921875
1763688979.7512972,2,2,1,-0.0213547187163472,0.18705477156785172,-0.28077461198622633,0.003792353344749804,0.0006734012856765171,-0.0007703066342899331,53.27993164062491,-2.3999999999999773,13.164941406249909,6.240014648437523,25.439996337890648,35.62236328124982,2.879907226562409,122.88002929687491,132.42236328125,-68.63999023437509,-134.4000000000001,-56.53122558593759,-34.08001098632815,27.840039062499955,17.036865234375
1763688979.9515276,2,2,1,-0.019773959110317617,0.19350919945424017,-0.26324517250230395,0.0037086106000689583,-0.0009391365293232737,-0.000296252550416248,38.88002929687491,-14.399999999999977,9.292871093749909,-3.3599914550781023,18.239984130859398,20.134326171874818,5.279931640624909,108.48000488281241,113.0625,-54.24008789062509,-115.20004882812509,-44.91519775390634,-34.08001098632815,25.440014648437455,-2.3232421875
1763688980.3436468,2,2,1,-0.10928017870710668,0.17846278625294903,0.21295400952340882,0.004527838223614044,0.0011261315881861906,-0.000667570846337117,29.27993164062491,-14.399999999999977,-6.195166015625091,1.4399963378906477,18.239984130859398,8.518359374999818,10.079980468749909,82.07998046874991,85.95849609375,-49.44003906250009,-81.59995117187509,-52.65921630859384,-36.48000488281252,23.039990234374955,-13.939208984375
1763688980.636014,2,2,1,-0.10557681275925576,0.052461551362377436,0.2963467241920995,0.0004896718411651166,0.003307387197659527,-0.00048752925410377556,31.67995605468741,-19.199987792968727,-10.067236328125091,8.640008544921898,23.040002441406273,-3.097607421875182,10.079980468749909,67.67995605468741,74.342529296875,-37.44003906250009,-55.20004882812509,-52.65921630859384,-24.480004882812523,15.840039062499955,-10.067138671875
1763688980.754816,2,2,1,-0.14867864403856593,0.09896179908410843,0.3170828098791312,0.0010380655550164474,0.0032123073491064818,-0.0004815980179001339,26.88002929687491,-16.799963378906227,-13.939062500000091,8.640008544921898,20.640008544921898,-10.841748046875182,14.879907226562409,62.88002929687491,66.598388671875,-35.04013671875009,-50.40000000000009,-56.53122558593759,-22.080010986328148,13.440014648437455,-10.067138671875
1763688981.14579,2,2,1,0.14452713988472599,-0.38232663811481415,0.3798936197616773,-0.00731896142693506,-0.0013086955583909432,-0.0005341739945145349,24.48000488281241,-16.799963378906227,-21.68320312500009,13.439996337890648,20.640008544921898,-6.969677734375182,14.879907226562409,53.28005371093741,58.8544921875,-30.24008789062509,-38.40000000000009,-56.53122558593759,-22.080010986328148,11.039990234374955,-13.939208984375
1763688981.350048,2,2,1,-0.006016450032194573,0.12020965338434972,0.3680268740081242,0.002102567563156633,0.0006013312979833324,-0.0006965184137782549,0,0,0,0,0,0,0,0,0,0,0,0,0,0,0
1763688981.4438055,2,2,1,-0.1583477877782407,0.0635530565773879,0.316460392341524,0.0009201942467837096,0.0035772741082715654,-0.00016636148203492734,24.48000488281241,-16.799963378906227,-13.939062500000091,11.040002441406273,15.839990234375023,-10.841748046875182,19.67995605468741,53.28005371093741,58.8544921875,-25.44003906250009,-36.00009765625009,-56.53122558593759,-22.080010986328148,6.2399414062499545,-25.55517578125
1763688981.536743,2,2,1,-0.1327459980401141,0.14781762183296787,0.40307950692613403,0.00179774709131216,0.003275225762654568,-0.0005301067661776578,22.07998046874991,-21.600012207031227,-21.68320312500009,13.439996337890648,20.640008544921898,-14.713574218750182,14.879907226562409,53.28005371093741,54.982421875,-27.83994140625009,-33.59995117187509,-52.65921630859384,-19.679986572265648,8.639965820312455,-21.68310546875
1763688981.7401085,2,2,1,-0.12276399619931434,0.14367119671158576,0.266638973869557,0.0013979297836045484,0.0029766519810229923,-0.0002676211991162144,17.27993164062491,-19.199987792968727,-21.68320312500009,11.040002441406273,20.640008544921898,-6.969677734375182,7.679956054687409,50.88002929687491,58.8544921875,-27.83994140625009,-33.59995117187509,-52.65921630859384,-22.080010986328148,8.639965820312455,-21.68310546875
1763688981.8493752,2,2,1,-0.11509741087429506,0.12837706081827993,0.28382732177552417,0.0014358392317512395,0.003016753715037842,-0.0007290967431108376,22.07998046874991,-19.199987792968727,-17.81113281250009,13.439996337890648,15.839990234375023,-18.585644531250182,14.879907226562409,53.28005371093741,51.1103515625,-27.83994140625009,-33.59995117187509,-52.65921630859384,-19.679986572265648,11.039990234374955,-17.811279296875
1763688982.048703,2,2,1,-0.11141545317853316,0.12384897780281011,0.43087726808951854,0.0005977338985086304,0.003830849552227576,-0.0006796724203009469,22.07998046874991,-21.600012207031227,-25.55502929687509,8.640008544921898,20.640008544921898,-14.713574218750182,12.480004882812409,48.48000488281241,47.238525390625,-27.83994140625009,-33.59995117187509,-52.65921630859384,-22.080010986328148,8.639965820312455,-13.939208984375
1763688982.1409912,2,2,1,-0.14860059102397447,0.08874599023596745,0.4180785115411466,0.0009781579356092282,0.0032284932058161664,-0.0007576097979278108,17.27993164062491,-21.600012207031227,-17.81113281250009,13.439996337890648,18.239984130859398,-18.585644531250182,17.27993164062491,46.07998046874991,54.982421875,-30.24008789062509,-33.59995117187509,-48.78720703125009,-22.080010986328148,8.639965820312455,-21.68310546875
1763688982.2375379,2,2,1,-0.13624673774063745,0.12159852617515754,0.31394497066551735,0.0003785900911822816,0.0033723207760102594,-0.000643987191685028,22.07998046874991,-19.199987792968727,-21.68320312500009,13.439996337890648,18.239984130859398,-14.713574218750182,14.879907226562409,46.07998046874991,51.1103515625,-23.04013671875009,-28.80014648437509,-56.53122558593759,-19.679986572265648,8.639965820312455,-25.55517578125
1763688982.280195,2,2,1,-0.1291045547997047,0.10788268446966262,0.3818241714514745,0.0006320782003198418,0.003134728001888909,-0.00038297165353058714,22.07998046874991,-19.199987792968727,-25.55502929687509,11.040002441406273,18.239984130859398,-18.585644531250182,14.879907226562409,43.67995605468741,51.1103515625,-25.44003906250009,-31.20004882812509,-52.65921630859384,-17.279992675781273,11.039990234374955,-25.55517578125
1763688982.373061,2,2,1,-0.1414449048432102,0.0857354009737796,0.40251428744901085,0.0012913311993203844,0.0027953662521004075,-0.0006834893405522329,17.27993164062491,-21.600012207031227,-25.55502929687509,13.439996337890648,20.640008544921898,-22.457714843750182,17.27993164062491,48.48000488281241,54.982421875,-20.63999023437509,-31.20004882812509,-56.53122558593759,-19.679986572265648,11.039990234374955,-13.939208984375
1763688982.5496302,2,2,1,-0.11312095363778629,0.14924883887891952,0.3673921081688636,0.001303326573778592,0.002625711089862885,-0.0005453930125180348,14.880029296874909,-21.600012207031227,-25.55502929687509,13.439996337890648,23.040002441406273,-14.713574218750182,14.879907226562409,48.48000488281241,43.366455078125,-20.63999023437509,-28.80014648437509,-56.53122558593759,-19.679986572265648,11.039990234374955,-21.68310546875
1763688982.654914,2,2,1,-0.14023680028772761,0.08332433900708174,0.34980345042963473,0.0009206874953257666,0.0033317418471937492,-0.0004690678277016108,22.07998046874991,-19.199987792968727,-25.55502929687509,13.439996337890648,18.239984130859398,-18.585644531250182,12.480004882812409,46.07998046874991,47.238525390625,-25.44003906250009,-28.80014648437509,-52.65921630859384,-22.080010986328148,8.639965820312455,-25.55517578125
1763688982.751847,2,2,1,-0.10555852254429313,0.11433941143077814,0.38371547117195204,0.0011886691225357563,0.0026636528354996762,-0.0006933920539823584,19.67995605468741,-19.199987792968727,-25.55502929687509,11.040002441406273,23.040002441406273,-14.713574218750182,14.879907226562409,41.28005371093741,47.238525390625,-18.24008789062509,-28.80014648437509,-52.65921630859384,-19.679986572265648,11.039990234374955,-21.68310546875
1763688982.8438966,2,2,1,-0.14927462775671407,0.10824848279181729,0.43606221697262354,0.0013075041478728979,0.0033323900916777953,-0.0008296155166354027,19.67995605468741,-21.600012207031227,-25.55502929687509,11.040002441406273,18.239984130859398,-18.585644531250182,14.879907226562409,46.07998046874991,51.1103515625,-25.44003906250009,-24.00009765625009,-52.65921630859384,-19.679986572265648,8.639965820312455,-21.68310546875
1763688983.0534918,2,2,1,-0.12123380215942485,0.14149343676065745,0.38285649419544543,0.001071249499246776,0.0033492106495989515,-0.00046181458379565186,19.67995605468741,-16.799963378906227,-17.81113281250009,11.040002441406273,20.640008544921898,-30.201611328125182,12.480004882812409,43.67995605468741,43.366455078125,-20.63999023437509,-28.80014648437509,-60.40317382812509,-17.279992675781273,3.8400390624999545,-17.811279296875
1763688983.140549,2,2,1,-0.12046781918281174,0.09334281259140424,0.4493939620591016,0.0005207959240763173,0.0028920100611315577,-0.0010617828483429964,24.48000488281241,-16.799963378906227,-21.68320312500009,11.040002441406273,20.640008544921898,-14.713574218750182,19.67995605468741,43.67995605468741,47.238525390625,-23.04013671875009,-24.00009765625009,-52.65921630859384,-17.279992675781273,3.8400390624999545,-21.68310546875
1763688983.344504,2,2,1,-0.1209050236117887,0.0923826649901845,0.2634241349824408,0.00046397354351578176,0.003242086896867457,-0.0006592057630373889,17.27993164062491,-21.600012207031227,-21.68320312500009,11.040002441406273,18.239984130859398,-18.585644531250182,12.480004882812409,41.28005371093741,47.238525390625,-20.63999023437509,-24.00009765625009,-52.65921630859384,-17.279992675781273,6.2399414062499545,-29.42724609375
1763688983.6401565,2,2,1,-0.10659252930365527,0.10365880058888442,0.3331569395767092,0.0012550366837669232,0.0029488483095586352,-0.0005537904890140262,24.48000488281241,-16.799963378906227,-21.68320312500009,11.040002441406273,18.239984130859398,-18.585644531250182,14.879907226562409,43.67995605468741,43.366455078125,-23.04013671875009,-24.00009765625009,-52.65921630859384,-17.279992675781273,11.039990234374955,-25.55517578125
1763688983.749567,2,2,1,-0.10409408690386164,0.14321314102748045,0.26495685680265524,0.0010562178589884267,0.002813482743259597,-0.0005043596388689747,17.27993164062491,-19.199987792968727,-29.42709960937509,11.040002441406273,18.239984130859398,-26.329541015625182,14.879907226562409,38.88002929687491,39.494384765625,-18.24008789062509,-24.00009765625009,-48.78720703125009,-19.679986572265648,8.639965820312455,-29.42724609375
1763688984.150364,2,2,1,-0.1625287380310935,0.12689750698518215,0.3999452485791731,0.0006094035232002035,0.0035184857233942868,-0.0006907296610634772,17.27993164062491,-19.199987792968727,-25.55502929687509,13.439996337890648,23.040002441406273,-22.457714843750182,14.879907226562409,38.88002929687491,43.366455078125,-20.63999023437509,-24.00009765625009,-60.40317382812509,-19.679986572265648,6.2399414062499545,-25.55517578125
1763688984.24302,2,2,1,-0.112677146804483,0.12829265512679522,0.3153254633081918,0.0009482624391671313,0.0028943340230016055,-0.00048546291885144673,14.880029296874909,-19.199987792968727,-29.42709960937509,13.439996337890648,18.239984130859398,-14.713574218750182,14.879907226562409,41.28005371093741,43.366455078125,-23.04013671875009,-21.59995117187509,-52.65921630859384,-17.279992675781273,1.4400146484374545,-25.55517578125
1763688984.2555413,2,2,1,-0.09622660879443629,0.10079530565625208,0.3317167329497326,0.0009103945548552571,0.0022881089733434315,-0.00024303465492787326,17.27993164062491,-19.199987792968727,-33.29916992187509,13.439996337890648,15.839990234375023,-30.201611328125182,24.48000488281241,41.28005371093741,43.366455078125,-18.24008789062509,-24.00009765625009,-52.65921630859384,-17.279992675781273,6.2399414062499545,-17.811279296875
1763688984.3647738,2,2,1,-0.12228243412450733,0.10281025938707597,0.31488013468550413,0.0009132152934443777,0.003256924983312569,-9.249229751448929e-05,19.67995605468741,-21.600012207031227,-29.42709960937509,8.640008544921898,20.640008544921898,-22.457714843750182,12.480004882812409,41.28005371093741,43.366455078125,-15.839941406250091,-21.59995117187509,-52.65921630859384,-17.279992675781273,11.039990234374955,-25.55517578125
1763688984.5390532,2,2,1,-0.12408561708593806,0.10608740957263667,0.41981424582298943,0.0014601933813065708,0.0024635896399569967,-0.0009912567477568432,22.07998046874991,-23.999975585937477,-37.17124023437509,11.040002441406273,18.239984130859398,-26.329541015625182,17.27993164062491,38.88002929687491,43.366455078125,-20.63999023437509,-16.80014648437509,-52.65921630859384,-22.080010986328148,6.2399414062499545,-21.68310546875
1763688984.7405274,2,2,1,-0.12849152867259347,0.10633771071099883,0.38133660856455925,0.00043776887991296655,0.003414143848941161,-0.0008528930782643524,19.67995605468741,-19.199987792968727,-29.42709960937509,11.040002441406273,15.839990234375023,-22.457714843750182,17.27993164062491,36.48000488281241,39.494384765625,-18.24008789062509,-19.20004882812509,-56.53122558593759,-17.279992675781273,6.2399414062499545,-25.55517578125
1763688984.83531,2,2,1,-0.14955693474292836,0.09698714579803767,0.40154678510402514,0.001205502775807678,0.0037038299163178055,-0.0006849528903919973,19.67995605468741,-19.199987792968727,-25.55502929687509,18.240014648437523,18.239984130859398,-18.585644531250182,14.879907226562409,36.48000488281241,35.62255859375,-23.04013671875009,-21.59995117187509,-52.65921630859384,-17.279992675781273,11.039990234374955,-25.55517578125
1763688984.9455914,2,2,1,-0.13952134383922582,0.09080810533383653,0.43336889377619237,0.000825800632040422,0.0038053960687384203,-0.0008310983376228049,17.27993164062491,-16.799963378906227,-33.29916992187509,13.439996337890648,20.640008544921898,-18.585644531250182,19.67995605468741,36.48000488281241,47.238525390625,-23.04013671875009,-21.59995117187509,-56.53122558593759,-19.679986572265648,11.039990234374955,-21.68310546875
1763688985.2428448,2,2,1,-0.09575234288597324,0.1257138266933821,0.36502275207119955,0.0009294977074802817,0.0033227029111319306,-0.0009366551049784488,17.27993164062491,-19.199987792968727,-33.29916992187509,8.640008544921898,23.040002441406273,-26.329541015625182,19.67995605468741,38.88002929687491,39.494384765625,-20.63999023437509,-16.80014648437509,-56.53122558593759,-22.080010986328148,6.2399414062499545,-25.55517578125
1763688985.44466,2,2,1,-0.12514408779187236,0.1035899922130615,0.43652265425743797,0.0016065837256842898,0.0031327391912188297,-0.0009842744171778806,14.880029296874909,-14.399999999999977,-29.42709960937509,13.439996337890648,15.839990234375023,-18.585644531250182,14.879907226562409,36.48000488281241,35.62255859375,-20.63999023437509,-21.59995117187509,-56.53122558593759,-19.679986572265648,1.4400146484374545,-25.55517578125
1763688985.8509157,2,2,1,-0.13237782699527786,0.11681639031937285,0.3510911767130389,0.0013533180815056463,0.0035496802882742425,-0.0007823830944483274,14.880029296874909,-21.600012207031227,-33.29916992187509,11.040002441406273,20.640008544921898,-30.201611328125182,17.27993164062491,36.48000488281241,31.75048828125,-18.24008789062509,-19.20004882812509,-56.53122558593759,-17.279992675781273,6.2399414062499545,-21.68310546875
1763688986.039336,2,2,1,-0.07322405440333221,0.17449108424572715,0.36961914738877655,0.0021798410685263782,0.002297116027410656,-0.0009341856618035651,22.07998046874991,-23.999975585937477,-21.68320312500009,11.040002441406273,23.040002441406273,-18.585644531250182,14.879907226562409,46.07998046874991,47.238525390625,-25.44003906250009,-28.80014648437509,-56.53122558593759,-17.279992675781273,3.8400390624999545,-21.68310546875
1763688986.9425864,2,2,1,-0.05481686607572893,0.11453681687855054,-0.204259249034213,0.0012181234260746697,3.326640225544483e-06,-0.0005132725563930922,53.27993164062491,-4.799963378906227,9.292871093749909,8.640008544921898,30.239984130859398,24.006396484374818,2.879907226562409,115.67995605468741,109.1904296875,-66.24008789062509,-112.80014648437509,-60.40317382812509,-29.279992675781273,23.039990234374955,13.164794921875
1763688987.1437132,2,2,1,-0.019953014957107856,0.14730446929701413,-0.4598747173733986,0.0010594158505312793,0.0013524182249366385,-0.000764410664364537,67.67995605468741,-2.3999999999999773,17.03676757812491,15.840020751953148,39.83999023437502,51.11040039062482,2.879907226562409,130.0799804687499,128.550537109375,-80.63999023437509,-148.8001464843751,-72.01920166015634,-22.080010986328148,27.840039062499955,20.90869140625
1763688987.2387679,2,2,1,-0.13394137689741334,0.09669096141641625,-0.6852980377652622,-0.0011365170742831667,0.004711927987673967,-0.0004578074688525122,67.67995605468741,2.3999877929687727,17.03676757812491,8.640008544921898,42.2399841308594,51.11040039062482,2.879907226562409,142.0799804687499,136.29443359375,-78.24008789062509,-163.2000488281251,-75.89121093750009,-24.480004882812523,32.639965820312455,28.65283203125
1763688987.3467948,2,2,1,-0.10218230971746359,0.08533720234942345,-0.8165406234946794,-0.0005778598558894804,0.0025655610016595844,-0.0006582641021157005,74.88002929687491,9.600000000000023,28.65273437499991,11.040002441406273,51.83999023437502,66.59843749999982,-1.920019531250091,154.0799804687499,144.038330078125,-90.24008789062509,-177.5999511718751,-83.63522949218759,-26.879998779296898,30.239941406249955,20.90869140625
1763688987.4405909,2,2,1,-0.1687245026231287,0.0899237245449375,-0.9730466558987656,-0.0014651344758688798,0.00675087770064744,-0.0003262489130613337,0,0,0,0,0,0,0,0,0,0,0,0,0,0,0
1763688987.4675956,2,2,1,-0.18414387976153437,0.10021781932018708,-0.9565526256770921,-0.001711495207578782,0.0066909703432971755,-0.00024408568454985311,79.67995605468741,7.200036621093773,32.52480468749991,11.040002441406273,54.2399841308594,66.59843749999982,-4.320043945312591,168.4800048828124,155.654541015625,-102.24008789062509,-196.8001464843751,-75.89121093750009,-26.879998779296898,37.440014648437455,44.140869140625
1763688987.64,2,2,1,-0.1373220437892454,0.0839719883876201,-1.2201737009810447,-0.0007133283686842837,0.0033765425898098266,-0.00033345667967686523,94.07998046874991,12.000024414062523,40.26894531249991,18.240014648437523,56.6400085449219,85.95854492187482,-6.720068359375091,190.0799804687499,178.886474609375,-114.24008789062509,-223.2000488281251,-91.37918701171884,-26.879998779296898,35.039990234374955,44.140869140625
1763688987.9366033,2,2,1,-0.12927283695410724,0.028232857036622747,-1.6478590021980468,-0.00313714144387127,0.0020180764061347154,-0.0007268205688399257,113.27993164062491,21.600000000000023,51.88491210937491,18.240014648437523,66.2399841308594,116.93413085937482,-9.120092773437591,238.0799804687499,205.990478515625,-133.4400390625001,-273.5999511718751,-99.12320556640634,-31.679986572265648,42.239941406249955,59.62890625
1763688988.0475645,2,2,1,-0.04567635987656282,0.07254130092171293,-1.9501955817932985,-0.0023268105853844626,0.0004181583870624364,-0.00028870914984930414,115.67995605468741,24.000024414062523,51.88491210937491,18.240014648437523,63.83999023437502,113.06254882812482,-11.519995117187591,235.6800781249999,202.118408203125,-133.4400390625001,-276.0000976562501,-99.12320556640634,-26.879998779296898,47.039990234374955,63.500732421875
1763688988.142132,2,2,1,-0.02511913244173768,0.07220472309377837,-1.7847911741106,-0.002950085186886246,6.531229807212784e-05,-0.00046705520040243805,110.88002929687491,24.000024414062523,48.01284179687491,15.840020751953148,61.43999633789065,113.06254882812482,-13.920019531250091,235.6800781249999,205.990478515625,-128.6399902343751,-276.0000976562501,-102.99521484375009,-31.679986572265648,51.840039062499955,59.62890625
1763688988.3440652,2,2,1,0.042282668122957064,0.1128475687432163,-1.7060611032366886,-2.598150018673709e-05,-0.0037476331330993113,-0.00011820887751455239,108.48000488281241,19.200036621093773,55.75673828124991,11.040002441406273,59.04000244140627,109.19047851562482,-6.720068359375091,230.8800292968749,198.246337890625,-126.24008789062509,-271.2000488281251,-87.50717773437509,-34.08001098632815,39.840039062499955,59.62890625
1763688988.6410646,2,2,1,0.06362792264070398,0.15243302908086265,-1.4814345278107388,0.0015519187135285663,-0.004917447245277694,-0.0001131090367476614,108.48000488281241,16.800012207031273,55.75673828124991,13.439996337890648,51.83999023437502,97.57426757812482,-4.320043945312591,230.8800292968749,202.118408203125,-121.44003906250009,-268.8001464843751,-91.37918701171884,-36.48000488281252,42.239941406249955,55.7568359375
1763688988.749897,2,2,1,0.07821590942899256,0.11492117561276673,-1.582103582172296,0.0017340586854121057,-0.005329898297177588,0.0002457624075413923,113.27993164062491,21.600000000000023,51.88491210937491,13.439996337890648,51.83999023437502,109.19047851562482,-6.720068359375091,233.2799316406249,198.246337890625,-123.83994140625009,-266.4000000000001,-91.37918701171884,-36.48000488281252,47.039990234374955,59.62890625
1763688988.7789311,2,2,1,0.05512343122394873,0.1480137140501365,-1.4637952491823687,0.0015118363631879588,-0.00502349722061142,-0.0004974824116638726,108.48000488281241,19.200036621093773,48.01284179687491,13.439996337890648,51.83999023437502,105.31840820312482,-6.720068359375091,228.4801269531249,213.734375,-123.83994140625009,-264.0000976562501,-91.37918701171884,-34.08001098632815,44.639965820312455,59.62890625
1763688988.9380045,2,2,1,0.05507256270765004,0.1280756400099668,-1.4136907335777513,0.0013609166705801827,-0.00501356848989736,-0.0006348532610976395,101.27993164062491,16.800012207031273,48.01284179687491,13.439996337890648,54.2399841308594,101.44633789062482,-4.320043945312591,228.4801269531249,202.118408203125,-121.44003906250009,-264.0000976562501,-87.50717773437509,-34.08001098632815,44.639965820312455,55.7568359375
1763688989.0508416,2,2,1,0.08903417523048922,0.16173737444013656,-1.513881163955658,0.0017984213932332035,-0.00616632044350169,-0.00020303787951075523,103.67995605468741,24.000024414062523,55.75673828124991,13.439996337890648,47.04000244140627,97.57426757812482,-4.320043945312591,228.4801269531249,202.118408203125,-121.44003906250009,-261.5999511718751,-87.50717773437509,-36.48000488281252,42.239941406249955,59.62890625
1763688989.142249,2,2,1,0.06607506788909948,0.12390457338476642,-1.4161293107949153,0.0008350466463768209,-0.005401803567518827,-0.00032507417971072044,106.07998046874991,16.800012207031273,48.01284179687491,13.439996337890648,51.83999023437502,101.44633789062482,-4.320043945312591,230.8800292968749,205.990478515625,-121.44003906250009,-264.0000976562501,-91.37918701171884,-34.08001098632815,47.039990234374955,63.500732421875
1763688989.249514,2,2,1,0.06383498401185586,0.12451174308268176,-1.3798718850446794,0.0013436703161629829,-0.005457010857400666,-0.0007790452056535533,106.07998046874991,19.200036621093773,51.88491210937491,13.439996337890648,54.2399841308594,109.19047851562482,-1.920019531250091,228.4801269531249,205.990478515625,-123.83994140625009,-264.0000976562501,-83.63522949218759,-36.48000488281252,44.639965820312455,67.372802734375
1763688989.639621,2,2,1,-0.014407089844418831,0.08924161372684453,-1.4401435236362912,-0.001015541532023656,-0.001455913421788417,-0.0004937434532707556,108.48000488281241,19.200036621093773,55.75673828124991,18.240014648437523,56.6400085449219,101.44633789062482,-9.120092773437591,228.4801269531249,202.118408203125,-121.44003906250009,-264.0000976562501,-95.25119628906259,-29.279992675781273,44.639965820312455,63.500732421875
1763688989.747141,2,2,1,0.001485344990244171,0.10098074932748145,-1.4051589669946742,-0.0005649555921692639,-0.001959537386776129,-0.0004023250743413025,103.67995605468741,21.600000000000023,55.75673828124991,15.840020751953148,59.04000244140627,105.31840820312482,-9.120092773437591,223.6800781249999,205.990478515625,-121.44003906250009,-271.2000488281251,-91.37918701171884,-29.279992675781273,44.639965820312455,55.7568359375
1763688989.8418114,2,2,1,-0.015885722117072995,0.08051003973648738,-1.4222035217470959,-0.0007403584869443277,-0.0016243049820715946,-0.0003290300036863712,106.07998046874991,21.600000000000023,51.88491210937491,15.840020751953148,56.6400085449219,109.19047851562482,-4.320043945312591,228.4801269531249,205.990478515625,-121.44003906250009,-266.4000000000001,-83.63522949218759,-29.279992675781273,47.039990234374955,63.500732421875
1763688990.2506964,2,2,1,0.012076621549026265,0.0758260805600666,-1.4930041618111507,-0.0012838390694773,-0.001982589766861287,0.00019075756227100328,108.48000488281241,24.000024414062523,48.01284179687491,15.840020751953148,61.43999633789065,109.19047851562482,-9.120092773437591,223.6800781249999,198.246337890625,-126.24008789062509,-266.4000000000001,-87.50717773437509,-34.08001098632815,42.239941406249955,55.7568359375
1763688990.4511476,2,2,1,0.04567610641406375,0.08983690489536027,-1.2885212217521649,-0.0007750865522020874,-0.0033547526209186385,-0.0005956962284118239,108.48000488281241,19.200036621093773,44.14077148437491,15.840020751953148,51.83999023437502,101.44633789062482,-4.320043945312591,228.4801269531249,198.246337890625,-121.44003906250009,-268.8001464843751,-87.50717773437509,-34.08001098632815,49.440014648437455,59.62890625
1763688990.545181,2,2,1,0.05775675662122885,0.10480245380331639,-1.3847216632703105,0.0005156968385528014,-0.004301687052787695,-7.873580434581464e-05,108.48000488281241,19.200036621093773,48.01284179687491,15.840020751953148,51.83999023437502,97.57426757812482,-9.120092773437591,226.0799804687499,202.118408203125,-121.44003906250009,-254.4000000000001,-91.37918701171884,-34.08001098632815,42.239941406249955,59.62890625
1763688990.5743854,2,2,1,0.06627514137028409,0.09078944607254806,-1.418835470298548,0.00039457944171501953,-0.004565126636946281,-9.032463176306455e-05,103.67995605468741,14.399987792968773,44.14077148437491,13.439996337890648,49.43999633789065,93.70219726562482,-4.320043945312591,214.0799804687499,194.37451171875,-116.63999023437509,-244.8001464843751,-87.50717773437509,-31.679986572265648,42.239941406249955,51.884765625
1763688990.7463474,2,2,1,-0.01455275109728453,0.14262236968237074,-0.8669710546809705,-0.00026020237166448495,-0.00016629017275462038,-0.0007591915413556026,86.88002929687491,9.600000000000023,40.26894531249991,15.840020751953148,37.43999633789065,82.08623046874982,0.48000488281240905,185.2800537109374,175.014404296875,-97.44003906250009,-206.4000000000001,-68.14719238281259,-38.8799987792969,42.239941406249955,51.884765625
1763688990.8534687,2,2,1,0.03322521419853935,0.1586878510255564,-0.6333070005699548,0.0031941713999929402,-0.004905828758348201,-0.00011607511490357848,74.88002929687491,4.800012207031273,32.52480468749991,11.040002441406273,27.839990234375023,62.72636718749982,7.679956054687409,170.8800292968749,159.5263671875,-85.44003906250009,-184.8001464843751,-68.14719238281259,-31.679986572265648,35.039990234374955,32.52490234375
1763688990.9485242,2,2,1,0.03387530234843698,0.16808553168342227,-0.7177487954761455,0.003072628656110408,-0.004828858678387399,-0.00030394694671440233,72.48000488281241,-2.3999999999999773,28.65273437499991,8.640008544921898,30.239984130859398,51.11040039062482,10.079980468749909,158.8800292968749,151.782470703125,-80.63999023437509,-165.5999511718751,-60.40317382812509,-34.08001098632815,32.639965820312455,28.65283203125
1763688991.4516299,2,2,1,-0.08572012052435646,0.14363784319706946,0.2552867567030787,0.002738024406460804,0.0017514271855532408,-0.0008917469108515543,46.07998046874991,-14.399999999999977,1.548730468749909,11.040002441406273,18.239984130859398,20.134326171874818,10.079980468749909,101.28005371093741,101.446533203125,-59.04013671875009,-91.20004882812509,-56.53122558593759,-24.480004882812523,18.239941406249955,1.548828125
1763688991.5442626,2,2,1,-0.023030267698717778,0.15189273653773788,0.20115739886939302,0.0023209478500943403,0.00034519645209415614,-0.00028882876296213675,43.67995605468741,-19.199987792968727,5.420800781249909,8.640008544921898,18.239984130859398,20.134326171874818,14.879907226562409,96.48000488281241,97.574462890625,-51.83994140625009,-86.40000000000009,-56.53122558593759,-29.279992675781273,25.440014648437455,1.548828125
1763688991.6381872,2,2,1,-0.15317382737730162,0.10131114727194739,0.30521093595687043,0.0020517960230998673,0.002898367005272984,-0.0009507522289299569,43.67995605468741,-16.799963378906227,1.548730468749909,13.439996337890648,18.239984130859398,16.262255859374818,14.879907226562409,91.67995605468741,97.574462890625,-51.83994140625009,-84.00009765625009,-56.53122558593759,-26.879998779296898,20.639965820312455,5.4208984375
1763688991.7512379,2,2,1,-0.18387636441152536,0.07885786265915774,0.3353157486236834,0.0010357831871241783,0.0036176050201960318,-0.0006294103074840002,43.67995605468741,-14.399999999999977,5.420800781249909,13.439996337890648,20.640008544921898,8.518359374999818,17.27993164062491,86.88002929687491,93.702392578125,-49.44003906250009,-74.40000000000009,-64.27518310546884,-29.279992675781273,20.639965820312455,5.4208984375
1763688991.8415842,2,2,1,-0.09819991678737186,0.10609756029896876,0.38311831912090333,0.0012792362288028354,0.00344813974681486,-0.0008487151055822244,38.88002929687491,-19.199987792968727,-2.323095703125091,13.439996337890648,15.839990234375023,4.646289062499818,14.879907226562409,82.07998046874991,89.83056640625,-44.63999023437509,-74.40000000000009,-48.78720703125009,-26.879998779296898,20.639965820312455,-2.3232421875
1763688991.9526749,2,2,1,-0.11191073519059833,0.12828675313699828,0.2984621463003474,0.0007649424132996835,0.002796052918863445,-0.0009614060394872565,41.27993164062491,-16.799963378906227,-10.067236328125091,20.640008544921898,23.040002441406273,12.390429687499818,14.879907226562409,79.67995605468741,97.574462890625,-47.04013671875009,-64.80014648437509,-56.53122558593759,-26.879998779296898,20.639965820312455,-2.3232421875
1763688992.2482505,2,2,1,0.20963721686866277,-0.4384227291327293,0.43892250906050106,-0.008922119038276718,-0.0017831043000775784,-0.0005938072585367554,29.27993164062491,-19.199987792968727,-6.195166015625091,15.840020751953148,18.239984130859398,4.646289062499818,12.480004882812409,72.48000488281241,82.08642578125,-42.24008789062509,-50.40000000000009,-60.40317382812509,-22.080010986328148,13.440014648437455,-6.195068359375
1763688992.3430705,2,2,1,0.10206876054188657,-0.43804242425802015,0.4292576862159476,-0.007933232613497689,-0.000657395025990895,-0.0003575882645303601,34.07998046874991,-19.199987792968727,-10.067236328125091,11.040002441406273,18.239984130859398,-6.969677734375182,17.27993164062491,72.48000488281241,70.470458984375,-37.44003906250009,-50.40000000000009,-52.65921630859384,-26.879998779296898,13.440014648437455,5.4208984375
1763688992.4392238,2,2,1,-0.027945762292482697,-0.1840755738703757,0.3628285954503423,-0.003554452508949149,0.001959744774077196,0.00047679384981513025,29.27993164062491,-21.600012207031227,-17.81113281250009,11.040002441406273,15.839990234375023,-3.097607421875182,17.27993164062491,70.07998046874991,78.21435546875,-37.44003906250009,-48.00009765625009,-52.65921630859384,-24.480004882812523,15.840039062499955,-6.195068359375
1763688992.4816115,2,2,1,0.11118515613352394,-0.4524653972147484,0.3102695915032742,-0.008252176197825095,-0.0008449445240736918,-0.00040031067523726396,29.27993164062491,-21.600012207031227,-10.067236328125091,18.240014648437523,15.839990234375023,-6.969677734375182,14.879907226562409,62.88002929687491,78.21435546875,-32.63999023437509,-45.59995117187509,-56.53122558593759,-22.080010986328148,13.440014648437455,-10.067138671875
1763688992.6404474,2,2,1,-0.3095335997033863,0.2712359648233361,0.39816566224820105,0.003933122614589918,0.006393945917379009,-0.00021899075730185064,26.88002929687491,-16.799963378906227,-13.939062500000091,15.840020751953148,18.239984130859398,-6.969677734375182,14.879907226562409,65.28005371093741,66.598388671875,-37.44003906250009,-50.40000000000009,-52.65921630859384,-22.080010986328148,13.440014648437455,-10.067138671875
1763688992.6854722,2,2,1,-0.1371860722736849,-0.00896437271085316,0.3596479680190853,-0.0006614586586769671,0.00394814960438238,4.857258028448364e-06,31.67995605468741,-21.600012207031227,-13.939062500000091,18.240014648437523,15.839990234375023,-3.097607421875182,14.879907226562409,60.48000488281241,70.470458984375,-35.04013671875009,-45.59995117187509,-60.40317382812509,-26.879998779296898,13.440014648437455,-10.067138671875
1763688992.8454783,2,2,1,-0.07318629916947433,0.154586330645996,0.4699269530505218,0.0020501907124962125,0.0023087660963273544,-0.0008189868535444378,31.67995605468741,-19.199987792968727,-17.81113281250009,18.240014648437523,15.839990234375023,0.7744628906248181,14.879907226562409,65.28005371093741,74.342529296875,-35.04013671875009,-40.80014648437509,-56.53122558593759,-22.080010986328148,13.440014648437455,-13.939208984375
1763688993.0453866,2,2,1,-0.13076094978938663,0.07836748976516206,0.4330826225860056,0.000736941874161874,0.003165980871385093,-0.0005961392024889572,26.88002929687491,-16.799963378906227,-17.81113281250009,13.439996337890648,18.239984130859398,-10.841748046875182,22.07998046874991,58.07998046874991,66.598388671875,-32.63999023437509,-40.80014648437509,-52.65921630859384,-24.480004882812523,11.039990234374955,-10.067138671875
1763688993.1534603,2,2,1,-0.1312945889905789,0.10942078137389374,0.3844089693111831,0.0011453729154224067,0.002884627874936747,-0.0006145298526485803,26.88002929687491,-19.199987792968727,-17.81113281250009,15.840020751953148,18.239984130859398,-14.713574218750182,17.27993164062491,60.48000488281241,58.8544921875,-35.04013671875009,-38.40000000000009,-56.53122558593759,-22.080010986328148,13.440014648437455,-13.939208984375
1763688993.252656,2,2,1,-0.1221140334420327,0.10321432245706615,0.3828911049866689,0.0009277214568698324,0.0030827537926135084,-0.0005373018369384871,26.88002929687491,-14.399999999999977,-21.68320312500009,13.439996337890648,18.239984130859398,-6.969677734375182,19.67995605468741,55.67995605468741,70.470458984375,-30.24008789062509,-38.40000000000009,-52.65921630859384,-22.080010986328148,11.039990234374955,-10.067138671875
1763688993.4379797,2,2,1,-0.15965474487991288,0.13125413335595998,0.3366838108557674,0.0017948780587062143,0.003974567772291352,-0.0007866254858370115,0,0,0,0,0,0,0,0,0,0,0,0,0,0,0
1763688993.5462134,2,2,1,-0.12859486427162953,0.10572956610277864,0.36403973532068884,0.00043145063160524434,0.003596947964964165,-0.0006244585541087429,24.48000488281241,-16.799963378906227,-21.68320312500009,11.040002441406273,15.839990234375023,-10.841748046875182,19.67995605468741,55.67995605468741,54.982421875,-27.83994140625009,-38.40000000000009,-44.91519775390634,-19.679986572265648,13.440014648437455,-13.939208984375
1763688993.6513007,2,2,1,-0.13162815447707957,0.10735894554491919,0.3330291566489475,0.0011133367446801788,0.0034399518099279807,-0.00039817095374870945,26.88002929687491,-16.799963378906227,-17.81113281250009,15.840020751953148,18.239984130859398,-14.713574218750182,22.07998046874991,53.28005371093741,62.7265625,-30.24008789062509,-36.00009765625009,-56.53122558593759,-24.480004882812523,11.039990234374955,-10.067138671875
1763688994.2488978,2,2,1,-0.14073307423012318,0.123610452216912,0.33446870634204884,0.0014203530784416716,0.003235994299805727,-0.00016319254766299811,22.07998046874991,-19.199987792968727,-25.55502929687509,18.240014648437523,15.839990234375023,-14.713574218750182,17.27993164062491,48.48000488281241,54.982421875,-27.83994140625009,-33.59995117187509,-52.65921630859384,-17.279992675781273,6.2399414062499545,-21.68310546875
1763688994.343594,2,2,1,-0.1492648756304808,0.09949046516877637,0.401701693640039,0.001242432457323405,0.003132961469023793,-0.000215992100449674,22.07998046874991,-19.199987792968727,-21.68320312500009,15.840020751953148,15.839990234375023,-22.457714843750182,17.27993164062491,48.48000488281241,51.1103515625,-27.83994140625009,-31.20004882812509,-52.65921630859384,-19.679986572265648,8.639965820312455,-25.55517578125
1763688994.5493593,2,2,1,-0.12366748281975191,0.10344484760154747,0.3844775328685648,0.0012597882773373878,0.003105157925918532,-0.0007698367875150346,22.07998046874991,-21.600012207031227,-17.81113281250009,15.840020751953148,18.239984130859398,-6.969677734375182,14.879907226562409,48.48000488281241,54.982421875,-20.63999023437509,-28.80014648437509,-48.78720703125009,-22.080010986328148,11.039990234374955,-21.68310546875
1763688994.643973,2,2,1,-0.15728737650069674,0.1023549349637741,0.3841813482998433,0.0010847691656326298,0.0036661039813504696,-0.0003012114315235246,22.07998046874991,-19.199987792968727,-25.55502929687509,13.439996337890648,20.640008544921898,-22.457714843750182,17.27993164062491,46.07998046874991,47.238525390625,-23.04013671875009,-28.80014648437509,-56.53122558593759,-22.080010986328148,11.039990234374955,-25.55517578125
1763688994.7374032,2,2,1,-0.13994189533071225,0.113711523925607,0.3676315904069038,0.0011754782311376886,0.003141810333656159,-0.0004643000957120422,22.07998046874991,-21.600012207031227,-21.68320312500009,13.439996337890648,20.640008544921898,-14.713574218750182,19.67995605468741,46.07998046874991,51.1103515625,-25.44003906250009,-36.00009765625009,-60.40317382812509,-19.679986572265648,11.039990234374955,-17.811279296875
1763688994.8463173,2,2,1,-0.1408225166000206,0.10456998483729084,0.3006973047202909,0.001252835086669343,0.0030493088566154888,-0.0003307202266447525,19.67995605468741,-19.199987792968727,-25.55502929687509,11.040002441406273,23.040002441406273,-22.457714843750182,17.27993164062491,48.48000488281241,47.238525390625,-25.44003906250009,-26.40000000000009,-52.65921630859384,-19.679986572265648,13.440014648437455,-13.939208984375
1763688994.875206,2,2,1,-0.122160847470037,0.10102968561608235,0.5012058602948803,0.0009200265662876591,0.003484628181342094,-0.0014329748463704354,22.07998046874991,-19.199987792968727,-17.81113281250009,11.040002441406273,15.839990234375023,-14.713574218750182,17.27993164062491,48.48000488281241,43.366455078125,-23.04013671875009,-28.80014648437509,-56.53122558593759,-19.679986572265648,11.039990234374955,-17.811279296875
1763688994.9536643,2,2,1,-0.14015831864290001,0.12125325233395791,0.3673983672521103,0.001227913425121873,0.003706847188311621,-0.00062105446373897,17.27993164062491,-21.600012207031227,-25.55502929687509,13.439996337890648,18.239984130859398,-18.585644531250182,14.879907226562409,43.67995605468741,43.366455078125,-20.63999023437509,-31.20004882812509,-52.65921630859384,-19.679986572265648,11.039990234374955,-21.68310546875
1763688995.051963,2,2,1,-0.1386813236725806,0.09197053248151861,0.38232214234857986,0.000660233078255664,0.003505310543023024,-0.0006156839566152407,17.27993164062491,-21.600012207031227,-17.81113281250009,13.439996337890648,18.239984130859398,-18.585644531250182,14.879907226562409,41.28005371093741,47.238525390625,-23.04013671875009,-26.40000000000009,-56.53122558593759,-22.080010986328148,8.639965820312455,-21.68310546875
1763688995.240621,2,2,1,-0.11294525723123,0.09688916253558477,0.3816286442093988,0.0007035292853461292,0.0032843355036280353,-0.0006945461579039311,24.48000488281241,-23.999975585937477,-29.42709960937509,8.640008544921898,18.239984130859398,-18.585644531250182,17.27993164062491,43.67995605468741,43.366455078125,-25.44003906250009,-26.40000000000009,-56.53122558593759,-22.080010986328148,6.2399414062499545,-25.55517578125
1763688995.4463656,2,2,1,-0.14061593205846395,0.13321401646306513,0.38561529584166476,0.001504824443289066,0.003245707219499118,-0.0005363058144898928,19.67995605468741,-16.799963378906227,-25.55502929687509,13.439996337890648,18.239984130859398,-18.585644531250182,17.27993164062491,46.07998046874991,43.366455078125,-23.04013671875009,-26.40000000000009,-56.53122558593759,-22.080010986328148,6.2399414062499545,-17.811279296875
1763688995.5409153,2,2,1,-0.13167811769815682,0.07900027595980719,0.3163775393552439,0.0008693128384031298,0.003072838049831817,-0.0008718672424603707,19.67995605468741,-19.199987792968727,-25.55502929687509,13.439996337890648,18.239984130859398,-22.457714843750182,14.879907226562409,38.88002929687491,39.494384765625,-23.04013671875009,-21.59995117187509,-56.53122558593759,-14.879998779296898,8.639965820312455,-13.939208984375
1763688995.6504247,2,2,1,-0.12864491414882281,0.10479863895806069,0.397712362685807,0.0004267795853808568,0.0037918407999870795,-0.0008468713823730554,22.07998046874991,-19.199987792968727,-25.55502929687509,15.840020751953148,18.239984130859398,-22.457714843750182,14.879907226562409,36.48000488281241,43.366455078125,-25.44003906250009,-21.59995117187509,-52.65921630859384,-17.279992675781273,8.639965820312455,-21.68310546875
1763688995.7481813,2,2,1,-0.1378133003669892,0.08198622362031682,0.4659437199598287,0.00043008685834846163,0.0034163037091004328,-0.00089869418401698,17.27993164062491,-16.799963378906227,-33.29916992187509,15.840020751953148,18.239984130859398,-22.457714843750182,17.27993164062491,43.67995605468741,39.494384765625,-20.63999023437509,-26.40000000000009,-56.53122558593759,-22.080010986328148,3.8400390624999545,-21.68310546875
1763688995.8398554,2,2,1,-0.11098178794866544,0.12777266791205383,0.4149118260210394,0.0006391121617047029,0.002885739947283878,-0.0004512056628884662,0,0,0,0,0,0,0,0,0,0,0,0,0,0,0
1763688995.9495492,2,2,1,-0.11174293645594492,0.13540157888866125,0.5505223908107664,0.0008910207467244446,0.003386975434240542,-0.0010276738024835455,22.07998046874991,-16.799963378906227,-25.55502929687509,15.840020751953148,15.839990234375023,-18.585644531250182,17.27993164062491,36.48000488281241,43.366455078125,-23.04013671875009,-24.00009765625009,-52.65921630859384,-17.279992675781273,6.2399414062499545,-17.811279296875
1763688996.044323,2,2,1,-0.15600234087841708,0.07243075004170021,0.3316049601717613,0.000489501229628468,0.0036456501133007536,-0.00031997605811620524,19.67995605468741,-21.600012207031227,-29.42709960937509,15.840020751953148,15.839990234375023,-18.585644531250182,17.27993164062491,41.28005371093741,47.238525390625,-20.63999023437509,-21.59995117187509,-52.65921630859384,-19.679986572265648,6.2399414062499545,-21.68310546875
1763688996.1381302,2,2,1,-0.1649633239489283,0.09726951328751417,0.46832242024477716,0.0008910465100160354,0.0036514754900806965,-0.0006624264259270429,0,0,0,0,0,0,0,0,0,0,0,0,0,0,0
1763688996.2502322,2,2,1,-0.12160270517534927,0.12605977896249185,0.4009524681379909,0.0011300769986254172,0.0023277854241720713,-0.0003757797370661606,19.67995605468741,-23.999975585937477,-29.42709960937509,13.439996337890648,20.640008544921898,-22.457714843750182,14.879907226562409,41.28005371093741,39.494384765625,-20.63999023437509,-26.40000000000009,-56.53122558593759,-17.279992675781273,3.8400390624999545,-25.55517578125
1763688996.3439054,2,2,1,-0.13183970420122085,0.13864553916214464,0.4532838607137989,0.001565731205256738,0.0029947818869979553,-0.0008251765018138232,22.07998046874991,-19.199987792968727,-29.42709960937509,11.040002441406273,20.640008544921898,-26.329541015625182,17.27993164062491,41.28005371093741,39.494384765625,-20.63999023437509,-24.00009765625009,-60.40317382812509,-19.679986572265648,3.8400390624999545,-21.68310546875
1763688996.6405323,2,2,1,-0.13855240215742212,0.10169279771928502,0.43321332832287274,0.0007512451557728892,0.0035115676694060516,-0.0007543248869245803,19.67995605468741,-19.199987792968727,-25.55502929687509,15.840020751953148,23.040002441406273,-22.457714843750182,14.879907226562409,41.28005371093741,43.366455078125,-23.04013671875009,-21.59995117187509,-48.78720703125009,-17.279992675781273,8.639965820312455,-25.55517578125
1763688996.842732,2,2,1,-0.12318428348572978,0.10059820409326445,0.39985491699732006,0.001067571088315077,0.003755359137105607,-0.0007647918430246092,19.67995605468741,-19.199987792968727,-33.29916992187509,11.040002441406273,15.839990234375023,-26.329541015625182,19.67995605468741,38.88002929687491,43.366455078125,-23.04013671875009,-21.59995117187509,-52.65921630859384,-22.080010986328148,6.2399414062499545,-25.55517578125
1763688996.8562229,2,2,1,-0.12388433475609195,0.0628418537806281,0.4676450945460273,0.0009450899214177336,0.0033112752960891487,-0.0010506162998875478,17.27993164062491,-19.199987792968727,-29.42709960937509,13.439996337890648,18.239984130859398,-18.585644531250182,19.67995605468741,34.07998046874991,35.62255859375,-23.04013671875009,-19.20004882812509,-48.78720703125009,-22.080010986328148,8.639965820312455,-25.55517578125
1763688997.0455005,2,2,1,-0.11258610582119112,0.10806511899350575,0.46660276960846425,0.0008202592852945307,0.0029180728109090733,-0.0008211114630628519,17.27993164062491,-21.600012207031227,-33.29916992187509,8.640008544921898,23.040002441406273,-22.457714843750182,19.67995605468741,38.88002929687491,43.366455078125,-23.04013671875009,-19.20004882812509,-56.53122558593759,-17.279992675781273,6.2399414062499545,-29.42724609375
1763688997.139662,2,2,1,-0.11573451097354245,0.10896765282779336,0.4185507212148736,0.0014892864370963834,0.00294733656539163,-0.0006008616751951123,19.67995605468741,-21.600012207031227,-29.42709960937509,11.040002441406273,18.239984130859398,-26.329541015625182,19.67995605468741,38.88002929687491,39.494384765625,-18.24008789062509,-19.20004882812509,-48.78720703125009,-14.879998779296898,3.8400390624999545,-25.55517578125
1763688997.2472558,2,2,1,-0.17494765635793313,0.0942490525859675,0.4533646923765268,0.001200783452450255,0.0033660252272529455,-0.0005879772515706349,17.27993164062491,-21.600012207031227,-29.42709960937509,15.840020751953148,18.239984130859398,-26.329541015625182,12.480004882812409,41.28005371093741,35.62255859375,-18.24008789062509,-16.80014648437509,-56.53122558593759,-19.679986572265648,6.2399414062499545,-21.68310546875
1763688997.341653,2,2,1,-0.11245869625530029,0.12962764535386812,0.34966380626612875,0.0009674396487656953,0.002525269997384148,-0.0007078596303271758,19.67995605468741,-19.199987792968727,-29.42709960937509,13.439996337890648,18.239984130859398,-26.329541015625182,12.480004882812409,38.88002929687491,43.366455078125,-18.24008789062509,-21.59995117187509,-52.65921630859384,-19.679986572265648,3.8400390624999545,-25.55517578125
1763688997.4494586,2,2,1,-0.12304509458169312,0.1222794314479265,0.28266055015464153,0.0012212921646001114,0.0033591005302381523,-0.0004170676736768717,19.67995605468741,-19.199987792968727,-29.42709960937509,13.439996337890648,20.640008544921898,-18.585644531250182,14.879907226562409,43.67995605468741,43.366455078125,-20.63999023437509,-24.00009765625009,-60.40317382812509,-19.679986572265648,8.639965820312455,-21.68310546875
1763688997.5402782,2,2,1,-0.11347889642737542,0.12794245413696997,0.3329549909304426,0.0011119603265060721,0.003002982507116431,-0.0007129368081902213,29.27993164062491,-19.199987792968727,-17.81113281250009,15.840020751953148,23.040002441406273,-14.713574218750182,17.27993164062491,50.88002929687491,51.1103515625,-32.63999023437509,-31.20004882812509,-56.53122558593759,-19.679986572265648,13.440014648437455,-13.939208984375
1763688997.6502972,2,2,1,-0.1888537090984072,0.05278391155117235,0.2982263337464009,-3.6578365006518284e-05,0.003742281299012545,-0.0009577283632491674,29.27993164062491,-16.799963378906227,-17.81113281250009,15.840020751953148,25.439996337890648,-6.969677734375182,14.879907226562409,62.88002929687491,51.1103515625,-35.04013671875009,-43.20004882812509,-52.65921630859384,-22.080010986328148,8.639965820312455,-10.067138671875
1763688997.7090385,2,2,1,-0.1790373873251149,0.0262627339120462,0.3121419878166715,-0.0005817063694066168,0.004027947372084722,-0.0007964351204748827,36.48000488281241,-16.799963378906227,-17.81113281250009,23.040002441406273,18.239984130859398,-3.097607421875182,14.879907226562409,72.48000488281241,70.470458984375,-42.24008789062509,-55.20004882812509,-56.53122558593759,-24.480004882812523,13.440014648437455,-6.195068359375
1763688998.053889,2,2,1,-0.032467496734032444,0.06425765817721259,0.2330900046892173,0.001583434650297788,0.001199806681722205,-0.0012890692430770271,36.48000488281241,-21.600012207031227,-2.323095703125091,8.640008544921898,15.839990234375023,4.646289062499818,14.879907226562409,84.48000488281241,97.574462890625,-44.63999023437509,-74.40000000000009,-56.53122558593759,-29.279992675781273,20.639965820312455,-2.3232421875
1763688998.539307,2,2,1,-0.10269212826559654,0.11363076498375876,-0.4370366066873349,0.0019564808167465636,0.002178676861801683,-0.00043600928767975253,48.48000488281241,-4.799963378906227,13.164941406249909,-0.9599975585937273,23.040002441406273,47.23833007812482,7.679956054687409,127.67995605468741,136.29443359375,-71.04013671875009,-146.4000000000001,-56.53122558593759,-26.879998779296898,32.639965820312455,13.164794921875
1763688998.6427794,2,2,1,-0.11217820747803717,0.18391094937092384,-0.5025999070425583,0.0026655358862221453,0.0032798284321975215,-0.00046221074679627847,50.88002929687491,-4.799963378906227,13.164941406249909,1.4399963378906477,32.6400085449219,47.23833007812482,2.879907226562409,139.6799560546874,136.29443359375,-75.83994140625009,-153.5999511718751,-60.40317382812509,-29.279992675781273,32.639965820312455,13.164794921875
1763688998.7522454,2,2,1,-0.115904385879429,0.11786958647340154,-0.5765107171510045,0.004795842368142519,0.0020456837266269986,-0.0007082977464089819,0,0,0,0,0,0,0,0,0,0,0,0,0,0,0
1763688998.8452256,2,2,1,-0.08760528596896791,0.14270879383317567,-0.7723605079070973,0.002426366744411314,0.0023877339302979077,-0.0005563302506039685,70.07998046874991,2.3999877929687727,28.65273437499991,8.640008544921898,37.43999633789065,62.72636718749982,0.48000488281240905,158.8800292968749,155.654541015625,-85.44003906250009,-172.8001464843751,-64.27518310546884,-31.679986572265648,35.039990234374955,28.65283203125
1763688998.9386137,2,2,1,-0.03529822294062281,0.0912299874682894,-1.0441899923294813,0.0018000973059862707,0.00011873075781877566,5.120406424718836e-05,74.88002929687491,2.3999877929687727,28.65273437499991,8.640008544921898,37.43999633789065,66.59843749999982,0.48000488281240905,163.6799560546874,159.5263671875,-92.63999023437509,-194.4000000000001,-72.01920166015634,-31.679986572265648,42.239941406249955,32.52490234375
1763688999.047187,2,2,1,-0.045595803215776734,0.1569022694285662,-0.9890536658281507,0.002848407761121504,-5.915710087102703e-05,-0.00024300174093199215,84.48000488281241,7.200036621093773,36.39687499999991,11.040002441406273,42.2399841308594,82.08623046874982,-1.920019531250091,185.2800537109374,163.3984375,-97.44003906250009,-211.2000488281251,-79.76322021484384,-29.279992675781273,39.840039062499955,48.0126953125
1763688999.142165,2,2,1,0.014137519120764115,0.13114962396305652,-1.203145895325077,0.0005744343147916367,0.0004857121843838937,0.000219915109278073,89.27993164062491,14.399987792968773,36.39687499999991,11.040002441406273,44.6400085449219,82.08623046874982,-1.920019531250091,199.6800781249999,186.63037109375,-107.04013671875009,-220.8001464843751,-83.63522949218759,-26.879998779296898,39.840039062499955,44.140869140625
1763688999.204697,2,2,1,0.05857106938717609,0.07631874032679097,-0.9874523973706549,-0.0001556936053812661,-4.627288321541441e-05,-0.0007181352837417957,98.88002929687491,14.399987792968773,44.14077148437491,11.040002441406273,54.2399841308594,89.83012695312482,-4.320043945312591,202.0799804687499,182.758544921875,-109.44003906250009,-235.2000488281251,-79.76322021484384,-29.279992675781273,44.639965820312455,48.0126953125
1763688999.2963493,2,2,1,0.018626914521968196,0.15341693798468703,-1.3195954193927921,8.081670057299203e-05,-0.00276239580894914,0.0002516386670782605,103.67995605468741,16.800012207031273,48.01284179687491,18.240014648437523,59.04000244140627,105.31840820312482,-9.120092773437591,221.2799316406249,190.50244140625,-121.44003906250009,-256.8001464843751,-95.25119628906259,-26.879998779296898,44.639965820312455,55.7568359375
1763688999.4049356,2,2,1,-0.011138301831930878,0.04044118651357079,-1.5316391357805572,-0.002468111379052499,0.0005525022157634014,-0.0006062409131366299,113.27993164062491,21.600000000000023,55.75673828124991,13.439996337890648,59.04000244140627,113.06254882812482,-6.720068359375091,233.2799316406249,202.118408203125,-126.24008789062509,-271.2000488281251,-95.25119628906259,-34.08001098632815,47.039990234374955,63.500732421875
1763688999.5467355,2,2,1,-0.014911384520938539,0.016629548961896445,-1.9406677987207566,-0.003945028745844139,0.00023047008753393928,-0.00013130995329864253,122.88002929687491,28.800012207031273,55.75673828124991,20.640008544921898,66.2399841308594,120.80620117187482,-11.519995117187591,259.6800781249999,213.734375,-135.8399414062501,-297.5999511718751,-106.86722412109384,-29.279992675781273,47.039990234374955,67.372802734375
1763688999.6406083,2,2,1,0.05382057782784788,0.08949706016963314,-2.0544093864229707,-0.003001498383381474,-0.003559922842981971,5.91089822931262e-05,130.0799804687499,36.00002441406252,51.88491210937491,25.439996337890648,73.43999633789065,128.55034179687482,-13.920019531250091,264.4801269531249,225.350341796875,-150.2400878906251,-316.8001464843751,-110.73917236328134,-26.879998779296898,54.239941406249955,71.244873046875
1763688999.6856697,2,2,1,0.06105522242752025,0.06785006655235017,-2.035734041695705,-0.0028413369528714327,-0.004353906425899273,-0.0004791077781787987,137.2799316406249,38.40004882812502,55.75673828124991,20.640008544921898,80.6400085449219,128.55034179687482,-13.920019531250091,276.4801269531249,229.222412109375,-157.4400390625001,-333.5999511718751,-118.48319091796884,-24.480004882812523,49.440014648437455,75.11669921875
1763688999.8438063,2,2,1,-0.010092263730271077,-0.01734720605094192,-2.5547011548369225,-0.007233386824153962,-0.0030151334044299528,-0.00036278746985741377,151.6799560546874,45.60000000000002,67.37294921874991,25.439996337890648,83.04000244140627,147.91020507812482,-18.72006835937509,300.4801269531249,248.58251953125,-169.4400390625001,-364.8001464843751,-118.48319091796884,-26.879998779296898,51.840039062499955,90.604736328125
1763688999.9389133,2,2,1,0.09112557681488986,-0.03960773730350346,-2.977020456499998,-0.007162154990842723,-0.00543251292355388,-4.337567191825683e-05,156.4800048828124,45.60000000000002,71.24477539062491,25.439996337890648,95.04000244140627,155.65434570312482,-18.72006835937509,310.0799804687499,252.454345703125,-171.8399414062501,-384.0000976562501,-137.84317626953134,-26.879998779296898,54.239941406249955,82.86083984375
1763688999.9818377,2,2,1,0.08260749534142822,-0.027304562373602306,-2.8256135080160236,-0.007022569610690169,-0.004781022119662625,1.0429494227103095e-05,154.0799804687499,52.80007324218752,67.37294921874991,25.439996337890648,97.43999633789065,167.27055664062482,-21.12009277343759,322.0799804687499,260.198486328125,-181.4400390625001,-391.2000488281251,-137.84317626953134,-29.279992675781273,54.239941406249955,82.86083984375
1763689000.1407044,2,2,1,-0.003443677127235513,-0.10655070806813702,-3.4685678000458777,-0.012272407931982822,-6.902653491950303e-05,0.00023538212873862736,170.8800292968749,60.00002441406252,71.24477539062491,30.240014648437523,116.6400085449219,175.01420898437482,-21.12009277343759,336.4801269531249,271.814453125,-200.6399902343751,-422.4000000000001,-149.4592041015626,-24.480004882812523,59.039990234374955,94.476806640625
1763689000.2547576,2,2,1,-0.05058833868246301,-0.14026416552128668,-3.826402996106283,-0.013848647861556516,0.0011210512667191737,0.00010415208660306986,182.8800292968749,60.00002441406252,71.24477539062491,30.240014648437523,121.43999633789065,186.63041992187482,-28.32004394531259,360.4801269531249,287.302490234375,-205.4400390625001,-446.4000000000001,-161.0751708984376,-24.480004882812523,51.840039062499955,102.220703125
1763689000.4400218,2,2,1,-0.014890679589591001,-0.12657104886042642,-3.759350273385185,-0.013871435568606576,-0.00020971434665773307,-3.0052983915254856e-05,185.2799316406249,60.00002441406252,75.11684570312491,27.840020751953148,114.2399841308594,186.63041992187482,-30.72006835937509,355.6800781249999,275.6865234375,-205.4400390625001,-448.8001464843751,-161.0751708984376,-24.480004882812523,56.639965820312455,98.348876953125
1763689000.5492065,2,2,1,-0.04107016269767689,-0.13967107061233625,-3.6396212341209804,-0.013780552529790286,-0.00043131760758797,-0.00022018799768154095,180.4800048828124,62.40004882812502,71.24477539062491,30.240014648437523,116.6400085449219,178.88627929687482,-23.51999511718759,353.2799316406249,275.6865234375,-203.0401367187501,-441.5999511718751,-161.0751708984376,-26.879998779296898,61.440014648437455,94.476806640625
1763689000.9528515,2,2,1,0.021814969020375816,-0.0834611651394191,-3.430906889754146,-0.011730039499866677,-0.002327452036557198,-0.00045510163394720145,178.0799804687499,60.00002441406252,75.11684570312491,27.840020751953148,111.83999023437502,178.88627929687482,-23.51999511718759,353.2799316406249,271.814453125,-200.6399902343751,-446.4000000000001,-153.33121337890634,-29.279992675781273,59.039990234374955,98.348876953125
1763689001.3417926,2,2,1,0.07810178571545098,-0.1099120448743619,-3.259113965666898,-0.01086675508388495,-0.0046400313007397675,-0.0007793673306689636,175.6799560546874,55.19997558593752,75.11684570312491,27.840020751953148,114.2399841308594,182.75834960937482,-30.72006835937509,360.4801269531249,275.6865234375,-198.2400878906251,-444.0000976562501,-157.2032226562501,-26.879998779296898,59.039990234374955,102.220703125
1763689001.4527037,2,2,1,0.04170696042974094,-0.0692110678102582,-3.322363385516508,-0.01005008324552119,-0.0044266542581491465,-0.0004889945475851968,180.4800048828124,60.00002441406252,75.11684570312491,25.439996337890648,114.2399841308594,175.01420898437482,-25.92001953125009,350.8800292968749,279.558349609375,-200.6399902343751,-439.2000488281251,-149.4592041015626,-29.279992675781273,59.039990234374955,90.604736328125
1763689001.5470705,2,2,1,0.043119622176583036,-0.05185481658792526,-3.3242613513513604,-0.010240349989674666,-0.003889853135094279,-0.00010100754355448573,180.4800048828124,55.19997558593752,75.11684570312491,23.040002441406273,109.43999633789065,175.01420898437482,-25.92001953125009,353.2799316406249,279.558349609375,-200.6399902343751,-446.4000000000001,-157.2032226562501,-26.879998779296898,59.039990234374955,98.348876953125
1763689001.6390083,2,2,1,0.07095748890842021,-0.07764517915049263,-3.310774041763612,-0.010952502736158404,-0.004036404770290451,-0.0004099483276245017,180.4800048828124,57.60000000000002,78.98891601562491,27.840020751953148,109.43999633789065,178.88627929687482,-23.51999511718759,355.6800781249999,283.430419921875,-198.2400878906251,-444.0000976562501,-153.33121337890634,-29.279992675781273,59.039990234374955,98.348876953125
1763689001.6851833,2,2,1,0.0687409634947744,-0.07680060741617072,-3.2750274226940053,-0.010430797635670196,-0.0040985236405309145,-0.00039497468130497205,180.4800048828124,62.40004882812502,78.98891601562491,23.040002441406273,111.83999023437502,182.75834960937482,-28.32004394531259,355.6800781249999,279.558349609375,-198.2400878906251,-444.0000976562501,-149.4592041015626,-29.279992675781273,59.039990234374955,94.476806640625
1763689001.8408628,2,2,1,0.07113443287249907,-0.07586870518612156,-3.3276606032941225,-0.010928432021302264,-0.004421013305498114,5.297464762100057e-05,0,0,0,0,0,0,0,0,0,0,0,0,0,0,0
1763689001.9520311,2,2,1,0.05077119223153887,-0.06601394380374258,-3.3914597275886766,-0.010205957420219264,-0.004053277162184388,-0.00012369524518358567,175.6799560546874,57.60000000000002,78.98891601562491,25.439996337890648,114.2399841308594,178.88627929687482,-23.51999511718759,350.8800292968749,279.558349609375,-200.6399902343751,-446.4000000000001,-149.4592041015626,-29.279992675781273,59.039990234374955,98.348876953125
1763689002.047868,2,2,1,0.05862801276198961,-0.09125316611089163,-3.2235831946991618,-0.010193604800574421,-0.004002179806415294,-0.00013966823972169184,178.0799804687499,57.60000000000002,75.11684570312491,25.439996337890648,111.83999023437502,178.88627929687482,-21.12009277343759,358.0799804687499,275.6865234375,-198.2400878906251,-441.5999511718751,-157.2032226562501,-26.879998779296898,56.639965820312455,98.348876953125
1763689002.2484004,2,2,1,0.06606643471837817,-0.034857696219606715,-3.288032771436415,-0.009411296627603573,-0.004447827099634378,-8.618526245534399e-05,173.2799316406249,60.00002441406252,75.11684570312491,25.439996337890648,104.6400085449219,175.01420898437482,-23.51999511718759,353.2799316406249,279.558349609375,-198.2400878906251,-441.5999511718751,-153.33121337890634,-26.879998779296898,56.639965820312455,94.476806640625
1763689002.341724,2,2,1,0.057469568145957245,-0.05877360169840373,-3.271513881353094,-0.009597405163711551,-0.004559492853048028,7.739019874375782e-05,0,0,0,0,0,0,0,0,0,0,0,0,0,0,0
1763689002.6398454,2,2,1,0.07482834049848527,-0.059138572899003095,-3.120488893506202,-0.009556323651292668,-0.0046881823454426675,-0.00010311889177241212,178.0799804687499,60.00002441406252,71.24477539062491,25.439996337890648,107.04000244140627,175.01420898437482,-21.12009277343759,353.2799316406249,283.430419921875,-195.8399414062501,-441.5999511718751,-149.4592041015626,-29.279992675781273,63.840039062499955,98.348876953125
1763689002.748867,2,2,1,0.04198551595405284,-0.07741300061570572,-3.238765052416144,-0.010072838710049246,-0.004801988516679191,0.00016686131997021214,175.6799560546874,57.60000000000002,67.37294921874991,30.240014648437523,111.83999023437502,178.88627929687482,-23.51999511718759,353.2799316406249,275.6865234375,-195.8399414062501,-441.5999511718751,-149.4592041015626,-26.879998779296898,61.440014648437455,102.220703125
1763689002.9513988,2,2,1,0.09255894903029907,-0.05662948225527844,-2.95150131737315,-0.009485075643311814,-0.005563632812260633,-0.0005120463891581356,170.8800292968749,55.19997558593752,71.24477539062491,30.240014648437523,104.6400085449219,175.01420898437482,-18.72006835937509,341.2799316406249,264.070556640625,-186.2400878906251,-422.4000000000001,-145.58719482421884,-26.879998779296898,56.639965820312455,94.476806640625
1763689003.0437248,2,2,1,0.06812008485734847,-0.044496172285637445,-2.775645057174941,-0.007655605265344875,-0.005494318707626326,-0.00036396687805052017,0,0,0,0,0,0,0,0,0,0,0,0,0,0,0
1763689003.253145,2,2,1,0.1251275329658501,0.02155102702341138,-2.0527703874508365,-0.0036759159476391565,-0.009496311746812588,-0.0006426282438980038,149.2799316406249,38.40004882812502,67.37294921874991,23.040002441406273,83.04000244140627,151.78227539062482,-16.32004394531259,302.8800292968749,240.83837890625,-159.8399414062501,-367.2000488281251,-114.61118164062509,-31.679986572265648,51.840039062499955,82.86083984375
1763689003.3560688,2,2,1,0.13300976602382641,0.060281410355227875,-1.7506510523872052,-0.0031001637570645998,-0.008132139965085421,-6.624072271697173e-05,137.2799316406249,33.60000000000002,55.75673828124991,23.040002441406273,71.04000244140627,136.29448242187482,-13.920019531250091,288.4801269531249,236.966552734375,-143.0401367187501,-336.0000976562501,-110.73917236328134,-26.879998779296898,47.039990234374955,75.11669921875
1763689003.4542732,2,2,1,0.09452505829552463,0.015979114580773966,-1.4286895115344427,-0.002550204088408466,-0.00652521749391864,-0.00025709471499183514,0,0,0,0,0,0,0,0,0,0,0,0,0,0,0
1763689003.7466428,2,2,1,0.0982178418121874,0.15094577702878526,-0.46738146471942865,0.002353064694844228,-0.007598986584964971,-0.0009989372134814583,84.48000488281241,7.200036621093773,44.14077148437491,13.439996337890648,32.6400085449219,70.47026367187482,7.679956054687409,194.8800292968749,178.886474609375,-90.24008789062509,-216.0000976562501,-75.89121093750009,-34.08001098632815,35.039990234374955,44.140869140625
1763689004.6435077,2,2,1,-0.16991672739743327,0.11499929125941616,0.24008119274137585,0.0021447520722404534,0.0021002927476528473,-0.0011312646636732298,48.48000488281241,-16.799963378906227,9.292871093749909,13.439996337890648,15.839990234375023,20.134326171874818,14.879907226562409,118.07998046874991,113.0625,-63.83994140625009,-103.20004882812509,-52.65921630859384,-34.08001098632815,30.239941406249955,5.4208984375
1763689004.752838,2,2,1,-0.08629245888939477,0.12573418648921109,0.32343111211049624,0.002781191565190603,0.0013025917459288626,-0.0010221031965335756,50.88002929687491,-16.799963378906227,1.548730468749909,13.439996337890648,18.239984130859398,20.134326171874818,12.480004882812409,108.48000488281241,116.934326171875,-59.04013671875009,-96.00009765625009,-56.53122558593759,-34.08001098632815,23.039990234374955,9.292724609375
1763689004.8460593,2,2,1,-0.15175866164357452,0.07097879920371522,0.3540627418984406,0.0014729039171142092,0.0028951789881059456,-0.001402266887489632,46.07998046874991,-16.799963378906227,5.420800781249909,15.840020751953148,15.839990234375023,12.390429687499818,14.879907226562409,103.67995605468741,105.318359375,-56.63999023437509,-93.59995117187509,-64.27518310546884,-29.279992675781273,25.440014648437455,1.548828125
1763689005.049355,2,2,1,-0.14469259112940241,0.10378322745486082,0.40537560540260925,0.0020972649094007922,0.003399379781004362,-0.00099310718779789,43.67995605468741,-26.399999999999977,-6.195166015625091,15.840020751953148,20.640008544921898,20.134326171874818,10.079980468749909,96.48000488281241,97.574462890625,-54.24008789062509,-84.00009765625009,-60.40317382812509,-31.679986572265648,20.639965820312455,9.292724609375
1763689005.144621,2,2,1,-0.14748111021882243,0.08630160778987742,0.31516438456312346,0.0005862448905500427,0.00376314746204746,-0.000795757942772388,41.27993164062491,-16.799963378906227,-2.323095703125091,13.439996337890648,18.239984130859398,12.390429687499818,14.879907226562409,94.07998046874991,101.446533203125,-49.44003906250009,-76.80014648437509,-48.78720703125009,-31.679986572265648,25.440014648437455,5.4208984375
1763689005.2342024,2,2,1,-0.15756515241622152,0.052281717456108115,0.4345208078829295,0.0006657548413364024,0.003693527489692163,-0.0013752015483021929,46.07998046874991,-19.199987792968727,-2.323095703125091,11.040002441406273,20.640008544921898,4.646289062499818,14.879907226562409,94.07998046874991,97.574462890625,-51.83994140625009,-76.80014648437509,-56.53122558593759,-26.879998779296898,18.239941406249955,1.548828125
1763689005.348049,2,2,1,-0.07794855493097273,0.0942622434410666,0.5145181032580926,0.000540878817019393,0.0034736450675552115,-0.0013513432035892007,46.07998046874991,-19.199987792968727,1.548730468749909,18.240014648437523,18.239984130859398,8.518359374999818,17.27993164062491,89.28005371093741,97.574462890625,-47.04013671875009,-69.59995117187509,-56.53122558593759,-29.279992675781273,20.639965820312455,1.548828125
1763689005.5486555,2,2,1,-0.2080931976318259,0.09064991859865577,0.4360502822918404,0.0008055146334183937,0.004399558626908073,-0.0010642558070694862,38.88002929687491,-26.399999999999977,-10.067236328125091,15.840020751953148,18.239984130859398,8.518359374999818,12.480004882812409,89.28005371093741,93.702392578125,-42.24008789062509,-57.59995117187509,-64.27518310546884,-24.480004882812523,18.239941406249955,1.548828125
1763689005.8473449,2,2,1,-0.08798608646405146,0.06413682281846092,0.3982666301103443,0.0006096156977361176,0.002614099491087867,-0.0010773301372190875,34.07998046874991,-21.600012207031227,-6.195166015625091,13.439996337890648,20.640008544921898,-3.097607421875182,14.879907226562409,74.88002929687491,89.83056640625,-42.24008789062509,-57.59995117187509,-52.65921630859384,-26.879998779296898,15.840039062499955,-2.3232421875
1763689006.0477295,2,2,1,-0.15539712581931012,0.10293253596508334,0.5186168610666574,0.0007817146716366215,0.0032953574669983016,-0.000958295560599324,36.48000488281241,-16.799963378906227,-2.323095703125091,15.840020751953148,18.239984130859398,0.7744628906248181,14.879907226562409,74.88002929687491,82.08642578125,-39.83994140625009,-55.20004882812509,-56.53122558593759,-29.279992675781273,15.840039062499955,-6.195068359375
1763689006.1417334,2,2,1,-0.1436707537379954,0.1434827125674626,0.3892206440604781,0.002245241533931226,0.0032915954806501807,-0.001158113967339087,34.07998046874991,-19.199987792968727,-2.323095703125091,13.439996337890648,18.239984130859398,0.7744628906248181,22.07998046874991,72.48000488281241,78.21435546875,-39.83994140625009,-55.20004882812509,-60.40317382812509,-26.879998779296898,18.239941406249955,-13.939208984375
1763689006.1852596,2,2,1,-0.13929029534028284,0.11126894349773207,0.4510199448440798,0.000997767205475487,0.0036178403544065516,-0.0009040646910582935,41.27993164062491,-19.199987792968727,-13.939062500000091,18.240014648437523,15.839990234375023,4.646289062499818,14.879907226562409,77.28005371093741,82.08642578125,-39.83994140625009,-52.80014648437509,-56.53122558593759,-24.480004882812523,13.440014648437455,-6.195068359375
1763689006.344564,2,2,1,-0.13095006328839298,0.10560989025155883,0.38325569081215033,0.0009272153394123547,0.00372800058245058,-0.0010844673942931166,31.67995605468741,-19.199987792968727,-13.939062500000091,18.240014648437523,20.640008544921898,-6.969677734375182,17.27993164062491,74.88002929687491,78.21435546875,-37.44003906250009,-50.40000000000009,-64.27518310546884,-26.879998779296898,13.440014648437455,-6.195068359375
1763689006.3740356,2,2,1,-0.14020715992066235,0.11019189689187756,0.4516080027438214,0.0011486061313898028,0.003912748748021419,-0.0011375763932397573,31.67995605468741,-23.999975585937477,-6.195166015625091,8.640008544921898,18.239984130859398,-3.097607421875182,14.879907226562409,72.48000488281241,78.21435546875,-37.44003906250009,-52.80014648437509,-60.40317382812509,-26.879998779296898,15.840039062499955,-2.3232421875
1763689006.4538634,2,2,1,-0.13172786423612914,0.0763595159824137,0.46734330783377853,0.0008831097535621103,0.003655782099895817,-0.0010520637329110034,34.07998046874991,-21.600012207031227,-13.939062500000091,13.439996337890648,18.239984130859398,-3.097607421875182,19.67995605468741,70.07998046874991,74.342529296875,-39.83994140625009,-50.40000000000009,-60.40317382812509,-22.080010986328148,13.440014648437455,-6.195068359375
1763689006.5477202,2,2,1,-0.11373522751831158,0.09665766253886368,0.3990027682844788,0.0008737678854358155,0.0033895281943708234,-0.0006875477106251069,34.07998046874991,-14.399999999999977,-6.195166015625091,15.840020751953148,18.239984130859398,-3.097607421875182,12.480004882812409,67.67995605468741,70.470458984375,-42.24008789062509,-48.00009765625009,-56.53122558593759,-22.080010986328148,15.840039062499955,-13.939208984375
1763689006.7486384,2,2,1,-0.14875233927942785,0.12522121236776035,0.4015904889473286,0.0012596659430897368,0.0039761183660169475,-0.000921672059268089,31.67995605468741,-19.199987792968727,-17.81113281250009,15.840020751953148,18.239984130859398,-3.097607421875182,14.879907226562409,62.88002929687491,74.342529296875,-35.04013671875009,-43.20004882812509,-56.53122558593759,-24.480004882812523,15.840039062499955,-2.3232421875
1763689007.0430949,2,2,1,-0.14768290783174542,0.10883018378520568,0.4010585652864652,0.00097356766062196,0.0031185489167547516,-0.0006091400744395113,29.27993164062491,-21.600012207031227,-13.939062500000091,15.840020751953148,18.239984130859398,-10.841748046875182,14.879907226562409,60.48000488281241,62.7265625,-37.44003906250009,-45.59995117187509,-56.53122558593759,-22.080010986328148,13.440014648437455,-6.195068359375
1763689007.1515088,2,2,1,-0.12126883684840309,0.1394275009849389,0.5009158459764637,0.0010700953219482379,0.003747629245077011,-0.0011230152560660555,29.27993164062491,-16.799963378906227,-21.68320312500009,13.439996337890648,15.839990234375023,-6.969677734375182,14.879907226562409,65.28005371093741,66.598388671875,-35.04013671875009,-45.59995117187509,-52.65921630859384,-22.080010986328148,11.039990234374955,-6.195068359375
1763689007.3527594,2,2,1,-0.12227880826358066,0.07241897442522525,0.4664911591310859,0.0006893065507033822,0.003289951157066662,-0.0009748196004594391,24.48000488281241,-21.600012207031227,-17.81113281250009,13.439996337890648,23.040002441406273,-10.841748046875182,14.879907226562409,62.88002929687491,66.598388671875,-30.24008789062509,-45.59995117187509,-56.53122558593759,-22.080010986328148,13.440014648437455,-13.939208984375
1763689007.4286387,2,2,1,-0.12043899742729852,0.10120322353617364,0.5676304027740906,0.000602465908713335,0.0032880528575095058,-0.0016452494359742611,31.67995605468741,-19.199987792968727,-21.68320312500009,13.439996337890648,20.640008544921898,-14.713574218750182,17.27993164062491,60.48000488281241,66.598388671875,-32.63999023437509,-38.40000000000009,-56.53122558593759,-24.480004882812523,13.440014648437455,-13.939208984375
1763689007.5525124,2,2,1,-0.15481007564146393,0.12141101684080555,0.41756608893268876,0.0007235964207217504,0.0035596674520195224,-0.001308943457145246,29.27993164062491,-16.799963378906227,-17.81113281250009,11.040002441406273,20.640008544921898,-6.969677734375182,14.879907226562409,60.48000488281241,66.598388671875,-27.83994140625009,-43.20004882812509,-52.65921630859384,-24.480004882812523,11.039990234374955,-10.067138671875
1763689007.628161,2,2,1,-0.11433151455017843,0.10765417906142619,0.4006890342437104,0.0011247385166952833,0.0031215597216278515,-0.0010777815473805585,29.27993164062491,-16.799963378906227,-10.067236328125091,15.840020751953148,20.640008544921898,-10.841748046875182,12.480004882812409,60.48000488281241,62.7265625,-30.24008789062509,-45.59995117187509,-56.53122558593759,-22.080010986328148,8.639965820312455,-10.067138671875
1763689007.7572548,2,2,1,-0.156700754922007,0.07268869362332997,0.3665313610337254,0.0006595173649322282,0.0035714944815434463,-0.0007758844716317688,26.88002929687491,-16.799963378906227,-17.81113281250009,13.439996337890648,18.239984130859398,-10.841748046875182,14.879907226562409,53.28005371093741,58.8544921875,-32.63999023437509,-38.40000000000009,-52.65921630859384,-24.480004882812523,6.2399414062499545,-13.939208984375
1763689007.9545653,2,2,1,-0.1303142970944332,0.08529517154494348,0.3986892091937001,0.0005997387937337361,0.0038155407381885117,-0.001000402167123032,29.27993164062491,-19.199987792968727,-17.81113281250009,13.439996337890648,15.839990234375023,-14.713574218750182,14.879907226562409,55.67995605468741,58.8544921875,-30.24008789062509,-36.00009765625009,-56.53122558593759,-22.080010986328148,11.039990234374955,-21.68310546875
1763689008.0481076,2,2,1,-0.14844526498613858,0.12658952305487353,0.4861321218794278,0.0013001124933372324,0.003608775679190394,-0.0008914991130964614,29.27993164062491,-19.199987792968727,-21.68320312500009,11.040002441406273,20.640008544921898,-6.969677734375182,12.480004882812409,58.07998046874991,58.8544921875,-25.44003906250009,-38.40000000000009,-52.65921630859384,-22.080010986328148,13.440014648437455,-21.68310546875
1763689008.2481902,2,2,1,-0.1379784651912983,0.08032845085311131,0.48257487761102996,0.0004125568506784408,0.0037974564536403677,-0.0011271448250242421,26.88002929687491,-23.999975585937477,-21.68320312500009,15.840020751953148,18.239984130859398,-10.841748046875182,19.67995605468741,53.28005371093741,58.8544921875,-30.24008789062509,-36.00009765625009,-52.65921630859384,-19.679986572265648,11.039990234374955,-21.68310546875
1763689008.7456007,2,2,1,-0.10649985105814114,0.12144555831337436,0.4515704691329298,0.0014195308315854064,0.003342515306222555,-0.0010595229905217191,22.07998046874991,-16.799963378906227,-21.68320312500009,11.040002441406273,20.640008544921898,-14.713574218750182,14.879907226562409,55.67995605468741,51.1103515625,-25.44003906250009,-31.20004882812509,-56.53122558593759,-22.080010986328148,8.639965820312455,-17.811279296875
1763689008.8546207,2,2,1,-0.14504255599079507,0.14809506218398788,0.43403127312108425,0.0007976653792027843,0.002996993408427333,-0.0007579869190272641,19.67995605468741,-14.399999999999977,-21.68320312500009,13.439996337890648,20.640008544921898,-26.329541015625182,17.27993164062491,50.88002929687491,58.8544921875,-25.44003906250009,-31.20004882812509,-52.65921630859384,-19.679986572265648,15.840039062499955,-21.68310546875
1763689008.9466438,2,2,1,-0.1317628597927029,0.13856015862991813,0.5037425542357814,0.001580459833138053,0.00299995901894415,-0.0008070791807840297,24.48000488281241,-16.799963378906227,-29.42709960937509,13.439996337890648,18.239984130859398,-14.713574218750182,14.879907226562409,50.88002929687491,51.1103515625,-23.04013671875009,-33.59995117187509,-52.65921630859384,-19.679986572265648,8.639965820312455,-13.939208984375
1763689009.040783,2,2,1,-0.1141510311980266,0.10646711031621264,0.5857377421644012,0.0011642533536891794,0.0033319839525665076,-0.0012459024127567894,22.07998046874991,-19.199987792968727,-25.55502929687509,11.040002441406273,18.239984130859398,-18.585644531250182,19.67995605468741,53.28005371093741,47.238525390625,-27.83994140625009,-33.59995117187509,-48.78720703125009,-19.679986572265648,11.039990234374955,-17.811279296875
1763689009.5372438,2,2,1,-0.15804761979861343,0.10156325042746192,0.4530357800431555,0.001243573541933123,0.003790296978104013,-0.0012140050103591324,19.67995605468741,-16.799963378906227,-29.42709960937509,15.840020751953148,15.839990234375023,-14.713574218750182,14.879907226562409,48.48000488281241,54.982421875,-23.04013671875009,-31.20004882812509,-56.53122558593759,-24.480004882812523,3.8400390624999545,-17.811279296875
1763689009.7417057,2,2,1,-0.10670604562874546,0.0636639513719409,0.4336213744989494,0.0009466565762995488,0.0029721615635535494,-0.0010630045254670655,24.48000488281241,-19.199987792968727,-21.68320312500009,15.840020751953148,15.839990234375023,-14.713574218750182,17.27993164062491,43.67995605468741,39.494384765625,-25.44003906250009,-28.80014648437509,-44.91519775390634,-19.679986572265648,1.4400146484374545,-21.68310546875
1763689010.0552974,2,2,1,-0.12384360836423483,0.1206755207942626,0.3849322056998028,0.001381966208115488,0.0036747305681711817,-0.0013178017439751937,24.48000488281241,-16.799963378906227,-33.29916992187509,11.040002441406273,20.640008544921898,-22.457714843750182,14.879907226562409,43.67995605468741,47.238525390625,-23.04013671875009,-28.80014648437509,-60.40317382812509,-22.080010986328148,8.639965820312455,-17.811279296875
1763689010.1478777,2,2,1,-0.10400101867515314,0.13186232355136188,0.4503392828971025,0.0009998271090297588,0.003033194360352129,-0.001219159262822719,19.67995605468741,-19.199987792968727,-21.68320312500009,13.439996337890648,18.239984130859398,-14.713574218750182,19.67995605468741,46.07998046874991,43.366455078125,-23.04013671875009,-24.00009765625009,-52.65921630859384,-19.679986572265648,8.639965820312455,-21.68310546875
1763689010.3497336,2,2,1,-0.14025802841686902,0.0902538227859813,0.5017125184407261,0.000997686433853074,0.003922677478426449,-0.0012749472431392427,19.67995605468741,-19.199987792968727,-29.42709960937509,11.040002441406273,18.239984130859398,-14.713574218750182,17.27993164062491,48.48000488281241,39.494384765625,-23.04013671875009,-26.40000000000009,-56.53122558593759,-24.480004882812523,11.039990234374955,-21.68310546875
1763689010.443167,2,2,1,-0.11733719159896619,0.1272743977755607,0.43737788807344136,0.001962930862295681,0.0033495976379872327,-0.0011408514328057771,22.07998046874991,-16.799963378906227,-25.55502929687509,8.640008544921898,20.640008544921898,-22.457714843750182,12.480004882812409,46.07998046874991,47.238525390625,-23.04013671875009,-24.00009765625009,-56.53122558593759,-14.879998779296898,3.8400390624999545,-21.68310546875
1763689010.4866557,2,2,1,-0.13085768843822485,0.12510648082379686,0.3843760792535229,0.0010732415259876956,0.0037336163645405912,-0.0016324162344619336,19.67995605468741,-16.799963378906227,-29.42709960937509,13.439996337890648,20.640008544921898,-18.585644531250182,12.480004882812409,48.48000488281241,47.238525390625,-23.04013671875009,-28.80014648437509,-60.40317382812509,-19.679986572265648,8.639965820312455,-21.68310546875
1763689010.5645294,2,2,1,-0.1580350218357085,0.12068909838023113,0.4363484881560983,0.0013963629059091627,0.003971805289236073,-0.0010645746520839103,24.48000488281241,-21.600012207031227,-21.68320312500009,13.439996337890648,18.239984130859398,-22.457714843750182,14.879907226562409,41.28005371093741,43.366455078125,-20.63999023437509,-21.59995117187509,-52.65921630859384,-19.679986572265648,11.039990234374955,-25.55517578125
1763689010.6586974,2,2,1,-0.14969319119443503,0.07576204149449965,0.48609013876046414,0.0010302898929421558,0.003919018862216665,-0.0017481535799114146,19.67995605468741,-19.199987792968727,-25.55502929687509,13.439996337890648,18.239984130859398,-22.457714843750182,17.27993164062491,46.07998046874991,51.1103515625,-20.63999023437509,-21.59995117187509,-52.65921630859384,-19.679986572265648,3.8400390624999545,-21.68310546875
1763689010.9425268,2,2,1,-0.15766439443039984,0.13369358865911743,0.4037740688767626,0.0015011656574526434,0.0032140355881224206,-0.0009988839584841411,0,0,0,0,0,0,0,0,0,0,0,0,0,0,0
1763689011.9393475,2,2,1,-0.026256427620554787,0.17102586829890337,-0.3179423417724908,0.002809356669571895,0.0007922459700467357,-0.0007864182672247361,53.27993164062491,-2.3999999999999773,9.292871093749909,-3.3599914550781023,30.239984130859398,31.750292968749818,5.279931640624909,120.48000488281241,132.42236328125,-75.83994140625009,-144.0000976562501,-68.14719238281259,-31.679986572265648,25.440014648437455,5.4208984375
1763689012.141967,2,2,1,0.018526864521239222,0.1391468592368945,-0.6412530925615838,0.001964504316332251,-0.00029297483457228703,-0.0008251044977313508,67.67995605468741,2.4414062522737368e-05,20.90883789062491,6.240014648437523,42.2399841308594,54.98247070312482,5.279931640624909,149.2800537109374,147.910400390625,-83.04013671875009,-170.4000000000001,-64.27518310546884,-26.879998779296898,30.239941406249955,24.78076171875
1763689012.3437064,2,2,1,-0.047441311191269,0.14161375625678801,-0.918912570306647,0.003254030706385882,-0.001053001055288166,-0.00037140452337588103,82.07998046874991,4.800012207031273,32.52480468749991,8.640008544921898,35.04000244140627,70.47026367187482,2.879907226562409,170.8800292968749,159.5263671875,-92.63999023437509,-189.5999511718751,-68.14719238281259,-34.08001098632815,37.440014648437455,32.52490234375
1763689012.4536915,2,2,1,-0.026591119720394962,0.14837562131748125,-0.888818962620578,0.0024640957636159265,-0.0007666415493438414,-0.0009902081800338962,84.48000488281241,9.600000000000023,36.39687499999991,11.040002441406273,47.04000244140627,82.08623046874982,0.48000488281240905,190.0799804687499,175.014404296875,-99.83994140625009,-213.5999511718751,-75.89121093750009,-31.679986572265648,37.440014648437455,36.396728515625
1763689012.5589805,2,2,1,-0.0026392065642915213,0.13264140374320005,-1.0996792791035346,0.0005915999427810997,9.706524605351233e-05,-0.0009159070947504526,86.88002929687491,16.800012207031273,48.01284179687491,13.439996337890648,49.43999633789065,85.95854492187482,0.48000488281240905,202.0799804687499,186.63037109375,-107.04013671875009,-230.4000000000001,-75.89121093750009,-31.679986572265648,39.840039062499955,44.140869140625
1763689012.7489831,2,2,1,-0.03047979141454744,0.10440745647324691,-1.4925594021055666,-0.001247821484709693,-0.00021265588005724622,-0.00012354116956334661,101.27993164062491,24.000024414062523,44.14077148437491,15.840020751953148,54.2399841308594,101.44633789062482,-1.920019531250091,221.2799316406249,198.246337890625,-119.04013671875009,-264.0000976562501,-83.63522949218759,-26.879998779296898,44.639965820312455,55.7568359375
1763689012.952357,2,2,1,-0.030316870914773496,0.08448632002080705,-1.7796226409478082,-0.0016702105311568677,-0.00015272273244474385,-0.00038253220497348425,120.48000488281241,28.800012207031273,55.75673828124991,13.439996337890648,61.43999633789065,116.93413085937482,-11.519995117187591,252.4801269531249,213.734375,-133.4400390625001,-300.0000976562501,-99.12320556640634,-31.679986572265648,47.039990234374955,63.500732421875
1763689013.1537123,2,2,1,-0.04169034954407358,0.030082770718818635,-2.2839995338164703,-0.005804997307141839,0.0016077040761006394,-0.00034099603367744857,139.6799560546874,40.80007324218752,59.62880859374991,20.640008544921898,80.6400085449219,140.16655273437482,-21.12009277343759,276.4801269531249,225.350341796875,-157.4400390625001,-343.2000488281251,-118.48319091796884,-24.480004882812523,49.440014648437455,75.11669921875
1763689013.341536,2,2,1,0.016823388133769535,-0.011394162550579377,-2.6777583646314023,-0.007734422144968237,-0.0011206079073795912,-0.00017463819226530133,151.6799560546874,48.00002441406252,71.24477539062491,18.240014648437523,95.04000244140627,155.65434570312482,-21.12009277343759,307.6800781249999,252.454345703125,-171.8399414062501,-379.2000488281251,-130.0992187500001,-29.279992675781273,56.639965820312455,82.86083984375
1763689013.5460067,2,2,1,0.01134334086716791,-0.08965999887952857,-3.2867664774858287,-0.009387435726287755,-0.002554603374001749,-0.00047100374800476875,173.2799316406249,52.80007324218752,71.24477539062491,27.840020751953148,107.04000244140627,175.01420898437482,-21.12009277343759,338.8800292968749,271.814453125,-193.4400390625001,-417.5999511718751,-149.4592041015626,-24.480004882812523,54.239941406249955,94.476806640625
1763689013.7499015,2,2,1,-0.006970912315387587,-0.13675442592869397,-3.9431760764146704,-0.013831662734896182,-0.001325146454654438,-9.494090745233963e-05,187.6799560546874,62.40004882812502,78.98891601562491,23.040002441406273,121.43999633789065,194.37456054687482,-28.32004394531259,370.0799804687499,295.04638671875,-212.6399902343751,-463.2000488281251,-164.94718017578134,-24.480004882812523,61.440014648437455,102.220703125
1763689013.9523673,2,2,1,0.016224507107937727,-0.13037662268707378,-4.59850156482608,-0.013641231259805096,-0.0015944759230779697,-0.00040713089660155354,202.0799804687499,69.60000000000002,102.22084960937491,30.240014648437523,123.83999023437502,209.86235351562482,-37.92001953125009,403.6800781249999,329.89453125,-239.0401367187501,-511.2000488281251,-168.8191894531251,-26.879998779296898,66.23994140624995,106.0927734375
1763689013.9654152,2,2,1,0.02492186324058373,-0.13373643804237428,-4.6153968137747725,-0.013666665537919676,-0.0020465512141917704,-0.00033494782670467443,199.6799560546874,69.60000000000002,90.60488281249991,25.439996337890648,133.43999633789065,202.11821289062482,-33.12009277343759,401.2799316406249,326.0224609375,-239.0401367187501,-518.4000000000001,-168.8191894531251,-26.879998779296898,66.23994140624995,109.96484375
1763689014.0594735,2,2,1,0.044166866344502675,-0.07728604510441638,-4.967151793508382,-0.013632353086947177,-0.0039462541854641,-0.000544121072567363,209.2799316406249,74.40004882812502,94.47695312499991,30.240014648437523,143.04000244140627,225.35014648437482,-45.12009277343759,413.2799316406249,329.89453125,-251.0401367187501,-537.5999511718751,-172.69119873046884,-24.480004882812523,71.03999023437495,113.8369140625
1763689014.151074,2,2,1,-0.004196249612889275,-0.13635168899905853,-5.3979123034846825,-0.015636781442990008,0.0010800717624534174,-0.0005438214472991391,211.6799560546874,76.80007324218752,106.09291992187491,25.439996337890648,140.6400085449219,229.22221679687482,-37.92001953125009,425.2799316406249,353.12646484375,-255.8399414062501,-554.4000000000001,-168.8191894531251,-26.879998779296898,75.84003906249995,125.452880859375
1763689014.2596729,2,2,1,0.09632744194786214,-0.06821046597790972,-5.66966832760837,-0.01223964571158888,-0.004738684975638599,-0.00039933223738355624,221.2799316406249,79.19997558593752,117.70888671874991,25.439996337890648,150.24001464843752,236.96635742187482,-45.12009277343759,444.4801269531249,368.614501953125,-267.8399414062501,-588.0000976562501,-184.3072265625001,-24.480004882812523,80.63996582031245,125.452880859375
1763689014.3518937,2,2,1,0.14402838711637458,-0.050458777772727656,-6.10289484062104,-0.011373153357126825,-0.006772554669159733,-0.0009434832973291236,226.0799804687499,88.80007324218752,117.70888671874991,23.040002441406273,157.43999633789065,256.3262207031248,-49.92001953125009,458.8800292968749,376.3583984375,-275.0401367187501,-614.4000000000001,-188.1791748046876,-26.879998779296898,85.44001464843745,129.32470703125
1763689014.4496176,2,2,1,0.0734532369810112,-0.02874167546541682,-6.597690226621626,-0.013236477524300214,-0.0033516256654121104,-0.0012073229327683268,235.6799560546874,88.80007324218752,125.45278320312491,23.040002441406273,159.83999023437502,264.0703613281248,-57.12009277343759,475.6800781249999,391.846435546875,-284.6399902343751,-636.0000976562501,-188.1791748046876,-24.480004882812523,90.23994140624995,129.32470703125
1763689014.6527522,2,2,1,0.03681769572702449,-0.01071510721663825,-7.227500688360212,-0.011097173206539229,-0.002987278033019361,-0.0009551626305136161,240.4800048828124,96.00002441406252,129.3248535156249,20.640008544921898,169.43999633789065,271.8145019531248,-57.12009277343759,485.2799316406249,411.20654296875,-294.2400878906251,-655.2000488281251,-192.05118408203134,-24.480004882812523,95.03999023437495,129.32470703125
1763689014.7468348,2,2,1,0.11517549063252805,0.02186220179177675,-6.915601297752177,-0.00868816643808814,-0.006398532847431855,-0.00114999389452745,235.6799560546874,96.00002441406252,129.3248535156249,18.240014648437523,171.83999023437502,267.9424316406248,-52.32004394531259,480.4801269531249,403.46240234375,-291.8399414062501,-655.2000488281251,-188.1791748046876,-24.480004882812523,90.23994140624995,125.452880859375
1763689014.8419492,2,2,1,0.17681101132748125,0.08092465274813881,-6.705401018641178,-0.006262116204921498,-0.00884658733742128,-0.0009140093601084837,235.6799560546874,96.00002441406252,129.3248535156249,18.240014648437523,164.6400085449219,267.9424316406248,-52.32004394531259,482.8800292968749,407.33447265625,-291.8399414062501,-657.6001953125001,-180.43521728515634,-26.879998779296898,92.63996582031245,129.32470703125
1763689015.1530604,2,2,1,0.24576004870285287,0.11411572918775349,-6.323252006603534,-0.0034790777074029805,-0.013474591951828301,-0.0010042023891613594,233.2799316406249,93.60000000000002,133.1969238281249,15.840020751953148,162.24001464843752,267.9424316406248,-54.72006835937509,482.8800292968749,411.20654296875,-291.8399414062501,-655.2000488281251,-176.5632080078126,-26.879998779296898,90.23994140624995,129.32470703125
1763689015.246531,2,2,1,0.23636104261618407,0.11898719783196586,-6.356072484281931,-0.003280603465583589,-0.01330365384314301,-0.0008590336930397245,238.0799804687499,93.60000000000002,133.1969238281249,18.240014648437523,162.24001464843752,275.6865722656248,-54.72006835937509,480.4801269531249,403.46240234375,-291.8399414062501,-652.8001464843751,-176.5632080078126,-29.279992675781273,87.84003906249995,129.32470703125
1763689015.5450516,2,2,1,0.2282827126199572,0.10559647098807211,-6.39365199548072,-0.0037497928179651696,-0.011188369258141016,-0.000560089234365648,235.6799560546874,98.40004882812502,133.1969238281249,20.640008544921898,169.43999633789065,275.6865722656248,-49.92001953125009,485.2799316406249,403.46240234375,-299.0401367187501,-655.2000488281251,-180.43521728515634,-22.080010986328148,92.63996582031245,129.32470703125
1763689015.8543804,2,2,1,0.12159742683241803,0.08502382999259808,-6.2471021181189,-0.005283226440243729,-0.006895164251716138,-0.0011365547259641548,233.2799316406249,91.19997558593752,129.3248535156249,23.040002441406273,164.6400085449219,275.6865722656248,-57.12009277343759,480.4801269531249,407.33447265625,-296.6399902343751,-655.2000488281251,-180.43521728515634,-24.480004882812523,92.63996582031245,137.06884765625
1763689016.1473553,2,2,1,0.17007656739123803,0.09316369542447282,-6.210102220274738,-0.004334519399371097,-0.009076691192453613,-0.0008861091636177718,235.6799560546874,96.00002441406252,133.1969238281249,20.640008544921898,167.04000244140627,271.8145019531248,-57.12009277343759,480.4801269531249,411.20654296875,-301.4400390625001,-652.8001464843751,-180.43521728515634,-26.879998779296898,92.63996582031245,133.19677734375
1763689016.2425954,2,2,1,0.18064907243157718,0.11894423206566758,-6.126624437928454,-0.004427172159915345,-0.009541032162594238,-0.0007809389184029713,228.4800048828124,91.19997558593752,133.1969238281249,18.240014648437523,162.24001464843752,271.8145019531248,-57.12009277343759,482.8800292968749,411.20654296875,-296.6399902343751,-652.8001464843751,-176.5632080078126,-24.480004882812523,95.03999023437495,133.19677734375
1763689016.3510592,2,2,1,0.21303195296613722,0.14201253817784587,-6.141529611099772,-0.0037238264887330397,-0.01047238999528828,-0.0006292357436500192,233.2799316406249,96.00002441406252,137.0687499999999,18.240014648437523,164.6400085449219,279.5581542968748,-57.12009277343759,490.0799804687499,407.33447265625,-296.6399902343751,-652.8001464843751,-180.43521728515634,-22.080010986328148,97.44001464843745,129.32470703125
1763689016.4435334,2,2,1,0.2556826842347809,0.08022149600127253,-6.148740704611939,-0.005874745537217743,-0.013112049311402769,-0.00048023723880499455,235.6799560546874,98.40004882812502,129.3248535156249,23.040002441406273,164.6400085449219,275.6865722656248,-52.32004394531259,490.0799804687499,403.46240234375,-296.6399902343751,-652.8001464843751,-184.3072265625001,-24.480004882812523,95.03999023437495,133.19677734375
1763689016.5509918,2,2,1,0.2549732234756188,0.12679562762158145,-6.0796665429223005,-0.005325668573708652,-0.012435778454797045,-0.0010043765014266714,233.2799316406249,98.40004882812502,129.3248535156249,25.439996337890648,162.24001464843752,271.8145019531248,-54.72006835937509,490.0799804687499,407.33447265625,-296.6399902343751,-657.6001953125001,-180.43521728515634,-24.480004882812523,92.63996582031245,137.06884765625
1763689016.644469,2,2,1,0.22812781778951433,0.09944150609295406,-6.012160119603825,-0.005373494101593646,-0.011535725132438526,-0.0010559028163628608,233.2799316406249,96.00002441406252,129.3248535156249,20.640008544921898,164.6400085449219,279.5581542968748,-54.72006835937509,487.6800781249999,415.078369140625,-296.6399902343751,-650.4000000000001,-176.5632080078126,-24.480004882812523,95.03999023437495,129.32470703125
1763689016.6869545,2,2,1,0.21860027999365603,0.06545313439405281,-6.028902887091434,-0.005486916834125773,-0.011544999525703765,-0.0009811603133282013,235.6799560546874,91.19997558593752,129.3248535156249,20.640008544921898,167.04000244140627,275.6865722656248,-54.72006835937509,487.6800781249999,407.33447265625,-296.6399902343751,-655.2000488281251,-180.43521728515634,-24.480004882812523,95.03999023437495,129.32470703125
1763689016.780206,2,2,1,0.23767848502487549,0.085522557874876,-5.912527375095906,-0.005614123478534502,-0.011892281795819545,-0.000785725793728509,235.6799560546874,93.60000000000002,133.1969238281249,18.240014648437523,164.6400085449219,279.5581542968748,-52.32004394531259,485.2799316406249,418.950439453125,-294.2400878906251,-650.4000000000001,-180.43521728515634,-19.679986572265648,90.23994140624995,137.06884765625
1763689016.9409719,2,2,1,0.23064865536029122,0.133664355079049,-5.939046497688899,-0.003740073663636108,-0.011150571822369712,-0.0013383101528060696,240.4800048828124,98.40004882812502,129.3248535156249,18.240014648437523,167.04000244140627,275.6865722656248,-54.72006835937509,487.6800781249999,415.078369140625,-301.4400390625001,-652.8001464843751,-180.43521728515634,-26.879998779296898,90.23994140624995,140.94091796875
1763689017.0509865,2,2,1,0.1920497794562396,0.06848619765663796,-5.943568324113615,-0.0052799516277674124,-0.010834877715676278,-0.0010279188957552764,238.0799804687499,93.60000000000002,129.3248535156249,23.040002441406273,167.04000244140627,271.8145019531248,-57.12009277343759,485.2799316406249,407.33447265625,-299.0401367187501,-657.6001953125001,-184.3072265625001,-24.480004882812523,95.03999023437495,129.32470703125
1763689017.082016,2,2,1,0.18166763504884068,0.08261512959656012,-6.077051847703604,-0.004864190144883304,-0.01038867286921972,-0.0006057777861402626,240.4800048828124,93.60000000000002,133.1969238281249,18.240014648437523,162.24001464843752,279.5581542968748,-54.72006835937509,487.6800781249999,407.33447265625,-294.2400878906251,-652.8001464843751,-176.5632080078126,-22.080010986328148,90.23994140624995,133.19677734375
1763689017.171576,2,2,1,0.18057779505159022,0.11192706962456295,-5.872333168264026,-0.0042443584164329785,-0.010342320208848562,-0.001236138201366028,235.6799560546874,93.60000000000002,133.1969238281249,23.040002441406273,164.6400085449219,275.6865722656248,-54.72006835937509,487.6800781249999,411.20654296875,-301.4400390625001,-655.2000488281251,-184.3072265625001,-22.080010986328148,92.63996582031245,133.19677734375
1763689017.3454654,2,2,1,0.14418133865790972,0.05492556980224422,-5.713818489955331,-0.0063645401720212845,-0.007416762826446113,-0.0009483766893725149,230.8800292968749,88.80007324218752,125.45278320312491,20.640008544921898,159.83999023437502,264.0703613281248,-49.92001953125009,473.2799316406249,399.59033203125,-289.4400390625001,-636.0000976562501,-168.8191894531251,-26.879998779296898,90.23994140624995,129.32470703125
1763689017.3749902,2,2,1,0.12619776074841946,0.05671681372212774,-5.864100510384727,-0.006217853097681629,-0.007564033383145499,-0.0005324185118272397,230.8800292968749,93.60000000000002,129.3248535156249,20.640008544921898,157.43999633789065,271.8145019531248,-54.72006835937509,475.6800781249999,395.718505859375,-287.0401367187501,-628.8001464843751,-176.5632080078126,-29.279992675781273,87.84003906249995,129.32470703125
1763689017.4815214,2,2,1,0.25968759312571293,0.12919810113407415,-5.358387961090532,-0.001874766792528175,-0.014866396006807706,-0.0008105991151656581,221.2799316406249,88.80007324218752,113.83681640624991,20.640008544921898,150.24001464843752,260.1982910156248,-47.51999511718759,458.8800292968749,391.846435546875,-284.6399902343751,-614.4000000000001,-172.69119873046884,-22.080010986328148,85.44001464843745,125.452880859375
1763689017.574636,2,2,1,0.21809788221296755,0.1373606382613188,-5.1411857174561995,-0.0020942297418530056,-0.012995125023803731,-0.0004994986624079564,216.4800048828124,86.40004882812502,113.83681640624991,20.640008544921898,140.6400085449219,248.58256835937482,-47.51999511718759,451.6800781249999,376.3583984375,-267.8399414062501,-592.8001464843751,-157.2032226562501,-24.480004882812523,83.03999023437495,129.32470703125
1763689017.6662183,2,2,1,0.2370025572518037,0.08981977161252673,-4.536584874784228,-0.0024682426775005824,-0.013920750772022634,-0.0009067468088293233,209.2799316406249,79.19997558593752,121.58095703124991,20.640008544921898,133.43999633789065,236.96635742187482,-40.32004394531259,439.6800781249999,372.486328125,-258.2400878906251,-568.8001464843751,-153.33121337890634,-31.679986572265648,80.63996582031245,125.452880859375
1763689017.7598655,2,2,1,0.25724986402385597,0.06023101784648309,-4.473395332664832,-0.0033498248821468048,-0.014287191113176114,-0.0006510727522581386,199.6799560546874,74.40004882812502,106.09291992187491,20.640008544921898,123.83999023437502,229.22221679687482,-37.92001953125009,415.6800781249999,345.38232421875,-243.8399414062501,-537.5999511718751,-145.58719482421884,-26.879998779296898,75.84003906249995,117.708740234375
1763689017.8564916,2,2,1,0.23661558432360813,0.10105610552587893,-3.325632773369671,-0.0016885849758847236,-0.01208697644999841,-0.0005495262325812656,194.8800292968749,69.60000000000002,106.09291992187491,20.640008544921898,116.6400085449219,217.60649414062482,-33.12009277343759,408.4801269531249,333.766357421875,-234.2400878906251,-518.4000000000001,-133.97122802734384,-31.679986572265648,73.44001464843745,109.96484375
1763689018.040662,2,2,1,0.24938533235776839,0.11319223851018366,-2.3316775906321654,0.002255360671517522,-0.015849864675398583,-0.0010392053012039828,166.0799804687499,57.60000000000002,86.73281249999991,13.439996337890648,97.43999633789065,182.75834960937482,-25.92001953125009,355.6800781249999,295.04638671875,-195.8399414062501,-448.8001464843751,-114.61118164062509,-29.279992675781273,66.23994140624995,94.476806640625
1763689018.1470056,2,2,1,0.30083546201436984,0.191525230175437,-1.8964577567540437,0.003009230002514761,-0.01381177223601759,-0.001121700423380633,158.8800292968749,48.00002441406252,78.98891601562491,15.840020751953148,83.04000244140627,159.52641601562482,-16.32004394531259,331.6800781249999,275.6865234375,-169.4400390625001,-403.2000488281251,-114.61118164062509,-36.48000488281252,61.440014648437455,86.73291015625
1763689018.351537,2,2,1,0.15231779642386353,0.2701100600778725,-1.2366794848165974,0.001504055012667779,-0.01698918168421288,-0.001212126816920276,115.67995605468741,33.60000000000002,59.62880859374991,6.240014648437523,56.6400085449219,136.29448242187482,-9.120092773437591,276.4801269531249,244.71044921875,-133.4400390625001,-336.0000976562501,-91.37918701171884,-36.48000488281252,54.239941406249955,59.62890625
1763689018.742079,2,2,1,-0.07475125080475832,0.3292922397289357,-0.3670851767426139,0.0046709836542555006,-0.008442605940004755,-0.0005769871161502151,98.88002929687491,4.800012207031273,44.14077148437491,13.439996337890648,30.239984130859398,74.34233398437482,5.279931640624909,230.8800292968749,198.246337890625,-95.04013671875009,-232.8001464843751,-64.27518310546884,-41.27999267578127,42.239941406249955,51.884765625
1763689018.8502843,2,2,1,0.35764359740936225,0.058792091601404944,-0.20444397413999976,0.003076782173036551,-0.009958625563324462,-0.0010520513606127172,98.88002929687491,7.200036621093773,44.14077148437491,20.640008544921898,20.640008544921898,74.34233398437482,2.879907226562409,211.6800781249999,190.50244140625,-95.04013671875009,-220.8001464843751,-60.40317382812509,-43.67998657226565,42.239941406249955,44.140869140625
1763689019.5483391,2,2,1,-0.07868503392509846,0.16280723781855505,0.21165280791060653,0.0035769195456908185,-0.0016694369846745943,-0.0012188785804036924,55.67995605468741,-7.199987792968727,17.03676757812491,8.640008544921898,20.640008544921898,35.62236328124982,10.079980468749909,144.4800048828124,140.16650390625,-68.63999023437509,-136.8001464843751,-64.27518310546884,-38.8799987792969,30.239941406249955,20.90869140625
1763689019.6415026,2,2,1,-0.06616622825443923,0.1879064529422433,0.2731967033838062,0.002775083178041644,0.0002714927065424759,-0.0012804236373769764,60.48000488281241,-9.600012207031227,20.90883789062491,6.240014648437523,18.239984130859398,35.62236328124982,7.679956054687409,139.6799560546874,144.038330078125,-66.24008789062509,-129.5999511718751,-56.53122558593759,-36.48000488281252,32.639965820312455,20.90869140625
1763689019.7511702,2,2,1,-0.06651523764513115,0.13883490360196135,0.22083095117444,0.0023723965882563227,0.0002643713978806991,-0.0007493020379369611,53.27993164062491,-11.999975585937477,17.03676757812491,11.040002441406273,23.040002441406273,31.750292968749818,12.480004882812409,132.4800048828124,136.29443359375,-66.24008789062509,-120.00009765625009,-56.53122558593759,-31.679986572265648,30.239941406249955,17.036865234375
1763689019.8426695,2,2,1,-0.09156031157059599,0.14958323337647952,0.37235683256310986,0.0023142363037142936,0.0013429547349468277,-0.0011650895809526506,58.07998046874991,-14.399999999999977,17.03676757812491,13.439996337890648,20.640008544921898,31.750292968749818,10.079980468749909,132.4800048828124,132.42236328125,-71.04013671875009,-117.59995117187509,-48.78720703125009,-34.08001098632815,25.440014648437455,9.292724609375
1763689020.0463445,2,2,1,-0.14802683481899823,0.19494103051793304,0.3104786479631409,0.0036520459374087375,0.003143403125213973,-0.0010282605490543528,55.67995605468741,-11.999975585937477,9.292871093749909,13.439996337890648,18.239984130859398,24.006396484374818,14.879907226562409,113.28005371093741,120.806396484375,-59.04013671875009,-103.20004882812509,-60.40317382812509,-31.679986572265648,23.039990234374955,13.164794921875
1763689020.1424222,2,2,1,-0.14352923427166075,0.17233082574590625,0.42342453811775027,0.0024890429753889128,0.0034793609180992454,-0.0011473245399069086,50.88002929687491,-14.399999999999977,13.164941406249909,13.439996337890648,20.640008544921898,27.878466796874818,10.079980468749909,113.28005371093741,120.806396484375,-59.04013671875009,-100.80014648437509,-52.65921630859384,-31.679986572265648,27.840039062499955,13.164794921875
1763689020.2502198,2,2,1,-0.10484418804266814,0.10452586364693917,0.3664196617218865,0.0009290656469343865,0.0025642917371993014,-0.0010125969233896863,48.48000488281241,-19.199987792968727,5.420800781249909,15.840020751953148,18.239984130859398,24.006396484374818,10.079980468749909,110.88002929687491,113.0625,-59.04013671875009,-93.59995117187509,-56.53122558593759,-34.08001098632815,25.440014648437455,13.164794921875
1763689020.4497256,2,2,1,-0.11382346126952572,0.06748676677340278,0.41576837479992995,0.0006316136457189673,0.0032138514757332672,-0.0011491844912447599,50.88002929687491,-21.600012207031227,1.548730468749909,18.240014648437523,18.239984130859398,16.262255859374818,17.27993164062491,103.67995605468741,109.1904296875,-56.63999023437509,-86.40000000000009,-60.40317382812509,-31.679986572265648,23.039990234374955,5.4208984375
1763689020.5433192,2,2,1,-0.14930344950310442,0.10038807184329937,0.31782577632446796,0.0012258341623459994,0.0029363472955080457,-0.00024614892993184547,48.48000488281241,-14.399999999999977,5.420800781249909,13.439996337890648,18.239984130859398,20.134326171874818,12.480004882812409,101.28005371093741,113.0625,-59.04013671875009,-81.59995117187509,-64.27518310546884,-34.08001098632815,23.039990234374955,5.4208984375
1763689020.749931,2,2,1,-0.5764261528584756,0.7348249740090443,0.46866503098477647,0.011991733616685213,0.01118684418753685,-0.0012913572284438796,0,0,0,0,0,0,0,0,0,0,0,0,0,0,0
1763689020.9501355,2,2,1,0.13781533182210287,-0.11346488925072734,0.47901386847914895,-0.0032637930085662346,-0.001315976809335031,-0.0009737288529378422,43.67995605468741,-16.799963378906227,-2.323095703125091,13.439996337890648,20.640008544921898,12.390429687499818,12.480004882812409,94.07998046874991,93.702392578125,-47.04013671875009,-72.00009765625009,-56.53122558593759,-31.679986572265648,20.639965820312455,9.292724609375
1763689021.0407817,2,2,1,0.24433340784508084,-0.5546323076190421,0.46831312062487296,-0.01001463521952702,-0.002727743675179723,-0.0005782694044060284,48.48000488281241,-21.600012207031227,1.548730468749909,15.840020751953148,20.640008544921898,12.390429687499818,12.480004882812409,89.28005371093741,97.574462890625,-51.83994140625009,-72.00009765625009,-56.53122558593759,-24.480004882812523,25.440014648437455,5.4208984375
1763689021.1528406,2,2,1,0.2012490493907102,-0.4522456279447703,0.524140265802838,-0.009023978683680432,-0.002064405464275361,-0.001266251924638073,43.67995605468741,-19.199987792968727,5.420800781249909,15.840020751953148,20.640008544921898,8.518359374999818,10.079980468749909,91.67995605468741,93.702392578125,-47.04013671875009,-67.20004882812509,-56.53122558593759,-29.279992675781273,20.639965820312455,1.548828125
1763689021.2465482,2,2,1,-0.17513323081716525,0.11852791061955098,0.605473029668921,0.0014065010341633762,0.004523077708530226,-0.0017073492876148058,38.88002929687491,-14.399999999999977,-6.195166015625091,15.840020751953148,15.839990234375023,4.646289062499818,12.480004882812409,89.28005371093741,97.574462890625,-47.04013671875009,-67.20004882812509,-52.65921630859384,-29.279992675781273,23.039990234374955,-6.195068359375
1763689021.3562315,2,2,1,-0.06320278538347755,0.13859964443280437,0.5013165692644224,0.0015942051193840326,0.0024092522545285638,-0.000808394049414307,41.27993164062491,-19.199987792968727,5.420800781249909,15.840020751953148,20.640008544921898,8.518359374999818,12.480004882812409,89.28005371093741,93.702392578125,-47.04013671875009,-72.00009765625009,-60.40317382812509,-34.08001098632815,20.639965820312455,5.4208984375
1763689021.6553707,2,2,1,-0.12223532217072372,0.1725485303990033,0.5204853223510842,0.0016938825598836465,0.0030092334172826087,-0.0008818216848573675,38.88002929687491,-19.199987792968727,1.548730468749909,15.840020751953148,20.640008544921898,0.7744628906248181,10.079980468749909,82.07998046874991,93.702392578125,-47.04013671875009,-62.40000000000009,-52.65921630859384,-26.879998779296898,20.639965820312455,1.548828125
1763689021.7490191,2,2,1,-0.08778110050580779,0.13204885805690458,0.36567871660248785,0.00115712620049147,0.0029734445091474607,-0.0007797395011567961,38.88002929687491,-11.999975585937477,-10.067236328125091,15.840020751953148,23.040002441406273,0.7744628906248181,19.67995605468741,84.48000488281241,89.83056640625,-42.24008789062509,-64.80014648437509,-60.40317382812509,-31.679986572265648,20.639965820312455,1.548828125
1763689021.844262,2,2,1,-0.14935147216478908,0.10833386332420496,0.38560352345809523,0.0012927755199088104,0.003327212959661571,-0.0008477128376629272,36.48000488281241,-19.199987792968727,-6.195166015625091,15.840020751953148,13.439996337890648,4.646289062499818,12.480004882812409,82.07998046874991,85.95849609375,-44.63999023437509,-57.59995117187509,-48.78720703125009,-29.279992675781273,20.639965820312455,-2.3232421875
1763689021.8869276,2,2,1,-0.1471594107497004,0.11567248505438323,0.41712384541217734,0.0008510932083161773,0.0037732859158762008,-0.000995305718157997,38.88002929687491,-14.399999999999977,-2.323095703125091,15.840020751953148,15.839990234375023,4.646289062499818,14.879907226562409,79.67995605468741,89.83056640625,-39.83994140625009,-57.59995117187509,-48.78720703125009,-26.879998779296898,20.639965820312455,1.548828125
1763689022.043925,2,2,1,-0.11351595834471637,0.11699979969424232,0.4169092228910909,0.0010391937459163208,0.003205428273279445,-0.0009949864007983266,36.48000488281241,-19.199987792968727,-6.195166015625091,18.240014648437523,15.839990234375023,4.646289062499818,14.879907226562409,79.67995605468741,82.08642578125,-35.04013671875009,-55.20004882812509,-56.53122558593759,-29.279992675781273,15.840039062499955,-6.195068359375
1763689022.1574597,2,2,1,-0.11254619804109534,0.14689163901261357,0.40032176908615663,0.0011108869205290852,0.003096563978438452,-0.001003254928868737,34.07998046874991,-19.199987792968727,-10.067236328125091,20.640008544921898,20.640008544921898,8.518359374999818,17.27993164062491,74.88002929687491,85.95849609375,-39.83994140625009,-62.40000000000009,-52.65921630859384,-22.080010986328148,18.239941406249955,1.548828125
1763689022.2515502,2,2,1,-0.11659929842387229,0.11769825199277677,0.4195712715600881,0.0017164088126349283,0.003243324953097041,-0.0009911116286012043,36.48000488281241,-16.799963378906227,-10.067236328125091,13.439996337890648,20.640008544921898,8.518359374999818,12.480004882812409,74.88002929687491,93.702392578125,-42.24008789062509,-55.20004882812509,-52.65921630859384,-29.279992675781273,15.840039062499955,-13.939208984375
1763689022.2830951,2,2,1,-0.14767855007206793,0.12487378824954676,0.5865619460517781,0.0011352604283104656,0.0038985457906970137,-0.00132522589632377,38.88002929687491,-19.199987792968727,-13.939062500000091,13.439996337890648,23.040002441406273,4.646289062499818,17.27993164062491,77.28005371093741,82.08642578125,-39.83994140625009,-62.40000000000009,-52.65921630859384,-24.480004882812523,13.440014648437455,-10.067138671875
1763689022.390056,2,2,1,-0.10981303102800694,0.09155274411805885,0.48711847484340104,0.0018501430769036064,0.00357897642484055,-0.0012767909662134524,31.67995605468741,-19.199987792968727,-13.939062500000091,13.439996337890648,20.640008544921898,-3.097607421875182,14.879907226562409,74.88002929687491,85.95849609375,-37.44003906250009,-57.59995117187509,-44.91519775390634,-24.480004882812523,18.239941406249955,-6.195068359375
1763689022.5467799,2,2,1,-0.1251562571280737,0.13260886646571649,0.36980916131424263,0.001820927911273051,0.0033101503646251022,-0.0010096796314632915,26.88002929687491,-16.799963378906227,-10.067236328125091,18.240014648437523,18.239984130859398,4.646289062499818,14.879907226562409,72.48000488281241,78.21435546875,-42.24008789062509,-60.00009765625009,-56.53122558593759,-26.879998779296898,15.840039062499955,-6.195068359375
1763689022.575973,2,2,1,-0.14610012143760565,0.13717704936027744,0.3839835485846621,0.0008509515149484584,0.0032891004692700396,-0.0010873300274917698,34.07998046874991,-21.600012207031227,-13.939062500000091,8.640008544921898,20.640008544921898,0.7744628906248181,14.879907226562409,74.88002929687491,74.342529296875,-39.83994140625009,-55.20004882812509,-56.53122558593759,-26.879998779296898,20.639965820312455,1.548828125
1763689022.844008,2,2,1,-0.1067426789056626,0.10086601914067249,0.4341748216047107,0.0012410235451860876,0.0035335268139967597,-0.0012210289739407873,36.48000488281241,-19.199987792968727,-10.067236328125091,13.439996337890648,20.640008544921898,-10.841748046875182,17.27993164062491,65.28005371093741,78.21435546875,-37.44003906250009,-55.20004882812509,-52.65921630859384,-24.480004882812523,11.039990234374955,-6.195068359375
1763689022.9535437,2,2,1,-0.13069506610179069,0.09717055516209559,0.46736483129814743,0.0008913784400355028,0.0033595779013873422,-0.0008975561966864211,31.67995605468741,-19.199987792968727,-10.067236328125091,13.439996337890648,20.640008544921898,-3.097607421875182,14.879907226562409,65.28005371093741,74.342529296875,-37.44003906250009,-57.59995117187509,-56.53122558593759,-22.080010986328148,15.840039062499955,-6.195068359375
1763689023.0476558,2,2,1,-0.10586408487435829,0.10113083961206162,0.4670039875149408,0.0010920542859489217,0.0034300554620472607,-0.0009754577633145926,31.67995605468741,-21.600012207031227,-13.939062500000091,13.439996337890648,23.040002441406273,-10.841748046875182,17.27993164062491,67.67995605468741,74.342529296875,-37.44003906250009,-55.20004882812509,-52.65921630859384,-24.480004882812523,13.440014648437455,-10.067138671875
1763689023.1547103,2,2,1,-0.1495817020493833,0.10688017210441299,0.3515205840461173,0.0012670575974880198,0.003699732778531784,-0.0008597884628056048,31.67995605468741,-19.199987792968727,-17.81113281250009,13.439996337890648,20.640008544921898,-6.969677734375182,14.879907226562409,65.28005371093741,70.470458984375,-39.83994140625009,-48.00009765625009,-56.53122558593759,-24.480004882812523,13.440014648437455,-2.3232421875
1763689023.3442404,2,2,1,-0.08631394427337499,0.1389518982637885,0.4652872597144909,0.0008938704037790859,0.0035333430814011033,-0.0011367089500813328,31.67995605468741,-19.199987792968727,-13.939062500000091,15.840020751953148,18.239984130859398,-3.097607421875182,14.879907226562409,70.07998046874991,78.21435546875,-32.63999023437509,-48.00009765625009,-52.65921630859384,-24.480004882812523,15.840039062499955,-6.195068359375
1763689023.4514854,2,2,1,-0.14089703044004376,0.11182225117851809,0.40163687211759,0.0013281868238954433,0.0036281557687713314,-0.0006857522892145091,29.27993164062491,-19.199987792968727,-17.81113281250009,13.439996337890648,20.640008544921898,-10.841748046875182,17.27993164062491,67.67995605468741,74.342529296875,-39.83994140625009,-45.59995117187509,-52.65921630859384,-22.080010986328148,15.840039062499955,-6.195068359375
1763689023.545154,2,2,1,-0.11491774614791889,0.10818284514638637,0.48530791800512674,0.0013291054187610449,0.0030422138414872768,-0.0008121756296900489,29.27993164062491,-21.600012207031227,-13.939062500000091,13.439996337890648,23.040002441406273,-3.097607421875182,17.27993164062491,67.67995605468741,66.598388671875,-32.63999023437509,-43.20004882812509,-52.65921630859384,-26.879998779296898,11.039990234374955,-10.067138671875
1763689023.8432686,2,2,1,-0.14102392473084246,0.11097670457010453,0.384850805953101,0.0013087871498072997,0.003817871471628303,-0.0009262624385597989,29.27993164062491,-14.399999999999977,-10.067236328125091,18.240014648437523,20.640008544921898,-10.841748046875182,14.879907226562409,60.48000488281241,70.470458984375,-35.04013671875009,-43.20004882812509,-48.78720703125009,-26.879998779296898,11.039990234374955,-13.939208984375
1763689023.9501848,2,2,1,-0.12147542139167154,0.11078346932709891,0.4159978548219819,0.0008181059657113186,0.003551230882020504,-0.0009174296679362919,26.88002929687491,-19.199987792968727,-13.939062500000091,15.840020751953148,20.640008544921898,-3.097607421875182,17.27993164062491,65.28005371093741,62.7265625,-32.63999023437509,-43.20004882812509,-56.53122558593759,-22.080010986328148,11.039990234374955,-13.939208984375
1763689024.0460758,2,2,1,-0.10573637196921083,0.12098353316457877,0.4673581653353394,0.0012577026110513398,0.003425303863728634,-0.0008199895925474688,29.27993164062491,-19.199987792968727,-17.81113281250009,11.040002441406273,18.239984130859398,0.7744628906248181,14.879907226562409,60.48000488281241,66.598388671875,-27.83994140625009,-45.59995117187509,-56.53122558593759,-22.080010986328148,13.440014648437455,-13.939208984375
1763689024.1538835,2,2,1,-0.10479180758622565,0.11262367660536504,0.48414529532236755,0.001023817058028789,0.002953422946509489,-0.0011271188368734818,26.88002929687491,-16.799963378906227,-21.68320312500009,11.040002441406273,20.640008544921898,-3.097607421875182,12.480004882812409,60.48000488281241,66.598388671875,-35.04013671875009,-43.20004882812509,-56.53122558593759,-22.080010986328148,18.239941406249955,-17.811279296875
1763689024.2499368,2,2,1,-0.1306551583372337,0.13599707519485893,0.40108383078716303,0.0011820060754201892,0.003538069068999718,-0.0010796996624595544,26.88002929687491,-16.799963378906227,-17.81113281250009,11.040002441406273,15.839990234375023,-10.841748046875182,17.27993164062491,65.28005371093741,62.7265625,-30.24008789062509,-43.20004882812509,-48.78720703125009,-22.080010986328148,13.440014648437455,-13.939208984375
1763689024.452216,2,2,1,-0.13133083229578335,0.11748527386360089,0.4519313129165065,0.0012188549856714836,0.0032720377456506335,-0.0009816214238965231,29.27993164062491,-16.799963378906227,-17.81113281250009,11.040002441406273,20.640008544921898,-14.713574218750182,17.27993164062491,58.07998046874991,62.7265625,-30.24008789062509,-40.80014648437509,-52.65921630859384,-24.480004882812523,13.440014648437455,-10.067138671875
1763689024.6425056,2,2,1,-0.15641650738699112,0.12025449169769024,0.4854761573522077,0.0010724840002688093,0.003958034081482313,-0.0010484147171501718,29.27993164062491,-16.799963378906227,-21.68320312500009,11.040002441406273,25.439996337890648,-10.841748046875182,14.879907226562409,58.07998046874991,66.598388671875,-35.04013671875009,-45.59995117187509,-48.78720703125009,-19.679986572265648,11.039990234374955,-17.811279296875
1763689025.1413188,2,2,1,-0.11266092299042482,0.11702721815871828,0.45024919588357154,0.0008771430608420835,0.00310886850800517,-0.0012183598639273429,24.48000488281241,-19.199987792968727,-17.81113281250009,15.840020751953148,15.839990234375023,-18.585644531250182,10.079980468749909,60.48000488281241,58.8544921875,-27.83994140625009,-40.80014648437509,-60.40317382812509,-24.480004882812523,13.440014648437455,-13.939208984375
1763689025.2518806,2,2,1,-0.11383614588406205,0.07578866128175557,0.48277991133744746,0.0007181771416328378,0.0035943497596841916,-0.001047331388806332,24.48000488281241,-21.600012207031227,-21.68320312500009,13.439996337890648,23.040002441406273,-14.713574218750182,14.879907226562409,53.28005371093741,54.982421875,-27.83994140625009,-36.00009765625009,-48.78720703125009,-14.879998779296898,8.639965820312455,-25.55517578125
1763689025.347286,2,2,1,-0.130798705040516,0.09827224337688933,0.332774816903479,0.0008665922303388316,0.0031543308022712923,-0.0007113380104375488,24.48000488281241,-11.999975585937477,-21.68320312500009,11.040002441406273,20.640008544921898,-10.841748046875182,14.879907226562409,53.28005371093741,62.7265625,-25.44003906250009,-38.40000000000009,-52.65921630859384,-22.080010986328148,13.440014648437455,-17.811279296875
1763689025.4446256,2,2,1,-0.12372970203102676,0.13153279470690687,0.3514366672663545,0.0014694614167602288,0.003477461934083419,-0.0010176548301356312,24.48000488281241,-16.799963378906227,-13.939062500000091,13.439996337890648,20.640008544921898,-10.841748046875182,17.27993164062491,50.88002929687491,58.8544921875,-25.44003906250009,-38.40000000000009,-52.65921630859384,-19.679986572265648,8.639965820312455,-17.811279296875
1763689025.551652,2,2,1,-0.15067438833257765,0.1083082468760792,0.5385660318718435,0.0016690282239843512,0.0033651484889067468,-0.0010259558253473816,26.88002929687491,-14.399999999999977,-21.68320312500009,15.840020751953148,23.040002441406273,-14.713574218750182,12.480004882812409,55.67995605468741,54.982421875,-25.44003906250009,-38.40000000000009,-56.53122558593759,-19.679986572265648,11.039990234374955,-10.067138671875
1763689025.75522,2,2,1,-0.09876086581742759,0.1174501798280308,0.38403837446406985,0.0015498289987243509,0.0031698038941939495,-0.0005355319321898661,24.48000488281241,-16.799963378906227,-25.55502929687509,11.040002441406273,18.239984130859398,-6.969677734375182,14.879907226562409,55.67995605468741,58.8544921875,-27.83994140625009,-33.59995117187509,-56.53122558593759,-19.679986572265648,13.440014648437455,-21.68310546875
1763689025.9429834,2,2,1,-0.12109340463782527,0.1530442357993576,0.31619913547383993,0.0011503343279654172,0.002963960767291147,-0.0004081995155102376,29.27993164062491,-16.799963378906227,-21.68320312500009,11.040002441406273,20.640008544921898,-14.713574218750182,10.079980468749909,53.28005371093741,58.8544921875,-23.04013671875009,-38.40000000000009,-52.65921630859384,-22.080010986328148,13.440014648437455,-17.811279296875
1763689026.1482027,2,2,1,-0.19112037103975327,0.08012529863383744,0.4179698238920232,0.0007198085438889521,0.004437061850624289,-0.0009138840848982058,24.48000488281241,-16.799963378906227,-21.68320312500009,13.439996337890648,11.040002441406273,-10.841748046875182,14.879907226562409,53.28005371093741,54.982421875,-25.44003906250009,-36.00009765625009,-56.53122558593759,-24.480004882812523,8.639965820312455,-17.811279296875
1763689026.2552373,2,2,1,-0.019885652881513373,0.06726035425280491,0.379952453963352,0.0008286595995596416,0.001366279930043159,-0.0006147452779340961,24.48000488281241,-16.799963378906227,-21.68320312500009,11.040002441406273,20.640008544921898,-14.713574218750182,14.879907226562409,58.07998046874991,66.598388671875,-27.83994140625009,-38.40000000000009,-52.65921630859384,-19.679986572265648,11.039990234374955,-13.939208984375
1763689026.3505542,2,2,1,-0.05400872657980547,0.1430984379681145,0.41635528006026146,0.0014362388158725595,0.0024118439928526606,-0.0009180611146398318,0,0,0,0,0,0,0,0,0,0,0,0,0,0,0
1763689026.444722,2,2,1,-0.11348001839071334,0.11064514002496127,0.23209373814193818,0.0009472437133954789,0.002429967187459197,-0.0006701111675497687,34.07998046874991,-11.999975585937477,-13.939062500000091,13.439996337890648,13.439996337890648,4.646289062499818,12.480004882812409,67.67995605468741,70.470458984375,-37.44003906250009,-55.20004882812509,-52.65921630859384,-19.679986572265648,15.840039062499955,1.548828125
1763689027.2426941,2,2,1,-0.09272695442904819,0.10771328828995205,-0.41004087569546305,-7.803340158039191e-05,0.0005634732851329604,-0.0002787874950871675,72.48000488281241,2.3999877929687727,28.65273437499991,20.640008544921898,35.04000244140627,58.85429687499982,0.48000488281240905,149.2800537109374,140.16650390625,-78.24008789062509,-158.4000000000001,-68.14719238281259,-31.679986572265648,32.639965820312455,32.52490234375
1763689027.4438126,2,2,1,-0.1517836906179975,0.02433011146948888,-0.818623869844803,-0.0015918677969073123,0.0032694902001935843,-0.0006576519277515281,79.67995605468741,9.600000000000023,28.65273437499991,15.840020751953148,39.83999023437502,70.47026367187482,2.879907226562409,168.4800048828124,155.654541015625,-90.24008789062509,-189.5999511718751,-68.14719238281259,-26.879998779296898,35.039990234374955,44.140869140625
1763689027.5566895,2,2,1,-0.08222611708081708,0.10909111183494272,-0.9019222264054019,-0.0008909717158512792,0.0013387049442744035,-0.0003016910463137793,89.27993164062491,7.200036621093773,44.14077148437491,18.240014648437523,47.04000244140627,82.08623046874982,-1.920019531250091,192.4800048828124,175.014404296875,-104.63999023437509,-208.8001464843751,-79.76322021484384,-29.279992675781273,39.840039062499955,48.0126953125
1763689027.6594641,2,2,1,0.019789201497269662,0.12927971736995755,-1.0211458984262025,-0.0005919566411160516,0.0003651177569138313,-0.001127340229313834,98.88002929687491,14.399987792968773,48.01284179687491,15.840020751953148,42.2399841308594,89.83012695312482,-1.920019531250091,206.8800292968749,178.886474609375,-111.83994140625009,-228.0000976562501,-75.89121093750009,-34.08001098632815,42.239941406249955,51.884765625
1763689027.8498642,2,2,1,-0.041453777721598695,0.10513304789226502,-1.4204679498087756,-0.0005482636330616302,-0.0014035457548051957,-0.0004859102182777025,110.88002929687491,19.200036621093773,51.88491210937491,23.040002441406273,54.2399841308594,105.31840820312482,-1.920019531250091,226.0799804687499,202.118408203125,-123.83994140625009,-259.2000488281251,-87.50717773437509,-34.08001098632815,42.239941406249955,67.372802734375
1763689027.9456663,2,2,1,0.018368854758234437,0.10825449806648102,-1.5889951769032982,-0.00035902830203403055,-0.0037249678722164835,0.00023542072873781084,115.67995605468741,21.600000000000023,59.62880859374991,23.040002441406273,54.2399841308594,109.19047851562482,-6.720068359375091,245.2799316406249,209.862548828125,-126.24008789062509,-276.0000976562501,-91.37918701171884,-29.279992675781273,47.039990234374955,67.372802734375
1763689028.0542445,2,2,1,0.07244242366309814,0.08268177879020033,-1.6082088433381272,-0.001071422882636109,-0.005406013713694483,-0.0004766159528837213,120.48000488281241,26.399987792968773,51.88491210937491,27.840020751953148,63.83999023437502,113.06254882812482,-6.720068359375091,259.6800781249999,217.6064453125,-133.4400390625001,-292.8001464843751,-99.12320556640634,-34.08001098632815,49.440014648437455,78.98876953125
1763689028.146347,2,2,1,0.09724518491976716,0.07207088974424998,-1.910855401441716,-0.0010639892271331816,-0.006496672653697322,-0.0003495927122483728,132.4800048828124,31.200036621093773,55.75673828124991,23.040002441406273,68.6400085449219,128.55034179687482,-6.720068359375091,271.6800781249999,229.222412109375,-145.4400390625001,-309.5999511718751,-106.86722412109384,-34.08001098632815,51.840039062499955,78.98876953125
1763689028.2553692,2,2,1,0.023271902645960567,0.025033248543666224,-2.092745252872323,-0.004577245489737287,-0.002367227227734351,-0.000659014330216963,144.4800048828124,36.00002441406252,67.37294921874991,25.439996337890648,80.6400085449219,144.03813476562482,-16.32004394531259,290.8800292968749,252.454345703125,-152.6399902343751,-340.8001464843751,-110.73917236328134,-29.279992675781273,51.840039062499955,82.86083984375
1763689028.3479128,2,2,1,0.06118915011248975,0.01892900503141557,-2.5014108889315487,-0.005549068965871177,-0.0036122069887593025,0.00028535796837381877,151.6799560546874,33.60000000000002,63.50087890624991,27.840020751953148,78.2399841308594,144.03813476562482,-13.920019531250091,310.0799804687499,252.454345703125,-159.8399414062501,-360.0000976562501,-118.48319091796884,-34.08001098632815,49.440014648437455,94.476806640625
1763689028.5486434,2,2,1,0.03467510731124566,-0.026654891773818478,-2.964352073346868,-0.008099137668790488,-0.0023397209669161196,-0.00019945337743635085,168.4800048828124,52.80007324218752,71.24477539062491,35.04000244140627,97.43999633789065,163.39848632812482,-16.32004394531259,341.2799316406249,275.6865234375,-186.2400878906251,-400.8001464843751,-137.84317626953134,-34.08001098632815,63.840039062499955,106.0927734375
1763689028.6445749,2,2,1,0.018346975897055674,-0.06750125203005668,-3.367402289651618,-0.008700736636190814,-0.004215272912247299,-3.0068933775098216e-05,173.2799316406249,50.40004882812502,78.98891601562491,32.6400085449219,104.6400085449219,175.01420898437482,-21.12009277343759,346.0799804687499,283.430419921875,-195.8399414062501,-420.0000976562501,-149.4592041015626,-31.679986572265648,59.039990234374955,98.348876953125
1763689029.1421883,2,2,1,0.17293456719630101,-0.06012325990813842,-5.009483645390722,-0.011263628576354694,-0.008675400157788365,-0.0005521503712515076,221.2799316406249,74.40004882812502,106.09291992187491,39.84002075195315,131.04000244140627,233.09428710937482,-33.12009277343759,439.6800781249999,356.99853515625,-246.2400878906251,-540.0000976562501,-176.5632080078126,-31.679986572265648,80.63996582031245,133.19677734375
1763689029.2516084,2,2,1,0.12675397084666631,-0.017686172131733048,-5.395646248826754,-0.010742490350330789,-0.005135623365276936,-0.0008468720112879896,226.0799804687499,74.40004882812502,106.09291992187491,37.44002685546877,138.24001464843752,240.83842773437482,-28.32004394531259,449.2799316406249,372.486328125,-253.4400390625001,-561.5999511718751,-168.8191894531251,-34.08001098632815,80.63996582031245,129.32470703125
1763689029.3484657,2,2,1,0.2651225558579641,0.004337009013719896,-5.730276368660651,-0.006554559467403843,-0.013035224042218416,-0.0012652761119253666,235.6799560546874,81.60000000000002,113.83681640624991,35.04000244140627,150.24001464843752,256.3262207031248,-37.92001953125009,468.4801269531249,380.23046875,-270.2400878906251,-590.4000000000001,-180.43521728515634,-34.08001098632815,83.03999023437495,140.94091796875
1763689029.4553611,2,2,1,0.1398895482710596,0.012464958564905898,-6.197835498851094,-0.009872535528781454,-0.007300819759688157,-0.000741917486321097,0,0,0,0,0,0,0,0,0,0,0,0,0,0,0
1763689029.5484102,2,2,1,0.16750080869997297,-0.028714225748542065,-6.5997663759094936,-0.009165434651874908,-0.006715832542327335,-0.001191533154423128,247.6799560546874,86.40004882812502,117.70888671874991,35.04000244140627,167.04000244140627,275.6865722656248,-45.12009277343759,492.4801269531249,415.078369140625,-287.0401367187501,-640.8001464843751,-203.6672119140626,-36.48000488281252,92.63996582031245,140.94091796875
1763689029.6420336,2,2,1,0.023553490709045784,0.0368617203178637,-7.149465649649429,-0.00783692135633661,-0.0016092867106058395,-0.0005259295758244844,250.0799804687499,93.60000000000002,117.70888671874991,32.6400085449219,174.24001464843752,271.8145019531248,-45.12009277343759,502.0799804687499,418.950439453125,-294.2400878906251,-655.2000488281251,-203.6672119140626,-26.879998779296898,92.63996582031245,137.06884765625
1763689029.7016275,2,2,1,0.06046128171146323,0.05702049366131026,-7.101018645230281,-0.008158740353231865,-0.0022077039131996237,-0.0008248642129220667,252.4800048828124,98.40004882812502,129.3248535156249,32.6400085449219,181.43999633789065,295.0464355468748,-49.92001953125009,509.2799316406249,434.4384765625,-296.6399902343751,-676.8001464843751,-207.53922119140634,-29.279992675781273,95.03999023437495,137.06884765625
1763689029.8446739,2,2,1,0.07008386876739703,0.13317549537707216,-7.6879951025119455,-0.0027084609269354687,-3.0313550801188208e-05,-0.0013297098277092667,274.0799804687499,105.60000000000002,125.45278320312491,42.24001464843752,195.83999023437502,295.0464355468748,-49.92001953125009,550.0799804687499,449.926513671875,-315.8399414062501,-710.4000000000001,-230.7712158203126,-26.879998779296898,95.03999023437495,152.556884765625
1763689029.889556,2,2,1,0.07209795293253365,0.10074411928955669,-7.836374857167311,-0.0016504092078989015,-5.458147742199056e-05,-0.00035888805726879444,276.4800048828124,98.40004882812502,125.45278320312491,32.6400085449219,195.83999023437502,306.6621582031248,-49.92001953125009,528.4801269531249,457.67041015625,-311.0401367187501,-712.8001464843751,-223.0271972656251,-26.879998779296898,99.84003906249995,140.94091796875
1763689030.0460064,2,2,1,0.0498076519151552,0.10304548479218688,-8.398758053968432,-0.004500082838877706,-0.0010853097239248658,-0.0012761850163097777,276.4800048828124,105.60000000000002,133.1969238281249,32.6400085449219,210.24001464843752,310.5342285156248,-57.12009277343759,554.8800292968749,465.41455078125,-325.4400390625001,-746.4000000000001,-242.3871826171876,-29.279992675781273,107.03999023437495,140.94091796875
1763689030.0904274,2,2,1,0.0794171169916813,0.09981667168642208,-8.584122684973376,-0.0037262047209432603,-0.00014419173477979615,-0.0004005014080283333,276.4800048828124,105.60000000000002,133.1969238281249,35.04000244140627,205.43999633789065,318.2783691406248,-49.92001953125009,566.8800292968749,477.030517578125,-318.2400878906251,-758.4000000000001,-234.64322509765634,-31.679986572265648,104.63996582031245,144.812744140625
1763689030.187329,2,2,1,0.157384216370567,0.12859677050690477,-8.648199876710748,-0.0033126678090168345,-0.004275367845445362,-0.0011290943700465565,283.6799560546874,103.19997558593752,129.3248535156249,32.6400085449219,212.6400085449219,314.4062988281248,-49.92001953125009,576.4801269531249,492.5185546875,-332.6399902343751,-770.4000000000001,-254.00321044921884,-34.08001098632815,111.84003906249995,152.556884765625
1763689030.2814066,2,2,1,0.23029824417907446,0.22812104672482272,-9.002174955709254,0.0006402402513987389,-0.008928949008002209,-0.0008575306333060799,298.0799804687499,110.40004882812502,137.0687499999999,35.04000244140627,219.83999023437502,322.1504394531248,-52.32004394531259,586.0799804687499,504.134521484375,-342.2400878906251,-792.0000976562501,-265.61917724609384,-38.8799987792969,109.44001464843745,148.684814453125
1763689030.452118,2,2,1,0.035694009918630434,0.16766932795015527,-9.79963531065927,-0.0017132203605866245,-0.0010894818107912152,-0.0015354787334679707,0,0,0,0,0,0,0,0,0,0,0,0,0,0,0
1763689030.481294,2,2,1,0.020984093764587555,0.14440501002744574,-9.92092501723977,-0.0026191438463903857,-0.00023854354278826997,-0.001502269193683994,305.2799316406249,108.00002441406252,137.0687499999999,37.44002685546877,231.83999023437502,326.0225097656248,-54.72006835937509,595.6800781249999,519.62255859375,-347.0401367187501,-811.2000488281251,-273.36319580078134,-31.679986572265648,114.23994140624995,156.4287109375
1763689031.2502477,2,2,1,0.10275521488215299,0.25930804209196967,-8.87118657966336,0.004054487117321249,-0.003737322081060023,-0.0010312546629209056,298.0799804687499,110.40004882812502,148.6849609374999,35.04000244140627,222.24001464843752,329.8945800781248,-52.32004394531259,593.2799316406249,519.62255859375,-347.0401367187501,-808.8001464843751,-265.61917724609384,-34.08001098632815,119.03999023437495,148.684814453125
1763689031.3437219,2,2,1,0.10730428365536732,0.32592014733479296,-8.831368821172234,0.005613210349151139,-0.004130182607591296,-0.0013289128603885445,298.0799804687499,103.19997558593752,137.0687499999999,35.04000244140627,219.83999023437502,329.8945800781248,-57.12009277343759,600.4801269531249,523.494384765625,-344.6399902343751,-806.4000000000001,-265.61917724609384,-36.48000488281252,114.23994140624995,152.556884765625
1763689031.4516973,2,2,1,0.11877454379215492,0.2718927241150742,-8.819415956977258,0.004524472726819918,-0.004430661724218606,-0.000699326138205703,300.4800048828124,103.19997558593752,140.9408203124999,39.84002075195315,222.24001464843752,333.7661621093748,-57.12009277343759,590.8800292968749,515.75048828125,-344.6399902343751,-808.8001464843751,-261.74722900390634,-34.08001098632815,116.63996582031245,152.556884765625
1763689031.544819,2,2,1,0.13588168117718516,0.31555221401000183,-8.799842332601175,0.00505751864122489,-0.0056001952368737,-0.0010851048429970783,295.6799560546874,105.60000000000002,140.9408203124999,32.6400085449219,224.6400085449219,333.7661621093748,-52.32004394531259,595.6800781249999,515.75048828125,-342.2400878906251,-801.6001953125001,-265.61917724609384,-31.679986572265648,114.23994140624995,148.684814453125
1763689031.7492726,2,2,1,0.11795320415026754,0.3034705815746635,-8.614031564152612,0.005168152707934713,-0.004948265904775262,-0.0013296704378168223,295.6799560546874,108.00002441406252,144.8128906249999,32.6400085449219,222.24001464843752,333.7661621093748,-49.92001953125009,595.6800781249999,531.238525390625,-344.6399902343751,-804.0000976562501,-265.61917724609384,-36.48000488281252,119.03999023437495,148.684814453125
1763689032.1515741,2,2,1,0.11442636046966703,0.3234153845758565,-8.442009727749022,0.006218899918797319,-0.004790940907565287,-0.0013435094204636063,298.0799804687499,103.19997558593752,137.0687499999999,32.6400085449219,222.24001464843752,329.8945800781248,-47.51999511718759,588.4801269531249,519.62255859375,-347.0401367187501,-806.4000000000001,-261.74722900390634,-36.48000488281252,119.03999023437495,148.684814453125
1763689032.2424507,2,2,1,0.10708846681071851,0.31702649106972347,-8.52830619007242,0.00581306736161924,-0.004376159820850453,-0.0008281415984574471,295.6799560546874,105.60000000000002,144.8128906249999,30.240014648437523,222.24001464843752,329.8945800781248,-52.32004394531259,593.2799316406249,527.366455078125,-344.6399902343751,-806.4000000000001,-265.61917724609384,-36.48000488281252,121.44001464843745,156.4287109375
1763689032.4485438,2,2,1,0.1321093797199979,0.31275152203292356,-8.495271990210336,0.0059697184002260005,-0.004682737853595744,-0.0005027569562812669,290.8800292968749,105.60000000000002,140.9408203124999,35.04000244140627,222.24001464843752,333.7661621093748,-54.72006835937509,593.2799316406249,531.238525390625,-347.0401367187501,-801.6001953125001,-261.74722900390634,-34.08001098632815,116.63996582031245,148.684814453125
1763689032.5473099,2,2,1,0.1353875252959639,0.34057840030233355,-8.412760648360207,0.005537952013354115,-0.004520780395276968,-0.0009466896514808683,0,0,0,0,0,0,0,0,0,0,0,0,0,0,0
1763689032.652116,2,2,1,0.12369635816459103,0.33624939296561496,-8.409756191087087,0.006168766476632906,-0.004406129556751053,-0.0010987537285787993,298.0799804687499,100.80007324218752,137.0687499999999,30.240014648437523,222.24001464843752,329.8945800781248,-49.92001953125009,590.8800292968749,531.238525390625,-344.6399902343751,-804.0000976562501,-261.74722900390634,-38.8799987792969,119.03999023437495,148.684814453125
1763689032.7469397,2,2,1,0.13448080248560354,0.30160576116119386,-8.379564217088497,0.005402834359575774,-0.004599255992009329,-0.0007756450594569237,293.2799316406249,105.60000000000002,148.6849609374999,32.6400085449219,219.83999023437502,337.6382324218748,-52.32004394531259,593.2799316406249,527.366455078125,-344.6399902343751,-808.8001464843751,-265.61917724609384,-38.8799987792969,121.44001464843745,152.556884765625
1763689032.8549273,2,2,1,0.12656042876519769,0.31520880372937404,-8.430324697024835,0.005326125556147102,-0.004259926336400944,-0.0007951898133504057,288.4800048828124,103.19997558593752,144.8128906249999,30.240014648437523,217.43999633789065,329.8945800781248,-52.32004394531259,590.8800292968749,527.366455078125,-344.6399902343751,-801.6001953125001,-254.00321044921884,-41.27999267578127,121.44001464843745,152.556884765625
1763689032.9475994,2,2,1,0.13434294807783959,0.3066329413401302,-8.343817193391754,0.0056336284047682275,-0.0058082368995913194,-0.0007625765667945264,0,0,0,0,0,0,0,0,0,0,0,0,0,0,0
1763689033.0583496,2,2,1,0.08071771737505942,0.2724375967980707,-8.291815278891661,0.005673945937630733,-0.00420258445581057,-0.0012092625253320459,293.2799316406249,105.60000000000002,140.9408203124999,30.240014648437523,217.43999633789065,337.6382324218748,-49.92001953125009,590.8800292968749,523.494384765625,-344.6399902343751,-796.8001464843751,-257.8752197265626,-36.48000488281252,123.84003906249995,144.812744140625
1763689033.1489198,2,2,1,0.1590266262026912,0.32266859102851964,-8.156777349159407,0.006148638020539759,-0.006359260412009833,-0.0013988167160643528,295.6799560546874,103.19997558593752,137.0687499999999,35.04000244140627,217.43999633789065,326.0225097656248,-52.32004394531259,581.2799316406249,523.494384765625,-347.0401367187501,-792.0000976562501,-246.25919189453134,-34.08001098632815,119.03999023437495,148.684814453125
1763689033.2424808,2,2,1,0.11748938238345474,0.2984854797986374,-7.8034641452766635,0.005895059449465629,-0.006247981314417599,-0.0008804286828148251,281.2799316406249,100.80007324218752,140.9408203124999,30.240014648437523,207.83999023437502,318.2783691406248,-52.32004394531259,574.0799804687499,508.00634765625,-337.4400390625001,-780.0000976562501,-250.1312011718751,-38.8799987792969,114.23994140624995,148.684814453125
1763689033.3522196,2,2,1,0.07115022973768295,0.29116768768131307,-7.390740663087372,0.004576894939384256,-0.0020802652998765936,-0.0006587544252897946,278.8800292968749,98.40004882812502,140.9408203124999,30.240014648437523,200.6400085449219,318.2783691406248,-47.51999511718759,562.0799804687499,504.134521484375,-330.2400878906251,-758.4000000000001,-238.51517333984384,-36.48000488281252,116.63996582031245,140.94091796875
1763689033.4456122,2,2,1,0.20101152320333518,0.3450049281755998,-6.92419258952353,0.007574528764624767,-0.008718774693838695,-0.000955000166269186,264.4800048828124,93.60000000000002,144.8128906249999,25.439996337890648,183.83999023437502,310.5342285156248,-42.72006835937509,552.4801269531249,492.5185546875,-320.6399902343751,-734.4000000000001,-219.15518798828134,-34.08001098632815,111.84003906249995,140.94091796875
1763689033.8512769,2,2,1,0.4138662486255231,0.389016210586456,-4.500532564486356,0.012640153121676335,-0.0187192430206604,-0.0006997930928045853,216.4800048828124,74.40004882812502,121.58095703124991,13.439996337890648,143.04000244140627,264.0703613281248,-30.72006835937509,468.4801269531249,418.950439453125,-263.0401367187501,-619.2000488281251,-161.0751708984376,-38.8799987792969,97.44001464843745,121.580810546875
1763689033.9453716,2,2,1,0.4102443115355516,0.3949789585298437,-4.015052002377406,0.01200679836802658,-0.019303595395417008,-0.0003734094177992736,0,0,0,0,0,0,0,0,0,0,0,0,0,0,0
1763689034.2560608,2,2,1,0.3222414139642416,0.2910073416084974,-2.528467058365849,0.008746861938679084,-0.018509065945733476,0.0003095334817675236,0,0,0,0,0,0,0,0,0,0,0,0,0,0,0
1763689034.3480582,2,2,1,0.18309420887933847,0.1874332034618947,-1.9394865599834752,0.008169436249224876,-0.013943192060634442,-0.0004099057767947962,151.6799560546874,40.80007324218752,82.86074218749991,8.640008544921898,71.04000244140627,167.27055664062482,-11.519995117187591,348.4801269531249,310.534423828125,-159.8399414062501,-424.8001464843751,-95.25119628906259,-43.67998657226565,71.03999023437495,94.476806640625
1763689034.4417202,2,2,1,0.3060619727538963,0.3084842093271943,-1.4311595983464636,0.009342606426910139,-0.018307386208471582,-0.001251840647910297,0,0,0,0,0,0,0,0,0,0,0,0,0,0,0
1763689034.5487435,2,2,1,0.2500254175135396,0.1739042035527637,-1.1709745646220129,0.007125309836990102,-0.015468714741344283,-0.0008430973088804446,130.0799804687499,28.800012207031273,63.50087890624991,8.640008544921898,56.6400085449219,136.29448242187482,-1.920019531250091,300.4801269531249,267.9423828125,-131.0401367187501,-357.5999511718751,-91.37918701171884,-43.67998657226565,66.23994140624995,75.11669921875
1763689034.641955,2,2,1,0.2443491803391415,0.2676327938219654,-0.9600469979706484,0.009476066670849468,-0.01622314457937098,-0.0005313035166572365,115.67995605468741,21.600000000000023,63.50087890624991,1.4399963378906477,42.2399841308594,124.67827148437482,2.879907226562409,274.0799804687499,260.198486328125,-116.63999023437509,-324.0000976562501,-75.89121093750009,-41.27999267578127,56.639965820312455,71.244873046875
1763689034.7520778,2,2,1,0.2533045963915349,0.3094354184243166,-0.7075424897517922,0.009890477406142205,-0.015712647822451197,-0.0004429025091364376,103.67995605468741,12.000024414062523,51.88491210937491,1.4399963378906477,35.04000244140627,113.06254882812482,7.679956054687409,257.2799316406249,244.71044921875,-104.63999023437509,-297.5999511718751,-64.27518310546884,-46.08001098632815,56.639965820312455,55.7568359375
1763689034.9528298,2,2,1,0.1948923405761319,0.28778829299803027,-0.43124039769522726,0.011275902324735307,-0.014487125998245285,-0.0009611107148079464,84.48000488281241,4.800012207031273,44.14077148437491,-5.759985351562477,23.040002441406273,85.95854492187482,10.079980468749909,223.6800781249999,221.478515625,-87.83994140625009,-252.0000976562501,-52.65921630859384,-48.48000488281252,51.840039062499955,44.140869140625
1763689035.04473,2,2,1,0.19067390200114046,0.31179261795415547,-0.29471124917168223,0.012342599942213685,-0.012835199087769271,-0.0006748511360039047,72.48000488281241,-2.3999999999999773,44.14077148437491,-5.759985351562477,3.8399902343750227,70.47026367187482,14.879907226562409,206.8800292968749,213.734375,-78.24008789062509,-228.0000976562501,-33.29916992187509,-50.8799987792969,54.239941406249955,44.140869140625
1763689036.344116,2,2,1,-0.23296883821908587,0.16298352228535717,0.2738263516929551,0.002834810346483078,0.00676498556417346,-0.0009626670281869714,46.07998046874991,-14.399999999999977,9.292871093749909,6.240014648437523,20.640008544921898,31.750292968749818,12.480004882812409,108.48000488281241,128.550537109375,-61.44003906250009,-112.80014648437509,-56.53122558593759,-31.679986572265648,27.840039062499955,1.548828125
1763689036.642511,2,2,1,-0.12800091097759914,0.1765768819672507,0.30327128665214187,0.002662292507398397,0.00491421301264211,-0.0004078062148138731,41.27993164062491,-14.399999999999977,9.292871093749909,11.040002441406273,20.640008544921898,16.262255859374818,14.879907226562409,101.28005371093741,113.0625,-59.04013671875009,-96.00009765625009,-48.78720703125009,-31.679986572265648,27.840039062499955,5.4208984375
1763689036.9537482,2,2,1,0.329025239774705,-0.37276483841352637,0.3725891905733473,-0.008044717945708334,-0.004309112223447487,-0.0010897425142175868,43.67995605468741,-21.600012207031227,9.292871093749909,15.840020751953148,20.640008544921898,12.390429687499818,14.879907226562409,96.48000488281241,113.0625,-51.83994140625009,-93.59995117187509,-52.65921630859384,-36.48000488281252,23.039990234374955,5.4208984375
1763689037.3432398,2,2,1,-0.15085543496959128,0.19348837552907627,0.38719691676974377,0.0023291040030520363,0.004452692827747299,-0.00014620091810641617,46.07998046874991,-19.199987792968727,-6.195166015625091,13.439996337890648,18.239984130859398,12.390429687499818,14.879907226562409,98.88002929687491,105.318359375,-54.24008789062509,-81.59995117187509,-60.40317382812509,-29.279992675781273,23.039990234374955,1.548828125
1763689037.7502573,2,2,1,-0.14628202530540277,0.12606773380505445,0.39941600316693127,0.0007767601963755387,0.0036588058390317284,-0.000455625406618568,38.88002929687491,-21.600012207031227,1.548730468749909,13.439996337890648,20.640008544921898,8.518359374999818,14.879907226562409,94.07998046874991,101.446533203125,-54.24008789062509,-76.80014648437509,-60.40317382812509,-26.879998779296898,20.639965820312455,1.548828125
1763689037.953256,2,2,1,-0.14058175512231455,0.05200622690293988,0.36564793780176186,0.0006612257130590817,0.003716566195623095,-0.0006962483881471253,38.88002929687491,-19.199987792968727,-2.323095703125091,8.640008544921898,18.239984130859398,4.646289062499818,12.480004882812409,89.28005371093741,97.574462890625,-47.04013671875009,-72.00009765625009,-60.40317382812509,-31.679986572265648,18.239941406249955,1.548828125
1763689038.2484787,2,2,1,-0.15826848752574318,0.1204891168119035,0.3176234208240144,0.0013736688273531504,0.004137343553850226,-0.00040339009642105603,36.48000488281241,-21.600012207031227,-2.323095703125091,13.439996337890648,15.839990234375023,4.646289062499818,12.480004882812409,86.88002929687491,105.318359375,-47.04013671875009,-67.20004882812509,-56.53122558593759,-29.279992675781273,23.039990234374955,1.548828125
1763689038.2775168,2,2,1,-0.12345511448853079,0.09116540093223328,0.24779094049327433,0.0009536424676900885,0.003735291953041799,-0.00042787321817575844,38.88002929687491,-19.199987792968727,-6.195166015625091,15.840020751953148,15.839990234375023,8.518359374999818,10.079980468749909,86.88002929687491,101.446533203125,-49.44003906250009,-64.80014648437509,-52.65921630859384,-29.279992675781273,23.039990234374955,-2.3232421875
1763689038.4516492,2,2,1,-0.14029660229230584,0.09115142946170574,0.41783660111386767,0.0009810881395042532,0.003726063304812159,-0.0013051040726228108,38.88002929687491,-19.199987792968727,-10.067236328125091,13.439996337890648,18.239984130859398,4.646289062499818,14.879907226562409,84.48000488281241,89.83056640625,-47.04013671875009,-67.20004882812509,-52.65921630859384,-31.679986572265648,18.239941406249955,-6.195068359375
1763689038.8434913,2,2,1,-0.12342629271105186,0.09902581186872791,0.3660273811379095,0.0010353124529715947,0.004131334749206334,-0.0010113398049515253,34.07998046874991,-19.199987792968727,-6.195166015625091,11.040002441406273,18.239984130859398,-3.097607421875182,14.879907226562409,79.67995605468741,89.83056640625,-42.24008789062509,-62.40000000000009,-52.65921630859384,-26.879998779296898,18.239941406249955,-6.195068359375
1763689038.9516025,2,2,1,-0.15130316209550493,0.0775690589169549,0.35206493811905537,0.0013637333559645558,0.0037223527225093787,-0.0008565809961627463,34.07998046874991,-21.600012207031227,-10.067236328125091,13.439996337890648,23.040002441406273,8.518359374999818,14.879907226562409,82.07998046874991,85.95849609375,-42.24008789062509,-62.40000000000009,-56.53122558593759,-29.279992675781273,20.639965820312455,1.548828125
1763689039.04704,2,2,1,-0.13143537650463344,0.12700755754336085,0.3840974315201232,0.001287172984716544,0.003443833137094083,-0.00045907779873046817,34.07998046874991,-19.199987792968727,-6.195166015625091,15.840020751953148,20.640008544921898,8.518359374999818,14.879907226562409,82.07998046874991,82.08642578125,-35.04013671875009,-62.40000000000009,-52.65921630859384,-29.279992675781273,18.239941406249955,1.548828125
1763689039.2530591,2,2,1,-0.13253323970642492,0.10640059993851264,0.3333618110229746,0.0012707163835631939,0.0037314044100519267,-0.00039721031903947523,31.67995605468741,-21.600012207031227,-6.195166015625091,15.840020751953148,18.239984130859398,0.7744628906248181,14.879907226562409,74.88002929687491,89.83056640625,-39.83994140625009,-60.00009765625009,-56.53122558593759,-26.879998779296898,20.639965820312455,-2.3232421875
1763689039.3440478,2,2,1,-0.1231322063739563,0.11040584986677165,0.4002874094469795,0.001143854537954981,0.0037564391313199526,-0.0009215300944099439,31.67995605468741,-19.199987792968727,-10.067236328125091,18.240014648437523,23.040002441406273,4.646289062499818,17.27993164062491,77.28005371093741,85.95849609375,-37.44003906250009,-55.20004882812509,-56.53122558593759,-29.279992675781273,15.840039062499955,-13.939208984375
1763689039.5481758,2,2,1,-0.11370964159956606,0.10577178316973085,0.43259708100770045,0.0009584617146162857,0.0035785894367683767,-0.0005977541168041247,31.67995605468741,-21.600012207031227,-13.939062500000091,13.439996337890648,20.640008544921898,-3.097607421875182,12.480004882812409,77.28005371093741,82.08642578125,-37.44003906250009,-57.59995117187509,-56.53122558593759,-24.480004882812523,20.639965820312455,-10.067138671875
1763689039.7536414,2,2,1,-0.13216261229967669,0.11940509020614377,0.3007873917336986,0.001375519134660406,0.0029736347090925635,-0.0003315196255246405,36.48000488281241,-19.199987792968727,-10.067236328125091,8.640008544921898,18.239984130859398,0.7744628906248181,14.879907226562409,72.48000488281241,82.08642578125,-37.44003906250009,-55.20004882812509,-52.65921630859384,-26.879998779296898,18.239941406249955,-10.067138671875
1763689039.8421931,2,2,1,-0.08852429593437973,0.0697354164439219,0.34639819077309697,0.0006365554342027038,0.0037310044873461656,-0.0007832532693445997,34.07998046874991,-19.199987792968727,-6.195166015625091,13.439996337890648,18.239984130859398,-6.969677734375182,17.27993164062491,72.48000488281241,82.08642578125,-39.83994140625009,-55.20004882812509,-56.53122558593759,-26.879998779296898,15.840039062499955,-10.067138671875
1763689040.0453694,2,2,1,-0.14646099670018034,0.11541454143173854,0.38219744455262006,0.0006810770727217162,0.0038474415476050664,-0.0005393973044728945,31.67995605468741,-23.999975585937477,-13.939062500000091,18.240014648437523,20.640008544921898,-3.097607421875182,14.879907226562409,70.07998046874991,74.342529296875,-35.04013671875009,-55.20004882812509,-48.78720703125009,-29.279992675781273,13.440014648437455,-10.067138671875
1763689040.1543684,2,2,1,-0.15699402264969786,0.08031580256656651,0.315839444380615,0.0006972239309401905,0.004131354204010329,-0.0009507361607063475,31.67995605468741,-21.600012207031227,-17.81113281250009,13.439996337890648,18.239984130859398,-10.841748046875182,12.480004882812409,70.07998046874991,78.21435546875,-35.04013671875009,-55.20004882812509,-60.40317382812509,-26.879998779296898,18.239941406249955,-10.067138671875
1763689040.2469265,2,2,1,-0.15602434901393425,0.13763538431352573,0.34957623524132286,0.0010082699653869672,0.004584496504265564,-0.000707721228254717,31.67995605468741,-19.199987792968727,-10.067236328125091,11.040002441406273,18.239984130859398,-6.969677734375182,17.27993164062491,70.07998046874991,74.342529296875,-32.63999023437509,-52.80014648437509,-60.40317382812509,-22.080010986328148,20.639965820312455,-13.939208984375
1763689040.3550668,2,2,1,-0.13948428191518117,0.10175075979139397,0.3494146618172582,0.0008985672129278935,0.003602950302469885,-0.0005490487450011033,0,0,0,0,0,0,0,0,0,0,0,0,0,0,0
1763689040.4464047,2,2,1,-0.14213438588766972,0.07124389897935748,0.35080247733864056,0.001139541184405965,0.003923934433425683,-0.0010138253172263427,29.27993164062491,-21.600012207031227,-13.939062500000091,8.640008544921898,18.239984130859398,0.7744628906248181,19.67995605468741,65.28005371093741,74.342529296875,-35.04013671875009,-55.20004882812509,-56.53122558593759,-26.879998779296898,18.239941406249955,-10.067138671875
1763689040.5690045,2,2,1,-0.12160637015672854,0.09218448546939145,0.3310015490466399,0.0006554814847489661,0.0033490009265524845,-0.00039963765811762636,31.67995605468741,-23.999975585937477,-6.195166015625091,11.040002441406273,13.439996337890648,-6.969677734375182,10.079980468749909,72.48000488281241,74.342529296875,-35.04013671875009,-50.40000000000009,-52.65921630859384,-24.480004882812523,13.440014648437455,-10.067138671875
1763689040.6611533,2,2,1,-0.10601898231348166,0.11143202899119393,0.3155495923479904,0.001137233277694171,0.0034086924732401667,-0.0007175433042677156,26.88002929687491,-19.199987792968727,-13.939062500000091,8.640008544921898,20.640008544921898,-10.841748046875182,14.879907226562409,65.28005371093741,78.21435546875,-35.04013671875009,-55.20004882812509,-52.65921630859384,-17.279992675781273,13.440014648437455,-10.067138671875
1763689040.7585094,2,2,1,-0.12384481697329054,0.1308059490972214,0.3343951975653015,0.001456602455553558,0.003663721843464577,-0.0010236926427052212,29.27993164062491,-19.199987792968727,-13.939062500000091,13.439996337890648,18.239984130859398,-3.097607421875182,14.879907226562409,65.28005371093741,74.342529296875,-32.63999023437509,-50.40000000000009,-52.65921630859384,-24.480004882812523,15.840039062499955,-10.067138671875
1763689040.850064,2,2,1,-0.11364608848669693,0.11740796275665426,0.3154810287767633,0.0010228179156794497,0.003188162422364974,-0.0005622363694238059,29.27993164062491,-16.799963378906227,-10.067236328125091,8.640008544921898,18.239984130859398,-6.969677734375182,14.879907226562409,62.88002929687491,74.342529296875,-35.04013671875009,-50.40000000000009,-52.65921630859384,-29.279992675781273,11.039990234374955,-10.067138671875
1763689041.054094,2,2,1,-0.11483309072815304,0.07605070492047072,0.3482671477826609,0.0008573112842153443,0.003677099467373695,-0.0006256802310811917,26.88002929687491,-21.600012207031227,-10.067236328125091,11.040002441406273,18.239984130859398,-3.097607421875182,10.079980468749909,67.67995605468741,74.342529296875,-32.63999023437509,-50.40000000000009,-52.65921630859384,-24.480004882812523,18.239941406249955,-13.939208984375
1763689041.149875,2,2,1,-0.12278846015480657,0.15185439019593383,0.3339059139313645,0.0014779525670503206,0.0033606060582646678,-0.00040024043351862904,29.27993164062491,-21.600012207031227,-21.68320312500009,13.439996337890648,18.239984130859398,-3.097607421875182,17.27993164062491,62.88002929687491,74.342529296875,-32.63999023437509,-52.80014648437509,-52.65921630859384,-22.080010986328148,13.440014648437455,-13.939208984375
1763689041.260053,2,2,1,-0.1472139050605635,0.1261256958635914,0.3156173366637022,0.0009240822533809478,0.0037501884719825275,-0.00025034926483689923,31.67995605468741,-19.199987792968727,-17.81113281250009,13.439996337890648,15.839990234375023,-3.097607421875182,14.879907226562409,65.28005371093741,74.342529296875,-32.63999023437509,-45.59995117187509,-52.65921630859384,-22.080010986328148,11.039990234374955,-13.939208984375
1763689041.349432,2,2,1,-0.12411616325086368,0.1006561661671471,0.31605625051855096,0.0012148931454295925,0.0038467417701669327,-0.0005595157011175304,29.27993164062491,-19.199987792968727,-13.939062500000091,13.439996337890648,15.839990234375023,-10.841748046875182,14.879907226562409,62.88002929687491,70.470458984375,-32.63999023437509,-48.00009765625009,-56.53122558593759,-26.879998779296898,13.440014648437455,-10.067138671875
1763689041.455073,2,2,1,-0.09653135247752509,0.10659388076428256,0.3985733609523352,0.0009600283695321704,0.003239475704229668,-0.0006101423424348441,26.88002929687491,-19.199987792968727,-13.939062500000091,11.040002441406273,15.839990234375023,-14.713574218750182,14.879907226562409,62.88002929687491,66.598388671875,-32.63999023437509,-45.59995117187509,-48.78720703125009,-24.480004882812523,6.2399414062499545,-10.067138671875
1763689041.6458817,2,2,1,-0.1412061319618649,0.10157722186597894,0.28299011941903196,0.001216127869974899,0.003799525626260557,-0.0003367741558989439,31.67995605468741,-19.199987792968727,-17.81113281250009,8.640008544921898,20.640008544921898,-10.841748046875182,19.67995605468741,65.28005371093741,66.598388671875,-32.63999023437509,-45.59995117187509,-60.40317382812509,-24.480004882812523,13.440014648437455,-13.939208984375
1763689041.7537937,2,2,1,-0.10609461809911563,0.1013869812105819,0.31562790697690624,0.0010478684022207146,0.0034145240657062017,-0.0010297497263946477,26.88002929687491,-21.600012207031227,-21.68320312500009,13.439996337890648,18.239984130859398,-10.841748046875182,17.27993164062491,60.48000488281241,58.8544921875,-30.24008789062509,-43.20004882812509,-52.65921630859384,-22.080010986328148,18.239941406249955,-17.811279296875
1763689041.848862,2,2,1,-0.12369509598197503,0.08545400835243964,0.31677810036549037,0.0011034820443959078,0.002720123854559271,-0.0004804793018655429,29.27993164062491,-19.199987792968727,-21.68320312500009,8.640008544921898,20.640008544921898,-6.969677734375182,12.480004882812409,60.48000488281241,66.598388671875,-32.63999023437509,-48.00009765625009,-52.65921630859384,-22.080010986328148,18.239941406249955,-13.939208984375
1763689042.0491874,2,2,1,-0.10463069775020162,0.10954373108982679,0.3305943221197488,0.000787636449836762,0.0037674410841830154,-0.0007134589944803026,26.88002929687491,-21.600012207031227,-21.68320312500009,8.640008544921898,18.239984130859398,-6.969677734375182,14.879907226562409,60.48000488281241,70.470458984375,-27.83994140625009,-45.59995117187509,-56.53122558593759,-26.879998779296898,13.440014648437455,-10.067138671875
1763689042.2486405,2,2,1,-0.09668383266597516,0.09663421351354652,0.3481929820643758,0.0008559348660889356,0.0032401301645126855,-0.0009404460855418749,26.88002929687491,-19.199987792968727,-13.939062500000091,11.040002441406273,18.239984130859398,-10.841748046875182,12.480004882812409,58.07998046874991,58.8544921875,-32.63999023437509,-45.59995117187509,-48.78720703125009,-26.879998779296898,13.440014648437455,-17.811279296875
1763689042.4500606,2,2,1,-0.13425267252563072,0.08596620539178414,0.3680112848804306,0.0014390045456334826,0.0039499971831538,-0.0007731539318692741,24.48000488281241,-21.600012207031227,-21.68320312500009,8.640008544921898,23.040002441406273,-10.841748046875182,12.480004882812409,60.48000488281241,66.598388671875,-30.24008789062509,-40.80014648437509,-52.65921630859384,-24.480004882812523,11.039990234374955,-10.067138671875
1763689042.6539671,2,2,1,-0.12380978228823007,0.1328718848843854,0.21633584584274757,0.0014577566319869044,0.003265303248193566,-0.00036249197063054246,22.07998046874991,-14.399999999999977,-25.55502929687509,11.040002441406273,18.239984130859398,-14.713574218750182,19.67995605468741,55.67995605468741,66.598388671875,-30.24008789062509,-40.80014648437509,-52.65921630859384,-19.679986572265648,8.639965820312455,-13.939208984375
1763689042.749107,2,2,1,-0.09715452069043448,0.14603444735981505,0.366452550689769,0.0014402942786150695,0.0033334438594680733,-0.0005447772116451971,24.48000488281241,-21.600012207031227,-21.68320312500009,8.640008544921898,23.040002441406273,-6.969677734375182,17.27993164062491,58.07998046874991,54.982421875,-27.83994140625009,-43.20004882812509,-56.53122558593759,-24.480004882812523,8.639965820312455,-21.68310546875
1763689042.8569372,2,2,1,-0.08794790258262387,0.09237679143274102,0.4151736509429109,0.0008470988912336343,0.002984669044644179,-0.0008381061848838427,24.48000488281241,-19.199987792968727,-25.55502929687509,11.040002441406273,18.239984130859398,-6.969677734375182,17.27993164062491,55.67995605468741,62.7265625,-25.44003906250009,-36.00009765625009,-52.65921630859384,-22.080010986328148,8.639965820312455,-13.939208984375
1763689042.9507916,2,2,1,-0.09683963540025622,0.11535599837876406,0.2634947199024212,0.000994218066505368,0.003595809666185199,-0.0003462061877779328,26.88002929687491,-19.199987792968727,-17.81113281250009,8.640008544921898,18.239984130859398,-14.713574218750182,17.27993164062491,53.28005371093741,62.7265625,-27.83994140625009,-38.40000000000009,-56.53122558593759,-22.080010986328148,11.039990234374955,-10.067138671875
1763689042.9798107,2,2,1,-0.11471633852838203,0.11479184439999815,0.33244484080367154,0.0011626675473146507,0.003860767766712677,-0.0007897263754861567,26.88002929687491,-16.799963378906227,-21.68320312500009,13.439996337890648,18.239984130859398,-10.841748046875182,14.879907226562409,53.28005371093741,58.8544921875,-27.83994140625009,-40.80014648437509,-52.65921630859384,-22.080010986328148,13.440014648437455,-17.811279296875
1763689043.0734322,2,2,1,-0.13476072581107912,0.12613361763064965,0.3529319443329221,0.001932129416103621,0.00385770542915252,-0.0007017509883170754,19.67995605468741,-21.600012207031227,-17.81113281250009,11.040002441406273,15.839990234375023,-18.585644531250182,17.27993164062491,53.28005371093741,66.598388671875,-27.83994140625009,-38.40000000000009,-52.65921630859384,-17.279992675781273,6.2399414062499545,-25.55517578125
1763689043.1544821,2,2,1,-0.11272840529431022,0.13749215627535574,0.2984610825137325,0.0010182276403600651,0.0030782181332636503,-0.00041376664617859954,26.88002929687491,-19.199987792968727,-17.81113281250009,13.439996337890648,23.040002441406273,-10.841748046875182,14.879907226562409,58.07998046874991,51.1103515625,-25.44003906250009,-40.80014648437509,-56.53122558593759,-29.279992675781273,13.440014648437455,-10.067138671875
1763689043.3576677,2,2,1,-0.12735491605633226,0.0909388280993034,0.30098893352422673,0.0018095065141244325,0.004066362571933397,-0.00017046815374102296,26.88002929687491,-21.600012207031227,-29.42709960937509,8.640008544921898,23.040002441406273,-14.713574218750182,14.879907226562409,53.28005371093741,62.7265625,-30.24008789062509,-38.40000000000009,-56.53122558593759,-22.080010986328148,11.039990234374955,-17.811279296875
1763689043.4611354,2,2,1,-0.13156429802458797,0.11728529230840945,0.33320624555891903,0.0011961609071248506,0.0034375760107717233,-0.0003204368684651374,26.88002929687491,-23.999975585937477,-21.68320312500009,11.040002441406273,20.640008544921898,-10.841748046875182,17.27993164062491,58.07998046874991,58.8544921875,-25.44003906250009,-38.40000000000009,-56.53122558593759,-22.080010986328148,15.840039062499955,-17.811279296875
1763689043.5700998,2,2,1,-0.09502713433610381,0.12443957539943476,0.414227672095524,0.0007695391535648378,0.003596928510290257,-0.0006850621986318873,24.48000488281241,-21.600012207031227,-21.68320312500009,8.640008544921898,18.239984130859398,-14.713574218750182,14.879907226562409,53.28005371093741,58.8544921875,-30.24008789062509,-38.40000000000009,-60.40317382812509,-22.080010986328148,13.440014648437455,-10.067138671875
1763689043.6785386,2,2,1,-0.11363189191155795,0.09726580714050734,0.4162996415312117,0.0008800861336924059,0.003206724078246153,-0.0009159822347939175,19.67995605468741,-19.199987792968727,-21.68320312500009,11.040002441406273,18.239984130859398,-18.585644531250182,14.879907226562409,50.88002929687491,58.8544921875,-27.83994140625009,-36.00009765625009,-52.65921630859384,-19.679986572265648,11.039990234374955,-17.811279296875
1763689043.7880702,2,2,1,-0.09669893454018723,0.12519696460395777,0.3141305023181693,0.0010917708569353553,0.0035986109992731663,-0.0002503747815094978,26.88002929687491,-19.199987792968727,-21.68320312500009,11.040002441406273,18.239984130859398,-18.585644531250182,14.879907226562409,53.28005371093741,58.8544921875,-25.44003906250009,-38.40000000000009,-52.65921630859384,-22.080010986328148,8.639965820312455,-13.939208984375
1763689043.895509,2,2,1,-0.11326501613945217,0.10382274633734365,0.36409854783333295,0.0007496462309445756,0.004032176474192602,-0.0006228660017901591,17.27993164062491,-19.199987792968727,-21.68320312500009,8.640008544921898,18.239984130859398,-18.585644531250182,14.879907226562409,58.07998046874991,58.8544921875,-25.44003906250009,-36.00009765625009,-52.65921630859384,-19.679986572265648,11.039990234374955,-13.939208984375
1763689044.0554245,2,2,1,-0.15982314552013757,0.13085007025201967,0.2686728405888248,0.0017803718950078337,0.0041487389625089605,-0.00034181594609458135,19.67995605468741,-21.600012207031227,-21.68320312500009,13.439996337890648,15.839990234375023,-18.585644531250182,14.879907226562409,50.88002929687491,51.1103515625,-25.44003906250009,-31.20004882812509,-56.53122558593759,-22.080010986328148,11.039990234374955,-17.811279296875
1763689044.1168232,2,2,1,-0.09885069818013256,0.12754728765653606,0.2832980763717873,0.00160319590506614,0.0031570738308781604,-0.0004939924889525869,26.88002929687491,-21.600012207031227,-17.81113281250009,11.040002441406273,18.239984130859398,-14.713574218750182,14.879907226562409,53.28005371093741,54.982421875,-25.44003906250009,-36.00009765625009,-56.53122558593759,-19.679986572265648,6.2399414062499545,-17.811279296875
1763689044.224817,2,2,1,-0.13231397054275343,0.1267427370879689,0.35126826562310154,0.0014361422439929203,0.003547304489116763,-0.0007046490091247714,19.67995605468741,-19.199987792968727,-21.68320312500009,8.640008544921898,20.640008544921898,-18.585644531250182,17.27993164062491,55.67995605468741,51.1103515625,-25.44003906250009,-38.40000000000009,-52.65921630859384,-19.679986572265648,8.639965820312455,-21.68310546875
1763689044.3338993,2,2,1,-0.14068466209385394,0.09954280450165479,0.26495027976099617,0.0010220410143219666,0.004258289795603996,-0.0003437887198566306,19.67995605468741,-19.199987792968727,-25.55502929687509,1.4399963378906477,18.239984130859398,-14.713574218750182,19.67995605468741,50.88002929687491,58.8544921875,-27.83994140625009,-33.59995117187509,-52.65921630859384,-22.080010986328148,13.440014648437455,-25.55517578125
1763689044.4458387,2,2,1,-0.1049073125217334,0.14103440623899566,0.40013492910698023,0.0012318429953255441,0.0033136382359443585,-0.0009240895269594893,24.48000488281241,-23.999975585937477,-21.68320312500009,11.040002441406273,15.839990234375023,-10.841748046875182,14.879907226562409,53.28005371093741,58.8544921875,-23.04013671875009,-40.80014648437509,-52.65921630859384,-22.080010986328148,11.039990234374955,-17.811279296875
