timestamp,position,x_pos,y_pos,fx,fy,fz,tx,ty,tz,mag0_x,mag0_y,mag0_z,mag1_x,mag1_y,mag1_z,mag2_x,mag2_y,mag2_z,mag3_x,mag3_y,mag3_z,mag4_x,mag4_y,mag4_z
1763687216.8386643,3,3,1,0.25321923275821223,-0.07071054558559568,-0.2918668418896464,-0.004000942550500022,0.0014897604493742803,-0.00020140924444405944,2.880029296874909,-62.39999999999998,-2.323095703125091,-5.759985351562477,-15.360006713867165,-34.07368164062518,41.27993164062491,19.67995605468741,105.318359375,-25.44003906250009,19.19985351562491,-13.939184570312591,-48.48000488281252,32.639965820312455,-29.42724609375
1763687216.994236,3,3,1,0.23136126343959723,-0.01190780154918248,-0.2091069207875787,-0.004362866104269594,0.0027065624710725616,-0.0007254809351707089,10.079980468749909,-62.39999999999998,9.292871093749909,-5.759985351562477,-5.760015869140602,-26.329541015625182,41.27993164062491,34.07998046874991,109.1904296875,-37.44003906250009,9.599999999999909,-17.81125488281259,-53.27999267578127,37.440014648437455,-21.68310546875
1763687217.2319884,3,3,1,0.21675995122648994,-0.09620443301812417,-0.4009793077090418,-0.005948387186532072,0.004011519445590631,-0.0002458984504709299,12.480004882812409,-64.79996337890623,13.164941406249909,3.8400207519531477,-10.560003662109352,-22.457714843750182,36.48000488281241,43.67995605468741,116.934326171875,-44.63999023437509,-2.400000000000091,-21.68320312500009,-55.67998657226565,37.440014648437455,-13.939208984375
1763687217.436039,3,3,1,0.21026501054355995,-0.10097477614591562,-0.5709735350385905,-0.006541279095373417,0.003945145361456594,-0.00023059276318639055,19.67995605468741,-64.79996337890623,13.164941406249909,1.4399963378906477,-15.360006713867165,-6.969677734375182,38.87990722656241,53.28005371093741,128.550537109375,-56.63999023437509,-14.400000000000091,-25.55515136718759,-58.08001098632815,39.840039062499955,-13.939208984375
1763687217.6363053,3,3,1,0.1866049854431147,-0.09086103452416017,-0.4890450514365239,-0.006946012361734755,0.005175495754467441,3.09641845802663e-05,29.27993164062491,-64.79996337890623,24.78090820312491,11.040002441406273,-5.760015869140602,-3.097607421875182,38.87990722656241,65.28005371093741,140.16650390625,-63.83994140625009,-19.20004882812509,-41.04318847656259,-62.8799987792969,42.239941406249955,-6.195068359375
1763687217.7302587,3,3,1,0.1808116946601827,-0.09714303102404015,-0.6093235516429611,-0.007711944249197302,0.005390258855282192,-0.00017108189444267684,31.67995605468741,-64.79996337890623,13.164941406249909,6.240014648437523,-3.3599914550781023,-3.097607421875182,38.87990722656241,72.48000488281241,140.16650390625,-66.24008789062509,-21.59995117187509,-37.17124023437509,-58.08001098632815,39.840039062499955,-2.3232421875
1763687217.8236306,3,3,1,0.1623696456351656,-0.16666474855225138,-0.6432966506428044,-0.008133099025306486,0.005651125904073856,-0.0004915183147904151,31.67995605468741,-62.39999999999998,17.03676757812491,6.240014648437523,-0.9599975585937273,0.7744628906248181,36.48000488281241,72.48000488281241,140.16650390625,-71.04013671875009,-26.40000000000009,-37.17124023437509,-58.08001098632815,42.239941406249955,-6.195068359375
1763687218.026341,3,3,1,0.19838464325715005,-0.05063364069030488,-0.567471767286903,-0.0054808382983535355,0.0051838224869239944,-0.000619701570785758,29.27993164062491,-62.39999999999998,17.03676757812491,1.4399963378906477,-8.160009765624977,-10.841748046875182,38.87990722656241,67.67995605468741,140.16650390625,-63.83994140625009,-19.20004882812509,-33.29916992187509,-60.48000488281252,39.840039062499955,-13.939208984375
1763687218.337236,3,3,1,0.2226918238762608,-0.051805824565142176,-0.7011910323606632,-0.0051761559667400005,0.004211511834718101,-0.00035365383330444736,29.27993164062491,-71.99997558593748,13.164941406249909,3.8400207519531477,-8.160009765624977,-14.713574218750182,43.67995605468741,67.67995605468741,144.038330078125,-71.04013671875009,-26.40000000000009,-37.17124023437509,-60.48000488281252,39.840039062499955,-13.939208984375
1763687218.4279377,3,3,1,0.19387790000773855,-0.0986800833985384,-0.5724965062864577,-0.0068982064051537825,0.00577719166151344,-0.0010924050407305616,22.07998046874991,-67.19998779296873,24.78090820312491,1.4399963378906477,-8.160009765624977,-14.713574218750182,41.27993164062491,67.67995605468741,151.782470703125,-68.63999023437509,-26.40000000000009,-41.04318847656259,-62.8799987792969,39.840039062499955,-13.939208984375
1763687218.6335006,3,3,1,0.2077796814087171,-0.10068628892668156,-0.6531857733493132,-0.006061890219258565,0.004058932127018348,-0.00025785157176035317,26.88002929687491,-67.19998779296873,13.164941406249909,3.8400207519531477,-5.760015869140602,-10.841748046875182,41.27993164062491,70.07998046874991,144.038330078125,-68.63999023437509,-24.00009765625009,-33.29916992187509,-58.08001098632815,39.840039062499955,-13.939208984375
1763687218.7078257,3,3,1,0.2163874218584418,-0.06823108674952318,-0.6032039339240607,-0.005776136756355882,0.004544184580855466,0.00014937074127928471,24.48000488281241,-69.60001220703123,20.90883789062491,6.240014648437523,-10.560003662109352,-22.457714843750182,38.87990722656241,67.67995605468741,140.16650390625,-68.63999023437509,-19.20004882812509,-37.17124023437509,-65.27999267578127,42.239941406249955,-10.067138671875
1763687219.0253947,3,3,1,0.21674584090726134,-0.09047430097170338,-0.6208317406864692,-0.006155494077749836,0.005018067725849532,-0.0007165290015792539,24.48000488281241,-64.79996337890623,9.292871093749909,1.4399963378906477,-12.959997558593727,-18.585644531250182,36.48000488281241,65.28005371093741,144.038330078125,-68.63999023437509,-26.40000000000009,-33.29916992187509,-58.08001098632815,37.440014648437455,-6.195068359375
1763687219.1352954,3,3,1,0.19795149379085183,-0.04685606997560123,-0.6165217790018253,-0.005283950066469474,0.004338728442351251,-0.000402333687769843,22.07998046874991,-64.79996337890623,17.03676757812491,1.4399963378906477,-10.560003662109352,-14.713574218750182,36.48000488281241,67.67995605468741,144.038330078125,-71.04013671875009,-24.00009765625009,-29.42722167968759,-62.8799987792969,37.440014648437455,-17.811279296875
1763687219.3373983,3,3,1,0.22810727827814622,-0.03319232153855001,-0.5448879234441726,-0.004140076241449114,0.003359716237172646,-0.0007642383004224743,0,0,0,0,0,0,0,0,0,0,0,0,0,0,0
1763687219.4312675,3,3,1,0.215945729020387,-0.06582592703769613,-0.5673564141259821,-0.005588813080736284,0.003909527883797606,-0.0005409938899483788,22.07998046874991,-64.79996337890623,17.03676757812491,3.8400207519531477,-10.560003662109352,-10.841748046875182,41.27993164062491,65.28005371093741,147.910400390625,-68.63999023437509,-24.00009765625009,-29.42722167968759,-60.48000488281252,42.239941406249955,-13.939208984375
1763687219.6356628,3,3,1,0.1875070049636104,-0.05449374591499603,-0.5823522441245681,-0.005007181003546133,0.005186369032140869,-0.00030981942583357036,22.07998046874991,-64.79996337890623,17.03676757812491,3.8400207519531477,-10.560003662109352,-10.841748046875182,41.27993164062491,65.28005371093741,140.16650390625,-66.24008789062509,-21.59995117187509,-33.29916992187509,-60.48000488281252,42.239941406249955,-6.195068359375
1763687219.7291894,3,3,1,0.20313452036116023,-0.059712490945903154,-0.5887838945387307,-0.006548873630050021,0.004741288933677969,-5.852502789583172e-06,26.88002929687491,-64.79996337890623,13.164941406249909,6.240014648437523,-8.160009765624977,-10.841748046875182,41.27993164062491,67.67995605468741,140.16650390625,-73.44003906250009,-24.00009765625009,-37.17124023437509,-62.8799987792969,42.239941406249955,-2.3232421875
1763687220.135118,3,3,1,0.19055643552179796,-0.1289715383386396,-0.45840976779409254,-0.008092726513362004,0.004486585645589034,-0.0005072042759935852,34.07998046874991,-64.79996337890623,17.03676757812491,11.040002441406273,-5.760015869140602,-18.585644531250182,41.27993164062491,74.88002929687491,147.910400390625,-68.63999023437509,-26.40000000000009,-37.17124023437509,-60.48000488281252,37.440014648437455,1.548828125
1763687220.229617,3,3,1,0.18589837318925503,-0.10541375547944333,-0.4946137384164164,-0.008750967255575308,0.004599382924941381,-0.0004468519033482229,31.67995605468741,-62.39999999999998,24.78090820312491,11.040002441406273,-8.160009765624977,-10.841748046875182,38.87990722656241,79.67995605468741,140.16650390625,-66.24008789062509,-21.59995117187509,-44.91519775390634,-60.48000488281252,42.239941406249955,1.548828125
1763687220.3380768,3,3,1,0.21928639955179707,-0.14379182809572036,-0.4955367166374439,-0.008894163369633248,0.004041028481893085,-0.0007574689295704487,34.07998046874991,-69.60001220703123,13.164941406249909,3.8400207519531477,-5.760015869140602,-6.969677734375182,43.67995605468741,74.88002929687491,147.910400390625,-71.04013671875009,-21.59995117187509,-41.04318847656259,-60.48000488281252,42.239941406249955,1.548828125
1763687220.6383514,3,3,1,0.2188532500726797,-0.1400142573270346,-0.5445867284951887,-0.008697275136767619,0.0031959344360598008,-0.0005401010465127623,31.67995605468741,-64.79996337890623,17.03676757812491,13.439996337890648,-8.160009765624977,-3.097607421875182,38.87990722656241,72.48000488281241,151.782470703125,-68.63999023437509,-21.59995117187509,-37.17124023437509,-60.48000488281252,42.239941406249955,9.292724609375
1763687220.7317126,3,3,1,0.22753792159057995,-0.1350721781576522,-0.4944704403485533,-0.008636145908047906,0.0031243574285017743,-0.00036606487325856543,34.07998046874991,-59.99997558593748,13.164941406249909,8.640008544921898,-8.160009765624977,-3.097607421875182,38.87990722656241,70.07998046874991,151.782470703125,-66.24008789062509,-24.00009765625009,-37.17124023437509,-58.08001098632815,39.840039062499955,-2.3232421875
1763687220.8238068,3,3,1,0.22167986904348902,-0.1428599258583293,-0.5481698963559898,-0.009391797746360678,0.0037185388209554464,-0.000309519599376035,34.07998046874991,-62.39999999999998,17.03676757812491,13.439996337890648,-5.760015869140602,-6.969677734375182,41.27993164062491,77.28005371093741,147.910400390625,-66.24008789062509,-24.00009765625009,-41.04318847656259,-58.08001098632815,39.840039062499955,1.548828125
1763687221.1342282,3,3,1,0.2086124998970823,-0.14689176707580442,-0.44317243384941946,-0.008386377768978152,0.003859036458755512,-0.00018897931496002305,29.27993164062491,-62.39999999999998,9.292871093749909,11.040002441406273,-3.3599914550781023,-10.841748046875182,36.48000488281241,65.28005371093741,132.42236328125,-61.44003906250009,-16.80014648437509,-37.17124023437509,-60.48000488281252,39.840039062499955,-2.3232421875
1763687221.3364403,3,3,1,0.2095875238698277,-0.12239263806111093,-0.2723030642661666,-0.008135610227101544,0.002566010011080603,-0.0006765661427856342,19.67995605468741,-62.39999999999998,13.164941406249909,3.8400207519531477,-8.160009765624977,-14.713574218750182,34.07998046874991,46.07998046874991,124.678466796875,-49.44003906250009,-7.200048828125091,-29.42722167968759,-58.08001098632815,32.639965820312455,-10.067138671875
1763687221.428815,3,3,1,0.17335247391431308,-0.11148001405571813,-0.40765611551641545,-0.00793963413434479,0.005198644730512169,-0.0003333261828745483,14.880029296874909,-62.39999999999998,1.548730468749909,1.4399963378906477,-3.3599914550781023,-18.585644531250182,34.07998046874991,43.67995605468741,116.934326171875,-47.04013671875009,4.799951171874909,-33.29916992187509,-53.27999267578127,37.440014648437455,-21.68310546875
1763687221.5254107,3,3,1,0.1335186095456532,-0.056792341257206794,-0.3009580982412813,-0.006307680236149424,0.006973220509967987,-0.0002922737052255019,10.079980468749909,-59.99997558593748,5.420800781249909,1.4399963378906477,-5.760015869140602,-22.457714843750182,31.67995605468741,38.88002929687491,109.1904296875,-39.83994140625009,2.400048828124909,-25.55515136718759,-50.8799987792969,42.239941406249955,-21.68310546875
1763687221.633517,3,3,1,0.16689567571263003,-0.08929768679836686,-0.24934798583041662,-0.006200682603520196,0.005016169428666354,-0.00034931208860764255,12.480004882812409,-62.39999999999998,1.548730468749909,-0.9599975585937273,-0.9599975585937273,-18.585644531250182,36.48000488281241,38.88002929687491,113.0625,-42.24008789062509,9.599999999999909,-25.55515136718759,-46.08001098632815,35.039990234374955,-17.811279296875
1763687225.6988478,3,3,1,0.18348363194882908,-0.03772419183973315,0.25105907582066134,-0.0032891091991082504,0.003485224993409064,-0.001335526514584547,-18.72006835937509,-57.60001220703123,-10.067236328125091,-15.359991455078102,-10.560003662109352,-41.81757812500018,36.48000488281241,-9.119970703125091,78.21435546875,-15.839941406250091,38.40004882812491,-10.067236328125091,-41.27999267578127,27.840039062499955,-52.6591796875
1763687225.9344296,3,3,1,0.1861091880122161,-0.04760139430257964,0.2062367906795053,-0.0058930862124420245,0.004063997452300709,-0.0008146624369553732,0.48000488281240905,-62.39999999999998,-2.323095703125091,1.4399963378906477,-5.760015869140602,-22.457714843750182,36.48000488281241,14.880029296874909,82.08642578125,-18.24008789062509,28.79995117187491,-17.81125488281259,-46.08001098632815,32.639965820312455,-25.55517578125
1763687227.2380455,3,3,1,0.15126596029253175,-0.13384242638933297,-0.22308789812218643,-0.00875166381393578,0.004475896789382337,-0.0010508402297447472,0,0,0,0,0,0,0,0,0,0,0,0,0,0,0
1763687227.4323072,3,3,1,0.19494474889334518,-0.2084009234113871,-0.3625589868148914,-0.013589964226007521,0.005603216913423765,-0.000567969423136237,38.88002929687491,-55.19998779296873,9.292871093749909,23.040002441406273,8.640008544921898,0.7744628906248181,31.67995605468741,77.28005371093741,128.550537109375,-68.63999023437509,-16.80014648437509,-52.65921630859384,-53.27999267578127,39.840039062499955,17.036865234375
1763687227.5356903,3,3,1,0.14354967271300223,-0.19589675139453766,-0.5617314686972819,-0.013552515288491482,0.005459205786717285,-0.0005616223535582386,41.27993164062491,-57.60001220703123,24.78090820312491,23.040002441406273,3.8399902343750227,0.7744628906248181,31.67995605468741,77.28005371093741,136.29443359375,-75.83994140625009,-24.00009765625009,-52.65921630859384,-48.48000488281252,42.239941406249955,5.4208984375
1763687227.5957634,3,3,1,0.1083259766375073,-0.19597723319188284,-0.6440617392890281,-0.013418606587846675,0.005849397589890435,-0.0005901611144129215,41.27993164062491,-57.60001220703123,24.78090820312491,20.640008544921898,8.640008544921898,4.646289062499818,34.07998046874991,79.67995605468741,144.038330078125,-73.44003906250009,-26.40000000000009,-48.78720703125009,-55.67998657226565,39.840039062499955,13.164794921875
1763687227.704103,3,3,1,0.15567976992447743,-0.14725807460206575,-0.6449744143466174,-0.01236646027350034,0.008256705289668381,-0.000589893233274321,43.67995605468741,-59.99997558593748,24.78090820312491,18.240014648437523,1.4399963378906477,0.7744628906248181,31.67995605468741,89.28005371093741,144.038330078125,-83.04013671875009,-36.00009765625009,-52.65921630859384,-62.8799987792969,42.239941406249955,9.292724609375
1763687227.83878,3,3,1,0.089663446514977,-0.1866999411221171,-0.6541622208461442,-0.011358658085703412,0.007916676457655368,-0.0008195659768625546,41.27993164062491,-57.60001220703123,20.90883789062491,18.240014648437523,-0.9599975585937273,0.7744628906248181,36.48000488281241,91.67995605468741,159.5263671875,-97.44003906250009,-43.20004882812509,-52.65921630859384,-58.08001098632815,42.239941406249955,5.4208984375
1763687227.9264624,3,3,1,0.13400193643859795,-0.07276371012012231,-0.7160098695476484,-0.008944096339176,0.009135202423923988,-0.0008410896313277829,46.07998046874991,-64.79996337890623,32.52480468749991,11.040002441406273,-0.9599975585937273,0.7744628906248181,36.48000488281241,98.88002929687491,163.3984375,-97.44003906250009,-52.80014648437509,-48.78720703125009,-62.8799987792969,42.239941406249955,9.292724609375
1763687228.000978,3,3,1,0.1736060835231346,-0.03219309509398418,-0.8294902010833977,-0.007791608783120515,0.007576263436087307,-0.0009588993267707556,60.48000488281241,-59.99997558593748,36.39687499999991,13.439996337890648,6.239984130859398,8.518359374999818,43.67995605468741,108.48000488281241,167.2705078125,-109.44003906250009,-64.80014648437509,-64.27518310546884,-62.8799987792969,47.039990234374955,20.90869140625
1763687228.1292813,3,3,1,0.11086493042342677,-0.09154416472253453,-1.1456123943806513,-0.01173146729519008,0.008581735008490896,-0.0004578059623190179,74.88002929687491,-64.79996337890623,32.52480468749991,20.640008544921898,6.239984130859398,12.390429687499818,36.48000488281241,134.8800292968749,194.37451171875,-126.24008789062509,-81.59995117187509,-79.76322021484384,-74.8799987792969,44.639965820312455,24.78076171875
1763687228.2056978,3,3,1,0.08720417338975958,-0.1278653124934219,-1.09757626725978,-0.012521802077142673,0.009065114703266024,-0.00036249049886043726,70.07998046874991,-64.79996337890623,48.01284179687491,25.439996337890648,8.640008544921898,20.134326171874818,38.87990722656241,142.0799804687499,194.37451171875,-133.4400390625001,-88.80014648437509,-72.01920166015634,-67.67998657226565,42.239941406249955,24.78076171875
1763687228.3139894,3,3,1,0.11428158574730658,-0.24942873617187689,-1.3894787136568207,-0.014087475700141822,0.008326566633745446,-0.00015050593291767844,77.27993164062491,-64.79996337890623,48.01284179687491,23.040002441406273,1.4399963378906477,20.134326171874818,43.67995605468741,154.0799804687499,213.734375,-147.8399414062501,-100.80014648437509,-79.76322021484384,-77.27999267578127,47.039990234374955,20.90869140625
1763687228.4275224,3,3,1,0.0441498942084757,-0.1722502835387042,-1.5812128919683315,-0.011547592972601236,0.011187600763529187,-0.0006045706396854306,91.67995605468741,-64.79996337890623,55.75673828124991,27.840020751953148,8.640008544921898,24.006396484374818,43.67995605468741,173.2800537109374,229.222412109375,-159.8399414062501,-115.20004882812509,-91.37918701171884,-86.8799987792969,49.440014648437455,40.268798828125
1763687228.7267036,3,3,1,0.0866484843524216,-0.07941781076941741,-1.5795648172186239,-0.010624226192461998,0.011102842616354303,-0.0009210834961683063,86.88002929687491,-67.19998779296873,63.50087890624991,23.040002441406273,-0.9599975585937273,20.134326171874818,43.67995605468741,173.2800537109374,229.222412109375,-159.8399414062501,-112.80014648437509,-87.50717773437509,-84.48000488281252,51.840039062499955,32.52490234375
1763687228.9276266,3,3,1,0.15620446848710873,-0.13738114432625922,-1.5299539628927545,-0.011043198724438121,0.007707247711021346,-0.0009794143874568917,0,0,0,0,0,0,0,0,0,0,0,0,0,0,0
1763687229.1315265,3,3,1,0.12612319516400847,-0.08230215960498966,-1.5415017305473042,-0.009580045597345621,0.008153617092849435,-0.0001999009908545445,86.88002929687491,-67.19998779296873,48.01284179687491,20.640008544921898,-0.9599975585937273,27.878466796874818,43.67995605468741,170.8800292968749,225.350341796875,-155.0401367187501,-110.40000000000009,-83.63522949218759,-86.8799987792969,39.840039062499955,32.52490234375
1763687229.2255816,3,3,1,0.1250324521972806,-0.12056462320863552,-1.4310525733433703,-0.01154948839058187,0.008530808144791733,-0.0005565126926501103,89.27993164062491,-64.79996337890623,51.88491210937491,20.640008544921898,-0.9599975585937273,24.006396484374818,46.07998046874991,173.2800537109374,229.222412109375,-152.6399902343751,-115.20004882812509,-83.63522949218759,-82.08001098632815,42.239941406249955,36.396728515625
1763687229.4288602,3,3,1,0.17295430832956685,-0.05418112591033668,-1.3918912784911097,-0.009966078843360489,0.006636846359028675,-0.0005421189860555937,84.48000488281241,-67.19998779296873,51.88491210937491,25.439996337890648,-3.3599914550781023,24.006396484374818,48.48000488281241,166.0799804687499,229.222412109375,-155.0401367187501,-110.40000000000009,-79.76322021484384,-84.48000488281252,44.639965820312455,32.52490234375
1763687229.5390623,3,3,1,0.1337289897603962,-0.14293158551627722,-1.4315159339725076,-0.011721171313386453,0.007893768749668946,-0.0003992876446984692,89.27993164062491,-74.39999999999998,55.75673828124991,23.040002441406273,-3.3599914550781023,16.262255859374818,46.07998046874991,180.4800048828124,236.966552734375,-152.6399902343751,-112.80014648437509,-79.76322021484384,-86.8799987792969,44.639965820312455,36.396728515625
1763687229.6321554,3,3,1,0.16487899843315357,-0.10755919125492669,-1.4437364729422004,-0.01058562710033821,0.006421938175004787,-0.0006368415498170933,91.67995605468741,-69.60001220703123,55.75673828124991,15.840020751953148,-5.760015869140602,20.134326171874818,43.67995605468741,163.6799560546874,229.222412109375,-157.4400390625001,-112.80014648437509,-79.76322021484384,-84.48000488281252,49.440014648437455,32.52490234375
1763687229.725842,3,3,1,0.0916082691118074,-0.10154980077651518,-1.4129314962530195,-0.011572163068031233,0.008914565864862637,-0.0008642706988441834,82.07998046874991,-69.60001220703123,48.01284179687491,20.640008544921898,-3.3599914550781023,24.006396484374818,43.67995605468741,173.2800537109374,229.222412109375,-155.0401367187501,-108.00009765625009,-83.63522949218759,-84.48000488281252,47.039990234374955,28.65283203125
1763687229.8357415,3,3,1,0.10705241349512679,-0.12173692187963157,-1.379399325287987,-0.011387357154488225,0.008978570363241779,-0.0007715983559844534,89.27993164062491,-69.60001220703123,55.75673828124991,25.439996337890648,-3.3599914550781023,20.134326171874818,43.67995605468741,170.8800292968749,225.350341796875,-159.8399414062501,-112.80014648437509,-83.63522949218759,-84.48000488281252,49.440014648437455,36.396728515625
1763687229.928491,3,3,1,0.07793063586405295,-0.12472005944041091,-1.4004746493535558,-0.012597598545141987,0.009672387092170867,-0.0005492953085359858,86.88002929687491,-64.79996337890623,48.01284179687491,23.040002441406273,-0.9599975585937273,16.262255859374818,43.67995605468741,161.2800537109374,229.222412109375,-155.0401367187501,-110.40000000000009,-83.63522949218759,-82.08001098632815,47.039990234374955,40.268798828125
1763687230.0385911,3,3,1,0.12589784577614271,-0.11969916906105499,-1.2661964155094065,-0.011850160639624158,0.010598038726821756,-0.0006549230196190293,82.07998046874991,-69.60001220703123,51.88491210937491,20.640008544921898,-0.9599975585937273,20.134326171874818,46.07998046874991,163.6799560546874,221.478515625,-155.0401367187501,-110.40000000000009,-79.76322021484384,-84.48000488281252,49.440014648437455,28.65283203125
1763687230.1327019,3,3,1,0.10497292399083016,-0.14492667736446932,-1.3629678426915453,-0.011242694776887639,0.00994046831698498,-0.0006846512254123434,84.48000488281241,-69.60001220703123,55.75673828124991,20.640008544921898,6.239984130859398,20.134326171874818,46.07998046874991,163.6799560546874,221.478515625,-152.6399902343751,-108.00009765625009,-83.63522949218759,-82.08001098632815,44.639965820312455,28.65283203125
1763687230.3346329,3,3,1,0.06717691972201112,-0.179441600823638,-1.3529675147975344,-0.012892039825272041,0.01230764580145243,-0.0007627046776537635,91.67995605468741,-69.60001220703123,51.88491210937491,23.040002441406273,3.8399902343750227,16.262255859374818,46.07998046874991,161.2800537109374,209.862548828125,-155.0401367187501,-110.40000000000009,-91.37918701171884,-79.67998657226565,44.639965820312455,28.65283203125
1763687230.4277377,3,3,1,0.039306474488924215,-0.11171145221209809,-1.2289815631050285,-0.011631809487921984,0.011820391815165726,-0.0007969975430468149,0,0,0,0,0,0,0,0,0,0,0,0,0,0,0
1763687230.5368814,3,3,1,0.10027974017951916,-0.09600708803734653,-1.2307882160155559,-0.011662736830134163,0.011013690791155075,-0.001034216062399319,86.88002929687491,-69.60001220703123,48.01284179687491,23.040002441406273,-0.9599975585937273,24.006396484374818,48.48000488281241,158.8800292968749,217.6064453125,-150.2400878906251,-108.00009765625009,-79.76322021484384,-77.27999267578127,47.039990234374955,36.396728515625
1763687230.6313734,3,3,1,0.05921952312812924,-0.1125146338358806,-1.4014338690729142,-0.012343010946646294,0.011795179562293574,-0.00015811379910562226,82.07998046874991,-67.19998779296873,48.01284179687491,18.240014648437523,3.8399902343750227,20.134326171874818,43.67995605468741,156.4800048828124,221.478515625,-152.6399902343751,-108.00009765625009,-72.01920166015634,-82.08001098632815,49.440014648437455,32.52490234375
1763687230.7266374,3,3,1,0.044857452727650245,-0.10529201519765662,-1.2598237399884076,-0.010916604200445724,0.01159355310648923,-0.0008837157629113289,84.48000488281241,-71.99997558593748,48.01284179687491,20.640008544921898,3.8399902343750227,20.134326171874818,41.27993164062491,158.8800292968749,221.478515625,-152.6399902343751,-112.80014648437509,-79.76322021484384,-84.48000488281252,47.039990234374955,24.78076171875
1763687230.92666,3,3,1,0.13595604392267158,-0.12179860725140515,-1.2753692023497036,-0.010177825005627474,0.009041868875861139,-0.0007292883544197961,82.07998046874991,-67.19998779296873,48.01284179687491,25.439996337890648,-0.9599975585937273,16.262255859374818,43.67995605468741,161.2800537109374,217.6064453125,-150.2400878906251,-112.80014648437509,-87.50717773437509,-79.67998657226565,44.639965820312455,24.78076171875
1763687231.0365272,3,3,1,0.08405196988931651,-0.12497300614600393,-1.341204784666842,-0.010252651241435947,0.010236850164009433,-0.001221398126428873,0,0,0,0,0,0,0,0,0,0,0,0,0,0,0
1763687231.240218,3,3,1,0.0991535291418336,-0.10504477493965149,-1.2220899708742015,-0.009538722484617393,0.010215461384517009,-0.0007866558599249058,72.48000488281241,-64.79996337890623,44.14077148437491,18.240014648437523,3.8399902343750227,12.390429687499818,43.67995605468741,142.0799804687499,205.990478515625,-143.0401367187501,-98.40000000000009,-72.01920166015634,-77.27999267578127,47.039990234374955,20.90869140625
1763687231.33372,3,3,1,0.08299777073423215,-0.09701479562937254,-1.0199591744863543,-0.009594729446765086,0.010660886660981186,-0.001106125197438348,0,0,0,0,0,0,0,0,0,0,0,0,0,0,0
1763687231.5357807,3,3,1,0.1102670871298795,0.006000313884365702,-0.839335286761232,-0.00664758943972874,0.007474239925464921,-0.0008040858588054703,50.88002929687491,-67.19998779296873,28.65273437499991,11.040002441406273,-0.9599975585937273,4.646289062499818,36.48000488281241,108.48000488281241,178.886474609375,-109.44003906250009,-69.59995117187509,-60.40317382812509,-67.67998657226565,42.239941406249955,1.548828125
1763687231.739197,3,3,1,0.10215532250647069,-0.07475579051499237,-0.5039303912263031,-0.007192482534214891,0.006650763414265794,-0.0005233323822497629,38.88002929687491,-59.99997558593748,36.39687499999991,8.640008544921898,3.8399902343750227,-3.097607421875182,36.48000488281241,86.88002929687491,151.782470703125,-92.63999023437509,-45.59995117187509,-48.78720703125009,-58.08001098632815,39.840039062499955,-2.3232421875
1763687231.831737,3,3,1,0.09757488109591303,-0.020547820629905747,-0.2634217959198305,-0.005705871561296933,0.008054147697267111,-0.001373533169607434,31.67995605468741,-62.39999999999998,17.03676757812491,6.240014648437523,-5.760015869140602,-6.969677734375182,41.27993164062491,70.07998046874991,144.038330078125,-80.63999023437509,-31.20004882812509,-44.91519775390634,-58.08001098632815,42.239941406249955,-6.195068359375
1763687232.8429577,3,3,1,0.16314226226426615,0.019316466468541845,0.2338782062681422,-0.003836067621414427,0.002703813785312807,-0.0015054945472237659,-1.920019531250091,-64.79996337890623,-6.195166015625091,-0.9599975585937273,-10.560003662109352,-26.329541015625182,38.87990722656241,17.28005371093741,93.702392578125,-25.44003906250009,26.40004882812491,-17.81125488281259,-46.08001098632815,35.039990234374955,-25.55517578125
1763687233.3280566,3,3,1,0.21107141433033877,0.03293622445056071,0.21926506757125486,-0.002866961525185286,0.0016426475897948756,-0.0011954444485698557,-1.920019531250091,-67.19998779296873,-10.067236328125091,-0.9599975585937273,-8.160009765624977,-37.94575195312518,36.48000488281241,14.880029296874909,85.95849609375,-23.04013671875009,23.99990234374991,-17.81125488281259,-48.48000488281252,39.840039062499955,-37.171142578125
1763687233.658002,3,3,1,0.22716767406269475,0.03102350259649259,0.202460563115275,-0.0027320859519829213,0.0019795949954615707,-0.0016697950167708828,-6.720068359375091,-62.39999999999998,-2.323095703125091,-5.759985351562477,-17.76000061035154,-41.81757812500018,36.48000488281241,12.480004882812409,97.574462890625,-25.44003906250009,23.99990234374991,-17.81125488281259,-46.08001098632815,32.639965820312455,-37.171142578125
1763687234.0387406,3,3,1,0.25200961590946996,0.016095341161734805,0.21827620420015476,-0.0026711180432464226,0.0018616526593557687,-0.0014281822688786603,-6.720068359375091,-64.79996337890623,-10.067236328125091,-5.759985351562477,-12.959997558593727,-34.07368164062518,38.87990722656241,7.679956054687409,89.83056640625,-20.63999023437509,31.19985351562491,-17.81125488281259,-48.48000488281252,32.639965820312455,-33.299072265625
1763687236.7471662,3,3,1,0.22732097288349035,0.059990316836500954,0.23640905367832027,-0.002481743796474217,0.002163904639657852,-0.0014245332517326117,-16.32004394531259,-64.79996337890623,-13.939062500000091,-8.159979248046852,-10.560003662109352,-41.81757812500018,34.07998046874991,5.280053710937409,82.08642578125,-13.440039062500091,31.19985351562491,-17.81125488281259,-43.67998657226565,30.239941406249955,-33.299072265625
1763687237.5266259,3,3,1,0.19221049237637855,0.025619517755908892,-0.22470444781238968,-0.004740301642626904,0.0020965278909228138,-0.0010486510351192465,26.88002929687491,-64.79996337890623,13.164941406249909,3.8400207519531477,-8.160009765624977,-14.713574218750182,38.87990722656241,58.07998046874991,132.42236328125,-59.04013671875009,-4.800146484375091,-33.29916992187509,-58.08001098632815,35.039990234374955,-10.067138671875
1763687237.6335945,3,3,1,0.2734123851493673,-0.021005156640521473,-0.3176591997084932,-0.006130923584675055,0.0017410762670033726,-0.0006152655756861143,29.27993164062491,-64.79996337890623,17.03676757812491,8.640008544921898,-5.760015869140602,-10.841748046875182,41.27993164062491,70.07998046874991,144.038330078125,-66.24008789062509,-24.00009765625009,-41.04318847656259,-58.08001098632815,39.840039062499955,1.548828125
1763687237.7407296,3,3,1,0.16453089182851133,-0.0425332108760479,-0.6391511935100266,-0.007275055058146557,0.004217073168819321,-0.0004975270329684194,41.27993164062491,-64.79996337890623,24.78090820312491,13.439996337890648,-10.560003662109352,-3.097607421875182,36.48000488281241,84.48000488281241,159.5263671875,-73.44003906250009,-31.20004882812509,-41.04318847656259,-65.27999267578127,44.639965820312455,5.4208984375
1763687237.9346395,3,3,1,0.19851774782322518,-0.062314101571604844,-0.7413803473540007,-0.007469828713435812,0.0039195729124093795,-0.0009243196167094855,50.88002929687491,-67.19998779296873,32.52480468749991,13.439996337890648,-8.160009765624977,-6.969677734375182,36.48000488281241,106.07998046874991,167.2705078125,-92.63999023437509,-43.20004882812509,-44.91519775390634,-67.67998657226565,44.639965820312455,13.164794921875
1763687238.0400624,3,3,1,0.2026208981088677,-0.03218978732310723,-0.794302477849746,-0.008070679564562866,0.0035779190987615893,-0.0007140500882189255,60.48000488281241,-62.39999999999998,36.39687499999991,15.840020751953148,-3.3599914550781023,12.390429687499818,46.07998046874991,115.67995605468741,175.014404296875,-99.83994140625009,-60.00009765625009,-56.53122558593759,-72.48000488281252,44.639965820312455,13.164794921875
1763687238.1369147,3,3,1,0.20698521883783327,-0.06755014270027762,-0.9864607303588012,-0.009596873189736241,0.004714739419063209,-0.0005514802873370152,60.48000488281241,-71.99997558593748,36.39687499999991,13.439996337890648,-10.560003662109352,0.7744628906248181,46.07998046874991,122.88002929687491,190.50244140625,-109.44003906250009,-69.59995117187509,-60.40317382812509,-77.27999267578127,39.840039062499955,13.164794921875
1763687238.3398767,3,3,1,0.2691503191912811,-0.047569798423307136,-1.283142173573952,-0.007981472731597812,0.0022020125848338915,-0.0005748703519736808,77.27993164062491,-69.60001220703123,55.75673828124991,13.439996337890648,-8.160009765624977,12.390429687499818,41.27993164062491,151.6799560546874,217.6064453125,-138.2400878906251,-98.40000000000009,-60.40317382812509,-82.08001098632815,47.039990234374955,24.78076171875
1763687238.4325678,3,3,1,0.21703461169966193,-0.06802486074618104,-1.3394244631502197,-0.0100469303357336,0.0034676264569026647,-0.0013052789296973625,89.27993164062491,-69.60001220703123,59.62880859374991,25.439996337890648,-3.3599914550781023,27.878466796874818,46.07998046874991,175.6799560546874,233.094482421875,-150.2400878906251,-110.40000000000009,-68.14719238281259,-86.8799987792969,51.840039062499955,36.396728515625
1763687238.6374443,3,3,1,0.24465963409221916,-0.09752502246032804,-1.8311575718017654,-0.010895712060251517,0.0021195750093873757,-0.00023158842395903652,113.27993164062491,-71.99997558593748,71.24477539062491,32.6400085449219,-5.760015869140602,35.62236328124982,50.87990722656241,223.6800781249999,271.814453125,-181.4400390625001,-146.4000000000001,-91.37918701171884,-103.67998657226565,47.039990234374955,59.62890625
1763687238.7121184,3,3,1,0.21897927085075494,-0.12302729218092565,-1.6784205567170853,-0.0110866335530653,0.002374656221943133,-0.0011917917746596964,127.67995605468741,-81.60001220703123,78.98891601562491,35.04000244140627,-12.959997558593727,27.878466796874818,58.07998046874991,235.6800781249999,283.430419921875,-198.2400878906251,-160.8001464843751,-87.50717773437509,-108.48000488281252,49.440014648437455,63.500732421875
1763687238.8071673,3,3,1,0.22637455124362896,-0.16718391270424438,-1.9909664929728783,-0.013384793674406262,0.0030844486357088628,-0.0009185748349415589,139.6799560546874,-79.19998779296873,90.60488281249991,37.44002685546877,-10.560003662109352,39.49443359374982,53.27993164062491,269.2799316406249,310.534423828125,-217.4400390625001,-177.5999511718751,-106.86722412109384,-113.27999267578127,51.840039062499955,78.98876953125
1763687238.9355357,3,3,1,0.15925091228294624,-0.19018221297360116,-2.4717026834910603,-0.01625927609053313,0.0051548190129196885,-0.000865472622127312,0,0,0,0,0,0,0,0,0,0,0,0,0,0,0
1763687239.0107014,3,3,1,0.16783112627115426,-0.20314559236828394,-2.5397445219751904,-0.016369181732017263,0.004693030797033606,-0.00042017628671157047,175.6799560546874,-83.99997558593748,106.09291992187491,59.04000244140627,-8.160009765624977,58.85429687499982,58.07998046874991,317.2799316406249,356.99853515625,-270.2400878906251,-220.8001464843751,-122.35520019531259,-130.07999572753909,56.639965820312455,102.220703125
1763687239.1408887,3,3,1,0.13523906813547468,-0.2329962468106383,-3.3272632286370984,-0.019748397026020357,0.008116818770624961,-0.0009472458427365321,197.2799316406249,-93.60001220703123,117.70888671874991,68.6400085449219,-10.560003662109352,70.47026367187482,62.87990722656241,353.2799316406249,384.1025390625,-294.2400878906251,-247.2000488281251,-137.84317626953134,-139.6800018310547,59.039990234374955,117.708740234375
1763687239.2337039,3,3,1,0.19349849912757403,-0.22088625409113954,-3.4598435063961177,-0.019162023186764368,0.006017229409192635,-0.001072073258252764,214.0799804687499,-93.60001220703123,129.3248535156249,75.84002075195315,-5.760015869140602,74.34233398437482,67.67995605468741,379.6800781249999,415.078369140625,-320.6399902343751,-266.4000000000001,-145.58719482421884,-149.28000793457034,61.440014648437455,133.19677734375
1763687239.3258705,3,3,1,0.13134526493213083,-0.31469876541292513,-3.976423219830338,-0.02213421997471603,0.009831399084024622,-0.0009474359598638667,218.8800292968749,-95.99997558593748,137.0687499999999,71.04000244140627,-8.160009765624977,82.08623046874982,70.07998046874991,394.0799804687499,422.822509765625,-335.0401367187501,-273.5999511718751,-157.2032226562501,-156.48000488281252,61.440014648437455,137.06884765625
1763687239.6374738,3,3,1,0.18037478129317536,-0.26518136886670407,-3.6598157363414896,-0.018744418115309372,0.006401760105330997,-0.000903085322990177,216.4800048828124,-95.99997558593748,133.1969238281249,78.24001464843752,-12.959997558593727,82.08623046874982,67.67995605468741,386.8800292968749,418.950439453125,-323.0401367187501,-266.4000000000001,-153.33121337890634,-149.28000793457034,59.039990234374955,137.06884765625
1763687239.840257,3,3,1,0.19402592335696345,-0.24270463526836583,-3.6391107620162453,-0.017710572255869497,0.005831920135378375,-0.0009715288678467378,214.0799804687499,-95.99997558593748,140.9408203124999,68.6400085449219,-10.560003662109352,78.21440429687482,67.67995605468741,389.2799316406249,422.822509765625,-325.4400390625001,-266.4000000000001,-145.58719482421884,-151.6800018310547,61.440014648437455,140.94091796875
1763687239.9323077,3,3,1,0.20071131137340847,-0.22545256577575484,-3.5694465207735098,-0.017033924469951015,0.005318151513403927,-0.0007108066586180735,216.4800048828124,-95.99997558593748,137.0687499999999,68.6400085449219,-17.76000061035154,74.34233398437482,67.67995605468741,386.8800292968749,418.950439453125,-323.0401367187501,-266.4000000000001,-153.33121337890634,-149.28000793457034,59.039990234374955,125.452880859375
1763687240.0430446,3,3,1,0.16671560873487468,-0.20533425340368983,-3.4996129769441806,-0.016867183334164128,0.005438037904708308,-0.001233962926531418,218.8800292968749,-100.79996337890623,133.1969238281249,75.84002075195315,-12.959997558593727,74.34233398437482,72.48000488281241,384.4801269531249,418.950439453125,-320.6399902343751,-266.4000000000001,-145.58719482421884,-154.07999572753909,63.840039062499955,129.32470703125
1763687240.136546,3,3,1,0.2349079014751681,-0.20343111131151875,-3.383081735557036,-0.016629893926370976,0.0043989212557997565,-0.0011920685898603911,216.4800048828124,-93.60001220703123,133.1969238281249,75.84002075195315,-12.959997558593727,78.21440429687482,67.67995605468741,389.2799316406249,426.6943359375,-327.8399414062501,-273.5999511718751,-153.33121337890634,-154.07999572753909,61.440014648437455,129.32470703125
1763687240.338437,3,3,1,0.24050884289304636,-0.16865300443625197,-3.397272293795047,-0.01567066472759038,0.004539196310870402,-0.0008050905202509832,214.0799804687499,-103.19998779296873,140.9408203124999,68.6400085449219,-12.959997558593727,70.47026367187482,72.48000488281241,386.8800292968749,422.822509765625,-325.4400390625001,-268.8001464843751,-145.58719482421884,-154.07999572753909,61.440014648437455,129.32470703125
1763687240.4313934,3,3,1,0.22637540687260782,-0.19670369022925,-3.5001107864032215,-0.016605397628642934,0.004081792581437127,-0.001078017358467279,218.8800292968749,-98.39999999999998,137.0687499999999,68.6400085449219,-10.560003662109352,70.47026367187482,70.07998046874991,384.4801269531249,418.950439453125,-325.4400390625001,-268.8001464843751,-153.33121337890634,-151.6800018310547,61.440014648437455,133.19677734375
1763687240.7296069,3,3,1,0.2192680466004417,-0.20334872494349798,-3.4350311683910615,-0.01696704427576205,0.004512105086261219,-0.0005083575724047693,0,0,0,0,0,0,0,0,0,0,0,0,0,0,0
1763687240.839733,3,3,1,0.199110143090147,-0.23200180127100584,-3.314079628978235,-0.016505962500093823,0.004532356020312985,-0.0009295962209780358,214.0799804687499,-103.19998779296873,137.0687499999999,66.24001464843752,-17.76000061035154,74.34233398437482,72.48000488281241,386.8800292968749,422.822509765625,-323.0401367187501,-266.4000000000001,-153.33121337890634,-154.07999572753909,61.440014648437455,129.32470703125
1763687241.0421474,3,3,1,0.22641549256413002,-0.20944155826828528,-3.2484047190178944,-0.016644967585590996,0.004677466713368644,-0.0012997532913918482,218.8800292968749,-98.39999999999998,137.0687499999999,68.6400085449219,-15.360006713867165,70.47026367187482,67.67995605468741,384.4801269531249,418.950439453125,-320.6399902343751,-268.8001464843751,-141.7151855468751,-149.28000793457034,61.440014648437455,129.32470703125
1763687241.1351092,3,3,1,0.21650761462927542,-0.18340982406319012,-3.279872649528508,-0.016099617118605997,0.004571148964009227,-0.0009981396723517278,216.4800048828124,-98.39999999999998,133.1969238281249,71.04000244140627,-12.959997558593727,74.34233398437482,67.67995605468741,386.8800292968749,415.078369140625,-320.6399902343751,-266.4000000000001,-149.4592041015626,-151.6800018310547,66.23994140624995,133.19677734375
1763687241.3380382,3,3,1,0.21394453577099587,-0.17461536062941874,-3.3457874471123437,-0.015541852657566683,0.0050568010850830115,-0.0007071703630244629,218.8800292968749,-98.39999999999998,133.1969238281249,71.04000244140627,-15.360006713867165,74.34233398437482,72.48000488281241,391.6800781249999,422.822509765625,-315.8399414062501,-266.4000000000001,-145.58719482421884,-154.07999572753909,61.440014648437455,133.19677734375
1763687241.4299798,3,3,1,0.2191333413212772,-0.17214751217518942,-3.264317771148089,-0.016499921173734364,0.004072112314746247,-0.0009172657954007479,216.4800048828124,-95.99997558593748,133.1969238281249,75.84002075195315,-12.959997558593727,74.34233398437482,67.67995605468741,386.8800292968749,415.078369140625,-318.2400878906251,-261.5999511718751,-145.58719482421884,-151.6800018310547,61.440014648437455,133.19677734375
1763687241.6327028,3,3,1,0.2388436475543037,-0.20626810081038244,-3.202459657676696,-0.017429199889345506,0.004833585692985228,-0.000661623970424609,216.4800048828124,-103.19998779296873,133.1969238281249,71.04000244140627,-12.959997558593727,70.47026367187482,70.07998046874991,389.2799316406249,415.078369140625,-323.0401367187501,-266.4000000000001,-157.2032226562501,-149.28000793457034,61.440014648437455,137.06884765625
1763687241.8333788,3,3,1,0.20892008165328071,-0.28688373739916984,-3.0555357740193467,-0.01906376183241902,0.0051031760534073715,-0.000999887082787496,218.8800292968749,-93.60001220703123,129.3248535156249,68.6400085449219,-12.959997558593727,74.34233398437482,65.27993164062491,384.4801269531249,407.33447265625,-313.4400390625001,-261.5999511718751,-153.33121337890634,-146.8799987792969,63.840039062499955,125.452880859375
1763687241.9408698,3,3,1,0.2130748776123989,-0.21910150031004957,-2.8635989712495844,-0.017273084073175297,0.004449886864912069,-0.0010078042240936895,202.0799804687499,-88.79996337890623,125.45278320312491,63.84002075195315,-10.560003662109352,66.59843749999982,65.27993164062491,358.0799804687499,384.1025390625,-291.8399414062501,-242.4000000000001,-137.84317626953134,-142.07999572753909,56.639965820312455,117.708740234375
1763687242.0354354,3,3,1,0.1844020422014719,-0.22229308791226943,-2.387564534811768,-0.016325602088251946,0.004303500235609364,-0.0012241214691974622,178.0799804687499,-91.19998779296873,106.09291992187491,59.04000244140627,-17.76000061035154,51.11040039062482,65.27993164062491,334.0799804687499,364.742431640625,-265.4400390625001,-223.2000488281251,-126.22720947265634,-139.6800018310547,61.440014648437455,106.0927734375
1763687242.2381988,3,3,1,0.1776363545806105,-0.14140585137150719,-1.8362398180488755,-0.013465412626468344,0.00183435118096846,-0.001178662257353207,139.6799560546874,-86.39999999999998,82.86074218749991,42.24001464843752,-20.160009765624977,39.49443359374982,62.87990722656241,269.2799316406249,306.662353515625,-207.8399414062501,-175.2000488281251,-95.25119628906259,-122.8799987792969,54.239941406249955,71.244873046875
1763687242.4272563,3,3,1,0.26382598817837033,-0.07060655154294054,-0.9944462688003608,-0.008409432441194553,-0.0008925610778001361,-0.001332250706129661,113.27993164062491,-79.19998779296873,63.50087890624991,32.6400085449219,-15.360006713867165,27.878466796874818,55.67995605468741,209.2799316406249,256.326416015625,-159.8399414062501,-129.5999511718751,-79.76322021484384,-103.67998657226565,47.039990234374955,51.884765625
1763687242.5367212,3,3,1,0.24241748162681498,-0.060558743854261965,-0.7549284186489409,-0.007240356377162962,-0.000485181172599216,-0.000694982279228887,89.27993164062491,-79.19998779296873,55.75673828124991,32.6400085449219,-15.360006713867165,12.390429687499818,53.27993164062491,180.4800048828124,229.222412109375,-138.2400878906251,-98.40000000000009,-68.14719238281259,-94.08001098632815,47.039990234374955,40.268798828125
1763687242.6308506,3,3,1,0.25078472484710956,-0.041516195200976054,-0.5709439654108515,-0.007043029826540368,0.0007751068359493822,-0.0007862006896448792,82.07998046874991,-79.19998779296873,44.14077148437491,30.240014648437523,-20.160009765624977,12.390429687499818,50.87990722656241,156.4800048828124,217.6064453125,-121.44003906250009,-81.59995117187509,-56.53122558593759,-89.27999267578127,44.639965820312455,32.52490234375
1763687242.7394056,3,3,1,0.30527298103848055,-0.10445076373217162,-0.4195981520273674,-0.00244387040708583,-0.001089569206363548,-0.0004726690922704803,74.88002929687491,-71.99997558593748,48.01284179687491,23.040002441406273,-15.360006713867165,0.7744628906248181,50.87990722656241,146.8800292968749,205.990478515625,-107.04013671875009,-67.20004882812509,-52.65921630859384,-84.48000488281252,42.239941406249955,17.036865234375
1763687242.9418204,3,3,1,0.23811477499192846,0.04243514539392326,-0.25336394601815543,-0.003240370826919665,0.0004041088279493359,-0.000741708495732794,48.48000488281241,-74.39999999999998,32.52480468749991,11.040002441406273,-20.160009765624977,-3.097607421875182,50.87990722656241,110.88002929687491,182.758544921875,-90.24008789062509,-45.59995117187509,-41.04318847656259,-79.67998657226565,39.840039062499955,13.164794921875
1763687244.1276972,3,3,1,0.125153260996132,0.0024143017507883818,0.2549281023446921,-0.0031242052400930267,0.0025761396891507008,-0.0011804712750279889,12.480004882812409,-64.79996337890623,9.292871093749909,1.4399963378906477,-15.360006713867165,-30.201611328125182,43.67995605468741,38.88002929687491,113.0625,-39.83994140625009,11.999902343749909,-17.81125488281259,-53.27999267578127,32.639965820312455,-13.939208984375
1763687245.639308,3,3,1,0.20125427399496867,0.04045025510951546,0.22178130192834422,-0.002468082172750176,0.0011720174119037273,-0.0012716957126739153,0.48000488281240905,-64.79996337890623,-2.323095703125091,-3.3599914550781023,-15.360006713867165,-37.94575195312518,38.87990722656241,26.88002929687491,101.446533203125,-27.83994140625009,26.40004882812491,-21.68320312500009,-50.8799987792969,32.639965820312455,-25.55517578125
1763687246.3361268,3,3,1,0.19082238311947552,0.05193842711574025,0.23926354457091342,-0.0020385237480924382,0.0022011663139721352,-0.0010297510923359663,0.48000488281240905,-64.79996337890623,-10.067236328125091,-5.759985351562477,-12.959997558593727,-34.07368164062518,41.27993164062491,22.07998046874991,93.702392578125,-23.04013671875009,26.40004882812491,-21.68320312500009,-43.67998657226565,30.239941406249955,-21.68310546875
1763687247.2329607,3,3,1,0.21443706142099178,0.043499109125283944,0.25111845062060834,-0.0034421752207644115,0.001233311084162103,-0.0013439818466881072,0.48000488281240905,-64.79996337890623,-10.067236328125091,-0.9599975585937273,-10.560003662109352,-37.94575195312518,38.87990722656241,14.880029296874909,93.702392578125,-25.44003906250009,26.40004882812491,-25.55515136718759,-48.48000488281252,30.239941406249955,-37.171142578125
1763687247.6416082,3,3,1,0.24864185275798412,0.004336228844414466,0.31695266932384947,-0.0037455523521715424,0.000769833915190895,-0.0018659128265892122,-1.920019531250091,-64.79996337890623,-2.323095703125091,-0.9599975585937273,-15.360006713867165,-34.07368164062518,38.87990722656241,12.480004882812409,93.702392578125,-20.63999023437509,23.99990234374991,-17.81125488281259,-48.48000488281252,35.039990234374955,-29.42724609375
1763687249.0283043,3,3,1,0.26478099979567143,-0.039285737282184416,-0.24809641148264794,-0.0060799198025564645,0.00023762545696243435,-0.0006670561444760937,29.27993164062491,-71.99997558593748,20.90883789062491,6.240014648437523,-15.360006713867165,-14.713574218750182,36.48000488281241,72.48000488281241,140.16650390625,-54.24008789062509,-12.000097656250091,-33.29916992187509,-60.48000488281252,32.639965820312455,1.548828125
1763687249.1390367,3,3,1,0.2723561541523507,-0.005214761775069382,-0.4491542664066455,-0.005693122307577396,0.0004279437803717443,-0.0005838160213869749,38.88002929687491,-64.79996337890623,20.90883789062491,13.439996337890648,-3.3599914550781023,-6.969677734375182,36.48000488281241,89.28005371093741,155.654541015625,-73.44003906250009,-26.40000000000009,-41.04318847656259,-67.67998657226565,37.440014648437455,5.4208984375
1763687249.3413184,3,3,1,0.13865503045321692,-0.0787291215826264,-0.6871400356052502,-0.007398522463837979,0.0024710878456402257,-0.00027772872196342327,36.48000488281241,-74.39999999999998,24.78090820312491,6.240014648437523,-20.160009765624977,-10.841748046875182,46.07998046874991,91.67995605468741,167.2705078125,-83.04013671875009,-38.40000000000009,-37.17124023437509,-72.48000488281252,39.840039062499955,1.548828125
1763687249.4469001,3,3,1,0.19997026922603844,0.05226955457790531,-0.6870643028622408,-0.0026307512029885853,0.0010660858492780104,-0.0008162963967928371,46.07998046874991,-69.60001220703123,36.39687499999991,8.640008544921898,-15.360006713867165,-6.969677734375182,43.67995605468741,103.67995605468741,175.014404296875,-95.04013671875009,-52.80014648437509,-48.78720703125009,-74.8799987792969,39.840039062499955,9.292724609375
1763687250.042912,3,3,1,0.23183996602732587,-0.044216740656550596,-1.6569861096478293,-0.009422311328691911,0.002645970908199731,-0.0007928862882504927,113.27993164062491,-79.19998779296873,71.24477539062491,30.240014648437523,-12.959997558593727,24.006396484374818,50.87990722656241,221.2799316406249,267.9423828125,-176.6399902343751,-146.4000000000001,-83.63522949218759,-103.67998657226565,49.440014648437455,55.7568359375
1763687250.1364179,3,3,1,0.22861596654199343,-0.052071956316598896,-2.01635517998569,-0.010937009313378338,0.00316773700962959,-0.0006143273772515102,125.27993164062491,-83.99997558593748,71.24477539062491,30.240014648437523,-12.959997558593727,39.49443359374982,55.67995605468741,242.8800292968749,291.174560546875,-195.8399414062501,-163.2000488281251,-87.50717773437509,-106.08001098632815,49.440014648437455,67.372802734375
1763687250.2282903,3,3,1,0.24757151049126747,-0.13921359384519827,-2.15583078472256,-0.01217360099998616,0.0025119712918279316,-0.00019305335769743536,137.2799316406249,-81.60001220703123,90.60488281249991,39.84002075195315,-12.959997558593727,31.750292968749818,60.48000488281241,259.6800781249999,302.79052734375,-212.6399902343751,-177.5999511718751,-99.12320556640634,-115.67998657226565,51.840039062499955,75.11669921875
1763687250.3375943,3,3,1,0.1890943564362052,-0.10951478447760457,-2.442332051364701,-0.012542058676014309,0.004186399216730324,-0.00014256219936077522,149.2799316406249,-83.99997558593748,94.47695312499991,42.24001464843752,-12.959997558593727,39.49443359374982,58.07998046874991,281.2799316406249,318.278564453125,-229.4400390625001,-189.5999511718751,-106.86722412109384,-120.48000488281252,56.639965820312455,82.86083984375
1763687250.7295747,3,3,1,0.12189154748953662,-0.26555315065017404,-3.5843956598625417,-0.02110707914943867,0.008749393202759208,-0.0010419619280468298,221.2799316406249,-95.99997558593748,133.1969238281249,73.44002685546877,-10.560003662109352,78.21440429687482,72.48000488281241,386.8800292968749,411.20654296875,-323.0401367187501,-266.4000000000001,-145.58719482421884,-149.28000793457034,63.840039062499955,137.06884765625
1763687250.8394547,3,3,1,0.1428461943804499,-0.2374453912221533,-3.9003806284279725,-0.019946613093042666,0.008164840234238498,-0.00060520474869075,245.2799316406249,-100.79996337890623,144.8128906249999,85.44002685546877,-8.160009765624977,82.08623046874982,77.27993164062491,425.2799316406249,446.054443359375,-349.4400390625001,-290.4000000000001,-164.94718017578134,-158.8799987792969,61.440014648437455,137.06884765625
1763687250.9457934,3,3,1,0.05234063411005675,-0.028495588244368555,-4.1818575688292094,-0.0205083699465579,0.005588781064176435,-0.001039379909451123,254.8800292968749,-105.60001220703123,152.5567871093749,85.44002685546877,-8.160009765624977,97.57426757812482,72.48000488281241,444.4801269531249,469.286376953125,-380.6399902343751,-307.2000488281251,-172.69119873046884,-163.6800018310547,63.840039062499955,156.4287109375
1763687251.1439145,3,3,1,-0.0694389472980624,-0.3148290883967737,-5.027135562775554,-0.025836542934188224,0.012304069178938854,-0.00024274647298467975,295.6799560546874,-112.79996337890623,175.7889648437499,109.44002685546877,-5.760015869140602,109.19047851562482,84.48000488281241,497.2799316406249,519.62255859375,-423.8399414062501,-343.2000488281251,-207.53922119140634,-185.28000793457034,68.63996582031245,191.27685546875
1763687251.340671,3,3,1,0.19328147439251142,-0.44141492502585233,-5.581597502738127,-0.032377497861117904,0.010656921161494333,-0.0011637105277667122,334.0799804687499,-117.60001220703123,195.1488281249999,121.44002685546877,3.8399902343750227,120.80620117187482,86.87990722656241,552.4801269531249,566.08642578125,-491.0401367187501,-388.8001464843751,-230.7712158203126,-199.6800018310547,68.63996582031245,222.2529296875
1763687251.530832,3,3,1,0.1051738038371213,-0.5092206154208715,-6.3710466346975085,-0.03300716462215628,0.011417014673662223,-0.0008164025575073744,372.4800048828124,-129.60001220703123,218.3807617187499,140.6400085449219,1.4399963378906477,132.42241210937482,91.67995605468741,614.8800292968749,612.550537109375,-536.6399902343751,-422.4000000000001,-261.74722900390634,-218.8799987792969,71.03999023437495,245.48486328125
1763687251.6384726,3,3,1,-0.0413380018528158,-0.6785720227686177,-6.80501981725282,-0.04098206560414271,0.018711853453462497,-0.00091079711010622,384.4800048828124,-131.99997558593748,226.1249023437499,150.24001464843752,-0.9599975585937273,140.16655273437482,89.27993164062491,634.0799804687499,624.16650390625,-553.4400390625001,-436.8001464843751,-257.8752197265626,-221.28000793457034,73.44001464843745,253.228759765625
1763687251.7275372,3,3,1,-0.00929032421475201,-0.6955798458576352,-6.838441027889093,-0.04060325338602939,0.017965891339266387,-0.00037265108066540046,379.6799560546874,-129.60001220703123,222.2528320312499,143.04000244140627,-8.160009765624977,132.42241210937482,91.67995605468741,626.8800292968749,624.16650390625,-541.4400390625001,-436.8001464843751,-261.74722900390634,-226.08001098632815,75.84003906249995,249.356689453125
1763687251.839509,3,3,1,0.18733428000895874,-0.5588143514394261,-6.526963571784519,-0.03422323476259207,0.007016827777444449,0.00014188615764949408,374.8800292968749,-134.39999999999998,218.3807617187499,140.6400085449219,-8.160009765624977,132.42241210937482,96.48000488281241,619.6800781249999,624.16650390625,-529.4400390625001,-427.2000488281251,-254.00321044921884,-223.6800018310547,66.23994140624995,245.48486328125
1763687251.9595854,3,3,1,0.18280225123057225,-0.5416897488087355,-6.2872638222988035,-0.033024449978097524,0.007855391059681513,-0.00031581783849065357,370.0799804687499,-134.39999999999998,214.5089355468749,140.6400085449219,-12.959997558593727,132.42241210937482,96.48000488281241,624.4801269531249,624.16650390625,-534.2400878906251,-429.5999511718751,-254.00321044921884,-226.08001098632815,68.63996582031245,249.356689453125
1763687252.1323128,3,3,1,0.19903070776441723,-0.48388305541246224,-6.181485545708935,-0.03199259611349805,0.005764218979546078,-0.00012279133136816785,374.8800292968749,-134.39999999999998,222.2528320312499,138.24001464843752,-10.560003662109352,128.55034179687482,96.48000488281241,619.6800781249999,620.29443359375,-534.2400878906251,-429.5999511718751,-246.25919189453134,-226.08001098632815,66.23994140624995,245.48486328125
1763687252.1912942,3,3,1,0.1719811738194646,-0.4828597677706037,-6.248192776525643,-0.03185366506814336,0.007022766227707752,-0.00022385799404754788,372.4800048828124,-129.60001220703123,222.2528320312499,138.24001464843752,-15.360006713867165,132.42241210937482,96.48000488281241,624.4801269531249,628.038330078125,-536.6399902343751,-427.2000488281251,-257.8752197265626,-221.28000793457034,71.03999023437495,249.356689453125
1763687252.3315601,3,3,1,0.08085432901479003,-0.5418998314264396,-6.034637362408925,-0.0333356825056653,0.011008751753896099,-0.0006165713645705445,0,0,0,0,0,0,0,0,0,0,0,0,0,0,0
1763687252.4408069,3,3,1,0.07606531815878391,-0.5369410316653951,-6.155837641401981,-0.034156547757484834,0.010919319046141053,-3.8426986914675025e-05,377.2799316406249,-131.99997558593748,222.2528320312499,140.6400085449219,-5.760015869140602,132.42241210937482,94.07998046874991,629.2799316406249,616.42236328125,-543.8399414062501,-434.4000000000001,-257.8752197265626,-226.08001098632815,68.63996582031245,249.356689453125
1763687252.4999568,3,3,1,0.09328218085949003,-0.5370165407744666,-6.105985443993454,-0.034138382798722666,0.01077681949852885,-2.065838291382435e-05,374.8800292968749,-129.60001220703123,222.2528320312499,143.04000244140627,-3.3599914550781023,132.42241210937482,96.48000488281241,624.4801269531249,624.16650390625,-543.8399414062501,-434.4000000000001,-261.74722900390634,-223.6800018310547,68.63996582031245,249.356689453125
1763687252.608776,3,3,1,0.09026697114537674,-0.5589153946492951,-6.028344335003206,-0.03565967661321156,0.012108139743590998,-0.00046642860523617873,377.2799316406249,-131.99997558593748,226.1249023437499,143.04000244140627,-5.760015869140602,136.29448242187482,94.07998046874991,624.4801269531249,624.16650390625,-543.8399414062501,-429.5999511718751,-261.74722900390634,-226.08001098632815,68.63996582031245,253.228759765625
1763687252.7372932,3,3,1,0.049348834228202354,-0.5545728882605562,-6.037440030533807,-0.03411336120582174,0.011825629506546847,-0.0002285942348606105,377.2799316406249,-129.60001220703123,222.2528320312499,145.44002685546877,-8.160009765624977,128.55034179687482,96.48000488281241,622.0799804687499,624.16650390625,-543.8399414062501,-436.8001464843751,-257.8752197265626,-223.6800018310547,71.03999023437495,241.61279296875
1763687252.8092968,3,3,1,0.049374420104198846,-0.5454587675056723,-6.003845717203202,-0.034028667366113256,0.01201469075269542,-0.00013880063977753185,379.6799560546874,-127.19998779296873,218.3807617187499,145.44002685546877,-3.3599914550781023,132.42241210937482,96.48000488281241,624.4801269531249,620.29443359375,-543.8399414062501,-434.4000000000001,-257.8752197265626,-223.6800018310547,71.03999023437495,249.356689453125
1763687252.9039323,3,3,1,0.08625580621200231,-0.5534212621558434,-5.972561137514477,-0.03458142886642075,0.01104224821398019,-0.00044248689257004215,377.2799316406249,-134.39999999999998,218.3807617187499,143.04000244140627,-5.760015869140602,128.55034179687482,96.48000488281241,624.4801269531249,620.29443359375,-539.0401367187501,-427.2000488281251,-261.74722900390634,-221.28000793457034,71.03999023437495,249.356689453125
1763687253.0115857,3,3,1,0.0648352171213818,-0.5417823225484029,-5.850081023543941,-0.03343736145677559,0.011065032724657442,-8.190713960221085e-05,370.0799804687499,-136.79996337890623,218.3807617187499,140.6400085449219,-10.560003662109352,128.55034179687482,96.48000488281241,626.8800292968749,620.29443359375,-536.6399902343751,-429.5999511718751,-250.1312011718751,-223.6800018310547,66.23994140624995,245.48486328125
1763687253.3408515,3,3,1,0.190190884981971,-0.5022380562805002,-5.820642716031528,-0.03002349874463868,0.005918900635652095,-0.00013995393717084522,367.6799560546874,-136.79996337890623,222.2528320312499,143.04000244140627,-10.560003662109352,128.55034179687482,98.87990722656241,624.4801269531249,620.29443359375,-534.2400878906251,-424.8001464843751,-254.00321044921884,-226.08001098632815,68.63996582031245,245.48486328125
1763687253.4370458,3,3,1,0.1607404153408372,-0.4705224458094141,-5.841319500734283,-0.030976302837435767,0.007744951026184608,-0.0005446361186492901,374.8800292968749,-129.60001220703123,218.3807617187499,143.04000244140627,-10.560003662109352,128.55034179687482,98.87990722656241,624.4801269531249,620.29443359375,-534.2400878906251,-429.5999511718751,-246.25919189453134,-223.6800018310547,66.23994140624995,245.48486328125
1763687253.5413558,3,3,1,0.1600927443703023,-0.5001809838439294,-5.6558036889811545,-0.031004032563525387,0.007689998428394275,-0.0009449824899537406,379.6799560546874,-131.99997558593748,218.3807617187499,147.84002075195315,-10.560003662109352,136.29448242187482,96.48000488281241,624.4801269531249,612.550537109375,-543.8399414062501,-429.5999511718751,-257.8752197265626,-226.08001098632815,71.03999023437495,245.48486328125
1763687253.6319416,3,3,1,0.1152770075130907,-0.508750379734251,-5.832075633384735,-0.03280980597101294,0.009887062640871474,-7.61720524791341e-05,377.2799316406249,-131.99997558593748,229.9969726562499,147.84002075195315,-3.3599914550781023,132.42241210937482,96.48000488281241,629.2799316406249,620.29443359375,-548.6399902343751,-436.8001464843751,-254.00321044921884,-218.8799987792969,71.03999023437495,257.100830078125
1763687253.729268,3,3,1,0.06874546358451705,-0.5681454568388297,-5.822087077256678,-0.03467119993305389,0.012335745833389764,-0.0004656325307724901,377.2799316406249,-131.99997558593748,226.1249023437499,143.04000244140627,-3.3599914550781023,136.29448242187482,94.07998046874991,626.8800292968749,620.29443359375,-546.2400878906251,-434.4000000000001,-257.8752197265626,-223.6800018310547,68.63996582031245,249.356689453125
1763687253.8391628,3,3,1,0.04810306546771485,-0.5563937184834372,-5.716725684710201,-0.03370391184655837,0.012256793441618704,-0.00034652356095187377,382.0799804687499,-134.39999999999998,222.2528320312499,143.04000244140627,-8.160009765624977,132.42241210937482,91.67995605468741,626.8800292968749,624.16650390625,-543.8399414062501,-436.8001464843751,-261.74722900390634,-223.6800018310547,66.23994140624995,253.228759765625
1763687254.041811,3,3,1,0.08731009351361345,-0.5295211186964912,-5.764469774770719,-0.03264781665708485,0.01164360541317439,-0.000283492102254899,377.2799316406249,-134.39999999999998,226.1249023437499,145.44002685546877,-3.3599914550781023,132.42241210937482,98.87990722656241,629.2799316406249,624.16650390625,-546.2400878906251,-436.8001464843751,-261.74722900390634,-221.28000793457034,68.63996582031245,245.48486328125
1763687254.1373155,3,3,1,0.08074378867118209,-0.5138808820305201,-5.629848487470867,-0.03281854198937434,0.0113379498767658,-0.00047210223694828853,377.2799316406249,-127.19998779296873,218.3807617187499,145.44002685546877,-5.760015869140602,132.42241210937482,96.48000488281241,622.0799804687499,620.29443359375,-539.0401367187501,-429.5999511718751,-257.8752197265626,-218.8799987792969,66.23994140624995,245.48486328125
1763687254.335037,3,3,1,0.09218574194101828,-0.4824971732126029,-5.244594730352596,-0.0329581563487031,0.011745668658712164,-0.0006505515136610068,355.6799560546874,-127.19998779296873,210.6368652343749,135.84002075195315,-5.760015869140602,120.80620117187482,91.67995605468741,590.8800292968749,589.318359375,-505.4400390625001,-408.0000976562501,-238.51517333984384,-211.6800018310547,66.23994140624995,222.2529296875
1763687254.4293058,3,3,1,0.11760666189008467,-0.4109260222626387,-4.768817214559714,-0.027839379941658107,0.008284686928414973,-0.0008563303967237717,334.0799804687499,-124.79996337890623,195.1488281249999,126.24001464843752,-15.360006713867165,116.93413085937482,91.67995605468741,571.6800781249999,566.08642578125,-479.0401367187501,-388.8001464843751,-226.89920654296884,-211.6800018310547,63.840039062499955,214.5087890625
1763687254.6316702,3,3,1,0.1121848642148958,-0.3476410448882653,-4.028660138998562,-0.02355788033802578,0.00687825089070736,-0.0005008826297199951,300.4800048828124,-115.19998779296873,175.7889648437499,111.84002075195315,-10.560003662109352,97.57426757812482,82.07998046874991,514.0799804687499,515.75048828125,-428.6399902343751,-348.0000976562501,-207.53922119140634,-187.6800018310547,63.840039062499955,195.14892578125
1763687254.742204,3,3,1,0.16808340088182605,-0.2558846153126183,-3.3223733308389294,-0.01921558678759913,0.003914255691464289,-0.0007859073616074484,271.6799560546874,-112.79996337890623,152.5567871093749,104.6400085449219,-12.959997558593727,93.70219726562482,79.67995605468741,468.4801269531249,477.030517578125,-380.6399902343751,-309.5999511718751,-180.43521728515634,-180.48000488281252,61.440014648437455,175.788818359375
1763687254.8371792,3,3,1,0.2359600738593685,-0.20675863327238164,-2.9070413833567685,-0.01612495816388677,0.000324890137663228,-0.0004731558508044684,245.2799316406249,-105.60001220703123,144.8128906249999,85.44002685546877,-12.959997558593727,74.34233398437482,74.87990722656241,430.0799804687499,442.182373046875,-351.8399414062501,-283.2000488281251,-168.8191894531251,-166.07999572753909,61.440014648437455,156.4287109375
1763687254.8791409,3,3,1,0.24546323421371385,-0.19201481069887055,-2.8733559201878287,-0.01617086551419913,0.00015611201893150385,-0.000931801046662284,233.2799316406249,-100.79996337890623,140.9408203124999,85.44002685546877,-12.959997558593727,74.34233398437482,72.48000488281241,415.6800781249999,426.6943359375,-332.6399902343751,-278.4000000000001,-168.8191894531251,-163.6800018310547,61.440014648437455,144.812744140625
1763687254.9746852,3,3,1,0.15932956495788275,-0.14412950428861127,-2.3250210253088914,-0.013637891383253224,0.0028649987423160785,-0.0008843564990421468,0,0,0,0,0,0,0,0,0,0,0,0,0,0,0
1763687255.0832279,3,3,1,0.27918870933546597,-0.08945174788665522,-2.0056695649383625,-0.012718722238814588,0.0005586762383155725,-0.0006158680700019557,182.8800292968749,-93.60001220703123,102.22084960937491,61.44002685546877,-17.76000061035154,51.11040039062482,72.48000488281241,334.0799804687499,349.25439453125,-260.6399902343751,-211.2000488281251,-126.22720947265634,-142.07999572753909,49.440014648437455,106.0927734375
1763687255.195446,3,3,1,0.23142701187276302,-0.10854986464353646,-1.4761844099692687,-0.011375371883178638,-0.0002510735539767256,-0.0007318248569911662,166.0799804687499,-88.79996337890623,94.47695312499991,59.04000244140627,-17.76000061035154,43.36625976562482,62.87990722656241,302.8800292968749,322.150390625,-236.6399902343751,-192.0000976562501,-118.48319091796884,-125.27999267578127,49.440014648437455,98.348876953125
1763687255.3395836,3,3,1,0.29641148537454,-0.06407539324747859,-1.0429679364445457,-0.007836675068651756,-0.0025814728151128657,-0.0008791144191317157,139.6799560546874,-86.39999999999998,78.98891601562491,49.44002685546877,-15.360006713867165,31.750292968749818,58.07998046874991,264.4801269531249,295.04638671875,-198.2400878906251,-151.2000488281251,-99.12320556640634,-120.48000488281252,47.039990234374955,75.11669921875
1763687255.4297314,3,3,1,0.22370260822333937,-0.014859937668365887,-0.8501039177577713,-0.006394043516299535,-0.001728464204118908,-0.0011203824992404806,125.27993164062491,-83.99997558593748,75.11684570312491,42.24001464843752,-22.560003662109352,24.006396484374818,60.48000488281241,235.6800781249999,271.814453125,-176.6399902343751,-136.8001464843751,-91.37918701171884,-113.27999267578127,49.440014648437455,67.372802734375
1763687255.5435762,3,3,1,0.2616850571538589,-0.06100423017522557,-0.6473826276288457,-0.005704002216134797,-0.0014471823138998388,-0.0012755861838579133,115.67995605468741,-83.99997558593748,67.37294921874991,35.04000244140627,-20.160009765624977,24.006396484374818,58.07998046874991,214.0799804687499,256.326416015625,-164.6399902343751,-115.20004882812509,-83.63522949218759,-101.27999267578127,49.440014648437455,59.62890625
1763687255.587452,3,3,1,0.19502054094102655,-0.04482427549721427,-0.7487703655911164,-0.006118699404908423,-5.7524431653595395e-05,-0.0009234557031041228,106.07998046874991,-76.79996337890623,59.62880859374991,32.6400085449219,-15.360006713867165,24.006396484374818,55.67995605468741,206.8800292968749,252.454345703125,-157.4400390625001,-112.80014648437509,-79.76322021484384,-103.67998657226565,49.440014648437455,59.62890625
1763687255.6815035,3,3,1,0.30211951578566676,0.07006022425388492,-0.5092833109671641,-0.003915483967715772,-0.0010327072030770204,-0.0009955381933245402,98.88002929687491,-76.79996337890623,55.75673828124991,32.6400085449219,-22.560003662109352,16.262255859374818,53.27993164062491,194.8800292968749,236.966552734375,-147.8399414062501,-98.40000000000009,-68.14719238281259,-98.8799987792969,49.440014648437455,51.884765625
1763687255.7800953,3,3,1,0.19163456881625643,0.006101008307189532,-0.46573558166986656,-0.0027667264794040253,-0.0009752072313224773,-0.0012814534783348913,89.27993164062491,-81.60001220703123,48.01284179687491,30.240014648437523,-20.160009765624977,8.518359374999818,53.27993164062491,178.0799804687499,217.6064453125,-138.2400878906251,-91.20004882812509,-64.27518310546884,-94.08001098632815,47.039990234374955,40.268798828125
1763687255.937712,3,3,1,0.26202552303897964,0.06942144015856615,-0.3946948347441625,-0.0007006272210553251,-0.0009033470881781391,-0.0008620681225462195,79.67995605468741,-79.19998779296873,40.26894531249991,25.439996337890648,-17.76000061035154,4.646289062499818,50.87990722656241,151.6799560546874,213.734375,-123.83994140625009,-76.80014648437509,-56.53122558593759,-89.27999267578127,39.840039062499955,32.52490234375
1763687255.9807854,3,3,1,0.24562542494623865,0.06871214151402527,-0.37778983535783306,-0.0008789731879095174,-0.0006659702544726944,-0.0010911506801653467,72.48000488281241,-76.79996337890623,48.01284179687491,23.040002441406273,-17.76000061035154,0.7744628906248181,50.87990722656241,149.2800537109374,213.734375,-121.44003906250009,-76.80014648437509,-60.40317382812509,-84.48000488281252,42.239941406249955,32.52490234375
1763687256.0899186,3,3,1,0.1458159741048027,0.07787329640608744,-0.26190570132853497,-0.0016520032592732335,0.0025333234569924193,-0.0011308660786504088,58.07998046874991,-76.79996337890623,51.88491210937491,18.240014648437523,-12.959997558593727,-6.969677734375182,53.27993164062491,142.0799804687499,198.246337890625,-109.44003906250009,-62.40000000000009,-60.40317382812509,-89.27999267578127,44.639965820312455,20.90869140625
1763687256.1841688,3,3,1,0.4896769427886182,-0.1892386847984242,-0.26317484345904163,-0.0040673018032179355,-0.0028492815883474506,-0.0009651065787116817,77.27993164062491,-76.79996337890623,51.88491210937491,15.840020751953148,-17.76000061035154,8.518359374999818,48.48000488281241,137.2800537109374,194.37451171875,-104.63999023437509,-60.00009765625009,-48.78720703125009,-82.08001098632815,44.639965820312455,28.65283203125
1763687257.4427931,3,3,1,0.2468672295906817,0.10119745269434902,0.22685925143753985,-0.0006194795251612075,0.0007974374928017585,-0.0012674724802475526,24.48000488281241,-67.19998779296873,9.292871093749909,8.640008544921898,-12.959997558593727,-26.329541015625182,38.87990722656241,53.28005371093741,128.550537109375,-54.24008789062509,4.799951171874909,-37.17124023437509,-60.48000488281252,37.440014648437455,-6.195068359375
1763687257.839083,3,3,1,0.17896320518319841,0.018067781493803954,0.24122592501147244,-0.0016431003414919799,0.0023160329470280736,-0.0009460727560210529,19.67995605468741,-69.60001220703123,9.292871093749909,8.640008544921898,-12.959997558593727,-22.457714843750182,43.67995605468741,46.07998046874991,120.806396484375,-49.44003906250009,7.199853515624909,-29.42722167968759,-55.67998657226565,37.440014648437455,-21.68310546875
1763687257.9408698,3,3,1,0.1847007903634182,0.03820188472472296,0.2550620555286929,-0.002657417434214135,0.0017870911978791594,-0.0014947565751074947,14.880029296874909,-67.19998779296873,9.292871093749909,6.240014648437523,-17.76000061035154,-22.457714843750182,38.87990722656241,48.48000488281241,128.550537109375,-47.04013671875009,7.199853515624909,-29.42722167968759,-55.67998657226565,37.440014648437455,-13.939208984375
1763687258.145702,3,3,1,0.19241410303162051,0.05252012814192783,0.20425989280076093,-0.0023724602359388204,0.0019873251386766013,-0.0008092756505587369,19.67995605468741,-74.39999999999998,5.420800781249909,6.240014648437523,-17.76000061035154,-18.585644531250182,38.87990722656241,46.07998046874991,120.806396484375,-44.63999023437509,7.199853515624909,-37.17124023437509,-60.48000488281252,35.039990234374955,-10.067138671875
1763687258.863898,3,3,1,0.2012257555294678,0.03088001145003072,0.22083800240528528,-0.002531284195718883,0.001164025831256418,-0.0006460127889979789,12.480004882812409,-64.79996337890623,9.292871093749909,1.4399963378906477,-12.959997558593727,-22.457714843750182,38.87990722656241,38.88002929687491,120.806396484375,-44.63999023437509,11.999902343749909,-29.42722167968759,-58.08001098632815,35.039990234374955,-17.811279296875
1763687259.5478547,3,3,1,0.16497120178614777,0.04629295146252124,0.22291557300444598,-0.002094678916299192,0.002608401262352408,-0.000956926703789096,10.079980468749909,-69.60001220703123,1.548730468749909,3.8400207519531477,-12.959997558593727,-30.201611328125182,38.87990722656241,36.48000488281241,113.0625,-35.04013671875009,14.400048828124909,-25.55515136718759,-55.67998657226565,35.039990234374955,-17.811279296875
1763687262.454905,3,3,1,0.30878803881645406,0.04102191496684439,-0.30883342256617075,-0.003754648883942697,5.8325059577897196e-05,-0.0005295624883828872,34.07998046874991,-64.79996337890623,9.292871093749909,15.840020751953148,-8.160009765624977,-14.713574218750182,41.27993164062491,77.28005371093741,144.038330078125,-66.24008789062509,-16.80014648437509,-44.91519775390634,-65.27999267578127,37.440014648437455,1.548828125
1763687262.6437097,3,3,1,0.2402275774338845,-0.0058749948739999225,-0.5344019894428282,-0.0062298879642731335,0.0007767831112735977,-0.00038175721757441675,53.27993164062491,-64.79996337890623,20.90883789062491,18.240014648437523,-10.560003662109352,0.7744628906248181,36.48000488281241,98.88002929687491,159.5263671875,-78.24008789062509,-40.80014648437509,-48.78720703125009,-70.08001098632815,32.639965820312455,13.164794921875
1763687262.6722064,3,3,1,0.2409300459916564,0.011620498679325082,-0.5011181506331719,-0.006256679291013685,0.0012428844007173578,-0.0006841509616635841,53.27993164062491,-69.60001220703123,28.65273437499991,15.840020751953148,-10.560003662109352,-6.969677734375182,41.27993164062491,101.28005371093741,163.3984375,-83.04013671875009,-33.59995117187509,-44.91519775390634,-67.67998657226565,42.239941406249955,17.036865234375
1763687262.843609,3,3,1,0.2917492859117522,-0.014536489004420436,-0.7471319203445365,-0.008360765438288068,0.0008296980826684907,8.070506742533954e-05,48.48000488281241,-71.99997558593748,32.52480468749991,8.640008544921898,-15.360006713867165,-6.969677734375182,48.48000488281241,108.48000488281241,190.50244140625,-90.24008789062509,-48.00009765625009,-44.91519775390634,-70.08001098632815,37.440014648437455,9.292724609375
1763687262.872598,3,3,1,0.2138955688256289,-0.00021964310906771173,-0.726124420816795,-0.008098105823647131,0.0016045116640051513,-0.00038039696805452973,55.67995605468741,-74.39999999999998,24.78090820312491,11.040002441406273,-12.959997558593727,0.7744628906248181,46.07998046874991,113.28005371093741,178.886474609375,-95.04013671875009,-52.80014648437509,-44.91519775390634,-74.8799987792969,44.639965820312455,9.292724609375
1763687263.0338063,3,3,1,0.1550533100623697,0.02454098914629213,-0.896852245715295,-0.004610583301771858,0.0030799204779569183,-0.00034948597266876906,67.67995605468741,-67.19998779296873,44.14077148437491,20.640008544921898,-5.760015869140602,4.646289062499818,43.67995605468741,137.2800537109374,198.246337890625,-116.63999023437509,-76.80014648437509,-52.65921630859384,-77.27999267578127,39.840039062499955,24.78076171875
1763687263.1425233,3,3,1,0.21308393927999383,-0.02521022722106942,-1.0063867224913459,-0.0065491214737798216,0.0022677133767422548,-0.0005495750368657424,79.67995605468741,-71.99997558593748,48.01284179687491,23.040002441406273,-8.160009765624977,16.262255859374818,48.48000488281241,156.4800048828124,217.6064453125,-135.8399414062501,-93.59995117187509,-68.14719238281259,-86.8799987792969,44.639965820312455,36.396728515625
1763687263.1697557,3,3,1,0.24428154153964737,-0.03291262758458189,-1.0716937988867585,-0.005958137977447874,0.0016332141873741676,-0.0008826831377656923,82.07998046874991,-76.79996337890623,44.14077148437491,23.040002441406273,-8.160009765624977,12.390429687499818,48.48000488281241,161.2800537109374,213.734375,-135.8399414062501,-98.40000000000009,-64.27518310546884,-86.8799987792969,44.639965820312455,28.65283203125
1763687263.2790167,3,3,1,0.22517964619137887,-0.010092388799711915,-1.329595777140952,-0.0073491814542332706,0.0020109754655972156,-0.00020088690964302123,96.48000488281241,-74.39999999999998,59.62880859374991,25.439996337890648,-8.160009765624977,20.134326171874818,50.87990722656241,185.2800537109374,240.83837890625,-152.6399902343751,-115.20004882812509,-72.01920166015634,-94.08001098632815,44.639965820312455,48.0126953125
1763687263.3714871,3,3,1,0.221965662877749,-0.09268203333997431,-1.5243721234642214,-0.009608987402418197,0.003775605843702348,-0.0002726734698663231,108.48000488281241,-79.19998779296873,67.37294921874991,30.240014648437523,-12.959997558593727,27.878466796874818,50.87990722656241,206.8800292968749,256.326416015625,-169.4400390625001,-132.0000976562501,-83.63522949218759,-98.8799987792969,44.639965820312455,51.884765625
1763687263.4800675,3,3,1,0.19373542118887394,-0.1099904732222604,-1.5695768981276075,-0.009090441454400558,0.0023456372473123588,-0.0005979259747506953,122.88002929687491,-76.79996337890623,75.11684570312491,35.04000244140627,-10.560003662109352,35.62236328124982,53.27993164062491,230.8800292968749,275.6865234375,-191.0401367187501,-148.8001464843751,-87.50717773437509,-103.67998657226565,49.440014648437455,55.7568359375
1763687263.575081,3,3,1,0.20682401799161743,-0.09987239662881792,-1.8951930045734138,-0.010283346191982054,0.003201320498151191,-0.0004856798024343303,132.4800048828124,-79.19998779296873,71.24477539062491,37.44002685546877,-10.560003662109352,35.62236328124982,50.87990722656241,250.0799804687499,295.04638671875,-205.4400390625001,-163.2000488281251,-87.50717773437509,-110.8799987792969,54.239941406249955,75.11669921875
1763687263.698996,3,3,1,0.1321069686702683,-0.09830520616648655,-2.0685638165521594,-0.012680128899334247,0.002849880338772813,-0.0005578954629987425,158.8800292968749,-86.39999999999998,94.47695312499991,49.44002685546877,-12.959997558593727,43.36625976562482,60.48000488281241,286.0799804687499,322.150390625,-231.8399414062501,-189.5999511718751,-110.73917236328134,-122.8799987792969,51.840039062499955,82.86083984375
1763687263.8429656,3,3,1,0.17887034822748743,-0.18293575110735444,-2.5007447100361846,-0.014856878697716971,0.004814744509177551,-0.0007141724504696517,178.0799804687499,-83.99997558593748,106.09291992187491,61.44002685546877,-10.560003662109352,62.72636718749982,55.67995605468741,319.6800781249999,349.25439453125,-263.0401367187501,-218.4000000000001,-126.22720947265634,-127.68000183105471,61.440014648437455,98.348876953125
1763687263.9008324,3,3,1,0.17762319318500075,-0.12306176465300198,-2.5485544417682866,-0.014042595531169278,0.004817716714225001,-0.000498400207024806,192.4800048828124,-86.39999999999998,121.58095703124991,59.04000244140627,-10.560003662109352,62.72636718749982,60.48000488281241,341.2799316406249,372.486328125,-275.0401367187501,-228.0000976562501,-126.22720947265634,-132.48000488281252,61.440014648437455,113.8369140625
1763687264.0096471,3,3,1,0.10805267360884557,-0.19652373941708132,-2.826933026226875,-0.016769756342380482,0.007227619770664141,-0.0005242087819785464,199.6799560546874,-91.19998779296873,125.45278320312491,68.6400085449219,-10.560003662109352,78.21440429687482,60.48000488281241,358.0799804687499,391.846435546875,-303.8399414062501,-247.2000488281251,-141.7151855468751,-142.07999572753909,59.039990234374955,125.452880859375
1763687264.1081593,3,3,1,0.19353258688408362,-0.2116870206425619,-3.199751386884694,-0.016973404524689244,0.005509182570452422,-0.0003450626948915459,221.2799316406249,-95.99997558593748,137.0687499999999,78.24001464843752,-5.760015869140602,78.21440429687482,67.67995605468741,384.4801269531249,415.078369140625,-327.8399414062501,-268.8001464843751,-153.33121337890634,-149.28000793457034,59.039990234374955,133.19677734375
1763687264.2131295,3,3,1,0.04207060701273374,-0.22558808056852486,-3.3865627815153974,-0.018222380524636334,0.009965112018240935,-0.0008833092422078555,233.2799316406249,-100.79996337890623,137.0687499999999,80.6400085449219,-5.760015869140602,82.08623046874982,67.67995605468741,408.4801269531249,434.4384765625,-342.2400878906251,-285.5999511718751,-161.0751708984376,-158.8799987792969,63.840039062499955,144.812744140625
1763687264.7323627,3,3,1,0.03886766400971946,-0.37430579646393697,-5.369270385724753,-0.02608310736397492,0.012840372924252712,-0.0004394664968909005,319.6799560546874,-122.39999999999998,191.2767578124999,121.44002685546877,-0.9599975585937273,116.93413085937482,82.07998046874991,538.0799804687499,554.470458984375,-476.6399902343751,-381.5999511718751,-226.89920654296884,-199.6800018310547,68.63996582031245,210.63671875
1763687264.937429,3,3,1,0.012679031452871636,-0.44436694194032295,-6.064012619724399,-0.032559985507704635,0.011955131913971993,-0.0003189359303348402,374.8800292968749,-127.19998779296873,218.3807617187499,147.84002075195315,-0.9599975585937273,128.55034179687482,86.87990722656241,619.6800781249999,608.678466796875,-534.2400878906251,-424.8001464843751,-261.74722900390634,-221.28000793457034,66.23994140624995,249.356689453125
1763687265.0309963,3,3,1,0.09236516053523888,-0.7386787787401401,-6.511135240681285,-0.036985665726261184,0.01897130403848881,-8.009849833689933e-05,0,0,0,0,0,0,0,0,0,0,0,0,0,0,0
1763687265.2337973,3,3,1,-0.07876322454371035,-0.5883586428765915,-7.397044411857007,-0.0404695211315132,0.007986044486441881,0.00027713129506941087,420.4800048828124,-141.60001220703123,253.2289062499999,169.43999633789065,6.239984130859398,147.91020507812482,96.48000488281241,684.4801269531249,678.37451171875,-613.4400390625001,-480.0000976562501,-296.5951904296876,-240.48000488281252,71.03999023437495,280.332763671875
1763687265.4364355,3,3,1,0.013651824162982967,-0.7557464370003774,-8.21761647256878,-0.04111636749894679,0.014978461675057663,0.0005442175272340039,482.8800292968749,-146.39999999999998,276.4608398437499,193.43999633789065,6.239984130859398,178.88627929687482,101.27993164062491,773.2799316406249,740.326416015625,-683.0401367187501,-542.4000000000001,-331.4432128906251,-264.4800048828125,78.23994140624995,322.9248046875
1763687265.7340634,3,3,1,0.13030142136485406,-0.8736487547506131,-9.391206310005723,-0.049242455834622396,0.009887278177434065,0.0007235249086096707,516.4800048828124,-167.99997558593748,311.3087402343749,205.43999633789065,-0.9599975585937273,186.63041992187482,118.07998046874991,835.6800781249999,817.766357421875,-759.8399414062501,-597.6001953125001,-354.67520751953134,-288.4800048828125,75.84003906249995,350.02880859375
1763687265.9376483,3,3,1,0.0943890187312981,-0.932800365059183,-10.313703029370128,-0.053689497234450434,0.009465162544528508,0.0008489489579594175,557.2800537109374,-175.19998779296873,334.5409179687499,219.84002075195315,1.4399963378906477,209.86235351562482,127.67995605468741,893.2799316406249,879.718505859375,-824.6399902343751,-650.4000000000001,-381.77921142578134,-300.4800048828125,78.23994140624995,373.2607421875
1763687266.0447197,3,3,1,0.07230017865115576,-0.9460228480793197,-9.930607087003912,-0.054553584851928225,0.011286703283355378,0.0003582511553298631,0,0,0,0,0,0,0,0,0,0,0,0,0,0,0
1763687266.2341132,3,3,1,0.37837713714449217,-0.7139965206745084,-9.530150941101915,-0.042627555704099304,-0.004632250801421085,0.00021510217572740312,545.2800537109374,-175.19998779296873,322.9249511718749,210.24004516601565,-10.560003662109352,202.11821289062482,134.8799072265624,893.2799316406249,879.718505859375,-803.0401367187501,-645.6001953125001,-362.41922607421884,-305.28000793457034,78.23994140624995,377.1328125
1763687266.3418067,3,3,1,0.3423501871209804,-0.7752908441181595,-9.505071935190376,-0.044807651398827614,-0.003037478457302084,0.0006113800081712778,542.8800292968749,-175.19998779296873,330.6688476562499,212.6400085449219,-10.560003662109352,198.24614257812482,134.8799072265624,900.4801269531249,879.718505859375,-798.2400878906251,-643.2000488281251,-366.29117431640634,-310.08001098632815,75.84003906249995,373.2607421875
1763687266.4341383,3,3,1,0.37418834193705036,-0.7521353559648063,-9.384133320242276,-0.04390483228896398,-0.004032637616240457,0.00034336942032568664,547.6799560546874,-175.19998779296873,326.7967773437499,205.43999633789065,-15.360006713867165,190.50249023437482,132.4800048828124,895.6800781249999,875.846435546875,-798.2400878906251,-645.6001953125001,-358.5472167968751,-310.08001098632815,80.63996582031245,369.388916015625
1763687266.549789,3,3,1,0.3322823214549775,-0.7288818509656296,-9.282127637999974,-0.04386140364206015,-0.0033847989612771374,0.00045650815715966245,542.8800292968749,-172.79996337890623,322.9249511718749,205.43999633789065,-12.959997558593727,190.50249023437482,132.4800048828124,898.0799804687499,879.718505859375,-803.0401367187501,-652.8001464843751,-354.67520751953134,-305.28000793457034,78.23994140624995,373.2607421875
1763687266.7321246,3,3,1,0.24668030914473218,-0.7826185366811587,-9.260354778226041,-0.0466956976843539,0.001437051000664484,0.0005363402956218145,550.0799804687499,-179.99997558593748,334.5409179687499,215.0400329589844,-5.760015869140602,198.24614257812482,127.67995605468741,898.0799804687499,879.718505859375,-810.2400878906251,-652.8001464843751,-370.1631835937501,-302.88000640869143,78.23994140624995,369.388916015625
1763687266.8415074,3,3,1,0.25042060111778264,-0.7988327707305424,-9.156806609592316,-0.04579351373803378,0.001996204648880952,0.000578801660322906,550.0799804687499,-177.60001220703123,330.6688476562499,210.24004516601565,-8.160009765624977,194.37456054687482,130.0799804687499,895.6800781249999,883.59033203125,-810.2400878906251,-652.8001464843751,-366.29117431640634,-305.28000793457034,78.23994140624995,373.2607421875
1763687266.9363928,3,3,1,0.2436985804299683,-0.7918984911043231,-9.157207831145499,-0.04606530876160463,0.0014842219943276974,0.0007331479591252714,550.0799804687499,-170.39999999999998,342.2848144531249,215.0400329589844,-5.760015869140602,205.99028320312482,125.27993164062491,900.4801269531249,875.846435546875,-807.8399414062501,-655.2000488281251,-362.41922607421884,-305.28000793457034,78.23994140624995,369.388916015625
1763687266.997161,3,3,1,0.22441939670211133,-0.7704321917250022,-9.204121051582355,-0.04540453068420093,0.0013718698300086846,0.0006392893330372036,552.4800048828124,-172.79996337890623,338.4127441406249,212.6400085449219,-8.160009765624977,194.37456054687482,127.67995605468741,898.0799804687499,883.59033203125,-810.2400878906251,-650.4000000000001,-370.1631835937501,-307.68000946044924,78.23994140624995,373.2607421875
1763687267.104806,3,3,1,0.21581308148794356,-0.7872999134209145,-9.035948494741282,-0.045507099512187586,0.0018476839425852643,0.00023145772006129923,550.0799804687499,-172.79996337890623,338.4127441406249,210.24004516601565,-0.9599975585937273,194.37456054687482,122.87990722656241,895.6800781249999,879.718505859375,-812.6399902343751,-655.2000488281251,-366.29117431640634,-302.88000640869143,80.63996582031245,373.2607421875
1763687267.2329125,3,3,1,0.11819091053258135,-0.805665928747435,-8.709430212526266,-0.04732310151668231,0.009069563402896073,-4.700132907837877e-05,545.2800537109374,-175.19998779296873,338.4127441406249,210.24004516601565,-0.9599975585937273,198.24614257812482,122.87990722656241,888.4801269531249,875.846435546875,-810.2400878906251,-645.6001953125001,-362.41922607421884,-302.88000640869143,78.23994140624995,373.2607421875
1763687267.6438942,3,3,1,0.1965817043754522,-0.7071954993618593,-8.807305197565077,-0.04245068246654814,0.003568925148818146,0.0003981214356263158,542.8800292968749,-177.60001220703123,338.4127441406249,210.24004516601565,-5.760015869140602,194.37456054687482,125.27993164062491,888.4801269531249,883.59033203125,-807.8399414062501,-650.4000000000001,-358.5472167968751,-298.08001098632815,80.63996582031245,369.388916015625
1763687267.7443926,3,3,1,0.19220258744878174,-0.7079615058739893,-8.761651514431248,-0.04346304936225423,0.004719549291567518,0.00033216959975301136,545.2800537109374,-170.39999999999998,330.6688476562499,205.43999633789065,-3.3599914550781023,198.24614257812482,125.27993164062491,886.0799804687499,871.974365234375,-805.4400390625001,-648.0000976562501,-366.29117431640634,-302.88000640869143,78.23994140624995,369.388916015625
1763687267.8441682,3,3,1,0.1890439147039741,-0.7190179347839522,-8.641618005240302,-0.04285673115443652,0.0051513288176146385,6.605429051285061e-05,545.2800537109374,-177.60001220703123,334.5409179687499,210.24004516601565,-3.3599914550781023,198.24614257812482,127.67995605468741,898.0799804687499,883.59033203125,-810.2400878906251,-650.4000000000001,-358.5472167968751,-302.88000640869143,80.63996582031245,369.388916015625
1763687267.9489102,3,3,1,0.2824707760886924,-0.7115391954203032,-8.817426720786475,-0.040438569345486085,0.0008026617550882277,0.00040259949563920504,542.8800292968749,-177.60001220703123,334.5409179687499,210.24004516601565,-5.760015869140602,198.24614257812482,127.67995605468741,890.8800292968749,871.974365234375,-803.0401367187501,-650.4000000000001,-358.5472167968751,-300.4800048828125,83.03999023437495,369.388916015625
1763687268.1322498,3,3,1,0.3624460878970586,-0.6468392519852224,-8.757954843927562,-0.03816949257181304,-0.003224511324938655,0.0003485626185728676,0,0,0,0,0,0,0,0,0,0,0,0,0,0,0
1763687268.2387226,3,3,1,0.28185166301569764,-0.6673609108101609,-8.712627717227367,-0.03970459281704888,-0.0002985409284530713,0.0002827554339451415,542.8800292968749,-179.99997558593748,330.6688476562499,205.43999633789065,-12.959997558593727,198.24614257812482,130.0799804687499,898.0799804687499,883.59033203125,-803.0401367187501,-650.4000000000001,-350.8031982421876,-300.4800048828125,80.63996582031245,369.388916015625
1763687268.5335407,3,3,1,0.3245741425572278,-0.6267101100982269,-8.635434109237208,-0.03713380591106284,-0.002780465867412851,0.0005517560917846875,540.4800048828124,-175.19998779296873,330.6688476562499,205.43999633789065,-10.560003662109352,194.37456054687482,130.0799804687499,888.4801269531249,879.718505859375,-793.4400390625001,-643.2000488281251,-343.0591796875001,-307.68000946044924,78.23994140624995,369.388916015625
1763687268.8415937,3,3,1,0.4566268481087057,-0.48411578501249075,-7.480895431663754,-0.029689542987660095,-0.008648275066356698,0.0002785204511317331,494.8800292968749,-163.19998779296873,307.4369140624999,183.84002075195315,-22.560003662109352,178.88627929687482,127.67995605468741,835.6800781249999,825.510498046875,-728.6399902343751,-600.0000976562501,-319.82718505859384,-295.68000946044924,75.84003906249995,342.284912109375
1763687268.9363492,3,3,1,0.4037695876083362,-0.5385946169918594,-7.101976892267407,-0.0317240800159337,-0.0063010934018850355,0.0004105815549065336,487.6799560546874,-165.60001220703123,295.8209472656249,183.84002075195315,-12.959997558593727,171.14213867187482,122.87990722656241,811.6800781249999,798.406494140625,-707.0401367187501,-568.8001464843751,-319.82718505859384,-281.28000793457034,78.23994140624995,326.796875
1763687269.04385,3,3,1,0.3071217062000081,-0.5159171128894943,-6.408746373493582,-0.030882051492567283,-0.0026601234084269636,0.00011396387725957479,463.6799560546874,-158.39999999999998,284.2047363281249,176.6400085449219,-20.160009765624977,155.65434570312482,115.67995605468741,768.4801269531249,759.6865234375,-671.0401367187501,-542.4000000000001,-304.3392089843751,-269.28000793457034,73.44001464843745,307.436767578125
1763687269.547271,3,3,1,0.1898343196605054,-0.2642080089720796,-3.4781157604419155,-0.020324594177656193,0.0031291657090000216,-0.0006895858348982288,324.4800048828124,-117.60001220703123,191.2767578124999,121.44002685546877,-12.959997558593727,113.06254882812482,86.87990722656241,547.6800781249999,546.7265625,-457.4400390625001,-376.8001464843751,-211.4112304687501,-199.6800018310547,61.440014648437455,210.63671875
1763687269.6354845,3,3,1,0.20794159806991502,-0.21662003808664076,-2.9735930497601046,-0.015911471642976203,0.0018772657985407803,-0.0006509959655052492,305.2799316406249,-112.79996337890623,171.9168945312499,109.44002685546877,-10.560003662109352,97.57426757812482,84.48000488281241,514.0799804687499,504.134521484375,-423.8399414062501,-345.5999511718751,-199.79520263671884,-185.28000793457034,56.639965820312455,195.14892578125
1763687269.745143,3,3,1,0.16457864864353883,-0.19303834513739027,-2.363649423235039,-0.015227084119112479,0.002337143066542134,-0.0012918592305751365,283.6799560546874,-105.60001220703123,156.4288574218749,104.6400085449219,-12.959997558593727,93.70219726562482,72.48000488281241,485.2799316406249,473.158447265625,-392.6399902343751,-324.0000976562501,-195.9231933593751,-178.07999572753909,54.239941406249955,187.40478515625
1763687269.8384058,3,3,1,0.15488646610573747,-0.2046764128649187,-2.0788505044910854,-0.01508174803168412,0.004047130451992215,-0.0011098512309345534,252.4800048828124,-100.79996337890623,137.0687499999999,95.04000244140627,-12.959997558593727,82.08623046874982,70.07998046874991,434.8800292968749,422.822509765625,-349.4400390625001,-288.0000976562501,-184.3072265625001,-163.6800018310547,51.840039062499955,156.4287109375
1763687270.0383546,3,3,1,0.2516224991978666,-0.15423449273585416,-1.403374437129358,-0.010368917452411459,-0.002258409575563751,-0.0010106862087968771,228.4800048828124,-98.39999999999998,106.09291992187491,87.84002075195315,-10.560003662109352,58.85429687499982,70.07998046874991,386.8800292968749,372.486328125,-294.2400878906251,-249.5999511718751,-157.2032226562501,-146.8799987792969,42.239941406249955,137.06884765625
1763687270.133521,3,3,1,0.2136296495024592,-0.09666934969945754,-1.4657367265798367,-0.014444224944041607,-0.003980797339806947,-0.001212374693987082,211.6799560546874,-91.19998779296873,109.96474609374991,66.24001464843752,-12.959997558593727,58.85429687499982,67.67995605468741,353.2799316406249,356.99853515625,-279.8399414062501,-228.0000976562501,-149.4592041015626,-142.07999572753909,44.639965820312455,117.708740234375
1763687270.224947,3,3,1,0.10229419705422886,-0.10319514808395991,-1.2947697187144689,-0.014458424725500655,-0.0026351220826304135,-0.0006026105762641715,187.6799560546874,-88.79996337890623,90.60488281249991,71.04000244140627,-15.360006713867165,47.23833007812482,65.27993164062491,338.8800292968749,337.638427734375,-258.2400878906251,-206.4000000000001,-133.97122802734384,-137.28000793457034,42.239941406249955,113.8369140625
1763687270.3332705,3,3,1,0.27560668443452313,-0.07466481920400986,-1.0140035667051943,-0.00911208178274287,-0.001382533054504994,-0.0012639424079913823,180.4800048828124,-88.79996337890623,86.73281249999991,71.04000244140627,-12.959997558593727,47.23833007812482,60.48000488281241,322.0799804687499,318.278564453125,-241.4400390625001,-192.0000976562501,-126.22720947265634,-125.27999267578127,47.039990234374955,106.0927734375
1763687270.536164,3,3,1,0.21793348267027615,-0.024324197651567164,-0.7363069427128428,-0.007109958039724489,-0.0007445102545432248,-0.0007690512300253486,151.6799560546874,-83.99997558593748,78.98891601562491,59.04000244140627,-12.959997558593727,31.750292968749818,55.67995605468741,278.8800292968749,287.302490234375,-205.4400390625001,-160.8001464843751,-106.86722412109384,-120.48000488281252,44.639965820312455,94.476806640625
1763687270.6455295,3,3,1,0.2983450990124439,0.006524460099305449,-0.7681550562154054,-0.005666430656150385,-0.0013366163130178253,-0.00030830694023207725,139.6799560546874,-81.60001220703123,75.11684570312491,54.24001464843752,-12.959997558593727,27.878466796874818,50.87990722656241,257.2799316406249,271.814453125,-188.6399902343751,-144.0000976562501,-99.12320556640634,-110.8799987792969,39.840039062499955,75.11669921875
1763687270.738375,3,3,1,0.25616082543665075,0.03627006511963848,-0.6324545665526988,-0.005581778604748071,7.460781838427238e-05,-0.0008088077407460264,132.4800048828124,-76.79996337890623,67.37294921874991,54.24001464843752,-5.760015869140602,27.878466796874818,50.87990722656241,242.8800292968749,256.326416015625,-183.8399414062501,-129.5999511718751,-99.12320556640634,-106.08001098632815,44.639965820312455,75.11669921875
1763687270.9428265,3,3,1,0.21810857432770003,0.006021887971427706,-0.3769954765002705,-0.004915804450944262,0.000725411957959937,-0.00047708587770564084,113.27993164062491,-76.79996337890623,59.62880859374991,44.6400085449219,-10.560003662109352,20.134326171874818,50.87990722656241,211.6800781249999,240.83837890625,-162.2400878906251,-112.80014648437509,-91.37918701171884,-98.8799987792969,44.639965820312455,67.372802734375
1763687271.0389056,3,3,1,0.2265413979675545,0.04557733475922635,-0.27602195601954843,-0.004582509303669869,0.001791245778557997,-0.0009119376197141298,110.88002929687491,-74.39999999999998,55.75673828124991,47.04000244140627,-12.959997558593727,16.262255859374818,48.48000488281241,202.0799804687499,236.966552734375,-150.2400878906251,-103.20004882812509,-79.76322021484384,-96.48000488281252,37.440014648437455,59.62890625
1763687271.095461,3,3,1,0.16331221428899495,0.012608001988610833,-0.3059127140858514,-0.004192723815598308,0.0021542496490605995,-0.0006048603041338308,106.07998046874991,-76.79996337890623,51.88491210937491,42.24001464843752,-12.959997558593727,20.134326171874818,50.87990722656241,194.8800292968749,229.222412109375,-145.4400390625001,-100.80014648437509,-83.63522949218759,-91.67998657226565,39.840039062499955,51.884765625
1763687271.1873612,3,3,1,0.20120081295653802,0.01634242626773391,-0.3082009210421097,-0.004821910445609026,0.0006965416591886979,-0.000843832613683963,98.88002929687491,-76.79996337890623,44.14077148437491,35.04000244140627,-8.160009765624977,12.390429687499818,46.07998046874991,180.4800048828124,213.734375,-143.0401367187501,-93.59995117187509,-79.76322021484384,-91.67998657226565,39.840039062499955,44.140869140625
1763687272.643746,3,3,1,0.14473606379325288,0.04686283128644118,0.22643952159827563,-0.001427440884120648,0.002797430427218514,-0.0011871955510508484,43.67995605468741,-67.19998779296873,20.90883789062491,23.040002441406273,-8.160009765624977,-10.841748046875182,38.87990722656241,86.88002929687491,140.16650390625,-73.44003906250009,-14.400000000000091,-48.78720703125009,-67.67998657226565,39.840039062499955,9.292724609375
1763687272.9397788,3,3,1,0.15608555119695994,0.08288659528929014,0.24226157732738865,-0.0016222367222880859,0.00222034383134893,-0.0010293869871434577,41.27993164062491,-69.60001220703123,13.164941406249909,18.240014648437523,-12.959997558593727,-14.713574218750182,41.27993164062491,77.28005371093741,144.038330078125,-66.24008789062509,-12.000097656250091,-44.91519775390634,-60.48000488281252,37.440014648437455,9.292724609375
1763687273.6412275,3,3,1,0.14806223172034996,0.06674391816390352,0.24117312031002786,-0.0019261486645113528,0.002568522238834816,-0.0010295643398823616,31.67995605468741,-67.19998779296873,5.420800781249909,15.840020751953148,-10.560003662109352,-14.713574218750182,41.27993164062491,70.07998046874991,140.16650390625,-63.83994140625009,-4.800146484375091,-41.04318847656259,-62.8799987792969,32.639965820312455,-2.3232421875
1763687274.9355001,3,3,1,0.18211203896506636,0.06530996982689141,0.20587718842078462,-0.0019449939439662796,0.0026456886760714924,-0.001042297399034344,26.88002929687491,-69.60001220703123,9.292871093749909,15.840020751953148,-8.160009765624977,-18.585644531250182,41.27993164062491,65.28005371093741,124.678466796875,-51.83994140625009,2.400048828124909,-37.17124023437509,-58.08001098632815,35.039990234374955,-10.067138671875
1763687276.1479912,3,3,1,0.1457945345041482,0.04936024864501502,0.20973111309919568,-0.0015738312296242848,0.0021282808758784485,-0.0011941778816577763,24.48000488281241,-64.79996337890623,9.292871093749909,11.040002441406273,-3.3599914550781023,-22.457714843750182,43.67995605468741,58.07998046874991,113.0625,-49.44003906250009,-9.765625009094947e-05,-29.42722167968759,-53.27999267578127,32.639965820312455,-13.939208984375
1763687277.835033,3,3,1,0.14290095128568406,0.017392835978382766,-0.2332245165710534,-0.003292822044349342,0.0013257349184562649,-0.0008100011493815725,48.48000488281241,-64.79996337890623,20.90883789062491,20.640008544921898,-5.760015869140602,-3.097607421875182,41.27993164062491,96.48000488281241,147.910400390625,-75.83994140625009,-31.20004882812509,-44.91519775390634,-65.27999267578127,37.440014648437455,13.164794921875
1763687277.9577243,3,3,1,0.26939970829838233,-0.003670762810700348,-0.42970615120810784,-0.0049965075649531735,0.00027612476044703367,-0.00033943110053048916,65.27993164062491,-64.79996337890623,28.65273437499991,27.840020751953148,-3.3599914550781023,4.646289062499818,41.27993164062491,118.07998046874991,163.3984375,-97.44003906250009,-55.20004882812509,-60.40317382812509,-70.08001098632815,35.039990234374955,13.164794921875
1763687278.245265,3,3,1,0.2086929053351708,0.13572869173261543,-0.6266327242831089,9.241907373636494e-05,0.0004612246728697819,-0.0006339593496383375,60.48000488281241,-71.99997558593748,32.52480468749991,15.840020751953148,-8.160009765624977,-3.097607421875182,48.48000488281241,130.0799804687499,182.758544921875,-107.04013671875009,-64.80014648437509,-64.27518310546884,-77.27999267578127,37.440014648437455,20.90869140625
1763687278.349369,3,3,1,0.22318377388548188,0.025394503025556618,-0.7463929731582162,-0.004384505657644045,0.0022391524436129844,-0.0007644767990861434,74.88002929687491,-69.60001220703123,44.14077148437491,20.640008544921898,-10.560003662109352,0.7744628906248181,43.67995605468741,156.4800048828124,198.246337890625,-121.44003906250009,-84.00009765625009,-68.14719238281259,-84.48000488281252,35.039990234374955,28.65283203125
1763687278.446838,3,3,1,0.14362374243831655,-0.010143684461995553,-1.0477751223585987,-0.004427492252203859,0.0034448483849135085,0.00014786832077200824,0,0,0,0,0,0,0,0,0,0,0,0,0,0,0
1763687278.6350317,3,3,1,0.0971936200719246,0.13429230546848245,-1.391393136608233,-0.006407513514066164,0.005246190228451832,-0.00030830129367057926,98.88002929687491,-74.39999999999998,63.50087890624991,20.640008544921898,-5.760015869140602,12.390429687499818,48.48000488281241,204.4801269531249,244.71044921875,-174.2400878906251,-134.4000000000001,-87.50717773437509,-98.8799987792969,39.840039062499955,40.268798828125
1763687278.7436757,3,3,1,-0.12412578437138587,0.338357813890611,-1.6455168737298886,-0.004856444797758891,0.005611165451479409,-0.0004871287103182394,122.88002929687491,-79.19998779296873,75.11684570312491,30.240014648437523,-15.360006713867165,20.134326171874818,53.27993164062491,247.6800781249999,275.6865234375,-195.8399414062501,-160.8001464843751,-99.12320556640634,-110.8799987792969,47.039990234374955,55.7568359375
1763687278.9452026,3,3,1,-0.09651973955349614,0.19839176586035118,-2.10566972036111,-0.010663551727266152,0.005907672069932542,-0.00043012232697563473,0,0,0,0,0,0,0,0,0,0,0,0,0,0,0
1763687279.1459568,3,3,1,0.14149035697540588,-0.12883831017570868,-2.76747187127904,-0.014005017810531387,0.0066945319775538895,-0.0003407691315256222,206.8800292968749,-93.60001220703123,109.96474609374991,68.6400085449219,-5.760015869140602,66.59843749999982,62.87990722656241,365.2799316406249,380.23046875,-291.8399414062501,-252.0000976562501,-149.4592041015626,-142.07999572753909,51.840039062499955,117.708740234375
1763687279.3341713,3,3,1,0.07096633557053333,-0.18248207985862566,-3.394634933494187,-0.016324995069462674,0.006832395984641143,-0.0006479953525152512,233.2799316406249,-98.39999999999998,137.0687499999999,83.04000244140627,-12.959997558593727,74.34233398437482,74.87990722656241,418.0799804687499,430.56640625,-330.2400878906251,-283.2000488281251,-161.0751708984376,-161.28000793457034,51.840039062499955,152.556884765625
1763687279.4415488,3,3,1,0.2557730995881306,-0.14769135494846014,-3.8530288563847916,-0.012882103736799561,-0.001041542230142264,-0.00017705091204162408,257.2799316406249,-105.60001220703123,144.8128906249999,97.44002685546877,-5.760015869140602,85.95854492187482,77.27993164062491,446.8800292968749,449.926513671875,-373.4400390625001,-307.2000488281251,-180.43521728515634,-168.48000488281252,54.239941406249955,164.1728515625
1763687279.8455553,3,3,1,0.08609140898477749,-0.3093741888040554,-5.177889548315186,-0.024311213697535618,0.011260306771467624,-0.0008387648599003714,334.0799804687499,-117.60001220703123,195.1488281249999,123.84002075195315,-8.160009765624977,116.93413085937482,86.87990722656241,557.2799316406249,562.21435546875,-474.2400878906251,-391.2000488281251,-234.64322509765634,-204.48000488281252,59.039990234374955,214.5087890625
1763687280.1414144,3,3,1,0.010127690566833103,-0.48326420117388386,-6.581468986330643,-0.031025304254789936,0.013817562713163051,5.404853121087423e-05,396.4800048828124,-131.99997558593748,222.2528320312499,152.6400085449219,-3.3599914550781023,132.42241210937482,98.87990722656241,648.4801269531249,639.654541015625,-565.4400390625001,-460.8001464843751,-265.61917724609384,-230.8799987792969,59.039990234374955,257.100830078125
1763687280.2354026,3,3,1,0.08114098458806428,-0.43845055205297456,-6.536465151151891,-0.02875875168721531,0.00866119309410884,-0.0005508965323477871,406.0799804687499,-141.60001220703123,229.9969726562499,155.0400329589844,-8.160009765624977,136.29448242187482,108.48000488281241,682.0799804687499,666.758544921875,-589.4400390625001,-480.0000976562501,-281.10721435546884,-240.48000488281252,66.23994140624995,268.716796875
1763687280.3587139,3,3,1,0.12185905544916431,-0.5289049584477774,-7.0297349054649985,-0.033522454670234236,0.011468923615987532,-0.0005050243664767545,434.8800292968749,-146.39999999999998,249.3568359374999,164.6400085449219,-5.760015869140602,151.78227539062482,113.27993164062491,715.6800781249999,689.990478515625,-625.4400390625001,-504.0000976562501,-300.46719970703134,-250.08001098632815,68.63996582031245,288.076904296875
1763687280.4492557,3,3,1,0.15097043294342086,-0.5740398147097034,-7.562272524293311,-0.03671097795945784,0.0096137896944672,-0.00039306827754117136,458.8800292968749,-153.60001220703123,260.9728027343749,174.24004516601565,-3.3599914550781023,151.78227539062482,115.67995605468741,751.6800781249999,724.83837890625,-661.4400390625001,-528.0000976562501,-315.9551757812501,-259.68000946044924,71.03999023437495,303.564697265625
1763687280.5456007,3,3,1,0.025192878926971946,-0.7096908851724159,-8.086952442799099,-0.042880079386945553,0.01252705868870304,-0.000281474141886319,485.2800537109374,-151.19998779296873,276.4608398437499,188.6400085449219,1.4399963378906477,163.39848632812482,115.67995605468741,792.4801269531249,751.9423828125,-702.2400878906251,-568.8001464843751,-339.18717041015634,-271.68000946044924,63.840039062499955,330.668701171875
1763687280.734431,3,3,1,0.12537946812301776,-0.7166429532073537,-8.773049220402909,-0.04221280277384925,0.006622388912562932,0.000647841072642286,516.4800048828124,-160.79996337890623,299.6927734374999,200.6400085449219,1.4399963378906477,178.88627929687482,122.87990722656241,845.2799316406249,810.0224609375,-752.6399902343751,-607.2000488281251,-350.8031982421876,-290.88000640869143,71.03999023437495,346.15673828125
1763687280.935952,3,3,1,0.13801334936407544,-0.8933779457810515,-9.857247505922924,-0.05305243219902902,0.007745927163985915,0.0004634281713589575,569.2800537109374,-167.99997558593748,334.5409179687499,217.43999633789065,-0.9599975585937273,202.11821289062482,127.67995605468741,919.6800781249999,879.718505859375,-836.6399902343751,-664.8001464843751,-385.6512207031251,-305.28000793457034,75.84003906249995,381.0048828125
1763687281.0460067,3,3,1,0.24989196818060105,-0.8926931825731689,-10.370419105319339,-0.05112519981161813,0.0024500098896209424,0.0003648735292988113,581.2800537109374,-177.60001220703123,350.0289550781249,227.0400329589844,-0.9599975585937273,209.86235351562482,134.8799072265624,948.4801269531249,922.310546875,-858.2400878906251,-698.4000000000001,-397.2671875000001,-314.88000640869143,78.23994140624995,396.492919921875
1763687281.2468934,3,3,1,0.2356875595218823,-1.0350023660309815,-11.52913724053309,-0.0595038962017624,0.003348301628627039,0.0010998528404556002,631.6799560546874,-184.79996337890623,384.8768554687499,246.24004516601565,1.4399963378906477,229.22221679687482,144.4800048828124,1027.680078125,995.87841796875,-939.8401855468751,-765.6001953125001,-420.49918212890634,-336.4800086975098,80.63996582031245,431.3408203125
1763687281.339801,3,3,1,0.31600407333535185,-1.024717957340972,-12.084797758202242,-0.06004148740441735,-0.0010678741434396507,0.0009748708687232596,650.8800292968749,-191.99997558593748,396.4928222656249,255.84002075195315,8.640008544921898,233.09428710937482,134.8799072265624,1058.880029296875,1026.8544921875,-985.4400390625001,-796.8001464843751,-447.60318603515634,-343.68000946044924,85.44001464843745,442.956787109375
1763687281.4465938,3,3,1,0.1381314864714398,-1.1639791620733666,-12.624278523040045,-0.06479004886405451,0.007277911343311972,0.0010891951965176176,672.4800048828124,-199.19998779296873,411.9808593749999,263.0400329589844,1.4399963378906477,252.45415039062482,139.6799560546874,1090.07998046875,1061.702392578125,-1016.6399902343751,-825.6001953125001,-443.7311767578126,-358.08001098632815,85.44001464843745,462.31689453125
1763687281.7403567,3,3,1,0.2464408036343152,-1.2513289477412057,-14.43900019796818,-0.06934133918779467,0.001961809825935386,0.0008960503481458375,744.4800048828124,-213.60001220703123,454.5729003906249,291.84002075195315,20.640008544921898,267.9424316406248,137.2799316406249,1183.680078125,1150.758544921875,-1146.240087890625,-919.2000488281251,-505.6832031250001,-377.2800107955933,87.84003906249995,504.90869140625
1763687281.834811,3,3,1,0.10464781137834,-1.3866439631844574,-14.657691686949017,-0.07800285200922324,0.010166485619814425,0.0002472854960169999,744.4800048828124,-215.99997558593748,458.4449707031249,289.43999633789065,18.239984130859398,271.8145019531248,144.4800048828124,1188.480126953125,1146.886474609375,-1141.4400390625,-921.6001953125001,-505.6832031250001,-374.88001070022585,90.23994140624995,501.036865234375
1763687282.035743,3,3,1,0.39954186905972566,-1.1864118639525842,-14.002824777514917,-0.06557082650234261,-0.006182584222741653,0.0007472622457599101,730.0799804687499,-213.60001220703123,458.4449707031249,287.0400329589844,11.040002441406273,264.0703613281248,151.6799560546874,1181.279931640625,1150.758544921875,-1124.639990234375,-912.0000976562501,-494.06717529296884,-379.6800108909607,85.44001464843745,493.292724609375
1763687282.1447506,3,3,1,0.4083669347665468,-1.0939239856421854,-13.85834017912536,-0.06274823363430028,-0.006593206892135189,0.001037490236295767,730.0799804687499,-211.19998779296873,450.7008300781249,282.24004516601565,8.640008544921898,264.0703613281248,151.6799560546874,1178.880029296875,1150.758544921875,-1127.04013671875,-916.8001464843751,-490.19522705078134,-384.4800110816956,87.84003906249995,497.164794921875
1763687282.3339832,3,3,1,0.42060908646784384,-1.127632112523803,-13.508176423302297,-0.06358339598172832,-0.007226071356537859,0.0010053153284183209,732.4800048828124,-213.60001220703123,454.5729003906249,279.84002075195315,6.239984130859398,264.0703613281248,154.0799804687499,1178.880029296875,1146.886474609375,-1119.840185546875,-916.8001464843751,-490.19522705078134,-386.880011177063,90.23994140624995,497.164794921875
1763687282.425552,3,3,1,0.44290417217557765,-1.1450312483299556,-13.423351839403038,-0.06303578289952928,-0.0066438270323325825,0.00080500044068687,730.0799804687499,-213.60001220703123,450.7008300781249,279.84002075195315,6.239984130859398,264.0703613281248,151.6799560546874,1176.480126953125,1150.758544921875,-1119.840185546875,-914.4000000000001,-486.3232177734376,-382.08001098632815,80.63996582031245,501.036865234375
1763687282.5186367,3,3,1,0.45888237709305657,-1.0884387543695868,-13.613447121422759,-0.06024791819758374,-0.009021658568156322,0.0012127838084705902,727.6799560546874,-213.60001220703123,446.8287597656249,284.6400085449219,8.640008544921898,256.3262207031248,158.8799072265624,1181.279931640625,1154.63037109375,-1117.4400390625,-916.8001464843751,-482.45120849609384,-379.6800108909607,87.84003906249995,501.036865234375
1763687282.6493814,3,3,1,0.4830425571343064,-1.0792454068717545,-13.442472555461507,-0.05961043412860688,-0.010227419013676513,0.0009627093034596029,732.4800048828124,-211.19998779296873,446.8287597656249,282.24004516601565,8.640008544921898,260.1982910156248,156.4800048828124,1181.279931640625,1154.63037109375,-1122.240087890625,-916.8001464843751,-486.3232177734376,-379.6800108909607,83.03999023437495,493.292724609375
1763687282.705448,3,3,1,0.48295311487726506,-1.0982858747863706,-13.476243958238323,-0.05977795215017549,-0.010414104464146567,0.0007951816197711336,725.2800537109374,-213.60001220703123,450.7008300781249,275.0400329589844,3.8399902343750227,260.1982910156248,156.4800048828124,1176.480126953125,1150.758544921875,-1122.240087890625,-914.4000000000001,-482.45120849609384,-386.880011177063,83.03999023437495,497.164794921875
1763687282.8168635,3,3,1,0.42935450625234106,-1.0786420430924708,-13.2394622203874,-0.059248871130181374,-0.007484368820492325,0.0006467470910090801,732.4800048828124,-213.60001220703123,454.5729003906249,279.84002075195315,6.239984130859398,256.3262207031248,154.0799804687499,1178.880029296875,1150.758544921875,-1119.840185546875,-919.2000488281251,-490.19522705078134,-379.6800108909607,87.84003906249995,497.164794921875
1763687282.9444034,3,3,1,0.43107760422682423,-1.0243323539599924,-13.204160781756784,-0.05894256381346526,-0.008724177074292214,0.0010465486318685666,727.6799560546874,-213.60001220703123,450.7008300781249,279.84002075195315,1.4399963378906477,267.9424316406248,156.4800048828124,1178.880029296875,1154.63037109375,-1119.840185546875,-916.8001464843751,-494.06717529296884,-382.08001098632815,85.44001464843745,497.164794921875
1763687283.019969,3,3,1,0.4518346012722968,-1.0560742263165062,-13.158755677855964,-0.060024773590212695,-0.008628397467202033,0.0010607357804313742,725.2800537109374,-215.99997558593748,450.7008300781249,279.84002075195315,3.8399902343750227,260.1982910156248,158.8799072265624,1181.279931640625,1150.758544921875,-1122.240087890625,-921.6001953125001,-486.3232177734376,-389.28001127243044,83.03999023437495,493.292724609375
1763687283.147965,3,3,1,0.4384728395377235,-0.9937812736231446,-13.044285708299984,-0.05646398483957624,-0.00845485119565649,0.0011118267624456802,722.8800292968749,-218.39999999999998,454.5729003906249,277.43999633789065,-0.9599975585937273,260.1982910156248,158.8799072265624,1181.279931640625,1143.014404296875,-1117.4400390625,-914.4000000000001,-486.3232177734376,-382.08001098632815,83.03999023437495,497.164794921875
1763687283.2218852,3,3,1,0.4436129787224025,-1.0374830142491995,-13.093565602053767,-0.05616267790774267,-0.008490462567622661,0.0010993449636335414,730.0799804687499,-211.19998779296873,450.7008300781249,277.43999633789065,1.4399963378906477,264.0703613281248,154.0799804687499,1186.07998046875,1158.50244140625,-1119.840185546875,-916.8001464843751,-478.5791992187501,-384.4800110816956,87.84003906249995,497.164794921875
1763687283.3307655,3,3,1,0.4230143734814356,-1.003306551732524,-12.97794256843506,-0.056854724540053664,-0.008508285610696834,0.0012910914743757044,727.6799560546874,-213.60001220703123,446.8287597656249,279.84002075195315,6.239984130859398,260.1982910156248,154.0799804687499,1178.880029296875,1154.63037109375,-1119.840185546875,-916.8001464843751,-486.3232177734376,-384.4800110816956,87.84003906249995,493.292724609375
1763687283.4427574,3,3,1,0.43898688833350596,-0.992906507785499,-12.807857187785885,-0.05639243374547766,-0.008799750828828144,0.0007273470051822111,730.0799804687499,-215.99997558593748,450.7008300781249,279.84002075195315,6.239984130859398,252.45415039062482,156.4800048828124,1178.880029296875,1150.758544921875,-1119.840185546875,-916.8001464843751,-474.70718994140634,-386.880011177063,83.03999023437495,493.292724609375
1763687283.5355456,3,3,1,0.4805495043332639,-0.9950518066286372,-12.807848338155964,-0.05605298817205363,-0.009717946830021865,0.001041320166646812,725.2800537109374,-211.19998779296873,446.8287597656249,277.43999633789065,1.4399963378906477,252.45415039062482,158.8799072265624,1178.880029296875,1150.758544921875,-1119.840185546875,-919.2000488281251,-486.3232177734376,-384.4800110816956,85.44001464843745,493.292724609375
1763687283.7382045,3,3,1,0.5060940007089716,-1.019912217536912,-12.809073103010753,-0.05625816445807068,-0.009931794465705196,0.0007292557030092271,727.6799560546874,-213.60001220703123,454.5729003906249,279.84002075195315,6.239984130859398,256.3262207031248,154.0799804687499,1176.480126953125,1146.886474609375,-1122.240087890625,-919.2000488281251,-486.3232177734376,-382.08001098632815,83.03999023437495,497.164794921875
1763687283.848311,3,3,1,0.4372262516503996,-1.014609251027252,-12.707139471283414,-0.056200784024316525,-0.00820865131406231,0.0010789394117635869,734.8800292968749,-211.19998779296873,450.7008300781249,277.43999633789065,6.239984130859398,260.1982910156248,161.2799316406249,1176.480126953125,1146.886474609375,-1117.4400390625,-921.6001953125001,-486.3232177734376,-382.08001098632815,85.44001464843745,493.292724609375
1763687283.941885,3,3,1,0.4858366851890216,-0.9882929357822128,-12.77924547457864,-0.05716534483414296,-0.009313226394122477,0.0011243248502808,732.4800048828124,-211.19998779296873,450.7008300781249,279.84002075195315,6.239984130859398,260.1982910156248,156.4800048828124,1178.880029296875,1150.758544921875,-1122.240087890625,-916.8001464843751,-482.45120849609384,-384.4800110816956,85.44001464843745,489.4208984375
1763687284.236681,3,3,1,0.5308283759653112,-1.0180937260117588,-12.663805375223312,-0.05768542234618902,-0.011002054166495419,0.0012434695461607907,732.4800048828124,-211.19998779296873,446.8287597656249,277.43999633789065,3.8399902343750227,256.3262207031248,156.4800048828124,1186.07998046875,1150.758544921875,-1115.04013671875,-921.6001953125001,-482.45120849609384,-379.6800108909607,83.03999023437495,493.292724609375
1763687284.3348608,3,3,1,0.5202745518225971,-1.0111339793763667,-12.592945514210193,-0.057114657175504915,-0.01135540289585238,0.0007233693879909022,725.2800537109374,-213.60001220703123,442.9569335937499,275.0400329589844,6.239984130859398,260.1982910156248,158.8799072265624,1181.279931640625,1146.886474609375,-1110.240087890625,-916.8001464843751,-482.45120849609384,-379.6800108909607,85.44001464843745,493.292724609375
1763687284.439711,3,3,1,0.4849416116792443,-1.0207536843643128,-12.270274144293234,-0.05677759700805572,-0.011187010811767773,0.000293907198973457,713.2800537109374,-208.79996337890623,439.0848632812499,270.24004516601565,3.8399902343750227,256.3262207031248,161.2799316406249,1169.279931640625,1127.5263671875,-1091.04013671875,-900.0000976562501,-474.70718994140634,-382.08001098632815,85.44001464843745,493.292724609375
1763687284.5400145,3,3,1,0.5196081968666373,-0.9510146776155254,-11.638060162259027,-0.053814136063145286,-0.012413366672415702,0.0006824713240170359,710.8800292968749,-206.39999999999998,435.2127929687499,270.24004516601565,-3.3599914550781023,248.58256835937482,161.2799316406249,1154.880029296875,1119.782470703125,-1076.639990234375,-890.4000000000001,-466.96317138671884,-374.88001070022585,80.63996582031245,481.6767578125
1763687284.645411,3,3,1,0.5373368614396342,-0.9088150493566336,-11.392476286372686,-0.05137147455486585,-0.014000592336635961,0.00046398817877642967,694.0799804687499,-206.39999999999998,423.5968261718749,263.0400329589844,-5.760015869140602,240.83842773437482,158.8799072265624,1135.680078125,1100.42236328125,-1047.840185546875,-868.8001464843751,-451.4751953125001,-372.4800106048584,80.63996582031245,462.31689453125
1763687284.740725,3,3,1,0.6897518995381453,-0.8469409861176884,-10.687043572293497,-0.047387468963762426,-0.021446495449666664,0.000178196672691199,684.4800048828124,-203.99997558593748,419.7247558593749,260.6400085449219,-5.760015869140602,240.83842773437482,156.4800048828124,1123.680078125,1081.0625,-1031.04013671875,-854.4000000000001,-447.60318603515634,-370.08001098632815,80.63996582031245,466.188720703125
1763687284.8365026,3,3,1,0.6139979581776902,-0.7929237555377663,-10.10629915388815,-0.04512098359624708,-0.019205830920979373,0.0003917183393166929,670.0799804687499,-199.19998779296873,404.2369628906249,251.0400329589844,-12.959997558593727,233.09428710937482,156.4800048828124,1092.480126953125,1057.830322265625,-992.6399902343751,-825.6001953125001,-432.1152099609376,-362.8800102233887,78.23994140624995,442.956787109375
1763687284.9439244,3,3,1,0.6956080959847708,-0.7010812209715871,-9.264729314580139,-0.040544885067800976,-0.023593963436383127,0.00046830513245255286,634.0799804687499,-194.39999999999998,388.7489257812499,243.84002075195315,-12.959997558593727,217.60649414062482,151.6799560546874,1058.880029296875,1007.494384765625,-944.6399902343751,-787.2000488281251,-408.88321533203134,-355.68000946044924,78.23994140624995,431.3408203125
1763687285.1464584,3,3,1,0.7139426292459949,-0.5812284183637014,-7.756814922465617,-0.033087179529142974,-0.02421665622707267,-0.00030031263655569927,586.0799804687499,-182.39999999999998,361.6449218749999,222.24004516601565,-17.76000061035154,198.24614257812482,139.6799560546874,979.6800781249999,933.926513671875,-855.8399414062501,-715.2000488281251,-374.03519287109384,-329.28000793457034,73.44001464843745,400.36474609375
1763687285.33743,3,3,1,0.658766498927873,-0.45649922192400366,-6.041868186823409,-0.028412022515526582,-0.02133402265034557,-0.0006154756368515358,523.6799560546874,-163.19998779296873,311.3087402343749,191.0400329589844,-22.560003662109352,175.01420898437482,130.0799804687499,878.8800292968749,829.38232421875,-740.6399902343751,-621.6001953125001,-323.6991943359376,-298.08001098632815,61.440014648437455,350.02880859375
1763687285.7423406,3,3,1,0.6161114611717031,-0.23781194208901094,-3.572848718467693,-0.01956139672710582,-0.017954018540962947,-0.0009639642967405118,398.8800292968749,-134.39999999999998,226.1249023437499,147.84002075195315,-22.560003662109352,120.80620117187482,103.67995605468741,677.2799316406249,628.038330078125,-539.0401367187501,-465.5999511718751,-250.1312011718751,-238.08001098632815,49.440014648437455,264.8447265625
1763687285.8500655,3,3,1,0.457964445750225,-0.18734087912993597,-3.054319196319412,-0.015075755524772055,-0.008603240722238422,-0.0010733549831700101,365.2799316406249,-129.60001220703123,206.7647949218749,135.84002075195315,-20.160009765624977,113.06254882812482,96.48000488281241,617.2799316406249,577.702392578125,-495.8399414062501,-420.0000976562501,-230.7712158203126,-221.28000793457034,54.239941406249955,233.868896484375
1763687285.9436722,3,3,1,0.47916836070419444,-0.3041629194665779,-2.70693510438476,-0.016754233040534153,-0.009589841403828445,-0.0011812137714865608,341.2799316406249,-117.60001220703123,191.2767578124999,128.6400085449219,-22.560003662109352,109.19047851562482,94.07998046874991,595.6800781249999,542.8544921875,-452.6399902343751,-400.8001464843751,-219.15518798828134,-214.08001098632815,49.440014648437455,226.124755859375
1763687286.038058,3,3,1,0.5848387580122921,-0.18130271555025784,-2.1624441104859895,-0.008725378944611532,-0.007422234561546162,-0.001587967949235628,324.4800048828124,-112.79996337890623,171.9168945312499,119.04000244140627,-17.76000061035154,89.83012695312482,84.48000488281241,550.0799804687499,508.00634765625,-428.6399902343751,-362.4000000000001,-215.2831787109376,-199.6800018310547,44.639965820312455,206.764892578125
1763687286.5367794,3,3,1,0.30432792801946235,-0.06532456962619423,-1.1468009007474138,-0.00937191397933801,-0.005209068901335628,-0.0012361611964235464,0,0,0,0,0,0,0,0,0,0,0,0,0,0,0
1763687286.6473508,3,3,1,0.30175389537204744,-0.09732984385262944,-1.0399918582765602,-0.01131879795778552,-0.0014528882878829218,-0.0014374014269594388,211.6799560546874,-86.39999999999998,98.34877929687491,83.04000244140627,-20.160009765624977,47.23833007812482,65.27993164062491,379.6800781249999,341.510498046875,-272.6399902343751,-228.0000976562501,-149.4592041015626,-142.07999572753909,39.840039062499955,121.580810546875
1763687286.7424333,3,3,1,0.27815522203510923,-0.06289459226957664,-0.8548051848469445,-0.007451222181445734,-0.002761468823229342,-0.001513897735671873,199.6799560546874,-83.99997558593748,98.34877929687491,75.84002075195315,-15.360006713867165,51.11040039062482,62.87990722656241,360.4801269531249,333.766357421875,-255.8399414062501,-220.8001464843751,-137.84317626953134,-137.28000793457034,39.840039062499955,125.452880859375
1763687286.9408119,3,3,1,0.23808728776676946,-0.02144338965826425,-0.5684722380301653,-0.007547778641364619,-0.0019234500854748695,-0.0016498214213023468,178.0799804687499,-86.39999999999998,82.86074218749991,75.84002075195315,-8.160009765624977,47.23833007812482,55.67995605468741,312.4801269531249,295.04638671875,-229.4400390625001,-184.8001464843751,-122.35520019531259,-125.27999267578127,35.039990234374955,102.220703125
1763687287.0385175,3,3,1,0.16220929783458257,-0.012942403305457411,-0.612103030941358,-0.0059858447303269705,-0.00041946080813348263,-0.0008767587158835181,168.4800048828124,-83.99997558593748,71.24477539062491,66.24001464843752,-12.959997558593727,39.49443359374982,53.27993164062491,298.0799804687499,291.174560546875,-212.6399902343751,-168.0000976562501,-118.48319091796884,-120.48000488281252,42.239941406249955,106.0927734375
1763687287.1440332,3,3,1,0.27856045689955583,-0.0036670728078822545,-0.4110865342548684,-0.00499199780048853,-0.001102059832674317,-0.0009585732962964543,158.8800292968749,-83.99997558593748,71.24477539062491,59.04000244140627,-12.959997558593727,27.878466796874818,55.67995605468741,281.2799316406249,271.814453125,-195.8399414062501,-160.8001464843751,-110.73917236328134,-115.67998657226565,32.639965820312455,94.476806640625
1763687287.3475506,3,3,1,0.1718847034316491,0.01727935848842509,-0.305488908906554,-0.004165945356668762,0.002087862887635918,-0.00115233846072273,132.4800048828124,-74.39999999999998,55.75673828124991,59.04000244140627,-10.560003662109352,27.878466796874818,50.87990722656241,242.8800292968749,252.454345703125,-174.2400878906251,-134.4000000000001,-106.86722412109384,-108.48000488281252,39.840039062499955,78.98876953125
1763687288.3748116,3,3,1,0.07161263222873548,0.09704460476074006,0.34518018554508,-0.00186332035537832,0.0040905743019618735,-0.002010411893995169,0,0,0,0,0,0,0,0,0,0,0,0,0,0,0
1763687288.6541364,3,3,1,0.6075814470828663,-0.7257453948837812,0.23060678245382804,-0.015640097918918835,-0.005383646048996803,-0.0010279025750506545,67.67995605468741,-71.99997558593748,28.65273437499991,30.240014648437523,-10.560003662109352,-6.969677734375182,41.27993164062491,127.67995605468741,167.2705078125,-97.44003906250009,-43.20004882812509,-60.40317382812509,-74.8799987792969,32.639965820312455,20.90869140625
1763687289.1528878,3,3,1,0.17247468862960152,0.10248433979060627,0.20918009303761165,-0.0013041828170681303,0.002171386894492265,-0.0011198187436828387,62.88002929687491,-69.60001220703123,24.78090820312491,30.240014648437523,-5.760015869140602,-6.969677734375182,41.27993164062491,118.07998046874991,163.3984375,-90.24008789062509,-36.00009765625009,-52.65921630859384,-72.48000488281252,35.039990234374955,17.036865234375
1763687289.5448756,3,3,1,0.12844987196553936,0.05701080663288012,0.20984898264468815,-0.0015182916433307148,0.0028375386279436456,-0.001116131195998737,60.48000488281241,-71.99997558593748,9.292871093749909,25.439996337890648,-10.560003662109352,-6.969677734375182,41.27993164062491,101.28005371093741,151.782470703125,-83.04013671875009,-26.40000000000009,-60.40317382812509,-72.48000488281252,32.639965820312455,9.292724609375
1763687289.63575,3,3,1,0.1449565415113993,0.05707454006805627,0.2948829843405736,-0.0013366512710100361,0.0026243392313383433,-0.001788743342074049,58.07998046874991,-71.99997558593748,17.03676757812491,25.439996337890648,-8.160009765624977,-3.097607421875182,41.27993164062491,106.07998046874991,147.910400390625,-80.63999023437509,-28.80014648437509,-56.53122558593759,-70.08001098632815,32.639965820312455,17.036865234375
1763687289.746562,3,3,1,0.13494532795289965,0.0824981295281003,0.24611818032687433,-0.0007976190508880391,0.002700825596807799,-0.00125869519979691,58.07998046874991,-69.60001220703123,13.164941406249909,27.840020751953148,-12.959997558593727,-3.097607421875182,43.67995605468741,103.67995605468741,151.782470703125,-83.04013671875009,-31.20004882812509,-48.78720703125009,-67.67998657226565,35.039990234374955,20.90869140625
1763687290.2456036,3,3,1,0.11893695953866287,0.051025001406047855,0.21052404248588857,-0.0014073126026978874,0.003205745370061908,-0.0012711094138746868,50.88002929687491,-64.79996337890623,13.164941406249909,27.840020751953148,-5.760015869140602,-6.969677734375182,38.87990722656241,96.48000488281241,144.038330078125,-75.83994140625009,-26.40000000000009,-52.65921630859384,-67.67998657226565,27.840039062499955,5.4208984375
1763687290.4434166,3,3,1,0.1863515771064807,0.0735323242299772,0.21044897535845195,-0.0008654632035021335,0.002065278488496103,-0.0011150026080470007,50.88002929687491,-67.19998779296873,9.292871093749909,23.040002441406273,-8.160009765624977,-10.841748046875182,38.87990722656241,94.07998046874991,140.16650390625,-68.63999023437509,-21.59995117187509,-52.65921630859384,-65.27999267578127,30.239941406249955,9.292724609375
1763687290.9417932,3,3,1,0.15427658933262295,0.07083947574981858,0.2934638942717815,-0.0013821136908935775,0.002814257756886256,-0.0013215748185969683,46.07998046874991,-69.60001220703123,5.420800781249909,20.640008544921898,-12.959997558593727,-10.841748046875182,38.87990722656241,89.28005371093741,132.42236328125,-75.83994140625009,-21.59995117187509,-48.78720703125009,-65.27999267578127,30.239941406249955,9.292724609375
1763687291.3508694,3,3,1,0.1700271147439906,0.08286807341452584,0.22727566020026402,-0.0009544442953363431,0.0022968237306841945,-0.0010318787444559897,46.07998046874991,-69.60001220703123,9.292871093749909,20.640008544921898,-8.160009765624977,-22.457714843750182,41.27993164062491,89.28005371093741,132.42236328125,-66.24008789062509,-16.80014648437509,-48.78720703125009,-62.8799987792969,30.239941406249955,1.548828125
1763687291.5380237,3,3,1,0.16913510412521585,0.04447025804330285,0.22756567457688479,-0.0011045130516448014,0.0020338226673158578,-0.001341838334742136,0,0,0,0,0,0,0,0,0,0,0,0,0,0,0
1763687292.6386554,3,3,1,0.14333802706711435,0.057509146747172904,0.2457553152390629,-0.0010127723663624776,0.0026381104396006466,-0.001804903276977945,36.48000488281241,-67.19998779296873,5.420800781249909,15.840020751953148,-10.560003662109352,-14.713574218750182,41.27993164062491,79.67995605468741,132.42236328125,-66.24008789062509,-14.400000000000091,-41.04318847656259,-60.48000488281252,30.239941406249955,1.548828125
1763687292.9373586,3,3,1,0.14575708257150014,0.06755516943514055,0.22671644855622441,-0.0014257129111773037,0.002504682022066347,-0.0012671603514622786,36.48000488281241,-67.19998779296873,9.292871093749909,18.240014648437523,-5.760015869140602,-14.713574218750182,41.27993164062491,77.28005371093741,128.550537109375,-61.44003906250009,-14.400000000000091,-48.78720703125009,-62.8799987792969,27.840039062499955,-2.3232421875
1763687293.3448489,3,3,1,0.15330725765965897,0.08909235861807688,0.2266505632849983,-0.0010866733164072665,0.0032820415360776873,-0.0011892811467068365,34.07998046874991,-67.19998779296873,13.164941406249909,20.640008544921898,-5.760015869140602,-18.585644531250182,41.27993164062491,74.88002929687491,128.550537109375,-68.63999023437509,-16.80014648437509,-44.91519775390634,-65.27999267578127,30.239941406249955,1.548828125
1763687294.3369532,3,3,1,0.12204359922003624,-0.02243391709728208,-0.38236294575935026,-0.006866653138105134,0.0032133525746639103,-0.0006403170266557507,77.27993164062491,-62.39999999999998,28.65273437499991,32.6400085449219,-3.3599914550781023,4.646289062499818,41.27993164062491,149.2800537109374,182.758544921875,-116.63999023437509,-69.59995117187509,-68.14719238281259,-77.27999267578127,32.639965820312455,32.52490234375
1763687294.541931,3,3,1,0.09537400505374902,0.09640574148204904,-0.5978981594043474,-0.0019493611326663848,0.0032941106123065534,-0.0010970086949355364,82.07998046874991,-71.99997558593748,36.39687499999991,27.840020751953148,-3.3599914550781023,4.646289062499818,43.67995605468741,158.8800292968749,186.63037109375,-128.6399902343751,-84.00009765625009,-68.14719238281259,-74.8799987792969,35.039990234374955,32.52490234375
1763687294.7446702,3,3,1,0.12058334086813804,0.03275649975445268,-0.9290342964895585,-0.004573431130808552,0.0037523294637003255,-0.0007521147506326055,103.67995605468741,-69.60001220703123,48.01284179687491,32.6400085449219,-0.9599975585937273,16.262255859374818,43.67995605468741,194.8800292968749,225.350341796875,-167.0401367187501,-122.40000000000009,-91.37918701171884,-89.27999267578127,37.440014648437455,48.0126953125
1763687294.8376436,3,3,1,0.13976954310306966,0.008228994366437908,-1.1865373212965045,-0.005527657147156539,0.004670079944196944,-0.0007678329127852929,120.48000488281241,-74.39999999999998,63.50087890624991,35.04000244140627,-8.160009765624977,24.006396484374818,53.27993164062491,221.2799316406249,244.71044921875,-174.2400878906251,-139.2000488281251,-102.99521484375009,-101.27999267578127,39.840039062499955,59.62890625
1763687294.9446971,3,3,1,0.20688278120538456,-0.0038749806651057137,-1.3281236384520902,-0.0071624250780241636,0.00302550898821934,-0.0010597689325263387,139.6799560546874,-79.19998779296873,71.24477539062491,47.04000244140627,-10.560003662109352,27.878466796874818,50.87990722656241,257.2799316406249,271.814453125,-198.2400878906251,-163.2000488281251,-114.61118164062509,-110.8799987792969,39.840039062499955,75.11669921875
1763687295.050146,3,3,1,0.1721717500887817,-0.017380878546703876,-1.7035751200141618,-0.009234510210754525,0.002596405316680183,-0.0012016626090369437,166.0799804687499,-79.19998779296873,82.86074218749991,56.6400085449219,-5.760015869140602,47.23833007812482,55.67995605468741,302.8800292968749,310.534423828125,-234.2400878906251,-199.2000488281251,-118.48319091796884,-125.27999267578127,42.239941406249955,90.604736328125
1763687295.239559,3,3,1,0.1430378971111973,-0.13799991232008932,-2.346759790436973,-0.01412761502352756,0.006267523944778846,-0.0007375921429393442,199.6799560546874,-86.39999999999998,106.09291992187491,66.24001464843752,-10.560003662109352,58.85429687499982,65.27993164062491,355.6800781249999,356.99853515625,-282.2400878906251,-240.0000976562501,-141.7151855468751,-142.07999572753909,37.440014648437455,117.708740234375
1763687295.3478475,3,3,1,0.19359518834247885,-0.13666979649512045,-2.6633795920369736,-0.013856593616405802,0.0031881424086021392,-0.0013978608226352198,230.8800292968749,-88.79996337890623,121.58095703124991,78.24001464843752,-3.3599914550781023,74.34233398437482,67.67995605468741,398.8800292968749,384.1025390625,-318.2400878906251,-273.5999511718751,-168.8191894531251,-149.28000793457034,49.440014648437455,140.94091796875
1763687295.4700024,3,3,1,0.14867132809318123,-0.1840042263370818,-3.0964701552119873,-0.016418483204315132,0.0076033274597908495,-0.0008547410977063357,247.6799560546874,-103.19998779296873,129.3248535156249,83.04000244140627,-8.160009765624977,74.34233398437482,67.67995605468741,427.6800781249999,415.078369140625,-337.4400390625001,-295.2000488281251,-172.69119873046884,-161.28000793457034,51.840039062499955,152.556884765625
1763687295.640699,3,3,1,0.13008874528179984,-0.21222505649739093,-3.6931683002248574,-0.018682885485980443,0.008318932146222043,-0.0009186845720221896,281.2799316406249,-103.19998779296873,156.4288574218749,99.84002075195315,-8.160009765624977,85.95854492187482,82.07998046874991,485.2799316406249,473.158447265625,-395.0401367187501,-331.2000488281251,-195.9231933593751,-178.07999572753909,51.840039062499955,175.788818359375
1763687295.7400174,3,3,1,0.1357660980221873,-0.22896814973100524,-3.992134939382286,-0.018224569362721123,0.006564268698831717,-0.001100608781777806,0,0,0,0,0,0,0,0,0,0,0,0,0,0,0
1763687295.8484101,3,3,1,0.06282923832648357,-0.282145600767845,-4.486628942896566,-0.020174099568483983,0.009169412381388234,-0.0008110291748963465,319.6799560546874,-110.39999999999998,179.6607910156249,121.44002685546877,-3.3599914550781023,101.44633789062482,86.87990722656241,545.2799316406249,519.62255859375,-457.4400390625001,-376.8001464843751,-226.89920654296884,-192.48000488281252,56.639965820312455,206.764892578125
1763687295.8913438,3,3,1,0.05621866750813055,-0.30835976917103686,-4.539939610725062,-0.02090763112935347,0.009492385306299082,-0.0006745029862661258,331.6799560546874,-117.60001220703123,183.5328613281249,126.24001464843752,-5.760015869140602,105.31840820312482,84.48000488281241,559.6800781249999,535.1103515625,-469.4400390625001,-388.8001464843751,-234.64322509765634,-194.8799987792969,51.840039062499955,218.380859375
1763687295.9859338,3,3,1,0.0635911213540186,-0.30631890223473485,-4.8180823827362715,-0.022833271174314846,0.010956059960356623,-0.0007039892337850966,348.4800048828124,-119.99997558593748,199.0208984374999,133.44002685546877,-5.760015869140602,113.06254882812482,91.67995605468741,590.8800292968749,550.598388671875,-488.6399902343751,-405.5999511718751,-246.25919189453134,-214.08001098632815,54.239941406249955,229.996826171875
1763687296.0934107,3,3,1,0.08579887674715661,-0.34432290833536316,-5.2870051920641945,-0.02645979853415462,0.01093381653353194,-0.0003368588366923892,382.0799804687499,-124.79996337890623,210.6368652343749,147.84002075195315,3.8399902343750227,120.80620117187482,91.67995605468741,626.8800292968749,600.934326171875,-534.2400878906251,-436.8001464843751,-265.61917724609384,-218.8799987792969,56.639965820312455,253.228759765625
1763687296.2039402,3,3,1,0.04189944551779182,-0.44008991393185704,-5.667115617855594,-0.02939120395926605,0.012552104974119318,-0.0004764380642759149,401.2799316406249,-131.99997558593748,222.2528320312499,152.6400085449219,-0.9599975585937273,136.29448242187482,101.27993164062491,670.0799804687499,631.910400390625,-565.4400390625001,-460.8001464843751,-281.10721435546884,-226.08001098632815,56.639965820312455,264.8447265625
1763687296.2986836,3,3,1,0.015004895441213098,-0.47679555875759866,-5.6326926995382305,-0.0295368047640649,0.013270008639731693,-0.0010867026508284603,422.8800292968749,-134.39999999999998,237.7408691406249,162.24004516601565,-3.3599914550781023,136.29448242187482,101.27993164062491,691.6800781249999,655.142333984375,-587.0401367187501,-480.0000976562501,-281.10721435546884,-238.08001098632815,63.840039062499955,280.332763671875
1763687296.3886116,3,3,1,0.10535449974624964,-0.500996590468056,-6.368306526452348,-0.03274785128110683,0.009449184067078632,-0.0005809051224223863,449.2800537109374,-139.19998779296873,245.4847656249999,176.6400085449219,-0.9599975585937273,144.03813476562482,103.67995605468741,734.8800292968749,682.246337890625,-630.2400878906251,-511.2000488281251,-308.21121826171884,-250.08001098632815,61.440014648437455,295.82080078125
1763687296.4846153,3,3,1,0.07154429018844394,-0.6036879540033381,-6.859727542897035,-0.03813320398307659,0.012055849280493323,-0.001004745269306476,466.0799804687499,-143.99997558593748,260.9728027343749,183.84002075195315,1.4399963378906477,167.27055664062482,103.67995605468741,773.2799316406249,720.966552734375,-659.0401367187501,-542.4000000000001,-327.57120361328134,-259.68000946044924,56.639965820312455,311.308837890625
1763687296.5792732,3,3,1,0.061927223642471496,-0.6292890506959904,-6.859917466564629,-0.038174791832481125,0.012421896032344316,-0.0008462469885355565,487.6799560546874,-148.79996337890623,268.7169433593749,198.24004516601565,1.4399963378906477,163.39848632812482,113.27993164062491,794.8800292968749,740.326416015625,-687.8399414062501,-561.5999511718751,-327.57120361328134,-271.68000946044924,61.440014648437455,326.796875
1763687296.6881473,3,3,1,0.19450178879218857,-0.7026843181793816,-7.663574999113808,-0.04162163265126703,0.007020427714664191,-0.0004402263838221253,509.2800537109374,-158.39999999999998,284.2047363281249,203.0400329589844,-0.9599975585937273,167.27055664062482,120.48000488281241,830.8800292968749,782.91845703125,-726.2400878906251,-585.5999511718751,-354.67520751953134,-281.28000793457034,63.840039062499955,346.15673828125
1763687296.8469288,3,3,1,0.27451161515293926,-0.7522283304240998,-8.518024663854142,-0.04234809184975242,-0.0019177899259431924,-0.00012123698119227352,547.6799560546874,-163.19998779296873,307.4369140624999,219.84002075195315,3.8399902343750227,182.75834960937482,120.48000488281241,890.8800292968749,833.25439453125,-774.2400878906251,-636.0000976562501,-366.29117431640634,-295.68000946044924,61.440014648437455,369.388916015625
1763687296.9386842,3,3,1,0.25968360922237277,-0.7979241366622285,-9.183220731732574,-0.048003740300802726,0.0034771839911828207,-6.555237229895075e-05,564.4800048828124,-170.39999999999998,330.6688476562499,222.24004516601565,-0.9599975585937273,198.24614257812482,127.67995605468741,924.4801269531249,871.974365234375,-807.8399414062501,-662.4000000000001,-381.77921142578134,-307.68000946044924,71.03999023437495,384.876708984375
1763687296.9872253,3,3,1,0.23936990303597633,-0.8078554276220785,-9.146967451393147,-0.047404375304393544,0.003853114431331968,0.00010744887577481465,569.2800537109374,-170.39999999999998,334.5409179687499,227.0400329589844,-8.160009765624977,198.24614257812482,127.67995605468741,943.6800781249999,883.59033203125,-817.4400390625001,-676.8001464843751,-377.9072021484376,-317.28000793457034,71.03999023437495,392.620849609375
1763687297.0933366,3,3,1,0.3299607807061957,-0.8009239561686924,-9.721620450088869,-0.04828638610822709,-0.0010444523321138568,0.0007561295922560761,600.4800048828124,-175.19998779296873,350.0289550781249,241.43999633789065,-3.3599914550781023,202.11821289062482,127.67995605468741,972.4801269531249,922.310546875,-867.8399414062501,-712.8001464843751,-405.0112060546876,-329.28000793457034,71.03999023437495,408.10888671875
1763687297.2523382,3,3,1,0.2882095736651574,-0.9623481194771669,-10.92120453169081,-0.054686033724592846,0.00042005646106147224,0.0003925677493564752,641.2800537109374,-187.19998779296873,381.0047851562499,251.0400329589844,1.4399963378906477,233.09428710937482,137.2799316406249,1039.680078125,988.134521484375,-932.6399902343751,-768.0000976562501,-424.3711914062501,-341.28000793457034,75.84003906249995,431.3408203125
1763687297.2947419,3,3,1,0.35665746440349577,-0.9755950754561064,-10.904613429105666,-0.054596153444996985,-0.0017525765458453347,0.0002428314963465487,650.8800292968749,-187.19998779296873,384.8768554687499,251.0400329589844,1.4399963378906477,233.09428710937482,132.4800048828124,1056.480126953125,1007.494384765625,-959.0401367187501,-789.6001953125001,-432.1152099609376,-346.08001098632815,80.63996582031245,442.956787109375
1763687297.4367435,3,3,1,0.2807265372282372,-1.0964434982630247,-12.07142195778554,-0.06084599656447552,0.0021546742154937397,4.5159596312046094e-05,686.8800292968749,-194.39999999999998,415.8529296874999,270.24004516601565,6.239984130859398,244.71049804687482,144.4800048828124,1104.480126953125,1061.702392578125,-1026.240087890625,-837.6001953125001,-463.09122314453134,-358.08001098632815,83.03999023437495,470.060791015625
1763687297.495921,3,3,1,0.27596350206150705,-1.111508152894742,-12.09205903049559,-0.06180305288463951,0.002080347371441492,0.0005040304380497613,691.6799560546874,-206.39999999999998,423.5968261718749,277.43999633789065,11.040002441406273,248.58256835937482,144.4800048828124,1121.279931640625,1081.0625,-1052.639990234375,-854.4000000000001,-466.96317138671884,-365.28000984191897,78.23994140624995,481.6767578125
1763687297.6403363,3,3,1,0.2917314927885084,-1.1357455976719872,-13.51698013595299,-0.06202266439230629,-0.003655505473796044,0.0010112010206779218,737.2800537109374,-213.60001220703123,446.8287597656249,287.0400329589844,13.439996337890648,271.8145019531248,144.4800048828124,1178.880029296875,1135.2705078125,-1127.04013671875,-912.0000976562501,-501.81119384765634,-382.08001098632815,85.44001464843745,504.90869140625
1763687297.6990561,3,3,1,0.3087110492263558,-1.121772430059398,-13.509554292623964,-0.06395095755884311,-0.0017673106666247756,0.00037906773949572276,0,0,0,0,0,0,0,0,0,0,0,0,0,0,0
1763687297.8074527,3,3,1,0.11846851479086368,-1.3087611760841307,-14.441544844044131,-0.07036254512925698,0.006144776727078024,0.0011318984587263903,775.6799560546874,-211.19998779296873,466.1888671874999,301.43999633789065,20.640008544921898,271.8145019531248,149.2799316406249,1236.480126953125,1189.478515625,-1187.04013671875,-967.2000488281251,-536.6592163085938,-396.48001155853274,87.84003906249995,528.140869140625
1763687297.9505212,3,3,1,0.1613082249695023,-1.365434618264517,-15.928412095889957,-0.07581285673705347,0.008053723142770202,0.0010512055913280286,816.4800048828124,-223.19998779296873,485.5487304687499,318.24004516601565,27.839990234375023,291.1743652343748,161.2799316406249,1291.680078125,1235.9423828125,-1256.639990234375,-1022.4000000000001,-563.7631896972657,-413.2800117492676,90.23994140624995,559.11669921875
1763687297.9945087,3,3,1,0.14708517377920433,-1.3576702860335188,-15.964373502327916,-0.07643640191050274,0.008533647113868783,0.0011133179983965676,823.6799560546874,-223.19998779296873,501.0367675781249,318.24004516601565,30.239984130859398,291.1743652343748,158.8799072265624,1303.680078125,1243.6865234375,-1266.240087890625,-1039.200048828125,-571.5072082519532,-410.8800121307373,87.84003906249995,559.11669921875
1763687298.1041372,3,3,1,0.12962134218758187,-1.4347703879355185,-16.69787815143393,-0.07947831914608447,0.009036935014726135,0.0008449848656166608,828.4800048828124,-220.80002441406248,497.1649414062499,327.84002075195315,30.239984130859398,291.1743652343748,151.6799560546874,1315.680078125,1263.04638671875,-1290.240087890625,-1058.4,-583.1232055664063,-413.2800117492676,83.03999023437495,562.98876953125
1763687298.2474368,3,3,1,0.24602831981759188,-1.3625673961776408,-16.596993247084185,-0.07541810403857296,0.0021029691210629857,0.0011247946776117785,833.2800537109374,-227.99997558593748,501.0367675781249,323.0400329589844,25.439996337890648,295.0464355468748,154.0799804687499,1318.07998046875,1263.04638671875,-1295.04013671875,-1060.800146484375,-571.5072082519532,-415.6800132751465,87.84003906249995,566.86083984375
1763687298.7475705,3,3,1,0.3952833843421947,-1.1981965918240176,-15.61071411386634,-0.06783141213815838,-0.004313952110866274,0.001180857193899259,0,0,0,0,0,0,0,0,0,0,0,0,0,0,0
1763687298.8405714,3,3,1,0.35316051207183985,-1.2155460816514843,-15.425540867750339,-0.06810268177397386,-0.0034599960539650806,0.0010132164152955418,823.6799560546874,-223.19998779296873,493.2928710937499,315.84002075195315,25.439996337890648,291.1743652343748,158.8799072265624,1313.28017578125,1259.174560546875,-1278.240087890625,-1060.800146484375,-563.7631896972657,-413.2800117492676,87.84003906249995,555.244873046875
1763687298.9480436,3,3,1,0.3751160716195263,-1.1555349051805455,-15.419769011253107,-0.0665882863714887,-0.004760462920525635,0.0010943967102139806,821.2800537109374,-227.99997558593748,501.0367675781249,315.84002075195315,25.439996337890648,291.1743652343748,156.4800048828124,1313.28017578125,1263.04638671875,-1280.639990234375,-1058.4,-559.8912109375001,-413.2800117492676,87.84003906249995,555.244873046875
1763687298.9788299,3,3,1,0.34699749685763137,-1.1802738837914102,-15.350265843723653,-0.06627365608622567,-0.004405418079655261,0.0010448238933808036,823.6799560546874,-223.19998779296873,504.9088378906249,315.84002075195315,23.040002441406273,295.0464355468748,156.4800048828124,1318.07998046875,1263.04638671875,-1280.639990234375,-1058.4,-559.8912109375001,-415.6800132751465,87.84003906249995,551.372802734375
1763687299.0874755,3,3,1,0.3650669772788109,-1.1600611165545927,-15.368147691757843,-0.06626826933727255,-0.004666494858770447,0.0014274372341820333,823.6799560546874,-220.80002441406248,501.0367675781249,318.24004516601565,20.640008544921898,291.1743652343748,154.0799804687499,1313.28017578125,1259.174560546875,-1280.639990234375,-1056.00009765625,-559.8912109375001,-413.2800117492676,90.23994140624995,562.98876953125
1763687299.247493,3,3,1,0.4091466774422153,-1.167194089841383,-15.13163160913857,-0.06623754863319514,-0.0070706209375811305,0.0010428190621919135,823.6799560546874,-225.60001220703123,497.1649414062499,313.43999633789065,25.439996337890648,287.3022949218748,154.0799804687499,1315.680078125,1255.302490234375,-1285.4400390625,-1063.200048828125,-563.7631896972657,-410.8800121307373,90.23994140624995,551.372802734375
1763687299.339494,3,3,1,0.3973421264044807,-1.2343672944542128,-14.971246745400938,-0.06810031916331237,-0.005466796572850638,0.0008637474706779035,821.2800537109374,-223.19998779296873,501.0367675781249,313.43999633789065,23.040002441406273,287.3022949218748,156.4800048828124,1318.07998046875,1259.174560546875,-1278.240087890625,-1058.4,-556.0192016601563,-415.6800132751465,85.44001464843745,562.98876953125
1763687299.449873,3,3,1,0.42779747365723264,-1.1725421531194966,-15.043224914814294,-0.06474212768185586,-0.0067288157340741304,0.0011595621211824064,821.2800537109374,-225.60001220703123,504.9088378906249,315.84002075195315,20.640008544921898,287.3022949218748,163.6799560546874,1320.480126953125,1266.91845703125,-1275.840185546875,-1063.200048828125,-559.8912109375001,-413.2800117492676,87.84003906249995,555.244873046875
1763687299.4929655,3,3,1,0.42106518562315476,-1.1775668370748005,-14.875540582334512,-0.06507663162155855,-0.006838282612715581,0.0008275433262466946,821.2800537109374,-225.60001220703123,501.0367675781249,311.0400329589844,25.439996337890648,291.1743652343748,156.4800048828124,1320.480126953125,1259.174560546875,-1275.840185546875,-1058.4,-559.8912109375001,-415.6800132751465,87.84003906249995,559.11669921875
1763687299.6366267,3,3,1,0.49115851072929156,-1.1554258700471915,-14.857674849400649,-0.06484142135551985,-0.010440865100243401,0.0011445532596765081,823.6799560546874,-220.80002441406248,508.7809082031249,318.24004516601565,18.239984130859398,291.1743652343748,161.2799316406249,1325.28017578125,1259.174560546875,-1278.240087890625,-1058.4,-559.8912109375001,-420.48001251220705,90.23994140624995,559.11669921875
1763687299.6958065,3,3,1,0.5076651802884855,-1.1553621383259505,-14.7726408460937,-0.06465978095042088,-0.010654064461097634,0.00047194112228114444,823.6799560546874,-223.19998779296873,497.1649414062499,318.24004516601565,18.239984130859398,291.1743652343748,158.8799072265624,1320.480126953125,1263.04638671875,-1273.4400390625,-1065.6001953125,-559.8912109375001,-415.6800132751465,90.23994140624995,551.372802734375
1763687299.7904522,3,3,1,0.5385333971694972,-1.1235498191269802,-14.884392275691688,-0.06338797176334954,-0.013544658805826669,0.0008248844757843344,823.6799560546874,-223.19998779296873,501.0367675781249,318.24004516601565,25.439996337890648,287.3022949218748,161.2799316406249,1322.880029296875,1270.79052734375,-1275.840185546875,-1058.4,-556.0192016601563,-415.6800132751465,85.44001464843745,555.244873046875
1763687299.8838816,3,3,1,0.46417719186347034,-1.1414483510460811,-14.669992032309285,-0.06434748746329866,-0.00999181323062296,0.000978227830251058,823.6799560546874,-225.60001220703123,501.0367675781249,318.24004516601565,18.239984130859398,295.0464355468748,163.6799560546874,1327.680078125,1263.04638671875,-1273.4400390625,-1063.200048828125,-552.1471923828126,-418.08001098632815,85.44001464843745,555.244873046875
1763687299.9799876,3,3,1,0.5286782895916046,-1.1185578478156657,-14.731165672272036,-0.06296875468881902,-0.013435800664691482,0.0008029090638236504,823.6799560546874,-220.80002441406248,497.1649414062499,311.0400329589844,25.439996337890648,287.3022949218748,161.2799316406249,1325.28017578125,1259.174560546875,-1271.04013671875,-1060.800146484375,-552.1471923828126,-415.6800132751465,87.84003906249995,555.244873046875
1763687300.139298,3,3,1,0.5555321115503896,-1.1266701504698469,-14.751585275232863,-0.06337051594237735,-0.012930043084213874,0.0011072661253090747,821.2800537109374,-223.19998779296873,501.0367675781249,315.84002075195315,15.839990234375023,291.1743652343748,161.2799316406249,1320.480126953125,1263.04638671875,-1273.4400390625,-1063.200048828125,-556.0192016601563,-415.6800132751465,83.03999023437495,559.11669921875
1763687300.2472875,3,3,1,0.5548087180952784,-1.1389459947395766,-14.515666899045407,-0.06324825756749883,-0.012417157455433661,0.0006459968017201835,818.8800292968749,-223.19998779296873,504.9088378906249,315.84002075195315,23.040002441406273,291.1743652343748,158.8799072265624,1322.880029296875,1263.04638671875,-1273.4400390625,-1063.200048828125,-556.0192016601563,-418.08001098632815,85.44001464843745,559.11669921875
1763687300.3409746,3,3,1,0.5178228746509295,-1.1488889579373451,-14.665109603673727,-0.06286653098569489,-0.01183492614331123,0.0012209432119126675,821.2800537109374,-227.99997558593748,501.0367675781249,315.84002075195315,20.640008544921898,295.0464355468748,161.2799316406249,1327.680078125,1266.91845703125,-1273.4400390625,-1068.00009765625,-548.2751831054688,-420.48001251220705,90.23994140624995,555.244873046875
1763687300.3827693,3,3,1,0.4933277906259062,-1.1436205225176541,-14.461970687433602,-0.06294509022019582,-0.011876703546475846,0.0007455511514089571,823.6799560546874,-225.60001220703123,501.0367675781249,313.43999633789065,18.239984130859398,295.0464355468748,163.6799560546874,1325.28017578125,1270.79052734375,-1273.4400390625,-1063.200048828125,-552.1471923828126,-418.08001098632815,87.84003906249995,555.244873046875
1763687300.4900818,3,3,1,0.5332460425115229,-1.0754532036281255,-14.81234664232056,-0.06179690925620137,-0.012825366029145134,0.0012444467276290418,818.8800292968749,-223.19998779296873,501.0367675781249,311.0400329589844,25.439996337890648,287.3022949218748,158.8799072265624,1325.28017578125,1263.04638671875,-1275.840185546875,-1058.4,-548.2751831054688,-415.6800132751465,90.23994140624995,555.244873046875
1763687300.6499968,3,3,1,0.5192503325860076,-1.0823906266082153,-14.589212563065653,-0.06062872292768584,-0.011998452883598125,0.0009392193234246558,814.0799804687499,-223.19998779296873,501.0367675781249,313.43999633789065,20.640008544921898,287.3022949218748,154.0799804687499,1308.480126953125,1263.04638671875,-1268.639990234375,-1048.800146484375,-548.2751831054688,-418.08001098632815,87.84003906249995,555.244873046875
1763687300.6790268,3,3,1,0.5034965714527252,-1.093165513709117,-14.607666458835,-0.06105336848463705,-0.01168800043606918,0.0013227834223367768,811.6799560546874,-220.80002441406248,497.1649414062499,313.43999633789065,18.239984130859398,291.1743652343748,156.4800048828124,1313.28017578125,1255.302490234375,-1259.04013671875,-1046.4,-552.1471923828126,-413.2800117492676,85.44001464843745,555.244873046875
1763687300.8377466,3,3,1,0.5118469022342861,-1.078468616472024,-13.637455049105254,-0.058302017888253746,-0.01271768337172472,0.0005852701697216392,797.2800537109374,-215.99997558593748,493.2928710937499,303.84002075195315,15.839990234375023,283.4302246093748,156.4800048828124,1286.880029296875,1235.9423828125,-1230.240087890625,-1022.4000000000001,-532.7872070312501,-406.08001098632815,87.84003906249995,543.62890625
1763687300.9468055,3,3,1,0.4278024818742636,-1.0628240373530833,-13.019721390201576,-0.05873361958405622,-0.006500898090337539,0.0004136028514859077,785.2800537109374,-218.39999999999998,477.8048339843749,296.6400085449219,11.040002441406273,275.6865722656248,154.0799804687499,1267.680078125,1216.58251953125,-1208.639990234375,-1003.2000488281251,-525.0431884765626,-398.8800121307373,87.84003906249995,528.140869140625
1763687301.0413587,3,3,1,0.6321521773685651,-0.9150620333999702,-12.295064787799316,-0.05384146910460055,-0.015992059644860154,0.000521272348846225,0,0,0,0,0,0,0,0,0,0,0,0,0,0,0
1763687301.084941,3,3,1,0.5948021787966574,-0.9535326279564227,-12.173939240611722,-0.053460107058190376,-0.015825211979134106,0.0002571006685680279,754.0799804687499,-213.60001220703123,458.4449707031249,291.84002075195315,1.4399963378906477,256.3262207031248,161.2799316406249,1231.680078125,1170.118408203125,-1146.240087890625,-957.6001953125001,-497.9391845703126,-396.48001155853274,80.63996582031245,512.65283203125
1763687301.1778111,3,3,1,0.6946741004153981,-0.8745518344966012,-11.323022403967535,-0.04712606696677091,-0.022857326159904007,-0.0002021211837658042,734.8800292968749,-211.19998779296873,446.8287597656249,279.84002075195315,-0.9599975585937273,256.3262207031248,158.8799072265624,1200.480126953125,1150.758544921875,-1110.240087890625,-924.0000976562501,-478.5791992187501,-389.28001127243044,80.63996582031245,497.164794921875
1763687301.2882838,3,3,1,0.7419373253435939,-0.7526680505745219,-10.466150971759586,-0.04248930625446363,-0.024617536693916746,0.00019105599550064533,706.0799804687499,-206.39999999999998,427.4688964843749,270.24004516601565,-5.760015869140602,244.71049804687482,158.8799072265624,1159.680078125,1100.42236328125,-1059.840185546875,-885.6001953125001,-459.2192138671876,-374.88001070022585,78.23994140624995,481.6767578125
1763687301.3835843,3,3,1,0.5149009941820446,-0.8410015380165892,-9.79253844975836,-0.046665912765292264,-0.014297571681132264,-0.00020073625760145576,672.4800048828124,-199.19998779296873,400.3648925781249,255.84002075195315,-5.760015869140602,236.96635742187482,156.4800048828124,1118.880029296875,1057.830322265625,-995.0401367187501,-840.0000976562501,-435.98721923828134,-362.8800102233887,75.84003906249995,462.31689453125
1763687301.5394123,3,3,1,0.612793137066746,-0.615386127950792,-7.785871114469712,-0.03611259773706827,-0.019276006632235353,-8.471830718842065e-05,619.6799560546874,-182.39999999999998,373.2608886718749,239.0400329589844,-12.959997558593727,213.73442382812482,144.4800048828124,1034.880029296875,976.5185546875,-903.8401855468751,-765.6001953125001,-401.13919677734384,-341.28000793457034,66.23994140624995,427.46875
1763687301.6497724,3,3,1,0.613264732197375,-0.5343820180094276,-6.59725365251357,-0.032945675863979784,-0.01843875119370448,-0.0009823127349170755,586.0799804687499,-177.60001220703123,346.1568847656249,227.0400329589844,-20.160009765624977,194.37456054687482,134.8799072265624,984.4801269531249,926.182373046875,-839.0401367187501,-712.8001464843751,-366.29117431640634,-326.8800102233887,63.840039062499955,396.492919921875
1763687301.6778224,3,3,1,0.6400543950393922,-0.5507108352238722,-6.735143487886904,-0.033448729297999746,-0.018318669026351125,-0.0007979060956760167,578.8800292968749,-175.19998779296873,338.4127441406249,219.84002075195315,-20.160009765624977,190.50249023437482,134.8799072265624,967.6800781249999,902.950439453125,-822.2400878906251,-703.2000488281251,-362.41922607421884,-322.0800071716309,63.840039062499955,400.36474609375
1763687301.7864058,3,3,1,0.641487291818192,-0.4781903215311216,-5.92406732252659,-0.02856917987823821,-0.020790087345871112,-0.0009628710868826106,545.2800537109374,-167.99997558593748,319.0528808593749,203.0400329589844,-17.76000061035154,178.88627929687482,127.67995605468741,914.8800292968749,852.614501953125,-762.2400878906251,-655.2000488281251,-339.18717041015634,-307.68000946044924,61.440014648437455,369.388916015625
1763687301.879149,3,3,1,0.5991118411131697,-0.42807523659825775,-5.14226797816204,-0.02612299817993008,-0.017958290880466916,-0.0013800900716355773,499.6799560546874,-153.60001220703123,291.9488769531249,193.43999633789065,-22.560003662109352,167.27055664062482,122.87990722656241,857.2799316406249,782.91845703125,-695.0401367187501,-602.4000000000001,-315.9551757812501,-286.08001098632815,61.440014648437455,342.284912109375
1763687302.0370932,3,3,1,0.5882808922131781,-0.32776459951893966,-3.869845697900643,-0.022256411956367263,-0.015433758890321496,-0.0009950368063815353,458.8800292968749,-146.39999999999998,264.8448730468749,174.24004516601565,-20.160009765624977,151.78227539062482,110.87990722656241,778.0799804687499,709.350341796875,-625.4400390625001,-532.8001464843751,-288.8511718750001,-266.88000640869143,56.639965820312455,311.308837890625
1763687302.0806293,3,3,1,0.5910603944573914,-0.3310850729372546,-3.8724072529054765,-0.022977097421286306,-0.01489733134586688,-0.0017023447022563457,446.8800292968749,-143.99997558593748,257.1007324218749,171.84002075195315,-20.160009765624977,144.03813476562482,110.87990722656241,756.4801269531249,693.862548828125,-611.0401367187501,-523.2000488281251,-288.8511718750001,-257.28000793457034,56.639965820312455,299.69287109375
1763687302.1904926,3,3,1,0.386099732228284,-0.3279498361528562,-3.4978836603389674,-0.01918711360448554,-0.013028216019079343,-0.0015507362994384463,0,0,0,0,0,0,0,0,0,0,0,0,0,0,0
1763687302.283816,3,3,1,0.4974509335941748,-0.20985377854648435,-2.9022007920484665,-0.01584242271415129,-0.013423111069944475,-0.0013344026415571656,382.0799804687499,-119.99997558593748,206.7647949218749,145.44002685546877,-17.76000061035154,116.93413085937482,94.07998046874991,650.8800292968749,585.446533203125,-505.4400390625001,-436.8001464843751,-242.3871826171876,-228.48000488281252,49.440014648437455,253.228759765625
1763687302.377204,3,3,1,0.3774211488796163,-0.2236845661040633,-2.447387810852341,-0.01605401053108227,-0.009240124094289504,-0.001873700065688548,362.8800292968749,-112.79996337890623,187.4049316406249,140.6400085449219,-15.360006713867165,113.06254882812482,86.87990722656241,617.2799316406249,538.982421875,-474.2400878906251,-415.2000488281251,-238.51517333984384,-216.48000488281252,44.639965820312455,237.74072265625
1763687302.5507488,3,3,1,0.4751595632192722,-0.07868575937749808,-1.7951257302148143,-0.011302009366521062,-0.009772418723951376,-0.0017896891096881172,314.8800292968749,-103.19998779296873,156.4288574218749,126.24001464843752,-10.560003662109352,85.95854492187482,79.67995605468741,559.6800781249999,477.030517578125,-409.4400390625001,-360.0000976562501,-215.2831787109376,-194.8799987792969,42.239941406249955,214.5087890625
1763687302.6421602,3,3,1,0.21652710846865067,-0.10070164642240023,-1.7147999873793285,-0.014861726926330464,-0.007965121991138819,-0.0016946263781276812,300.4800048828124,-100.79996337890623,144.8128906249999,116.6400085449219,-8.160009765624977,85.95854492187482,77.27993164062491,523.6800781249999,446.054443359375,-385.4400390625001,-336.0000976562501,-203.6672119140626,-185.28000793457034,37.440014648437455,195.14892578125
1763687302.7377334,3,3,1,0.30494065365188683,-0.14115471028439175,-1.425607262330972,-0.01226706997889842,-0.005363908372432931,-0.0018108756839778195,288.4800048828124,-95.99997558593748,133.1969238281249,109.44002685546877,-10.560003662109352,74.34233398437482,74.87990722656241,497.2799316406249,418.950439453125,-359.0401367187501,-314.4000000000001,-195.9231933593751,-178.07999572753909,37.440014648437455,183.53271484375
1763687302.7522404,3,3,1,0.2876692963072407,-0.13062598989278346,-1.5769659687848625,-0.012212245892484435,-0.005244506261418223,-0.0010836878348947808,286.0799804687499,-95.99997558593748,133.1969238281249,111.84002075195315,-12.959997558593727,74.34233398437482,74.87990722656241,492.4801269531249,418.950439453125,-354.2400878906251,-309.5999511718751,-195.9231933593751,-175.6800018310547,37.440014648437455,183.53271484375
1763687302.8514733,3,3,1,0.3150797967838649,-0.12100769650541783,-1.2088708938960149,-0.012382633030593566,-0.004495088520733566,-0.0018919558549085286,266.8800292968749,-93.60001220703123,125.45278320312491,107.04000244140627,-10.560003662109352,70.47026367187482,67.67995605468741,466.0799804687499,407.33447265625,-337.4400390625001,-292.8001464843751,-184.3072265625001,-168.48000488281252,37.440014648437455,168.044921875
1763687303.0496006,3,3,1,0.3065462686599829,-0.07971923548278094,-0.8974242280670514,-0.009931319378909929,-0.004359838864678887,-0.0014608112672836926,238.0799804687499,-83.99997558593748,106.09291992187491,99.84002075195315,-10.560003662109352,58.85429687499982,67.67995605468741,413.2799316406249,356.99853515625,-291.8399414062501,-252.0000976562501,-161.0751708984376,-151.6800018310547,35.039990234374955,144.812744140625
1763687303.2506077,3,3,1,0.261210399191897,-0.0765324274499447,-0.6333468212619453,-0.007319608945386594,-0.0041750098940550335,-0.0015896011082953145,209.2799316406249,-83.99997558593748,94.47695312499991,83.04000244140627,-12.959997558593727,47.23833007812482,60.48000488281241,365.2799316406249,326.0224609375,-258.2400878906251,-216.0000976562501,-137.84317626953134,-137.28000793457034,32.639965820312455,133.19677734375
1763687303.2638657,3,3,1,0.2789227560826,-0.05861889914533072,-0.7020976730796483,-0.007359339783272682,-0.003873851146203539,-0.0014595735391967437,204.4800048828124,-81.60001220703123,86.73281249999991,85.44002685546877,-8.160009765624977,43.36625976562482,55.67995605468741,360.4801269531249,318.278564453125,-253.4400390625001,-211.2000488281251,-145.58719482421884,-132.48000488281252,30.239941406249955,125.452880859375
1763687303.4383285,3,3,1,0.20832482882904105,-0.029143971990551455,-0.41407367086300784,-0.006736142501819671,-0.0007936375035011166,-0.0015118479663050871,180.4800048828124,-79.19998779296873,78.98891601562491,75.84002075195315,-5.760015869140602,43.36625976562482,53.27993164062491,317.2799316406249,283.430419921875,-219.8399414062501,-180.0000976562501,-130.0992187500001,-127.68000183105471,30.239941406249955,109.96484375
1763687303.5477548,3,3,1,0.14654575566391284,0.02605874384350851,-0.3705316505228464,-0.00411284919719572,0.0013630869770577137,-0.001254317411026744,168.4800048828124,-81.60001220703123,86.73281249999991,71.04000244140627,-8.160009765624977,39.49443359374982,53.27993164062491,295.6800781249999,275.6865234375,-212.6399902343751,-168.0000976562501,-118.48319091796884,-120.48000488281252,30.239941406249955,102.220703125
1763687303.5755818,3,3,1,0.1824699797935056,0.0073302582056494515,-0.33934690598362893,-0.004584514491105793,0.000681017034631091,-0.0014003047771740458,166.0799804687499,-79.19998779296873,75.11684570312491,66.24001464843752,-8.160009765624977,31.750292968749818,48.48000488281241,288.4801269531249,275.6865234375,-207.8399414062501,-165.5999511718751,-118.48319091796884,-120.48000488281252,35.039990234374955,98.348876953125
1763687303.7545955,3,3,1,0.11282015402046418,0.028922221691491223,-0.29683720877665476,-0.0024003924904630104,0.00262325886481513,-0.001063931293591435,149.2799316406249,-74.39999999999998,75.11684570312491,63.84002075195315,-10.560003662109352,27.878466796874818,46.07998046874991,259.6800781249999,256.326416015625,-188.6399902343751,-144.0000976562501,-110.73917236328134,-108.48000488281252,37.440014648437455,90.604736328125
1763687303.9671776,3,3,1,0.12470051817445549,0.06759180435036052,-0.20802289709009503,-0.0008889404078853057,0.003017902361148095,-0.0011853387190466527,122.88002929687491,-74.39999999999998,51.88491210937491,54.24001464843752,-0.9599975585937273,20.134326171874818,38.87990722656241,228.4801269531249,225.350341796875,-169.4400390625001,-115.20004882812509,-95.25119628906259,-96.48000488281252,32.639965820312455,67.372802734375
1763687305.347146,3,3,1,0.14957555341510329,0.09097968165691978,0.23056638563179824,-0.00023477106885876542,0.003050889750249891,-0.0014189019596503542,74.88002929687491,-67.19998779296873,28.65273437499991,37.44002685546877,-0.9599975585937273,4.646289062499818,41.27993164062491,132.4800048828124,175.014404296875,-102.24008789062509,-48.00009765625009,-72.01920166015634,-77.27999267578127,32.639965820312455,24.78076171875
1763687305.7369263,3,3,1,0.11031735296116202,0.0458788407552613,0.21112185146211015,-0.0014602539144041163,0.003285955305594072,-0.0016615206033407496,72.48000488281241,-69.60001220703123,20.90883789062491,32.6400085449219,-5.760015869140602,0.7744628906248181,34.07998046874991,125.28005371093741,155.654541015625,-95.04013671875009,-45.59995117187509,-64.27518310546884,-70.08001098632815,27.840039062499955,24.78076171875
1763687306.7529194,3,3,1,0.11108204066479992,0.0352863872791772,0.2774465557582585,-0.001696718381541595,0.0033797525875274605,-0.00171609630671007,65.27993164062491,-67.19998779296873,20.90883789062491,30.240014648437523,-0.9599975585937273,-6.969677734375182,43.67995605468741,113.28005371093741,144.038330078125,-87.83994140625009,-26.40000000000009,-68.14719238281259,-70.08001098632815,32.639965820312455,20.90869140625
1763687307.0611067,3,3,1,0.14393513274954203,0.0655197771997224,0.2276371608990358,-0.0011174943459071078,0.003091043016248251,-0.0014997114186700207,60.48000488281241,-69.60001220703123,17.03676757812491,27.840020751953148,-5.760015869140602,-6.969677734375182,41.27993164062491,108.48000488281241,144.038330078125,-87.83994140625009,-28.80014648437509,-52.65921630859384,-62.8799987792969,27.840039062499955,13.164794921875
1763687307.2540941,3,3,1,0.1546948102709974,0.040769171337149274,0.2078029366833884,-0.0018218716558572022,0.0028938194471978254,-0.0013514383192570743,55.67995605468741,-64.79996337890623,17.03676757812491,27.840020751953148,-0.9599975585937273,-10.841748046875182,38.87990722656241,108.48000488281241,140.16650390625,-85.44003906250009,-28.80014648437509,-60.40317382812509,-70.08001098632815,27.840039062499955,13.164794921875
1763687307.438032,3,3,1,0.1604503458752671,0.06695592141297786,0.22777363112357402,-0.0009262894172763398,0.002667406271880638,-0.0012645910475619054,0,0,0,0,0,0,0,0,0,0,0,0,0,0,0
1763687307.7519147,3,3,1,0.15180303955006583,0.07124666398378042,0.21099625222920496,-0.0008961841013997319,0.0029245887303634465,-0.001114361290677069,60.48000488281241,-67.19998779296873,9.292871093749909,25.439996337890648,-5.760015869140602,-10.841748046875182,41.27993164062491,106.07998046874991,136.29443359375,-83.04013671875009,-28.80014648437509,-60.40317382812509,-67.67998657226565,30.239941406249955,20.90869140625
1763687307.8464017,3,3,1,0.1626936657757107,0.06509504195580482,0.27615833376064164,-0.0014379369292171957,0.0029295951171818555,-0.0014838802006847238,55.67995605468741,-67.19998779296873,13.164941406249909,27.840020751953148,-3.3599914550781023,-18.585644531250182,38.87990722656241,108.48000488281241,136.29443359375,-75.83994140625009,-28.80014648437509,-56.53122558593759,-67.67998657226565,27.840039062499955,13.164794921875
1763687307.942551,3,3,1,0.14499390679067328,0.06630736174274207,0.3282218935138703,-0.001245416727918894,0.0028099446801229866,-0.001464477411334548,55.67995605468741,-59.99997558593748,9.292871093749909,27.840020751953148,-3.3599914550781023,-14.713574218750182,41.27993164062491,98.88002929687491,144.038330078125,-78.24008789062509,-26.40000000000009,-56.53122558593759,-67.67998657226565,25.440014648437455,9.292724609375
1763687308.0506697,3,3,1,0.1375811962151382,0.06888056748343516,0.22557185730896426,-0.0015943654963009616,0.0034155214850274318,-0.0013463579866988776,55.67995605468741,-64.79996337890623,17.03676757812491,27.840020751953148,-10.560003662109352,-14.713574218750182,36.48000488281241,103.67995605468741,136.29443359375,-75.83994140625009,-24.00009765625009,-60.40317382812509,-65.27999267578127,23.039990234374955,5.4208984375
1763687308.2382083,3,3,1,0.1879200416732555,0.07216679038667967,0.2932492717908129,-0.0011940131537162661,0.002246400115062442,-0.0013212555011986812,53.27993164062491,-64.79996337890623,9.292871093749909,27.840020751953148,-5.760015869140602,-10.841748046875182,38.87990722656241,101.28005371093741,136.29443359375,-78.24008789062509,-24.00009765625009,-52.65921630859384,-62.8799987792969,23.039990234374955,9.292724609375
1763687308.451446,3,3,1,0.14473606379325288,0.04686283128644118,0.22643952159827563,-0.001427440884120648,0.002797430427218514,-0.0011871955510508484,53.27993164062491,-67.19998779296873,17.03676757812491,23.040002441406273,-5.760015869140602,-18.585644531250182,38.87990722656241,94.07998046874991,128.550537109375,-71.04013671875009,-21.59995117187509,-56.53122558593759,-62.8799987792969,30.239941406249955,17.036865234375
1763687308.7449124,3,3,1,0.09345916467351015,0.11369562404117496,0.229599127722606,-0.0009014511043669046,0.0037981541471015694,-0.0013455039295567233,48.48000488281241,-67.19998779296873,9.292871093749909,27.840020751953148,-0.9599975585937273,-22.457714843750182,38.87990722656241,96.48000488281241,136.29443359375,-71.04013671875009,-19.20004882812509,-60.40317382812509,-65.27999267578127,30.239941406249955,9.292724609375
1763687308.8409948,3,3,1,0.12917874491626488,0.10262756782910203,0.26029524573760565,-0.001314140490219844,0.0036776652654400533,-0.0014137733259759473,53.27993164062491,-67.19998779296873,13.164941406249909,23.040002441406273,-3.3599914550781023,-14.713574218750182,36.48000488281241,96.48000488281241,128.550537109375,-71.04013671875009,-21.59995117187509,-56.53122558593759,-62.8799987792969,27.840039062499955,9.292724609375
1763687309.4736712,3,3,1,0.14331114590387758,0.08595319690691394,0.21194823902504253,-0.0007834770878146187,0.003000047067344461,-0.001349304308988117,0,0,0,0,0,0,0,0,0,0,0,0,0,0,0
1763687309.6588209,3,3,1,0.17890383182325928,0.07403959408505564,0.22585829086479678,-0.0012155661475885462,0.0030692738886466397,-0.0016580838552052296,53.27993164062491,-64.79996337890623,13.164941406249909,23.040002441406273,-3.3599914550781023,-18.585644531250182,38.87990722656241,91.67995605468741,128.550537109375,-68.63999023437509,-19.20004882812509,-56.53122558593759,-62.8799987792969,30.239941406249955,5.4208984375
1763687309.7666295,3,3,1,0.17169606854098104,0.06724253758333752,0.24099002247957185,-0.0016050228603711261,0.003501320847573013,-0.0015754660613161665,46.07998046874991,-64.79996337890623,9.292871093749909,25.439996337890648,-3.3599914550781023,-18.585644531250182,38.87990722656241,91.67995605468741,132.42236328125,-71.04013671875009,-21.59995117187509,-52.65921630859384,-65.27999267578127,27.840039062499955,5.4208984375
1763687311.1389973,3,3,1,0.15446186259632616,-0.014708829658938435,-0.2056728149099708,-0.004399163735031141,0.002810066514449721,-0.0008800888020131256,74.88002929687491,-62.39999999999998,24.78090820312491,32.6400085449219,-0.9599975585937273,0.7744628906248181,36.48000488281241,134.8800292968749,159.5263671875,-102.24008789062509,-60.00009765625009,-75.89121093750009,-70.08001098632815,32.639965820312455,28.65283203125
1763687311.55971,3,3,1,0.12947710600508208,0.008929389459810536,-0.2559051135464637,-0.0043899439772797245,0.0032912412824221762,-0.0005870984170982991,72.48000488281241,-67.19998779296873,20.90883789062491,27.840020751953148,-3.3599914550781023,0.7744628906248181,36.48000488281241,139.6799560546874,163.3984375,-97.44003906250009,-52.80014648437509,-72.01920166015634,-70.08001098632815,30.239941406249955,20.90869140625
1763687311.7599058,3,3,1,0.18781368488802486,0.019244168859928454,-0.22073355484606816,-0.003770373522995706,0.001584880265659734,-0.000651612172896653,70.07998046874991,-69.60001220703123,17.03676757812491,30.240014648437523,-0.9599975585937273,-10.841748046875182,38.87990722656241,130.0799804687499,155.654541015625,-97.44003906250009,-55.20004882812509,-68.14719238281259,-74.8799987792969,25.440014648437455,28.65283203125
1763687312.0439596,3,3,1,0.15480681743690183,0.0166092824589398,-0.221517302358886,-0.004139701953987963,0.002425242166022467,-0.0006529082414808505,74.88002929687491,-62.39999999999998,17.03676757812491,30.240014648437523,-3.3599914550781023,0.7744628906248181,34.07998046874991,130.0799804687499,159.5263671875,-99.83994140625009,-52.80014648437509,-72.01920166015634,-67.67998657226565,25.440014648437455,24.78076171875
1763687312.353127,3,3,1,0.1171374040346858,-0.015350261513433048,-0.3120240510175143,-0.005788115290449072,0.004214652741960971,-0.0005326678823272457,72.48000488281241,-62.39999999999998,24.78090820312491,27.840020751953148,1.4399963378906477,-3.097607421875182,36.48000488281241,127.67995605468741,151.782470703125,-97.44003906250009,-52.80014648437509,-83.63522949218759,-70.08001098632815,32.639965820312455,20.90869140625
1763687312.840968,3,3,1,0.15144280759704415,0.044060691610429026,-0.28623446180894985,-0.00327199095677026,0.0032045068796405915,-0.0006744547994943479,67.67995605468741,-62.39999999999998,28.65273437499991,30.240014648437523,-3.3599914550781023,-6.969677734375182,38.87990722656241,130.0799804687499,147.910400390625,-92.63999023437509,-48.00009765625009,-72.01920166015634,-72.48000488281252,27.840039062499955,20.90869140625
1763687313.1557224,3,3,1,0.2128639352175122,0.043546590389683316,-0.20318794392244374,-0.0034042718162325277,0.0014712579063513487,-0.0010369524284673723,67.67995605468741,-64.79996337890623,20.90883789062491,30.240014648437523,-5.760015869140602,-6.969677734375182,41.27993164062491,127.67995605468741,144.038330078125,-92.63999023437509,-50.40000000000009,-68.14719238281259,-70.08001098632815,30.239941406249955,24.78076171875
1763687313.5517583,3,3,1,0.18101430378754482,0.01856256794947534,-0.2065780127550299,-0.004295163647431256,0.00285792413123229,-0.000961197834282636,70.07998046874991,-59.99997558593748,20.90883789062491,35.04000244140627,-3.3599914550781023,0.7744628906248181,41.27993164062491,127.67995605468741,155.654541015625,-95.04013671875009,-50.40000000000009,-68.14719238281259,-70.08001098632815,30.239941406249955,24.78076171875
1763687313.754635,3,3,1,0.16427049857187329,0.04067130742630945,-0.20495162320674026,-0.004109103389447859,0.002436892363500791,-0.0008053848297264721,72.48000488281241,-64.79996337890623,17.03676757812491,35.04000244140627,-5.760015869140602,-6.969677734375182,38.87990722656241,127.67995605468741,147.910400390625,-99.83994140625009,-48.00009765625009,-75.89121093750009,-67.67998657226565,30.239941406249955,28.65283203125
1763687315.4504178,3,3,1,0.14495330572578488,0.05832824982178255,0.21024085641208606,-0.0013336274277870339,0.0024173576771258113,-0.0011154831614931505,38.88002929687491,-62.39999999999998,1.548730468749909,18.240014648437523,-5.760015869140602,-22.457714843750182,34.07998046874991,77.28005371093741,116.934326171875,-59.04013671875009,-12.000097656250091,-52.65921630859384,-55.67998657226565,27.840039062499955,1.548828125
1763687315.6552722,3,3,1,0.1532563891599273,0.06915428453327449,0.2767550789648771,-0.0012375930129903492,0.0032919702665690095,-0.0013266519964490594,38.88002929687491,-62.39999999999998,5.420800781249909,18.240014648437523,-3.3599914550781023,-26.329541015625182,41.27993164062491,77.28005371093741,116.934326171875,-61.44003906250009,-12.000097656250091,-48.78720703125009,-58.08001098632815,27.840039062499955,-2.3232421875
1763687316.353195,3,3,1,0.14109259332258414,0.07792105006161887,0.21358973746031615,-0.0003333843971608189,0.0027419553598593107,-0.0009551795837533253,36.48000488281241,-59.99997558593748,1.548730468749909,13.439996337890648,-5.760015869140602,-26.329541015625182,38.87990722656241,70.07998046874991,109.1904296875,-61.44003906250009,-9.599951171875091,-48.78720703125009,-58.08001098632815,25.440014648437455,-2.3232421875
1763687317.054212,3,3,1,0.1783046989367622,0.05715224503797801,0.209871325407468,-0.0011824565718938098,0.0024203684827098088,-0.0015841246339482122,38.88002929687491,-62.39999999999998,1.548730468749909,15.840020751953148,-8.160009765624977,-26.329541015625182,36.48000488281241,70.07998046874991,105.318359375,-51.83994140625009,-12.000097656250091,-52.65921630859384,-53.27999267578127,27.840039062499955,-6.195068359375
1763687317.8497844,3,3,1,0.14128545793479974,0.07014191962768443,0.21433376772254742,-0.00039890101789065197,0.002183830092274381,-0.0012673698889611713,34.07998046874991,-64.79996337890623,1.548730468749909,18.240014648437523,-5.760015869140602,-26.329541015625182,38.87990722656241,62.88002929687491,109.1904296875,-54.24008789062509,-4.800146484375091,-44.91519775390634,-55.67998657226565,23.039990234374955,-6.195068359375
1763687318.0531242,3,3,1,0.12766072027448636,0.07578645356430005,0.21079121841008017,-0.0012018043920437682,0.00312769542352119,-0.0011941747270334789,34.07998046874991,-59.99997558593748,-2.323095703125091,13.439996337890648,-0.9599975585937273,-26.329541015625182,34.07998046874991,67.67995605468741,109.1904296875,-56.63999023437509,-9.599951171875091,-52.65921630859384,-55.67998657226565,25.440014648437455,-2.3232421875
1763687318.2408082,3,3,1,0.13267754407868593,0.09254220245207587,0.26500041774024785,-0.0002059487549029796,0.002822590828837156,-0.0011720252810221677,31.67995605468741,-59.99997558593748,-2.323095703125091,15.840020751953148,-5.760015869140602,-26.329541015625182,38.87990722656241,67.67995605468741,101.446533203125,-51.83994140625009,-9.765625009094947e-05,-48.78720703125009,-55.67998657226565,27.840039062499955,-10.067138671875
1763687318.5653691,3,3,1,0.16141928755846657,0.07784061379870123,0.22761806563576886,-0.0010008448938519457,0.002373577872395496,-0.001187817596877412,31.67995605468741,-62.39999999999998,5.420800781249909,18.240014648437523,-5.760015869140602,-26.329541015625182,38.87990722656241,67.67995605468741,105.318359375,-51.83994140625009,-2.400000000000091,-48.78720703125009,-58.08001098632815,23.039990234374955,-10.067138671875
1763687320.7482862,3,3,1,0.16904285676576658,0.011848942197062708,-0.20398387033861493,-0.0036947381461769355,0.0035399876073648395,-0.0013477503675151136,55.67995605468741,-59.99997558593748,17.03676757812491,23.040002441406273,-3.3599914550781023,-18.585644531250182,38.87990722656241,108.48000488281241,140.16650390625,-85.44003906250009,-43.20004882812509,-64.27518310546884,-67.67998657226565,27.840039062499955,17.036865234375
1763687320.9508438,3,3,1,0.2045838941738072,0.0382724158454746,-0.2739070956383354,-0.0038359771067753502,0.0039670539167525245,-0.0013757665180597783,62.88002929687491,-62.39999999999998,17.03676757812491,27.840020751953148,-5.760015869140602,-6.969677734375182,41.27993164062491,125.28005371093741,159.5263671875,-99.83994140625009,-55.20004882812509,-68.14719238281259,-70.08001098632815,30.239941406249955,20.90869140625
1763687320.9793732,3,3,1,0.1887528985493156,0.056720483715775906,-0.4097885794067047,-0.004054466391536486,0.004446284633133173,-0.0008012326107625599,62.88002929687491,-59.99997558593748,17.03676757812491,20.640008544921898,-5.760015869140602,-6.969677734375182,41.27993164062491,125.28005371093741,159.5263671875,-97.44003906250009,-52.80014648437509,-75.89121093750009,-70.08001098632815,30.239941406249955,13.164794921875
1763687321.0920126,3,3,1,0.12279922287128045,0.03733539250704143,-0.4693363044289576,-0.002889203801082414,0.0040928712785329,-0.0006590621658598931,74.88002929687491,-64.79996337890623,32.52480468749991,23.040002441406273,-3.3599914550781023,-6.969677734375182,36.48000488281241,137.2800537109374,163.3984375,-109.44003906250009,-72.00009765625009,-75.89121093750009,-74.8799987792969,32.639965820312455,20.90869140625
1763687321.1833365,3,3,1,0.1211404973589986,0.0006533120454870894,-0.5694761140802094,-0.0028744204971511995,0.003540100104214682,-0.0005352949742234,79.67995605468741,-62.39999999999998,28.65273437499991,25.439996337890648,-0.9599975585937273,0.7744628906248181,43.67995605468741,142.0799804687499,175.014404296875,-119.04013671875009,-72.00009765625009,-79.76322021484384,-72.48000488281252,30.239941406249955,28.65283203125
1763687321.3525338,3,3,1,0.1739001215595272,0.03758782793613703,-0.6727351634473981,-0.002944350068792582,0.00363258846822182,-0.0009669099372099545,79.67995605468741,-67.19998779296873,32.52480468749991,20.640008544921898,-0.9599975585937273,0.7744628906248181,48.48000488281241,146.8800292968749,186.63037109375,-123.83994140625009,-84.00009765625009,-75.89121093750009,-84.48000488281252,35.039990234374955,28.65283203125
1763687321.3972049,3,3,1,0.10671413539230101,0.05580219991782419,-0.7560830614445597,-0.0031649604023267753,0.00456348218180796,-0.0006077648947050633,79.67995605468741,-67.19998779296873,32.52480468749991,23.040002441406273,-5.760015869140602,-3.097607421875182,41.27993164062491,156.4800048828124,186.63037109375,-121.44003906250009,-88.80014648437509,-75.89121093750009,-77.27999267578127,30.239941406249955,17.036865234375
1763687321.4891193,3,3,1,0.12360631705780557,0.11033201340251972,-0.7904634520188475,0.0011275930397504966,0.004197367546608174,-0.0009189782326503009,84.48000488281241,-69.60001220703123,32.52480468749991,25.439996337890648,-0.9599975585937273,4.646289062499818,46.07998046874991,173.2800537109374,194.37451171875,-140.6399902343751,-103.20004882812509,-79.76322021484384,-79.67998657226565,32.639965820312455,36.396728515625
1763687321.6519804,3,3,1,0.06539564547993892,-0.002263160751294177,-1.0825294521920257,-0.004615363836042212,0.008147770287794523,-0.0007245918276210752,103.67995605468741,-64.79996337890623,44.14077148437491,35.04000244140627,-3.3599914550781023,8.518359374999818,46.07998046874991,182.8800292968749,213.734375,-155.0401367187501,-120.00009765625009,-87.50717773437509,-86.8799987792969,37.440014648437455,36.396728515625
1763687321.745685,3,3,1,0.062201760642038445,0.023163143869097555,-1.0937140872036837,-0.003569516431216449,0.006973668893775401,-0.0010392223851565401,103.67995605468741,-69.60001220703123,44.14077148437491,27.840020751953148,-3.3599914550781023,8.518359374999818,50.87990722656241,182.8800292968749,205.990478515625,-152.6399902343751,-117.59995117187509,-91.37918701171884,-86.8799987792969,37.440014648437455,36.396728515625
1763687321.840322,3,3,1,0.11582565705949524,0.030650080890387347,-1.064268657694506,-0.003994349062502119,0.00697325598129954,-0.0009533290791755067,101.27993164062491,-71.99997558593748,48.01284179687491,27.840020751953148,1.4399963378906477,8.518359374999818,46.07998046874991,190.0799804687499,209.862548828125,-157.4400390625001,-117.59995117187509,-79.76322021484384,-91.67998657226565,32.639965820312455,40.268798828125
1763687321.9501092,3,3,1,0.13205044878251454,0.0545814805601362,-1.0284412970702796,-0.0034370907071070945,0.005903299359607372,-0.0007841604976622315,98.88002929687491,-67.19998779296873,44.14077148437491,32.6400085449219,1.4399963378906477,8.518359374999818,41.27993164062491,182.8800292968749,209.862548828125,-157.4400390625001,-117.59995117187509,-99.12320556640634,-86.8799987792969,32.639965820312455,36.396728515625
1763687321.9931283,3,3,1,0.12276776625119705,0.05004936655800343,-0.9936832978507977,-0.0033003937431570155,0.005898986284611576,-0.0009270630900983799,96.48000488281241,-69.60001220703123,44.14077148437491,32.6400085449219,1.4399963378906477,12.390429687499818,48.48000488281241,187.6799560546874,209.862548828125,-152.6399902343751,-117.59995117187509,-87.50717773437509,-84.48000488281252,35.039990234374955,40.268798828125
1763687322.100245,3,3,1,0.06423759080691392,0.0010788283460862478,-1.0634912427779248,-0.004240049087951167,0.007416501863375798,-0.0007166005123528861,101.27993164062491,-69.60001220703123,44.14077148437491,32.6400085449219,-3.3599914550781023,8.518359374999818,43.67995605468741,190.0799804687499,209.862548828125,-155.0401367187501,-120.00009765625009,-87.50717773437509,-86.8799987792969,35.039990234374955,48.0126953125
1763687322.194835,3,3,1,0.09060294612162915,0.05745362595494809,-1.0114086770133288,-0.0037636773245638424,0.0066352354858375834,-0.001092095857592313,101.27993164062491,-69.60001220703123,48.01284179687491,30.240014648437523,-3.3599914550781023,8.518359374999818,48.48000488281241,190.0799804687499,221.478515625,-157.4400390625001,-117.59995117187509,-87.50717773437509,-91.67998657226565,37.440014648437455,40.268798828125
1763687322.353338,3,3,1,0.16225761762447616,0.09588456381521747,-1.0719274109296573,-0.0019040307025636307,0.0031241547806613286,-0.0005628596207168531,101.27993164062491,-76.79996337890623,51.88491210937491,25.439996337890648,-8.160009765624977,8.518359374999818,50.87990722656241,194.8800292968749,225.350341796875,-155.0401367187501,-120.00009765625009,-79.76322021484384,-94.08001098632815,37.440014648437455,40.268798828125
1763687322.3953793,3,3,1,0.18057204045962794,0.11812584509752833,-1.0886327345912867,-0.001887877118149914,0.0023060327350870264,-0.000649174834302532,103.67995605468741,-71.99997558593748,44.14077148437491,25.439996337890648,-8.160009765624977,4.646289062499818,48.48000488281241,192.4800048828124,217.6064453125,-155.0401367187501,-117.59995117187509,-87.50717773437509,-91.67998657226565,35.039990234374955,36.396728515625
1763687322.543603,3,3,1,0.16130287248123315,0.06485771586397084,-0.9709532327181251,-0.001972207001271068,0.0034365448376665092,-0.0009933789357146627,101.27993164062491,-71.99997558593748,48.01284179687491,27.840020751953148,-10.560003662109352,4.646289062499818,50.87990722656241,197.2799316406249,221.478515625,-157.4400390625001,-117.59995117187509,-87.50717773437509,-96.48000488281252,37.440014648437455,36.396728515625
1763687322.6480443,3,3,1,0.16162263140020758,0.05792413205323178,-0.9534231365621867,-0.0020183239497352907,0.0026887038698205643,-0.0010650590918780249,96.48000488281241,-74.39999999999998,51.88491210937491,25.439996337890648,-10.560003662109352,8.518359374999818,48.48000488281241,194.8800292968749,217.6064453125,-159.8399414062501,-122.40000000000009,-83.63522949218759,-91.67998657226565,32.639965820312455,36.396728515625
1763687322.6924791,3,3,1,0.1971873141269045,0.05715726529731187,-1.0741814136457715,-0.0023858343492507137,0.0025468519961958803,-0.000875414030712245,98.88002929687491,-69.60001220703123,48.01284179687491,25.439996337890648,-5.760015869140602,8.518359374999818,46.07998046874991,192.4800048828124,217.6064453125,-155.0401367187501,-120.00009765625009,-95.25119628906259,-91.67998657226565,35.039990234374955,32.52490234375
1763687322.8523624,3,3,1,0.14249428959818972,0.06435152393874874,-0.9858017779539953,-0.0016564354638240295,0.003792885571615251,-0.0012316229813558186,101.27993164062491,-71.99997558593748,48.01284179687491,25.439996337890648,-10.560003662109352,4.646289062499818,48.48000488281241,197.2799316406249,225.350341796875,-157.4400390625001,-124.80014648437509,-87.50717773437509,-94.08001098632815,35.039990234374955,40.268798828125
1763687323.0400999,3,3,1,0.17889005955276757,0.079496529842638,-1.0709685959799466,-0.0018677072731974442,0.0021482243648080408,-0.0009521359762918805,106.07998046874991,-74.39999999999998,51.88491210937491,30.240014648437523,-15.360006713867165,8.518359374999818,53.27993164062491,204.4801269531249,233.094482421875,-159.8399414062501,-124.80014648437509,-79.76322021484384,-96.48000488281252,42.239941406249955,51.884765625
1763687323.0836635,3,3,1,0.2044975077097334,0.07298306187305248,-1.0052601389829208,-0.0018969551762816335,0.002309043414932715,-0.0008501409097130576,103.67995605468741,-71.99997558593748,48.01284179687491,32.6400085449219,-12.959997558593727,8.518359374999818,48.48000488281241,199.6800781249999,221.478515625,-157.4400390625001,-124.80014648437509,-83.63522949218759,-96.48000488281252,37.440014648437455,48.0126953125
1763687323.245445,3,3,1,0.23009653824480192,0.10193601913622782,-0.9866385006250202,-0.0014766162506384638,0.001064051545107462,-0.0010009765961071831,98.88002929687491,-76.79996337890623,51.88491210937491,27.840020751953148,-12.959997558593727,12.390429687499818,50.87990722656241,199.6800781249999,229.222412109375,-152.6399902343751,-120.00009765625009,-87.50717773437509,-94.08001098632815,35.039990234374955,44.140869140625
1763687323.2729602,3,3,1,0.22140975274137792,0.11554496382671092,-1.0205356637084995,-0.0013700050208877853,0.0015016623191865088,-0.0005445782307671763,106.07998046874991,-74.39999999999998,48.01284179687491,30.240014648437523,-10.560003662109352,8.518359374999818,55.67995605468741,199.6800781249999,225.350341796875,-157.4400390625001,-120.00009765625009,-87.50717773437509,-91.67998657226565,37.440014648437455,40.268798828125
1763687323.3672476,3,3,1,0.17848370463265892,0.08225779280230351,-1.0358872866790851,-0.0016607614580739175,0.0015032002891725608,-0.0009390835997910754,103.67995605468741,-71.99997558593748,48.01284179687491,25.439996337890648,-12.959997558593727,8.518359374999818,53.27993164062491,202.0799804687499,233.094482421875,-155.0401367187501,-124.80014648437509,-79.76322021484384,-98.8799987792969,35.039990234374955,44.140869140625
1763687323.4756339,3,3,1,0.17771850161503286,0.07213326653056969,-0.9684869615039334,-0.0015520776752247216,0.0016124901194219288,-0.000757249580582564,101.27993164062491,-74.39999999999998,48.01284179687491,25.439996337890648,-12.959997558593727,4.646289062499818,48.48000488281241,202.0799804687499,229.222412109375,-157.4400390625001,-117.59995117187509,-87.50717773437509,-94.08001098632815,35.039990234374955,36.396728515625
1763687323.5705695,3,3,1,0.15943099863662502,0.09873023244467177,-1.0683442427025909,-0.0012095080966684525,0.0026015503987520646,-0.0007934410677574573,98.88002929687491,-74.39999999999998,51.88491210937491,27.840020751953148,-15.360006713867165,4.646289062499818,55.67995605468741,202.0799804687499,225.350341796875,-157.4400390625001,-122.40000000000009,-83.63522949218759,-98.8799987792969,35.039990234374955,40.268798828125
1763687323.6653259,3,3,1,0.23033936609144362,0.12251555824458826,-0.9692428531697797,-0.001298108964804661,0.0008730400381336163,-0.0008394706131934371,103.67995605468741,-69.60001220703123,55.75673828124991,27.840020751953148,-15.360006713867165,-3.097607421875182,50.87990722656241,199.6800781249999,229.222412109375,-155.0401367187501,-122.40000000000009,-75.89121093750009,-96.48000488281252,35.039990234374955,40.268798828125
1763687323.855458,3,3,1,0.18817282604376426,0.1325959005748923,-0.995025184363957,0.0004386215834337806,0.0016367349387350475,-0.000997940123772572,98.88002929687491,-74.39999999999998,48.01284179687491,23.040002441406273,-12.959997558593727,8.518359374999818,53.27993164062491,192.4800048828124,233.094482421875,-155.0401367187501,-122.40000000000009,-83.63522949218759,-98.8799987792969,37.440014648437455,36.396728515625
1763687323.977061,3,3,1,0.22295849914840693,0.11270908792697387,-1.0822328524691458,0.00010164184737403007,0.001411655860690899,-0.0004817823013480323,98.88002929687491,-71.99997558593748,44.14077148437491,25.439996337890648,-17.76000061035154,4.646289062499818,53.27993164062491,199.6800781249999,233.094482421875,-155.0401367187501,-120.00009765625009,-83.63522949218759,-98.8799987792969,32.639965820312455,44.140869140625
1763687324.0702412,3,3,1,0.19203030258842424,0.11425681007724214,-1.0830161937821643,-0.0005585976089452058,0.0011051556998611866,-0.0004849835225393793,94.07998046874991,-74.39999999999998,48.01284179687491,23.040002441406273,-12.959997558593727,8.518359374999818,55.67995605468741,197.2799316406249,229.222412109375,-155.0401367187501,-120.00009765625009,-83.63522949218759,-96.48000488281252,35.039990234374955,40.268798828125
1763687324.2443478,3,3,1,0.1989963599640931,0.11777164153749597,-1.0146823199797226,-0.00018293156386455759,0.0014371355691968934,-0.0007719329394489053,96.48000488281241,-71.99997558593748,48.01284179687491,27.840020751953148,-22.560003662109352,4.646289062499818,58.07998046874991,199.6800781249999,225.350341796875,-155.0401367187501,-124.80014648437509,-79.76322021484384,-103.67998657226565,35.039990234374955,44.140869140625
1763687324.273418,3,3,1,0.17167996302006902,0.14152758663014284,-1.0462094697349573,0.000335134326207217,0.002042451369380147,-0.00047000672186692325,96.48000488281241,-76.79996337890623,40.26894531249991,23.040002441406273,-17.76000061035154,8.518359374999818,53.27993164062491,194.8800292968749,225.350341796875,-152.6399902343751,-120.00009765625009,-75.89121093750009,-98.8799987792969,32.639965820312455,36.396728515625
1763687324.3650815,3,3,1,0.2310754026670046,0.1252022082631278,-0.9607774231711157,0.0005874295331193616,-0.000507014572416607,-0.0007505699306710086,82.07998046874991,-74.39999999999998,48.01284179687491,20.640008544921898,-17.76000061035154,-3.097607421875182,48.48000488281241,180.4800048828124,213.734375,-143.0401367187501,-112.80014648437509,-68.14719238281259,-89.27999267578127,35.039990234374955,36.396728515625
1763687324.473872,3,3,1,0.19703879954864648,0.1553580578044526,-0.7762920772704252,0.0006855143117509364,0.0019605462657231497,-0.0010770667939595095,77.27993164062491,-69.60001220703123,40.26894531249991,13.439996337890648,-15.360006713867165,-10.841748046875182,50.87990722656241,166.0799804687499,205.990478515625,-135.8399414062501,-100.80014648437509,-72.01920166015634,-89.27999267578127,37.440014648437455,20.90869140625
1763687324.564619,3,3,1,0.19104906355369125,0.15853143608386625,-0.7878545400617446,0.0020640151590613966,0.001651731094722052,-0.0006063942728795842,72.48000488281241,-74.39999999999998,36.39687499999991,11.040002441406273,-17.76000061035154,-6.969677734375182,53.27993164062491,163.6799560546874,198.246337890625,-121.44003906250009,-96.00009765625009,-64.27518310546884,-94.08001098632815,30.239941406249955,24.78076171875
1763687324.7503073,3,3,1,0.19646115671081896,0.1285440940701528,-0.5154996333262241,0.0027544531449689006,0.0006220856731593261,-0.0004255273672997748,62.88002929687491,-69.60001220703123,28.65273437499991,11.040002441406273,-17.76000061035154,-18.585644531250182,46.07998046874991,134.8800292968749,175.014404296875,-102.24008789062509,-76.80014648437509,-60.40317382812509,-82.08001098632815,27.840039062499955,9.292724609375
1763687324.8505638,3,3,1,0.19716505048938046,0.16162706894561404,-0.26406140161017344,0.0029108464055016274,0.0020492534929430852,-0.0007285304149951813,53.27993164062491,-71.99997558593748,20.90883789062491,11.040002441406273,-15.360006713867165,-18.585644531250182,48.48000488281241,122.88002929687491,175.014404296875,-102.24008789062509,-67.20004882812509,-56.53122558593759,-79.67998657226565,27.840039062499955,9.292724609375
1763687324.9451172,3,3,1,0.21569417224398102,0.17875578938881984,-0.26605505662782364,0.0027109345525195825,0.002445289515343998,-0.0008098168011002251,55.67995605468741,-69.60001220703123,20.90883789062491,11.040002441406273,-15.360006713867165,-26.329541015625182,50.87990722656241,113.28005371093741,159.5263671875,-92.63999023437509,-57.59995117187509,-52.65921630859384,-74.8799987792969,25.440014648437455,5.4208984375
1763687326.0539858,3,3,1,0.19894588584257059,0.1315259343420358,0.21499858080869919,0.0006072702984286794,0.002534516263992778,-0.0013465477809761358,31.67995605468741,-64.79996337890623,1.548730468749909,18.240014648437523,-3.3599914550781023,-30.201611328125182,38.87990722656241,65.28005371093741,105.318359375,-54.24008789062509,-9.599951171875091,-44.91519775390634,-55.67998657226565,27.840039062499955,-10.067138671875
1763687328.344762,3,3,1,0.16816568579325444,0.09015088335994731,0.21107658820803987,-0.0005697198157927582,0.003063613041462903,-0.0009582612022631274,26.88002929687491,-59.99997558593748,-6.195166015625091,8.640008544921898,-8.160009765624977,-34.07368164062518,41.27993164062491,58.07998046874991,93.702392578125,-51.83994140625009,-7.200048828125091,-41.04318847656259,-53.27999267578127,23.039990234374955,-21.68310546875
1763687328.8440282,3,3,1,0.15041393638083528,0.054127814958080604,0.21238341090011037,-0.0006928359253874313,0.0023808760153237424,-0.0010334036221800852,24.48000488281241,-62.39999999999998,-6.195166015625091,6.240014648437523,-8.160009765624977,-30.201611328125182,34.07998046874991,55.67995605468741,101.446533203125,-49.44003906250009,-2.400000000000091,-41.04318847656259,-53.27999267578127,20.639965820312455,-6.195068359375
1763687329.6561143,3,3,1,0.13412649678323024,0.010139640047169756,0.22691596910405065,-0.0014075546927056987,0.0034642171669928418,-0.0015744153908915039,24.48000488281241,-62.39999999999998,-6.195166015625091,8.640008544921898,-8.160009765624977,-34.07368164062518,36.48000488281241,53.28005371093741,101.446533203125,-47.04013671875009,-2.400000000000091,-48.78720703125009,-50.8799987792969,23.039990234374955,-10.067138671875
1763687330.8587,3,3,1,0.09061934622985371,0.04458736243086077,-0.2600530720588251,-0.0012616440137360493,0.004138923946550661,-0.0006558226359622722,48.48000488281241,-74.39999999999998,20.90883789062491,8.640008544921898,-20.160009765624977,-22.457714843750182,48.48000488281241,115.67995605468741,163.3984375,-87.83994140625009,-55.20004882812509,-44.91519775390634,-77.27999267578127,27.840039062499955,1.548828125
1763687331.0424469,3,3,1,0.23421181382089834,0.17774916004032698,-0.5004261465727893,0.0024849276449212627,0.00010451987715617969,-0.0009732406804738916,43.67995605468741,-62.39999999999998,13.164941406249909,6.240014648437523,-8.160009765624977,-18.585644531250182,41.27993164062491,94.07998046874991,140.16650390625,-83.04013671875009,-45.59995117187509,-56.53122558593759,-65.27999267578127,25.440014648437455,-2.3232421875
1763687331.3540766,3,3,1,0.16889360044783241,0.15277490193227142,-0.730543069250267,0.0031937599095573444,0.0010377120037463176,-0.0013623143017933589,70.07998046874991,-69.60001220703123,28.65273437499991,15.840020751953148,-8.160009765624977,-14.713574218750182,43.67995605468741,134.8800292968749,167.2705078125,-121.44003906250009,-79.20004882812509,-72.01920166015634,-74.8799987792969,32.639965820312455,17.036865234375
1763687331.5569203,3,3,1,0.14707360244709766,0.17086767611733414,-1.142539465732602,0.0018360226954541956,0.005083127220295151,-0.0013596290256707123,96.48000488281241,-76.79996337890623,44.14077148437491,20.640008544921898,-12.959997558593727,0.7744628906248181,50.87990722656241,187.6799560546874,229.222412109375,-162.2400878906251,-120.00009765625009,-79.76322021484384,-94.08001098632815,35.039990234374955,36.396728515625
1763687331.6503956,3,3,1,0.08822854424870576,0.07658058772542677,-1.2704152354967404,-0.0013399351165761983,0.00629207290411439,-0.0014103141902238928,101.27993164062491,-69.60001220703123,48.01284179687491,27.840020751953148,-10.560003662109352,12.390429687499818,53.27993164062491,197.2799316406249,229.222412109375,-159.8399414062501,-124.80014648437509,-87.50717773437509,-98.8799987792969,32.639965820312455,40.268798828125
1763687331.7434502,3,3,1,0.08067738007010478,0.014896737289589445,-1.31429462834195,-0.004028896322786471,0.0064075583823772556,-0.0009631612170309621,118.07998046874991,-76.79996337890623,59.62880859374991,30.240014648437523,-15.360006713867165,12.390429687499818,53.27993164062491,228.4801269531249,256.326416015625,-183.8399414062501,-144.0000976562501,-95.25119628906259,-106.08001098632815,39.840039062499955,51.884765625
1763687331.8544695,3,3,1,0.12130526417956829,0.07064515514509054,-1.7420771516600346,-0.0013366049938947442,0.005291932531761378,-0.0009532095335418386,132.4800048828124,-83.99997558593748,78.98891601562491,35.04000244140627,-8.160009765624977,20.134326171874818,62.87990722656241,250.0799804687499,283.430419921875,-205.4400390625001,-168.0000976562501,-99.12320556640634,-113.27999267578127,39.840039062499955,55.7568359375
1763687331.9439206,3,3,1,0.1457659625968258,0.06117841473437764,-1.9039657707237025,-0.0033166241668267068,0.006994901762753432,-0.0007840699095904475,149.2799316406249,-83.99997558593748,78.98891601562491,42.24001464843752,-10.560003662109352,24.006396484374818,58.07998046874991,278.8800292968749,291.174560546875,-222.2400878906251,-182.4000000000001,-114.61118164062509,-115.67998657226565,44.639965820312455,75.11669921875
1763687332.0518327,3,3,1,0.06807163404324396,-0.014166235025080631,-2.1143468779685004,-0.006025668289157713,0.008729607756989324,-0.00047272141215429946,168.4800048828124,-86.39999999999998,90.60488281249991,44.6400085449219,-12.959997558593727,39.49443359374982,65.27993164062491,305.2799316406249,329.89453125,-248.6399902343751,-201.5999511718751,-122.35520019531259,-132.48000488281252,42.239941406249955,90.604736328125
1763687332.251887,3,3,1,0.08091589060530952,0.00022828247947224555,-2.69389835378651,-0.007451397843981507,0.01096435907565144,-0.000843181415483516,194.8800292968749,-93.60001220703123,109.96474609374991,56.6400085449219,-15.360006713867165,47.23833007812482,70.07998046874991,353.2799316406249,372.486328125,-296.6399902343751,-240.0000976562501,-141.7151855468751,-139.6800018310547,47.039990234374955,109.96484375
1763687332.346587,3,3,1,0.11658787321744397,0.015928204830093266,-2.9600416809392867,-0.007357548859466067,0.006878226143162063,-0.0007057781155332311,214.0799804687499,-93.60001220703123,121.58095703124991,68.6400085449219,-10.560003662109352,58.85429687499982,72.48000488281241,384.4801269531249,391.846435546875,-318.2400878906251,-261.5999511718751,-153.33121337890634,-151.6800018310547,51.840039062499955,121.580810546875
1763687332.4536011,3,3,1,0.12785603495412945,-0.06382437111503034,-3.2779325807765582,-0.01098078199939114,0.008673126205528927,-0.0011405524940191994,230.8800292968749,-95.99997558593748,129.3248535156249,73.44002685546877,-8.160009765624977,62.72636718749982,70.07998046874991,401.2799316406249,415.078369140625,-339.8399414062501,-278.4000000000001,-164.94718017578134,-156.48000488281252,51.840039062499955,137.06884765625
1763687332.5480049,3,3,1,-0.007682057056839057,-0.04922839589267225,-3.5070682766778365,-0.009809587566955484,0.012732426094389931,-0.0011387446537714325,0,0,0,0,0,0,0,0,0,0,0,0,0,0,0
1763687332.6450226,3,3,1,0.08992661589673813,-0.025260817712142586,-3.400217138330885,-0.008015248220528483,0.008834393478186708,-0.000783509011830445,226.0799804687499,-103.19998779296873,133.1969238281249,78.24001464843752,-12.959997558593727,62.72636718749982,74.87990722656241,408.4801269531249,422.822509765625,-339.8399414062501,-278.4000000000001,-164.94718017578134,-158.8799987792969,51.840039062499955,137.06884765625
1763687332.7507398,3,3,1,0.09737091055423727,-0.05367272286874282,-3.2036492679316195,-0.009699308417137094,0.007934482386451999,-0.0011874883837865906,226.0799804687499,-98.39999999999998,125.45278320312491,78.24001464843752,-12.959997558593727,62.72636718749982,79.67995605468741,396.4801269531249,407.33447265625,-332.6399902343751,-278.4000000000001,-164.94718017578134,-156.48000488281252,51.840039062499955,133.19677734375
1763687332.844611,3,3,1,0.07999893826313206,-0.06572283683903549,-3.153937689250228,-0.009781607090827767,0.008646757279936705,-0.0007778678757609035,223.6799560546874,-98.39999999999998,133.1969238281249,73.44002685546877,-15.360006713867165,62.72636718749982,74.87990722656241,401.2799316406249,411.20654296875,-335.0401367187501,-276.0000976562501,-164.94718017578134,-154.07999572753909,49.440014648437455,133.19677734375
1763687332.9515874,3,3,1,0.09591389316465049,-0.00946063769978155,-3.1783333553862465,-0.007150116323286311,0.008634520448257244,-0.0009364788772154399,223.6799560546874,-98.39999999999998,129.3248535156249,73.44002685546877,-12.959997558593727,62.72636718749982,79.67995605468741,398.8800292968749,418.950439453125,-337.4400390625001,-276.0000976562501,-157.2032226562501,-151.6800018310547,44.639965820312455,133.19677734375
1763687333.047665,3,3,1,0.06671605103307326,-0.07063354526919148,-3.1159295817338086,-0.008816856127876789,0.008975249286572581,-0.0011504073967471906,228.4800048828124,-100.79996337890623,133.1969238281249,78.24001464843752,-10.560003662109352,62.72636718749982,74.87990722656241,398.8800292968749,407.33447265625,-335.0401367187501,-276.0000976562501,-157.2032226562501,-151.6800018310547,51.840039062499955,129.32470703125
1763687333.1547534,3,3,1,0.10451503392211896,-0.03108410354772851,-3.05134070200514,-0.009134855022418871,0.008454869046283599,-0.0010543404638415957,223.6799560546874,-100.79996337890623,129.3248535156249,73.44002685546877,-10.560003662109352,62.72636718749982,72.48000488281241,403.6800781249999,411.20654296875,-330.2400878906251,-271.2000488281251,-164.94718017578134,-158.8799987792969,49.440014648437455,133.19677734375
1763687333.2516806,3,3,1,0.0886076678439398,0.006879026329425803,-3.060010571050642,-0.007145932011480223,0.008239164757531038,-0.000895677739348317,0,0,0,0,0,0,0,0,0,0,0,0,0,0,0
1763687333.4510436,3,3,1,0.11065375622412787,-0.050049312791065115,-2.9302620383488587,-0.008569699115929651,0.007119319642329052,-0.0010854644078921959,226.0799804687499,-100.79996337890623,129.3248535156249,71.04000244140627,-15.360006713867165,58.85429687499982,74.87990722656241,401.2799316406249,407.33447265625,-337.4400390625001,-271.2000488281251,-157.2032226562501,-151.6800018310547,47.039990234374955,129.32470703125
1763687333.5458193,3,3,1,0.1002345500079255,-0.04686303524672366,-2.9797913310223816,-0.008226704187574527,0.007767970253979859,-0.0009453728898363317,226.0799804687499,-100.79996337890623,137.0687499999999,73.44002685546877,-17.76000061035154,62.72636718749982,74.87990722656241,398.8800292968749,418.950439453125,-335.0401367187501,-273.5999511718751,-161.0751708984376,-154.07999572753909,49.440014648437455,125.452880859375
1763687333.6541615,3,3,1,0.08550025369149172,-0.013376903186588657,-2.9231126851290345,-0.006609579043840043,0.00848706014850291,-0.00123348932302697,223.6799560546874,-100.79996337890623,133.1969238281249,78.24001464843752,-12.959997558593727,58.85429687499982,74.87990722656241,391.6800781249999,407.33447265625,-332.6399902343751,-271.2000488281251,-164.94718017578134,-156.48000488281252,49.440014648437455,129.32470703125
1763687333.746669,3,3,1,0.08147519847098972,-0.06544544691111624,-3.0118806151600923,-0.008052510258907526,0.0077444540498787535,-0.0008761621300423663,226.0799804687499,-103.19998779296873,129.3248535156249,75.84002075195315,-15.360006713867165,58.85429687499982,72.48000488281241,401.2799316406249,407.33447265625,-335.0401367187501,-276.0000976562501,-161.0751708984376,-156.48000488281252,49.440014648437455,129.32470703125
1763687333.8541076,3,3,1,0.09305125077641475,-0.06184328514251176,-3.0319265397829662,-0.008696183689357056,0.00781606312890301,-0.0007301358628514342,226.0799804687499,-100.79996337890623,133.1969238281249,73.44002685546877,-15.360006713867165,54.98247070312482,74.87990722656241,398.8800292968749,415.078369140625,-332.6399902343751,-271.2000488281251,-153.33121337890634,-151.6800018310547,54.239941406249955,129.32470703125
1763687334.0420225,3,3,1,0.10630730141138556,-0.04418784840594578,-2.911380205359012,-0.007687117782318944,0.008387946932308587,-0.0009968893353718446,221.2799316406249,-103.19998779296873,129.3248535156249,68.6400085449219,-12.959997558593727,62.72636718749982,77.27993164062491,398.8800292968749,415.078369140625,-330.2400878906251,-271.2000488281251,-157.2032226562501,-156.48000488281252,49.440014648437455,129.32470703125
1763687334.150325,3,3,1,0.08108338197509402,-0.007253875034266792,-2.909057233038145,-0.007381809802067133,0.008038917712348511,-0.0008415470128488526,221.2799316406249,-100.79996337890623,129.3248535156249,73.44002685546877,-15.360006713867165,58.85429687499982,74.87990722656241,398.8800292968749,411.20654296875,-330.2400878906251,-276.0000976562501,-161.0751708984376,-156.48000488281252,49.440014648437455,129.32470703125
1763687334.2418983,3,3,1,0.1279906965122014,-0.03333360213487286,-2.9075154094964346,-0.006560680333889512,0.007085535831989899,-0.00036649013676061013,218.8800292968749,-100.79996337890623,133.1969238281249,71.04000244140627,-15.360006713867165,62.72636718749982,72.48000488281241,398.8800292968749,407.33447265625,-332.6399902343751,-278.4000000000001,-161.0751708984376,-156.48000488281252,51.840039062499955,125.452880859375
1763687334.356747,3,3,1,0.06367486301271366,-0.009529663797122308,-2.909116451802245,-0.007409094373559212,0.008750551258036223,-0.0008412344125254862,221.2799316406249,-95.99997558593748,125.45278320312491,71.04000244140627,-12.959997558593727,58.85429687499982,74.87990722656241,396.4801269531249,407.33447265625,-332.6399902343751,-273.5999511718751,-157.2032226562501,-149.28000793457034,49.440014648437455,133.19677734375
1763687334.4464383,3,3,1,0.12342419041771685,-0.00928637583603261,-2.9261671043527286,-0.007219143542153606,0.007018984784269771,-0.0007690446244436784,226.0799804687499,-100.79996337890623,129.3248535156249,71.04000244140627,-15.360006713867165,62.72636718749982,70.07998046874991,403.6800781249999,411.20654296875,-330.2400878906251,-268.8001464843751,-164.94718017578134,-158.8799987792969,51.840039062499955,125.452880859375
1763687334.6511772,3,3,1,0.07245066213945879,-0.05224286339554172,-2.758047103243186,-0.007715321152491874,0.008140706457032286,-0.0012541302438711657,223.6799560546874,-98.39999999999998,133.1969238281249,68.6400085449219,-10.560003662109352,62.72636718749982,72.48000488281241,398.8800292968749,411.20654296875,-330.2400878906251,-273.5999511718751,-157.2032226562501,-154.07999572753909,47.039990234374955,137.06884765625
1763687334.8504143,3,3,1,0.08311929879030822,-0.05676593294272407,-2.9291586338911535,-0.008291695325197267,0.007919744085511632,-0.000770208601396323,230.8800292968749,-98.39999999999998,129.3248535156249,71.04000244140627,-10.560003662109352,66.59843749999982,74.87990722656241,398.8800292968749,411.20654296875,-330.2400878906251,-273.5999511718751,-161.0751708984376,-154.07999572753909,47.039990234374955,133.19677734375
1763687334.9428663,3,3,1,0.06584397569029343,-0.09485882790601124,-2.7348151230864066,-0.010398815052911604,0.00834631760631525,-0.0008628230561357328,230.8800292968749,-93.60001220703123,129.3248535156249,75.84002075195315,-5.760015869140602,66.59843749999982,72.48000488281241,401.2799316406249,403.46240234375,-330.2400878906251,-271.2000488281251,-168.8191894531251,-154.07999572753909,44.639965820312455,144.812744140625
1763687334.9868982,3,3,1,0.09108376805815124,-0.04965408461579969,-2.750843365144562,-0.009855853264160726,0.008029595021589238,-0.0006358099759017849,233.2799316406249,-95.99997558593748,121.58095703124991,80.6400085449219,-8.160009765624977,66.59843749999982,70.07998046874991,403.6800781249999,399.59033203125,-330.2400878906251,-273.5999511718751,-164.94718017578134,-149.28000793457034,51.840039062499955,137.06884765625
1763687335.1490674,3,3,1,0.09597969635190537,-0.0817124213636564,-2.5843871341435647,-0.010886614302326443,0.005843694070792415,-0.0006567312643080332,214.0799804687499,-93.60001220703123,117.70888671874991,73.44002685546877,-8.160009765624977,66.59843749999982,65.27993164062491,374.8800292968749,368.614501953125,-306.2400878906251,-247.2000488281251,-153.33121337890634,-144.48000488281252,47.039990234374955,117.708740234375
1763687335.1929545,3,3,1,0.09416991583532815,-0.11276668790404741,-2.5167529281466363,-0.010792739912789413,0.00625264389607856,-0.0008638771176609074,211.6799560546874,-88.79996337890623,109.96474609374991,71.04000244140627,-8.160009765624977,58.85429687499982,67.67995605468741,365.2799316406249,372.486328125,-301.4400390625001,-247.2000488281251,-157.2032226562501,-139.6800018310547,49.440014648437455,117.708740234375
1763687335.2899947,3,3,1,0.02184120540687272,-0.06871585300009977,-2.2085152566011277,-0.009530175809744681,0.008326709058942977,-0.0008294493946745292,192.4800048828124,-86.39999999999998,98.34877929687491,68.6400085449219,-8.160009765624977,47.23833007812482,67.67995605468741,343.6800781249999,345.38232421875,-272.6399902343751,-228.0000976562501,-141.7151855468751,-134.8799987792969,42.239941406249955,113.8369140625
1763687335.3968763,3,3,1,0.19557130249918858,-0.03608938744831598,-1.8060513957304982,-0.009082327134384352,0.0035097780794362365,-0.0010013377976200175,0,0,0,0,0,0,0,0,0,0,0,0,0,0,0
1763687335.491513,3,3,1,0.13395666747690635,-0.11811494220695465,-1.441112266432446,-0.011178364375998433,0.00416618215900854,-0.00149790285109521,149.2799316406249,-79.19998779296873,75.11684570312491,51.84002075195315,-10.560003662109352,27.878466796874818,58.07998046874991,271.6800781249999,283.430419921875,-215.0401367187501,-177.5999511718751,-114.61118164062509,-115.67998657226565,37.440014648437455,82.86083984375
1763687335.6501067,3,3,1,0.138970943114917,0.021037107061638395,-0.9652318454529415,-0.0050171444280091735,0.0039606000478134345,-0.0008441905641962267,120.48000488281241,-74.39999999999998,59.62880859374991,42.24001464843752,-10.560003662109352,24.006396484374818,53.27993164062491,226.0799804687499,244.71044921875,-176.6399902343751,-134.4000000000001,-99.12320556640634,-96.48000488281252,37.440014648437455,55.7568359375
1763687335.7561178,3,3,1,0.13804614212349534,0.0021522650161687456,-0.5764503979814247,-0.004728448313262207,0.0036549316906075062,-0.0013279091494189598,108.48000488281241,-74.39999999999998,40.26894531249991,37.44002685546877,-0.9599975585937273,16.262255859374818,48.48000488281241,192.4800048828124,209.862548828125,-152.6399902343751,-110.40000000000009,-91.37918701171884,-89.27999267578127,35.039990234374955,44.140869140625
1763687335.8006413,3,3,1,0.13889794167049313,0.003433393251501618,-0.6277525531141621,-0.004887475156635987,0.0033513903702399725,-0.000878022432396244,96.48000488281241,-67.19998779296873,36.39687499999991,35.04000244140627,1.4399963378906477,4.646289062499818,48.48000488281241,173.2800537109374,202.118408203125,-147.8399414062501,-100.80014648437509,-83.63522949218759,-86.8799987792969,32.639965820312455,40.268798828125
1763687335.9467063,3,3,1,0.27664036096229166,-0.10074197396985836,-0.30530710543530204,-0.002273254692187534,0.004325804503065847,-0.0008209736019597939,84.48000488281241,-69.60001220703123,40.26894531249991,27.840020751953148,-12.959997558593727,-3.097607421875182,48.48000488281241,156.4800048828124,198.246337890625,-131.0401367187501,-86.40000000000009,-75.89121093750009,-82.08001098632815,32.639965820312455,32.52490234375
1763687335.9889576,3,3,1,0.28614076200006955,-0.14130975931262219,-0.3396191181903593,-0.0027763759611564914,0.0032140828577384385,-0.0010667092054797594,0,0,0,0,0,0,0,0,0,0,0,0,0,0,0
1763687336.3811371,3,3,1,0.12857831441999068,0.1397545435920655,-0.2888507621128311,0.0007018385455044792,0.0039057506055099563,-4.069350242481891e-05,58.07998046874991,-62.39999999999998,17.03676757812491,20.640008544921898,-8.160009765624977,-10.841748046875182,41.27993164062491,108.48000488281241,151.782470703125,-92.63999023437509,-43.20004882812509,-60.40317382812509,-67.67998657226565,32.639965820312455,9.292724609375
1763687338.1683114,3,3,1,0.1311313904821557,0.04000898816300142,0.21281241140304546,-0.0004881853862400633,0.0036777905658246617,-0.0011089038379293273,36.48000488281241,-62.39999999999998,5.420800781249909,11.040002441406273,-3.3599914550781023,-26.329541015625182,41.27993164062491,70.07998046874991,120.806396484375,-56.63999023437509,-16.80014648437509,-44.91519775390634,-55.67998657226565,23.039990234374955,-6.195068359375
1763687338.8514926,3,3,1,0.15949602936225973,0.08407379558095823,0.24534702451172202,-0.0006273321728834948,0.0033387158115915985,-0.0015710852193892208,31.67995605468741,-62.39999999999998,1.548730468749909,13.439996337890648,-8.160009765624977,-30.201611328125182,38.87990722656241,62.88002929687491,105.318359375,-51.83994140625009,-7.200048828125091,-48.78720703125009,-58.08001098632815,23.039990234374955,-6.195068359375
1763687339.598837,3,3,1,0.13217799517262827,0.06981544694726988,0.24668365105756226,-0.0004017635832027941,0.0035741034031302457,-0.001099075044463112,0,0,0,0,0,0,0,0,0,0,0,0,0,0,0
1763687341.436345,3,3,1,0.12246337120160683,0.0719461942395626,0.21421907103751486,-0.00025330044160265085,0.004322821545314886,-0.0018918118122670318,24.48000488281241,-62.39999999999998,-6.195166015625091,8.640008544921898,-5.760015869140602,-37.94575195312518,36.48000488281241,55.67995605468741,101.446533203125,-47.04013671875009,-2.400000000000091,-44.91519775390634,-50.8799987792969,20.639965820312455,-10.067138671875
1763687342.1676528,3,3,1,0.1384223359331157,0.10379646295806118,-0.25755992036617426,7.366391743259004e-05,0.0040144441545138625,-0.00042004120434474155,41.27993164062491,-64.79996337890623,9.292871093749909,13.439996337890648,-5.760015869140602,-22.457714843750182,43.67995605468741,91.67995605468741,140.16650390625,-73.44003906250009,-38.40000000000009,-56.53122558593759,-62.8799987792969,25.440014648437455,5.4208984375
1763687342.2740872,3,3,1,0.17113632569459783,0.08492088308606746,-0.240499192995988,0.0002598140168301932,0.0035599865966377377,-0.0008026639463100077,46.07998046874991,-62.39999999999998,9.292871093749909,15.840020751953148,-8.160009765624977,-10.841748046875182,48.48000488281241,94.07998046874991,136.29443359375,-80.63999023437509,-43.20004882812509,-52.65921630859384,-62.8799987792969,27.840039062499955,5.4208984375
1763687342.3579187,3,3,1,0.23395031296131047,0.05172543416108245,-0.41454953675441997,-0.0007055625917400326,0.0026082131715820128,-0.00031941901012733553,50.88002929687491,-59.99997558593748,5.420800781249909,13.439996337890648,-3.3599914550781023,-18.585644531250182,36.48000488281241,103.67995605468741,136.29443359375,-92.63999023437509,-48.00009765625009,-64.27518310546884,-67.67998657226565,27.840039062499955,9.292724609375
1763687342.543834,3,3,1,0.09916228346198963,0.027726389075244082,-0.5947783615746504,4.765594524972221e-06,0.0063838292346536755,-0.00014246615132122405,53.27993164062491,-64.79996337890623,20.90883789062491,11.040002441406273,-8.160009765624977,-18.585644531250182,46.07998046874991,110.88002929687491,155.654541015625,-99.83994140625009,-57.59995117187509,-60.40317382812509,-74.8799987792969,25.440014648437455,9.292724609375
1763687342.8516624,3,3,1,0.19070890002357463,0.13515390267717675,-0.9452438337766101,0.001468389480684335,0.004996456716752634,-0.0002715097350623036,72.48000488281241,-69.60001220703123,36.39687499999991,11.040002441406273,-12.959997558593727,-6.969677734375182,50.87990722656241,149.2800537109374,194.37451171875,-138.2400878906251,-96.00009765625009,-72.01920166015634,-82.08001098632815,37.440014648437455,20.90869140625
1763687343.0550282,3,3,1,0.06309182731111113,0.11426721631733412,-1.0861173861307152,-0.0011585200626717867,0.008112011155734958,-0.0011119114131114922,101.27993164062491,-79.19998779296873,48.01284179687491,25.439996337890648,-10.560003662109352,8.518359374999818,55.67995605468741,187.6799560546874,233.094482421875,-164.6399902343751,-122.40000000000009,-91.37918701171884,-96.48000488281252,39.840039062499955,36.396728515625
1763687343.1485505,3,3,1,0.0011425026197857992,0.029338666466245642,-1.4063655993876236,-0.0017824297493756508,0.009076716704730056,-0.0005955638832820574,0,0,0,0,0,0,0,0,0,0,0,0,0,0,0
1763687343.2582417,3,3,1,0.09067733186404822,0.029818677958565586,-1.5133101711382835,-0.002629300110484482,0.007998629701747828,-0.0006382375158185366,125.27993164062491,-76.79996337890623,67.37294921874991,35.04000244140627,-10.560003662109352,20.134326171874818,55.67995605468741,230.8800292968749,271.814453125,-200.6399902343751,-153.5999511718751,-99.12320556640634,-108.48000488281252,37.440014648437455,51.884765625
1763687343.4581387,3,3,1,0.07900052789844339,0.056489368171478954,-1.921576365105614,-0.0038869120913466388,0.008589381203879911,-0.0007917231086386315,156.4800048828124,-81.60001220703123,78.98891601562491,44.6400085449219,-5.760015869140602,39.49443359374982,55.67995605468741,278.8800292968749,302.79052734375,-241.4400390625001,-192.0000976562501,-126.22720947265634,-125.27999267578127,42.239941406249955,75.11669921875
1763687343.550485,3,3,1,0.019930850117120282,-0.012303685683251289,-2.2732007407119275,-0.007278503079352451,0.013315712044189108,-0.00037746077987921067,168.4800048828124,-88.79996337890623,94.47695312499991,49.44002685546877,-3.3599914550781023,39.49443359374982,62.87990722656241,300.4801269531249,326.0224609375,-263.0401367187501,-208.8001464843751,-126.22720947265634,-125.27999267578127,44.639965820312455,90.604736328125
1763687343.6461987,3,3,1,0.03836474608502658,-0.03283079920375746,-2.781333146000339,-0.008101296111636935,0.013371115713573224,-0.0004826726783651962,185.2799316406249,-88.79996337890623,106.09291992187491,56.6400085449219,-3.3599914550781023,47.23833007812482,62.87990722656241,326.8800292968749,356.99853515625,-291.8399414062501,-235.2000488281251,-141.7151855468751,-132.48000488281252,47.039990234374955,102.220703125
1763687343.7534575,3,3,1,-0.1150220070828401,0.03432086444699982,-2.8885104989240746,-0.006127726606779561,0.01685221073760204,-0.0005166244144518207,180.4800048828124,-98.39999999999998,109.96474609374991,47.04000244140627,-12.959997558593727,43.36625976562482,70.07998046874991,338.8800292968749,368.614501953125,-301.4400390625001,-237.5999511718751,-141.7151855468751,-134.8799987792969,47.039990234374955,94.476806640625
1763687343.8489184,3,3,1,-0.12100150089554162,0.32816468580438973,-3.0886374404003423,-0.007086931096398203,0.010620592387896843,-0.00022857239834669463,226.0799804687499,-88.79996337890623,125.45278320312491,80.6400085449219,-0.9599975585937273,66.59843749999982,72.48000488281241,377.2799316406249,403.46240234375,-327.8399414062501,-266.4000000000001,-168.8191894531251,-146.8799987792969,51.840039062499955,125.452880859375
1763687343.959159,3,3,1,0.12979802742934948,-0.1524963661662057,-3.5683447046769152,-0.01097212700869724,0.012657824029962381,-0.000531948167138046,228.4800048828124,-98.39999999999998,129.3248535156249,75.84002075195315,-8.160009765624977,66.59843749999982,72.48000488281241,398.8800292968749,418.950439453125,-354.2400878906251,-283.2000488281251,-164.94718017578134,-154.07999572753909,49.440014648437455,137.06884765625
1763687344.055218,3,3,1,-0.17302110179535396,-0.021660208687308953,-3.8070068994451916,-0.010835628187724631,0.012115931418624947,7.706398746052247e-05,238.0799804687499,-105.60001220703123,148.6849609374999,80.6400085449219,-5.760015869140602,62.72636718749982,72.48000488281241,410.8800292968749,434.4384765625,-375.8399414062501,-300.0000976562501,-176.5632080078126,-168.48000488281252,49.440014648437455,140.94091796875
1763687344.2571146,3,3,1,0.1117528399238744,-0.24855496532041416,-4.440788468950925,-0.014385193708962858,0.015479661017464591,-0.00022389371557747593,293.2799316406249,-112.79996337890623,171.9168945312499,104.6400085449219,-3.3599914550781023,89.83012695312482,79.67995605468741,494.8800292968749,504.134521484375,-435.8399414062501,-348.0000976562501,-211.4112304687501,-180.48000488281252,61.440014648437455,183.53271484375
1763687344.3507028,3,3,1,-0.148150505981226,-0.1593698791060779,-4.725748719387976,-0.016813511941250796,0.016879658562934826,-0.00034241096162625185,300.4800048828124,-117.60001220703123,179.6607910156249,107.04000244140627,-5.760015869140602,97.57426757812482,82.07998046874991,509.2799316406249,519.62255859375,-459.8399414062501,-360.0000976562501,-223.0271972656251,-185.28000793457034,56.639965820312455,195.14892578125
1763687344.4456766,3,3,1,-0.05958090808454669,-0.2236226861475339,-5.166298232801865,-0.021777484537499694,0.013927534537725151,0.00034303165057045394,329.2799316406249,-124.79996337890623,191.2767578124999,116.6400085449219,-3.3599914550781023,105.31840820312482,91.67995605468741,528.4801269531249,542.8544921875,-483.8399414062501,-376.8001464843751,-226.89920654296884,-192.48000488281252,63.840039062499955,195.14892578125
1763687344.5197155,3,3,1,-0.10870099649323375,-0.19025083638622822,-5.1124667661899625,-0.0218416662747452,0.01323557547468072,-0.0003444771194421467,341.2799316406249,-122.39999999999998,199.0208984374999,126.24001464843752,-3.3599914550781023,120.80620117187482,86.87990722656241,576.4801269531249,566.08642578125,-503.0401367187501,-400.8001464843751,-242.3871826171876,-204.48000488281252,59.039990234374955,218.380859375
1763687344.6118584,3,3,1,0.11213726754888713,-0.3086017830636194,-5.408620530826333,-0.022689395120649776,0.011408050574545487,-0.0006797279351953638,360.4800048828124,-129.60001220703123,214.5089355468749,135.84002075195315,-3.3599914550781023,116.93413085937482,91.67995605468741,598.0799804687499,597.0625,-522.2400878906251,-415.2000488281251,-257.8752197265626,-214.08001098632815,61.440014648437455,229.996826171875
1763687344.757397,3,3,1,0.041303153192645825,-0.3366422433099129,-6.037349966813069,-0.024788974292207656,0.012656333457437743,-5.0367126972378955e-05,396.4800048828124,-129.60001220703123,237.7408691406249,145.44002685546877,-3.3599914550781023,132.42241210937482,96.48000488281241,643.6800781249999,639.654541015625,-577.4400390625001,-451.2000488281251,-273.36319580078134,-228.48000488281252,61.440014648437455,257.100830078125
1763687345.1457884,3,3,1,0.15823445287175222,-0.32760052207104284,-6.029147752435621,-0.023276877851902557,0.004928747793343334,0.000268751291588442,384.4800048828124,-143.99997558593748,226.1249023437499,143.04000244140627,-15.360006713867165,132.42241210937482,103.67995605468741,648.4801269531249,643.5263671875,-560.6399902343751,-446.4000000000001,-254.00321044921884,-233.28000793457034,59.039990234374955,249.356689453125
1763687345.2537935,3,3,1,0.18558959392149527,-0.33111456031932196,-5.853367517743671,-0.021574672467599924,0.0034422371281951332,-0.00044300829417447747,389.2799316406249,-136.79996337890623,233.8687988281249,145.44002685546877,-17.76000061035154,124.67827148437482,108.48000488281241,646.0799804687499,639.654541015625,-558.2400878906251,-446.4000000000001,-261.74722900390634,-233.28000793457034,66.23994140624995,257.100830078125
1763687345.3452642,3,3,1,0.21262484464219927,-0.2845679493803441,-5.837154653436567,-0.0213315188648645,0.002727134803822958,0.00026308769564782684,384.4800048828124,-141.60001220703123,222.2528320312499,143.04000244140627,-12.959997558593727,132.42241210937482,101.27993164062491,646.0799804687499,631.910400390625,-555.8399414062501,-444.0000976562501,-257.8752197265626,-233.28000793457034,59.039990234374955,253.228759765625
1763687345.455731,3,3,1,0.17810512920318694,-0.2789931991846209,-5.718370934219378,-0.021280569740391293,0.003982487841951455,-0.0003197375667641194,386.8800292968749,-139.19998779296873,222.2528320312499,145.44002685546877,-15.360006713867165,128.55034179687482,101.27993164062491,648.4801269531249,631.910400390625,-558.2400878906251,-444.0000976562501,-261.74722900390634,-235.6800018310547,59.039990234374955,253.228759765625
1763687345.5507052,3,3,1,0.16971036362186795,-0.3271475134993415,-5.6704530824307815,-0.021835533061234515,0.004903471839966217,-0.0003005636379715714,389.2799316406249,-139.19998779296873,226.1249023437499,147.84002075195315,-10.560003662109352,124.67827148437482,103.67995605468741,648.4801269531249,639.654541015625,-565.4400390625001,-446.4000000000001,-273.36319580078134,-230.8799987792969,66.23994140624995,253.228759765625
1763687345.6440463,3,3,1,0.053188867806519186,-0.3438088327691906,-5.742693503694451,-0.023227314882802486,0.00971769176830364,-0.0003292833591300552,389.2799316406249,-136.79996337890623,226.1249023437499,145.44002685546877,-12.959997558593727,120.80620117187482,101.27993164062491,650.8800292968749,639.654541015625,-565.4400390625001,-451.2000488281251,-273.36319580078134,-233.28000793457034,59.039990234374955,253.228759765625
1763687345.7335703,3,3,1,0.06514650829885432,-0.3460906263046196,-5.779137365544221,-0.023905893522440616,0.008843111251394066,0.0002019479124328043,0,0,0,0,0,0,0,0,0,0,0,0,0,0,0
1763687345.8486438,3,3,1,0.07357808433209445,-0.37368704900193317,-5.578331171130001,-0.024085980538407638,0.009365061505881211,-0.00027188699583748717,394.0799804687499,-139.19998779296873,229.9969726562499,155.0400329589844,-10.560003662109352,124.67827148437482,98.87990722656241,650.8800292968749,639.654541015625,-565.4400390625001,-446.4000000000001,-273.36319580078134,-230.8799987792969,61.440014648437455,260.972900390625
1763687345.952672,3,3,1,0.018702939742248167,-0.40332001546567264,-5.64213646488128,-0.02368859380176764,0.0100307426337273,-0.0002898911281252175,386.8800292968749,-139.19998779296873,233.8687988281249,143.04000244140627,-12.959997558593727,120.80620117187482,101.27993164062491,646.0799804687499,631.910400390625,-570.2400878906251,-448.8001464843751,-273.36319580078134,-228.48000488281252,61.440014648437455,253.228759765625
1763687346.0472586,3,3,1,0.06741230946131196,-0.38071074025825985,-5.639763203786135,-0.022824654620956553,0.009063812392081178,-0.000600462888853927,389.2799316406249,-136.79996337890623,226.1249023437499,150.24001464843752,-12.959997558593727,136.29448242187482,101.27993164062491,643.6800781249999,631.910400390625,-567.8399414062501,-446.4000000000001,-265.61917724609384,-233.28000793457034,61.440014648437455,253.228759765625
1763687346.1589386,3,3,1,0.09369827769885572,-0.35384426031995325,-5.538519422831089,-0.022562404568234603,0.008284483181755705,-0.0004876461588698112,389.2799316406249,-136.79996337890623,222.2528320312499,145.44002685546877,-8.160009765624977,128.55034179687482,106.07998046874991,646.0799804687499,639.654541015625,-563.0401367187501,-451.2000488281251,-269.4911865234376,-230.8799987792969,61.440014648437455,249.356689453125
1763687346.3554971,3,3,1,0.1763573942684556,-0.2832799275479628,-5.517047371133311,-0.020917662715164823,0.005143146864123079,0.0002235015417254556,382.0799804687499,-139.19998779296873,229.9969726562499,143.04000244140627,-15.360006713867165,124.67827148437482,98.87990722656241,648.4801269531249,639.654541015625,-558.2400878906251,-448.8001464843751,-257.8752197265626,-230.8799987792969,63.840039062499955,253.228759765625
1763687346.4528031,3,3,1,0.15641552415035104,-0.29033715679971395,-5.462831505255805,-0.02028813124446666,0.0047723163281784735,0.0001680843836713423,389.2799316406249,-139.19998779296873,226.1249023437499,147.84002075195315,-17.76000061035154,128.55034179687482,103.67995605468741,650.8800292968749,635.782470703125,-555.8399414062501,-446.4000000000001,-261.74722900390634,-235.6800018310547,56.639965820312455,253.228759765625
1763687346.5467012,3,3,1,0.2121915668116687,-0.2546499346493697,-5.524485080141327,-0.018800917473742317,0.0019573766553403742,0.00046122349636037096,382.0799804687499,-143.99997558593748,218.3807617187499,143.04000244140627,-17.76000061035154,120.80620117187482,103.67995605468741,643.6800781249999,628.038330078125,-553.4400390625001,-446.4000000000001,-250.1312011718751,-233.28000793457034,63.840039062499955,253.228759765625
1763687346.7461364,3,3,1,0.19864648088161682,-0.29848921366479686,-5.309526024620088,-0.019959249571775764,0.0027544811909491337,-0.00024476934312282154,389.2799316406249,-141.60001220703123,222.2528320312499,145.44002685546877,-20.160009765624977,120.80620117187482,103.67995605468741,643.6800781249999,631.910400390625,-555.8399414062501,-444.0000976562501,-257.8752197265626,-233.28000793457034,63.840039062499955,253.228759765625
1763687347.0584974,3,3,1,0.047423797183857086,-0.3485353746020697,-5.491976715266812,-0.023689518765789494,0.009506474867959965,-0.00016316129221978547,391.6799560546874,-134.39999999999998,226.1249023437499,147.84002075195315,-10.560003662109352,132.42241210937482,98.87990722656241,650.8800292968749,631.910400390625,-567.8399414062501,-448.8001464843751,-273.36319580078134,-230.8799987792969,56.639965820312455,257.100830078125
1763687347.152541,3,3,1,0.03858522480672617,-0.37573350527031624,-5.39199221861488,-0.02388941795007172,0.010158835945909777,-0.00020391745498353204,394.0799804687499,-136.79996337890623,226.1249023437499,145.44002685546877,-8.160009765624977,128.55034179687482,96.48000488281241,646.0799804687499,631.910400390625,-565.4400390625001,-451.2000488281251,-273.36319580078134,-230.8799987792969,59.039990234374955,260.972900390625
1763687347.4465635,3,3,1,0.02666740592633564,-0.3202131678239725,-5.302795538315265,-0.022570373007925852,0.010186797704587764,-9.29157734515019e-05,382.0799804687499,-136.79996337890623,222.2528320312499,143.04000244140627,-8.160009765624977,128.55034179687482,96.48000488281241,631.6800781249999,620.29443359375,-551.0401367187501,-436.8001464843751,-254.00321044921884,-223.6800018310547,61.440014648437455,245.48486328125
1763687347.5578356,3,3,1,0.00793951024983866,-0.33849383504533265,-4.879247404383428,-0.022095474892239505,0.009944283082712144,-0.00032879704546952954,365.2799316406249,-134.39999999999998,206.7647949218749,138.24001464843752,-15.360006713867165,116.93413085937482,98.87990722656241,602.8800292968749,597.0625,-524.6399902343751,-417.5999511718751,-246.25919189453134,-218.8799987792969,59.039990234374955,233.868896484375
1763687347.6483016,3,3,1,0.13843048294857346,-0.22957503223200265,-4.475974664415293,-0.017178747675025655,0.006025832473734375,-0.00048713349552651983,348.4800048828124,-129.60001220703123,199.0208984374999,131.04000244140627,-15.360006713867165,109.19047851562482,96.48000488281241,588.4801269531249,589.318359375,-500.6399902343751,-405.5999511718751,-230.7712158203126,-218.8799987792969,56.639965820312455,218.380859375
1763687347.7437823,3,3,1,0.17080723516338764,-0.17817643265882843,-4.006463484628493,-0.013730888707617699,0.002198900536829581,-0.0006226183977937096,336.4800048828124,-124.79996337890623,191.2767578124999,131.04000244140627,-8.160009765624977,109.19047851562482,96.48000488281241,559.6800781249999,554.470458984375,-486.2400878906251,-384.0000976562501,-234.64322509765634,-206.8799987792969,54.239941406249955,218.380859375
1763687347.8529828,3,3,1,0.17487138688920756,-0.17899241796157073,-3.709934766197975,-0.014677449045795415,0.004430025740197606,-0.0006766493462535951,307.6799560546874,-119.99997558593748,179.6607910156249,109.44002685546877,-15.360006713867165,93.70219726562482,91.67995605468741,523.6800781249999,515.75048828125,-440.6399902343751,-352.8001464843751,-203.6672119140626,-194.8799987792969,56.639965820312455,195.14892578125
1763687348.1535919,3,3,1,0.17772829512700825,-0.06458711047174179,-2.192348840997968,-0.009445746752277658,0.0034403609751677304,-0.0016074244292077814,238.0799804687499,-103.19998779296873,129.3248535156249,87.84002075195315,-15.360006713867165,54.98247070312482,74.87990722656241,415.6800781249999,407.33447265625,-335.0401367187501,-273.5999511718751,-164.94718017578134,-156.48000488281252,44.639965820312455,140.94091796875
1763687348.2455997,3,3,1,0.24225132002634822,-0.07618240158490577,-1.8025339498000634,-0.008197921591671244,0.0011607298194655224,-0.0006807401096713033,211.6799560546874,-95.99997558593748,117.70888671874991,75.84002075195315,-12.959997558593727,51.11040039062482,70.07998046874991,374.8800292968749,380.23046875,-303.8399414062501,-249.5999511718751,-153.33121337890634,-144.48000488281252,42.239941406249955,121.580810546875
1763687348.3549047,3,3,1,0.12277216130608037,0.051073453102402716,-1.4695012346204295,-0.005271083529561624,0.0040373412492443715,-0.001262514860190721,194.8800292968749,-91.19998779296873,106.09291992187491,63.84002075195315,-12.959997558593727,47.23833007812482,70.07998046874991,341.2799316406249,349.25439453125,-275.0401367187501,-218.4000000000001,-141.7151855468751,-134.8799987792969,47.039990234374955,109.96484375
1763687348.558249,3,3,1,0.2270534124141128,0.05074044048042396,-1.0252803907021326,-0.0030621984662570004,3.5169984007420944e-05,-0.0006265127154699008,151.6799560546874,-91.19998779296873,82.86074218749991,54.24001464843752,-17.76000061035154,43.36625976562482,58.07998046874991,293.2799316406249,295.04638671875,-227.0401367187501,-175.2000488281251,-114.61118164062509,-127.68000183105471,42.239941406249955,90.604736328125
1763687348.6514707,3,3,1,0.08954918048687616,0.030999655924969567,-0.8263597822794643,0.000307733100659495,0.004575515570800906,-0.0003808680597888259,144.4800048828124,-86.39999999999998,71.24477539062491,49.44002685546877,-17.76000061035154,16.262255859374818,62.87990722656241,259.6800781249999,271.814453125,-203.0401367187501,-151.2000488281251,-91.37918701171884,-108.48000488281252,42.239941406249955,67.372802734375
1763687348.8527408,3,3,1,0.11971566338651496,0.08831093438498062,-0.4732659861097477,0.0002125691195542454,0.0032269142389443925,-0.0008861104710921458,118.07998046874991,-79.19998779296873,55.75673828124991,39.84002075195315,-8.160009765624977,8.518359374999818,60.48000488281241,214.0799804687499,244.71044921875,-179.0401367187501,-124.80014648437509,-95.25119628906259,-103.67998657226565,35.039990234374955,48.0126953125
1763687348.943236,3,3,1,0.1768911680003173,0.14195504105625237,-0.4047905356558715,0.0013578131836316852,0.0031194775870842036,-0.0005489658911065246,101.27993164062491,-79.19998779296873,55.75673828124991,37.44002685546877,-12.959997558593727,8.518359374999818,55.67995605468741,199.6800781249999,233.094482421875,-164.6399902343751,-115.20004882812509,-83.63522949218759,-98.8799987792969,35.039990234374955,48.0126953125
1763687349.0523067,3,3,1,0.16093535064567968,0.13971924036759184,-0.262281874545445,0.003046544003440614,0.002935719466116875,-0.0011158922178161872,98.88002929687491,-76.79996337890623,44.14077148437491,27.840020751953148,-17.76000061035154,0.7744628906248181,58.07998046874991,187.6799560546874,221.478515625,-152.6399902343751,-103.20004882812509,-83.63522949218759,-96.48000488281252,32.639965820312455,44.140869140625
1763687351.7483366,3,3,1,0.16034701028303255,0.06634777682590065,0.2104767578835464,-0.0009326076654140266,0.002850210387810847,-0.0010361565236192065,38.88002929687491,-64.79996337890623,5.420800781249909,20.640008544921898,-5.760015869140602,-30.201611328125182,41.27993164062491,79.67995605468741,120.806396484375,-71.04013671875009,-16.80014648437509,-52.65921630859384,-60.48000488281252,20.639965820312455,-2.3232421875
1763687352.5638618,3,3,1,0.1679220393277621,0.05056419728564527,0.21011282902867903,-0.0008944757528635654,0.0030696604446937724,-0.0010347252072932234,38.88002929687491,-64.79996337890623,9.292871093749909,18.240014648437523,-5.760015869140602,-18.585644531250182,38.87990722656241,72.48000488281241,113.0625,-61.44003906250009,-14.400000000000091,-44.91519775390634,-60.48000488281252,20.639965820312455,-2.3232421875
1763687353.375036,3,3,1,0.13928242286232018,0.07600435884847817,0.21425504624673963,-1.862511904850107e-05,0.0033248605602837888,-0.0009532583143195603,38.88002929687491,-62.39999999999998,9.292871093749909,13.439996337890648,-5.760015869140602,-26.329541015625182,38.87990722656241,70.07998046874991,109.1904296875,-59.04013671875009,-4.800146484375091,-48.78720703125009,-60.48000488281252,23.039990234374955,-10.067138671875
1763687354.6202443,3,3,1,0.14078875481889666,0.0752990296515692,0.2136902324600635,-0.00037685479116905283,0.0033162796006062766,-0.0016586127102682733,26.88002929687491,-64.79996337890623,1.548730468749909,11.040002441406273,-3.3599914550781023,-30.201611328125182,38.87990722656241,58.07998046874991,97.574462890625,-54.24008789062509,-9.599951171875091,-52.65921630859384,-55.67998657226565,25.440014648437455,-10.067138671875
1763687354.8674057,3,3,1,0.16821776289828447,0.09995852911756174,0.2115090806572344,-0.0004934363662777723,0.0030646930357328735,-0.0011149994533944097,29.27993164062491,-55.19998779296873,-2.323095703125091,13.439996337890648,-3.3599914550781023,-26.329541015625182,34.07998046874991,60.48000488281241,105.318359375,-54.24008789062509,-12.000097656250091,-48.78720703125009,-58.08001098632815,25.440014648437455,-13.939208984375
1763687355.6792943,3,3,1,0.09686994717568814,0.04061842756120395,-0.27528464157435995,-0.0007910911122539583,0.003997249594387701,-0.0005807415439058013,50.88002929687491,-64.79996337890623,13.164941406249909,15.840020751953148,-0.9599975585937273,-18.585644531250182,43.67995605468741,103.67995605468741,136.29443359375,-90.24008789062509,-43.20004882812509,-60.40317382812509,-72.48000488281252,25.440014648437455,1.548828125
1763687355.9443896,3,3,1,0.21542274144384452,0.11305446877002355,-0.46380498944972337,-8.428638074314669e-05,0.004731228484026378,-0.0007300260765268721,53.27993164062491,-69.60001220703123,17.03676757812491,11.040002441406273,-5.760015869140602,-18.585644531250182,41.27993164062491,106.07998046874991,147.910400390625,-99.83994140625009,-57.59995117187509,-64.27518310546884,-72.48000488281252,30.239941406249955,5.4208984375
1763687355.9904191,3,3,1,0.1827237668607966,0.1307950399328164,-0.39647899254120206,-0.00026691960878427127,0.005389211802463457,-0.0007861911772972753,55.67995605468741,-67.19998779296873,17.03676757812491,11.040002441406273,-10.560003662109352,-18.585644531250182,43.67995605468741,108.48000488281241,159.5263671875,-107.04013671875009,-55.20004882812509,-60.40317382812509,-72.48000488281252,27.840039062499955,5.4208984375
1763687356.0830095,3,3,1,0.046927436885967136,0.19831608855895821,-0.45032000906638703,0.00191861158114303,0.0062018513952577115,-0.0008790671754679898,60.48000488281241,-67.19998779296873,17.03676757812491,8.640008544921898,-8.160009765624977,-10.841748046875182,43.67995605468741,122.88002929687491,155.654541015625,-114.24008789062509,-64.80014648437509,-68.14719238281259,-70.08001098632815,32.639965820312455,9.292724609375
1763687356.1917453,3,3,1,0.21684338496607286,0.1195034745498206,-0.5928252528728755,0.001442597060473187,0.0048199289987815854,-0.0006136311956153731,67.67995605468741,-74.39999999999998,28.65273437499991,15.840020751953148,-8.160009765624977,-10.841748046875182,50.87990722656241,139.6799560546874,175.014404296875,-123.83994140625009,-86.40000000000009,-72.01920166015634,-77.27999267578127,27.840039062499955,9.292724609375
1763687356.2856026,3,3,1,0.0915006964722721,0.12963566392257275,-0.7608822836155427,0.0006049951865122195,0.006891505527875897,-0.00044252593789646187,77.27993164062491,-74.39999999999998,36.39687499999991,15.840020751953148,-8.160009765624977,0.7744628906248181,53.27993164062491,154.0799804687499,198.246337890625,-138.2400878906251,-93.59995117187509,-75.89121093750009,-84.48000488281252,30.239941406249955,20.90869140625
1763687356.3631325,3,3,1,0.14831567195227155,0.06482201226154788,-0.9641994908248024,0.0005124675525927447,0.006681500109571005,-0.001135675431691645,84.48000488281241,-71.99997558593748,44.14077148437491,18.240014648437523,-8.160009765624977,-3.097607421875182,53.27993164062491,170.8800292968749,202.118408203125,-152.6399902343751,-108.00009765625009,-79.76322021484384,-91.67998657226565,35.039990234374955,28.65283203125
1763687356.6487155,3,3,1,-0.12745548646653132,0.3372166201057195,-1.541449183290166,0.0011726033419139957,0.008751114823614304,-0.0007355140473268669,125.27993164062491,-79.19998779296873,71.24477539062491,30.240014648437523,-5.760015869140602,20.134326171874818,55.67995605468741,233.2799316406249,267.9423828125,-207.8399414062501,-165.5999511718751,-102.99521484375009,-106.08001098632815,39.840039062499955,59.62890625
1763687356.852829,3,3,1,0.05683872541235211,0.043406625207509826,-2.0453427496458,-0.005046810452186108,0.010614375834816753,-0.00029200919876135273,156.4800048828124,-86.39999999999998,90.60488281249991,47.04000244140627,-8.160009765624977,27.878466796874818,58.07998046874991,283.6800781249999,314.406494140625,-248.6399902343751,-194.4000000000001,-126.22720947265634,-118.08001098632815,42.239941406249955,78.98876953125
1763687356.9456167,3,3,1,0.01813457349558574,-0.04566841864682809,-2.220300385585527,-0.007014457740785943,0.01194201116348397,-0.00019840875760715799,175.6799560546874,-88.79996337890623,98.34877929687491,59.04000244140627,-8.160009765624977,43.36625976562482,65.27993164062491,319.6800781249999,337.638427734375,-267.8399414062501,-218.4000000000001,-133.97122802734384,-130.07999572753909,37.440014648437455,98.348876953125
1763687357.0549006,3,3,1,0.06041959241610161,-0.08241606940584204,-2.4545540390679634,-0.011075066298687401,0.01112370206751614,-0.0006879295280618838,199.6799560546874,-88.79996337890623,106.09291992187491,63.84002075195315,-5.760015869140602,51.11040039062482,65.27993164062491,348.4801269531249,360.870361328125,-299.0401367187501,-242.4000000000001,-153.33121337890634,-139.6800018310547,47.039990234374955,113.8369140625
1763687357.1495445,3,3,1,0.043231768406397794,-0.10830108445477425,-2.9125243411673964,-0.011767238779848033,0.012892090971583904,-0.0003045135988929836,211.6799560546874,-91.19998779296873,117.70888671874991,66.24001464843752,-10.560003662109352,54.98247070312482,70.07998046874991,365.2799316406249,376.3583984375,-311.0401367187501,-252.0000976562501,-153.33121337890634,-144.48000488281252,49.440014648437455,117.708740234375
1763687357.2590945,3,3,1,0.026906480686158654,-0.05828429905925647,-3.0681660950184835,-0.009358112162796616,0.009856563546884422,3.634746668390354e-05,223.6799560546874,-98.39999999999998,125.45278320312491,75.84002075195315,-3.3599914550781023,58.85429687499982,72.48000488281241,389.2799316406249,403.46240234375,-337.4400390625001,-271.2000488281251,-168.8191894531251,-149.28000793457034,51.840039062499955,133.19677734375
1763687357.352017,3,3,1,-0.029513741626847424,-0.0814224056804835,-3.4130788063925492,-0.01104373861943301,0.014586253567087969,-1.265481076755546e-05,235.6799560546874,-100.79996337890623,144.8128906249999,73.44002685546877,-8.160009765624977,62.72636718749982,77.27993164062491,403.6800781249999,430.56640625,-356.6399902343751,-285.5999511718751,-176.5632080078126,-156.48000488281252,49.440014648437455,140.94091796875
1763687357.4486148,3,3,1,0.014047723227559362,-0.0713185159023413,-3.606827026145003,-0.009153074587956582,0.012256337642186473,-0.00030979054812113155,250.0799804687499,-105.60001220703123,152.5567871093749,85.44002685546877,-5.760015869140602,70.47026367187482,82.07998046874991,427.6800781249999,449.926513671875,-383.0401367187501,-304.8001464843751,-184.3072265625001,-163.6800018310547,49.440014648437455,148.684814453125
1763687357.5547938,3,3,1,-0.00033458403613178395,-0.05628087988648188,-4.048455778410646,-0.010003619359066447,0.01352201828396538,0.00015322917724130313,274.0799804687499,-112.79996337890623,164.1727539062499,95.04000244140627,-3.3599914550781023,82.08623046874982,77.27993164062491,463.6800781249999,469.286376953125,-416.6399902343751,-324.0000976562501,-195.9231933593751,-170.8799987792969,56.639965820312455,164.1728515625
1763687357.757983,3,3,1,0.04193421369355325,-0.14474237335666928,-4.647368398060747,-0.0167859730854458,0.014030087051521957,-0.0002390643293130421,307.6799560546874,-112.79996337890623,179.6607910156249,114.24001464843752,-0.9599975585937273,97.57426757812482,84.48000488281241,516.4801269531249,519.62255859375,-462.2400878906251,-357.5999511718751,-219.15518798828134,-190.08001098632815,59.039990234374955,195.14892578125
1763687357.8520403,3,3,1,-0.044279450536822494,-0.20223181504867332,-4.864119785569812,-0.017334943493106398,0.014377408206254131,-0.0003132915679741776,0,0,0,0,0,0,0,0,0,0,0,0,0,0,0
1763687357.9629118,3,3,1,0.03758452177870353,-0.2169132950830004,-5.29278990753529,-0.01873125480375715,0.013504332478581255,-2.780257068972199e-06,348.4800048828124,-124.79996337890623,202.8929687499999,131.04000244140627,-8.160009765624977,113.06254882812482,94.07998046874991,569.2799316406249,577.702392578125,-512.6399902343751,-400.8001464843751,-246.25919189453134,-206.8799987792969,61.440014648437455,222.2529296875
1763687358.0525308,3,3,1,0.012141725756041222,-0.2924383142344499,-5.4711397253711995,-0.02160512209670944,0.014706360182049549,-0.0003847360488074247,360.4800048828124,-131.99997558593748,210.6368652343749,128.6400085449219,-12.959997558593727,116.93413085937482,96.48000488281241,602.8800292968749,600.934326171875,-531.8399414062501,-417.5999511718751,-250.1312011718751,-221.28000793457034,61.440014648437455,229.996826171875
1763687358.1436105,3,3,1,0.08364421606248909,-0.28198369241491256,-5.814671684384197,-0.019869123425940934,0.008455672521231288,-3.3468717864245084e-05,379.6799560546874,-134.39999999999998,222.2528320312499,143.04000244140627,-3.3599914550781023,124.67827148437482,96.48000488281241,622.0799804687499,624.16650390625,-560.6399902343751,-439.2000488281251,-265.61917724609384,-226.08001098632815,63.840039062499955,241.61279296875
1763687358.2573025,3,3,1,-0.0526655873237621,-0.3887044974190635,-6.333286591235791,-0.027692814294868646,0.016014808296223555,-6.574898961087287e-06,406.0799804687499,-141.60001220703123,233.8687988281249,155.0400329589844,-3.3599914550781023,132.42241210937482,101.27993164062491,655.6800781249999,651.2705078125,-596.6399902343751,-465.5999511718751,-288.8511718750001,-235.6800018310547,66.23994140624995,264.8447265625
1763687358.4580348,3,3,1,0.05159680366176633,-0.4494995028953315,-6.9410516797456765,-0.028462730976151287,0.010825743540576317,0.0005583984486544631,442.0799804687499,-148.79996337890623,260.9728027343749,167.0400329589844,-0.9599975585937273,144.03813476562482,103.67995605468741,715.6800781249999,705.478515625,-647.0401367187501,-508.8001464843751,-312.0832275390626,-250.08001098632815,68.63996582031245,288.076904296875
1763687358.5487893,3,3,1,0.00911887875138731,-0.534979212078978,-7.245063320756322,-0.033484244922524484,0.012878374444670711,-3.304037189556233e-05,461.2800537109374,-148.79996337890623,268.7169433593749,174.24004516601565,-8.160009765624977,151.78227539062482,115.67995605468741,746.8800292968749,724.83837890625,-666.2400878906251,-528.0000976562501,-315.9551757812501,-264.4800048828125,61.440014648437455,303.564697265625
1763687358.6556327,3,3,1,0.036838307423339156,-0.6251167824758378,-7.793887014268918,-0.03668728110921178,0.010098590889060687,0.0006240664319831788,480.4800048828124,-155.99997558593748,288.0768066406249,188.6400085449219,3.8399902343750227,163.39848632812482,115.67995605468741,782.8800292968749,763.558349609375,-709.4400390625001,-554.4000000000001,-335.31522216796884,-269.28000793457034,66.23994140624995,322.9248046875
1763687358.8573189,3,3,1,0.09777269193269525,-0.6231117947447304,-8.34678871883735,-0.03679129723590663,0.005578911750862736,0.00042459323914114115,509.2800537109374,-167.99997558593748,303.5648437499999,195.84002075195315,-0.9599975585937273,175.01420898437482,115.67995605468741,830.8800292968749,810.0224609375,-752.6399902343751,-588.0000976562501,-354.67520751953134,-283.68000946044924,68.63996582031245,350.02880859375
1763687359.0455227,3,3,1,0.07216602627308416,-0.7011188833529244,-9.126362198200544,-0.042018177160132585,0.008426514710725334,0.001850904225114382,552.4800048828124,-177.60001220703123,334.5409179687499,219.84002075195315,1.4399963378906477,194.37456054687482,125.27993164062491,888.4801269531249,879.718505859375,-829.4400390625001,-643.2000488281251,-381.77921142578134,-300.4800048828125,75.84003906249995,373.2607421875
1763687359.15434,3,3,1,-0.04496624546823488,-0.8075991615435985,-9.455863010345048,-0.04847194546408202,0.017189174061799692,0.0009351152876459477,564.4800048828124,-179.99997558593748,338.4127441406249,224.6400085449219,6.239984130859398,198.24614257812482,118.07998046874991,902.8800292968749,887.46240234375,-843.8399414062501,-645.6001953125001,-389.52322998046884,-307.68000946044924,75.84003906249995,384.876708984375
1763687359.2513137,3,3,1,-0.04909161936298484,-0.8242681891318284,-9.415167845975484,-0.047389175126673386,0.014345383462970698,0.0011897866960992238,557.2800537109374,-182.39999999999998,334.5409179687499,217.43999633789065,-3.3599914550781023,178.88627929687482,125.27993164062491,900.4801269531249,879.718505859375,-834.2400878906251,-652.8001464843751,-381.77921142578134,-302.88000640869143,75.84003906249995,381.0048828125
1763687359.356173,3,3,1,0.1401328321091495,-0.7300702206871228,-9.14136760684165,-0.041903820183629474,0.005237646736132905,0.0010656884947946059,557.2800537109374,-182.39999999999998,334.5409179687499,222.24004516601565,-8.160009765624977,190.50249023437482,122.87990722656241,900.4801269531249,887.46240234375,-824.6399902343751,-645.6001953125001,-374.03519287109384,-310.08001098632815,73.44001464843745,377.1328125
1763687359.56083,3,3,1,0.20552581213719878,-0.6426414578645889,-8.841111669680636,-0.03804130534351977,0.002131996272575546,0.00118109725157112,552.4800048828124,-189.60001220703123,330.6688476562499,212.6400085449219,-8.160009765624977,186.63041992187482,125.27993164062491,898.0799804687499,891.33447265625,-824.6399902343751,-645.6001953125001,-374.03519287109384,-307.68000946044924,80.63996582031245,381.0048828125
1763687359.653276,3,3,1,0.19766968490762798,-0.6482496438620253,-8.824726164978319,-0.03825607487260348,0.0022949947607246775,0.0010302194612830692,552.4800048828124,-179.99997558593748,350.0289550781249,215.0400329589844,-10.560003662109352,190.50249023437482,125.27993164062491,895.6800781249999,883.59033203125,-819.8399414062501,-645.6001953125001,-377.9072021484376,-312.4800048828125,73.44001464843745,377.1328125
1763687359.8570144,3,3,1,0.1709405163518474,-0.6575796059420306,-8.639317015783218,-0.038126324773196225,0.0035818035151365547,0.0009419053192096798,552.4800048828124,-179.99997558593748,338.4127441406249,217.43999633789065,-10.560003662109352,186.63041992187482,134.8799072265624,895.6800781249999,891.33447265625,-822.2400878906251,-643.2000488281251,-370.1631835937501,-312.4800048828125,75.84003906249995,373.2607421875
1763687359.9489925,3,3,1,0.12869898969472116,-0.6726923972243265,-8.673120511700745,-0.03842589760550803,0.004026986657438057,0.0013992705596308419,554.8800292968749,-182.39999999999998,342.2848144531249,215.0400329589844,-5.760015869140602,186.63041992187482,127.67995605468741,898.0799804687499,887.46240234375,-827.0401367187501,-645.6001953125001,-370.1631835937501,-307.68000946044924,75.84003906249995,381.0048828125
1763687360.059068,3,3,1,0.09464767765777843,-0.706090652323571,-8.685463976098195,-0.04110572618788652,0.008219985288712872,0.0009181082039926096,554.8800292968749,-179.99997558593748,342.2848144531249,217.43999633789065,-3.3599914550781023,190.50249023437482,127.67995605468741,902.8800292968749,891.33447265625,-834.2400878906251,-650.4000000000001,-377.9072021484376,-302.88000640869143,75.84003906249995,381.0048828125
1763687360.1541433,3,3,1,0.015755813695970178,-0.6927801108198878,-8.732900999996833,-0.04068057094246999,0.009450055259384135,0.0016061933471504513,559.6799560546874,-184.79996337890623,338.4127441406249,217.43999633789065,-5.760015869140602,194.37456054687482,122.87990722656241,900.4801269531249,887.46240234375,-829.4400390625001,-648.0000976562501,-381.77921142578134,-307.68000946044924,71.03999023437495,377.1328125
1763687360.249962,3,3,1,0.04548384392953292,-0.6905651310593657,-8.534653934259241,-0.04145642528660025,0.00949476373298386,0.0008914519038445156,559.6799560546874,-179.99997558593748,342.2848144531249,215.0400329589844,-5.760015869140602,186.63041992187482,127.67995605468741,900.4801269531249,895.20654296875,-831.8399414062501,-648.0000976562501,-374.03519287109384,-310.08001098632815,75.84003906249995,377.1328125
1763687360.3558223,3,3,1,0.0503464632858395,-0.6943556008602607,-8.447637089205445,-0.040617807556245056,0.009382392026245533,0.0010046650238025002,0,0,0,0,0,0,0,0,0,0,0,0,0,0,0
1763687360.4495006,3,3,1,0.06225689964463818,-0.6696844565244982,-8.432735092129057,-0.041083196179624686,0.009083641274768453,0.0008492904183600802,559.6799560546874,-182.39999999999998,342.2848144531249,219.84002075195315,-5.760015869140602,194.37456054687482,125.27993164062491,898.0799804687499,891.33447265625,-834.2400878906251,-648.0000976562501,-374.03519287109384,-310.08001098632815,75.84003906249995,384.876708984375
1763687360.4955003,3,3,1,0.058227873270879305,-0.6779234612694245,-8.547721423263377,-0.040336812185050405,0.009020403548491804,0.0012031200710234647,559.6799560546874,-179.99997558593748,350.0289550781249,217.43999633789065,-5.760015869140602,194.37456054687482,127.67995605468741,902.8800292968749,891.33447265625,-831.8399414062501,-648.0000976562501,-381.77921142578134,-307.68000946044924,73.44001464843745,381.0048828125
1763687360.6498356,3,3,1,0.05775675646621292,-0.676667949341517,-8.446061069810604,-0.04011958629580881,0.008754797790078216,0.0014747637989846656,562.0799804687499,-179.99997558593748,342.2848144531249,219.84002075195315,-5.760015869140602,194.37456054687482,125.27993164062491,895.6800781249999,891.33447265625,-831.8399414062501,-650.4000000000001,-374.03519287109384,-312.4800048828125,80.63996582031245,381.0048828125
1763687360.6938207,3,3,1,0.040565479746776684,-0.667478319493984,-8.462318953776185,-0.04005305741461315,0.009086358581715904,0.0015467887902080467,557.2800537109374,-184.79996337890623,342.2848144531249,215.0400329589844,-8.160009765624977,194.37456054687482,120.48000488281241,900.4801269531249,891.33447265625,-834.2400878906251,-648.0000976562501,-377.9072021484376,-310.08001098632815,73.44001464843745,384.876708984375
1763687360.8536606,3,3,1,0.07154980766293337,-0.6544806783147622,-8.324183303572086,-0.03906282386379811,0.008198767917676444,0.0012080425646413021,554.8800292968749,-179.99997558593748,342.2848144531249,219.84002075195315,-3.3599914550781023,186.63041992187482,127.67995605468741,900.4801269531249,891.33447265625,-831.8399414062501,-648.0000976562501,-377.9072021484376,-307.68000946044924,73.44001464843745,381.0048828125
1763687360.8821883,3,3,1,0.07767269549935621,-0.6783023069106916,-8.339769049366232,-0.038757919284756824,0.008061845174410085,0.0011276554828961321,559.6799560546874,-179.99997558593748,338.4127441406249,217.43999633789065,-8.160009765624977,194.37456054687482,127.67995605468741,898.0799804687499,887.46240234375,-834.2400878906251,-650.4000000000001,-381.77921142578134,-307.68000946044924,73.44001464843745,377.1328125
1763687360.9755275,3,3,1,0.10931142492788154,-0.6241640584187991,-8.292933335471504,-0.03947205731938956,0.007492782227653422,0.000979843571206759,562.0799804687499,-182.39999999999998,342.2848144531249,215.0400329589844,-3.3599914550781023,194.37456054687482,122.87990722656241,898.0799804687499,891.33447265625,-831.8399414062501,-645.6001953125001,-381.77921142578134,-305.28000793457034,75.84003906249995,377.1328125
1763687361.070126,3,3,1,0.08210971458376598,-0.6478259897228422,-8.224018230192762,-0.03930826599518957,0.007552918656075958,0.0011637824534771071,557.2800537109374,-184.79996337890623,338.4127441406249,222.24004516601565,-5.760015869140602,190.50249023437482,125.27993164062491,902.8800292968749,887.46240234375,-829.4400390625001,-645.6001953125001,-381.77921142578134,-302.88000640869143,75.84003906249995,377.1328125
1763687361.2582295,3,3,1,0.10536084136220891,-0.6717564481853078,-8.239955068707859,-0.03900646580989325,0.007271775017721438,0.0008485943197276728,559.6799560546874,-179.99997558593748,342.2848144531249,219.84002075195315,-5.760015869140602,186.63041992187482,122.87990722656241,907.6800781249999,891.33447265625,-831.8399414062501,-652.8001464843751,-377.9072021484376,-307.68000946044924,73.44001464843745,377.1328125
1763687361.3536565,3,3,1,0.07944407992797073,-0.6979148215965955,-8.173292106469868,-0.039198589551310156,0.00787346415695652,0.0012650520336814255,559.6799560546874,-182.39999999999998,346.1568847656249,219.84002075195315,-5.760015869140602,182.75834960937482,125.27993164062491,902.8800292968749,887.46240234375,-831.8399414062501,-650.4000000000001,-377.9072021484376,-305.28000793457034,75.84003906249995,377.1328125
1763687361.44687,3,3,1,0.0728237963696832,-0.6511043933194993,-8.273902359244518,-0.039168545200150784,0.007341624022033412,0.001694140035106428,559.6799560546874,-182.39999999999998,338.4127441406249,215.0400329589844,-3.3599914550781023,190.50249023437482,125.27993164062491,893.2799316406249,883.59033203125,-829.4400390625001,-648.0000976562501,-377.9072021484376,-307.68000946044924,75.84003906249995,377.1328125
1763687361.562336,3,3,1,0.07016139753476458,-0.7024469358839358,-8.138534106811084,-0.03906189258083439,0.007869151090857405,0.0011221494419647498,562.0799804687499,-179.99997558593748,342.2848144531249,215.0400329589844,-8.160009765624977,194.37456054687482,127.67995605468741,898.0799804687499,883.59033203125,-827.0401367187501,-648.0000976562501,-381.77921142578134,-307.68000946044924,80.63996582031245,377.1328125
1763687361.6630783,3,3,1,0.09728902309609391,-0.6364037346397242,-8.12120085476303,-0.038672712796943294,0.007159664550316629,0.0012802966025563546,554.8800292968749,-184.79996337890623,338.4127441406249,222.24004516601565,-8.160009765624977,186.63041992187482,130.0799804687499,902.8800292968749,895.20654296875,-829.4400390625001,-645.6001953125001,-374.03519287109384,-307.68000946044924,73.44001464843745,373.2607421875
1763687361.7606575,3,3,1,0.1384444658226124,-0.6417791995246944,-8.138388381451042,-0.038383055853174954,0.006998596877643479,0.001119271172653121,550.0799804687499,-179.99997558593748,330.6688476562499,215.0400329589844,-8.160009765624977,186.63041992187482,122.87990722656241,893.2799316406249,879.718505859375,-815.0401367187501,-636.0000976562501,-377.9072021484376,-302.88000640869143,73.44001464843745,373.2607421875
1763687361.8663356,3,3,1,0.10556699442605341,-0.6282778585971786,-7.8419010584917075,-0.03632874541354846,0.005568341593790328,0.0011546532716878697,550.0799804687499,-177.60001220703123,330.6688476562499,215.0400329589844,-10.560003662109352,186.63041992187482,125.27993164062491,878.8800292968749,868.1025390625,-803.0401367187501,-631.2000488281251,-362.41922607421884,-305.28000793457034,68.63996582031245,369.388916015625
1763687362.0568972,3,3,1,0.21291492274980528,-0.5209301437696816,-7.084212751108687,-0.03165620635989283,0.0007671556135850971,0.0007310104512416272,516.4800048828124,-172.79996337890623,311.3087402343749,200.6400085449219,-12.959997558593727,171.14213867187482,125.27993164062491,845.2799316406249,833.25439453125,-757.4400390625001,-595.2000488281251,-343.0591796875001,-295.68000946044924,71.03999023437495,353.90087890625
1763687362.1767716,3,3,1,0.221388650836982,-0.4881211371657811,-6.679255474620247,-0.031105746645791937,0.0010265111777095397,0.0005624737613968908,499.6799560546874,-170.39999999999998,299.6927734374999,193.43999633789065,-8.160009765624977,167.27055664062482,120.48000488281241,818.8800292968749,798.406494140625,-728.6399902343751,-576.0000976562501,-335.31522216796884,-283.68000946044924,71.03999023437495,342.284912109375
1763687362.2708616,3,3,1,0.18291887160540266,-0.5061306998481429,-6.222582957549367,-0.030312917136277266,0.003398966058316375,0.00018411539066441867,482.8800292968749,-160.79996337890623,284.2047363281249,186.24004516601565,-12.959997558593727,159.52641601562482,115.67995605468741,790.0799804687499,767.430419921875,-699.8399414062501,-552.0000976562501,-331.4432128906251,-274.0800033569336,68.63996582031245,319.052734375
1763687362.3658676,3,3,1,0.23415546456462077,-0.4634254095020729,-5.721358851619572,-0.027250794883449957,-0.0009681906768300224,0.0002151782607500508,458.8800292968749,-158.39999999999998,264.8448730468749,179.0400329589844,-15.360006713867165,155.65434570312482,110.87990722656241,761.2799316406249,736.454345703125,-666.2400878906251,-525.5999511718751,-312.0832275390626,-266.88000640869143,68.63996582031245,307.436767578125
1763687362.5582778,3,3,1,0.34569482688228925,-0.3091907088074139,-4.422361201434843,-0.02104392266641731,-0.003855718482716649,-0.00016847575931025873,401.2799316406249,-139.19998779296873,237.7408691406249,157.43999633789065,-15.360006713867165,128.55034179687482,101.27993164062491,679.6800781249999,659.014404296875,-582.2400878906251,-463.2000488281251,-273.36319580078134,-240.48000488281252,59.039990234374955,272.5888671875
1763687362.7454891,3,3,1,0.18043212287643834,-0.286797871153499,-3.3345072735173225,-0.018268088688281,0.0020444449285490847,-0.0003929559683379584,353.2799316406249,-129.60001220703123,202.8929687499999,135.84002075195315,-15.360006713867165,109.19047851562482,96.48000488281241,602.8800292968749,577.702392578125,-500.6399902343751,-405.5999511718751,-242.3871826171876,-218.8799987792969,56.639965820312455,229.996826171875
1763687362.855756,3,3,1,0.24471295287241923,-0.11615841995732326,-2.8601449503222325,-0.01317495561923275,-0.002051174359389426,-0.0007647761815883654,317.2799316406249,-119.99997558593748,179.6607910156249,119.04000244140627,-10.560003662109352,93.70219726562482,84.48000488281241,535.6800781249999,523.494384765625,-452.6399902343751,-362.4000000000001,-219.15518798828134,-192.48000488281252,51.840039062499955,202.892822265625
1763687362.9595027,3,3,1,0.13764707738196066,-0.14365709449205016,-2.50995267375396,-0.013040044579869906,0.005657556363448786,-0.0006343786416671645,298.0799804687499,-107.99997558593748,168.0448242187499,111.84002075195315,-10.560003662109352,85.95854492187482,79.67995605468741,506.8800292968749,480.90234375,-426.2400878906251,-340.8001464843751,-215.2831787109376,-185.28000793457034,49.440014648437455,187.40478515625
1763687363.0696378,3,3,1,0.10724397422677567,-0.11155579455984561,-2.1474295994942865,-0.01132541512012318,0.0043019341300406765,-0.0008912520503669215,266.8800292968749,-105.60001220703123,144.8128906249999,102.24001464843752,-8.160009765624977,74.34233398437482,77.27993164062491,458.8800292968749,442.182373046875,-383.0401367187501,-309.5999511718751,-192.05118408203134,-175.6800018310547,44.639965820312455,164.1728515625
1763687363.2597754,3,3,1,0.1830684606489178,0.00982918764856728,-1.5816988245812043,-0.007633551543008672,0.003469402674279306,-0.0009188393033272902,235.6799560546874,-95.99997558593748,121.58095703124991,90.24001464843752,-8.160009765624977,58.85429687499982,72.48000488281241,413.2799316406249,391.846435546875,-330.2400878906251,-268.8001464843751,-172.69119873046884,-156.48000488281252,42.239941406249955,144.812744140625
1763687363.2875462,3,3,1,0.16381525231930197,0.011272032509371595,-1.5280488366764278,-0.007108964518984415,0.0033721563760905652,-0.0011319714637684462,238.0799804687499,-93.60001220703123,117.70888671874991,90.24001464843752,-8.160009765624977,51.11040039062482,70.07998046874991,406.0799804687499,387.974365234375,-323.0401367187501,-256.8001464843751,-172.69119873046884,-154.07999572753909,42.239941406249955,144.812744140625
1763687363.4453416,3,3,1,0.12571821484984258,-0.025299782033710666,-1.0514602960412134,-0.006268587031439423,0.003033691210356195,-0.0015019807313171102,206.8800292968749,-88.79996337890623,109.96474609374991,75.84002075195315,-15.360006713867165,47.23833007812482,70.07998046874991,365.2799316406249,353.12646484375,-287.0401367187501,-230.4000000000001,-145.58719482421884,-142.07999572753909,39.840039062499955,121.580810546875
1763687363.4738214,3,3,1,0.13292153375086913,-0.007118587324934603,-1.2017711636731503,-0.005801470235768439,0.0023836539710550475,-0.0006172292446403433,204.4800048828124,-88.79996337890623,102.22084960937491,71.04000244140627,-10.560003662109352,47.23833007812482,65.27993164062491,358.0799804687499,341.510498046875,-284.6399902343751,-232.8001464843751,-149.4592041015626,-144.48000488281252,39.840039062499955,121.580810546875
1763687363.5700161,3,3,1,0.15325957588580114,0.020769954468952377,-0.9435717991294034,-0.004147144875110551,0.0016991053017360162,-0.0006768433442792565,185.2799316406249,-93.60001220703123,90.60488281249991,68.6400085449219,-10.560003662109352,43.36625976562482,67.67995605468741,326.8800292968749,326.0224609375,-263.0401367187501,-208.8001464843751,-133.97122802734384,-132.48000488281252,44.639965820312455,106.0927734375
1763687363.7461774,3,3,1,0.1748943458445934,0.05929647375764434,-0.7565895574534259,-0.0029526796826983095,0.003139770095149287,-0.0008425592307854074,161.2799316406249,-86.39999999999998,90.60488281249991,63.84002075195315,-10.560003662109352,31.750292968749818,60.48000488281241,293.2799316406249,302.79052734375,-229.4400390625001,-177.5999511718751,-118.48319091796884,-120.48000488281252,37.440014648437455,82.86083984375
1763687363.7596862,3,3,1,0.2071384662070465,0.10882827456894523,-0.7377011495644145,-0.0020359215189738045,0.0029635903372906476,-0.0009145550777099308,166.0799804687499,-83.99997558593748,78.98891601562491,63.84002075195315,-15.360006713867165,27.878466796874818,62.87990722656241,290.8800292968749,295.04638671875,-229.4400390625001,-172.8001464843751,-126.22720947265634,-125.27999267578127,35.039990234374955,86.73291015625
1763687363.8675601,3,3,1,0.11627878017128956,0.07201818551900109,-0.5622234339373012,-0.0011237637189431173,0.0033216334482993044,-0.0009222568117803642,151.6799560546874,-83.99997558593748,75.11684570312491,56.6400085449219,-17.76000061035154,24.006396484374818,58.07998046874991,274.0799804687499,287.302490234375,-215.0401367187501,-160.8001464843751,-118.48319091796884,-120.48000488281252,39.840039062499955,75.11669921875
1763687363.9629269,3,3,1,0.17539385340280406,0.08073593106646307,-0.4268774547683318,-0.0006625046133122978,0.0019015867503662342,-0.0011860250131199102,144.4800048828124,-81.60001220703123,71.24477539062491,51.84002075195315,-12.959997558593727,27.878466796874818,58.07998046874991,254.8800292968749,264.070556640625,-203.0401367187501,-148.8001464843751,-110.73917236328134,-110.8799987792969,37.440014648437455,78.98876953125
1763687364.0804636,3,3,1,0.14632980798570153,0.08579312413666619,-0.376114865012174,-0.00013137042170897016,0.004692671494248475,-0.001165236102526398,127.67995605468741,-79.19998779296873,67.37294921874991,47.04000244140627,-5.760015869140602,20.134326171874818,53.27993164062491,240.4801269531249,264.070556640625,-191.0401367187501,-141.5999511718751,-99.12320556640634,-108.48000488281252,35.039990234374955,67.372802734375
1763687364.1811383,3,3,1,0.15800686265137617,0.15883154377208963,-0.36923652184831435,0.0018235727082369076,0.00404365650713812,-0.0008481328982839857,118.07998046874991,-79.19998779296873,67.37294921874991,39.84002075195315,-10.560003662109352,12.390429687499818,53.27993164062491,214.0799804687499,236.966552734375,-179.0401367187501,-129.5999511718751,-99.12320556640634,-106.08001098632815,37.440014648437455,55.7568359375
1763687364.2918906,3,3,1,0.05366495019456447,0.12066576406468607,-0.28017783931368667,0.0018441715023295156,0.004594281298607219,-0.0013594589424732054,110.88002929687491,-81.60001220703123,55.75673828124991,35.04000244140627,-10.560003662109352,8.518359374999818,55.67995605468741,197.2799316406249,225.350341796875,-164.6399902343751,-115.20004882812509,-87.50717773437509,-94.08001098632815,37.440014648437455,48.0126953125
1763687364.4504466,3,3,1,0.14651585308324674,0.16995466587814692,-0.25823681685015953,0.004456945781408355,0.00447918175060069,-0.0009541541697612228,103.67995605468741,-74.39999999999998,48.01284179687491,30.240014648437523,-10.560003662109352,4.646289062499818,50.87990722656241,182.8800292968749,217.6064453125,-157.4400390625001,-100.80014648437509,-87.50717773437509,-91.67998657226565,32.639965820312455,44.140869140625
1763687364.5873506,3,3,1,0.11088878039385079,0.17766996534362867,-0.23089657093899293,0.002830456363626322,0.006071146730747168,-0.0009516270737973412,86.88002929687491,-74.39999999999998,36.39687499999991,35.04000244140627,-10.560003662109352,8.518359374999818,46.07998046874991,158.8800292968749,202.118408203125,-138.2400878906251,-84.00009765625009,-83.63522949218759,-84.48000488281252,37.440014648437455,28.65283203125
1763687366.3820133,3,3,1,0.17574071483824927,0.07436730383010054,0.21071265935273423,-0.0005315879031928018,0.0032830630982839024,-0.0009568298858575455,55.67995605468741,-67.19998779296873,13.164941406249909,27.840020751953148,-8.160009765624977,-18.585644531250182,41.27993164062491,101.28005371093741,144.038330078125,-83.04013671875009,-31.20004882812509,-64.27518310546884,-67.67998657226565,30.239941406249955,17.036865234375
1763687367.5975018,3,3,1,0.1521475652238336,0.06743577282958083,0.20984297371689625,-0.0011143416766469048,0.0037679614373864385,-0.0015842988319902467,48.48000488281241,-64.79996337890623,9.292871093749909,20.640008544921898,-5.760015869140602,-14.713574218750182,41.27993164062491,94.07998046874991,128.550537109375,-75.83994140625009,-24.00009765625009,-56.53122558593759,-67.67998657226565,25.440014648437455,5.4208984375
1763687368.067502,3,3,1,0.16046160941639956,0.05937336163084903,0.2925336810809245,-0.0011580152003357372,0.004454154128468257,-0.0014759533520365593,46.07998046874991,-64.79996337890623,9.292871093749909,20.640008544921898,-3.3599914550781023,-22.457714843750182,43.67995605468741,86.88002929687491,124.678466796875,-71.04013671875009,-24.00009765625009,-60.40317382812509,-65.27999267578127,27.840039062499955,9.292724609375
1763687368.4671738,3,3,1,0.11761080700013941,0.06526881362556652,0.21013484708919944,-0.0011385218615320553,0.004623815885633974,-0.001349185178270185,46.07998046874991,-64.79996337890623,1.548730468749909,20.640008544921898,-3.3599914550781023,-22.457714843750182,41.27993164062491,84.48000488281241,128.550537109375,-71.04013671875009,-16.80014648437509,-56.53122558593759,-58.08001098632815,20.639965820312455,5.4208984375
1763687369.291111,3,3,1,0.15132907654917202,0.05763402911766927,0.22627379828344626,-0.0010073050997563217,0.003865162546915847,-0.0009516174603857307,0,0,0,0,0,0,0,0,0,0,0,0,0,0,0
1763687369.7918863,3,3,1,0.1348146820345459,0.07520503183436691,0.20970543975641184,-0.0010522613775633015,0.004473763395543462,-0.0012717798096926335,38.88002929687491,-64.79996337890623,5.420800781249909,18.240014648437523,-5.760015869140602,-22.457714843750182,41.27993164062491,74.88002929687491,113.0625,-63.83994140625009,-21.59995117187509,-52.65921630859384,-58.08001098632815,23.039990234374955,-6.195068359375
1763687371.0548027,3,3,1,0.16850434126829622,0.09515236791210151,-0.21211979582858234,-0.001003887688033324,0.004315045471316226,-0.00103331311711823,53.27993164062491,-67.19998779296873,9.292871093749909,18.240014648437523,-3.3599914550781023,-14.713574218750182,43.67995605468741,106.07998046874991,147.910400390625,-92.63999023437509,-45.59995117187509,-60.40317382812509,-62.8799987792969,27.840039062499955,5.4208984375
1763687371.1904569,3,3,1,0.05861244494271313,0.034466064441630515,-0.3236100366115986,-0.0002135627941231076,0.006020648895160723,-0.0008288273453859114,60.48000488281241,-64.79996337890623,20.90883789062491,23.040002441406273,-3.3599914550781023,-14.713574218750182,43.67995605468741,113.28005371093741,151.782470703125,-99.83994140625009,-52.80014648437509,-68.14719238281259,-70.08001098632815,25.440014648437455,9.292724609375
1763687371.2843115,3,3,1,0.1928032867254963,0.03465019254500947,-0.418984765282559,-0.001555292170092127,0.005762208306211453,-0.0004786557829059736,55.67995605468741,-64.79996337890623,20.90883789062491,15.840020751953148,-5.760015869140602,-18.585644531250182,43.67995605468741,120.48000488281241,147.910400390625,-107.04013671875009,-57.59995117187509,-68.14719238281259,-70.08001098632815,30.239941406249955,17.036865234375
1763687371.3774884,3,3,1,-0.05566948989091626,0.05616877890586208,-0.4872831839048387,0.0004026073753757685,0.008011054711410752,-0.00010362250547636941,62.88002929687491,-69.60001220703123,24.78090820312491,18.240014648437523,-5.760015869140602,-10.841748046875182,43.67995605468741,125.28005371093741,167.2705078125,-109.44003906250009,-69.59995117187509,-68.14719238281259,-72.48000488281252,23.039990234374955,9.292724609375
1763687371.5523474,3,3,1,0.004938623060161421,0.08891847431196259,-0.5887863396990456,0.00044477856919856334,0.007773939444631665,-0.0016284176313459118,0,0,0,0,0,0,0,0,0,0,0,0,0,0,0
1763687371.6591446,3,3,1,0.16912108237228174,-0.004003226789028563,-0.9196032339301492,-0.0008575684859569871,0.006212458691418996,-0.0007289914876635518,113.27993164062491,-69.60001220703123,44.14077148437491,25.439996337890648,-3.3599914550781023,12.390429687499818,48.48000488281241,197.2799316406249,233.094482421875,-162.2400878906251,-115.20004882812509,-99.12320556640634,-89.27999267578127,35.039990234374955,44.140869140625
1763687371.7507873,3,3,1,-0.1279301054313732,0.4912725346643029,-1.1668314228365415,0.0028654160587042563,0.00973067888849318,-0.0007639785049447017,0,0,0,0,0,0,0,0,0,0,0,0,0,0,0
1763687371.860522,3,3,1,-0.0932821608186455,0.5262674560665649,-1.4189859915472145,0.0031078959579600904,0.008267487136632366,-0.0001529433835972102,115.67995605468741,-86.39999999999998,67.37294921874991,25.439996337890648,-5.760015869140602,4.646289062499818,58.07998046874991,223.6800781249999,267.9423828125,-203.0401367187501,-163.2000488281251,-99.12320556640634,-103.67998657226565,35.039990234374955,71.244873046875
1763687371.9038262,3,3,1,-0.18240973072972153,0.5146055869054225,-1.4138788617393634,0.0036547162949003157,0.009613555729836184,-0.0004596475700904903,127.67995605468741,-79.19998779296873,67.37294921874991,37.44002685546877,-15.360006713867165,20.134326171874818,58.07998046874991,259.6800781249999,267.9423828125,-210.2400878906251,-175.2000488281251,-114.61118164062509,-115.67998657226565,39.840039062499955,67.372802734375
1763687371.9976892,3,3,1,0.22314011638332643,-0.12938197417712563,-1.6921553856452525,-0.00882722458991893,0.007051701103403946,-0.000872519111188497,146.8800292968749,-83.99997558593748,82.86074218749991,42.24001464843752,-12.959997558593727,35.62236328124982,58.07998046874991,266.8800292968749,310.534423828125,-234.2400878906251,-189.5999511718751,-122.35520019531259,-115.67998657226565,39.840039062499955,67.372802734375
1763687372.1058366,3,3,1,0.31689818597589625,-0.30721079461586775,-1.972758492390055,-0.010674957758599952,0.007521021160822445,-0.0003401527436627167,173.2799316406249,-81.60001220703123,94.47695312499991,49.44002685546877,-5.760015869140602,39.49443359374982,65.27993164062491,310.0799804687499,326.0224609375,-265.4400390625001,-216.0000976562501,-137.84317626953134,-130.07999572753909,42.239941406249955,98.348876953125
1763687372.2632587,3,3,1,-0.007391029286646391,-0.028620191262640975,-2.5454913788933875,-0.009014720866330013,0.012287943161892571,-0.0011064185541570636,206.8800292968749,-93.60001220703123,113.83681640624991,66.24001464843752,-3.3599914550781023,58.85429687499982,72.48000488281241,358.0799804687499,364.742431640625,-306.2400878906251,-247.2000488281251,-153.33121337890634,-142.07999572753909,47.039990234374955,113.8369140625
1763687372.3589885,3,3,1,0.09666611274195369,0.013966712928093202,-2.8773797287198275,-0.007042196430697943,0.010058873830753674,-0.0005957016798857333,221.2799316406249,-95.99997558593748,129.3248535156249,75.84002075195315,-3.3599914550781023,66.59843749999982,65.27993164062491,384.4801269531249,395.718505859375,-337.4400390625001,-268.8001464843751,-172.69119873046884,-146.8799987792969,49.440014648437455,125.452880859375
1763687372.4528227,3,3,1,0.007105958088450997,-0.03160149137435755,-3.177542649426371,-0.010909423813330443,0.013925540553658156,-0.0007144759741463862,235.6799560546874,-100.79996337890623,137.0687499999999,83.04000244140627,-8.160009765624977,66.59843749999982,72.48000488281241,408.4801269531249,422.822509765625,-356.6399902343751,-280.8001464843751,-184.3072265625001,-154.07999572753909,49.440014648437455,137.06884765625
1763687372.5123172,3,3,1,0.006237506278752033,-0.06976190462852962,-3.177763442349361,-0.011046411144192582,0.013655627906728035,-0.0005554908920806071,247.6799560546874,-103.19998779296873,140.9408203124999,80.6400085449219,-8.160009765624977,70.47026367187482,74.87990722656241,425.2799316406249,434.4384765625,-371.0401367187501,-290.4000000000001,-184.3072265625001,-161.28000793457034,56.639965820312455,140.94091796875
1763687372.6043198,3,3,1,0.010130790419797024,-0.07160630756946945,-3.507485912871391,-0.009950375418429818,0.010882727270013038,-0.00019986559744680362,264.4800048828124,-105.60001220703123,148.6849609374999,92.6400085449219,-5.760015869140602,74.34233398437482,79.67995605468741,454.0799804687499,461.54248046875,-402.2400878906251,-321.5999511718751,-195.9231933593751,-173.28000793457034,54.239941406249955,164.1728515625
1763687372.6980033,3,3,1,-0.02497028271022926,-0.10129687038449854,-3.8775673166412887,-0.010308598519428974,0.011328316409645886,-9.618480814144883e-05,278.8800292968749,-112.79996337890623,156.4288574218749,99.84002075195315,-3.3599914550781023,89.83012695312482,77.27993164062491,468.4801269531249,484.7744140625,-421.4400390625001,-333.5999511718751,-203.6672119140626,-178.07999572753909,56.639965820312455,168.044921875
1763687372.8063488,3,3,1,-0.04246871833929648,-0.1290270889165454,-4.157777818260118,-0.012836027827341652,0.014130138866776821,-0.00043871898141831694,302.8800292968749,-117.60001220703123,179.6607910156249,114.24001464843752,-8.160009765624977,97.57426757812482,84.48000488281241,511.6800781249999,515.75048828125,-447.8399414062501,-352.8001464843751,-219.15518798828134,-182.8799987792969,59.039990234374955,187.40478515625
1763687372.901102,3,3,1,-0.016937986243501884,-0.16159562041740266,-4.5042476367563005,-0.015213717505499054,0.014210444906624022,-0.00033558915155669234,322.0799804687499,-122.39999999999998,187.4049316406249,121.44002685546877,-3.3599914550781023,105.31840820312482,89.27993164062491,533.2799316406249,535.1103515625,-469.4400390625001,-372.0000976562501,-226.89920654296884,-194.8799987792969,61.440014648437455,195.14892578125
1763687373.0617235,3,3,1,0.032720178296461955,-0.22370937651308273,-5.296618729257043,-0.019623016938828453,0.013808782596961323,0.0003053740374199842,355.6799560546874,-124.79996337890623,202.8929687499999,131.04000244140627,-5.760015869140602,113.06254882812482,94.07998046874991,583.6800781249999,581.574462890625,-519.8399414062501,-408.0000976562501,-250.1312011718751,-211.6800018310547,56.639965820312455,229.996826171875
1763687373.1529603,3,3,1,-0.012041194198819563,-0.2958776363559669,-5.589325797646659,-0.02199895311208065,0.014516879853292685,-0.00011555523801315914,367.6799560546874,-134.39999999999998,214.5089355468749,138.24001464843752,-8.160009765624977,124.67827148437482,98.87990722656241,612.4801269531249,604.806396484375,-541.4400390625001,-432.0000976562501,-257.8752197265626,-214.08001098632815,59.039990234374955,237.74072265625
1763687373.227925,3,3,1,0.004514706438075278,-0.31389012297205604,-5.52153253581572,-0.02195889034228134,0.013923823537593106,-0.00048071257705304717,386.8800292968749,-136.79996337890623,226.1249023437499,147.84002075195315,-3.3599914550781023,128.55034179687482,96.48000488281241,631.6800781249999,628.038330078125,-565.4400390625001,-441.5999511718751,-277.2352050781251,-223.6800018310547,61.440014648437455,260.972900390625
1763687373.321678,3,3,1,0.030551158976061102,-0.3308136717739077,-5.774586045885526,-0.022126920783817308,0.011971484881896555,0.000523618721242207,403.6799560546874,-134.39999999999998,233.8687988281249,155.0400329589844,-5.760015869140602,136.29448242187482,101.27993164062491,660.4801269531249,655.142333984375,-589.4400390625001,-465.5999511718751,-284.9792236328126,-233.28000793457034,63.840039062499955,264.8447265625
1763687373.5615995,3,3,1,0.06916095469505468,-0.48708501345179755,-6.916671369304707,-0.030777402579530724,0.010836239562163136,0.00040383614606983014,446.8800292968749,-151.19998779296873,257.1007324218749,169.43999633789065,-8.160009765624977,147.91020507812482,101.27993164062491,727.6800781249999,709.350341796875,-649.4400390625001,-516.0000976562501,-312.0832275390626,-254.88000640869143,66.23994140624995,295.82080078125
1763687373.656195,3,3,1,0.13083211463402045,-0.5086623880115,-7.1696053828013016,-0.031144149150876398,0.00717846860577084,0.0008599028458119542,468.4800048828124,-153.60001220703123,280.3329101562499,183.84002075195315,-8.160009765624977,155.65434570312482,113.27993164062491,768.4801269531249,740.326416015625,-683.0401367187501,-540.0000976562501,-323.6991943359376,-264.4800048828125,63.840039062499955,311.308837890625
1763687373.7483184,3,3,1,0.01765940097696994,-0.6533530163924289,-7.590158422166167,-0.03634735849982211,0.010013636052558497,0.000935440981955865,485.2800537109374,-158.39999999999998,288.0768066406249,191.0400329589844,-3.3599914550781023,159.52641601562482,110.87990722656241,794.8800292968749,763.558349609375,-711.8399414062501,-564.0000976562501,-343.0591796875001,-274.0800033569336,68.63996582031245,326.796875
1763687373.853518,3,3,1,0.11944310262666788,-0.5989547229761314,-7.9745699656268245,-0.0354482560116898,0.005810143934240346,0.001577603653443429,0,0,0,0,0,0,0,0,0,0,0,0,0,0,0
1763687373.949245,3,3,1,0.10207367586777136,-0.6443904194560328,-8.254213529878454,-0.03812402615663877,0.008056216864625845,0.0008451450892146147,523.6799560546874,-172.79996337890623,315.1808105468749,203.0400329589844,-5.760015869140602,182.75834960937482,118.07998046874991,847.6800781249999,833.25439453125,-769.4400390625001,-607.2000488281251,-354.67520751953134,-286.08001098632815,73.44001464843745,357.772705078125
1763687374.0603642,3,3,1,0.03896647179163168,-0.7345233086131228,-8.878612475181491,-0.04276267226477378,0.011829301356135143,0.0015491130413162614,552.4800048828124,-177.60001220703123,330.6688476562499,217.43999633789065,1.4399963378906477,198.24614257812482,120.48000488281241,883.6800781249999,864.23046875,-822.2400878906251,-638.4000000000001,-381.77921142578134,-302.88000640869143,73.44001464843745,381.0048828125
1763687374.262898,3,3,1,0.011997664067395719,-0.8128171379185353,-9.930925867618454,-0.04572098170486603,0.011714256333734956,0.0019491015376915909,593.2800537109374,-191.99997558593748,369.3888183593749,236.6400085449219,-0.9599975585937273,198.24614257812482,130.0799804687499,955.6800781249999,949.41455078125,-894.2400878906251,-696.0000976562501,-401.13919677734384,-322.0800071716309,78.23994140624995,415.852783203125
1763687374.4504745,3,3,1,-0.060799873051106346,-0.9334330845460089,-11.134069066745557,-0.05264336878465553,0.015388717581946541,0.0019699676932205356,648.4800048828124,-211.19998779296873,396.4928222656249,255.84002075195315,1.4399963378906477,229.22221679687482,144.4800048828124,1020.4801269531249,1030.7265625,-990.2400878906251,-748.8001464843751,-447.60318603515634,-346.08001098632815,85.44001464843745,442.956787109375
1763687374.5584464,3,3,1,-0.09434891443247356,-1.0256141180039866,-11.603700541103583,-0.056271685550704664,0.01952006091072791,0.0015610045414496281,670.0799804687499,-220.80002441406248,419.7247558593749,270.24004516601565,6.239984130859398,233.09428710937482,142.0799804687499,1056.480126953125,1077.1904296875,-1038.240087890625,-780.0000976562501,-470.8351806640626,-360.4800106048584,87.84003906249995,466.188720703125
1763687374.651889,3,3,1,-0.14318060570661534,-1.0831530854076732,-12.31363702433746,-0.057787031701058415,0.0195582374199967,0.0020097499351268253,698.8800292968749,-230.39999999999998,431.3409667968749,277.43999633789065,6.239984130859398,248.58256835937482,151.6799560546874,1082.880029296875,1108.16650390625,-1079.04013671875,-801.6001953125001,-486.3232177734376,-367.68001041412356,92.63996582031245,477.804931640625
1763687374.8577633,3,3,1,-0.08742367943021323,-1.0756081885949538,-13.57474860854351,-0.06146391166489061,0.02037045249285957,0.00177694800720692,744.4800048828124,-242.39999999999998,466.1888671874999,301.43999633789065,11.040002441406273,260.1982910156248,161.2799316406249,1142.880029296875,1185.6064453125,-1175.04013671875,-859.2000488281251,-525.0431884765626,-386.880011177063,87.84003906249995,508.78076171875
1763687375.0594053,3,3,1,-0.3492516345727433,-1.2303328647882315,-14.109354425381792,-0.06908655914114491,0.03370626349448869,0.0015706486006035183,758.8800292968749,-249.60001220703123,470.0609374999999,311.0400329589844,6.239984130859398,264.0703613281248,173.2799316406249,1169.279931640625,1201.094482421875,-1196.639990234375,-873.6001953125001,-540.5312255859376,-401.2800117492676,95.03999023437495,520.396728515625
1763687375.2600543,3,3,1,-0.02052388979409958,-1.0257028215716681,-13.3727235426675,-0.056602475714873646,0.01838744819707861,0.0019433542836921306,749.2800537109374,-254.39999999999998,466.1888671874999,301.43999633789065,1.4399963378906477,252.45415039062482,170.8799072265624,1157.279931640625,1197.222412109375,-1177.4400390625,-864.0000976562501,-517.2991699218751,-401.2800117492676,92.63996582031245,508.78076171875
1763687375.463563,3,3,1,-0.005681300923890575,-0.986268688444382,-13.180915982606313,-0.05537029751099909,0.015959545059002184,0.0015440782852458724,0,0,0,0,0,0,0,0,0,0,0,0,0,0,0
1763687375.8549495,3,3,1,-0.15215505305787042,-1.0252446827073616,-13.075236889701673,-0.05809162320110475,0.023746493338715365,0.001732252345640753,749.2800537109374,-256.8000244140625,470.0609374999999,308.6400085449219,1.4399963378906477,252.45415039062482,173.2799316406249,1159.680078125,1204.966552734375,-1191.840185546875,-859.2000488281251,-528.9151977539063,-398.8800121307373,97.44001464843745,508.78076171875
1763687376.3623364,3,3,1,-0.13430040022619666,-0.9737789117027473,-12.746110818544738,-0.05553645776731573,0.022346594523615745,0.002090604784918362,758.8800292968749,-254.39999999999998,470.0609374999999,308.6400085449219,3.8399902343750227,252.45415039062482,173.2799316406249,1164.480126953125,1204.966552734375,-1187.04013671875,-868.8001464843751,-532.7872070312501,-396.48001155853274,95.03999023437495,516.52490234375
1763687376.7522485,3,3,1,-0.0958139201927165,-0.9443140093174707,-12.471553730184025,-0.05402975739795359,0.02104011259696198,0.0018012668198743704,754.0799804687499,-254.39999999999998,473.9327636718749,306.24004516601565,-0.9599975585937273,252.45415039062482,173.2799316406249,1162.07998046875,1208.83837890625,-1191.840185546875,-866.4000000000001,-528.9151977539063,-401.2800117492676,99.84003906249995,516.52490234375
1763687376.863454,3,3,1,-0.11324478908152502,-0.9569576298008067,-12.42056513145912,-0.054144759620377736,0.021769666459237762,0.0010385256534303621,0,0,0,0,0,0,0,0,0,0,0,0,0,0,0
1763687376.9568534,3,3,1,-0.10909883452080354,-0.9581014363900138,-12.467650738361451,-0.053136618818211856,0.021172631796704422,0.0018078783758974947,754.0799804687499,-256.8000244140625,470.0609374999999,308.6400085449219,-0.9599975585937273,252.45415039062482,175.6799560546874,1162.07998046875,1201.094482421875,-1189.4400390625,-864.0000976562501,-525.0431884765626,-401.2800117492676,95.03999023437495,512.65283203125
1763687377.0524142,3,3,1,-0.08048398580152782,-0.9736485720033768,-12.521819160445034,-0.05395091467212681,0.02091333451019113,0.0015515759086389479,756.4800048828124,-261.6000122070312,473.9327636718749,308.6400085449219,-0.9599975585937273,248.58256835937482,173.2799316406249,1162.07998046875,1212.71044921875,-1191.840185546875,-861.6001953125001,-525.0431884765626,-403.6800113677979,97.44001464843745,520.396728515625
1763687377.1109617,3,3,1,-0.10276854376562544,-0.9342718869184798,-12.4147503788116,-0.05243347619555616,0.021417071537397123,0.0014368637426644625,754.0799804687499,-259.1999877929687,473.9327636718749,306.24004516601565,1.4399963378906477,256.3262207031248,173.2799316406249,1164.480126953125,1204.966552734375,-1194.240087890625,-866.4000000000001,-528.9151977539063,-403.6800113677979,92.63996582031245,516.52490234375
1763687377.3257272,3,3,1,-0.09701024546873915,-0.9417842464932511,-12.419098297550832,-0.05365257297361506,0.02050028125025062,0.0018213176434496133,756.4800048828124,-259.1999877929687,473.9327636718749,313.43999633789065,-3.3599914550781023,256.3262207031248,178.0799804687499,1166.880029296875,1208.83837890625,-1191.840185546875,-866.4000000000001,-525.0431884765626,-401.2800117492676,95.03999023437495,508.78076171875
1763687377.4192145,3,3,1,-0.07319498162187615,-0.8866267130967955,-12.382648923455463,-0.05268653226345698,0.02021221995894728,0.0016771548561418442,754.0799804687499,-259.1999877929687,470.0609374999999,306.24004516601565,-0.9599975585937273,260.1982910156248,175.6799560546874,1164.480126953125,1204.966552734375,-1187.04013671875,-864.0000976562501,-525.0431884765626,-403.6800113677979,97.44001464843745,512.65283203125
1763687377.5153127,3,3,1,-0.0780458603705495,-0.95999984032237,-12.319551494380732,-0.054106627710921014,0.019788261053561372,0.0014653217902684452,749.2800537109374,-256.8000244140625,462.3167968749999,308.6400085449219,-5.760015869140602,248.58256835937482,173.2799316406249,1162.07998046875,1208.83837890625,-1184.639990234375,-861.6001953125001,-521.1711791992188,-403.6800113677979,90.23994140624995,508.78076171875
1763687377.620636,3,3,1,-0.0743787477685674,-0.9422534004353689,-12.196511103037983,-0.05274457689202354,0.0193210221106915,0.0015135437610494088,746.8800292968749,-249.60001220703123,466.1888671874999,303.84002075195315,3.8399902343750227,252.45415039062482,170.8799072265624,1147.680078125,1193.350341796875,-1177.4400390625,-854.4000000000001,-528.9151977539063,-396.48001155853274,92.63996582031245,508.78076171875
1763687377.7131684,3,3,1,-0.15816580250264178,-0.9429007868411596,-12.004591381189945,-0.05525431805521816,0.023111766708270486,0.0015724869141474766,730.0799804687499,-247.19998779296873,458.4449707031249,296.6400085449219,-0.9599975585937273,236.96635742187482,170.8799072265624,1128.480126953125,1173.990478515625,-1148.639990234375,-832.8001464843751,-509.55521240234384,-391.6800113677979,90.23994140624995,497.164794921875
1763687377.8253853,3,3,1,-0.02226032227300523,-0.897245903509365,-11.159180144120143,-0.04968593936969885,0.016598572005056537,0.001579892124648576,713.2800537109374,-247.19998779296873,435.2127929687499,289.43999633789065,-3.3599914550781023,236.96635742187482,175.6799560546874,1111.680078125,1154.63037109375,-1115.04013671875,-813.6001953125001,-494.06717529296884,-389.28001127243044,87.84003906249995,489.4208984375
1763687377.9562647,3,3,1,0.04600807771539783,-0.8193449079602464,-10.102375399198582,-0.046013159751732466,0.01299696096091172,0.0014181606761854031,696.4800048828124,-242.39999999999998,435.2127929687499,284.6400085449219,-8.160009765624977,225.35014648437482,166.0799804687499,1085.279931640625,1119.782470703125,-1079.04013671875,-789.6001953125001,-478.5791992187501,-374.88001070022585,87.84003906249995,473.932861328125
1763687378.0613387,3,3,1,0.12811768026921633,-0.7403271570957695,-9.421899796953776,-0.0437947581337001,0.009960234871938638,0.0010374110202678853,677.2800537109374,-232.80002441406248,419.7247558593749,270.24004516601565,-10.560003662109352,217.60649414062482,163.6799560546874,1058.880029296875,1088.806396484375,-1040.639990234375,-765.6001953125001,-466.96317138671884,-374.88001070022585,85.44001464843745,454.57275390625
1763687378.1527286,3,3,1,0.17774749559619984,-0.6983558581593332,-8.658663421071338,-0.03830785590194792,0.0051167229872538435,0.001016270750391479,653.2800537109374,-225.60001220703123,404.2369628906249,267.84002075195315,-10.560003662109352,217.60649414062482,161.2799316406249,1018.0799804687499,1046.21435546875,-995.0401367187501,-732.0000976562501,-443.7311767578126,-355.68000946044924,83.03999023437495,442.956787109375
1763687378.263654,3,3,1,0.2305415892131736,-0.5621326574154244,-7.929789841380481,-0.032752196870648564,0.001165311996458123,0.0005841431570360106,619.6799560546874,-218.39999999999998,377.1329589843749,243.84002075195315,-15.360006713867165,194.37456054687482,154.0799804687499,982.0799804687499,988.134521484375,-930.2400878906251,-688.8001464843751,-416.6271728515626,-346.08001098632815,80.63996582031245,419.724853515625
1763687378.3592381,3,3,1,0.3004137019466357,-0.4611044458707234,-7.159262323497546,-0.029297500458603673,-0.0032447345509873738,0.0007078848232789374,590.8800292968749,-208.79996337890623,350.0289550781249,239.0400329589844,-15.360006713867165,186.63041992187482,146.8799072265624,941.2799316406249,937.79833984375,-875.0401367187501,-655.2000488281251,-397.2671875000001,-329.28000793457034,75.84003906249995,392.620849609375
1763687378.4314594,3,3,1,0.283299659453398,-0.4811377722133883,-7.058092617922009,-0.029437127824875436,-0.0030819519846147295,0.0005889400114257085,564.4800048828124,-199.19998779296873,338.4127441406249,227.0400329589844,-12.959997558593727,182.75834960937482,139.6799560546874,902.8800292968749,906.822509765625,-839.0401367187501,-633.6001953125001,-385.6512207031251,-322.0800071716309,80.63996582031245,381.0048828125
1763687378.5590467,3,3,1,0.1979204169177936,-0.45595322200611427,-5.392475196600721,-0.028834184865710606,0.00292556769092022,-0.0007684027680281383,514.0799804687499,-182.39999999999998,311.3087402343749,207.84002075195315,-22.560003662109352,159.52641601562482,134.8799072265624,830.8800292968749,829.38232421875,-752.6399902343751,-571.2000488281251,-339.18717041015634,-298.08001098632815,73.44001464843745,353.90087890625
1763687378.652889,3,3,1,0.3584874807243954,-0.29818987440125666,-4.755965288588342,-0.020213308961672352,-0.0038989215452563996,-0.00020687841871899456,490.0799804687499,-172.79996337890623,288.0768066406249,195.84002075195315,-17.76000061035154,159.52641601562482,122.87990722656241,794.8800292968749,782.91845703125,-709.4400390625001,-542.4000000000001,-327.57120361328134,-283.68000946044924,66.23994140624995,334.540771484375
1763687378.7611172,3,3,1,0.21907802957392805,-0.335982543574322,-4.090079267638227,-0.022086446398132866,0.0022304463566833106,-0.0006753952769941016,463.6799560546874,-160.79996337890623,272.5887695312499,181.43999633789065,-15.360006713867165,140.16655273437482,115.67995605468741,744.4801269531249,728.71044921875,-666.2400878906251,-501.5999511718751,-308.21121826171884,-264.4800048828125,63.840039062499955,311.308837890625
1763687378.9628654,3,3,1,0.29905451078112444,-0.20341423058832497,-3.089013824673356,-0.014966758666466724,-0.0006849885049455911,-0.000768505618561311,396.4800048828124,-136.79996337890623,226.1249023437499,162.24004516601565,-15.360006713867165,124.67827148437482,98.87990722656241,641.2799316406249,624.16650390625,-560.6399902343751,-424.8001464843751,-261.74722900390634,-233.28000793457034,56.639965820312455,260.972900390625
1763687379.0571516,3,3,1,0.0716358464807525,-0.19661546678642225,-2.46077039732134,-0.01416732679744881,0.006798291014634247,-0.0014764724433885077,382.0799804687499,-136.79996337890623,214.5089355468749,152.6400085449219,-10.560003662109352,116.93413085937482,94.07998046874991,619.6800781249999,600.934326171875,-534.2400878906251,-417.5999511718751,-265.61917724609384,-221.28000793457034,56.639965820312455,249.356689453125
1763687379.4609184,3,3,1,0.10633967293848227,-0.15448247498210027,-1.6632331690022586,-0.011571782941790263,0.007373788661682486,-0.0014185441648319908,278.8800292968749,-105.60001220703123,140.9408203124999,109.44002685546877,-5.760015869140602,70.47026367187482,74.87990722656241,463.6800781249999,430.56640625,-387.8399414062501,-295.2000488281251,-203.6672119140626,-170.8799987792969,42.239941406249955,171.916748046875
1763687379.5504067,3,3,1,0.08465701029686076,-0.13191755071310193,-1.5644960326352575,-0.01220213307611129,0.00783605394129657,-0.001309608925000297,264.4800048828124,-103.19998779296873,137.0687499999999,109.44002685546877,1.4399963378906477,70.47026367187482,72.48000488281241,446.8800292968749,415.078369140625,-363.8399414062501,-285.5999511718751,-195.9231933593751,-168.48000488281252,42.239941406249955,164.1728515625
1763687379.6644735,3,3,1,0.11765330465918067,-0.07655251336983361,-1.2831846430763822,-0.009121117099027283,0.005469244133488529,-0.0012012246138863466,250.0799804687499,-93.60001220703123,121.58095703124991,99.84002075195315,-3.3599914550781023,62.72636718749982,70.07998046874991,420.4801269531249,391.846435546875,-337.4400390625001,-259.2000488281251,-192.05118408203134,-154.07999572753909,39.840039062499955,148.684814453125
1763687379.8512383,3,3,1,0.0811580807206072,-0.0327124606763478,-0.9777463925831744,-0.00818374719141102,0.007225551776358346,-0.000934919374604055,221.2799316406249,-91.19998779296873,106.09291992187491,90.24001464843752,-5.760015869140602,51.11040039062482,65.27993164062491,374.8800292968749,353.12646484375,-301.4400390625001,-230.4000000000001,-168.8191894531251,-144.48000488281252,37.440014648437455,133.19677734375
1763687379.959414,3,3,1,0.16645280817872934,-0.002770898208205242,-0.8330427122240351,-0.00549921234678815,0.0033621827219351883,-0.0008754498042314103,0,0,0,0,0,0,0,0,0,0,0,0,0,0,0
1763687380.0530841,3,3,1,-0.04278622231239202,-0.06365145989013675,-0.7867549845741753,-0.007562542234682189,0.008795822146801514,-0.0006256890641542497,190.0799804687499,-83.99997558593748,90.60488281249991,73.44002685546877,-8.160009765624977,39.49443359374982,62.87990722656241,326.8800292968749,322.150390625,-258.2400878906251,-194.4000000000001,-149.4592041015626,-130.07999572753909,37.440014648437455,113.8369140625
1763687380.1615968,3,3,1,0.1461421643790149,0.04089958585697065,-0.6114988178399384,-0.004424165494094355,0.005069107887757666,-0.000873141813494842,182.8800292968749,-81.60001220703123,75.11684570312491,68.6400085449219,-0.9599975585937273,35.62236328124982,58.07998046874991,302.8800292968749,295.04638671875,-241.4400390625001,-177.5999511718751,-141.7151855468751,-118.08001098632815,37.440014648437455,94.476806640625
1763687380.3635395,3,3,1,0.10899568439611454,0.05346624843309614,-0.4297202467844547,-0.001584117338667315,0.004147563214133408,-0.0011096291019127055,163.6799560546874,-86.39999999999998,75.11684570312491,63.84002075195315,-5.760015869140602,27.878466796874818,55.67995605468741,274.0799804687499,271.814453125,-224.6399902343751,-156.0000976562501,-126.22720947265634,-110.8799987792969,35.039990234374955,82.86083984375
1763687380.5503612,3,3,1,0.11420183783505403,0.08171322542458813,-0.22677630578571853,-0.0006312001450029866,0.005817613257562995,-0.0008787446235270843,137.2799316406249,-79.19998779296873,67.37294921874991,56.6400085449219,-0.9599975585937273,20.134326171874818,53.27993164062491,233.2799316406249,248.58251953125,-203.0401367187501,-129.5999511718751,-110.73917236328134,-103.67998657226565,37.440014648437455,71.244873046875
1763687382.45083,3,3,1,0.18432416471331797,0.060150214486723676,0.22731294933036286,-0.0006445173815928093,0.003028256439010461,-0.0011847937281308238,0,0,0,0,0,0,0,0,0,0,0,0,0,0,0
1763687382.9615653,3,3,1,0.14943597449069432,0.09843602953289574,0.28079185594603107,-0.00016760724578265742,0.0036211037367724673,-0.001557559006619364,65.27993164062491,-69.60001220703123,17.03676757812491,32.6400085449219,-0.9599975585937273,-14.713574218750182,43.67995605468741,118.07998046874991,155.654541015625,-95.04013671875009,-38.40000000000009,-72.01920166015634,-67.67998657226565,27.840039062499955,24.78076171875
1763687384.2646546,3,3,1,0.13547603416048462,0.06400443378649853,0.2587332708193956,-0.001295044093014468,0.004750364793320109,-0.0010979209888840877,60.48000488281241,-69.60001220703123,17.03676757812491,25.439996337890648,-5.760015869140602,-14.713574218750182,41.27993164062491,106.07998046874991,140.16650390625,-87.83994140625009,-28.80014648437509,-68.14719238281259,-65.27999267578127,25.440014648437455,20.90869140625
1763687384.8739612,3,3,1,0.1585396856426432,0.09231495114417151,0.22881529812693857,-0.0003999873324695676,0.003814052521851693,-0.00149842831183392,55.67995605468741,-67.19998779296873,9.292871093749909,23.040002441406273,-5.760015869140602,-14.713574218750182,43.67995605468741,98.88002929687491,132.42236328125,-85.44003906250009,-24.00009765625009,-64.27518310546884,-65.27999267578127,25.440014648437455,9.292724609375
1763687385.0631676,3,3,1,0.13359358950323072,0.08762782110715818,0.21213467217584822,-0.000613522139643117,0.003929834870290791,-0.0014265645581520783,55.67995605468741,-69.60001220703123,13.164941406249909,25.439996337890648,-3.3599914550781023,-18.585644531250182,38.87990722656241,98.88002929687491,132.42236328125,-80.63999023437509,-26.40000000000009,-64.27518310546884,-65.27999267578127,25.440014648437455,9.292724609375
1763687386.1678197,3,3,1,0.1686107012442407,0.059064271284972554,0.20954695147766156,-0.0009994201974889796,0.0033432446988311652,-0.0011924402097558309,48.48000488281241,-67.19998779296873,9.292871093749909,20.640008544921898,-3.3599914550781023,-22.457714843750182,38.87990722656241,86.88002929687491,120.806396484375,-73.44003906250009,-21.59995117187509,-60.40317382812509,-60.48000488281252,20.639965820312455,1.548828125
1763687386.3631332,3,3,1,0.169093900574319,0.0562176277801759,0.22492433559643552,-0.0011916373855624576,0.003993445909444823,-0.0011873952652652364,53.27993164062491,-67.19998779296873,9.292871093749909,18.240014648437523,-10.560003662109352,-22.457714843750182,36.48000488281241,91.67995605468741,128.550537109375,-75.83994140625009,-24.00009765625009,-64.27518310546884,-60.48000488281252,25.440014648437455,1.548828125
1763687387.3611436,3,3,1,0.0965981717828217,-0.024660358561854112,-0.2789323796307306,-0.001510419776811497,0.005408466573147114,-0.0008136827049512508,65.27993164062491,-67.19998779296873,20.90883789062491,20.640008544921898,-8.160009765624977,-14.713574218750182,43.67995605468741,122.88002929687491,151.782470703125,-107.04013671875009,-60.00009765625009,-68.14719238281259,-77.27999267578127,27.840039062499955,9.292724609375
1763687387.5619514,3,3,1,0.09028465548643239,0.11423893066618596,-0.3199780582609677,0.0011134960747886573,0.005754553182694288,-0.0009071543334627165,67.67995605468741,-67.19998779296873,24.78090820312491,18.240014648437523,-5.760015869140602,-14.713574218750182,48.48000488281241,132.4800048828124,167.2705078125,-116.63999023437509,-69.59995117187509,-75.89121093750009,-77.27999267578127,25.440014648437455,13.164794921875
1763687387.6682522,3,3,1,0.22028372340755947,0.08426542416463197,-0.412633946711039,0.0003513482044505368,0.005836045064059246,-0.0010198219562522197,74.88002929687491,-67.19998779296873,20.90883789062491,25.439996337890648,-0.9599975585937273,-3.097607421875182,46.07998046874991,139.6799560546874,182.758544921875,-123.83994140625009,-81.59995117187509,-79.76322021484384,-74.8799987792969,27.840039062499955,17.036865234375
1763687387.7644708,3,3,1,0.11169907583041193,0.11641329684387722,-0.5631588597797328,-0.0001165414556407588,0.00729297334456969,-0.0004520903447924105,79.67995605468741,-69.60001220703123,36.39687499999991,23.040002441406273,-10.560003662109352,-6.969677734375182,48.48000488281241,161.2800537109374,186.63037109375,-140.6399902343751,-91.20004882812509,-79.76322021484384,-86.8799987792969,27.840039062499955,24.78076171875
1763687387.9488719,3,3,1,0.25062693370474703,0.07111214090638018,-1.0067256050738684,-0.0011015500336337511,0.005019682703265889,-0.0012375828245987292,103.67995605468741,-76.79996337890623,44.14077148437491,23.040002441406273,-5.760015869140602,-3.097607421875182,50.87990722656241,185.2800537109374,225.350341796875,-171.8399414062501,-124.80014648437509,-99.12320556640634,-94.08001098632815,32.639965820312455,32.52490234375
1763687387.9778888,3,3,1,0.222679044876768,0.06964343335805374,-0.9101747276008729,-0.0024268548363177572,0.005246141193347312,-0.0009740079564629245,103.67995605468741,-76.79996337890623,55.75673828124991,23.040002441406273,-8.160009765624977,0.7744628906248181,53.27993164062491,199.6800781249999,233.094482421875,-186.2400878906251,-132.0000976562501,-95.25119628906259,-96.48000488281252,37.440014648437455,44.140869140625
1763687388.0727692,3,3,1,0.14180879555421133,-0.19944663154540535,-1.2192367394499894,-0.004571018005021913,0.007889619519171663,-0.0006781941080483841,0,0,0,0,0,0,0,0,0,0,0,0,0,0,0
1763687388.2631788,3,3,1,0.20620569987687493,-0.30643065864173935,-1.933107336875781,-0.010675102577709747,0.0069868577036129535,-0.0007164837669295457,170.8800292968749,-86.39999999999998,90.60488281249991,59.04000244140627,-8.160009765624977,35.62236328124982,62.87990722656241,314.8800292968749,326.0224609375,-267.8399414062501,-213.5999511718751,-133.97122802734384,-127.68000183105471,42.239941406249955,86.73291015625
1763687388.2776933,3,3,1,0.16265552567733305,-0.13089887972567052,-1.7385326963773193,-0.008700127352929661,0.0067333028587120355,-0.0012790486009891786,185.2799316406249,-91.19998779296873,98.34877929687491,59.04000244140627,-5.760015869140602,39.49443359374982,62.87990722656241,338.8800292968749,329.89453125,-275.0401367187501,-225.5999511718751,-149.4592041015626,-130.07999572753909,42.239941406249955,102.220703125
1763687388.3855488,3,3,1,0.3243506372662218,-0.36862246004859467,-2.1869817019515643,-0.00941367084250323,0.008503301797069865,-0.0008746816257859426,0,0,0,0,0,0,0,0,0,0,0,0,0,0,0
1763687388.4782465,3,3,1,-0.19175000246739105,0.20467567336796705,-2.639801278370466,-0.00930628755037223,0.010706127908514641,1.1498738650584902e-05,223.6799560546874,-93.60001220703123,109.96474609374991,73.44002685546877,-3.3599914550781023,62.72636718749982,70.07998046874991,391.6800781249999,395.718505859375,-335.0401367187501,-271.2000488281251,-164.94718017578134,-151.6800018310547,44.639965820312455,129.32470703125
1763687388.6531265,3,3,1,0.002772362018890435,-0.10191312532450322,-3.2576112696957154,-0.010481625923314876,0.012102539851660312,-0.0006572279705663669,257.2799316406249,-100.79996337890623,144.8128906249999,90.24001464843752,-8.160009765624977,70.47026367187482,77.27993164062491,444.4801269531249,449.926513671875,-380.6399902343751,-307.2000488281251,-188.1791748046876,-163.6800018310547,49.440014648437455,152.556884765625
1763687388.7753813,3,3,1,0.03680745285087113,-0.10721299478981286,-3.6786363408767455,-0.010634028258408337,0.010823035581525711,-0.0006519313009238513,283.6799560546874,-105.60001220703123,160.3009277343749,104.6400085449219,-8.160009765624977,85.95854492187482,79.67995605468741,480.4801269531249,480.90234375,-419.0401367187501,-333.5999511718751,-207.53922119140634,-178.07999572753909,54.239941406249955,168.044921875
1763687388.8855388,3,3,1,0.051602066082826595,-0.11479351838610724,-4.005782741240376,-0.012294259190435471,0.01109365361716263,-0.00022812989769364325,302.8800292968749,-115.19998779296873,164.1727539062499,111.84002075195315,-5.760015869140602,97.57426757812482,82.07998046874991,511.6800781249999,511.87841796875,-450.2400878906251,-352.8001464843751,-219.15518798828134,-185.28000793457034,54.239941406249955,179.660888671875
1763687389.059816,3,3,1,0.04628610767087357,-0.1911047812959728,-4.6937526186431215,-0.01615079731953189,0.012320473453369596,-9.282213198036717e-05,338.8800292968749,-119.99997558593748,187.4049316406249,126.24001464843752,-3.3599914550781023,101.44633789062482,94.07998046874991,559.6800781249999,550.598388671875,-495.8399414062501,-386.4000000000001,-230.7712158203126,-202.08001098632815,59.039990234374955,210.63671875
1763687389.0883524,3,3,1,0.061734735512104635,-0.15840946210254925,-4.606701417782787,-0.015345147240036024,0.011548226577575241,-6.133384436792942e-05,0,0,0,0,0,0,0,0,0,0,0,0,0,0,0
1763687389.2605364,3,3,1,0.09346968261589592,-0.2543043772564041,-5.3757309048271305,-0.019502760664367465,0.007486018815812921,-3.4136055840163155e-05,386.8800292968749,-136.79996337890623,218.3807617187499,147.84002075195315,-5.760015869140602,120.80620117187482,96.48000488281241,629.2799316406249,616.42236328125,-555.8399414062501,-439.2000488281251,-265.61917724609384,-221.28000793457034,56.639965820312455,249.356689453125
1763687389.2897427,3,3,1,0.0812582541161792,-0.26672939590378886,-5.304149601670446,-0.018752495579996926,0.0071529142191896905,-0.00047329467132498494,391.6799560546874,-134.39999999999998,218.3807617187499,145.44002685546877,1.4399963378906477,124.67827148437482,96.48000488281241,641.2799316406249,628.038330078125,-572.6399902343751,-444.0000976562501,-273.36319580078134,-228.48000488281252,54.239941406249955,257.100830078125
1763687389.4605398,3,3,1,0.06064809170805109,-0.40546684879784,-6.105386598270209,-0.025682003756457017,0.009863101730463054,-0.00022961579962552168,422.8800292968749,-143.99997558593748,245.4847656249999,164.6400085449219,-5.760015869140602,136.29448242187482,103.67995605468741,689.2799316406249,670.63037109375,-615.8399414062501,-484.8001464843751,-292.72318115234384,-245.28000793457034,61.440014648437455,276.460693359375
1763687389.554106,3,3,1,0.11246487865730423,-0.43859664291243394,-6.400936885023067,-0.028036796299495313,0.008602071940743534,-0.00026495270744034886,442.0799804687499,-146.39999999999998,264.8448730468749,171.84002075195315,-8.160009765624977,136.29448242187482,106.07998046874991,722.8800292968749,693.862548828125,-639.8399414062501,-508.8001464843751,-304.3392089843751,-252.48000488281252,61.440014648437455,288.076904296875
1763687389.6620913,3,3,1,0.0826013272007042,-0.5046125566395455,-6.57306432677917,-0.02962244622852056,0.007886202477710096,6.334576189512687e-05,470.8800292968749,-155.99997558593748,268.7169433593749,179.0400329589844,-8.160009765624977,155.65434570312482,108.48000488281241,761.2799316406249,736.454345703125,-675.8399414062501,-532.8001464843751,-327.57120361328134,-262.0800033569336,63.840039062499955,322.9248046875
1763687389.7569516,3,3,1,0.07195094660239573,-0.6047186125958206,-7.2417524110694265,-0.036542315704102386,0.011827800869521617,0.0003512396848453785,492.4800048828124,-160.79996337890623,284.2047363281249,191.0400329589844,-0.9599975585937273,159.52641601562482,106.07998046874991,790.0799804687499,775.174560546875,-709.4400390625001,-561.5999511718751,-335.31522216796884,-271.68000946044924,66.23994140624995,330.668701171875
1763687389.783111,3,3,1,0.052709517780423515,-0.6031570667548878,-7.188357826079369,-0.0360111879556647,0.011727098794239579,0.00037257986092928495,0,0,0,0,0,0,0,0,0,0,0,0,0,0,0
1763687389.957222,3,3,1,0.03338917169979913,-0.660957913365984,-8.0602593740924,-0.04025229568459894,0.010886523650114353,0.0007512216073980768,533.2800537109374,-167.99997558593748,319.0528808593749,210.24004516601565,-0.9599975585937273,175.01420898437482,113.27993164062491,854.8800292968749,825.510498046875,-779.0401367187501,-612.0000976562501,-358.5472167968751,-295.68000946044924,71.03999023437495,361.644775390625
1763687389.9857645,3,3,1,0.025454562804975794,-0.7044950126065418,-8.061468787358619,-0.04077429115795632,0.010674416800691078,0.0007523304438058326,538.0799804687499,-175.19998779296873,319.0528808593749,212.6400085449219,1.4399963378906477,182.75834960937482,120.48000488281241,871.6800781249999,848.742431640625,-795.8399414062501,-621.6001953125001,-377.9072021484376,-298.08001098632815,68.63996582031245,365.516845703125
1763687390.0803266,3,3,1,0.06577999175379148,-0.696076810147894,-8.624383600650482,-0.04236918602501991,0.010509538320346437,0.001090554934828063,566.8800292968749,-177.60001220703123,338.4127441406249,227.0400329589844,6.239984130859398,194.37456054687482,118.07998046874991,900.4801269531249,883.59033203125,-841.4400390625001,-650.4000000000001,-401.13919677734384,-300.4800048828125,75.84003906249995,384.876708984375
1763687390.254879,3,3,1,0.03823418780427462,-0.7772855328073893,-9.6301327439409,-0.04553695245418752,0.01349303894668189,0.0013508451753191518,612.4800048828124,-194.39999999999998,369.3888183593749,241.43999633789065,1.4399963378906477,209.86235351562482,137.2799316406249,972.4801269531249,953.286376953125,-913.4400390625001,-703.2000488281251,-424.3711914062501,-326.8800102233887,71.03999023437495,415.852783203125
1763687390.4591525,3,3,1,0.01462779447848428,-0.9067420475187413,-10.96497012301459,-0.05186031639070045,0.014302588115628201,0.0016398867613457348,670.0799804687499,-211.19998779296873,404.2369628906249,270.24004516601565,8.640008544921898,233.09428710937482,146.8799072265624,1039.680078125,1050.08642578125,-1021.4400390625001,-760.8001464843751,-466.96317138671884,-358.08001098632815,85.44001464843745,450.700927734375
1763687390.5638144,3,3,1,-0.15929075370062368,-1.0499416614904322,-11.466195293822043,-0.05950205105465591,0.02398021602789108,0.001443123229676113,686.8800292968749,-227.99997558593748,427.4688964843749,279.84002075195315,6.239984130859398,233.09428710937482,156.4800048828124,1061.279931640625,1092.678466796875,-1059.840185546875,-777.6001953125001,-474.70718994140634,-370.08001098632815,83.03999023437495,466.188720703125
1763687390.6623838,3,3,1,-0.3571824531269169,-1.0456445742582043,-13.071653612558734,-0.051997508935607804,0.03478701670311302,0.002078260619978604,708.4800048828124,-237.60001220703123,439.0848632812499,294.24004516601565,3.8399902343750227,236.96635742187482,161.2799316406249,1106.880029296875,1131.3984375,-1115.04013671875,-816.0000976562501,-501.81119384765634,-374.88001070022585,90.23994140624995,485.548828125
1763687390.7582324,3,3,1,-0.21631024634841195,-1.0404065258292223,-12.875112945773369,-0.06306723914131293,0.026589291773826712,0.0013152137279900111,732.4800048828124,-247.19998779296873,458.4449707031249,296.6400085449219,1.4399963378906477,248.58256835937482,166.0799804687499,1121.279931640625,1173.990478515625,-1151.04013671875,-832.8001464843751,-509.55521240234384,-391.6800113677979,92.63996582031245,489.4208984375
1763687391.055063,3,3,1,-0.27162932643719295,-1.1658033358248172,-15.231812075989614,-0.0635015363645178,0.031121204678063737,0.0011092480327943117,818.8800292968749,-266.4,512.6527343749999,337.43999633789065,18.239984130859398,275.6865722656248,173.2799316406249,1246.07998046875,1290.150634765625,-1311.840185546875,-943.2000488281251,-586.995184326172,-420.48001251220705,97.44001464843745,559.11669921875
1763687391.1777132,3,3,1,-0.45475945033056825,-1.3439642277576835,-16.362873682125965,-0.07343108339305918,0.039545303495915354,0.0017748898532340975,857.2800537109374,-275.9999755859375,528.1407714843749,361.43999633789065,23.040002441406273,298.9185058593748,180.4800048828124,1291.680078125,1340.486572265625,-1381.4400390625,-998.4000000000001,-621.8432067871095,-432.48001251220705,102.23994140624995,578.476806640625
1763687391.270864,3,3,1,-0.49157658952314265,-1.3552129615806852,-16.327012272657218,-0.07301638258624377,0.04034141487618591,0.0019472430633420226,874.0799804687499,-280.8000244140625,543.6288085937499,359.0400329589844,23.040002441406273,295.0464355468748,178.0799804687499,1308.480126953125,1363.718505859375,-1407.840185546875,-1015.2000488281251,-633.4592041015626,-442.0800148010254,102.23994140624995,593.96484375
1763687391.3642547,3,3,1,-0.5369530589911047,-1.3799664853753097,-17.0518271379691,-0.07734560106286024,0.04479703334463423,0.0017509993798359253,871.6799560546874,-280.8000244140625,547.5008789062499,356.6400085449219,20.640008544921898,291.1743652343748,182.8799072265624,1313.28017578125,1363.718505859375,-1407.840185546875,-1015.2000488281251,-625.7151855468751,-442.0800148010254,102.23994140624995,586.220703125
1763687391.6602893,3,3,1,-0.32223171091680514,-1.1915591362468985,-16.565139473363836,-0.0688384828840327,0.034684322166796296,0.0014729676865457833,871.6799560546874,-283.1999877929687,547.5008789062499,361.43999633789065,20.640008544921898,291.1743652343748,182.8799072265624,1313.28017578125,1367.590576171875,-1410.240087890625,-1020.0000976562501,-625.7151855468751,-442.0800148010254,97.44001464843745,593.96484375
1763687391.753633,3,3,1,-0.3053574726846426,-1.22880159142914,-16.27933495441227,-0.06887921343696375,0.03392355461601137,0.0014997139375482883,866.8800292968749,-283.1999877929687,547.5008789062499,359.0400329589844,15.839990234375023,291.1743652343748,182.8799072265624,1310.880029296875,1359.846435546875,-1407.840185546875,-1015.2000488281251,-629.5871948242188,-446.88001403808596,102.23994140624995,590.0927734375
1763687391.9562962,3,3,1,-0.1830547746492211,-1.1282721459360707,-16.042828111596734,-0.06406412964557961,0.02855618058358768,0.0015163678120434228,866.8800292968749,-283.1999877929687,539.7567382812499,356.6400085449219,15.839990234375023,287.3022949218748,190.0799804687499,1318.07998046875,1359.846435546875,-1410.240087890625,-1017.6001953125001,-621.8432067871095,-449.28001556396487,104.63996582031245,593.96484375
1763687392.0499938,3,3,1,-0.2485957920314646,-1.1870811536329944,-15.95984048665158,-0.0652050477163538,0.02875244698235243,0.001312048662123597,871.6799560546874,-287.9999755859375,547.5008789062499,356.6400085449219,18.239984130859398,283.4302246093748,187.6799560546874,1315.680078125,1371.462646484375,-1407.840185546875,-1017.6001953125001,-629.5871948242188,-446.88001403808596,102.23994140624995,582.348876953125
1763687392.3648643,3,3,1,-0.20384693221593797,-1.1614664847860914,-15.700770367957997,-0.06322125370034594,0.027300834964969076,0.001332264124160217,871.6799560546874,-283.1999877929687,539.7567382812499,356.6400085449219,13.439996337890648,287.3022949218748,192.4800048828124,1320.480126953125,1367.590576171875,-1407.840185546875,-1017.6001953125001,-621.8432067871095,-449.28001556396487,102.23994140624995,586.220703125
1763687392.458418,3,3,1,-0.2011557986713544,-1.0748357889881863,-15.667577931904656,-0.06300688339751509,0.027731357299091815,0.0015720716091092383,869.2800537109374,-287.9999755859375,543.6288085937499,359.0400329589844,11.040002441406273,295.0464355468748,192.4800048828124,1318.07998046875,1371.462646484375,-1405.4400390625,-1017.6001953125001,-625.7151855468751,-449.28001556396487,99.84003906249995,586.220703125
1763687392.7535226,3,3,1,-0.192469529091433,-1.1091617145415762,-15.499955740147515,-0.06324127525564815,0.027496833709178686,0.001242931555793404,871.6799560546874,-283.1999877929687,551.3729492187499,361.43999633789065,13.439996337890648,287.3022949218748,190.0799804687499,1320.480126953125,1375.334228515625,-1407.840185546875,-1015.2000488281251,-621.8432067871095,-449.28001556396487,97.44001464843745,590.0927734375
1763687392.8622832,3,3,1,-0.17158503859776836,-1.0707738041173538,-15.460788181185599,-0.06173327883265105,0.026684008095314606,0.0011816638204681898,869.2800537109374,-290.4,543.6288085937499,354.24004516601565,13.439996337890648,291.1743652343748,190.0799804687499,1318.07998046875,1371.462646484375,-1407.840185546875,-1020.0000976562501,-621.8432067871095,-449.28001556396487,97.44001464843745,590.0927734375
1763687392.9691617,3,3,1,-0.15508535640802468,-1.0889196296534545,-15.411313406313619,-0.06167337143490227,0.026259932739463976,0.001982830337088022,871.6799560546874,-285.6000122070312,547.5008789062499,359.0400329589844,13.439996337890648,283.4302246093748,190.0799804687499,1325.28017578125,1375.334228515625,-1410.240087890625,-1020.0000976562501,-625.7151855468751,-454.08001098632815,102.23994140624995,586.220703125
1763687393.0770445,3,3,1,-0.18997427766504743,-1.0970687051439754,-15.391726857659503,-0.06158206282715118,0.026105809357559573,0.0014438235800656092,871.6799560546874,-285.6000122070312,543.6288085937499,356.6400085449219,15.839990234375023,291.1743652343748,185.2799316406249,1325.28017578125,1371.462646484375,-1407.840185546875,-1022.4000000000001,-629.5871948242188,-449.28001556396487,104.63996582031245,593.96484375
1763687393.2505906,3,3,1,-0.149136653453734,-1.0722218435385462,-15.273305538034007,-0.060824837792097186,0.02586344560424262,0.0017997036491263938,869.2800537109374,-290.4,543.6288085937499,354.24004516601565,15.839990234375023,279.5581542968748,192.4800048828124,1327.680078125,1375.334228515625,-1407.840185546875,-1020.0000976562501,-625.7151855468751,-451.6800170898438,99.84003906249995,590.0927734375
1763687393.2788079,3,3,1,-0.1750126012956626,-1.0679742929202654,-15.339679709617114,-0.060819438161567256,0.026266583377422468,0.0016976924676102394,869.2800537109374,-285.6000122070312,543.6288085937499,356.6400085449219,15.839990234375023,291.1743652343748,194.8799072265624,1320.480126953125,1379.206298828125,-1410.240087890625,-1022.4000000000001,-621.8432067871095,-454.08001098632815,104.63996582031245,593.96484375
1763687393.4565732,3,3,1,-0.14983627608819855,-1.0618334719240674,-15.288916144712317,-0.06058018541782362,0.025778281251132646,0.0016379043412739682,876.4800048828124,-287.9999755859375,543.6288085937499,356.6400085449219,13.439996337890648,287.3022949218748,185.2799316406249,1322.880029296875,1371.462646484375,-1415.04013671875,-1022.4000000000001,-621.8432067871095,-449.28001556396487,99.84003906249995,593.96484375
1763687393.7526217,3,3,1,-0.15148991176752263,-1.0490527778067906,-15.100950641763196,-0.05990762194963213,0.025165361220218452,0.0017849201539638436,876.4800048828124,-285.6000122070312,543.6288085937499,356.6400085449219,13.439996337890648,287.3022949218748,190.0799804687499,1325.28017578125,1375.334228515625,-1412.639990234375,-1022.4000000000001,-621.8432067871095,-451.6800170898438,102.23994140624995,590.0927734375
1763687393.8588517,3,3,1,-0.12010937090159868,-1.0139365258736808,-14.961795100888702,-0.058727891820608405,0.02370906216153905,0.0016016582201789325,864.4800048828124,-283.1999877929687,539.7567382812499,351.84002075195315,6.239984130859398,287.3022949218748,190.0799804687499,1313.28017578125,1367.590576171875,-1400.639990234375,-1012.8001464843751,-614.099188232422,-446.88001403808596,97.44001464843745,582.348876953125
1763687393.952688,3,3,1,-0.05438178793814774,-0.9557158705222417,-14.619999518411216,-0.05711165000173507,0.021136905640882477,0.0016465891761742162,862.0799804687499,-278.4,532.0128417968749,344.6400085449219,6.239984130859398,279.5581542968748,190.0799804687499,1301.28017578125,1352.102294921875,-1379.04013671875,-1003.2000488281251,-610.2272094726563,-444.48001251220705,97.44001464843745,578.476806640625
1763687394.063747,3,3,1,-0.035383228950228884,-0.992159973476499,-14.310684836190184,-0.055616438871463364,0.01935483215063802,0.0017663204191956088,842.8800292968749,-278.4,520.3968749999999,344.6400085449219,6.239984130859398,279.5581542968748,197.2799316406249,1286.880029296875,1336.614501953125,-1355.04013671875,-984.0000976562501,-602.4831909179688,-444.48001251220705,99.84003906249995,562.98876953125
1763687394.1562028,3,3,1,0.03770981840376769,-0.923862604692441,-13.434788440995925,-0.05123321204694757,0.014679141584678632,0.00130910348597026,828.4800048828124,-280.8000244140625,516.5248046874999,332.6400085449219,11.040002441406273,264.0703613281248,187.6799560546874,1267.680078125,1317.254638671875,-1331.04013671875,-962.4000000000001,-586.995184326172,-437.2800117492676,97.44001464843745,562.98876953125
1763687394.35694,3,3,1,0.3118267813473085,-0.6938426153847168,-11.552264910908029,-0.038887147325540286,-0.0009736699995638275,0.0012285273986094272,775.6799560546874,-266.4,485.5487304687499,315.84002075195315,-8.160009765624977,244.71049804687482,187.6799560546874,1200.480126953125,1247.558349609375,-1235.04013671875,-902.4000000000001,-536.6592163085938,-420.48001251220705,90.23994140624995,528.140869140625
1763687394.5663161,3,3,1,0.2756821272142116,-0.5916720953751363,-9.584242586493893,-0.03447575878194258,-0.00018556718318613052,0.0005349354021676528,713.2800537109374,-247.19998779296873,439.0848632812499,287.0400329589844,-15.360006713867165,229.22221679687482,180.4800048828124,1118.880029296875,1154.63037109375,-1107.840185546875,-816.0000976562501,-482.45120849609384,-394.08001098632815,85.44001464843745,485.548828125
1763687394.6514194,3,3,1,0.4335884728164159,-0.47542157190909995,-8.554967694228916,-0.029108487702077697,-0.007539039643976282,0.0004442656613133059,686.8800292968749,-237.60001220703123,423.5968261718749,275.0400329589844,-17.76000061035154,217.60649414062482,168.4800048828124,1078.07998046875,1100.42236328125,-1059.840185546875,-784.8001464843751,-474.70718994140634,-379.6800108909607,87.84003906249995,466.188720703125
1763687394.7614403,3,3,1,0.45651690480463303,-0.37035644425648323,-7.632076442029291,-0.0249327156746278,-0.008711973685074167,0.0008607525732597897,646.0799804687499,-227.99997558593748,388.7489257812499,263.0400329589844,-20.160009765624977,205.99028320312482,163.6799560546874,1025.279931640625,1038.470458984375,-980.6399902343751,-729.6001953125001,-432.1152099609376,-360.4800106048584,78.23994140624995,439.084716796875
1763687394.8573568,3,3,1,0.3950838312482411,-0.36156405425584504,-6.508806350480067,-0.022047782242736885,-0.007712596579203738,-5.469778573358869e-05,607.6799560546874,-215.99997558593748,373.2608886718749,239.0400329589844,-22.560003662109352,190.50249023437482,154.0799804687499,960.4801269531249,976.5185546875,-908.6399902343751,-681.6001953125001,-397.2671875000001,-343.68000946044924,78.23994140624995,408.10888671875
1763687394.9147549,3,3,1,0.38507391308763544,-0.37369863569916517,-6.557358390720175,-0.0218227391542177,-0.008187108077942637,-7.004220641374783e-05,576.4800048828124,-208.79996337890623,350.0289550781249,229.43999633789065,-27.360006713867165,186.63041992187482,144.4800048828124,926.8800292968749,933.926513671875,-865.4400390625001,-645.6001953125001,-389.52322998046884,-329.28000793457034,75.84003906249995,396.492919921875
1763687394.9952152,3,3,1,0.33846626464524554,-0.36697552933884003,-5.795374629028569,-0.02312672953413584,-0.00032712247415230336,4.149744258792826e-05,557.2800537109374,-194.39999999999998,334.5409179687499,219.84002075195315,-20.160009765624977,178.88627929687482,142.0799804687499,893.2799316406249,887.46240234375,-827.0401367187501,-619.2000488281251,-374.03519287109384,-319.68000946044924,63.840039062499955,384.876708984375
1763687395.151353,3,3,1,0.3786761895127315,-0.19110768719838878,-4.1834446930455735,-0.01563388351098947,-0.0053547399678580574,-0.0003831032920853369,502.0799804687499,-177.60001220703123,291.9488769531249,200.6400085449219,-15.360006713867165,151.78227539062482,125.27993164062491,806.8800292968749,798.406494140625,-728.6399902343751,-552.0000976562501,-335.31522216796884,-290.88000640869143,61.440014648437455,334.540771484375
1763687395.2109766,3,3,1,0.3780660960714025,-0.18910659049460807,-4.2156081434547374,-0.015461066010058356,-0.005815225474678332,-0.0006286583845156409,478.0799804687499,-170.39999999999998,276.4608398437499,188.6400085449219,-20.160009765624977,144.03813476562482,118.07998046874991,785.2799316406249,751.9423828125,-685.4400390625001,-523.2000488281251,-315.9551757812501,-276.4800048828125,61.440014648437455,322.9248046875
1763687395.3532922,3,3,1,0.4276799586557669,-0.24798826349508507,-3.2389620859824046,-0.018845685100902718,-0.0051395154254378385,-0.0009149793220967315,422.8800292968749,-153.60001220703123,245.4847656249999,164.6400085449219,-24.96001281738279,128.55034179687482,113.27993164062491,694.0799804687499,686.118408203125,-613.4400390625001,-465.5999511718751,-284.9792236328126,-250.08001098632815,59.039990234374955,284.204833984375
1763687395.4602811,3,3,1,0.49237449540031564,-0.16929728147934692,-2.730004518257187,-0.006331096909837254,-2.4627948280789118e-05,-0.00045005719065170473,398.8800292968749,-143.99997558593748,226.1249023437499,155.0400329589844,-15.360006713867165,120.80620117187482,103.67995605468741,648.4801269531249,616.42236328125,-553.4400390625001,-429.5999511718751,-273.36319580078134,-233.28000793457034,54.239941406249955,257.100830078125
1763687395.5532155,3,3,1,0.11361157692379206,-0.022853169250318314,-2.3281414580686053,-0.01144859168493033,-0.0007557574767433613,-0.0008871160708683373,370.0799804687499,-134.39999999999998,214.5089355468749,145.44002685546877,-12.959997558593727,113.06254882812482,96.48000488281241,602.8800292968749,581.574462890625,-522.2400878906251,-403.2000488281251,-250.1312011718751,-223.6800018310547,51.840039062499955,245.48486328125
1763687395.6622312,3,3,1,0.34454623533340184,-0.17199113690972886,-2.0382145261336704,-0.007374587722815422,0.0012321833793026604,-0.001378908516098442,329.2799316406249,-129.60001220703123,183.5328613281249,133.44002685546877,-12.959997558593727,89.83012695312482,91.67995605468741,564.4801269531249,527.366455078125,-471.8399414062501,-364.8001464843751,-226.89920654296884,-204.48000488281252,47.039990234374955,214.5087890625
1763687395.7558126,3,3,1,0.19071701515390282,-0.05388378494467551,-1.7561370222688406,-0.004512930816621538,0.004380612089937319,-0.0006490232145760933,331.6799560546874,-122.39999999999998,168.0448242187499,135.84002075195315,-12.959997558593727,89.83012695312482,84.48000488281241,552.4801269531249,508.00634765625,-452.6399902343751,-352.8001464843751,-238.51517333984384,-202.08001098632815,44.639965820312455,214.5087890625
1763687395.864664,3,3,1,0.043277105888086795,0.023011675124846493,-1.5555343209185464,-0.006883917809378574,0.003946487698749207,-0.0015319637909253052,300.4800048828124,-107.99997558593748,160.3009277343749,119.04000244140627,-3.3599914550781023,78.21440429687482,82.07998046874991,499.6800781249999,469.286376953125,-419.0401367187501,-326.4000000000001,-223.0271972656251,-182.8799987792969,44.639965820312455,191.27685546875
1763687396.052572,3,3,1,0.09171276484375883,-0.05267119964452334,-1.222602605546294,-0.006901764431866673,0.005173991137810573,-0.0014846346439507366,271.6799560546874,-103.19998779296873,133.1969238281249,107.04000244140627,-3.3599914550781023,70.47026367187482,74.87990722656241,456.4801269531249,422.822509765625,-375.8399414062501,-295.2000488281251,-207.53922119140634,-170.8799987792969,37.440014648437455,171.916748046875
1763687396.0825872,3,3,1,0.12614851790397666,-0.043945499323327815,-1.0887930911883468,-0.006793822122861648,0.005084964854543927,-0.001828248514612232,269.2799316406249,-105.60001220703123,129.3248535156249,107.04000244140627,-5.760015869140602,62.72636718749982,74.87990722656241,444.4801269531249,411.20654296875,-366.2400878906251,-280.8001464843751,-192.05118408203134,-163.6800018310547,37.440014648437455,156.4287109375
1763687396.1724923,3,3,1,0.09679059930372673,-0.0538729694188039,-1.1858895486039942,-0.0060409456852704956,0.004485573816319133,-0.0009205580551943445,252.4800048828124,-100.79996337890623,117.70888671874991,99.84002075195315,-5.760015869140602,54.98247070312482,72.48000488281241,420.4801269531249,395.718505859375,-344.6399902343751,-266.4000000000001,-188.1791748046876,-163.6800018310547,39.840039062499955,148.684814453125
1763687396.266921,3,3,1,0.10295926518480569,-0.04768045375610761,-0.8457131906634936,-0.005229403167720698,0.004119082516500568,-0.0015779742249061768,240.4800048828124,-95.99997558593748,117.70888671874991,99.84002075195315,-0.9599975585937273,54.98247070312482,70.07998046874991,398.8800292968749,368.614501953125,-325.4400390625001,-247.2000488281251,-188.1791748046876,-151.6800018310547,39.840039062499955,140.94091796875
1763687396.3639188,3,3,1,0.1739525042142942,-0.01729363952609626,-0.7847447603343966,-0.005642463148064966,0.00556263212193712,-0.0017171015283595418,218.8800292968749,-95.99997558593748,109.96474609374991,87.84002075195315,-8.160009765624977,47.23833007812482,70.07998046874991,370.0799804687499,360.870361328125,-299.0401367187501,-230.4000000000001,-168.8191894531251,-146.8799987792969,37.440014648437455,133.19677734375
1763687396.5664608,3,3,1,0.047488179602617434,0.012546658208244644,-0.5222732035413509,-0.0038260512734321676,0.006978917396936931,-0.0011479291330324566,192.4800048828124,-88.79996337890623,98.34877929687491,75.84002075195315,-10.560003662109352,43.36625976562482,62.87990722656241,326.8800292968749,318.278564453125,-263.0401367187501,-192.0000976562501,-149.4592041015626,-134.8799987792969,35.039990234374955,117.708740234375
1763687396.7541473,3,3,1,0.1289784590306588,0.06679275663492146,-0.24866193390274452,-0.0021069701371874035,0.005299031988833932,-0.0013609898551031894,173.2799316406249,-81.60001220703123,82.86074218749991,71.04000244140627,-5.760015869140602,35.62236328124982,58.07998046874991,290.8800292968749,295.04638671875,-234.2400878906251,-168.0000976562501,-137.84317626953134,-122.8799987792969,32.639965820312455,102.220703125
1763687397.7638679,3,3,1,-0.27480468723251883,0.40364990592684297,0.23125025813671363,0.0067027919700586944,0.012467356938600554,-0.0014895911854653017,106.07998046874991,-74.39999999999998,44.14077148437491,44.6400085449219,-0.9599975585937273,16.262255859374818,48.48000488281241,178.0799804687499,202.118408203125,-150.2400878906251,-84.00009765625009,-99.12320556640634,-86.8799987792969,32.639965820312455,44.140869140625
1763687398.0638704,3,3,1,0.08464614483969504,-0.03791843125908595,0.23821123961431295,-0.002469665154314023,0.0059276865243673114,-0.00047543298965746196,94.07998046874991,-71.99997558593748,36.39687499999991,44.6400085449219,-3.3599914550781023,4.646289062499818,46.07998046874991,163.6799560546874,186.63037109375,-140.6399902343751,-64.80014648437509,-87.50717773437509,-84.48000488281252,32.639965820312455,44.140869140625
1763687398.3705065,3,3,1,0.6249778314067602,-0.4521627138730796,0.2669245611112646,-0.009556179108207816,-0.0037054688680891053,-0.001168467588215336,86.88002929687491,-74.39999999999998,32.52480468749991,42.24001464843752,-0.9599975585937273,0.7744628906248181,48.48000488281241,151.6799560546874,175.014404296875,-131.0401367187501,-57.59995117187509,-83.63522949218759,-82.08001098632815,32.639965820312455,36.396728515625
1763687398.561906,3,3,1,0.16764327150117825,0.03633931772096979,0.3775326661494843,-0.00098103300583896,0.0040361330379316595,-0.0015211064236771432,86.88002929687491,-71.99997558593748,20.90883789062491,42.24001464843752,1.4399963378906477,-6.969677734375182,46.07998046874991,149.2800537109374,171.142333984375,-121.44003906250009,-52.80014648437509,-79.76322021484384,-79.67998657226565,27.840039062499955,32.52490234375
1763687398.6553552,3,3,1,0.22177616564144642,0.05950482559281449,0.2736411980110952,-0.0012935904632890819,0.002696727715919233,-0.000936756277300759,86.88002929687491,-74.39999999999998,32.52480468749991,39.84002075195315,-0.9599975585937273,-6.969677734375182,46.07998046874991,144.4800048828124,175.014404296875,-116.63999023437509,-57.59995117187509,-79.76322021484384,-82.08001098632815,25.440014648437455,36.396728515625
1763687398.7667637,3,3,1,0.1326876856760746,0.06766232856616149,0.22889921490608578,-0.0006023911515441066,0.004036323365859406,-0.0013405619450173325,82.07998046874991,-71.99997558593748,24.78090820312491,37.44002685546877,1.4399963378906477,-10.841748046875182,43.67995605468741,142.0799804687499,167.2705078125,-116.63999023437509,-50.40000000000009,-83.63522949218759,-74.8799987792969,25.440014648437455,32.52490234375
1763687398.8575635,3,3,1,0.14738013037923975,0.048055933608183776,0.24638828577856597,-0.0002492163089798179,0.004014083510798927,-0.0012529506628004632,84.48000488281241,-74.39999999999998,24.78090820312491,37.44002685546877,-3.3599914550781023,-6.969677734375182,46.07998046874991,139.6799560546874,175.014404296875,-116.63999023437509,-50.40000000000009,-87.50717773437509,-77.27999267578127,30.239941406249955,36.396728515625
1763687399.2644005,3,3,1,0.16056291779465554,0.05110478762136128,0.2757254345190848,-0.0012233093557776228,0.004075377183416822,-0.0013252367967469302,79.67995605468741,-69.60001220703123,20.90883789062491,39.84002075195315,-5.760015869140602,-6.969677734375182,41.27993164062491,137.2800537109374,163.3984375,-109.44003906250009,-50.40000000000009,-79.76322021484384,-74.8799987792969,25.440014648437455,28.65283203125
1763687399.3575587,3,3,1,0.14175312628633457,0.06072902403951029,0.2103398808865134,-0.0008329015709487033,0.004420709192262838,-0.001269371741825142,77.27993164062491,-71.99997558593748,24.78090820312491,39.84002075195315,-3.3599914550781023,-6.969677734375182,43.67995605468741,134.8800292968749,163.3984375,-109.44003906250009,-48.00009765625009,-75.89121093750009,-77.27999267578127,30.239941406249955,36.396728515625
1763687399.466767,3,3,1,0.14880789407317246,0.036849433495139625,0.27855279980103204,-0.0006753190506713345,0.004192403804652538,-0.0015550349626326245,77.27993164062491,-71.99997558593748,24.78090820312491,37.44002685546877,-3.3599914550781023,-6.969677734375182,41.27993164062491,132.4800048828124,163.3984375,-104.63999023437509,-40.80014648437509,-79.76322021484384,-77.27999267578127,25.440014648437455,32.52490234375
1763687399.8583028,3,3,1,0.15888136550723597,0.0606201944536469,0.2099887881832742,-0.0008360059625739289,0.0042764882948797805,-0.0015041727953930054,74.88002929687491,-71.99997558593748,20.90883789062491,35.04000244140627,-3.3599914550781023,-10.841748046875182,41.27993164062491,122.88002929687491,159.5263671875,-104.63999023437509,-43.20004882812509,-75.89121093750009,-77.27999267578127,25.440014648437455,20.90869140625
1763687400.0697117,3,3,1,0.16633105136503581,0.09641738562219622,0.2790088370203325,-0.00017493775364423253,0.004030472318808298,-0.0010889591670585118,74.88002929687491,-69.60001220703123,20.90883789062491,35.04000244140627,-3.3599914550781023,-18.585644531250182,41.27993164062491,127.67995605468741,159.5263671875,-104.63999023437509,-40.80014648437509,-72.01920166015634,-74.8799987792969,27.840039062499955,24.78076171875
1763687400.665998,3,3,1,0.14209928971529148,0.081916707798672,0.24503240161918988,-0.0006480760364367326,0.004046893569046017,-0.0013363002824978995,70.07998046874991,-69.60001220703123,20.90883789062491,30.240014648437523,-3.3599914550781023,-14.713574218750182,43.67995605468741,115.67995605468741,144.038330078125,-99.83994140625009,-36.00009765625009,-75.89121093750009,-77.27999267578127,27.840039062499955,17.036865234375
1763687400.8528278,3,3,1,0.13326041403237548,0.05642841002848598,0.22772375600711847,-0.000866443208310422,0.004311203424866386,-0.0014192727818591222,65.27993164062491,-69.60001220703123,17.03676757812491,32.6400085449219,-0.9599975585937273,-14.713574218750182,41.27993164062491,118.07998046874991,147.910400390625,-97.44003906250009,-36.00009765625009,-68.14719238281259,-72.48000488281252,25.440014648437455,20.90869140625
1763687400.8973806,3,3,1,0.14979146091604723,0.0757366924652396,0.29581506222595827,-0.0005254727591634486,0.004276056545708053,-0.0017079822329829537,62.88002929687491,-64.79996337890623,13.164941406249909,27.840020751953148,-5.760015869140602,-14.713574218750182,38.87990722656241,120.48000488281241,147.910400390625,-99.83994140625009,-38.40000000000009,-72.01920166015634,-70.08001098632815,23.039990234374955,24.78076171875
1763687400.9917226,3,3,1,0.17727181414245166,0.06376894832759966,0.26017404660840765,-0.0009513723965489133,0.0032785792761182682,-0.0014873487094058848,67.67995605468741,-67.19998779296873,17.03676757812491,27.840020751953148,-5.760015869140602,-14.713574218750182,41.27993164062491,118.07998046874991,147.910400390625,-97.44003906250009,-36.00009765625009,-68.14719238281259,-70.08001098632815,27.840039062499955,24.78076171875
1763687401.1023483,3,3,1,0.1502332405719385,0.04590379009469166,0.209643297630199,-0.0009521492976005816,0.004348706648825593,-0.0012689010601627127,67.67995605468741,-69.60001220703123,17.03676757812491,32.6400085449219,-3.3599914550781023,-14.713574218750182,43.67995605468741,115.67995605468741,147.910400390625,-92.63999023437509,-36.00009765625009,-72.01920166015634,-70.08001098632815,25.440014648437455,17.036865234375
1763687401.1965,3,3,1,0.16784795410013784,0.10596118576880628,0.22765161161222536,-0.0004519904656627052,0.0040074268407371445,-0.0012657321253908376,67.67995605468741,-67.19998779296873,13.164941406249909,30.240014648437523,-0.9599975585937273,-14.713574218750182,38.87990722656241,115.67995605468741,144.038330078125,-97.44003906250009,-33.59995117187509,-75.89121093750009,-72.48000488281252,27.840039062499955,17.036865234375
1763687401.4642055,3,3,1,0.1411921772876984,0.07208164358782597,0.2112599362426923,-0.0005623088012121488,0.004142373339776481,-0.0009561885685266044,65.27993164062491,-67.19998779296873,17.03676757812491,27.840020751953148,-0.9599975585937273,-10.841748046875182,41.27993164062491,110.88002929687491,147.910400390625,-97.44003906250009,-31.20004882812509,-68.14719238281259,-72.48000488281252,23.039990234374955,20.90869140625
1763687401.583715,3,3,1,0.13184645689887595,0.07663032973897148,0.22940895821518528,-0.0003621873499639861,0.004325400166750853,-0.00126186722489517,67.67995605468741,-67.19998779296873,17.03676757812491,27.840020751953148,-0.9599975585937273,-14.713574218750182,38.87990722656241,113.28005371093741,147.910400390625,-90.24008789062509,-33.59995117187509,-60.40317382812509,-67.67998657226565,27.840039062499955,20.90869140625
1763687401.7579625,3,3,1,0.16838167996492512,0.047480151718756476,0.22600102020877938,-0.0010997743671197634,0.003726773242167113,-0.0014986249359269916,67.67995605468741,-71.99997558593748,13.164941406249909,27.840020751953148,-3.3599914550781023,-14.713574218750182,36.48000488281241,110.88002929687491,140.16650390625,-92.63999023437509,-33.59995117187509,-64.27518310546884,-70.08001098632815,25.440014648437455,9.292724609375
1763687402.0559037,3,3,1,0.1516634606309872,0.0787030118503585,0.2612217225679199,-0.0008290202783372909,0.0034948027169817986,-0.0012530183374954613,55.67995605468741,-71.99997558593748,17.03676757812491,30.240014648437523,-0.9599975585937273,-30.201611328125182,38.87990722656241,108.48000488281241,136.29443359375,-90.24008789062509,-28.80014648437509,-64.27518310546884,-65.27999267578127,25.440014648437455,9.292724609375
1763687402.3672266,3,3,1,0.16766734547738396,0.05729369953717069,0.24329682967100985,-0.0008401708911194195,0.003826134340410752,-0.0011794200665834155,60.48000488281241,-69.60001220703123,13.164941406249909,30.240014648437523,-3.3599914550781023,-10.841748046875182,38.87990722656241,108.48000488281241,136.29443359375,-85.44003906250009,-33.59995117187509,-68.14719238281259,-67.67998657226565,25.440014648437455,17.036865234375
1763687402.4617677,3,3,1,0.1670701531534714,0.07671081154436316,0.3117392285953319,-0.0004960960504660781,0.003935208358484505,-0.001233328464011309,62.88002929687491,-67.19998779296873,13.164941406249909,30.240014648437523,-0.9599975585937273,-14.713574218750182,43.67995605468741,108.48000488281241,136.29443359375,-85.44003906250009,-36.00009765625009,-64.27518310546884,-67.67998657226565,25.440014648437455,13.164794921875
1763687402.552886,3,3,1,0.14053030989556234,0.0625652618941834,0.29595713458063216,-0.0004473067739299225,0.004068859052635805,-0.0010027890730268877,58.07998046874991,-64.79996337890623,17.03676757812491,27.840020751953148,-3.3599914550781023,-14.713574218750182,41.27993164062491,101.28005371093741,140.16650390625,-90.24008789062509,-28.80014648437509,-68.14719238281259,-65.27999267578127,25.440014648437455,9.292724609375
1763687402.8634112,3,3,1,0.1854867029868093,0.10969066578935431,0.26179377035116486,-0.00039898796666195833,0.002923273471202992,-0.0012539691005883273,60.48000488281241,-64.79996337890623,9.292871093749909,25.439996337890648,-3.3599914550781023,-18.585644531250182,38.87990722656241,106.07998046874991,132.42236328125,-83.04013671875009,-31.20004882812509,-68.14719238281259,-67.67998657226565,23.039990234374955,20.90869140625
1763687402.9564738,3,3,1,0.2011081810782418,0.07515816219692158,0.2766987002707584,-0.0005214820428783079,0.004015830588629121,-0.0014805338598433016,58.07998046874991,-64.79996337890623,13.164941406249909,27.840020751953148,1.4399963378906477,-22.457714843750182,38.87990722656241,103.67995605468741,132.42236328125,-85.44003906250009,-28.80014648437509,-72.01920166015634,-65.27999267578127,25.440014648437455,13.164794921875
1763687403.1602964,3,3,1,0.12294372476578934,0.04121568518129768,0.21192322369594846,-0.0006633786844815843,0.004592085821676668,-0.001422573809761344,0,0,0,0,0,0,0,0,0,0,0,0,0,0,0
1763687403.4594724,3,3,1,0.11394214060314384,0.05807533649982999,0.23065964663099223,-0.00035004410244631997,0.004205324196182075,-0.0014160299275166035,58.07998046874991,-69.60001220703123,20.90883789062491,25.439996337890648,-3.3599914550781023,-14.713574218750182,41.27993164062491,110.88002929687491,140.16650390625,-92.63999023437509,-36.00009765625009,-60.40317382812509,-62.8799987792969,25.440014648437455,17.036865234375
1763687404.6604896,3,3,1,0.10814824544059454,0.07496025701141741,-0.2385158580981443,0.000664476543367649,0.005511173881747512,-0.00048580618756396423,72.48000488281241,-67.19998779296873,24.78090820312491,23.040002441406273,-5.760015869140602,-10.841748046875182,41.27993164062491,125.28005371093741,155.654541015625,-107.04013671875009,-52.80014648437509,-75.89121093750009,-74.8799987792969,23.039990234374955,17.036865234375
1763687404.9570413,3,3,1,0.13303294144540098,0.11372676200018608,-0.20259841018643637,0.0013444189465494345,0.004365543109556269,-0.0003174370050524934,65.27993164062491,-67.19998779296873,24.78090820312491,18.240014648437523,-8.160009765624977,-14.713574218750182,43.67995605468741,120.48000488281241,151.782470703125,-104.63999023437509,-52.80014648437509,-72.01920166015634,-77.27999267578127,27.840039062499955,17.036865234375
1763687408.1746864,3,3,1,0.16522140882452702,0.0756917270064115,0.2285286201282455,-0.00019793506809807166,0.004321499384955885,-0.0012615640240410755,48.48000488281241,-64.79996337890623,5.420800781249909,20.640008544921898,-5.760015869140602,-22.457714843750182,41.27993164062491,91.67995605468741,132.42236328125,-78.24008789062509,-26.40000000000009,-56.53122558593759,-62.8799987792969,23.039990234374955,-2.3232421875
1763687408.3685756,3,3,1,0.17626412527651464,0.10863734747894672,0.27710218407399523,-0.00041470949413587163,0.0044998066910803,-0.001091712068661596,48.48000488281241,-64.79996337890623,17.03676757812491,18.240014648437523,-5.760015869140602,-30.201611328125182,38.87990722656241,86.88002929687491,124.678466796875,-75.83994140625009,-26.40000000000009,-56.53122558593759,-58.08001098632815,23.039990234374955,5.4208984375
1763687408.5564213,3,3,1,0.11386641811992303,0.07545803115881218,0.2810622058596596,-0.00020005611701123067,0.004773162383501173,-0.001476952889022504,46.07998046874991,-64.79996337890623,13.164941406249909,20.640008544921898,-5.760015869140602,-22.457714843750182,41.27993164062491,89.28005371093741,128.550537109375,-83.04013671875009,-24.00009765625009,-60.40317382812509,-65.27999267578127,23.039990234374955,9.292724609375
1763687408.663874,3,3,1,0.1849500921357965,0.07602125582426586,0.32743123560081966,-0.0006675693750564232,0.0038772318116750823,-0.0014630684564594326,46.07998046874991,-62.39999999999998,13.164941406249909,18.240014648437523,-5.760015869140602,-22.457714843750182,38.87990722656241,84.48000488281241,124.678466796875,-73.44003906250009,-21.59995117187509,-60.40317382812509,-67.67998657226565,23.039990234374955,5.4208984375
1763687408.7568834,3,3,1,0.11719094886316309,0.05732482416112706,0.3286595812834142,-0.0009912611988947728,0.00417432598645082,-0.0011492377210614733,43.67995605468741,-62.39999999999998,9.292871093749909,18.240014648437523,-5.760015869140602,-26.329541015625182,41.27993164062491,84.48000488281241,120.806396484375,-73.44003906250009,-19.20004882812509,-60.40317382812509,-62.8799987792969,25.440014648437455,-6.195068359375
1763687408.869053,3,3,1,0.15185257362472357,0.06447633034806866,0.2423390784028268,-0.0011297795515168014,0.0045198995452935846,-0.0013377831035380756,48.48000488281241,-62.39999999999998,1.548730468749909,15.840020751953148,-8.160009765624977,-30.201611328125182,41.27993164062491,86.88002929687491,113.0625,-68.63999023437509,-19.20004882812509,-60.40317382812509,-60.48000488281252,23.039990234374955,1.548828125
1763687409.8768713,3,3,1,0.15986411375029702,0.08050030646680828,0.24368293893207937,-0.0008324083221971546,0.00417517693149093,-0.0015720780874674723,43.67995605468741,-64.79996337890623,5.420800781249909,20.640008544921898,-3.3599914550781023,-34.07368164062518,41.27993164062491,79.67995605468741,113.0625,-66.24008789062509,-16.80014648437509,-60.40317382812509,-58.08001098632815,23.039990234374955,-6.195068359375
1763687410.3643012,3,3,1,0.17635365430207114,0.10025007246623563,0.26054934105704813,-0.0004865443624989655,0.004124485539585884,-0.0011754678498330684,43.67995605468741,-64.79996337890623,1.548730468749909,20.640008544921898,-0.9599975585937273,-22.457714843750182,38.87990722656241,77.28005371093741,116.934326171875,-66.24008789062509,-21.59995117187509,-56.53122558593759,-62.8799987792969,23.039990234374955,-10.067138671875
1763687410.579376,3,3,1,0.1589444033496191,0.051539394302001926,0.22659776541840276,-0.0008994304509170516,0.0040891483913622195,-0.0013413967316497992,41.27993164062491,-62.39999999999998,1.548730468749909,15.840020751953148,-0.9599975585937273,-30.201611328125182,38.87990722656241,77.28005371093741,109.1904296875,-66.24008789062509,-16.80014648437509,-56.53122558593759,-60.48000488281252,20.639965820312455,-10.067138671875
1763687411.2690418,3,3,1,0.16053896909593415,0.08000496085475145,0.20926734515677492,-0.0010155058836338036,0.0042562441498555995,-0.0015851143473163487,41.27993164062491,-64.79996337890623,1.548730468749909,18.240014648437523,-3.3599914550781023,-30.201611328125182,38.87990722656241,74.88002929687491,109.1904296875,-66.24008789062509,-9.599951171875091,-56.53122558593759,-58.08001098632815,23.039990234374955,-2.3232421875
1763687411.3625069,3,3,1,0.12394109813059329,0.08909836377282862,0.2630352023544076,-0.00043537927622093724,0.004868255598807504,-0.0017201998231214542,38.88002929687491,-62.39999999999998,-2.323095703125091,8.640008544921898,-3.3599914550781023,-30.201611328125182,36.48000488281241,77.28005371093741,109.1904296875,-66.24008789062509,-12.000097656250091,-52.65921630859384,-60.48000488281252,20.639965820312455,-10.067138671875
1763687411.6578186,3,3,1,0.19123775499909898,0.08299497542790221,0.22824543404602843,-0.0001242498929325312,0.003533111692621922,-0.0011059377720242934,38.88002929687491,-59.99997558593748,-2.323095703125091,18.240014648437523,-3.3599914550781023,-22.457714843750182,38.87990722656241,74.88002929687491,109.1904296875,-61.44003906250009,-16.80014648437509,-52.65921630859384,-55.67998657226565,23.039990234374955,-6.195068359375
1763687412.063199,3,3,1,0.15889435346043937,0.050608467131923046,0.26027039274829095,-0.0009041014968369926,0.004284041226287483,-0.0015638095598610828,38.88002929687491,-62.39999999999998,-2.323095703125091,18.240014648437523,1.4399963378906477,-30.201611328125182,36.48000488281241,72.48000488281241,109.1904296875,-63.83994140625009,-9.599951171875091,-60.40317382812509,-58.08001098632815,20.639965820312455,-6.195068359375
1763687412.2798073,3,3,1,0.14318170857572562,0.06852967088587762,0.22607250660756362,-0.0011127556616823552,0.004783993590672448,-0.0016564980199742178,41.27993164062491,-67.19998779296873,-2.323095703125091,15.840020751953148,-3.3599914550781023,-26.329541015625182,41.27993164062491,72.48000488281241,109.1904296875,-61.44003906250009,-14.400000000000091,-56.53122558593759,-62.8799987792969,20.639965820312455,-6.195068359375
1763687412.5625536,3,3,1,0.16622780242799745,0.0683814986050664,0.2113877191873822,-0.0004206088626877002,0.0036512698400599976,-0.0011118081035118245,34.07998046874991,-67.19998779296873,1.548730468749909,13.439996337890648,-3.3599914550781023,-37.94575195312518,38.87990722656241,74.88002929687491,109.1904296875,-66.24008789062509,-12.000097656250091,-52.65921630859384,-55.67998657226565,23.039990234374955,-6.195068359375
1763687412.7674778,3,3,1,0.1570097949597441,0.09278287830040403,0.22989091897949293,-5.483908640172919e-05,0.0038295450685833085,-0.0012620185891020184,0,0,0,0,0,0,0,0,0,0,0,0,0,0,0
1763687412.8695977,3,3,1,0.1750760010910185,0.04998277555847193,0.2090270503585033,-0.0007449327384898064,0.004415728416323239,-0.0011123302899814912,41.27993164062491,-64.79996337890623,1.548730468749909,18.240014648437523,-3.3599914550781023,-34.07368164062518,38.87990722656241,67.67995605468741,101.446533203125,-61.44003906250009,-14.400000000000091,-60.40317382812509,-60.48000488281252,18.239941406249955,1.548828125
1763687413.1681411,3,3,1,0.14431499649774132,0.06206498910673347,0.22571767177785407,-0.0013160297820847405,0.003924048342758775,-0.001266231950099988,36.48000488281241,-62.39999999999998,-2.323095703125091,15.840020751953148,-3.3599914550781023,-30.201611328125182,41.27993164062491,77.28005371093741,113.0625,-63.83994140625009,-12.000097656250091,-56.53122558593759,-58.08001098632815,15.840039062499955,-6.195068359375
1763687413.9620934,3,3,1,0.09545180980833086,0.0062280740667565,-0.2098253289116398,-0.0008892114523071062,0.0052357489465106296,-0.00031993559259485327,58.07998046874991,-62.39999999999998,13.164941406249909,20.640008544921898,-3.3599914550781023,-18.585644531250182,36.48000488281241,103.67995605468741,136.29443359375,-95.04013671875009,-45.59995117187509,-72.01920166015634,-67.67998657226565,23.039990234374955,9.292724609375
1763687414.3633466,3,3,1,0.20495706365284538,0.17661285480639352,-0.3593864923579968,0.0009679858745086931,0.0051155630305084795,-0.0005372060063240515,72.48000488281241,-67.19998779296873,28.65273437499991,23.040002441406273,-5.760015869140602,-10.841748046875182,43.67995605468741,137.2800537109374,167.2705078125,-123.83994140625009,-72.00009765625009,-83.63522949218759,-72.48000488281252,23.039990234374955,20.90869140625
1763687414.4563801,3,3,1,0.08773253966725042,0.04116566779729628,-0.5994516022180567,-0.0012613118937280364,0.007592697854021371,-0.0009323403864529976,74.88002929687491,-69.60001220703123,28.65273437499991,23.040002441406273,-8.160009765624977,-14.713574218750182,46.07998046874991,146.8800292968749,182.758544921875,-131.0401367187501,-81.59995117187509,-83.63522949218759,-82.08001098632815,30.239941406249955,17.036865234375
1763687414.860283,3,3,1,0.0794876614603785,0.01181698499780266,-1.1499496849003061,-0.004025576113605291,0.009614739427538793,-0.0005907217193191809,110.88002929687491,-71.99997558593748,51.88491210937491,37.44002685546877,-5.760015869140602,8.518359374999818,46.07998046874991,199.6800781249999,233.094482421875,-176.6399902343751,-122.40000000000009,-102.99521484375009,-91.67998657226565,30.239941406249955,44.140869140625
1763687414.9548073,3,3,1,0.10539458478972764,0.06114539978549761,-1.063218302663751,-0.003418541984205341,0.008187368982698005,-0.0007964264373426746,108.48000488281241,-71.99997558593748,51.88491210937491,32.6400085449219,-5.760015869140602,4.646289062499818,50.87990722656241,202.0799804687499,233.094482421875,-176.6399902343751,-127.20004882812509,-106.86722412109384,-98.8799987792969,35.039990234374955,44.140869140625
1763687415.0624,3,3,1,0.12193710768172858,0.08228221600320887,-1.1126755410163123,-0.0030894987875240663,0.007760715095236602,-0.0008928798896146099,113.27993164062491,-74.39999999999998,51.88491210937491,30.240014648437523,-8.160009765624977,4.646289062499818,53.27993164062491,199.6800781249999,225.350341796875,-176.6399902343751,-122.40000000000009,-102.99521484375009,-89.27999267578127,32.639965820312455,44.140869140625
1763687415.1576192,3,3,1,0.08528470391353067,0.0245465324447686,-1.0100445113607586,-0.003024401578982217,0.007816754241266759,-0.0006161011792860454,108.48000488281241,-69.60001220703123,48.01284179687491,32.6400085449219,-0.9599975585937273,8.518359374999818,50.87990722656241,202.0799804687499,229.222412109375,-169.4400390625001,-124.80014648437509,-102.99521484375009,-98.8799987792969,32.639965820312455,40.268798828125
1763687415.2688022,3,3,1,0.11071775092626639,0.0328345699971298,-0.9583598272884388,-0.0027678413085629127,0.006767951013825798,-0.0009103455272678759,110.88002929687491,-74.39999999999998,48.01284179687491,37.44002685546877,-8.160009765624977,0.7744628906248181,53.27993164062491,202.0799804687499,229.222412109375,-171.8399414062501,-124.80014648437509,-99.12320556640634,-96.48000488281252,32.639965820312455,48.0126953125
1763687415.3622382,3,3,1,0.14660292453141482,0.07156900870269886,-1.0276956516562414,-0.002795867140500472,0.006625228869252679,-0.0006261391397942482,108.48000488281241,-71.99997558593748,48.01284179687491,30.240014648437523,-10.560003662109352,4.646289062499818,53.27993164062491,199.6800781249999,221.478515625,-169.4400390625001,-122.40000000000009,-95.25119628906259,-94.08001098632815,32.639965820312455,44.140869140625
1763687415.4543927,3,3,1,0.14419362118551257,0.0527649684950704,-1.0430173080822158,-0.0024479982866954957,0.006559228665123725,-0.0005502586491102607,110.88002929687491,-71.99997558593748,48.01284179687491,30.240014648437523,-5.760015869140602,4.646289062499818,50.87990722656241,202.0799804687499,233.094482421875,-171.8399414062501,-124.80014648437509,-95.25119628906259,-94.08001098632815,35.039990234374955,40.268798828125
1763687415.5621405,3,3,1,0.11569681946075239,0.06949507243748562,-1.0044584332250064,-0.0016423353191158997,0.006451196352369022,-0.0010033948888222572,108.48000488281241,-74.39999999999998,44.14077148437491,32.6400085449219,-8.160009765624977,4.646289062499818,46.07998046874991,202.0799804687499,225.350341796875,-169.4400390625001,-122.40000000000009,-95.25119628906259,-98.8799987792969,27.840039062499955,40.268798828125
1763687415.5891716,3,3,1,0.12569129398334114,0.03461994034960463,-0.9568923325602752,-0.002238028847451962,0.006363262612525327,-0.0006732877704123839,106.07998046874991,-76.79996337890623,55.75673828124991,30.240014648437523,-5.760015869140602,4.646289062499818,50.87990722656241,202.0799804687499,225.350341796875,-171.8399414062501,-122.40000000000009,-95.25119628906259,-96.48000488281252,32.639965820312455,44.140869140625
1763687415.6831832,3,3,1,0.14220853427730207,0.044932803137614524,-0.9226507425924602,-0.001975211514428224,0.006135598699430524,-0.000817318478419351,110.88002929687491,-74.39999999999998,48.01284179687491,32.6400085449219,-0.9599975585937273,12.390429687499818,48.48000488281241,197.2799316406249,229.222412109375,-171.8399414062501,-122.40000000000009,-99.12320556640634,-94.08001098632815,30.239941406249955,44.140869140625
1763687415.8563604,3,3,1,0.13393021762801222,0.03722946110037269,-1.007848339660716,-0.0022432865584648297,0.0068521997820561245,-0.0010044070281331958,110.88002929687491,-79.19998779296873,51.88491210937491,30.240014648437523,-5.760015869140602,4.646289062499818,48.48000488281241,202.0799804687499,225.350341796875,-174.2400878906251,-124.80014648437509,-99.12320556640634,-98.8799987792969,27.840039062499955,40.268798828125
1763687416.0624578,3,3,1,0.14239971365297405,0.1038494185722316,-0.9890883720978858,-0.0015058541315728542,0.006302426679238634,-0.00037504910083465326,106.07998046874991,-71.99997558593748,44.14077148437491,32.6400085449219,-3.3599914550781023,4.646289062499818,55.67995605468741,202.0799804687499,225.350341796875,-169.4400390625001,-122.40000000000009,-99.12320556640634,-94.08001098632815,27.840039062499955,44.140869140625
1763687416.1678412,3,3,1,0.12324535732098243,0.053017967791313965,-0.9716605416437891,-0.001595793023675333,0.006858627656335878,-0.0007554317275681714,113.27993164062491,-71.99997558593748,48.01284179687491,25.439996337890648,-8.160009765624977,0.7744628906248181,48.48000488281241,199.6800781249999,221.478515625,-169.4400390625001,-124.80014648437509,-106.86722412109384,-91.67998657226565,30.239941406249955,44.140869140625
1763687416.262799,3,3,1,0.11806612837181278,0.07690033509915804,-0.8725315318082607,-0.002041478941443199,0.006900711985226404,-0.0006458484545005844,108.48000488281241,-74.39999999999998,48.01284179687491,30.240014648437523,-5.760015869140602,0.7744628906248181,46.07998046874991,202.0799804687499,229.222412109375,-167.0401367187501,-127.20004882812509,-95.25119628906259,-98.8799987792969,32.639965820312455,48.0126953125
1763687416.3690886,3,3,1,0.12571860378007776,0.05432061237263258,-1.0064860410430339,-0.0021001905787295934,0.006360245467765588,-0.0010048615932278363,108.48000488281241,-74.39999999999998,51.88491210937491,30.240014648437523,-8.160009765624977,0.7744628906248181,50.87990722656241,197.2799316406249,221.478515625,-169.4400390625001,-127.20004882812509,-99.12320556640634,-96.48000488281252,27.840039062499955,44.140869140625
1763687416.5561998,3,3,1,0.1258088647443566,0.09236822665399992,-0.9891465276486296,-0.0017864239342079281,0.006731895014282087,-0.0009223758925814946,108.48000488281241,-74.39999999999998,51.88491210937491,30.240014648437523,-10.560003662109352,0.7744628906248181,48.48000488281241,197.2799316406249,221.478515625,-167.0401367187501,-122.40000000000009,-95.25119628906259,-98.8799987792969,27.840039062499955,48.0126953125
1763687416.8683655,3,3,1,0.13226359436632618,0.06002188266203145,-0.8701644414126181,-0.0015026276249072348,0.006231726717162225,-0.0007977544529351154,108.48000488281241,-74.39999999999998,51.88491210937491,30.240014648437523,-8.160009765624977,4.646289062499818,53.27993164062491,194.8800292968749,233.094482421875,-171.8399414062501,-122.40000000000009,-99.12320556640634,-94.08001098632815,32.639965820312455,44.140869140625
1763687416.9624407,3,3,1,0.14234923512752504,0.05477376936620171,-0.8720149602987975,-0.001877658722013385,0.0061384000336163124,-0.0007214870721456513,110.88002929687491,-71.99997558593748,51.88491210937491,27.840020751953148,-8.160009765624977,4.646289062499818,50.87990722656241,202.0799804687499,229.222412109375,-169.4400390625001,-120.00009765625009,-102.99521484375009,-101.27999267578127,32.639965820312455,40.268798828125
1763687417.0575032,3,3,1,0.12643203298328393,0.05292766009091866,-0.9570257176226449,-0.0022666898419202966,0.006637926859507347,-0.0009877410236234538,113.27993164062491,-69.60001220703123,44.14077148437491,25.439996337890648,-3.3599914550781023,0.7744628906248181,55.67995605468741,202.0799804687499,225.350341796875,-169.4400390625001,-122.40000000000009,-95.25119628906259,-96.48000488281252,30.239941406249955,40.268798828125
1763687417.1629844,3,3,1,0.14335605737533394,0.09560826304186738,-0.9725566460129612,-0.001733198972654094,0.005827089970787003,-0.00044770600818086546,108.48000488281241,-76.79996337890623,55.75673828124991,30.240014648437523,-8.160009765624977,0.7744628906248181,53.27993164062491,197.2799316406249,225.350341796875,-169.4400390625001,-122.40000000000009,-99.12320556640634,-96.48000488281252,30.239941406249955,40.268798828125
1763687417.2073941,3,3,1,0.1409735485374859,0.07578791516150252,-0.9037469817224744,-0.0013752725329723588,0.005961159734925831,-0.0005761410239829189,110.88002929687491,-74.39999999999998,55.75673828124991,32.6400085449219,-8.160009765624977,0.7744628906248181,58.07998046874991,199.6800781249999,229.222412109375,-169.4400390625001,-127.20004882812509,-102.99521484375009,-91.67998657226565,32.639965820312455,40.268798828125
1763687417.3678138,3,3,1,0.16198890467266144,0.08420755291269677,-0.890284531446474,-0.002147677473551288,0.005866366499906793,-0.0009664940393044847,108.48000488281241,-74.39999999999998,51.88491210937491,27.840020751953148,-8.160009765624977,4.646289062499818,53.27993164062491,199.6800781249999,221.478515625,-169.4400390625001,-127.20004882812509,-99.12320556640634,-96.48000488281252,32.639965820312455,36.396728515625
1763687417.4116833,3,3,1,0.13527009004645246,0.059408810909079304,-0.9232851838865286,-0.0021945713212281766,0.00618865290160262,-0.0008197265462726903,108.48000488281241,-76.79996337890623,48.01284179687491,32.6400085449219,-8.160009765624977,-3.097607421875182,53.27993164062491,199.6800781249999,221.478515625,-169.4400390625001,-122.40000000000009,-95.25119628906259,-98.8799987792969,30.239941406249955,36.396728515625
1763687417.568244,3,3,1,0.15869807477244863,0.06468256912014114,-0.9057843403827778,-0.0016293475540825407,0.006084907308492786,-0.00042070824159302076,101.27993164062491,-74.39999999999998,40.26894531249991,27.840020751953148,-8.160009765624977,0.7744628906248181,50.87990722656241,180.4800048828124,205.990478515625,-157.4400390625001,-110.40000000000009,-91.37918701171884,-91.67998657226565,35.039990234374955,32.52490234375
1763687417.5972636,3,3,1,0.13337647268561142,0.07949383154835095,-0.7350420969790588,-0.0014826541503706269,0.006147681207840139,-0.0012984097756855535,96.48000488281241,-71.99997558593748,36.39687499999991,25.439996337890648,-3.3599914550781023,-3.097607421875182,48.48000488281241,180.4800048828124,205.990478515625,-152.6399902343751,-110.40000000000009,-95.25119628906259,-86.8799987792969,25.440014648437455,36.396728515625
1763687417.7558117,3,3,1,0.15656193292977721,0.06247821780142132,-0.6176437600076481,-0.0010774697031883727,0.0066229983366115274,-0.0010186811156796792,84.48000488281241,-74.39999999999998,36.39687499999991,20.640008544921898,-10.560003662109352,-10.841748046875182,55.67995605468741,163.6799560546874,198.246337890625,-135.8399414062501,-93.59995117187509,-83.63522949218759,-86.8799987792969,30.239941406249955,20.90869140625
1763687417.7996004,3,3,1,0.13942312296455056,0.0523379180371331,-0.5665002557522458,-0.001155542270812974,0.006781683753100159,-0.0013124614994465518,82.07998046874991,-74.39999999999998,36.39687499999991,18.240014648437523,-12.959997558593727,-18.585644531250182,48.48000488281241,154.0799804687499,182.758544921875,-131.0401367187501,-91.20004882812509,-75.89121093750009,-86.8799987792969,27.840039062499955,28.65283203125
1763687417.955942,3,3,1,0.14938583825997218,0.06539399980780838,-0.32918320545153074,-0.0009464237573163203,0.004657791956849265,-0.0008375370517238858,74.88002929687491,-69.60001220703123,20.90883789062491,20.640008544921898,-8.160009765624977,-14.713574218750182,46.07998046874991,137.2800537109374,175.014404296875,-119.04013671875009,-76.80014648437509,-68.14719238281259,-79.67998657226565,25.440014648437455,17.036865234375
1763687418.1621773,3,3,1,0.05013224398255488,0.07671904078583859,-0.27258920874450965,0.0001450377946236685,0.006654658032462263,-0.0005780145670338026,58.07998046874991,-67.19998779296873,17.03676757812491,13.439996337890648,-8.160009765624977,-18.585644531250182,41.27993164062491,118.07998046874991,159.5263671875,-102.24008789062509,-52.80014648437509,-64.27518310546884,-70.08001098632815,27.840039062499955,5.4208984375
1763687419.2809682,3,3,1,0.1511244325809313,0.06529445853153591,0.22578517161570616,-0.0009483291923790293,0.004426743607667271,-0.0008738994916975663,38.88002929687491,-59.99997558593748,1.548730468749909,15.840020751953148,-0.9599975585937273,-26.329541015625182,36.48000488281241,74.88002929687491,113.0625,-61.44003906250009,-14.400000000000091,-52.65921630859384,-58.08001098632815,23.039990234374955,-10.067138671875
1763687419.5943305,3,3,1,0.15059321056440442,0.0760868934779191,0.2781855346032821,-0.0006891706463081032,0.004167408061370443,-0.0014805083435231242,38.88002929687491,-62.39999999999998,1.548730468749909,15.840020751953148,-5.760015869140602,-30.201611328125182,41.27993164062491,72.48000488281241,105.318359375,-63.83994140625009,-16.80014648437509,-56.53122558593759,-60.48000488281252,20.639965820312455,-10.067138671875
1763687419.609814,3,3,1,0.17620117409582325,0.09029040522006648,0.2101689622108523,-0.0005906378663506438,0.004125139999930514,-0.0015057715927601289,34.07998046874991,-59.99997558593748,-2.323095703125091,13.439996337890648,-3.3599914550781023,-37.94575195312518,38.87990722656241,72.48000488281241,105.318359375,-63.83994140625009,-16.80014648437509,-56.53122558593759,-60.48000488281252,20.639965820312455,-6.195068359375
1763687419.8133216,3,3,1,0.14111856866953437,0.07091331439659886,0.24544337064761784,-0.0005800612730345331,0.004344177761825847,-0.0016475460699022122,36.48000488281241,-62.39999999999998,-2.323095703125091,13.439996337890648,-5.760015869140602,-34.07368164062518,36.48000488281241,70.07998046874991,105.318359375,-61.44003906250009,-12.000097656250091,-60.40317382812509,-55.67998657226565,20.639965820312455,-6.195068359375
1763687420.1708174,3,3,1,0.17741087725227597,0.04861133964236576,0.27496402978233314,-0.0012568027158526996,0.004498568939367829,-0.001794526303821865,38.88002929687491,-59.99997558593748,5.420800781249909,20.640008544921898,-3.3599914550781023,-37.94575195312518,38.87990722656241,70.07998046874991,105.318359375,-61.44003906250009,-14.400000000000091,-56.53122558593759,-60.48000488281252,20.639965820312455,-6.195068359375
1763687420.3895907,3,3,1,0.16836899534503855,0.05578204622421892,0.29301255670940496,-0.0010132108700725635,0.004107271525947844,-0.0013967718335368112,38.88002929687491,-64.79996337890623,1.548730468749909,15.840020751953148,-3.3599914550781023,-34.07368164062518,38.87990722656241,72.48000488281241,101.446533203125,-63.83994140625009,-9.599951171875091,-56.53122558593759,-58.08001098632815,20.639965820312455,-10.067138671875
1763687420.5654068,3,3,1,0.15786483029722667,0.09281029675655963,0.2632308919049215,-0.0002168897710659646,0.0037329853033918926,-0.0014853920519842826,38.88002929687491,-55.19998779296873,1.548730468749909,13.439996337890648,-3.3599914550781023,-34.07368164062518,38.87990722656241,70.07998046874991,101.446533203125,-66.24008789062509,-7.200048828125091,-56.53122558593759,-60.48000488281252,13.440014648437455,-6.195068359375
1763687420.983721,3,3,1,0.17593431142412969,0.1130230627344186,0.24534904585604847,-0.00021150301190436078,0.0034719085298632107,-0.0011027787090369479,0,0,0,0,0,0,0,0,0,0,0,0,0,0,0
1763687421.1605535,3,3,1,0.1608822867149632,0.07330877907703809,0.2262866344328633,-0.0010485414038565524,0.003501491592831952,-0.0011878498302433978,34.07998046874991,-59.99997558593748,5.420800781249909,13.439996337890648,-5.760015869140602,-34.07368164062518,34.07998046874991,65.28005371093741,97.574462890625,-56.63999023437509,-9.599951171875091,-56.53122558593759,-55.67998657226565,18.239941406249955,-13.939208984375
1763687421.4804227,3,3,1,0.15178871717210055,0.05454998356414585,0.2421619894924908,-0.0012126037141319598,0.004522275344454733,-0.0014155171889816567,34.07998046874991,-59.99997558593748,-6.195166015625091,13.439996337890648,-0.9599975585937273,-37.94575195312518,34.07998046874991,62.88002929687491,101.446533203125,-56.63999023437509,-7.200048828125091,-60.40317382812509,-55.67998657226565,18.239941406249955,-10.067138671875
1763687421.561549,3,3,1,0.1855736889914507,0.08472541138151278,0.27615126104905346,-0.0007807017350460466,0.0041421831402363,-0.001404408443468875,34.07998046874991,-62.39999999999998,-2.323095703125091,11.040002441406273,-0.9599975585937273,-34.07368164062518,36.48000488281241,67.67995605468741,97.574462890625,-54.24008789062509,-7.200048828125091,-52.65921630859384,-55.67998657226565,23.039990234374955,-6.195068359375
1763687422.3690884,3,3,1,0.18145552354535183,0.05573610591808181,0.24468666660598481,-0.00018336775854884682,0.004280311189822806,-0.00117589012809666,36.48000488281241,-59.99997558593748,-2.323095703125091,13.439996337890648,-3.3599914550781023,-34.07368164062518,38.87990722656241,62.88002929687491,97.574462890625,-51.83994140625009,-9.599951171875091,-52.65921630859384,-58.08001098632815,18.239941406249955,-13.939208984375
1763687422.8593884,3,3,1,0.16641609680286784,0.03514767017622439,0.20893696334460632,-0.0008676167865942067,0.0044914025637459625,-0.0011115308913742098,29.27993164062491,-57.60001220703123,-6.195166015625091,8.640008544921898,-3.3599914550781023,-34.07368164062518,36.48000488281241,65.28005371093741,97.574462890625,-54.24008789062509,-4.800146484375091,-48.78720703125009,-53.27999267578127,15.840039062499955,-17.811279296875
1763687422.9653666,3,3,1,0.14712422792161273,0.06491586420273267,0.22903527831875045,-0.00012027520015191716,0.0047595486814326305,-0.001103536421199017,34.07998046874991,-62.39999999999998,-6.195166015625091,11.040002441406273,-0.9599975585937273,-37.94575195312518,38.87990722656241,65.28005371093741,97.574462890625,-54.24008789062509,-4.800146484375091,-52.65921630859384,-50.8799987792969,13.440014648437455,-10.067138671875
1763687423.0609472,3,3,1,0.16979352321803978,0.045829255882018465,0.2405349428562714,-0.0014362897680970034,0.004078610265858431,-0.0010255959530349437,34.07998046874991,-57.60001220703123,-6.195166015625091,11.040002441406273,1.4399963378906477,-37.94575195312518,31.67995605468741,60.48000488281241,93.702392578125,-54.24008789062509,-4.800146484375091,-52.65921630859384,-53.27999267578127,15.840039062499955,-13.939208984375
1763687423.3591313,3,3,1,0.15809221382707936,0.07939584139689713,0.21093102394882418,-0.0005195187113749911,0.004566645090039031,-0.0015822163264785493,31.67995605468741,-62.39999999999998,-2.323095703125091,11.040002441406273,-3.3599914550781023,-34.07368164062518,43.67995605468741,67.67995605468741,101.446533203125,-59.04013671875009,-14.400000000000091,-52.65921630859384,-58.08001098632815,15.840039062499955,-10.067138671875
1763687423.965536,3,3,1,0.13006786818053676,0.0653310934509639,-0.20895417377872966,-0.0004115566868377698,0.004939963944410461,-0.0007920778593082235,55.67995605468741,-62.39999999999998,9.292871093749909,18.240014648437523,-3.3599914550781023,-18.585644531250182,46.07998046874991,101.28005371093741,136.29443359375,-90.24008789062509,-48.00009765625009,-64.27518310546884,-65.27999267578127,25.440014648437455,9.292724609375
1763687424.1353798,3,3,1,0.09039023764693822,0.07344670428245778,-0.26198433424056006,-0.0012331311269988352,0.006671575619907263,-0.0012838168583580673,58.07998046874991,-69.60001220703123,13.164941406249909,13.439996337890648,-8.160009765624977,-22.457714843750182,43.67995605468741,110.88002929687491,144.038330078125,-99.83994140625009,-52.80014648437509,-64.27518310546884,-70.08001098632815,23.039990234374955,5.4208984375
1763687424.229196,3,3,1,0.19016905574344767,0.08628204833343031,-0.43130221887991443,-0.00046604842489674446,0.005417440628272101,-0.0005610769524148299,58.07998046874991,-69.60001220703123,20.90883789062491,15.840020751953148,-8.160009765624977,-18.585644531250182,43.67995605468741,115.67995605468741,159.5263671875,-102.24008789062509,-57.59995117187509,-68.14719238281259,-70.08001098632815,23.039990234374955,5.4208984375
1763687424.335805,3,3,1,0.1703842354533407,0.1276549033956803,-0.3922207646391954,0.0005385820395866335,0.005234814159967341,-0.001171750842061288,70.07998046874991,-67.19998779296873,24.78090820312491,20.640008544921898,-8.160009765624977,-14.713574218750182,48.48000488281241,127.67995605468741,155.654541015625,-111.83994140625009,-67.20004882812509,-72.01920166015634,-74.8799987792969,27.840039062499955,13.164794921875
1763687424.4652429,3,3,1,0.17723975309266482,0.0996498393034696,-0.613069951504627,0.0004178901960559939,0.006175780870718869,-0.0006230798150876483,0,0,0,0,0,0,0,0,0,0,0,0,0,0,0
1763687424.5617373,3,3,1,0.192295874115957,0.1453891392186361,-0.7684830604834877,-0.000585721036521335,0.005437697705105529,-0.0004527023498567575,86.88002929687491,-69.60001220703123,32.52480468749991,25.439996337890648,-3.3599914550781023,-6.969677734375182,53.27993164062491,161.2800537109374,182.758544921875,-135.8399414062501,-86.40000000000009,-79.76322021484384,-79.67998657226565,32.639965820312455,28.65283203125
1763687424.6687708,3,3,1,0.07465386117778307,0.08644714584871935,-0.8889948563493861,-0.0019896593261811645,0.008582241533422007,-0.0006517317485497562,94.07998046874991,-69.60001220703123,36.39687499999991,27.840020751953148,-3.3599914550781023,4.646289062499818,50.87990722656241,173.2800537109374,209.862548828125,-152.6399902343751,-110.40000000000009,-87.50717773437509,-86.8799987792969,27.840039062499955,32.52490234375
1763687424.7633991,3,3,1,0.0315582038691172,0.06288634014034782,-1.0228944574113252,-0.0022202856812497083,0.00874694196480175,-0.00030731847984919944,106.07998046874991,-71.99997558593748,48.01284179687491,35.04000244140627,-3.3599914550781023,4.646289062499818,46.07998046874991,197.2799316406249,225.350341796875,-169.4400390625001,-120.00009765625009,-102.99521484375009,-89.27999267578127,32.639965820312455,40.268798828125
1763687424.82094,3,3,1,0.05019186965379897,0.07049277688493596,-0.9570542310385701,-0.002488515532186994,0.00897118259851692,-0.0009111484891711806,120.48000488281241,-74.39999999999998,51.88491210937491,37.44002685546877,-3.3599914550781023,12.390429687499818,48.48000488281241,214.0799804687499,229.222412109375,-176.6399902343751,-124.80014648437509,-102.99521484375009,-94.08001098632815,35.039990234374955,55.7568359375
1763687424.9637306,3,3,1,0.10778417281209962,0.002484098809151663,-1.3534197866667457,-0.004648592706755962,0.007936037002505468,-0.0006658348263635016,137.2799316406249,-81.60001220703123,67.37294921874991,37.44002685546877,-5.760015869140602,20.134326171874818,58.07998046874991,247.6800781249999,260.198486328125,-212.6399902343751,-160.8001464843751,-118.48319091796884,-108.48000488281252,32.639965820312455,67.372802734375
1763687425.025215,3,3,1,0.10150871789449281,0.043773802359585834,-1.3378901733245327,-0.004818237925034158,0.008635620807957262,-0.0006644680299208084,146.8800292968749,-76.79996337890623,67.37294921874991,42.24001464843752,-8.160009765624977,24.006396484374818,53.27993164062491,257.2799316406249,275.6865234375,-217.4400390625001,-168.0000976562501,-114.61118164062509,-113.27999267578127,37.440014648437455,71.244873046875
1763687425.1690142,3,3,1,0.048292688906176905,-0.03785350350419134,-1.9285586948423386,-0.00567001773509306,0.009959906495544105,-0.0003241551540410836,168.4800048828124,-76.79996337890623,86.73281249999991,59.04000244140627,-5.760015869140602,43.36625976562482,58.07998046874991,302.8800292968749,310.534423828125,-248.6399902343751,-201.5999511718751,-133.97122802734384,-125.27999267578127,32.639965820312455,94.476806640625
1763687425.2281873,3,3,1,0.07804630547004614,-0.02652440218286177,-1.6967173153115234,-0.006361178273279163,0.010193676194169795,-0.000949103008808958,180.4800048828124,-81.60001220703123,94.47695312499991,56.6400085449219,-0.9599975585937273,35.62236328124982,58.07998046874991,319.6800781249999,322.150390625,-265.4400390625001,-211.2000488281251,-145.58719482421884,-125.27999267578127,39.840039062499955,98.348876953125
1763687425.3708718,3,3,1,0.06626375172709105,-0.05619599887945259,-2.384380054390232,-0.010158214712642893,0.010899010241271946,-0.0003485125989641976,204.4800048828124,-91.19998779296873,109.96474609374991,68.6400085449219,1.4399963378906477,47.23833007812482,60.48000488281241,355.6800781249999,356.99853515625,-301.4400390625001,-240.0000976562501,-168.8191894531251,-134.8799987792969,39.840039062499955,113.8369140625
1763687425.4672184,3,3,1,0.001529056630139582,-0.11941641658561224,-2.728582689947545,-0.012167301205652662,0.014583588107245398,-0.0006298855015045492,216.4800048828124,-93.60001220703123,117.70888671874991,71.04000244140627,-0.9599975585937273,58.85429687499982,62.87990722656241,377.2799316406249,387.974365234375,-318.2400878906251,-259.2000488281251,-168.8191894531251,-144.48000488281252,47.039990234374955,121.580810546875
1763687425.555784,3,3,1,0.0585036647028096,-0.0679711454557172,-2.990895175491082,-0.010765860915800911,0.010326197764006905,-0.0003323299867048466,233.2799316406249,-95.99997558593748,121.58095703124991,90.24001464843752,1.4399963378906477,62.72636718749982,65.27993164062491,398.8800292968749,403.46240234375,-342.2400878906251,-276.0000976562501,-188.1791748046876,-149.28000793457034,51.840039062499955,133.19677734375
1763687425.6650903,3,3,1,0.011511054015318878,-0.12685393866717712,-3.2836587807850828,-0.012715626668565887,0.012743818152946899,-0.0008303743881483265,247.6799560546874,-95.99997558593748,125.45278320312491,87.84002075195315,1.4399963378906477,66.59843749999982,70.07998046874991,413.2799316406249,415.078369140625,-356.6399902343751,-283.2000488281251,-184.3072265625001,-149.28000793457034,47.039990234374955,140.94091796875
1763687425.722359,3,3,1,-0.019267508567766274,-0.13021469561814752,-3.320444550058194,-0.01360011948250949,0.013642843121261303,-0.0006121717679006393,240.4800048828124,-98.39999999999998,129.3248535156249,85.44002685546877,1.4399963378906477,66.59843749999982,65.27993164062491,406.0799804687499,415.078369140625,-356.6399902343751,-280.8001464843751,-180.43521728515634,-151.6800018310547,44.639965820312455,140.94091796875
1763687425.8630435,3,3,1,0.06796579466995205,-0.09633543788976104,-3.060499539517312,-0.011377598323892523,0.010993029683082932,-0.0011390990347954959,238.0799804687499,-95.99997558593748,133.1969238281249,87.84002075195315,-5.760015869140602,62.72636718749982,62.87990722656241,408.4801269531249,411.20654296875,-349.4400390625001,-280.8001464843751,-180.43521728515634,-154.07999572753909,51.840039062499955,144.812744140625
1763687425.9236684,3,3,1,0.057594611249941335,-0.10109495162041904,-3.1778065795277435,-0.011101544760421448,0.011250814625988613,-0.00039744361137382487,0,0,0,0,0,0,0,0,0,0,0,0,0,0,0
1763687426.0693436,3,3,1,0.08050690486152096,-0.07846250657185139,-3.0885341037303586,-0.010035379088037024,0.009301055626385024,-0.000597987359585299,233.2799316406249,-98.39999999999998,133.1969238281249,80.6400085449219,-5.760015869140602,58.85429687499982,70.07998046874991,410.8800292968749,415.078369140625,-349.4400390625001,-278.4000000000001,-180.43521728515634,-156.48000488281252,49.440014648437455,133.19677734375
1763687426.112383,3,3,1,0.07235578581804501,-0.08703013475920776,-3.0396524932549442,-0.010265586482921796,0.010215992221506855,-0.0005023494227105136,235.6799560546874,-103.19998779296873,129.3248535156249,87.84002075195315,-5.760015869140602,62.72636718749982,70.07998046874991,410.8800292968749,415.078369140625,-342.2400878906251,-278.4000000000001,-180.43521728515634,-154.07999572753909,47.039990234374955,144.812744140625
1763687426.2064288,3,3,1,0.12264466779916118,-0.1121025816338931,-2.9886266971452797,-0.010109258052473136,0.008679757110675593,-0.0009509432258402263,235.6799560546874,-93.60001220703123,125.45278320312491,78.24001464843752,-5.760015869140602,58.85429687499982,74.87990722656241,410.8800292968749,411.20654296875,-342.2400878906251,-276.0000976562501,-176.5632080078126,-156.48000488281252,44.639965820312455,148.684814453125
1763687426.3652105,3,3,1,0.11107219376858302,-0.05440170748397801,-2.8483056095408052,-0.00875163624008097,0.008148939138575773,-0.0008218281101803708,238.0799804687499,-100.79996337890623,129.3248535156249,83.04000244140627,-8.160009765624977,58.85429687499982,77.27993164062491,410.8800292968749,411.20654296875,-342.2400878906251,-276.0000976562501,-180.43521728515634,-156.48000488281252,44.639965820312455,137.06884765625
1763687426.4586093,3,3,1,0.12028899262732956,-0.06867265873015616,-2.9173458175995264,-0.009042769775570857,0.007959655180371839,-0.00037750852555544566,233.2799316406249,-98.39999999999998,125.45278320312491,80.6400085449219,-8.160009765624977,70.47026367187482,70.07998046874991,408.4801269531249,407.33447265625,-344.6399902343751,-278.4000000000001,-176.5632080078126,-154.07999572753909,47.039990234374955,140.94091796875
1763687426.5020058,3,3,1,0.10164436607387595,-0.05739064952103858,-2.9993625283885836,-0.008634831991850845,0.007923834442811,-9.319283072249597e-05,238.0799804687499,-95.99997558593748,133.1969238281249,80.6400085449219,-5.760015869140602,58.85429687499982,70.07998046874991,413.2799316406249,415.078369140625,-342.2400878906251,-278.4000000000001,-176.5632080078126,-154.07999572753909,47.039990234374955,137.06884765625
1763687426.580514,3,3,1,0.1030488743178994,-0.07054438458422654,-2.8493940664601722,-0.009055548180321686,0.008497117542040418,-0.0008220054632495147,238.0799804687499,-103.19998779296873,133.1969238281249,85.44002685546877,-5.760015869140602,62.72636718749982,70.07998046874991,408.4801269531249,411.20654296875,-344.6399902343751,-276.0000976562501,-172.69119873046884,-154.07999572753909,49.440014648437455,137.06884765625
1763687426.9704778,3,3,1,0.07960496923910346,-0.06626253848542957,-2.884525501599284,-0.009531184609459205,0.008774379858705453,-0.0004459104874851216,238.0799804687499,-100.79996337890623,125.45278320312491,83.04000244140627,-10.560003662109352,62.72636718749982,70.07998046874991,406.0799804687499,415.078369140625,-344.6399902343751,-273.5999511718751,-180.43521728515634,-156.48000488281252,49.440014648437455,137.06884765625
1763687427.0640404,3,3,1,0.08807442600087227,-0.06390915939119499,-2.7841054281761415,-0.00949225642278009,0.009278848431479643,-0.0007227377815086156,235.6799560546874,-98.39999999999998,133.1969238281249,80.6400085449219,-10.560003662109352,62.72636718749982,70.07998046874991,408.4801269531249,411.20654296875,-344.6399902343751,-276.0000976562501,-176.5632080078126,-154.07999572753909,47.039990234374955,137.06884765625
1763687427.4694467,3,3,1,0.1158890765318816,-0.02738017839964771,-2.7344742760525724,-0.009500518379901218,0.008473017933366914,-0.0005522216748888704,235.6799560546874,-98.39999999999998,129.3248535156249,83.04000244140627,-8.160009765624977,62.72636718749982,74.87990722656241,408.4801269531249,418.950439453125,-347.0401367187501,-273.5999511718751,-180.43521728515634,-158.8799987792969,47.039990234374955,140.94091796875
1763687427.5646234,3,3,1,0.11163133215310671,-0.04891313594693779,-2.715713398414513,-0.008836020570454947,0.00918135997148476,-0.0004623604062097735,235.6799560546874,-100.79996337890623,129.3248535156249,85.44002685546877,-5.760015869140602,66.59843749999982,72.48000488281241,408.4801269531249,411.20654296875,-342.2400878906251,-278.4000000000001,-176.5632080078126,-154.07999572753909,47.039990234374955,133.19677734375
1763687427.6594687,3,3,1,0.09681035603305793,-0.06816658147688837,-2.7171247597048183,-0.009501092393252749,0.009023387318398544,-0.0006203978812151991,235.6799560546874,-98.39999999999998,133.1969238281249,83.04000244140627,-8.160009765624977,62.72636718749982,72.48000488281241,403.6800781249999,407.33447265625,-344.6399902343751,-273.5999511718751,-180.43521728515634,-154.07999572753909,49.440014648437455,140.94091796875
1763687428.0688665,3,3,1,0.1110447972547294,-0.04667463701428619,-2.748387655976216,-0.00865012163607572,0.008713962879331353,-0.00023897082760725792,238.0799804687499,-98.39999999999998,129.3248535156249,80.6400085449219,-8.160009765624977,66.59843749999982,72.48000488281241,406.0799804687499,407.33447265625,-344.6399902343751,-278.4000000000001,-172.69119873046884,-151.6800018310547,42.239941406249955,137.06884765625
1763687428.1638517,3,3,1,0.09618757776556452,-0.057863590158407266,-2.6822766734475847,-0.00924171138012432,0.00894340009863149,-0.0007640998718730077,233.2799316406249,-98.39999999999998,129.3248535156249,83.04000244140627,-0.9599975585937273,62.72636718749982,72.48000488281241,401.2799316406249,403.46240234375,-342.2400878906251,-276.0000976562501,-176.5632080078126,-156.48000488281252,44.639965820312455,137.06884765625
1763687428.2668402,3,3,1,0.09758915352796033,-0.0714734481866418,-2.4996571980255085,-0.009640935760738845,0.009697752860579627,-0.0007774359885019761,223.6799560546874,-93.60001220703123,113.83681640624991,78.24001464843752,-0.9599975585937273,62.72636718749982,72.48000488281241,386.8800292968749,384.1025390625,-325.4400390625001,-264.0000976562501,-168.8191894531251,-149.28000793457034,44.639965820312455,129.32470703125
1763687428.312322,3,3,1,0.08005658662152558,-0.05972663709434946,-2.4301196766229984,-0.00935927314710502,0.009392922517557167,-0.0009087336374450086,216.4800048828124,-91.19998779296873,113.83681640624991,75.84002075195315,-8.160009765624977,58.85429687499982,70.07998046874991,377.2799316406249,376.3583984375,-318.2400878906251,-252.0000976562501,-161.0751708984376,-144.48000488281252,42.239941406249955,125.452880859375
1763687428.4050217,3,3,1,0.05442325387846003,-0.057326359819143184,-2.2280800309748945,-0.00928467891605314,0.010196187155026909,-0.0006797641839938214,197.2799316406249,-91.19998779296873,106.09291992187491,63.84002075195315,-10.560003662109352,43.36625976562482,70.07998046874991,348.4801269531249,353.12646484375,-287.0401367187501,-232.8001464843751,-149.4592041015626,-137.28000793457034,39.840039062499955,106.0927734375
1763687428.4844031,3,3,1,0.18099168919592248,-0.018875102911910115,-1.8798464619500546,-0.005950813345071754,0.00516736216279487,-0.000624165993671099,187.6799560546874,-86.39999999999998,94.47695312499991,63.84002075195315,-3.3599914550781023,39.49443359374982,62.87990722656241,331.6800781249999,329.89453125,-279.8399414062501,-223.2000488281251,-153.33121337890634,-130.07999572753909,37.440014648437455,109.96484375
1763687428.65871,3,3,1,0.19565979581457782,0.053063657497874686,-1.1643932927458573,-0.003934480169985635,0.002045922823330623,-0.00013233054803589103,154.0799804687499,-81.60001220703123,67.37294921874991,49.44002685546877,-8.160009765624977,24.006396484374818,50.87990722656241,264.4801269531249,275.6865234375,-212.6399902343751,-168.0000976562501,-122.35520019531259,-115.67998657226565,37.440014648437455,78.98876953125
1763687428.7684252,3,3,1,0.14681037620592235,0.0014944284524040473,-0.7904545375290812,-0.0031145146314588345,0.004324593353333132,-0.0009280494759588186,127.67995605468741,-79.19998779296873,59.62880859374991,42.24001464843752,-8.160009765624977,8.518359374999818,53.27993164062491,233.2799316406249,248.58251953125,-191.0401367187501,-139.2000488281251,-102.99521484375009,-110.8799987792969,32.639965820312455,59.62890625
1763687428.8615663,3,3,1,0.13016200882981452,0.0836858145524641,-0.5337075667286041,-0.0021962604954401665,0.003653055578455627,-0.0009177856119065962,120.48000488281241,-74.39999999999998,55.75673828124991,32.6400085449219,-8.160009765624977,8.518359374999818,58.07998046874991,202.0799804687499,233.094482421875,-171.8399414062501,-120.00009765625009,-91.37918701171884,-101.27999267578127,32.639965820312455,44.140869140625
1763687428.9682078,3,3,1,-0.10862549970978713,0.3060048157291842,-0.48353041012537185,-0.00024376905466634783,0.004486927090787373,-0.0010657439130251514,106.07998046874991,-74.39999999999998,48.01284179687491,39.84002075195315,-12.959997558593727,4.646289062499818,53.27993164062491,194.8800292968749,209.862548828125,-150.2400878906251,-103.20004882812509,-91.37918701171884,-96.48000488281252,30.239941406249955,51.884765625
1763687429.0637836,3,3,1,0.5846205903455759,-0.2489959128037614,-0.2837668290543677,-0.0032123119258897796,-0.0006554483236124206,-0.0004162288305721842,72.48000488281241,-71.99997558593748,44.14077148437491,27.840020751953148,-15.360006713867165,-10.841748046875182,48.48000488281241,151.6799560546874,198.246337890625,-133.4400390625001,-91.20004882812509,-75.89121093750009,-91.67998657226565,27.840039062499955,28.65283203125
1763687430.581082,3,3,1,0.08439929547978808,0.07029435669077398,0.20886247301158897,-0.001448874385469859,0.006025758847749534,-0.001272763278871324,46.07998046874991,-64.79996337890623,9.292871093749909,18.240014648437523,-8.160009765624977,-22.457714843750182,38.87990722656241,86.88002929687491,128.550537109375,-75.83994140625009,-21.59995117187509,-60.40317382812509,-60.48000488281252,23.039990234374955,-2.3232421875
1763687431.767752,3,3,1,0.14040302560529372,0.0908572905083734,0.21220217200446045,-0.0002458215502002545,0.00443253013499227,-0.001034232099617655,41.27993164062491,-64.79996337890623,5.420800781249909,13.439996337890648,-5.760015869140602,-26.329541015625182,41.27993164062491,74.88002929687491,116.934326171875,-68.63999023437509,-12.000097656250091,-56.53122558593759,-55.67998657226565,20.639965820312455,-6.195068359375
1763687433.4811816,3,3,1,0.16718039451729244,0.053692791985455735,0.20829277119110542,-0.0008831963555997868,0.004759155225188641,-0.000957039471920302,31.67995605468741,-57.60001220703123,-10.067236328125091,13.439996337890648,-0.9599975585937273,-34.07368164062518,36.48000488281241,65.28005371093741,97.574462890625,-59.04013671875009,-9.765625009094947e-05,-56.53122558593759,-55.67998657226565,18.239941406249955,-13.939208984375
1763687435.3651876,3,3,1,0.169299664029669,0.08231066674894938,-0.2066720638747634,0.0005829836764008676,0.004330873044275276,-0.0005542108322046356,48.48000488281241,-67.19998779296873,5.420800781249909,13.439996337890648,-5.760015869140602,-26.329541015625182,41.27993164062491,96.48000488281241,140.16650390625,-85.44003906250009,-40.80014648437509,-64.27518310546884,-67.67998657226565,23.039990234374955,-6.195068359375
1763687435.5686133,3,3,1,0.12447499302541021,0.10150643412059489,-0.36501537290809283,-0.0010114693708523858,0.006912330052627346,-0.00038406578590961826,50.88002929687491,-69.60001220703123,9.292871093749909,13.439996337890648,-8.160009765624977,-26.329541015625182,43.67995605468741,103.67995605468741,136.29443359375,-90.24008789062509,-50.40000000000009,-60.40317382812509,-74.8799987792969,25.440014648437455,1.548828125
1763687435.8622017,3,3,1,0.15696871699774706,0.09484595796320246,-0.6674162783123254,-0.0008067961658663567,0.006039825361219799,-0.0003346153921680401,70.07998046874991,-69.60001220703123,28.65273437499991,13.439996337890648,-5.760015869140602,-14.713574218750182,48.48000488281241,134.8800292968749,178.886474609375,-121.44003906250009,-79.20004882812509,-79.76322021484384,-74.8799987792969,25.440014648437455,13.164794921875
1763687436.064567,3,3,1,0.10281735528170494,0.04835125910367814,-0.9001710474955218,-0.0007525525648837568,0.006018665557045368,-0.0001004173138566458,91.67995605468741,-71.99997558593748,44.14077148437491,27.840020751953148,-3.3599914550781023,-6.969677734375182,43.67995605468741,166.0799804687499,198.246337890625,-147.8399414062501,-100.80014648437509,-87.50717773437509,-84.48000488281252,32.639965820312455,20.90869140625
1763687436.1571732,3,3,1,0.04266322560117855,0.053331990126843726,-1.0603138481630774,-0.0029965719135056955,0.009578055200482305,-0.0007140248989546036,101.27993164062491,-69.60001220703123,44.14077148437491,27.840020751953148,-5.760015869140602,0.7744628906248181,46.07998046874991,192.4800048828124,217.6064453125,-167.0401367187501,-117.59995117187509,-95.25119628906259,-89.27999267578127,30.239941406249955,36.396728515625
1763687436.2666175,3,3,1,0.15383109682903434,0.06544515350337307,-1.2470141380036641,-0.002740143833289833,0.007004398705806441,-0.00039092849859253783,113.27993164062491,-71.99997558593748,55.75673828124991,35.04000244140627,-5.760015869140602,12.390429687499818,53.27993164062491,214.0799804687499,240.83837890625,-181.4400390625001,-136.8001464843751,-106.86722412109384,-98.8799987792969,32.639965820312455,48.0126953125
1763687436.3615086,3,3,1,0.09636081270671597,0.031268416876052404,-1.534011653987795,-0.0037915130594871837,0.00727263512846323,-0.000651032005218404,132.4800048828124,-76.79996337890623,55.75673828124991,39.84002075195315,-5.760015869140602,20.134326171874818,50.87990722656241,242.8800292968749,264.070556640625,-210.2400878906251,-151.2000488281251,-114.61118164062509,-106.08001098632815,35.039990234374955,59.62890625
1763687436.469895,3,3,1,0.04871591332408881,0.008966709228146484,-1.6757900951435805,-0.005212642734308111,0.010541325823438542,-7.948657523654449e-05,0,0,0,0,0,0,0,0,0,0,0,0,0,0,0
1763687436.5719495,3,3,1,0.027120194020666774,-0.08702273436197444,-1.7622517689771042,-0.006850747391403177,0.008561313237212813,-0.0003439644435946899,163.6799560546874,-79.19998779296873,75.11684570312491,49.44002685546877,-5.760015869140602,27.878466796874818,58.07998046874991,283.6800781249999,295.04638671875,-243.8399414062501,-187.2000488281251,-133.97122802734384,-118.08001098632815,37.440014648437455,78.98876953125
1763687436.671548,3,3,1,0.05422456898433198,-0.06615879713942358,-1.9711605173507039,-0.0074316570887906636,0.011654890922404572,-3.151280712117342e-05,173.2799316406249,-83.99997558593748,94.47695312499991,56.6400085449219,-3.3599914550781023,35.62236328124982,60.48000488281241,312.4801269531249,329.89453125,-267.8399414062501,-213.5999511718751,-145.58719482421884,-130.07999572753909,42.239941406249955,94.476806640625
1763687436.7301283,3,3,1,0.041914633200975625,-0.026732054299045023,-2.0574592531521687,-0.008142758377142395,0.011543061006961414,9.310926808860618e-06,187.6799560546874,-86.39999999999998,102.22084960937491,66.24001464843752,1.4399963378906477,39.49443359374982,62.87990722656241,329.2799316406249,337.638427734375,-282.2400878906251,-225.5999511718751,-145.58719482421884,-130.07999572753909,44.639965820312455,98.348876953125
1763687436.8234468,3,3,1,0.07667816823003779,-0.03455988479573159,-2.3446372766467856,-0.008458143077692163,0.010744763900338253,-0.0004070596761818898,197.2799316406249,-91.19998779296873,109.96474609374991,63.84002075195315,3.8399902343750227,51.11040039062482,65.27993164062491,350.8800292968749,364.742431640625,-301.4400390625001,-242.4000000000001,-157.2032226562501,-134.8799987792969,47.039990234374955,117.708740234375
1763687436.9173517,3,3,1,0.0620419468818296,-0.07106789707028341,-2.6191442360916373,-0.009696152757060216,0.01241900770451415,-0.0005068690536353571,211.6799560546874,-95.99997558593748,121.58095703124991,71.04000244140627,-5.760015869140602,62.72636718749982,65.27993164062491,367.6800781249999,376.3583984375,-318.2400878906251,-256.8001464843751,-161.0751708984376,-142.07999572753909,47.039990234374955,125.452880859375
1763687437.0649486,3,3,1,-0.007835950299914931,-0.14418834943744868,-3.099357592384945,-0.012482228086507065,0.014808202207661025,-0.0006050669123917442,242.8800292968749,-100.79996337890623,133.1969238281249,90.24001464843752,-8.160009765624977,70.47026367187482,72.48000488281241,410.8800292968749,415.078369140625,-356.6399902343751,-285.5999511718751,-184.3072265625001,-156.48000488281252,47.039990234374955,137.06884765625
1763687437.1709416,3,3,1,0.10397359104026638,-0.08721108016530059,-3.4175864984029216,-0.011897755949102001,0.01090570487289843,-0.0007226730955934231,254.8800292968749,-103.19998779296873,140.9408203124999,90.24001464843752,-8.160009765624977,78.21440429687482,72.48000488281241,437.2799316406249,434.4384765625,-373.4400390625001,-300.0000976562501,-195.9231933593751,-166.07999572753909,47.039990234374955,156.4287109375
1763687437.2148983,3,3,1,0.09448100159450105,-0.09170577338089889,-3.5020643729265397,-0.011770671643612356,0.011060018466226475,0.0002645535359359411,266.8800292968749,-103.19998779296873,148.6849609374999,92.6400085449219,-0.9599975585937273,78.21440429687482,74.87990722656241,451.6800781249999,449.926513671875,-395.0401367187501,-309.5999511718751,-195.9231933593751,-168.48000488281252,49.440014648437455,156.4287109375
1763687437.3086562,3,3,1,0.05194784693969001,-0.13717216136551763,-3.7804492170753163,-0.014422419311291557,0.012388785415533189,0.0003144064133205138,286.0799804687499,-107.99997558593748,152.5567871093749,104.6400085449219,-3.3599914550781023,85.95854492187482,77.27993164062491,482.8800292968749,473.158447265625,-416.6399902343751,-328.8001464843751,-215.2831787109376,-178.07999572753909,47.039990234374955,171.916748046875
1763687437.4184062,3,3,1,0.07709603931432218,-0.16001453723952389,-4.151005186619966,-0.014726247455203598,0.011764456657758651,-0.00036483332197740964,305.2799316406249,-112.79996337890623,168.0448242187499,109.44002685546877,-0.9599975585937273,93.70219726562482,84.48000488281241,504.4801269531249,496.390380859375,-440.6399902343751,-350.4000000000001,-223.0271972656251,-182.8799987792969,54.239941406249955,187.40478515625
1763687437.5608327,3,3,1,-0.07307857225719076,-0.2822431780711744,-4.795547492669308,-0.017272937803522247,0.01388951194292291,0.0005785579826128213,331.6799560546874,-115.19998779296873,187.4049316406249,121.44002685546877,-0.9599975585937273,101.44633789062482,89.27993164062491,547.6800781249999,535.1103515625,-481.4400390625001,-379.2000488281251,-238.51517333984384,-197.28000793457034,56.639965820312455,206.764892578125
1763687437.6701415,3,3,1,0.017885270343713386,-0.3018127966914345,-5.131185882525894,-0.02071490744760769,0.013487424662399529,0.00021020649411669103,0,0,0,0,0,0,0,0,0,0,0,0,0,0,0
1763687437.6989481,3,3,1,0.0794064100361623,-0.26002158233014,-5.133869949918379,-0.02070897915852462,0.01351351314490674,-2.9274970599768232e-05,362.8800292968749,-129.60001220703123,202.8929687499999,135.84002075195315,1.4399963378906477,116.93413085937482,89.27993164062491,588.4801269531249,577.702392578125,-522.2400878906251,-403.2000488281251,-257.8752197265626,-209.28000793457034,56.639965820312455,233.868896484375
1763687437.8715947,3,3,1,0.07210851109594035,-0.36032923172735043,-5.779013730555193,-0.023673452283308558,0.00878314546781076,0.0006733006493760177,401.2799316406249,-136.79996337890623,222.2528320312499,152.6400085449219,3.8399902343750227,132.42241210937482,94.07998046874991,638.8800292968749,620.29443359375,-575.0401367187501,-448.8001464843751,-288.8511718750001,-221.28000793457034,59.039990234374955,260.972900390625
1763687437.9771159,3,3,1,-0.020588565228600864,-0.4498388324888165,-6.1245864891886175,-0.029638421951425492,0.016956793909275715,0.00022124395925613143,398.8800292968749,-134.39999999999998,222.2528320312499,157.43999633789065,1.4399963378906477,140.16655273437482,98.87990722656241,650.8800292968749,628.038330078125,-582.2400878906251,-448.8001464843751,-288.8511718750001,-228.48000488281252,59.039990234374955,268.716796875
1763687438.0711792,3,3,1,0.048472782251558155,-0.44251747755770693,-6.054464587233161,-0.029154745829676445,0.012248263188026963,0.0008717973437302412,394.0799804687499,-136.79996337890623,226.1249023437499,152.6400085449219,-5.760015869140602,128.55034179687482,96.48000488281241,650.8800292968749,631.910400390625,-575.0401367187501,-451.2000488281251,-281.10721435546884,-226.08001098632815,56.639965820312455,257.100830078125
1763687438.4642198,3,3,1,0.1983355713578684,-0.36788805023670934,-5.455686169389936,-0.022567478808628763,0.0036337318914982705,0.0007142829333702189,389.2799316406249,-139.19998779296873,222.2528320312499,150.24001464843752,-8.160009765624977,124.67827148437482,98.87990722656241,643.6800781249999,624.16650390625,-560.6399902343751,-436.8001464843751,-273.36319580078134,-226.08001098632815,61.440014648437455,253.228759765625
1763687438.870492,3,3,1,0.06993634564775056,-0.41776189953868226,-5.34804950222194,-0.02536216436110293,0.009025383588850125,0.0005122522344153785,394.0799804687499,-127.19998779296873,226.1249023437499,157.43999633789065,-3.3599914550781023,124.67827148437482,98.87990722656241,643.6800781249999,624.16650390625,-560.6399902343751,-439.2000488281251,-281.10721435546884,-228.48000488281252,56.639965820312455,260.972900390625
1763687438.964403,3,3,1,0.07297075769706561,-0.40209396509800516,-5.216177670808538,-0.025879333837177533,0.009755395064180971,0.00024313899765682863,0,0,0,0,0,0,0,0,0,0,0,0,0,0,0
1763687439.0097432,3,3,1,0.052553412714876624,-0.41092356760439613,-5.314514407195465,-0.025304755090217682,0.009926078376756338,0.0006023584299118079,396.4800048828124,-131.99997558593748,229.9969726562499,155.0400329589844,1.4399963378906477,132.42241210937482,94.07998046874991,648.4801269531249,624.16650390625,-563.0401367187501,-448.8001464843751,-269.4911865234376,-223.6800018310547,56.639965820312455,257.100830078125
1763687439.1681,3,3,1,0.0660834853370323,-0.36938971588258374,-5.149623486415274,-0.025929305971560915,0.010186571752125194,0.0004203181201665768,394.0799804687499,-134.39999999999998,222.2528320312499,155.0400329589844,-3.3599914550781023,124.67827148437482,94.07998046874991,646.0799804687499,616.42236328125,-563.0401367187501,-441.5999511718751,-281.10721435546884,-223.6800018310547,54.239941406249955,260.972900390625
1763687439.262096,3,3,1,0.07816327770242905,-0.4376978927984416,-5.147731933054562,-0.025483275465382708,0.010108914898358235,0.0001161352957522897,396.4800048828124,-139.19998779296873,218.3807617187499,152.6400085449219,1.4399963378906477,132.42241210937482,94.07998046874991,643.6800781249999,620.29443359375,-563.0401367187501,-444.0000976562501,-273.36319580078134,-228.48000488281252,56.639965820312455,260.972900390625
1763687439.304644,3,3,1,0.071962726789707,-0.432798030604893,-5.166172992122341,-0.025949157330798014,0.010055696407241379,0.00026346703106868634,386.8800292968749,-134.39999999999998,226.1249023437499,157.43999633789065,-0.9599975585937273,128.55034179687482,94.07998046874991,641.2799316406249,628.038330078125,-560.6399902343751,-444.0000976562501,-277.2352050781251,-226.08001098632815,56.639965820312455,260.972900390625
1763687439.3985815,3,3,1,0.13781366586328817,-0.3577525660993529,-5.078236184539274,-0.02443944584582044,0.00828590776037375,0.0006068590148984403,389.2799316406249,-134.39999999999998,218.3807617187499,150.24001464843752,-5.760015869140602,120.80620117187482,98.87990722656241,641.2799316406249,624.16650390625,-555.8399414062501,-439.2000488281251,-273.36319580078134,-228.48000488281252,54.239941406249955,253.228759765625
1763687439.5768888,3,3,1,0.21623350148998302,-0.30169881626072875,-5.051282999195448,-0.02190991463868187,0.004085165949230888,0.0006994382639024222,384.4800048828124,-134.39999999999998,222.2528320312499,150.24001464843752,-8.160009765624977,120.80620117187482,101.27993164062491,636.4801269531249,616.42236328125,-551.0401367187501,-436.8001464843751,-265.61917724609384,-226.08001098632815,59.039990234374955,253.228759765625
1763687440.0721364,3,3,1,0.07298546709616219,-0.3385398608149715,-5.019348855768679,-0.023101420412347896,0.0080299572279613,0.00039780449905144565,391.6799560546874,-129.60001220703123,218.3807617187499,155.0400329589844,1.4399963378906477,128.55034179687482,91.67995605468741,643.6800781249999,616.42236328125,-560.6399902343751,-444.0000976562501,-281.10721435546884,-223.6800018310547,61.440014648437455,257.100830078125
1763687440.1634262,3,3,1,0.028157006295272402,-0.4030739415844316,-5.046949155495497,-0.025519134536570946,0.011661761410839801,0.0004622828142147792,394.0799804687499,-129.60001220703123,218.3807617187499,157.43999633789065,1.4399963378906477,124.67827148437482,94.07998046874991,641.2799316406249,620.29443359375,-560.6399902343751,-441.5999511718751,-281.10721435546884,-223.6800018310547,56.639965820312455,260.972900390625
1763687440.2731352,3,3,1,0.05623933792536562,-0.3702704713250599,-5.0489299746814,-0.02576028269953209,0.011694126473686863,0.0001447640635154025,396.4800048828124,-131.99997558593748,218.3807617187499,152.6400085449219,1.4399963378906477,128.55034179687482,91.67995605468741,636.4801269531249,616.42236328125,-560.6399902343751,-446.4000000000001,-281.10721435546884,-226.08001098632815,59.039990234374955,253.228759765625
1763687440.5696523,3,3,1,0.07950500386715903,-0.3517863392284361,-4.928415166510758,-0.024884242061471246,0.010765354053543442,0.0004242316280152806,386.8800292968749,-129.60001220703123,214.5089355468749,155.0400329589844,-0.9599975585937273,120.80620117187482,89.27993164062491,626.8800292968749,600.934326171875,-553.4400390625001,-434.4000000000001,-277.2352050781251,-223.6800018310547,54.239941406249955,257.100830078125
1763687440.6659734,3,3,1,0.0332052857424434,-0.38601644837295823,-4.537102536495203,-0.024222574705876233,0.011137658422185323,0.00017934023229570443,372.4800048828124,-122.39999999999998,210.6368652343749,145.44002685546877,-0.9599975585937273,116.93413085937482,89.27993164062491,607.6800781249999,581.574462890625,-529.4400390625001,-417.5999511718751,-261.74722900390634,-211.6800018310547,54.239941406249955,245.48486328125
1763687440.770293,3,3,1,0.16104485457669224,-0.22681430713897616,-3.788608793845585,-0.017775408357249972,0.004683088406326392,-0.0004794130413132238,348.4800048828124,-119.99997558593748,195.1488281249999,135.84002075195315,-5.760015869140602,105.31840820312482,91.67995605468741,581.2799316406249,554.470458984375,-493.4400390625001,-393.5999511718751,-246.25919189453134,-209.28000793457034,51.840039062499955,226.124755859375
1763687440.9706707,3,3,1,0.05212578898086792,-0.2767108982687185,-3.4737859659329535,-0.01897157892573056,0.009105814323891173,-5.349132481160027e-05,314.8800292968749,-117.60001220703123,171.9168945312499,121.44002685546877,-3.3599914550781023,85.95854492187482,82.07998046874991,530.8800292968749,504.134521484375,-445.4400390625001,-355.2000488281251,-223.0271972656251,-190.08001098632815,49.440014648437455,202.892822265625
1763687441.062856,3,3,1,0.17157689189862024,-0.1858695693387562,-3.032703984388361,-0.013509730436237422,0.003802876784998869,-0.0002727798348915527,302.8800292968749,-107.99997558593748,156.4288574218749,119.04000244140627,-0.9599975585937273,101.44633789062482,79.67995605468741,511.6800781249999,473.158447265625,-416.6399902343751,-336.0000976562501,-215.2831787109376,-182.8799987792969,49.440014648437455,199.020751953125
1763687441.1064389,3,3,1,0.18300197588806,-0.2040673362515761,-2.9353001383482433,-0.014313665644181526,0.004274200270762562,-0.0007089500728018258,281.2799316406249,-100.79996337890623,152.5567871093749,109.44002685546877,1.4399963378906477,82.08623046874982,79.67995605468741,470.8800292968749,453.79833984375,-399.8399414062501,-321.5999511718751,-211.4112304687501,-178.07999572753909,44.639965820312455,175.788818359375
1763687441.2154224,3,3,1,0.09821753446123888,-0.14914672385339883,-2.6101573525011683,-0.018939336106163926,0.000920803868110323,-0.00014903903751694334,271.6799560546874,-95.99997558593748,137.0687499999999,102.24001464843752,-8.160009765624977,74.34233398437482,74.87990722656241,442.0799804687499,422.822509765625,-366.2400878906251,-292.8001464843751,-199.79520263671884,-166.07999572753909,42.239941406249955,164.1728515625
1763687441.3094683,3,3,1,0.3857305116659195,-0.2854421217549762,-2.023601663741703,-0.01051260738105041,0.0063702519824632335,-0.001141969991641898,233.2799316406249,-95.99997558593748,109.96474609374991,85.44002685546877,-5.760015869140602,58.85429687499982,72.48000488281241,403.6800781249999,380.23046875,-323.0401367187501,-261.5999511718751,-176.5632080078126,-158.8799987792969,44.639965820312455,140.94091796875
1763687441.400184,3,3,1,0.07708266004738996,-0.02707454696124277,-1.7284812963264584,-0.012661731353014172,0.001288721275820499,-0.0005208211098501429,223.6799560546874,-88.79996337890623,106.09291992187491,87.84002075195315,-5.760015869140602,51.11040039062482,70.07998046874991,384.4801269531249,356.99853515625,-299.0401367187501,-242.4000000000001,-168.8191894531251,-144.48000488281252,37.440014648437455,125.452880859375
1763687441.5584176,3,3,1,0.005252244534997189,0.13755689161287926,-1.0487524478866317,-0.0064624630324612055,0.003746915017798225,-0.001046266306056406,175.6799560546874,-86.39999999999998,82.86074218749991,71.04000244140627,-5.760015869140602,35.62236328124982,62.87990722656241,324.4801269531249,306.662353515625,-253.4400390625001,-206.4000000000001,-137.84317626953134,-127.68000183105471,32.639965820312455,106.0927734375
1763687441.588439,3,3,1,0.09297159860727595,0.14022562367602437,-1.0310931971685589,-0.005079288235808197,0.003949224596455126,-0.0008782159116277565,182.8800292968749,-81.60001220703123,78.98891601562491,71.04000244140627,-8.160009765624977,31.750292968749818,62.87990722656241,319.6800781249999,302.79052734375,-246.2400878906251,-189.5999511718751,-133.97122802734384,-130.07999572753909,37.440014648437455,106.0927734375
1763687441.6815584,3,3,1,0.3040701854482921,-0.13636142384159117,-0.9035813566844151,-0.005074474415386929,0.002671781815248428,-0.0008879535000715182,146.8800292968749,-83.99997558593748,75.11684570312491,49.44002685546877,-10.560003662109352,20.134326171874818,55.67995605468741,266.8800292968749,283.430419921875,-224.6399902343751,-168.0000976562501,-122.35520019531259,-115.67998657226565,32.639965820312455,71.244873046875
1763687441.8714826,3,3,1,0.012466365478971723,0.025489138328093016,-0.5110866687261928,-0.0015259537153133693,0.005910788705181919,-0.0009786995457031523,134.8800292968749,-79.19998779296873,63.50087890624991,51.84002075195315,-5.760015869140602,16.262255859374818,55.67995605468741,240.4801269531249,256.326416015625,-191.0401367187501,-141.5999511718751,-118.48319091796884,-108.48000488281252,32.639965820312455,59.62890625
1763687442.0749836,3,3,1,0.12988850679956615,0.08381547629122621,-0.29314162866636806,-0.00028635491344811137,0.005302555031061596,-0.0006667826348786682,113.27993164062491,-74.39999999999998,51.88491210937491,42.24001464843752,-8.160009765624977,12.390429687499818,48.48000488281241,206.8800292968749,221.478515625,-171.8399414062501,-115.20004882812509,-102.99521484375009,-96.48000488281252,30.239941406249955,51.884765625
1763687442.1684382,3,3,1,0.10361746674713931,0.08324173016685034,-0.2596744417594682,-0.0003057352247392974,0.006847416616693268,-0.0009671037462804157,103.67995605468741,-76.79996337890623,48.01284179687491,39.84002075195315,-8.160009765624977,-3.097607421875182,53.27993164062491,194.8800292968749,213.734375,-159.8399414062501,-108.00009765625009,-95.25119628906259,-94.08001098632815,30.239941406249955,40.268798828125
1763687442.2733052,3,3,1,0.15633575580995898,0.12874152499761884,-0.2850716540689741,0.0019433874772475136,0.004259434831937189,-0.0005802962656091554,103.67995605468741,-74.39999999999998,36.39687499999991,37.44002685546877,-5.760015869140602,0.7744628906248181,48.48000488281241,185.2800537109374,202.118408203125,-150.2400878906251,-100.80014648437509,-91.37918701171884,-91.67998657226565,30.239941406249955,40.268798828125
1763687442.3652716,3,3,1,0.039535188260110495,0.08654944000846652,-0.23847580829378873,0.000557066212613638,0.008064959674636045,-0.0005645205877969905,94.07998046874991,-71.99997558593748,40.26894531249991,35.04000244140627,-5.760015869140602,-3.097607421875182,43.67995605468741,170.8800292968749,198.246337890625,-145.4400390625001,-91.20004882812509,-83.63522949218759,-91.67998657226565,30.239941406249955,36.396728515625
1763687443.362016,3,3,1,0.1739829243056215,0.09356414452632947,0.26039402580760024,-0.00023256302121160179,0.005842216045510738,-0.0016425234869456692,62.88002929687491,-67.19998779296873,20.90883789062491,23.040002441406273,-0.9599975585937273,-22.457714843750182,38.87990722656241,108.48000488281241,147.910400390625,-95.04013671875009,-40.80014648437509,-68.14719238281259,-70.08001098632815,25.440014648437455,17.036865234375
1763687446.6729941,3,3,1,0.16113525616119986,0.06900844435406792,0.207581079195052,-0.0012664765144151865,0.0045242126218642716,-0.0011948805108762217,48.48000488281241,-62.39999999999998,-2.323095703125091,18.240014648437523,-3.3599914550781023,-22.457714843750182,36.48000488281241,77.28005371093741,109.1904296875,-66.24008789062509,-12.000097656250091,-64.27518310546884,-60.48000488281252,18.239941406249955,-6.195068359375
1763687447.430287,3,3,1,0.16515837098462313,0.08477252715959883,0.21191964289635523,-0.00013451057974109282,0.004508839288416825,-0.0014243400878055745,36.48000488281241,-59.99997558593748,-2.323095703125091,15.840020751953148,-0.9599975585937273,-30.201611328125182,36.48000488281241,72.48000488281241,109.1904296875,-63.83994140625009,-14.400000000000091,-60.40317382812509,-62.8799987792969,20.639965820312455,-6.195068359375
1763687449.0727866,3,3,1,0.2533917738687551,0.028777181639229064,-0.22796452036622106,0.0003067168956703409,0.0046460379545485014,-0.0009496181398169429,50.88002929687491,-67.19998779296873,20.90883789062491,6.240014648437523,-3.3599914550781023,-18.585644531250182,48.48000488281241,125.28005371093741,147.910400390625,-99.83994140625009,-57.59995117187509,-68.14719238281259,-72.48000488281252,27.840039062499955,-6.195068359375
1763687449.1671968,3,3,1,0.10861647938779138,0.0013015528152226091,-0.3905000599015429,0.0013482738282654242,0.008317273415607155,1.7260410371293757e-05,79.67995605468741,-59.99997558593748,28.65273437499991,30.240014648437523,-3.3599914550781023,-10.841748046875182,46.07998046874991,137.2800537109374,167.2705078125,-109.44003906250009,-67.20004882812509,-75.89121093750009,-70.08001098632815,30.239941406249955,17.036865234375
1763687449.2618327,3,3,1,0.14545640690092454,-0.0979137788903956,-0.3791045207634366,-0.0001374512593133165,0.007821521437272501,-0.0007585748386261515,91.67995605468741,-59.99997558593748,36.39687499999991,37.44002685546877,-0.9599975585937273,-3.097607421875182,43.67995605468741,149.2800537109374,171.142333984375,-128.6399902343751,-81.59995117187509,-79.76322021484384,-72.48000488281252,27.840039062499955,20.90869140625
1763687449.3729537,3,3,1,-0.009031801596513976,0.11255225729604419,-0.56366182557259,0.003496579037657568,0.010269051511149903,-0.0006693652960000914,89.27993164062491,-67.19998779296873,24.78090820312491,23.040002441406273,-0.9599975585937273,-6.969677734375182,48.48000488281241,161.2800537109374,178.886474609375,-133.4400390625001,-88.80014648437509,-79.76322021484384,-79.67998657226565,27.840039062499955,28.65283203125
1763687449.465,3,3,1,0.04563710381097891,0.113118657262898,-0.7788767148998329,0.0007713106737032115,0.01028169399915041,-0.00013304369394194837,101.27993164062491,-67.19998779296873,48.01284179687491,18.240014648437523,-0.9599975585937273,0.7744628906248181,50.87990722656241,190.0799804687499,202.118408203125,-152.6399902343751,-100.80014648437509,-87.50717773437509,-86.8799987792969,30.239941406249955,40.268798828125
1763687449.5748599,3,3,1,-0.15360782903268327,0.401963851987118,-0.952029807981681,0.0020285384890962256,0.01119170374033239,-0.0002916815216115682,127.67995605468741,-69.60001220703123,55.75673828124991,49.44002685546877,-8.160009765624977,16.262255859374818,53.27993164062491,226.0799804687499,229.222412109375,-171.8399414062501,-132.0000976562501,-102.99521484375009,-98.8799987792969,32.639965820312455,48.0126953125
1763687449.6677186,3,3,1,0.3569228452148979,-0.21154480009724763,-1.1294449722983788,-0.004946900740476275,0.007726397397031347,-0.0005697250480320008,120.48000488281241,-71.99997558593748,59.62880859374991,37.44002685546877,-3.3599914550781023,16.262255859374818,55.67995605468741,226.0799804687499,244.71044921875,-186.2400878906251,-144.0000976562501,-110.73917236328134,-98.8799987792969,32.639965820312455,63.500732421875
1763687449.7618914,3,3,1,0.09572156234040355,-0.10985154499082901,-1.462434679448923,-0.006951208326583761,0.00857728932589837,-0.0008611243447550681,142.0799804687499,-76.79996337890623,67.37294921874991,44.6400085449219,-3.3599914550781023,20.134326171874818,53.27993164062491,245.2799316406249,260.198486328125,-207.8399414062501,-160.8001464843751,-118.48319091796884,-103.67998657226565,37.440014648437455,63.500732421875
1763687449.8728187,3,3,1,0.12349565048644676,-0.0040193783138911116,-1.6811542446263947,-0.006459662545379448,0.007911746673169183,-8.5217212490499e-06,161.2799316406249,-81.60001220703123,82.86074218749991,49.44002685546877,-5.760015869140602,31.750292968749818,50.87990722656241,278.8800292968749,283.430419921875,-229.4400390625001,-177.5999511718751,-126.22720947265634,-113.27999267578127,39.840039062499955,82.86083984375
1763687449.965634,3,3,1,0.09918298963655016,-0.023172393764318067,-1.9025091881762248,-0.007201240078969649,0.009118161650965973,-8.875095635064642e-05,0,0,0,0,0,0,0,0,0,0,0,0,0,0,0
1763687450.0730736,3,3,1,0.07054126166727556,-0.04216048852192614,-2.1118830753549753,-0.008950513482081871,0.01128030795431095,-1.2519201742219183e-05,182.8800292968749,-83.99997558593748,94.47695312499991,59.04000244140627,-3.3599914550781023,39.49443359374982,60.48000488281241,322.0799804687499,329.89453125,-270.2400878906251,-216.0000976562501,-149.4592041015626,-127.68000183105471,37.440014648437455,98.348876953125
1763687450.1661978,3,3,1,0.03691269460556115,-0.09776846400485042,-2.245223359842351,-0.009632270849103678,0.010539626948913725,-0.0009964096218348876,199.6799560546874,-86.39999999999998,109.96474609374991,68.6400085449219,-0.9599975585937273,47.23833007812482,60.48000488281241,346.0799804687499,345.38232421875,-296.6399902343751,-232.8001464843751,-164.94718017578134,-132.48000488281252,42.239941406249955,109.96484375
1763687450.263177,3,3,1,0.00544193051173898,-0.09365003335208397,-2.5520880950561233,-0.01053774915674844,0.012157151411734604,-0.0005625411135184866,216.4800048828124,-88.79996337890623,109.96474609374991,68.6400085449219,-5.760015869140602,51.11040039062482,65.27993164062491,372.4801269531249,372.486328125,-303.8399414062501,-244.8001464843751,-157.2032226562501,-144.48000488281252,44.639965820312455,125.452880859375
1763687450.4666507,3,3,1,0.01879130802113213,-0.11987905094749622,-3.083909216633941,-0.012435111773201212,0.014665264127639983,-0.00028892754444257096,242.8800292968749,-98.39999999999998,137.0687499999999,85.44002685546877,-5.760015869140602,66.59843749999982,70.07998046874991,413.2799316406249,411.20654296875,-356.6399902343751,-285.5999511718751,-184.3072265625001,-154.07999572753909,49.440014648437455,144.812744140625
1763687450.5737333,3,3,1,0.033631612602366315,-0.1758656878865758,-3.4764007543389117,-0.010451504939698247,0.010884448233863779,-0.0001819164998684813,262.0799804687499,-100.79996337890623,148.6849609374999,95.04000244140627,-0.9599975585937273,82.08623046874982,72.48000488281241,444.4801269531249,438.310546875,-383.0401367187501,-304.8001464843751,-195.9231933593751,-166.07999572753909,49.440014648437455,160.30078125
1763687450.6670864,3,3,1,-0.00654073823055391,-0.13801692660683856,-3.6883308456259734,-0.012923942326131263,0.013406043018433515,-0.00034915743356433066,0,0,0,0,0,0,0,0,0,0,0,0,0,0,0
1763687450.7767947,3,3,1,-0.008787291368311717,-0.19788161736639323,-4.0510929061925705,-0.015202135493176549,0.01447778500816604,-9.227778164886736e-05,298.0799804687499,-112.79996337890623,168.0448242187499,109.44002685546877,-0.9599975585937273,93.70219726562482,82.07998046874991,494.8800292968749,492.5185546875,-428.6399902343751,-340.8001464843751,-219.15518798828134,-182.8799987792969,51.840039062499955,187.40478515625
1763687450.872812,3,3,1,0.04187096433416959,-0.17110410466436554,-4.34424963094945,-0.01672137548526023,0.01322144879053603,0.000340727214446095,319.6799560546874,-115.19998779296873,175.7889648437499,116.6400085449219,1.4399963378906477,97.57426757812482,82.07998046874991,518.8800292968749,519.62255859375,-462.2400878906251,-357.5999511718751,-230.7712158203126,-185.28000793457034,51.840039062499955,195.14892578125
1763687451.272911,3,3,1,0.06987106112509153,-0.3672807284228274,-5.405355327522239,-0.02294579442129356,0.008112896967299048,0.0004977041773843909,389.2799316406249,-129.60001220703123,218.3807617187499,155.0400329589844,3.8399902343750227,124.67827148437482,91.67995605468741,638.8800292968749,612.550537109375,-563.0401367187501,-441.5999511718751,-288.8511718750001,-221.28000793457034,59.039990234374955,253.228759765625
1763687451.4738324,3,3,1,0.08401425040496172,-0.4902534367289105,-6.146273809557077,-0.02769988466814878,0.008324384133437491,0.00022303356241391045,422.8800292968749,-139.19998779296873,241.6129394531249,164.6400085449219,1.4399963378906477,140.16655273437482,96.48000488281241,694.0799804687499,662.886474609375,-601.4400390625001,-470.4000000000001,-296.5951904296876,-240.48000488281252,59.039990234374955,280.332763671875
1763687451.567431,3,3,1,0.08225999965833486,-0.5460442358839462,-6.490730115894537,-0.03379619045129056,0.009793480676500836,0.000782219851617553,449.2800537109374,-141.60001220703123,253.2289062499999,174.24004516601565,1.4399963378906477,151.78227539062482,103.67995605468741,722.8800292968749,686.118408203125,-632.6399902343751,-501.5999511718751,-315.9551757812501,-247.6800018310547,59.039990234374955,295.82080078125
1763687451.6611435,3,3,1,0.11278490244131686,-0.583530735247052,-6.780526492488811,-0.035173724387474306,0.00761143469865686,0.0006753219642074129,461.2800537109374,-151.19998779296873,264.8448730468749,181.43999633789065,-3.3599914550781023,155.65434570312482,101.27993164062491,751.6800781249999,713.222412109375,-659.0401367187501,-516.0000976562501,-315.9551757812501,-259.68000946044924,63.840039062499955,315.180908203125
1763687451.7702942,3,3,1,0.0737951209899651,-0.6421699441490317,-7.0930270151562365,-0.03711148216111647,0.01125265132785319,0.001265035706443828,494.8800292968749,-148.79996337890623,284.2047363281249,200.6400085449219,11.040002441406273,167.27055664062482,101.27993164062491,778.0799804687499,744.198486328125,-702.2400878906251,-544.8001464843751,-346.93118896484384,-264.4800048828125,61.440014648437455,334.540771484375
1763687451.799787,3,3,1,0.06161367792954145,-0.6281499400557369,-7.113743356016166,-0.03820919073259212,0.0123752755598805,0.0004701004178535673,487.6799560546874,-151.19998779296873,280.3329101562499,198.24004516601565,8.640008544921898,163.39848632812482,101.27993164062491,787.6800781249999,744.198486328125,-699.8399414062501,-549.5999511718751,-343.0591796875001,-266.88000640869143,63.840039062499955,334.540771484375
1763687451.9069033,3,3,1,0.011473009120573863,-0.7125841704238132,-7.511242063616028,-0.041344850100663175,0.012522648545417873,0.0016512235764257214,506.8800292968749,-158.39999999999998,295.8209472656249,205.43999633789065,1.4399963378906477,175.01420898437482,106.07998046874991,809.2799316406249,779.04638671875,-723.8399414062501,-576.0000976562501,-354.67520751953134,-274.0800033569336,59.039990234374955,346.15673828125
1763687451.9859207,3,3,1,0.039349271120959456,-0.6746920333954626,-7.80057547701033,-0.041820692787797216,0.01374264458640516,0.0008389391481479303,528.4800048828124,-158.39999999999998,307.4369140624999,217.43999633789065,3.8399902343750227,178.88627929687482,108.48000488281241,840.4801269531249,802.278564453125,-757.4400390625001,-590.4000000000001,-370.1631835937501,-281.28000793457034,66.23994140624995,357.772705078125
1763687452.0952418,3,3,1,-0.06519481914276948,-0.7804186893221824,-8.197663117055061,-0.04484974111197398,0.017184523407406824,0.001241754172312027,545.2800537109374,-170.39999999999998,311.3087402343749,217.43999633789065,3.8399902343750227,186.63041992187482,113.27993164062491,869.2799316406249,825.510498046875,-791.0401367187501,-609.6001953125001,-377.9072021484376,-290.88000640869143,68.63996582031245,377.1328125
1763687452.271563,3,3,1,-0.20078623318222788,-0.8757591684876747,-9.12960029469615,-0.05101044464125728,0.023775119898476495,0.0015179619509413768,0,0,0,0,0,0,0,0,0,0,0,0,0,0,0
1763687452.3653936,3,3,1,-0.10270493368861813,-0.8648873638067918,-8.956579363154272,-0.04948949941231482,0.020541753093403396,0.0013496611025629272,574.0799804687499,-179.99997558593748,338.4127441406249,236.6400085449219,6.239984130859398,198.24614257812482,122.87990722656241,902.8800292968749,871.974365234375,-839.0401367187501,-631.2000488281251,-401.13919677734384,-305.28000793457034,73.44001464843745,388.748779296875
1763687452.394145,3,3,1,-0.08662420486576083,-0.8863820566227195,-8.924045559796784,-0.04948592137276459,0.0208782618564528,0.0014413566913214575,569.2800537109374,-187.19998779296873,330.6688476562499,234.24004516601565,1.4399963378906477,190.50249023437482,127.67995605468741,900.4801269531249,883.59033203125,-836.6399902343751,-636.0000976562501,-408.88321533203134,-312.4800048828125,75.84003906249995,388.748779296875
1763687452.5715172,3,3,1,0.05464541958616706,-0.7114952252012082,-8.457876590885473,-0.04213263468994705,0.013250840801374938,0.0012312750004008952,564.4800048828124,-179.99997558593748,338.4127441406249,229.43999633789065,-0.9599975585937273,182.75834960937482,122.87990722656241,898.0799804687499,871.974365234375,-819.8399414062501,-624.0000976562501,-393.39517822265634,-307.68000946044924,68.63996582031245,384.876708984375
1763687452.769143,3,3,1,0.07437103709769444,-0.6887724724653147,-8.383238937821329,-0.04039557218308128,0.011521782645753351,0.0012630405497629491,566.8800292968749,-182.39999999999998,338.4127441406249,229.43999633789065,-3.3599914550781023,186.63041992187482,130.0799804687499,893.2799316406249,871.974365234375,-819.8399414062501,-624.0000976562501,-389.52322998046884,-307.68000946044924,71.03999023437495,392.620849609375
1763687453.065156,3,3,1,-0.01599953037820076,-0.7826267483309071,-7.961545310707088,-0.04430882358333674,0.017277863087542474,0.00039022549741460485,571.6799560546874,-182.39999999999998,338.4127441406249,236.6400085449219,3.8399902343750227,186.63041992187482,127.67995605468741,900.4801269531249,875.846435546875,-836.6399902343751,-628.8001464843751,-401.13919677734384,-310.08001098632815,68.63996582031245,392.620849609375
1763687453.1857164,3,3,1,-0.0818049499093711,-0.8179294030301337,-8.168009635887932,-0.04549685108322432,0.01919677515813554,0.0014878990734170875,569.2800537109374,-184.79996337890623,334.5409179687499,236.6400085449219,6.239984130859398,194.37456054687482,125.27993164062491,900.4801269531249,868.1025390625,-836.6399902343751,-628.8001464843751,-405.0112060546876,-310.08001098632815,71.03999023437495,392.620849609375
1763687453.280129,3,3,1,-0.0656795265812983,-0.7494249683657115,-8.030944661633033,-0.04456333326422479,0.019263574939563828,0.0013784834958450241,571.6799560546874,-187.19998779296873,334.5409179687499,236.6400085449219,6.239984130859398,190.50249023437482,122.87990722656241,898.0799804687499,868.1025390625,-836.6399902343751,-628.8001464843751,-401.13919677734384,-305.28000793457034,68.63996582031245,396.492919921875
1763687453.4721437,3,3,1,-0.08410410390867604,-0.7760759734326895,-7.96111712691726,-0.04443173940823869,0.01869574355721287,0.0009372262541494278,569.2800537109374,-184.79996337890623,330.6688476562499,234.24004516601565,3.8399902343750227,194.37456054687482,122.87990722656241,898.0799804687499,871.974365234375,-834.2400878906251,-628.8001464843751,-405.0112060546876,-307.68000946044924,71.03999023437495,392.620849609375
1763687453.5781322,3,3,1,-0.07684275203824845,-0.7713115331945859,-7.807986215231863,-0.04402216749660115,0.018663836577559014,0.0004459774514658714,569.2800537109374,-187.19998779296873,338.4127441406249,234.24004516601565,3.8399902343750227,186.63041992187482,125.27993164062491,893.2799316406249,875.846435546875,-834.2400878906251,-624.0000976562501,-401.13919677734384,-307.68000946044924,73.44001464843745,388.748779296875
1763687453.7711685,3,3,1,-0.0576182818968195,-0.7320475312689145,-7.869171231336384,-0.04218539866860054,0.017849237599826758,0.0010538694617371297,0,0,0,0,0,0,0,0,0,0,0,0,0,0,0
1763687453.9721546,3,3,1,-0.021448900156882084,-0.7230295925429902,-7.669192578751825,-0.042388476278209686,0.017560180240026882,0.0007324533427274537,569.2800537109374,-187.19998779296873,326.7967773437499,234.24004516601565,-3.3599914550781023,182.75834960937482,122.87990722656241,898.0799804687499,875.846435546875,-831.8399414062501,-626.4000000000001,-397.2671875000001,-305.28000793457034,71.03999023437495,388.748779296875
1763687454.0915868,3,3,1,-0.044217949429615766,-0.7192430915186583,-7.738739608938662,-0.04304721028655835,0.017918509747506403,0.0010955120569868147,569.2800537109374,-184.79996337890623,330.6688476562499,234.24004516601565,1.4399963378906477,190.50249023437482,127.67995605468741,893.2799316406249,879.718505859375,-829.4400390625001,-624.0000976562501,-397.2671875000001,-305.28000793457034,66.23994140624995,388.748779296875
1763687454.2670953,3,3,1,-0.01639492781996696,-0.7227589316116105,-7.749261857199113,-0.04155920694208472,0.01649062329866345,0.0007853689188250129,571.6799560546874,-184.79996337890623,334.5409179687499,234.24004516601565,1.4399963378906477,194.37456054687482,125.27993164062491,893.2799316406249,879.718505859375,-834.2400878906251,-624.0000976562501,-401.13919677734384,-305.28000793457034,73.44001464843745,388.748779296875
1763687454.3880188,3,3,1,-0.03396533644167285,-0.6636796242316528,-7.72970789539831,-0.040908541102863835,0.016736149475561304,0.0007901559320945934,574.0799804687499,-184.79996337890623,330.6688476562499,236.6400085449219,-0.9599975585937273,186.63041992187482,122.87990722656241,902.8800292968749,879.718505859375,-834.2400878906251,-621.6001953125001,-405.0112060546876,-310.08001098632815,73.44001464843745,392.620849609375
1763687454.4828389,3,3,1,-0.034299330558521024,-0.7138861822859497,-7.6976869224662,-0.04130771081194769,0.0169325539304864,0.000882489678644243,571.6799560546874,-184.79996337890623,334.5409179687499,234.24004516601565,-0.9599975585937273,186.63041992187482,125.27993164062491,898.0799804687499,879.718505859375,-836.6399902343751,-624.0000976562501,-401.13919677734384,-307.68000946044924,73.44001464843745,388.748779296875
1763687454.8729463,3,3,1,-0.018395116671284295,-0.7020283453218897,-7.662957769656069,-0.04085058414941572,0.016425474191135346,0.0012083803942221796,0,0,0,0,0,0,0,0,0,0,0,0,0,0,0
1763687454.9664326,3,3,1,0.00010535566551403419,-0.6880766771170602,-7.189864423587428,-0.040597373330084105,0.015021665560812664,0.0005168423585120694,557.2800537109374,-177.60001220703123,326.7967773437499,231.84002075195315,1.4399963378906477,182.75834960937482,120.48000488281241,874.0799804687499,840.99853515625,-807.8399414062501,-600.0000976562501,-393.39517822265634,-298.08001098632815,68.63996582031245,381.0048828125
1763687455.2651477,3,3,1,0.15800829100385239,-0.5490103957226948,-5.990752299027424,-0.0309475131593534,0.005508680521312079,0.0003467107256974085,511.6799560546874,-165.60001220703123,295.8209472656249,210.24004516601565,-5.760015869140602,163.39848632812482,113.27993164062491,811.6800781249999,771.302490234375,-723.8399414062501,-552.0000976562501,-354.67520751953134,-276.4800048828125,61.440014648437455,350.02880859375
1763687455.3728294,3,3,1,0.02186961109920152,-0.6110274508981653,-5.574618283110472,-0.03594612966011738,0.013303997654093524,0.00048143728190176813,482.8800292968749,-158.39999999999998,276.4608398437499,198.24004516601565,-5.760015869140602,159.52641601562482,110.87990722656241,773.2799316406249,744.198486328125,-685.4400390625001,-528.0000976562501,-331.4432128906251,-266.88000640869143,61.440014648437455,326.796875
1763687455.5778887,3,3,1,0.16022214858139477,-0.477462561670567,-4.52126149869434,-0.028283377340597982,0.008501773589020756,1.7644584869917507e-05,430.0799804687499,-148.79996337890623,241.6129394531249,179.0400329589844,-5.760015869140602,136.29448242187482,106.07998046874991,708.4801269531249,670.63037109375,-606.2400878906251,-470.4000000000001,-296.5951904296876,-247.6800018310547,56.639965820312455,284.204833984375
1763687455.7635233,3,3,1,0.12713929773654314,-0.367201837087369,-3.404157566802295,-0.022859815414013347,0.006652544028265137,-0.0006640714166579783,389.2799316406249,-129.60001220703123,206.7647949218749,159.84002075195315,1.4399963378906477,128.55034179687482,94.07998046874991,629.2799316406249,589.318359375,-543.8399414062501,-412.8001464843751,-277.2352050781251,-218.8799987792969,54.239941406249955,257.100830078125
1763687456.0607948,3,3,1,0.060519355542360306,-0.24857783399361097,-2.116902133964484,-0.016023469678070473,0.00944079337677618,-0.0014347172488588542,312.4800048828124,-105.60001220703123,152.5567871093749,126.24001464843752,3.8399902343750227,89.83012695312482,77.27993164062491,506.8800292968749,461.54248046875,-421.4400390625001,-333.5999511718751,-226.89920654296884,-182.8799987792969,44.639965820312455,195.14892578125
1763687456.074835,3,3,1,0.0846595608449159,-0.23456659931731624,-2.100477974538115,-0.015550108921177815,0.009603720450748823,-0.0007244692718621444,307.6799560546874,-105.60001220703123,152.5567871093749,123.84002075195315,1.4399963378906477,82.08623046874982,74.87990722656241,502.0799804687499,465.41455078125,-419.0401367187501,-324.0000976562501,-226.89920654296884,-178.07999572753909,37.440014648437455,191.27685546875
1763687456.1857872,3,3,1,0.02712179415679153,-0.18873955286470429,-1.845291670683371,-0.01544689522605935,0.009561517735324975,-0.0008711308821237368,0,0,0,0,0,0,0,0,0,0,0,0,0,0,0
1763687456.2783206,3,3,1,-0.008844370110789403,-0.16146655810456148,-1.5689641581091331,-0.014472479739808551,0.00804813878015228,-0.0013179747474294818,271.6799560546874,-98.39999999999998,121.58095703124991,114.24001464843752,1.4399963378906477,66.59843749999982,70.07998046874991,442.0799804687499,399.59033203125,-361.4400390625001,-283.2000488281251,-203.6672119140626,-161.28000793457034,39.840039062499955,179.660888671875
1763687456.3751738,3,3,1,0.23582353386190308,-0.3093822343035718,-1.3411532964562043,-0.014716611448567667,0.004781180673007996,-0.001617633749461436,245.2799316406249,-83.99997558593748,117.70888671874991,102.24001464843752,6.239984130859398,66.59843749999982,62.87990722656241,401.2799316406249,376.3583984375,-332.6399902343751,-252.0000976562501,-188.1791748046876,-146.8799987792969,35.039990234374955,148.684814453125
1763687456.4677444,3,3,1,-0.057494764926629645,-0.07866732350163254,-1.1865766487614298,-0.011995699293226688,0.0066610026675269374,-0.0011778738148254643,228.4800048828124,-88.79996337890623,106.09291992187491,97.44002685546877,3.8399902343750227,51.11040039062482,62.87990722656241,370.0799804687499,349.25439453125,-313.4400390625001,-240.0000976562501,-180.43521728515634,-137.28000793457034,35.039990234374955,133.19677734375
1763687456.576325,3,3,1,0.3211071700230763,-0.11210762639955132,-0.9124213087474258,-0.01078762216606468,0.0058914322495336215,-0.0011521377986517382,216.4800048828124,-91.19998779296873,98.34877929687491,92.6400085449219,-0.9599975585937273,47.23833007812482,62.87990722656241,358.0799804687499,326.0224609375,-287.0401367187501,-218.4000000000001,-168.8191894531251,-134.8799987792969,32.639965820312455,129.32470703125
1763687456.668092,3,3,1,0.13798017404263602,-0.05220233827788956,-0.7901435924535287,-0.0074363965152952315,0.00556425369809846,-0.0014108783736746725,204.4800048828124,-79.19998779296873,90.60488281249991,85.44002685546877,1.4399963378906477,47.23833007812482,55.67995605468741,334.0799804687499,314.406494140625,-267.8399414062501,-201.5999511718751,-164.94718017578134,-130.07999572753909,35.039990234374955,121.580810546875
1763687456.762353,3,3,1,0.18990353440579755,-0.006691601418451435,-0.4040936591357152,-0.006957007771072492,0.00591480164186939,-0.0018223588037132013,194.8800292968749,-81.60001220703123,82.86074218749991,85.44002685546877,6.239984130859398,39.49443359374982,58.07998046874991,317.2799316406249,302.79052734375,-253.4400390625001,-189.5999511718751,-153.33121337890634,-125.27999267578127,30.239941406249955,109.96484375
1763687456.8720012,3,3,1,0.13049963833779277,-0.0321820951495904,-0.38624284305270445,-0.007347734593328992,0.006525581805418809,-0.0021277186160199683,178.0799804687499,-74.39999999999998,71.24477539062491,73.44002685546877,1.4399963378906477,35.62236328124982,53.27993164062491,295.6800781249999,275.6865234375,-236.6399902343751,-172.8001464843751,-145.58719482421884,-118.08001098632815,37.440014648437455,102.220703125
1763687456.9673777,3,3,1,0.1583795296353301,-0.030965429044343035,-0.5008568050247417,-0.006009125891904894,0.0064715600465896665,-0.0014594419494906587,168.4800048828124,-76.79996337890623,67.37294921874991,73.44002685546877,-0.9599975585937273,35.62236328124982,48.48000488281241,278.8800292968749,267.9423828125,-222.2400878906251,-158.4000000000001,-137.84317626953134,-110.8799987792969,32.639965820312455,98.348876953125
1763687457.0579581,3,3,1,0.12246708486952487,-0.012118242329943445,-0.5322969530155548,-0.005530919884100605,0.0071501741934578604,-0.0010789822469200968,156.4800048828124,-76.79996337890623,71.24477539062491,68.6400085449219,3.8399902343750227,24.006396484374818,50.87990722656241,264.4801269531249,252.454345703125,-212.6399902343751,-148.8001464843751,-133.97122802734384,-103.67998657226565,35.039990234374955,86.73291015625
1763687457.2653155,3,3,1,0.08846771473481847,0.037104057201534583,-0.30267909766395307,-0.0030459097694224557,0.006750363633634112,-0.0009903267618417736,137.2799316406249,-74.39999999999998,55.75673828124991,61.44002685546877,1.4399963378906477,16.262255859374818,48.48000488281241,228.4801269531249,229.222412109375,-191.0401367187501,-122.40000000000009,-118.48319091796884,-96.48000488281252,32.639965820312455,71.244873046875
1763687458.6667259,3,3,1,0.15015997391407,0.12030792554514262,0.21075019194747452,-0.00036341535952801735,0.005471437149030136,-0.0015849499570201344,74.88002929687491,-67.19998779296873,24.78090820312491,35.04000244140627,-5.760015869140602,-10.841748046875182,41.27993164062491,127.67995605468741,151.782470703125,-109.44003906250009,-48.00009765625009,-79.76322021484384,-74.8799987792969,25.440014648437455,20.90869140625
1763687458.8325953,3,3,1,0.1672845487301429,0.073308083496259,0.20915775608919956,-0.0007306294566036863,0.004761315213703848,-0.001270515974112168,74.88002929687491,-71.99997558593748,20.90883789062491,35.04000244140627,-5.760015869140602,-10.841748046875182,41.27993164062491,127.67995605468741,159.5263671875,-109.44003906250009,-45.59995117187509,-72.01920166015634,-72.48000488281252,25.440014648437455,24.78076171875
1763687459.067259,3,3,1,0.16071018244963076,-0.038252874985442144,0.2386944263923363,-0.0021256615287436674,0.0041640034206261905,-0.0010999904804042733,67.67995605468741,-69.60001220703123,17.03676757812491,32.6400085449219,-5.760015869140602,-18.585644531250182,48.48000488281241,125.28005371093741,151.782470703125,-102.24008789062509,-43.20004882812509,-72.01920166015634,-70.08001098632815,25.440014648437455,24.78076171875
1763687459.3758245,3,3,1,0.17520371399616602,0.06983546911098906,0.2093812281789019,-0.0005792844133873883,0.0044109768180046124,-0.0009568621192143675,70.07998046874991,-69.60001220703123,17.03676757812491,32.6400085449219,-3.3599914550781023,-18.585644531250182,41.27993164062491,113.28005371093741,147.910400390625,-97.44003906250009,-40.80014648437509,-60.40317382812509,-72.48000488281252,23.039990234374955,17.036865234375
1763687459.5925512,3,3,1,0.16464868046835954,0.08692564553355743,0.2297040790284679,6.611698853092353e-05,0.004046619326012669,-0.0011828531872789812,65.27993164062491,-67.19998779296873,13.164941406249909,30.240014648437523,-3.3599914550781023,-18.585644531250182,41.27993164062491,110.88002929687491,140.16650390625,-92.63999023437509,-40.80014648437509,-75.89121093750009,-67.67998657226565,18.239941406249955,17.036865234375
1763687459.9066787,3,3,1,0.2015775738278143,0.0633160990752992,0.25822636816467165,-0.0007918523478447083,0.004473514763494771,-0.0013308101726492833,65.27993164062491,-69.60001220703123,17.03676757812491,27.840020751953148,-5.760015869140602,-18.585644531250182,41.27993164062491,113.28005371093741,140.16650390625,-92.63999023437509,-31.20004882812509,-68.14719238281259,-72.48000488281252,18.239941406249955,13.164794921875
1763687460.1711535,3,3,1,0.1480813902483033,0.07568185556757266,0.2291351163706879,-0.00020137138956204332,0.004469176075836906,-0.001261235307073666,0,0,0,0,0,0,0,0,0,0,0,0,0,0,0
1763687460.373736,3,3,1,0.165169331719497,0.06588408124879708,0.22809612767905102,-0.00027421851761305757,0.004320419390685916,-0.0011048257729097933,60.48000488281241,-64.79996337890623,5.420800781249909,27.840020751953148,-3.3599914550781023,-18.585644531250182,38.87990722656241,108.48000488281241,136.29443359375,-90.24008789062509,-36.00009765625009,-68.14719238281259,-65.27999267578127,23.039990234374955,9.292724609375
1763687460.4349728,3,3,1,0.13296421384550097,0.0635993958794692,0.2096828525850599,-0.0008072448360079824,0.00505213280754957,-0.0008786479525900297,58.07998046874991,-62.39999999999998,9.292871093749909,27.840020751953148,-3.3599914550781023,-22.457714843750182,46.07998046874991,103.67995605468741,140.16650390625,-87.83994140625009,-31.20004882812509,-64.27518310546884,-65.27999267578127,23.039990234374955,20.90869140625
1763687460.728297,3,3,1,0.16655761627978521,0.06399578335052594,0.24314085740098662,-0.0006238153447631813,0.004679168001093637,-0.0011007414631374612,58.07998046874991,-67.19998779296873,13.164941406249909,27.840020751953148,-0.9599975585937273,-22.457714843750182,36.48000488281241,101.28005371093741,128.550537109375,-80.63999023437509,-28.80014648437509,-64.27518310546884,-65.27999267578127,23.039990234374955,5.4208984375
1763687461.3725336,3,3,1,0.1580038933967906,0.07765268809908649,0.27802087506320927,-0.0005223200901483269,0.004952974966414346,-0.0017925696463425844,53.27993164062491,-67.19998779296873,9.292871093749909,23.040002441406273,-5.760015869140602,-14.713574218750182,36.48000488281241,91.67995605468741,124.678466796875,-80.63999023437509,-26.40000000000009,-60.40317382812509,-60.48000488281252,20.639965820312455,13.164794921875
1763687461.6693556,3,3,1,0.1327490857643446,0.03358295347709107,0.20966239293285277,-0.0010687987500437074,0.005066171792137684,-0.0015807948821024774,53.27993164062491,-62.39999999999998,9.292871093749909,25.439996337890648,-3.3599914550781023,-22.457714843750182,38.87990722656241,94.07998046874991,124.678466796875,-80.63999023437509,-26.40000000000009,-60.40317382812509,-62.8799987792969,18.239941406249955,5.4208984375
1763687461.8708756,3,3,1,0.1477620213290378,0.053477864113071816,0.2785739164261041,-0.0003761393416822469,0.005043061666074898,-0.001398622273589259,50.88002929687491,-67.19998779296873,1.548730468749909,23.040002441406273,-5.760015869140602,-26.329541015625182,38.87990722656241,94.07998046874991,116.934326171875,-75.83994140625009,-21.59995117187509,-60.40317382812509,-62.8799987792969,23.039990234374955,9.292724609375
1763687462.476705,3,3,1,0.17467249201033588,0.08062790405653716,0.2617815911549173,-0.0003201258673583675,0.004151641271492323,-0.0015634709710344108,48.48000488281241,-64.79996337890623,5.420800781249909,23.040002441406273,-3.3599914550781023,-26.329541015625182,43.67995605468741,89.28005371093741,120.806396484375,-68.63999023437509,-19.20004882812509,-64.27518310546884,-62.8799987792969,20.639965820312455,9.292724609375
1763687462.7750976,3,3,1,0.15727777956233205,0.0873475348862882,0.2955720880486254,-0.0002692573274434818,0.005055791857995986,-0.001707837113620179,48.48000488281241,-64.79996337890623,-2.323095703125091,18.240014648437523,-0.9599975585937273,-30.201611328125182,36.48000488281241,84.48000488281241,120.806396484375,-73.44003906250009,-19.20004882812509,-60.40317382812509,-65.27999267578127,18.239941406249955,5.4208984375
1763687463.0745924,3,3,1,0.15251595294751172,0.0621524508981582,0.32547202926658214,-0.0013009498636597778,0.004992473772549104,-0.0015430753621256653,46.07998046874991,-62.39999999999998,-6.195166015625091,20.640008544921898,-0.9599975585937273,-26.329541015625182,38.87990722656241,82.07998046874991,116.934326171875,-73.44003906250009,-21.59995117187509,-64.27518310546884,-60.48000488281252,15.840039062499955,9.292724609375
1763687463.1816988,3,3,1,0.1657428786913864,0.07365730964423173,0.21048878046806543,-0.0003920219234336362,0.0047802635538604,-0.0012685785879984208,48.48000488281241,-62.39999999999998,-2.323095703125091,20.640008544921898,-5.760015869140602,-34.07368164062518,41.27993164062491,82.07998046874991,116.934326171875,-73.44003906250009,-21.59995117187509,-60.40317382812509,-60.48000488281252,23.039990234374955,-6.195068359375
1763687463.6680355,3,3,1,0.17011246299829302,0.03290424405403886,0.20578735169243337,-0.00173914117375293,0.0047329217300432535,-0.0015853270881943024,0,0,0,0,0,0,0,0,0,0,0,0,0,0,0
1763687464.2745256,3,3,1,0.1596966619904645,0.0927101973259879,-0.31679022245994337,-0.001216990474867638,0.00632616541718954,2.362405316619294e-05,67.67995605468741,-62.39999999999998,20.90883789062491,20.640008544921898,-3.3599914550781023,-3.097607421875182,41.27993164062491,127.67995605468741,155.654541015625,-107.04013671875009,-60.00009765625009,-72.01920166015634,-77.27999267578127,27.840039062499955,17.036865234375
1763687464.7732215,3,3,1,-0.09686956968102801,0.3576182631646529,-0.8048437815915065,0.0007115532720860275,0.009034280055648169,-0.0011017546089860165,0,0,0,0,0,0,0,0,0,0,0,0,0,0,0
1763687464.9754837,3,3,1,-0.08228635333185022,0.030693717461313635,-1.1012462674436574,-0.002025998853143286,0.009263257762479228,-0.0004872576454388616,154.0799804687499,-69.60001220703123,71.24477539062491,66.24001464843752,-3.3599914550781023,27.878466796874818,50.87990722656241,278.8800292968749,260.198486328125,-212.6399902343751,-168.0000976562501,-126.22720947265634,-110.8799987792969,32.639965820312455,90.604736328125
1763687465.2718527,3,3,1,0.3140015893510078,-0.40518820746584616,-1.9900076670565667,-0.010976600782216017,0.007467115766948732,-0.00041720027353847264,206.8800292968749,-83.99997558593748,102.22084960937491,73.44002685546877,-3.3599914550781023,51.11040039062482,60.48000488281241,353.2799316406249,345.38232421875,-287.0401367187501,-232.8001464843751,-157.2032226562501,-134.8799987792969,39.840039062499955,117.708740234375
1763687465.3780248,3,3,1,0.11815246806841763,-0.11444333698719915,-2.4385642319430403,-0.010803877570353785,0.010166693643760754,-0.00036601654639402425,216.4800048828124,-86.39999999999998,117.70888671874991,75.84002075195315,-0.9599975585937273,51.11040039062482,62.87990722656241,370.0799804687499,364.742431640625,-308.6399902343751,-249.5999511718751,-164.94718017578134,-137.28000793457034,47.039990234374955,125.452880859375
1763687465.486612,3,3,1,0.10978604359393801,-0.11447873871216913,-2.6389805737945067,-0.010854955480983636,0.009091369736501504,-0.0003598401138916118,240.4800048828124,-95.99997558593748,121.58095703124991,90.24001464843752,-0.9599975585937273,74.34233398437482,65.27993164062491,403.6800781249999,395.718505859375,-344.6399902343751,-273.5999511718751,-180.43521728515634,-149.28000793457034,49.440014648437455,148.684814453125
1763687465.5958679,3,3,1,0.06937897934281279,-0.13096610904285128,-2.9385126332463285,-0.013973954956193645,0.01282173573099333,-0.00047797261662813084,252.4800048828124,-98.39999999999998,140.9408203124999,92.6400085449219,-0.9599975585937273,70.47026367187482,67.67995605468741,427.6800781249999,418.950439453125,-356.6399902343751,-290.4000000000001,-195.9231933593751,-156.48000488281252,42.239941406249955,148.684814453125
1763687465.6896517,3,3,1,0.09971891245492669,-0.14415298067082152,-3.305851084920325,-0.013329469135041266,0.011311721029438511,-0.0002929888527605758,269.2799316406249,-100.79996337890623,140.9408203124999,97.44002685546877,-3.3599914550781023,85.95854492187482,67.67995605468741,456.4801269531249,442.182373046875,-392.6399902343751,-309.5999511718751,-195.9231933593751,-158.8799987792969,49.440014648437455,164.1728515625
1763687465.7981608,3,3,1,0.08850019642090982,-0.12302909203302843,-3.48595432647636,-0.012531365410495203,0.010086738096041398,-0.00035590400011413547,290.8800292968749,-105.60001220703123,160.3009277343749,107.04000244140627,-0.9599975585937273,89.83012695312482,74.87990722656241,487.6800781249999,473.158447265625,-419.0401367187501,-338.4000000000001,-211.4112304687501,-178.07999572753909,49.440014648437455,179.660888671875
1763687465.9729397,3,3,1,0.01780678488425754,-0.20420786657401763,-4.293783209544556,-0.017326256260228132,0.012878734753627129,-0.0002663814619035575,319.6799560546874,-112.79996337890623,175.7889648437499,126.24001464843752,1.4399963378906477,97.57426757812482,84.48000488281241,533.2799316406249,508.00634765625,-459.8399414062501,-362.4000000000001,-238.51517333984384,-190.08001098632815,49.440014648437455,199.020751953125
1763687466.0664,3,3,1,0.052621711215878275,-0.2440845452575247,-4.507180878358815,-0.019896811172453847,0.013362413816995378,-0.0002722418030648966,343.6799560546874,-115.19998779296873,191.2767578124999,133.44002685546877,1.4399963378906477,109.19047851562482,91.67995605468741,569.2799316406249,542.8544921875,-486.2400878906251,-386.4000000000001,-242.3871826171876,-199.6800018310547,56.639965820312455,218.380859375
1763687466.1089249,3,3,1,0.044192036879976845,-0.2574659594436779,-4.473188026780648,-0.019993777298670936,0.013065568153876899,-0.00025936678051570895,350.8800292968749,-117.60001220703123,191.2767578124999,133.44002685546877,-0.9599975585937273,113.06254882812482,84.48000488281241,576.4801269531249,554.470458984375,-498.2400878906251,-391.2000488281251,-246.25919189453134,-204.48000488281252,54.239941406249955,226.124755859375
1763687466.2686996,3,3,1,0.00632971235801108,-0.3785265835826626,-5.1826306689617665,-0.02235122300135157,0.01021072025221886,-0.0005128843449664446,384.4800048828124,-122.39999999999998,214.5089355468749,145.44002685546877,1.4399963378906477,116.93413085937482,91.67995605468741,624.4801269531249,600.934326171875,-541.4400390625001,-427.2000488281251,-269.4911865234376,-221.28000793457034,56.639965820312455,249.356689453125
1763687466.3283486,3,3,1,-0.00239737068681041,-0.37460658287486276,-5.217215727332531,-0.022314354501644967,0.010643795229254299,0.0003347246059610567,396.4800048828124,-129.60001220703123,226.1249023437499,155.0400329589844,-0.9599975585937273,120.80620117187482,94.07998046874991,641.2799316406249,608.678466796875,-563.0401367187501,-439.2000488281251,-277.2352050781251,-221.28000793457034,56.639965820312455,260.972900390625
1763687466.4198468,3,3,1,0.05186526566289801,-0.38569094311907437,-5.516383132470603,-0.025182515782370945,0.011036523508433652,5.972216537801175e-05,413.2800537109374,-131.99997558593748,229.9969726562499,162.24004516601565,-0.9599975585937273,136.29448242187482,89.27993164062491,665.2799316406249,635.782470703125,-582.2400878906251,-456.0000976562501,-292.72318115234384,-230.8799987792969,56.639965820312455,276.460693359375
1763687466.5130246,3,3,1,0.027907315256291504,-0.4582788624938668,-5.948968747345628,-0.028412081989953077,0.011612481340742874,0.0007577201713582225,430.0799804687499,-136.79996337890623,241.6129394531249,171.84002075195315,-0.9599975585937273,140.16655273437482,94.07998046874991,694.0799804687499,659.014404296875,-606.2400878906251,-477.5999511718751,-296.5951904296876,-245.28000793457034,61.440014648437455,288.076904296875
1763687466.6711123,3,3,1,0.13557457432608222,-0.4985252381327713,-6.586523166677594,-0.03190852417760167,0.009060583915992355,0.0009861682160950834,456.4800048828124,-143.99997558593748,260.9728027343749,181.43999633789065,-0.9599975585937273,151.78227539062482,96.48000488281241,742.0799804687499,701.6064453125,-644.6399902343751,-506.4000000000001,-319.82718505859384,-252.48000488281252,63.840039062499955,303.564697265625
1763687466.7151968,3,3,1,0.13611196518448623,-0.5231309790523185,-6.518222842479197,-0.03208171258000946,0.007758714843962391,0.00077713332352343,470.8800292968749,-148.79996337890623,268.7169433593749,191.0400329589844,6.239984130859398,151.78227539062482,101.27993164062491,754.0799804687499,709.350341796875,-663.8399414062501,-523.2000488281251,-327.57120361328134,-257.28000793457034,63.840039062499955,315.180908203125
1763687466.806463,3,3,1,0.08801523451318441,-0.581126933641117,-6.817787795334658,-0.03571194074043036,0.010719928643178507,0.00019118110533256072,492.4800048828124,-151.19998779296873,276.4608398437499,198.24004516601565,8.640008544921898,163.39848632812482,96.48000488281241,785.2799316406249,736.454345703125,-699.8399414062501,-552.0000976562501,-350.8031982421876,-262.0800033569336,66.23994140624995,334.540771484375
1763687466.9013207,3,3,1,-0.011863328526245387,-0.7284894133140567,-7.211588887847835,-0.042111626822364634,0.015013351916707326,0.0004278964570330456,506.8800292968749,-155.99997558593748,288.0768066406249,205.43999633789065,1.4399963378906477,171.14213867187482,103.67995605468741,814.0799804687499,771.302490234375,-723.8399414062501,-564.0000976562501,-354.67520751953134,-271.68000946044924,63.840039062499955,350.02880859375
1763687467.00784,3,3,1,0.046359378771929804,-0.6810721444145411,-7.5745078922240445,-0.040919069772381904,0.009321705194555031,0.0010795395086924929,526.0799804687499,-163.19998779296873,303.5648437499999,219.84002075195315,3.8399902343750227,186.63041992187482,108.48000488281241,845.2799316406249,798.406494140625,-757.4400390625001,-590.4000000000001,-370.1631835937501,-283.68000946044924,61.440014648437455,357.772705078125
1763687467.1177926,3,3,1,0.018501500394565773,-0.7777097546302414,-7.890620729563236,-0.04386240907545536,0.013432098402084761,0.0008069478621338501,557.2800537109374,-170.39999999999998,322.9249511718749,227.0400329589844,8.640008544921898,194.37456054687482,113.27993164062491,883.6800781249999,840.99853515625,-805.4400390625001,-619.2000488281251,-389.52322998046884,-293.28000793457034,68.63996582031245,377.1328125
1763687467.2260356,3,3,1,0.02412630215493236,-0.8106744558361181,-8.43639974710517,-0.04581300323172918,0.013953229232781257,0.0006064428029880216,581.2800537109374,-179.99997558593748,338.4127441406249,241.43999633789065,13.439996337890648,194.37456054687482,113.27993164062491,914.8800292968749,879.718505859375,-858.2400878906251,-640.8001464843751,-420.49918212890634,-310.08001098632815,73.44001464843745,408.10888671875
1763687467.3705158,3,3,1,-0.034451036441566774,-0.8149486011682963,-9.299203445320039,-0.046964948606966615,0.016859237959454102,0.0011545430800532865,610.0799804687499,-194.39999999999998,357.7728515624999,251.0400329589844,6.239984130859398,202.11821289062482,127.67995605468741,953.2799316406249,930.054443359375,-901.4400390625001,-664.8001464843751,-432.1152099609376,-322.0800071716309,73.44001464843745,419.724853515625
1763687467.4273305,3,3,1,-0.04107135933128661,-0.8324047527726995,-9.318153589577506,-0.047633408480708045,0.0173816394964139,0.0006774458563382729,0,0,0,0,0,0,0,0,0,0,0,0,0,0,0
1763687467.5350304,3,3,1,-0.12212257080371769,-0.9411855267421877,-9.776113024603756,-0.052403203885632785,0.02339333115317843,0.0011298014133264323,650.8800292968749,-211.19998779296873,392.6207519531249,267.84002075195315,6.239984130859398,213.73442382812482,139.6799560546874,1010.8800292968749,1007.494384765625,-978.2400878906251,-717.6001953125001,-459.2192138671876,-341.28000793457034,80.63996582031245,454.57275390625
1763687467.6609046,3,3,1,-0.19758195180477064,-1.0281604561412379,-11.059273107105614,-0.0583926534590647,0.026337990625379965,0.0013576038864298841,689.2800537109374,-225.60001220703123,419.7247558593749,289.43999633789065,11.040002441406273,236.96635742187482,146.8799072265624,1054.07998046875,1053.95849609375,-1043.04013671875,-756.0000976562501,-490.19522705078134,-360.4800106048584,85.44001464843745,477.804931640625
1763687467.866134,3,3,1,-0.2987733814706044,-1.1468199057257404,-12.306180045765355,-0.0631632901162721,0.03281700138922691,0.0012164836776370337,732.4800048828124,-242.39999999999998,446.8287597656249,306.24004516601565,8.640008544921898,248.58256835937482,156.4800048828124,1121.279931640625,1143.014404296875,-1134.240087890625,-808.8001464843751,-521.1711791992188,-382.08001098632815,92.63996582031245,508.78076171875
1763687468.2710137,3,3,1,-0.2169431150328926,-1.1367095729245917,-13.581110439310855,-0.06254538285733079,0.027934784655793514,0.0020904335055602313,770.8800292968749,-254.39999999999998,473.9327636718749,320.6400085449219,6.239984130859398,256.3262207031248,163.6799560546874,1174.07998046875,1197.222412109375,-1199.04013671875,-861.6001953125001,-544.4031738281251,-401.2800117492676,87.84003906249995,535.884765625
1763687468.3652413,3,3,1,-0.10857680325392921,-1.0141265736519363,-13.091836618582297,-0.05797966421598952,0.021868775185263388,0.0018815442981410997,763.6799560546874,-254.39999999999998,470.0609374999999,323.0400329589844,1.4399963378906477,252.45415039062482,170.8799072265624,1178.880029296875,1208.83837890625,-1194.240087890625,-859.2000488281251,-536.6592163085938,-403.6800113677979,92.63996582031245,524.268798828125
1763687468.663573,3,3,1,0.018364113051053843,-0.9749336225143527,-12.802449524954005,-0.0566730564487923,0.01735596260292526,0.002063672302013394,766.0799804687499,-259.1999877929687,477.8048339843749,318.24004516601565,3.8399902343750227,252.45415039062482,170.8799072265624,1176.480126953125,1204.966552734375,-1196.639990234375,-861.6001953125001,-536.6592163085938,-401.2800117492676,95.03999023437495,532.0126953125
1763687468.7761517,3,3,1,-0.03675476407503758,-1.0167255324086653,-12.816894327712818,-0.05636107274397279,0.018589697724260328,0.0022204876205215813,770.8800292968749,-259.1999877929687,473.9327636718749,320.6400085449219,3.8399902343750227,248.58256835937482,168.4800048828124,1176.480126953125,1204.966552734375,-1201.4400390625,-866.4000000000001,-540.5312255859376,-406.08001098632815,92.63996582031245,535.884765625
1763687469.0730836,3,3,1,-0.12633523516296596,-1.0604937528051805,-12.613268751004373,-0.06009589715106497,0.024211453627143123,0.0014224829361128978,775.6799560546874,-259.1999877929687,477.8048339843749,325.43999633789065,1.4399963378906477,256.3262207031248,166.0799804687499,1181.279931640625,1204.966552734375,-1208.639990234375,-873.6001953125001,-548.2751831054688,-406.08001098632815,92.63996582031245,535.884765625
1763687469.2736313,3,3,1,-0.1117669257934582,-1.0386498052328226,-12.475858692039283,-0.05919442219979792,0.023734756545217554,0.0016297674335069862,775.6799560546874,-259.1999877929687,473.9327636718749,320.6400085449219,8.640008544921898,260.1982910156248,168.4800048828124,1178.880029296875,1212.71044921875,-1213.4400390625,-868.8001464843751,-548.2751831054688,-401.2800117492676,90.23994140624995,532.0126953125
1763687469.3652234,3,3,1,-0.1136758615829952,-1.0157199432270896,-12.489295471179632,-0.05850448987965454,0.023102207896232643,0.0015476557143985843,778.0799804687499,-259.1999877929687,473.9327636718749,323.0400329589844,3.8399902343750227,267.9424316406248,166.0799804687499,1176.480126953125,1212.71044921875,-1215.840185546875,-871.2000488281251,-552.1471923828126,-410.8800121307373,95.03999023437495,535.884765625
1763687469.4741929,3,3,1,-0.10119873443409227,-1.044612195496664,-12.385522768103764,-0.057704246126981995,0.02302885795867995,0.0013561315397964098,773.2800537109374,-261.6000122070312,485.5487304687499,323.0400329589844,6.239984130859398,260.1982910156248,166.0799804687499,1183.680078125,1212.71044921875,-1215.840185546875,-871.2000488281251,-552.1471923828126,-408.48001251220705,85.44001464843745,539.7568359375
1763687469.5713363,3,3,1,-0.09742875947916968,-1.0456872918226596,-12.422855818425568,-0.05855801807312866,0.023068572662296623,0.0015736928401208455,775.6799560546874,-259.1999877929687,477.8048339843749,320.6400085449219,6.239984130859398,252.45415039062482,168.4800048828124,1183.680078125,1216.58251953125,-1213.4400390625,-871.2000488281251,-544.4031738281251,-406.08001098632815,90.23994140624995,532.0126953125
1763687469.6777563,3,3,1,-0.13398796923508577,-1.0649192390050244,-12.335536286046585,-0.05820064599573355,0.02331519172954811,0.0012174807339219215,780.4800048828124,-261.6000122070312,477.8048339843749,323.0400329589844,6.239984130859398,264.0703613281248,163.6799560546874,1183.680078125,1212.71044921875,-1213.4400390625,-871.2000488281251,-552.1471923828126,-406.08001098632815,95.03999023437495,532.0126953125
1763687469.7707438,3,3,1,-0.09848317548835783,-1.0434469916104154,-12.26922759501567,-0.058157917072279734,0.022542551407664105,0.001395465971912062,775.6799560546874,-254.39999999999998,477.8048339843749,323.0400329589844,6.239984130859398,252.45415039062482,170.8799072265624,1183.680078125,1220.454345703125,-1211.04013671875,-868.8001464843751,-552.1471923828126,-408.48001251220705,90.23994140624995,528.140869140625
1763687469.8133235,3,3,1,-0.09281716930286632,-1.00887296616163,-12.232704052856862,-0.0571904999226672,0.02269145941397656,0.001566069032941313,775.6799560546874,-259.1999877929687,481.6769042968749,320.6400085449219,6.239984130859398,260.1982910156248,173.2799316406249,1186.07998046875,1216.58251953125,-1213.4400390625,-873.6001953125001,-556.0192016601563,-410.8800121307373,92.63996582031245,532.0126953125
1763687469.9693909,3,3,1,-0.058726549001301975,-0.9929167088933426,-12.33232754887983,-0.05690133604749675,0.02098295800076013,0.0016079600256970763,780.4800048828124,-259.1999877929687,477.8048339843749,323.0400329589844,3.8399902343750227,256.3262207031248,170.8799072265624,1188.480126953125,1216.58251953125,-1213.4400390625,-873.6001953125001,-548.2751831054688,-406.08001098632815,92.63996582031245,532.0126953125
1763687469.9984055,3,3,1,-0.06747477366955235,-1.0094949680647674,-12.265327782626674,-0.057026821441158726,0.02144496203638062,0.001398406104868472,773.2800537109374,-256.8000244140625,481.6769042968749,325.43999633789065,6.239984130859398,264.0703613281248,168.4800048828124,1188.480126953125,1220.454345703125,-1211.04013671875,-871.2000488281251,-544.4031738281251,-408.48001251220705,95.03999023437495,535.884765625
1763687470.0889864,3,3,1,-0.09614079405877518,-1.0121760740359687,-12.27834798811194,-0.05638191328525137,0.021326136824694333,0.001475121380952384,778.0799804687499,-261.6000122070312,477.8048339843749,325.43999633789065,1.4399963378906477,256.3262207031248,166.0799804687499,1186.07998046875,1212.71044921875,-1211.04013671875,-871.2000488281251,-552.1471923828126,-408.48001251220705,92.63996582031245,532.0126953125
1763687470.1811042,3,3,1,-0.09682630715192347,-0.9945021158823024,-12.142815734347785,-0.05604063975844651,0.021821540757975863,0.0012108596731430022,0,0,0,0,0,0,0,0,0,0,0,0,0,0,0
1763687470.2785833,3,3,1,-0.10613820088735954,-0.9777570641654867,-12.293263073111419,-0.055764727930919314,0.02159514022486192,0.0018604907846218022,770.8800292968749,-259.1999877929687,481.6769042968749,325.43999633789065,1.4399963378906477,260.1982910156248,170.8799072265624,1186.07998046875,1216.58251953125,-1211.04013671875,-868.8001464843751,-552.1471923828126,-408.48001251220705,95.03999023437495,539.7568359375
1763687470.573854,3,3,1,-0.05131474424077781,-0.9870693190207305,-12.162921378293415,-0.05645928300413527,0.020754423759044315,0.0018261660400467712,778.0799804687499,-259.1999877929687,473.9327636718749,327.84002075195315,6.239984130859398,260.1982910156248,168.4800048828124,1186.07998046875,1216.58251953125,-1213.4400390625,-876.0000976562501,-544.4031738281251,-410.8800121307373,97.44001464843745,535.884765625
1763687470.6696877,3,3,1,-0.07664389502123503,-1.0027472744188037,-12.069963121014688,-0.054726736914046295,0.020368658487926086,0.0012429185464272836,770.8800292968749,-261.6000122070312,470.0609374999999,320.6400085449219,-0.9599975585937273,256.3262207031248,173.2799316406249,1181.279931640625,1204.966552734375,-1194.240087890625,-861.6001953125001,-540.5312255859376,-406.08001098632815,90.23994140624995,532.0126953125
1763687471.073022,3,3,1,0.17614399707411918,-0.7915720439211714,-10.119577974694842,-0.04573619098374941,0.0086900688041746,0.001409119139104732,718.0799804687499,-242.39999999999998,442.9569335937499,301.43999633789065,-5.760015869140602,240.83842773437482,156.4800048828124,1106.880029296875,1131.3984375,-1098.240087890625,-799.2000488281251,-497.9391845703126,-384.4800110816956,87.84003906249995,497.164794921875
1763687471.1700664,3,3,1,0.14264797988493105,-0.8145943827312162,-9.333335683065414,-0.0434989864076314,0.00640183852990827,0.001075997576133763,696.4800048828124,-235.19998779296873,419.7247558593749,287.0400329589844,-10.560003662109352,229.22221679687482,163.6799560546874,1080.480126953125,1088.806396484375,-1059.840185546875,-775.2000488281251,-478.5791992187501,-374.88001070022585,83.03999023437495,477.804931640625
1763687471.2749703,3,3,1,0.28389802148292814,-0.6804833947397728,-8.421801941253777,-0.03819958816585627,-0.00035684315272443284,0.0008634431937339449,667.6799560546874,-227.99997558593748,400.3648925781249,275.0400329589844,-10.560003662109352,213.73442382812482,154.0799804687499,1051.680078125,1053.95849609375,-1004.6399902343751,-748.8001464843751,-455.34720458984384,-365.28000984191897,75.84003906249995,458.44482421875
1763687471.3663852,3,3,1,0.21378286918135264,-0.6856930181106556,-7.685073771171352,-0.038097719016603776,0.0061429649446906225,0.0005820700801832091,641.2800537109374,-218.39999999999998,384.8768554687499,265.43999633789065,-15.360006713867165,209.86235351562482,154.0799804687499,1010.8800292968749,1007.494384765625,-959.0401367187501,-708.0000976562501,-424.3711914062501,-353.28000984191897,78.23994140624995,435.212890625
1763687471.4776943,3,3,1,0.38436929697800293,-0.5425905261430831,-7.0373547740033855,-0.031602814373615846,-0.0026616815466012954,0.0005136434316920218,607.6799560546874,-201.60001220703123,357.7728515624999,248.6400085449219,-12.959997558593727,194.37456054687482,139.6799560546874,958.0799804687499,949.41455078125,-891.8399414062501,-667.2000488281251,-412.7552246093751,-331.68000946044924,73.44001464843745,415.852783203125
1763687471.506311,3,3,1,0.3587464052078807,-0.5830867715589949,-7.104049173026561,-0.03194421692245604,-0.003384945843101863,0.0007264110557455169,595.6799560546874,-203.99997558593748,353.9007812499999,246.24004516601565,-10.560003662109352,182.75834960937482,144.4800048828124,950.8800292968749,941.67041015625,-875.0401367187501,-657.6001953125001,-401.13919677734384,-329.28000793457034,68.63996582031245,411.980712890625
1763687471.6755247,3,3,1,0.26552427951077123,-0.48353764557387285,-5.2858073592262524,-0.030667813917867423,0.002688941418805364,0.00035823875468958457,533.2800537109374,-179.99997558593748,315.1808105468749,215.0400329589844,-15.360006713867165,167.27055664062482,130.0799804687499,854.8800292968749,829.38232421875,-762.2400878906251,-573.5999511718751,-358.5472167968751,-300.4800048828125,61.440014648437455,373.2607421875
1763687471.7834632,3,3,1,0.35707361699924045,-0.3651038806372315,-4.6157040056574035,-0.022592762310175186,-0.0013646228340093202,-0.0004734515509327011,499.6799560546874,-172.79996337890623,284.2047363281249,203.0400329589844,-8.160009765624977,163.39848632812482,118.07998046874991,799.6800781249999,775.174560546875,-719.0401367187501,-542.4000000000001,-350.8031982421876,-286.08001098632815,61.440014648437455,342.284912109375
1763687471.8768163,3,3,1,0.2331092546160839,-0.3672376873331747,-4.064702052296243,-0.023675693828652852,0.0033974654075375325,-0.00027943628162216644,475.6799560546874,-165.60001220703123,264.8448730468749,193.43999633789065,-5.760015869140602,147.91020507812482,108.48000488281241,770.8800292968749,732.58251953125,-675.8399414062501,-513.5999511718751,-331.4432128906251,-266.88000640869143,61.440014648437455,326.796875
1763687471.9759023,3,3,1,0.19665351004620893,-0.33271583707430596,-3.7421440149954375,-0.022814829794317357,0.00497334475310533,-0.0003192996455677274,434.8800292968749,-153.60001220703123,245.4847656249999,181.43999633789065,-12.959997558593727,132.42241210937482,101.27993164062491,715.6800781249999,674.50244140625,-613.4400390625001,-472.8001464843751,-300.46719970703134,-254.88000640869143,56.639965820312455,303.564697265625
1763687472.1783617,3,3,1,0.14429574957584296,-0.24652818422691106,-2.528441760144549,-0.0189013370523718,0.002720445827269642,-0.001049160408846153,389.2799316406249,-124.79996337890623,199.0208984374999,167.0400329589844,1.4399963378906477,109.19047851562482,89.27993164062491,634.0799804687499,573.83056640625,-527.0401367187501,-408.0000976562501,-273.36319580078134,-216.48000488281252,44.639965820312455,260.972900390625
1763687472.3659873,3,3,1,0.28666743681356943,-0.08358598238161319,-1.9097203424754923,-0.009003265507187967,0.0035774345991920102,-0.0017379703703179243,343.6799560546874,-115.19998779296873,171.9168945312499,150.24001464843752,1.4399963378906477,93.70219726562482,79.67995605468741,559.6800781249999,492.5185546875,-455.0401367187501,-355.2000488281251,-254.00321044921884,-192.48000488281252,44.639965820312455,226.124755859375
1763687472.47223,3,3,1,-0.05056953352366688,-0.03561514571057222,-1.6322616769447194,-0.014939956411199311,0.003777584377049445,-0.001198047047602554,310.0799804687499,-110.39999999999998,156.4288574218749,128.6400085449219,1.4399963378906477,78.21440429687482,77.27993164062491,502.0799804687499,461.54248046875,-426.2400878906251,-324.0000976562501,-230.7712158203126,-180.48000488281252,35.039990234374955,199.020751953125
1763687472.5677874,3,3,1,0.305433878771745,-0.19988230606536164,-1.4914869935640256,-0.012545431978398778,0.008106993320494325,-0.001514745312638282,293.2799316406249,-100.79996337890623,137.0687499999999,123.84002075195315,-0.9599975585937273,82.08623046874982,72.48000488281241,485.2799316406249,438.310546875,-399.8399414062501,-309.5999511718751,-219.15518798828134,-168.48000488281252,39.840039062499955,187.40478515625
1763687472.864655,3,3,1,0.1910980471445711,-0.07166626973983109,-0.9026980386580385,-0.009978870568903753,0.005621317770499871,-0.0016953099248778385,247.6799560546874,-91.19998779296873,109.96474609374991,102.24001464843752,3.8399902343750227,62.72636718749982,62.87990722656241,408.4801269531249,360.870361328125,-330.2400878906251,-247.2000488281251,-195.9231933593751,-149.28000793457034,37.440014648437455,152.556884765625
1763687472.9065266,3,3,1,0.2032201172114781,-0.029714461917298828,-0.8973493322542172,-0.008453627810482423,0.005251934440885014,-0.0016123857259305045,247.6799560546874,-93.60001220703123,106.09291992187491,102.24001464843752,6.239984130859398,58.85429687499982,55.67995605468741,398.8800292968749,364.742431640625,-323.0401367187501,-242.4000000000001,-192.05118408203134,-142.07999572753909,32.639965820312455,148.684814453125
1763687473.066115,3,3,1,0.15192764915582632,-0.05974593776860766,-0.6944817396080114,-0.008646954031595662,0.005719344653187487,-0.001537740211053182,223.6799560546874,-88.79996337890623,94.47695312499991,95.04000244140627,1.4399963378906477,54.98247070312482,60.48000488281241,365.2799316406249,326.0224609375,-291.8399414062501,-223.2000488281251,-176.5632080078126,-139.6800018310547,35.039990234374955,137.06884765625
1763687473.1755762,3,3,1,0.16776628247219227,-0.05538528036815549,-0.6454512292899806,-0.008436281785865292,0.006993835615296746,-0.0014413091196122426,206.8800292968749,-81.60001220703123,86.73281249999991,87.84002075195315,-0.9599975585937273,35.62236328124982,55.67995605468741,338.8800292968749,310.534423828125,-272.6399902343751,-199.2000488281251,-164.94718017578134,-134.8799987792969,27.840039062499955,125.452880859375
1763687473.2036188,3,3,1,0.14526612307329922,-0.07847043789233737,-0.6473636462109127,-0.00929205242045456,0.006614252918459573,-0.0012873014093039183,202.0799804687499,-83.99997558593748,90.60488281249991,90.24001464843752,-3.3599914550781023,35.62236328124982,60.48000488281241,338.8800292968749,306.662353515625,-263.0401367187501,-194.4000000000001,-157.2032226562501,-132.48000488281252,35.039990234374955,121.580810546875
1763687473.2956142,3,3,1,0.14882886250631766,-0.03006219957551428,-0.531779975378143,-0.005658010689489627,0.0052410001820768215,-0.00115652601818249,194.8800292968749,-83.99997558593748,82.86074218749991,83.04000244140627,3.8399902343750227,39.49443359374982,55.67995605468741,314.8800292968749,295.04638671875,-248.6399902343751,-177.5999511718751,-149.4592041015626,-125.27999267578127,32.639965820312455,113.8369140625
1763687473.37563,3,3,1,0.12065976075473944,0.0008332130316258783,-0.4452488370336131,-0.004887813741849446,0.006526899792628059,-0.0009681610778229454,180.4800048828124,-83.99997558593748,78.98891601562491,80.6400085449219,-0.9599975585937273,35.62236328124982,55.67995605468741,300.4801269531249,275.6865234375,-241.4400390625001,-170.4000000000001,-141.7151855468751,-118.08001098632815,27.840039062499955,102.220703125
1763687473.5938323,3,3,1,0.17849864465561202,0.05215344037163125,-0.2936404355160435,-0.003913739986671837,0.006892037369416785,-0.0008363087547512201,163.6799560546874,-79.19998779296873,63.50087890624991,71.04000244140627,1.4399963378906477,27.878466796874818,53.27993164062491,264.4801269531249,256.326416015625,-215.0401367187501,-144.0000976562501,-133.97122802734384,-110.8799987792969,30.239941406249955,94.476806640625
1763687474.968416,3,3,1,-0.08561287765726404,0.312305192287774,0.21565107554638235,0.003990987609054044,0.009685622725275981,-0.0014224554042593612,86.88002929687491,-74.39999999999998,24.78090820312491,37.44002685546877,-0.9599975585937273,-3.097607421875182,41.27993164062491,146.8800292968749,167.2705078125,-126.24008789062509,-55.20004882812509,-87.50717773437509,-79.67998657226565,27.840039062499955,40.268798828125
1763687475.5764587,3,3,1,0.1753709060485864,0.0803699604744342,0.22685519030915618,-0.0004901420027029983,0.004225796903062666,-0.001107562557734889,82.07998046874991,-69.60001220703123,20.90883789062491,39.84002075195315,-3.3599914550781023,-6.969677734375182,38.87990722656241,137.2800537109374,163.3984375,-116.63999023437509,-48.00009765625009,-83.63522949218759,-79.67998657226565,27.840039062499955,36.396728515625
1763687475.6711755,3,3,1,0.16759162302064026,0.07467639418100369,0.2936993889249391,-0.000690182905915512,0.004393972527654523,-0.0012403430279726393,82.07998046874991,-71.99997558593748,20.90883789062491,35.04000244140627,-5.760015869140602,-10.841748046875182,41.27993164062491,134.8800292968749,159.5263671875,-116.63999023437509,-50.40000000000009,-83.63522949218759,-72.48000488281252,23.039990234374955,32.52490234375
1763687475.8715553,3,3,1,0.18214215822752292,0.055359461333237076,0.21001566930731363,-0.0003599246067662156,0.004357922614884189,-0.0009544540515010947,82.07998046874991,-71.99997558593748,28.65273437499991,37.44002685546877,-3.3599914550781023,-10.841748046875182,41.27993164062491,134.8800292968749,159.5263671875,-114.24008789062509,-45.59995117187509,-75.89121093750009,-72.48000488281252,25.440014648437455,36.396728515625
1763687475.9637477,3,3,1,0.15622914766091747,0.04866435748498844,0.22759572862293004,-0.0004272915339940931,0.004963506191230512,-0.0013385148274917503,74.88002929687491,-67.19998779296873,24.78090820312491,37.44002685546877,-3.3599914550781023,-10.841748046875182,46.07998046874991,134.8800292968749,163.3984375,-107.04013671875009,-43.20004882812509,-79.76322021484384,-72.48000488281252,27.840039062499955,32.52490234375
1763687476.4886632,3,3,1,0.18522662026607623,0.07195832313690827,0.30821487328872016,-0.0008724230599058119,0.004893041253964743,-0.0010011544640436002,72.48000488281241,-64.79996337890623,20.90883789062491,32.6400085449219,-0.9599975585937273,-10.841748046875182,41.27993164062491,127.67995605468741,147.910400390625,-104.63999023437509,-40.80014648437509,-75.89121093750009,-74.8799987792969,27.840039062499955,28.65283203125
1763687476.771221,3,3,1,0.19936186707220763,0.08316781776440828,0.2775410979690423,-0.00012389860247430124,0.004596359989346322,-0.0014008785050069134,0,0,0,0,0,0,0,0,0,0,0,0,0,0,0
1763687476.8647819,3,3,1,0.17439057501173613,0.04022899178441976,0.2942350557571695,-0.0006430121377680414,0.0043491257161055435,-0.0016278754678122277,70.07998046874991,-69.60001220703123,9.292871093749909,35.04000244140627,-3.3599914550781023,-18.585644531250182,41.27993164062491,120.48000488281241,147.910400390625,-102.24008789062509,-38.40000000000009,-75.89121093750009,-72.48000488281252,27.840039062499955,20.90869140625
1763687476.8932714,3,3,1,0.20003305789729037,0.03578145972398763,0.24188416108866756,-0.0006711058689729834,0.004111526170701304,-0.000864679729396473,72.48000488281241,-67.19998779296873,20.90883789062491,30.240014648437523,-0.9599975585937273,-18.585644531250182,36.48000488281241,115.67995605468741,151.782470703125,-102.24008789062509,-40.80014648437509,-64.27518310546884,-72.48000488281252,23.039990234374955,28.65283203125
1763687477.0683725,3,3,1,0.16769129364605506,0.041409245248988265,0.2410453431884509,-0.0011584601716264744,0.00523238391241501,-0.0014926354733803455,67.67995605468741,-67.19998779296873,17.03676757812491,35.04000244140627,1.4399963378906477,-18.585644531250182,43.67995605468741,118.07998046874991,144.038330078125,-99.83994140625009,-36.00009765625009,-68.14719238281259,-70.08001098632815,23.039990234374955,13.164794921875
1763687477.176547,3,3,1,0.1838017890681893,0.0836209463118244,0.24339934605717828,-0.0004678121242125896,0.0045336512987354145,-0.001414546682483012,62.88002929687491,-67.19998779296873,13.164941406249909,27.840020751953148,3.8399902343750227,-26.329541015625182,36.48000488281241,118.07998046874991,140.16650390625,-95.04013671875009,-43.20004882812509,-68.14719238281259,-70.08001098632815,25.440014648437455,24.78076171875
1763687477.2711382,3,3,1,0.1765183899859447,0.06677884201116968,0.2586093923266833,-0.0009466337127094549,0.0049715298501282965,-0.0016441353106567134,72.48000488281241,-67.19998779296873,9.292871093749909,30.240014648437523,-5.760015869140602,-14.713574218750182,38.87990722656241,115.67995605468741,140.16650390625,-97.44003906250009,-38.40000000000009,-72.01920166015634,-70.08001098632815,20.639965820312455,20.90869140625
1763687477.381794,3,3,1,0.14316902395704603,0.07683156538564734,0.2930840431192323,-0.001026192164952517,0.005164491874508979,-0.0015546449176212353,65.27993164062491,-67.19998779296873,17.03676757812491,30.240014648437523,-5.760015869140602,-10.841748046875182,43.67995605468741,118.07998046874991,144.038330078125,-92.63999023437509,-36.00009765625009,-68.14719238281259,-70.08001098632815,27.840039062499955,24.78076171875
1763687477.4741044,3,3,1,0.1665075663965073,0.06306485618758598,0.2768134847276532,-0.0006284863907462333,0.004874060835948786,-0.0013231542912222028,0,0,0,0,0,0,0,0,0,0,0,0,0,0,0
1763687477.5666347,3,3,1,0.19236931847302052,0.07895946118584743,0.24236904463438108,-0.0004911542622066515,0.004452361369526969,-0.0008673972425524469,62.88002929687491,-67.19998779296873,9.292871093749909,30.240014648437523,-3.3599914550781023,-14.713574218750182,41.27993164062491,113.28005371093741,140.16650390625,-92.63999023437509,-31.20004882812509,-68.14719238281259,-67.67998657226565,25.440014648437455,20.90869140625
1763687477.6758018,3,3,1,0.16675039424378568,0.08364439534894948,0.29420913222943146,-0.00044997910445198925,0.0046830493284640284,-0.0011616483078924595,65.27993164062491,-67.19998779296873,13.164941406249909,27.840020751953148,-3.3599914550781023,-26.329541015625182,38.87990722656241,113.28005371093741,144.038330078125,-92.63999023437509,-33.59995117187509,-72.01920166015634,-70.08001098632815,25.440014648437455,20.90869140625
1763687477.7685318,3,3,1,0.19234575980115604,0.07872205915394465,0.2428798517115197,-0.0005042356882268843,0.004459272956182815,-0.0013363419154251493,65.27993164062491,-67.19998779296873,17.03676757812491,35.04000244140627,-0.9599975585937273,-22.457714843750182,41.27993164062491,110.88002929687491,140.16650390625,-87.83994140625009,-38.40000000000009,-72.01920166015634,-65.27999267578127,23.039990234374955,17.036865234375
1763687477.9711854,3,3,1,0.1833514713931565,0.042817971047726146,0.20784184044745563,-0.0008052045576732681,0.004905306933510518,-0.0010341416396914631,67.67995605468741,-62.39999999999998,20.90883789062491,27.840020751953148,-8.160009765624977,-18.585644531250182,34.07998046874991,110.88002929687491,140.16650390625,-90.24008789062509,-36.00009765625009,-68.14719238281259,-67.67998657226565,20.639965820312455,13.164794921875
1763687478.27067,3,3,1,0.16602233984126585,0.057034781101418824,0.22733098083191136,-0.000507881606066025,0.004027886796448849,-0.0009490481565674008,58.07998046874991,-67.19998779296873,5.420800781249909,25.439996337890648,-5.760015869140602,-22.457714843750182,38.87990722656241,108.48000488281241,128.550537109375,-87.83994140625009,-31.20004882812509,-68.14719238281259,-65.27999267578127,20.639965820312455,9.292724609375
1763687478.39227,3,3,1,0.18489883364618948,0.08522075699381344,0.31056685481986585,-0.0005976041736831376,0.0040611159217886095,-0.0013913721836219673,62.88002929687491,-67.19998779296873,13.164941406249909,30.240014648437523,-0.9599975585937273,-22.457714843750182,43.67995605468741,110.88002929687491,132.42236328125,-87.83994140625009,-33.59995117187509,-64.27518310546884,-67.67998657226565,20.639965820312455,20.90869140625
1763687478.4851,3,3,1,0.14905883631121516,0.02367238019480652,0.225742124784733,-0.0009648665647650836,0.0050191520042095015,-0.0011829145639504538,60.48000488281241,-69.60001220703123,9.292871093749909,30.240014648437523,-3.3599914550781023,-22.457714843750182,38.87990722656241,103.67995605468741,132.42236328125,-90.24008789062509,-33.59995117187509,-68.14719238281259,-67.67998657226565,27.840039062499955,13.164794921875
1763687479.3759134,3,3,1,0.18563672682367247,0.07564461123021257,0.2927602382878384,-0.0008441262233870937,0.0039548432367705905,-0.0012416323797276728,58.07998046874991,-62.39999999999998,9.292871093749909,25.439996337890648,-0.9599975585937273,-22.457714843750182,46.07998046874991,101.28005371093741,124.678466796875,-83.04013671875009,-26.40000000000009,-68.14719238281259,-65.27999267578127,23.039990234374955,9.292724609375
1763687479.7654507,3,3,1,0.15712033966744715,0.0680550259204261,0.24373760260846217,-0.00042347142878396225,0.005041543150093192,-0.0009435132590041004,55.67995605468741,-62.39999999999998,5.420800781249909,27.840020751953148,-0.9599975585937273,-18.585644531250182,38.87990722656241,96.48000488281241,120.806396484375,-80.63999023437509,-24.00009765625009,-64.27518310546884,-65.27999267578127,20.639965820312455,13.164794921875
1763687480.0653238,3,3,1,0.1479547992829354,0.0731264761278506,0.32964219124759214,-0.00020230310131715652,0.005046942993487347,-0.0014595291183636821,55.67995605468741,-64.79996337890623,9.292871093749909,27.840020751953148,-3.3599914550781023,-22.457714843750182,38.87990722656241,94.07998046874991,124.678466796875,-80.63999023437509,-26.40000000000009,-64.27518310546884,-62.8799987792969,20.639965820312455,13.164794921875
1763687480.1862555,3,3,1,0.1915025037795917,0.07881334172193878,0.20928447525226546,-0.00033564429039209184,0.004552376928023762,-0.0008784961162821243,55.67995605468741,-64.79996337890623,5.420800781249909,27.840020751953148,-3.3599914550781023,-18.585644531250182,41.27993164062491,96.48000488281241,128.550537109375,-75.83994140625009,-28.80014648437509,-68.14719238281259,-62.8799987792969,20.639965820312455,5.4208984375
1763687480.5804057,3,3,1,0.16548533900051046,0.0525029463832906,0.2259995496781401,-0.0005555781164926165,0.005155800515839623,-0.0009490803899182379,58.07998046874991,-62.39999999999998,5.420800781249909,25.439996337890648,-0.9599975585937273,-26.329541015625182,38.87990722656241,98.88002929687491,120.806396484375,-78.24008789062509,-16.80014648437509,-68.14719238281259,-65.27999267578127,20.639965820312455,5.4208984375
1763687481.199136,3,3,1,0.17499825140486294,0.058488751610485536,0.2253244898391229,-0.0006665571568732088,0.004787593774358926,-0.0007941021723131779,55.67995605468741,-64.79996337890623,5.420800781249909,25.439996337890648,-0.9599975585937273,-22.457714843750182,41.27993164062491,91.67995605468741,124.678466796875,-73.44003906250009,-21.59995117187509,-60.40317382812509,-65.27999267578127,15.840039062499955,9.292724609375
1763687481.3076015,3,3,1,0.16658328885281914,0.04568216153825958,0.22641092547488562,-0.0007784743759212663,0.00430622264882507,-0.001262231329872174,55.67995605468741,-62.39999999999998,9.292871093749909,25.439996337890648,1.4399963378906477,-26.329541015625182,36.48000488281241,94.07998046874991,120.806396484375,-75.83994140625009,-21.59995117187509,-68.14719238281259,-60.48000488281252,20.639965820312455,1.548828125
1763687481.6806116,3,3,1,0.20787822462316558,0.0602780913852747,0.20932217116966123,-0.00031662839970048474,0.004136947575882703,-0.001033316252756911,48.48000488281241,-64.79996337890623,1.548730468749909,23.040002441406273,-0.9599975585937273,-22.457714843750182,38.87990722656241,91.67995605468741,116.934326171875,-68.63999023437509,-21.59995117187509,-68.14719238281259,-65.27999267578127,20.639965820312455,5.4208984375
1763687482.9788744,3,3,1,0.15937634419109717,0.057892251972743,0.22511076878415429,-0.0010216824377303284,0.0049232337118052475,-0.0012646555142726034,48.48000488281241,-62.39999999999998,-2.323095703125091,20.640008544921898,-0.9599975585937273,-30.201611328125182,41.27993164062491,82.07998046874991,116.934326171875,-71.04013671875009,-21.59995117187509,-64.27518310546884,-58.08001098632815,20.639965820312455,1.548828125
1763687483.0854843,3,3,1,0.1674134702385835,0.08303034872520548,0.26004894200840606,-0.0006396173787528211,0.004767572340317261,-0.001409156904300914,43.67995605468741,-62.39999999999998,1.548730468749909,25.439996337890648,1.4399963378906477,-26.329541015625182,38.87990722656241,79.67995605468741,109.1904296875,-73.44003906250009,-21.59995117187509,-60.40317382812509,-60.48000488281252,23.039990234374955,5.4208984375
1763687483.772459,3,3,1,0.19983052784651473,0.02489086524356533,0.22517640957213236,-0.0007798704192537873,0.004307073465553128,-0.0014173963003580583,41.27993164062491,-62.39999999999998,1.548730468749909,20.640008544921898,-3.3599914550781023,-22.457714843750182,36.48000488281241,79.67995605468741,101.446533203125,-68.63999023437509,-19.20004882812509,-64.27518310546884,-62.8799987792969,20.639965820312455,5.4208984375
1763687484.3658433,3,3,1,0.1576922494084836,0.03781396047115812,0.2589940320478745,-0.0008337721364095043,0.0051314591048044235,-0.0009371821175634351,46.07998046874991,-59.99997558593748,5.420800781249909,20.640008544921898,-3.3599914550781023,-30.201611328125182,36.48000488281241,79.67995605468741,101.446533203125,-71.04013671875009,-14.400000000000091,-64.27518310546884,-55.67998657226565,20.639965820312455,-2.3232421875
1763687485.7652075,3,3,1,0.16532017417813577,0.05084517360754947,0.24263070732904998,-0.000573108123732183,0.0055369532597052285,-0.0011775310304929932,38.88002929687491,-57.60001220703123,-2.323095703125091,15.840020751953148,-0.9599975585937273,-34.07368164062518,41.27993164062491,74.88002929687491,93.702392578125,-61.44003906250009,-9.599951171875091,-56.53122558593759,-53.27999267578127,15.840039062499955,-6.195068359375
1763687487.080129,3,3,1,0.1575162104991133,0.02761689110658565,0.20912446029109488,-0.0009509470668767977,0.00513902515199867,-0.001736430533914603,41.27993164062491,-62.39999999999998,-6.195166015625091,15.840020751953148,1.4399963378906477,-37.94575195312518,36.48000488281241,72.48000488281241,89.83056640625,-56.63999023437509,-7.200048828125091,-56.53122558593759,-53.27999267578127,15.840039062499955,-6.195068359375
1763687490.6701412,3,3,1,0.16797157341354957,0.04379386363964686,0.24145565520625845,-0.0011280712031704315,0.004664971259283524,-0.0012581470200968648,34.07998046874991,-57.60001220703123,-13.939062500000091,15.840020751953148,-0.9599975585937273,-41.81757812500018,41.27993164062491,62.88002929687491,93.702392578125,-59.04013671875009,-4.800146484375091,-52.65921630859384,-48.48000488281252,15.840039062499955,-17.811279296875
1763687491.8006074,3,3,1,0.15547533403412597,0.06779610747674959,0.2277717537658337,-9.118214385966982e-05,0.005243295605873323,-0.0007131413490921589,34.07998046874991,-57.60001220703123,-10.067236328125091,18.240014648437523,-3.3599914550781023,-41.81757812500018,38.87990722656241,62.88002929687491,85.95849609375,-56.63999023437509,-2.400000000000091,-56.53122558593759,-50.8799987792969,15.840039062499955,-10.067138671875
1763687492.6794164,3,3,1,0.2013965751778682,0.043786188104017965,0.206902689798239,-0.0009591478750988797,0.004466177642928042,-0.0010354309915730788,31.67995605468741,-59.99997558593748,-10.067236328125091,13.439996337890648,-0.9599975585937273,-37.94575195312518,41.27993164062491,60.48000488281241,85.95849609375,-51.83994140625009,-4.800146484375091,-56.53122558593759,-50.8799987792969,15.840039062499955,-10.067138671875
1763687493.499887,3,3,1,0.1667996255088059,0.06556817558887339,0.27696839322826317,-0.0005915567093282849,0.004303192389321768,-0.0008541935015869221,0,0,0,0,0,0,0,0,0,0,0,0,0,0,0
1763687494.0461483,3,3,1,0.1905201455033417,0.029795654480266553,0.24255922092031307,-0.0005601268287274159,0.004479732912164508,-0.0010196579469876398,29.27993164062491,-55.19998779296873,-13.939062500000091,11.040002441406273,1.4399963378906477,-37.94575195312518,38.87990722656241,60.48000488281241,82.08642578125,-54.24008789062509,-4.800146484375091,-48.78720703125009,-50.8799987792969,15.840039062499955,-13.939208984375
1763687495.6052754,3,3,1,0.15981924576792905,0.045356663739298406,0.23980025696441343,-0.0012836423625920265,0.005568899134425438,-0.0008683999822158115,26.88002929687491,-52.79996337890623,-10.067236328125091,15.840020751953148,1.4399963378906477,-41.81757812500018,34.07998046874991,53.28005371093741,74.342529296875,-49.44003906250009,-2.400000000000091,-48.78720703125009,-50.8799987792969,18.239941406249955,-21.68310546875
1763687496.2002153,3,3,1,0.19600264685972493,0.0857968352567913,0.22261045577844515,-0.001299254160733608,0.004881220439063698,-0.0015039695027976542,29.27993164062491,-57.60001220703123,-13.939062500000091,15.840020751953148,-0.9599975585937273,-41.81757812500018,34.07998046874991,55.67995605468741,78.21435546875,-47.04013671875009,-2.400000000000091,-56.53122558593759,-48.48000488281252,13.440014648437455,-17.811279296875
1763687496.9688048,3,3,1,0.21370076858003317,0.04657022162243327,0.2034106727277252,-0.0017842716636742588,0.004630942667372876,-0.0013532883357597351,31.67995605468741,-59.99997558593748,-17.81113281250009,13.439996337890648,1.4399963378906477,-41.81757812500018,41.27993164062491,53.28005371093741,78.21435546875,-49.44003906250009,2.400048828124909,-60.40317382812509,-46.08001098632815,13.440014648437455,-17.811279296875
