timestamp,position,x_pos,y_pos,fx,fy,fz,tx,ty,tz,mag0_x,mag0_y,mag0_z,mag1_x,mag1_y,mag1_z,mag2_x,mag2_y,mag2_z,mag3_x,mag3_y,mag3_z,mag4_x,mag4_y,mag4_z
1763688334.776903,4,1,2,0.17817702126850524,0.32454820027905634,-0.2652262249449351,0.008881211652244982,-0.005773878531592185,2.4707132996971142e-05,29.27993164062491,-43.19998779296873,20.90883789062491,13.439996337890648,-15.360006713867165,35.62236328124982,29.27993164062491,86.88002929687491,159.5263671875,-39.83994140625009,-55.20004882812509,-17.81125488281259,-43.67998657226565,47.039990234374955,13.164794921875
1763688334.9701626,4,1,2,0.28593398255263647,0.37634015977602053,-0.2792950970081247,0.01034749451120141,-0.008191505868215588,0.00025496037135002623,36.48000488281241,-38.39999999999998,28.65273437499991,11.040002441406273,-12.959997558593727,39.49443359374982,29.27993164062491,91.67995605468741,163.3984375,-37.44003906250009,-62.40000000000009,-17.81125488281259,-43.67998657226565,49.440014648437455,9.292724609375
1763688335.0657065,4,1,2,0.2653413308193853,0.403748376741875,-0.39360905011189606,0.011190499836084816,-0.007266285799719833,-1.882712623398167e-05,36.48000488281241,-40.79996337890623,36.39687499999991,18.240014648437523,-10.560003662109352,51.11040039062482,24.48000488281241,96.48000488281241,163.3984375,-39.83994140625009,-60.00009765625009,-21.68320312500009,-36.48000488281252,54.239941406249955,17.036865234375
1763688335.1732986,4,1,2,0.2414560362011149,0.4087255498207903,-0.27559982417840684,0.010920655056815907,-0.00723562896536912,-0.0002908804411312999,38.88002929687491,-35.99997558593748,28.65273437499991,15.840020751953148,-15.360006713867165,58.85429687499982,29.27993164062491,106.07998046874991,171.142333984375,-39.83994140625009,-67.20004882812509,-17.81125488281259,-38.8799987792969,49.440014648437455,24.78076171875
1763688335.372126,4,1,2,0.332107367700805,0.38871094228474495,-0.49133815062239444,0.011759701380362083,-0.011212975487208156,0.00018337724678554608,38.88002929687491,-33.60001220703123,44.14077148437491,25.439996337890648,-12.959997558593727,70.47026367187482,26.87990722656241,108.48000488281241,175.014404296875,-39.83994140625009,-76.80014648437509,-21.68320312500009,-38.8799987792969,54.239941406249955,24.78076171875
1763688335.4649048,4,1,2,0.29907491431534555,0.37696193512098725,-0.5257162112720637,0.011305679120442655,-0.01056167482853189,9.228758876713046e-05,43.67995605468741,-26.399999999999977,40.26894531249991,30.240014648437523,-10.560003662109352,74.34233398437482,31.67995605468741,113.28005371093741,178.886474609375,-42.24008789062509,-76.80014648437509,-17.81125488281259,-36.48000488281252,54.239941406249955,28.65283203125
1763688335.6683953,4,1,2,0.33526409705158616,0.45247362729146,-0.603484940003706,0.01341431081827071,-0.010769413771671624,6.684393672106662e-05,46.07998046874991,-23.999975585937477,48.01284179687491,30.240014648437523,-8.160009765624977,85.95854492187482,29.27993164062491,115.67995605468741,175.014404296875,-47.04013671875009,-81.59995117187509,-17.81125488281259,-38.8799987792969,59.039990234374955,32.52490234375
1763688336.272011,4,1,2,0.32038961597893584,0.48382005358216645,-0.6624575296766125,0.015172149627693908,-0.011843328859777916,0.00012873073589427206,46.07998046874991,-28.799963378906227,48.01284179687491,27.840020751953148,-10.560003662109352,89.83012695312482,31.67995605468741,110.88002929687491,182.758544921875,-42.24008789062509,-88.80014648437509,-17.81125488281259,-36.48000488281252,61.440014648437455,24.78076171875
1763688336.5654206,4,1,2,0.33767193417050534,0.4544028883634125,-0.49492233951741743,0.014977617610627075,-0.012151150882774374,-0.00027894279622096206,46.07998046874991,-28.799963378906227,40.26894531249991,27.840020751953148,-17.76000061035154,85.95854492187482,26.87990722656241,115.67995605468741,182.758544921875,-42.24008789062509,-84.00009765625009,-21.68320312500009,-38.8799987792969,61.440014648437455,32.52490234375
1763688336.9749022,4,1,2,0.34787268975612634,0.44988162074814153,-0.4797313887693016,0.01461544547822778,-0.01243073747648685,-0.0001966376038364393,48.48000488281241,-31.199987792968727,51.88491210937491,30.240014648437523,-15.360006713867165,78.21440429687482,29.27993164062491,115.67995605468741,182.758544921875,-39.83994140625009,-91.20004882812509,-13.939184570312591,-38.8799987792969,61.440014648437455,36.396728515625
1763688337.064239,4,1,2,0.3299411888099512,0.4614805100383337,-0.6295809166194215,0.01483841602463002,-0.012576928024557631,6.258232369514745e-05,48.48000488281241,-28.799963378906227,48.01284179687491,25.439996337890648,-8.160009765624977,82.08623046874982,31.67995605468741,118.07998046874991,186.63037109375,-39.83994140625009,-84.00009765625009,-21.68320312500009,-38.8799987792969,63.840039062499955,28.65283203125
1763688337.2684503,4,1,2,0.3570138524780374,0.4255656217676197,-0.5486932818501811,0.014234947071476111,-0.01261418983169961,-6.452443968920773e-05,46.07998046874991,-23.999975585937477,48.01284179687491,25.439996337890648,-17.76000061035154,93.70219726562482,31.67995605468741,113.28005371093741,178.886474609375,-42.24008789062509,-81.59995117187509,-13.939184570312591,-36.48000488281252,59.039990234374955,32.52490234375
1763688337.3659787,4,1,2,0.3429229587208805,0.4417985092019456,-0.4491213725072875,0.013699390174536403,-0.011921027137067863,-0.000814313141267951,46.07998046874991,-28.799963378906227,40.26894531249991,25.439996337890648,-12.959997558593727,85.95854492187482,31.67995605468741,118.07998046874991,182.758544921875,-39.83994140625009,-86.40000000000009,-21.68320312500009,-34.08001098632815,63.840039062499955,36.396728515625
1763688337.7659338,4,1,2,0.3342235749655612,0.43628160583992415,-0.46633124392367725,0.013653212039377657,-0.011664924669180027,-0.0005073451330792626,43.67995605468741,-26.399999999999977,40.26894531249991,25.439996337890648,-12.959997558593727,85.95854492187482,31.67995605468741,113.28005371093741,182.758544921875,-42.24008789062509,-81.59995117187509,-17.81125488281259,-36.48000488281252,59.039990234374955,20.90869140625
1763688337.9702485,4,1,2,0.3231656695023193,0.459326478264506,-0.49864304290900907,0.014345175309064791,-0.010922744537299061,0.0002641576719289213,46.07998046874991,-26.399999999999977,36.39687499999991,23.040002441406273,-10.560003662109352,85.95854492187482,29.27993164062491,110.88002929687491,178.886474609375,-39.83994140625009,-81.59995117187509,-13.939184570312591,-36.48000488281252,56.639965820312455,24.78076171875
1763688338.2671678,4,1,2,0.2945973760482675,0.476084480473543,-0.5564305805831892,0.016782733786538172,-0.009327817177794066,-0.0002940681104479452,34.07998046874991,-31.199987792968727,44.14077148437491,18.240014648437523,-15.360006713867165,82.08623046874982,31.67995605468741,103.67995605468741,194.37451171875,-35.04013671875009,-91.20004882812509,-13.939184570312591,-34.08001098632815,59.039990234374955,17.036865234375
1763688338.3591597,4,1,2,0.30605718904678725,0.5376574811331923,-0.5333535713815619,0.018643863444795766,-0.009596759414747528,-4.867730168109732e-05,29.27993164062491,-26.399999999999977,44.14077148437491,11.040002441406273,-17.76000061035154,78.21440429687482,31.67995605468741,103.67995605468741,186.63037109375,-39.83994140625009,-86.40000000000009,-6.195166015625091,-34.08001098632815,56.639965820312455,24.78076171875
1763688338.4042284,4,1,2,0.32194923396251884,0.5785341914136457,-0.5653379107234968,0.019315334270918597,-0.009926427999772405,0.0002518081937002589,38.88002929687491,-26.399999999999977,36.39687499999991,15.840020751953148,-12.959997558593727,78.21440429687482,34.07998046874991,103.67995605468741,182.758544921875,-35.04013671875009,-88.80014648437509,-13.939184570312591,-38.8799987792969,63.840039062499955,17.036865234375
1763688338.5626395,4,1,2,0.3045707481331786,0.4849776680762778,-0.4889397612959693,0.016723190590648414,-0.01044106355927943,-0.0001149386442646192,43.67995605468741,-28.799963378906227,40.26894531249991,20.640008544921898,-15.360006713867165,85.95854492187482,29.27993164062491,108.48000488281241,182.758544921875,-39.83994140625009,-84.00009765625009,-10.067236328125091,-36.48000488281252,61.440014648437455,24.78076171875
1763688338.591578,4,1,2,0.26862296566025473,0.5034687514092061,-0.5196136987804109,0.017181774452329792,-0.009752082030405135,-0.0004378959481073149,36.48000488281241,-28.799963378906227,44.14077148437491,20.640008544921898,-15.360006713867165,78.21440429687482,31.67995605468741,108.48000488281241,186.63037109375,-42.24008789062509,-86.40000000000009,-10.067236328125091,-38.8799987792969,56.639965820312455,17.036865234375
1763688338.6850414,4,1,2,0.2970197541369745,0.444433332287334,-0.4724419870091332,0.016237902345199593,-0.011403387176278527,-0.00010777586664556299,34.07998046874991,-33.60001220703123,40.26894531249991,11.040002441406273,-20.160009765624977,74.34233398437482,31.67995605468741,106.07998046874991,186.63037109375,-32.63999023437509,-81.59995117187509,-10.067236328125091,-41.27999267578127,59.039990234374955,17.036865234375
1763688338.7793732,4,1,2,0.31070623405897624,0.48028188763612756,-0.5212128001023989,0.017180884525159066,-0.010396477997994286,-4.589536561915898e-05,34.07998046874991,-33.60001220703123,36.39687499999991,13.439996337890648,-17.76000061035154,58.85429687499982,26.87990722656241,101.28005371093741,186.63037109375,-37.44003906250009,-84.00009765625009,-10.067236328125091,-34.08001098632815,56.639965820312455,17.036865234375
1763688338.9675481,4,1,2,0.32057130827030494,0.4725025569505768,-0.42687181493860005,0.015137028240110885,-0.011621895918937787,-0.0003334992272021197,31.67995605468741,-38.39999999999998,32.52480468749991,11.040002441406273,-17.76000061035154,66.59843749999982,31.67995605468741,96.48000488281241,178.886474609375,-35.04013671875009,-74.40000000000009,-13.939184570312591,-46.08001098632815,59.039990234374955,17.036865234375
1763688339.0752316,4,1,2,0.23300927092320475,0.45901902943663553,-0.3063133773338468,0.015376790428323014,-0.009913636045884678,-0.00013097977521224437,34.07998046874991,-43.19998779296873,32.52480468749991,13.439996337890648,-22.560003662109352,47.23833007812482,38.87990722656241,101.28005371093741,178.886474609375,-35.04013671875009,-69.59995117187509,-10.067236328125091,-46.08001098632815,54.239941406249955,17.036865234375
1763688339.1834764,4,1,2,0.3180019328614195,0.4255085199153086,-0.29848265722315825,0.013442768519480904,-0.011413096440772732,-0.0005253974747238862,26.88002929687491,-43.19998779296873,32.52480468749991,11.040002441406273,-29.76000061035154,47.23833007812482,36.48000488281241,98.88002929687491,175.014404296875,-37.44003906250009,-67.20004882812509,-10.067236328125091,-46.08001098632815,54.239941406249955,13.164794921875
1763688339.3059845,4,1,2,0.29342431098218624,0.388110325638846,-0.24985847316871368,0.01280327267388182,-0.010634808354474563,-0.0006635937068710412,29.27993164062491,-38.39999999999998,40.26894531249991,6.240014648437523,-24.96001281738279,39.49443359374982,36.48000488281241,98.88002929687491,171.142333984375,-35.04013671875009,-64.80014648437509,-6.195166015625091,-50.8799987792969,51.840039062499955,9.292724609375
1763688340.2858,4,1,2,0.1252489115331159,0.32421264742756206,0.21587322383158036,0.007286135968718791,-0.002281948929978203,-0.0007474988552347221,10.079980468749909,-52.79996337890623,9.292871093749909,-8.159979248046852,-20.160009765624977,-3.097607421875182,31.67995605468741,60.48000488281241,128.550537109375,-27.83994140625009,-28.80014648437509,-17.81125488281259,-53.27999267578127,32.639965820312455,-10.067138671875
1763688340.5990524,4,1,2,0.07175018483347673,0.32000042435812737,0.2176923054336214,0.007566738025498787,-0.000692056795730461,-0.0007446075488485523,14.880029296874909,-50.39999999999998,9.292871093749909,-0.9599975585937273,-17.76000061035154,-3.097607421875182,31.67995605468741,65.28005371093741,132.42236328125,-27.83994140625009,-31.20004882812509,-21.68320312500009,-48.48000488281252,35.039990234374955,-10.067138671875
1763688344.9630568,4,1,2,0.13557672953939331,0.3581325946187712,-0.2247188709215463,0.010815916795977688,-0.003503067436591934,-0.00011094567436116756,29.27993164062491,-43.19998779296873,28.65273437499991,8.640008544921898,-5.760015869140602,51.11040039062482,29.27993164062491,84.48000488281241,151.782470703125,-32.63999023437509,-62.40000000000009,-10.067236328125091,-34.08001098632815,47.039990234374955,9.292724609375
1763688345.1638095,4,1,2,0.21264646791565098,0.38133533103175843,-0.42563862078819253,0.011139663550416339,-0.00615107591701171,-0.0004188964657351921,31.67995605468741,-33.60001220703123,28.65273437499991,13.439996337890648,-5.760015869140602,54.98247070312482,26.87990722656241,94.07998046874991,167.2705078125,-39.83994140625009,-69.59995117187509,-21.68320312500009,-38.8799987792969,54.239941406249955,20.90869140625
1763688345.274705,4,1,2,0.2173599693718503,0.4031703203204899,-0.4363443784190689,0.012330315275833961,-0.007672059918504206,-0.0006543455054998508,38.88002929687491,-31.199987792968727,36.39687499999991,15.840020751953148,-15.360006713867165,70.47026367187482,31.67995605468741,101.28005371093741,171.142333984375,-42.24008789062509,-76.80014648437509,-10.067236328125091,-36.48000488281252,56.639965820312455,20.90869140625
1763688345.5710394,4,1,2,0.3192091273274668,0.4282269562023123,-0.7030729159279053,0.013016720899851876,-0.012040874473615414,-0.0004376249762115362,58.07998046874991,-16.799963378906227,48.01284179687491,37.44002685546877,-5.760015869140602,113.06254882812482,26.87990722656241,125.28005371093741,186.63037109375,-42.24008789062509,-100.80014648437509,-21.68320312500009,-29.279992675781273,68.63996582031245,32.52490234375
1763688345.6662211,4,1,2,0.35268055262898235,0.43926377630125557,-0.8377882320533716,0.017104597659394347,-0.013957014825704328,-0.0009385507821065653,53.27993164062491,-9.600012207031227,55.75673828124991,42.24001464843752,-0.9599975585937273,136.29448242187482,26.87990722656241,125.28005371093741,194.37451171875,-42.24008789062509,-110.40000000000009,-17.81125488281259,-26.879998779296898,73.44001464843745,36.396728515625
1763688345.7736738,4,1,2,0.2980258378255054,0.524552557491326,-0.9331955016039313,0.01842014530177731,-0.012369543424783741,-0.0009737269751577927,60.48000488281241,-4.799963378906227,59.62880859374991,47.04000244140627,3.8399902343750227,144.03813476562482,17.27993164062491,134.8800292968749,198.246337890625,-51.83994140625009,-122.40000000000009,-25.55515136718759,-17.279992675781273,83.03999023437495,44.140869140625
1763688345.8685975,4,1,2,0.4573766492482211,0.5649922915376073,-1.1696463697918937,0.019573992993472816,-0.014796680962145068,-0.0004326531598831748,70.07998046874991,12.000024414062523,67.37294921874991,59.04000244140627,6.239984130859398,175.01420898437482,19.67995605468741,144.4800048828124,205.990478515625,-54.24008789062509,-129.5999511718751,-33.29916992187509,-10.080010986328148,87.84003906249995,59.62890625
1763688346.085992,4,1,2,0.3552866052789446,0.48257554808053954,-1.4903358919816858,0.023624794884362088,-0.01040844189689095,-0.0002861824734752493,77.27993164062491,26.399987792968773,71.24477539062491,68.6400085449219,23.040002441406273,217.60649414062482,12.480004882812409,146.8800292968749,213.734375,-59.04013671875009,-158.4000000000001,-33.29916992187509,6.720007324218727,95.03999023437495,67.372802734375
1763688346.1650348,4,1,2,0.22147470695647545,0.6332954945913094,-1.816154888542991,0.024421071960223646,-0.012307698835293961,-0.00025566512063598696,84.48000488281241,33.60000000000002,75.11684570312491,90.24001464843752,30.239984130859398,244.71049804687482,7.679956054687409,149.2800537109374,217.6064453125,-63.83994140625009,-168.0000976562501,-37.17124023437509,16.320013427734352,99.84003906249995,75.11669921875
1763688346.3695693,4,1,2,0.34208404429793043,0.5602585078859903,-2.0393513671067947,0.019752797313236457,-0.013432128609414841,-0.0004284692705684339,89.27993164062491,36.00002441406252,82.86074218749991,87.84002075195315,35.04000244140627,260.1982910156248,2.879907226562409,161.2800537109374,217.6064453125,-66.24008789062509,-170.4000000000001,-41.04318847656259,23.519995117187477,102.23994140624995,78.98876953125
1763688346.5715072,4,1,2,0.33523853831911055,0.605980296080403,-2.025830076062715,0.023479640165988233,-0.01275803407168477,-0.00041118100832817397,94.07998046874991,33.60000000000002,82.86074218749991,87.84002075195315,27.839990234375023,260.1982910156248,7.679956054687409,163.6799560546874,225.350341796875,-68.63999023437509,-172.8001464843751,-41.04318847656259,16.320013427734352,102.23994140624995,78.98876953125
1763688346.6640575,4,1,2,0.39416368019064735,0.6099175768398897,-1.8551695629895029,0.02409540988678929,-0.015388141702320182,-0.000505142471577911,94.07998046874991,40.80007324218752,82.86074218749991,92.6400085449219,27.839990234375023,260.1982910156248,7.679956054687409,161.2800537109374,229.222412109375,-63.83994140625009,-170.4000000000001,-37.17124023437509,18.720007324218727,102.23994140624995,78.98876953125
1763688346.7758198,4,1,2,0.4105321061092287,0.6441460660271033,-1.8013574315228449,0.02472872921852569,-0.01663636666064143,-0.0009556190037777491,82.07998046874991,31.200036621093773,78.98891601562491,80.6400085449219,23.040002441406273,256.3262207031248,14.879907226562409,161.2800537109374,229.222412109375,-63.83994140625009,-177.5999511718751,-29.42722167968759,13.920019531249977,104.63996582031245,71.244873046875
1763688347.1638484,4,1,2,0.3891852114692095,0.6425413107007871,-1.8320945739110641,0.02554071037925034,-0.01579027665363992,-0.0007280581669222186,86.88002929687491,36.00002441406252,78.98891601562491,80.6400085449219,25.439996337890648,252.45415039062482,14.879907226562409,161.2800537109374,233.094482421875,-61.44003906250009,-168.0000976562501,-33.29916992187509,18.720007324218727,102.23994140624995,71.244873046875
1763688347.3686194,4,1,2,0.39247820140399864,0.635077947088548,-1.6568640989433054,0.023019273736994663,-0.015934100883362196,-0.0005976955495889471,89.27993164062491,40.80007324218752,78.98891601562491,85.44002685546877,32.6400085449219,256.3262207031248,7.679956054687409,158.8800292968749,217.6064453125,-63.83994140625009,-170.4000000000001,-44.91519775390634,21.120001220703102,102.23994140624995,75.11669921875
1763688347.4598315,4,1,2,0.3632487748153539,0.6127594580594449,-1.7570877378164418,0.02327505709490381,-0.013711921200910946,-0.0010988570714581163,89.27993164062491,40.80007324218752,82.86074218749991,83.04000244140627,30.239984130859398,256.3262207031248,7.679956054687409,158.8800292968749,217.6064453125,-61.44003906250009,-170.4000000000001,-33.29916992187509,18.720007324218727,102.23994140624995,78.98876953125
1763688347.5028381,4,1,2,0.38065720715304985,0.6424629889539398,-1.7067042743254537,0.023541694535223576,-0.013861548160099497,-0.0008478862174564266,89.27993164062491,40.80007324218752,78.98891601562491,87.84002075195315,32.6400085449219,260.1982910156248,7.679956054687409,156.4800048828124,221.478515625,-66.24008789062509,-170.4000000000001,-37.17124023437509,18.720007324218727,107.03999023437495,75.11669921875
1763688347.662302,4,1,2,0.34144702854212505,0.5894163565970323,-1.7939265557220616,0.022249270329914923,-0.014017348262618662,-0.0004889409446560602,89.27993164062491,38.40004882812502,86.73281249999991,87.84002075195315,30.239984130859398,252.45415039062482,5.279931640624909,161.2800537109374,225.350341796875,-66.24008789062509,-168.0000976562501,-41.04318847656259,13.920019531249977,104.63996582031245,67.372802734375
1763688347.7725937,4,1,2,0.3406582670583105,0.5790544286153604,-1.7260154239353187,0.022344872692082927,-0.01390114685161747,-0.0007760515960332888,89.27993164062491,43.19997558593752,78.98891601562491,85.44002685546877,30.239984130859398,256.3262207031248,7.679956054687409,158.8800292968749,221.478515625,-68.63999023437509,-170.4000000000001,-37.17124023437509,18.720007324218727,104.63996582031245,71.244873046875
1763688347.8758657,4,1,2,0.3012284269257766,0.6238139515320544,-1.8057969767510382,0.02367980038161868,-0.012065571030585913,-0.000411116758439979,91.67995605468741,33.60000000000002,82.86074218749991,85.44002685546877,30.239984130859398,252.45415039062482,7.679956054687409,161.2800537109374,225.350341796875,-66.24008789062509,-165.5999511718751,-37.17124023437509,23.519995117187477,102.23994140624995,75.11669921875
1763688347.9721067,4,1,2,0.3227518365174936,0.5920661779242024,-1.7772551876827463,0.02241427059806729,-0.012068072523382966,-0.0008728727156002232,91.67995605468741,40.80007324218752,82.86074218749991,85.44002685546877,27.839990234375023,252.45415039062482,5.279931640624909,156.4800048828124,217.6064453125,-59.04013671875009,-168.0000976562501,-37.17124023437509,18.720007324218727,99.84003906249995,71.244873046875
1763688348.0659523,4,1,2,0.32820539067718324,0.5903523928954759,-1.7147464702259476,0.021244807719491186,-0.012033496075148392,-0.0008555264925805259,89.27993164062491,36.00002441406252,75.11684570312491,87.84002075195315,32.6400085449219,252.45415039062482,7.679956054687409,156.4800048828124,217.6064453125,-68.63999023437509,-165.5999511718751,-48.78720703125009,16.320013427734352,102.23994140624995,71.244873046875
1763688348.1614966,4,1,2,0.2677893216620688,0.5438321386294472,-1.6647769724008576,0.020880385451910906,-0.010952353635609889,-0.0001309726416500504,89.27993164062491,33.60000000000002,78.98891601562491,83.04000244140627,32.6400085449219,260.1982910156248,7.679956054687409,156.4800048828124,213.734375,-66.24008789062509,-163.2000488281251,-37.17124023437509,23.519995117187477,99.84003906249995,75.11669921875
1763688348.268606,4,1,2,0.2864225981796539,0.5805761506225025,-1.665905643336906,0.02083304050595455,-0.01055415763324896,-0.0005257355332101808,89.27993164062491,33.60000000000002,78.98891601562491,87.84002075195315,37.43999633789065,248.58256835937482,2.879907226562409,151.6799560546874,209.862548828125,-63.83994140625009,-165.5999511718751,-44.91519775390634,23.519995117187477,97.44001464843745,78.98876953125
1763688348.3628647,4,1,2,0.26764102886553126,0.5287765619296846,-1.5900311407480872,0.018734311814119085,-0.009093893226163873,-0.0007373720018875598,0,0,0,0,0,0,0,0,0,0,0,0,0,0,0
1763688348.673288,4,1,2,0.2812404839959332,0.51230807490551,-1.5027897622360857,0.019470989316796684,-0.009838768579363921,-0.0008581444191780431,84.48000488281241,38.40004882812502,82.86074218749991,83.04000244140627,27.839990234375023,256.3262207031248,5.279931640624909,149.2800537109374,213.734375,-63.83994140625009,-163.2000488281251,-44.91519775390634,18.720007324218727,99.84003906249995,71.244873046875
1763688348.7638097,4,1,2,0.2836091860818472,0.5231330029243056,-1.6054491422944874,0.019034909755000655,-0.010165355373229832,-0.0005850306620546,89.27993164062491,33.60000000000002,75.11684570312491,87.84002075195315,37.43999633789065,248.58256835937482,7.679956054687409,154.0799804687499,205.990478515625,-63.83994140625009,-165.5999511718751,-41.04318847656259,16.320013427734352,92.63996582031245,75.11669921875
1763688348.8603842,4,1,2,0.3067853232657412,0.5500044097076578,-1.4683814908844888,0.019982785244622624,-0.010718806676459304,-0.00022180732268531006,84.48000488281241,33.60000000000002,86.73281249999991,80.6400085449219,27.839990234375023,244.71049804687482,7.679956054687409,149.2800537109374,209.862548828125,-61.44003906250009,-158.4000000000001,-41.04318847656259,11.519995117187477,97.44001464843745,75.11669921875
1763688348.9706933,4,1,2,0.3193837745297963,0.5853079959062042,-1.3772363126608795,0.02146987648574061,-0.012006746375432947,-0.0008898451578110255,79.67995605468741,21.600000000000023,75.11684570312491,68.6400085449219,20.640008544921898,205.99028320312482,10.079980468749909,139.6799560546874,205.990478515625,-54.24008789062509,-148.8001464843751,-37.17124023437509,4.320013427734352,92.63996582031245,63.500732421875
1763688349.0769138,4,1,2,0.3420292123382548,0.5709849158807292,-1.063883430609183,0.020270820680520246,-0.011527628311779394,-0.0008600912501790658,67.67995605468741,9.600000000000023,63.50087890624991,56.6400085449219,6.239984130859398,182.75834960937482,19.67995605468741,139.6799560546874,209.862548828125,-47.04013671875009,-141.5999511718751,-21.68320312500009,-5.279992675781273,87.84003906249995,59.62890625
1763688349.1860168,4,1,2,0.43855853162123054,0.5859463076248032,-0.9138074311554576,0.020323142865803674,-0.014877970348456605,-0.00041792786498207307,62.88002929687491,2.4414062522737368e-05,63.50087890624991,47.04000244140627,-0.9599975585937273,159.52641601562482,22.07998046874991,137.2800537109374,209.862548828125,-49.44003906250009,-134.4000000000001,-10.067236328125091,-12.480004882812523,85.44001464843745,48.0126953125
1763688349.3616383,4,1,2,0.3894965666927475,0.5852051942679493,-0.6524595745397301,0.021889937619156707,-0.015233733348413101,-0.0009429249296031922,48.48000488281241,-7.199987792968727,63.50087890624991,27.840020751953148,-10.560003662109352,136.29448242187482,24.48000488281241,125.28005371093741,205.990478515625,-47.04013671875009,-112.80014648437509,-13.939184570312591,-24.480004882812523,78.23994140624995,36.396728515625
1763688349.4695117,4,1,2,0.4030848035207626,0.5939133806758862,-0.591447605381536,0.02080200299331467,-0.014150373117908161,-0.0006919380055850104,43.67995605468741,-16.799963378906227,55.75673828124991,18.240014648437523,-20.160009765624977,116.93413085937482,34.07998046874991,113.28005371093741,198.246337890625,-32.63999023437509,-108.00009765625009,-2.323217773437591,-29.279992675781273,75.84003906249995,20.90869140625
1763688349.6720827,4,1,2,0.29567297441791207,0.5218751457080418,-0.27523615687088376,0.01926498432605886,-0.01170038720172207,-0.0007346031475325505,36.48000488281241,-26.399999999999977,48.01284179687491,15.840020751953148,-20.160009765624977,82.08623046874982,31.67995605468741,103.67995605468741,186.63037109375,-32.63999023437509,-91.20004882812509,1.548852539062409,-38.8799987792969,63.840039062499955,13.164794921875
1763688349.7653353,4,1,2,0.24977689235456824,0.4308594645145044,-0.29839765094285886,0.01716813167378814,-0.011139331560057857,-0.0005091217658917865,29.27993164062491,-31.199987792968727,44.14077148437491,11.040002441406273,-20.160009765624977,74.34233398437482,34.07998046874991,96.48000488281241,190.50244140625,-30.24008789062509,-81.59995117187509,5.420800781249909,-38.8799987792969,63.840039062499955,13.164794921875
1763688349.9696357,4,1,2,0.40398983919204845,0.026442934669486204,-0.21349789508621464,0.011034503610179474,-0.007329144728155053,-0.00031369006034111333,22.07998046874991,-33.60001220703123,36.39687499999991,-0.9599975585937273,-17.76000061035154,58.85429687499982,29.27993164062491,77.28005371093741,167.2705078125,-30.24008789062509,-74.40000000000009,5.420800781249909,-36.48000488281252,56.639965820312455,17.036865234375
1763688350.4816911,4,1,2,0.0169819657303961,0.12758473788933347,0.22701763915415019,0.0007857634479727271,0.0007341952098663151,-0.00044066052134991723,26.88002929687491,-40.79996337890623,24.78090820312491,11.040002441406273,-10.560003662109352,27.878466796874818,22.07998046874991,67.67995605468741,132.42236328125,-32.63999023437509,-43.20004882812509,-25.55515136718759,-36.48000488281252,42.239941406249955,5.4208984375
1763688353.478736,4,1,2,0.02092763677083176,0.07414996466632243,0.20392112910120944,-0.0006678057557210578,0.0014325343696139992,-0.0003722523629088061,34.07998046874991,-35.99997558593748,1.548730468749909,20.640008544921898,3.8399902343750227,16.262255859374818,19.67995605468741,58.07998046874991,101.446533203125,-30.24008789062509,-24.00009765625009,-37.17124023437509,-31.679986572265648,30.239941406249955,1.548828125
1763688355.2604694,4,1,2,0.05031907395548615,0.08167681604918216,-0.334797895422606,-0.0014013820364775923,-0.001893865805218978,-0.0002567308858187135,60.48000488281241,-16.799963378906227,24.78090820312491,47.04000244140627,13.439996337890648,82.08623046874982,19.67995605468741,103.67995605468741,151.782470703125,-47.04013671875009,-67.20004882812509,-44.91519775390634,-19.679986572265648,49.440014648437455,36.396728515625
1763688355.460622,4,1,2,0.07746900400381085,0.15350945208534864,-0.47575267629088314,0.0010213675538160811,-0.0046491395820852125,-6.901996038747113e-05,70.07998046874991,-9.600012207031227,36.39687499999991,61.44002685546877,23.040002441406273,113.06254882812482,12.480004882812409,113.28005371093741,144.038330078125,-56.63999023437509,-84.00009765625009,-56.53122558593759,-14.879998779296898,59.039990234374955,44.140869140625
1763688355.5696378,4,1,2,0.11071430198285637,0.10942941391337942,-0.6301261326427334,0.0005985204374214115,-0.00381915164919286,-0.0006694102699984353,74.88002929687491,2.4414062522737368e-05,40.26894531249991,68.6400085449219,32.6400085449219,136.29448242187482,12.480004882812409,122.88002929687491,159.5263671875,-56.63999023437509,-93.59995117187509,-60.40317382812509,-7.679986572265648,61.440014648437455,44.140869140625
1763688355.6819003,4,1,2,0.09285661905602594,0.22061844420228807,-0.9041516103088384,0.003630934855495858,-0.004712080862819599,0.00017426922259423832,82.07998046874991,12.000024414062523,44.14077148437491,73.44002685546877,39.83999023437502,155.65434570312482,10.079980468749909,122.88002929687491,155.654541015625,-59.04013671875009,-110.40000000000009,-64.27518310546884,1.9199890136718523,68.63996582031245,55.7568359375
1763688355.7757502,4,1,2,0.1349637877302188,0.29927288432604915,-1.0767572109835792,0.004028641155472523,-0.0012682292739764364,0.00026433716641495795,0,0,0,0,0,0,0,0,0,0,0,0,0,0,0
1763688355.8671293,4,1,2,0.11677768224904411,0.21417853501783507,-1.4047726389895707,0.0013841850256398332,-0.0012661566230590202,6.500205797569728e-05,94.07998046874991,26.399987792968773,44.14077148437491,92.6400085449219,49.43999633789065,194.37456054687482,7.679956054687409,142.0799804687499,167.2705078125,-63.83994140625009,-129.5999511718751,-72.01920166015634,11.519995117187477,71.03999023437495,71.244873046875
1763688355.973146,4,1,2,0.03666640971618864,0.17321611873899664,-1.382598773313652,0.0017132054828224944,-0.0013049683989753418,-0.0001561572237627724,98.88002929687491,26.399987792968773,40.26894531249991,97.44002685546877,59.04000244140627,202.11821289062482,0.48000488281240905,144.4800048828124,167.2705078125,-66.24008789062509,-141.5999511718751,-75.89121093750009,21.120001220703102,80.63996582031245,71.244873046875
1763688356.0693238,4,1,2,0.1507886965718855,0.26391928295444805,-1.530536217486869,0.0037732992929523815,-0.0022894580784378156,-0.0002088109114516354,106.07998046874991,43.19997558593752,48.01284179687491,104.6400085449219,66.2399841308594,221.47856445312482,0.48000488281240905,151.6799560546874,175.014404296875,-71.04013671875009,-153.5999511718751,-79.76322021484384,25.920019531249977,80.63996582031245,75.11669921875
1763688356.1643877,4,1,2,0.1843771318761097,0.3276867305222164,-1.7561422180737267,0.006440478731971733,-0.004172318087747662,0.00026332543591902876,115.67995605468741,48.00002441406252,55.75673828124991,119.04000244140627,75.83999023437502,236.96635742187482,-1.920019531250091,158.8800292968749,178.886474609375,-73.44003906250009,-158.4000000000001,-87.50717773437509,33.1200012207031,83.03999023437495,82.86083984375
1763688356.2692919,4,1,2,0.06316888505101978,0.20760071995477905,-2.001811440205408,0.003131576182182738,0.0002888848619158027,-0.0005303274606200034,122.88002929687491,57.60000000000002,51.88491210937491,128.6400085449219,83.04000244140627,264.0703613281248,-4.320043945312591,163.6799560546874,171.142333984375,-75.83994140625009,-168.0000976562501,-99.12320556640634,40.32001342773435,87.84003906249995,90.604736328125
1763688356.3667185,4,1,2,0.08744724345561194,0.21158384401369842,-2.3224767199050556,0.003244102699873198,0.0005076479446748522,-0.000253906094965875,130.0799804687499,62.40004882812502,51.88491210937491,135.84002075195315,102.2399841308594,283.4302246093748,-13.920019531250091,166.0799804687499,171.142333984375,-83.04013671875009,-182.4000000000001,-110.73917236328134,49.92001953124998,90.23994140624995,94.476806640625
1763688356.5696926,4,1,2,0.06787185205793782,0.31292503080320017,-2.6450407417961204,0.006497949689329171,-0.0003587668749928637,-0.00020753763224046684,151.6799560546874,76.80007324218752,59.62880859374991,164.6400085449219,119.04000244140627,318.2783691406248,-11.519995117187591,185.2800537109374,186.63037109375,-95.04013671875009,-189.5999511718751,-126.22720947265634,54.72000732421873,99.84003906249995,102.220703125
1763688356.6628938,4,1,2,-0.01888851743759054,0.18824516825493512,-2.8825484740613194,0.0013381236986712381,0.00329755942258187,-0.00022450722922062543,154.0799804687499,84.00002441406252,63.50087890624991,174.24004516601565,119.04000244140627,341.5103027343748,-13.920019531250091,194.8800292968749,194.37451171875,-102.24008789062509,-199.2000488281251,-133.97122802734384,71.51999511718748,102.23994140624995,109.96484375
1763688356.770231,4,1,2,0.12682646320948907,0.27606722886934343,-3.1956343517941805,0.004013980932610816,0.0005368467871427933,-0.0004119590901832024,0,0,0,0,0,0,0,0,0,0,0,0,0,0,0
1763688356.9739838,4,1,2,0.01777769335574749,0.19543742656411434,-3.645301717977074,0.0003376812161682598,0.003713826059872475,4.518663647740638e-05,192.4800048828124,115.19997558593752,67.37294921874991,229.43999633789065,169.43999633789065,422.8223144531248,-28.32004394531259,221.2799316406249,198.246337890625,-128.6399902343751,-230.4000000000001,-176.5632080078126,97.92001953124998,109.44001464843745,129.32470703125
1763688357.0659251,4,1,2,0.025963933456412847,0.1916589672929696,-3.931276498462056,0.0002192040928545476,0.003425580793072167,-0.00021362704573178195,204.4800048828124,127.19997558593752,59.62880859374991,239.0400329589844,179.04000244140627,438.3101074218748,-23.51999511718759,223.6800781249999,190.50244140625,-131.0401367187501,-230.4000000000001,-184.3072265625001,107.51999511718748,114.23994140624995,133.19677734375
1763688357.175015,4,1,2,0.01196330465669268,0.18969172100354023,-4.089701450048952,-0.000867576385518258,0.0063113779286319005,0.0002731957235063326,197.2799316406249,122.40004882812502,71.24477539062491,239.0400329589844,176.6400085449219,438.3101074218748,-18.72006835937509,226.0799804687499,198.246337890625,-128.6399902343751,-235.2000488281251,-184.3072265625001,105.1200012207031,109.44001464843745,129.32470703125
1763688357.3626409,4,1,2,-0.01159006190003118,0.15871643621949186,-3.8874486374577586,-0.0013978822891206766,0.005416782649615985,-4.513253380403204e-05,206.8800292968749,127.19997558593752,63.50087890624991,243.84002075195315,198.24001464843752,438.3101074218748,-25.92001953125009,216.4801269531249,182.758544921875,-133.4400390625001,-230.4000000000001,-195.9231933593751,112.32001342773435,109.44001464843745,125.452880859375
1763688357.4726286,4,1,2,-0.20179665899058305,0.0412186897733461,-3.9603567481188633,-0.006849898901150835,0.015401933350879264,0.00023130364870967873,204.4800048828124,129.60000000000002,55.75673828124991,251.0400329589844,205.43999633789065,446.0542480468748,-33.12009277343759,216.4801269531249,175.014404296875,-140.6399902343751,-230.4000000000001,-203.6672119140626,114.72000732421873,107.03999023437495,125.452880859375
1763688357.5665967,4,1,2,-0.27016973458604243,0.05851926542556428,-4.0293038534690995,-0.0071071487902322145,0.018970887193469906,0.0002051953339260147,204.4800048828124,129.60000000000002,67.37294921874991,248.6400085449219,203.04000244140627,438.3101074218748,-28.32004394531259,211.6800781249999,178.886474609375,-138.2400878906251,-228.0000976562501,-203.6672119140626,117.1200012207031,107.03999023437495,133.19677734375
1763688357.674018,4,1,2,-0.1785512770233677,0.13549400709208187,-3.9050586854089517,-0.005401945097634512,0.015219928910445105,-0.0002983413732951302,202.0799804687499,127.19997558593752,55.75673828124991,246.24004516601565,200.6400085449219,434.4385253906248,-33.12009277343759,214.0799804687499,178.886474609375,-135.8399414062501,-230.4000000000001,-199.79520263671884,117.1200012207031,107.03999023437495,129.32470703125
1763688357.7688036,4,1,2,-0.12665807646253668,0.11711339029024764,-3.8370142601317605,-0.005316277997083224,0.012064244422161826,0.00019606357818771104,202.0799804687499,134.40004882812502,59.62880859374991,239.0400329589844,188.6400085449219,438.3101074218748,-30.72006835937509,216.4801269531249,190.50244140625,-131.0401367187501,-232.8001464843751,-192.05118408203134,109.92001953124998,109.44001464843745,125.452880859375
1763688357.8113158,4,1,2,-0.15146256634850405,0.11384663100502417,-3.86981523741699,-0.005525364231622385,0.011805785613697838,2.743330025795044e-05,202.0799804687499,127.19997558593752,59.62880859374991,243.84002075195315,193.43999633789065,442.1821777343748,-30.72006835937509,218.8800292968749,178.886474609375,-133.4400390625001,-230.4000000000001,-192.05118408203134,109.92001953124998,109.44001464843745,125.452880859375
1763688357.9027023,4,1,2,-0.0746643027848338,0.13304002831733971,-3.727354355457532,-0.0031096136794430893,0.009416132922009634,0.0001644273673666348,202.0799804687499,124.80007324218752,63.50087890624991,236.6400085449219,183.83999023437502,434.4385253906248,-25.92001953125009,214.0799804687499,190.50244140625,-133.4400390625001,-230.4000000000001,-192.05118408203134,105.1200012207031,116.63996582031245,125.452880859375
1763688358.0616941,4,1,2,0.06996416094615754,0.18244542010566772,-3.595274949498239,0.0002751559508889778,0.001585398366054272,0.000141350318787176,202.0799804687499,117.60000000000002,63.50087890624991,234.24004516601565,179.04000244140627,434.4385253906248,-23.51999511718759,223.6800781249999,194.37451171875,-126.24008789062509,-230.4000000000001,-184.3072265625001,102.72000732421873,107.03999023437495,125.452880859375
1763688358.1707532,4,1,2,0.09328362848435635,0.2213237491731797,-3.5575156697347774,0.0012806244546793612,0.00046562753381531805,-0.00015728778596413187,199.6799560546874,120.00002441406252,67.37294921874991,236.6400085449219,176.6400085449219,434.4385253906248,-21.12009277343759,223.6800781249999,205.990478515625,-131.0401367187501,-230.4000000000001,-180.43521728515634,102.72000732421873,111.84003906249995,125.452880859375
1763688358.2760856,4,1,2,0.09680719441239334,0.21436107656061693,-3.571493870127747,0.0022167755662558415,0.0012017667772113143,-0.0003137971251099653,199.6799560546874,120.00002441406252,67.37294921874991,234.24004516601565,176.6400085449219,426.6943847656248,-23.51999511718759,223.6800781249999,198.246337890625,-131.0401367187501,-235.2000488281251,-176.5632080078126,102.72000732421873,111.84003906249995,129.32470703125
1763688358.3723779,4,1,2,0.05982644304643574,0.17788588762382673,-3.5938569225899593,0.000573903597942774,0.0016776450583105389,0.00022182118942588075,199.6799560546874,122.40004882812502,67.37294921874991,234.24004516601565,176.6400085449219,438.3101074218748,-18.72006835937509,221.2799316406249,186.63037109375,-133.4400390625001,-235.2000488281251,-176.5632080078126,100.32001342773435,114.23994140624995,133.19677734375
1763688358.4684396,4,1,2,0.0756451828810135,0.21588443633156393,-3.4743646868828986,0.0012460899436695858,0.0019378321099982054,-0.00012683447146116618,202.0799804687499,124.80007324218752,71.24477539062491,239.0400329589844,171.83999023437502,430.5664550781248,-25.92001953125009,223.6800781249999,198.246337890625,-135.8399414062501,-232.8001464843751,-180.43521728515634,105.1200012207031,109.44001464843745,129.32470703125
1763688358.5764642,4,1,2,0.0397209588162017,0.23461292163893605,-3.5055494305027954,0.0017177552339014586,0.0026199020494766497,1.9152895307065012e-05,202.0799804687499,127.19997558593752,63.50087890624991,236.6400085449219,176.6400085449219,430.5664550781248,-23.51999511718759,223.6800781249999,194.37451171875,-128.6399902343751,-235.2000488281251,-184.3072265625001,105.1200012207031,114.23994140624995,129.32470703125
1763688358.6695564,4,1,2,0.06149824336575339,0.17712849845795234,-3.493759754098185,0.0002516719089323393,0.0016759625690937587,-0.00021286622581117158,199.6799560546874,127.19997558593752,71.24477539062491,241.43999633789065,176.6400085449219,434.4385253906248,-21.12009277343759,223.6800781249999,194.37451171875,-128.6399902343751,-235.2000488281251,-188.1791748046876,107.51999511718748,109.44001464843745,129.32470703125
1763688358.7625868,4,1,2,0.1029079039414359,0.22158884892670663,-3.5607759340356253,0.0009472617359605629,0.0014943829665192672,0.00023115378092778305,204.4800048828124,129.60000000000002,67.37294921874991,241.43999633789065,179.04000244140627,446.0542480468748,-21.12009277343759,226.0799804687499,198.246337890625,-131.0401367187501,-237.5999511718751,-188.1791748046876,102.72000732421873,114.23994140624995,125.452880859375
1763688359.0746043,4,1,2,0.06425634170621537,0.2390334292489256,-3.708000449942725,0.0018660572578340518,0.0026662152777459803,0.0001033343795067184,206.8800292968749,132.00002441406252,71.24477539062491,246.24004516601565,183.83999023437502,449.9263183593748,-25.92001953125009,226.0799804687499,194.37451171875,-133.4400390625001,-235.2000488281251,-184.3072265625001,112.32001342773435,116.63996582031245,129.32470703125
1763688359.4660447,4,1,2,0.07966347075303551,0.10372408028046963,-3.4612791936297533,-0.004357036851949273,0.0014600227972345068,-5.8739128996846904e-05,214.0799804687499,129.60000000000002,63.50087890624991,255.84002075195315,183.83999023437502,442.1821777343748,-23.51999511718759,233.2799316406249,194.37451171875,-135.8399414062501,-232.8001464843751,-195.9231933593751,112.32001342773435,109.44001464843745,133.19677734375
1763688359.8737907,4,1,2,0.04112780386871619,0.09712776278040486,-2.626133366697657,-0.0026326821581661494,-0.0013563373476714272,-0.00014362037108030487,178.0799804687499,100.80007324218752,59.62880859374991,210.24004516601565,145.43999633789065,368.6143066406248,-16.32004394531259,206.8800292968749,186.63037109375,-107.04013671875009,-206.4000000000001,-161.0751708984376,81.1200012207031,95.03999023437495,117.708740234375
1763688359.9650526,4,1,2,0.1461420240013527,0.16145224685127674,-2.3746513572702623,-0.002170781366805678,-0.0036397655528206435,-0.00029304697291783824,163.6799560546874,86.40004882812502,67.37294921874991,179.0400329589844,121.43999633789065,341.5103027343748,-13.920019531250091,202.0799804687499,190.50244140625,-99.83994140625009,-199.2000488281251,-137.84317626953134,71.51999511718748,99.84003906249995,109.96484375
1763688360.0723412,4,1,2,0.2125017466895902,0.27245103261971815,-1.854176743701596,0.005825130743102118,-0.009187748466225287,-0.00047443578824124354,144.4800048828124,74.40004882812502,59.62880859374991,157.43999633789065,107.04000244140627,298.9185058593748,-13.920019531250091,182.8800292968749,186.63037109375,-90.24008789062509,-182.4000000000001,-114.61118164062509,54.72000732421873,92.63996582031245,102.220703125
1763688360.1030943,4,1,2,0.21568548949174357,0.2719046017716967,-1.8068909071646595,0.005175725737993037,-0.009227379604076543,8.73143127384069e-06,142.0799804687499,72.00002441406252,63.50087890624991,152.6400085449219,92.6400085449219,295.0464355468748,-6.720068359375091,182.8800292968749,186.63037109375,-90.24008789062509,-180.0000976562501,-122.35520019531259,47.51999511718748,95.03999023437495,102.220703125
1763688360.1930077,4,1,2,0.30107022706330355,0.29950954272200764,-1.5347098868000444,0.003454864985233285,-0.006410058318465519,9.617217095049264e-05,130.0799804687499,57.60000000000002,59.62880859374991,145.44002685546877,80.6400085449219,267.9424316406248,-9.120092773437591,178.0799804687499,182.758544921875,-80.63999023437509,-172.8001464843751,-106.86722412109384,42.72000732421873,87.84003906249995,94.476806640625
1763688360.3671181,4,1,2,0.20983136844641007,0.29828611355827667,-0.943315411735248,0.007156005781239899,-0.008211837142664513,0.00032380987005120284,0,0,0,0,0,0,0,0,0,0,0,0,0,0,0
1763688360.4762678,4,1,2,0.3799428148797721,0.10839345437452005,-0.7943905812551749,0.0023337416591333237,-0.012680319195474934,-0.0007238491333021616,94.07998046874991,28.800012207031273,48.01284179687491,109.44002685546877,51.83999023437502,194.37456054687482,2.879907226562409,156.4800048828124,182.758544921875,-68.63999023437509,-134.4000000000001,-68.14719238281259,21.120001220703102,75.84003906249995,59.62890625
1763688360.664706,4,1,2,0.18228707759776366,0.23530410016233103,-0.4856066188028259,0.0033871751189706,-0.007022174464920006,-0.0005395790337063923,89.27993164062491,14.399987792968773,44.14077148437491,85.44002685546877,39.83999023437502,163.39848632812482,12.480004882812409,137.2800537109374,167.2705078125,-61.44003906250009,-115.20004882812509,-64.27518310546884,4.320013427734352,68.63996582031245,59.62890625
1763688360.771974,4,1,2,0.23457118596672621,0.2561632254861966,-0.3613133583322163,0.0054671388769606775,-0.00846195953766932,-0.0002539799991221187,82.07998046874991,9.600000000000023,40.26894531249991,80.6400085449219,37.43999633789065,151.78227539062482,10.079980468749909,127.67995605468741,159.5263671875,-61.44003906250009,-110.40000000000009,-60.40317382812509,-2.8799987792968977,68.63996582031245,55.7568359375
1763688360.866017,4,1,2,0.15279424108451667,0.24716674916433745,-0.22968108406017224,0.004387376126799031,-0.005883303429903352,-0.00044441510127878937,79.67995605468741,2.4414062522737368e-05,40.26894531249991,71.04000244140627,32.6400085449219,136.29448242187482,12.480004882812409,125.28005371093741,155.654541015625,-56.63999023437509,-96.00009765625009,-64.27518310546884,-7.679986572265648,61.440014648437455,55.7568359375
1763688361.5688145,4,1,2,0.03429306037767782,0.13474302350299794,0.25171817973221416,-0.00118210597590835,0.0018710933699855347,-0.0009100016349116865,50.88002929687491,-21.600012207031227,20.90883789062491,39.84002075195315,20.640008544921898,62.72636718749982,12.480004882812409,77.28005371093741,116.934326171875,-47.04013671875009,-45.59995117187509,-56.53122558593759,-22.080010986328148,42.239941406249955,13.164794921875
1763688361.864259,4,1,2,0.004695462832155127,0.1304100467055535,0.2721924471441262,-0.00037140780224380245,0.002231701987619438,-0.0005857938768853304,43.67995605468741,-28.799963378906227,5.420800781249909,32.6400085449219,11.040002441406273,39.49443359374982,17.27993164062491,70.07998046874991,113.0625,-42.24008789062509,-40.80014648437509,-44.91519775390634,-19.679986572265648,39.840039062499955,17.036865234375
1763688362.1625125,4,1,2,-7.084758942626015e-05,0.052332522325713934,0.24857335780217865,-0.0020239445050395984,0.0030046353014472693,-0.00035984806830611984,41.27993164062491,-21.600012207031227,9.292871093749909,37.44002685546877,18.239984130859398,43.36625976562482,14.879907226562409,67.67995605468741,105.318359375,-42.24008789062509,-33.59995117187509,-56.53122558593759,-24.480004882812523,37.440014648437455,9.292724609375
1763688362.2691953,4,1,2,-0.03476820025442027,0.07396248824457238,0.2686911747965968,-0.00168416339351389,0.002843384500920569,-0.0006656525713409594,41.27993164062491,-23.999975585937477,9.292871093749909,35.04000244140627,18.239984130859398,39.49443359374982,10.079980468749909,70.07998046874991,97.574462890625,-44.63999023437509,-31.20004882812509,-52.65921630859384,-24.480004882812523,27.840039062499955,9.292724609375
1763688362.3621473,4,1,2,0.005182633103350466,0.0837338645916731,0.3137882373729688,-0.002752940201386922,0.0022025348324990032,-0.0005772513929575161,0,0,0,0,0,0,0,0,0,0,0,0,0,0,0
1763688362.405911,4,1,2,-0.009805535196003044,0.05394592764688941,0.2949029148826115,-0.00350715443280257,0.0022297420968171878,-0.0005845884285874928,43.67995605468741,-23.999975585937477,5.420800781249909,37.44002685546877,13.439996337890648,43.36625976562482,12.480004882812409,72.48000488281241,101.446533203125,-39.83994140625009,-38.40000000000009,-52.65921630859384,-19.679986572265648,32.639965820312455,20.90869140625
1763688362.4825313,4,1,2,0.047267625775934775,0.07113355208313413,0.22900111406673682,-0.002700685684063704,0.0013660604728835332,-0.0006066182252219952,43.67995605468741,-26.399999999999977,5.420800781249909,35.04000244140627,18.239984130859398,35.62236328124982,14.879907226562409,70.07998046874991,105.318359375,-39.83994140625009,-31.20004882812509,-52.65921630859384,-24.480004882812523,35.039990234374955,17.036865234375
1763688363.265514,4,1,2,-0.036971089720193855,0.0626629651819954,0.2779103446325516,-0.003287978148336231,0.004051591768735981,-0.00035536746709455806,34.07998046874991,-21.600012207031227,1.548730468749909,37.44002685546877,18.239984130859398,31.750292968749818,14.879907226562409,60.48000488281241,93.702392578125,-35.04013671875009,-21.59995117187509,-52.65921630859384,-17.279992675781273,30.239941406249955,9.292724609375
1763688363.4705055,4,1,2,-0.06558421495826003,0.08879665183958507,0.248890741321858,-0.0024205378918612575,0.0041188106343880634,-0.000520432418617988,38.88002929687491,-23.999975585937477,9.292871093749909,37.44002685546877,18.239984130859398,24.006396484374818,12.480004882812409,60.48000488281241,82.08642578125,-27.83994140625009,-16.80014648437509,-56.53122558593759,-17.279992675781273,30.239941406249955,13.164794921875
1763688363.5127132,4,1,2,0.005944084470942183,0.08741083980491583,0.22676123801863082,-0.0030968666350010684,0.0036764671004143232,-0.0005316598731678839,36.48000488281241,-23.999975585937477,5.420800781249909,39.84002075195315,20.640008544921898,31.750292968749818,17.27993164062491,62.88002929687491,89.83056640625,-39.83994140625009,-24.00009765625009,-52.65921630859384,-22.080010986328148,25.440014648437455,5.4208984375
1763688363.764219,4,1,2,-0.05827768634203413,0.07074715494888503,0.2478610970337897,-0.00240625423492673,0.004902217551476297,-0.0005190172189744426,36.48000488281241,-23.999975585937477,-2.323095703125091,30.240014648437523,20.640008544921898,27.878466796874818,14.879907226562409,55.67995605468741,74.342529296875,-32.63999023437509,-19.20004882812509,-52.65921630859384,-19.679986572265648,25.440014648437455,5.4208984375
1763688363.9031115,4,1,2,-0.03752707885126428,0.0833484264181244,0.2802845064938372,-0.002967264780198889,0.0037881590823765827,-0.0011368118912829454,34.07998046874991,-26.399999999999977,5.420800781249909,35.04000244140627,20.640008544921898,27.878466796874818,14.879907226562409,55.67995605468741,78.21435546875,-35.04013671875009,-19.20004882812509,-48.78720703125009,-22.080010986328148,30.239941406249955,9.292724609375
1763688363.981727,4,1,2,-0.03125089200904547,0.08849361220365476,0.29864724949409815,-0.0024120180467476294,0.003835545971596615,-0.0009719372054853954,36.48000488281241,-26.399999999999977,1.548730468749909,30.240014648437523,13.439996337890648,24.006396484374818,14.879907226562409,65.28005371093741,85.95849609375,-32.63999023437509,-24.00009765625009,-48.78720703125009,-22.080010986328148,30.239941406249955,9.292724609375
1763688364.2760522,4,1,2,0.036554114215036196,0.1002011623275253,0.20732963622547912,6.881082968958623e-05,-0.00010136356072498981,-0.00021416653911624254,38.88002929687491,-23.999975585937477,5.420800781249909,32.6400085449219,13.439996337890648,27.878466796874818,17.27993164062491,67.67995605468741,105.318359375,-35.04013671875009,-24.00009765625009,-44.91519775390634,-24.480004882812523,32.639965820312455,13.164794921875
1763688365.072849,4,1,2,0.05849038980803876,0.12745128392349084,0.28841426864092834,-0.0007112082314727551,-9.911953218342704e-05,-0.0011293100117798157,38.88002929687491,-26.399999999999977,1.548730468749909,37.44002685546877,15.839990234375023,27.878466796874818,17.27993164062491,60.48000488281241,85.95849609375,-32.63999023437509,-21.59995117187509,-48.78720703125009,-19.679986572265648,30.239941406249955,13.164794921875
1763688365.3702981,4,1,2,0.043332915308793296,0.10567987943672477,0.2682741088482703,-0.001386824416184435,0.00047930141589522723,-0.00035551206898589707,34.07998046874991,-28.799963378906227,1.548730468749909,27.840020751953148,11.040002441406273,20.134326171874818,19.67995605468741,62.88002929687491,85.95849609375,-32.63999023437509,-21.59995117187509,-48.78720703125009,-26.879998779296898,27.840039062499955,5.4208984375
1763688365.5716534,4,1,2,0.04176777338921988,0.07836396109382383,0.2197916955592237,-0.0013006511691921875,-5.68452542527981e-05,-0.0010738028163661548,41.27993164062491,-28.799963378906227,-2.323095703125091,32.6400085449219,15.839990234375023,24.006396484374818,17.27993164062491,67.67995605468741,93.702392578125,-35.04013671875009,-19.20004882812509,-48.78720703125009,-24.480004882812523,27.840039062499955,17.036865234375
1763688366.86759,4,1,2,0.2601462310394909,0.2694970289624493,-0.44180042677866715,0.007214165480875993,-0.006604653747788755,-0.00035417596783383947,0,0,0,0,0,0,0,0,0,0,0,0,0,0,0
1763688367.0729246,4,1,2,0.23574153528724043,0.27365691698992434,-0.5143320012953877,0.0052261455233503186,-0.007937234009914754,-0.00015475729530801718,67.67995605468741,-7.199987792968727,40.26894531249991,63.84002075195315,18.239984130859398,128.55034179687482,17.27993164062491,118.07998046874991,163.3984375,-51.83994140625009,-93.59995117187509,-44.91519775390634,-12.480004882812523,61.440014648437455,51.884765625
1763688367.2749853,4,1,2,0.15168514915345344,0.41636105457527844,-0.9653660570699542,0.014939199054902794,-0.004512530344714581,-0.00020656072169745467,72.48000488281241,19.200036621093773,51.88491210937491,71.04000244140627,27.839990234375023,163.39848632812482,14.879907226562409,127.67995605468741,167.2705078125,-54.24008789062509,-115.20004882812509,-41.04318847656259,-0.48000488281252274,71.03999023437495,55.7568359375
1763688367.3805966,4,1,2,0.20010849809571912,0.4657807691434858,-0.9844842848799422,0.014347010011551918,-0.006446229379304172,-0.0004555615978532553,84.48000488281241,26.399987792968773,55.75673828124991,80.6400085449219,44.6400085449219,194.37456054687482,7.679956054687409,132.4800048828124,167.2705078125,-59.04013671875009,-124.80014648437509,-60.40317382812509,16.320013427734352,78.23994140624995,55.7568359375
1763688367.7713842,4,1,2,0.17178173870069463,0.4051426366998333,-1.880086522918666,0.0135811878413843,-0.004257730933185419,0.000321685765550196,113.27993164062491,57.60000000000002,63.50087890624991,126.24001464843752,75.83999023437502,271.8145019531248,-4.320043945312591,154.0799804687499,186.63037109375,-80.63999023437509,-168.0000976562501,-91.37918701171884,42.72000732421873,92.63996582031245,90.604736328125
1763688367.8693924,4,1,2,0.13616786623658247,0.4252730211059932,-2.053482843594773,0.011995915609633631,-0.0032493513595529427,9.510144601976501e-05,120.48000488281241,64.80007324218752,67.37294921874991,138.24001464843752,87.83999023437502,295.0464355468748,-6.720068359375091,163.6799560546874,186.63037109375,-80.63999023437509,-175.2000488281251,-91.37918701171884,49.92001953124998,97.44001464843745,94.476806640625
1763688367.9630551,4,1,2,0.044081607098862344,0.3935762408126413,-2.299359677573746,0.0127994316180376,-0.0016140158911788355,-0.0004546594799106393,125.27993164062491,72.00002441406252,75.11684570312491,147.84002075195315,92.6400085449219,318.2783691406248,-11.519995117187591,166.0799804687499,190.50244140625,-85.44003906250009,-182.4000000000001,-99.12320556640634,57.1200012207031,102.23994140624995,94.476806640625
1763688368.2618556,4,1,2,0.1252631399397723,0.24140228357641558,-3.033784038763027,0.011498090260344446,0.0014456450775551227,-0.00016181027596621686,163.6799560546874,98.40004882812502,71.24477539062491,195.84002075195315,133.43999633789065,384.1025878906248,-13.920019531250091,197.2799316406249,198.246337890625,-104.63999023437509,-204.0000976562501,-122.35520019531259,78.72000732421873,114.23994140624995,117.708740234375
1763688368.3700492,4,1,2,-0.044761428055426294,0.5277159437349206,-3.277537071797126,0.006705919180697279,-0.001371957853421154,-0.0004510557429055074,168.4800048828124,110.40004882812502,78.98891601562491,205.43999633789065,145.43999633789065,411.2065917968748,-21.12009277343759,194.8800292968749,194.37451171875,-114.24008789062509,-216.0000976562501,-133.97122802734384,90.72000732421873,116.63996582031245,113.8369140625
1763688368.4632578,4,1,2,0.023691945013456728,0.47525534286735593,-3.599843686914085,0.00621919631770375,-0.003498906456657065,-9.545916360459926e-05,180.4800048828124,120.00002441406252,78.98891601562491,227.0400329589844,152.6400085449219,438.3101074218748,-18.72006835937509,221.2799316406249,202.118408203125,-119.04013671875009,-223.2000488281251,-161.0751708984376,102.72000732421873,116.63996582031245,140.94091796875
1763688368.7746496,4,1,2,-0.19203836264390375,0.4099723246690922,-4.484990349500961,0.0028031000587695094,0.004301165144592607,-0.00026156939422519645,226.0799804687499,151.19997558593752,86.73281249999991,287.0400329589844,205.43999633789065,538.9824707031248,-28.32004394531259,240.4801269531249,213.734375,-155.0401367187501,-249.5999511718751,-199.79520263671884,138.72003784179685,135.84003906249995,148.684814453125
1763688368.96257,4,1,2,0.14493452251939967,0.17158936168950834,-5.096948224890587,0.006209797906101634,0.009579173934823255,-0.000366811788394781,245.2799316406249,180.00002441406252,90.60488281249991,320.6400085449219,236.6400085449219,597.0625488281248,-33.12009277343759,252.4801269531249,213.734375,-167.0401367187501,-264.0000976562501,-226.89920654296884,155.5200256347656,143.03999023437495,160.30078125
1763688369.0713775,4,1,2,-0.12144378661396754,0.2579177487464794,-5.442953438576592,0.00528058527884397,0.009824182315720164,0.00035944963385951833,269.2799316406249,187.19997558593752,86.73281249999991,351.84002075195315,248.6400085449219,635.7822753906248,-30.72006835937509,264.4801269531249,221.478515625,-176.6399902343751,-278.4000000000001,-234.64322509765634,169.91998901367185,145.44001464843745,164.1728515625
1763688369.086898,4,1,2,-0.09519107914527399,0.22135777536044635,-5.389813183005706,0.0064743569657654335,0.011610617372921139,-0.0005510679082990923,264.4800048828124,196.80007324218752,94.47695312499991,347.0400329589844,253.43999633789065,639.6543457031248,-35.51999511718759,259.6800781249999,221.478515625,-179.0401367187501,-278.4000000000001,-238.51517333984384,172.32001342773435,150.23994140624995,160.30078125
1763688369.194452,4,1,2,-0.14484918167143393,0.37042935711146374,-5.7752698509709575,-0.0008872867184174862,0.0010703797195842253,-0.00018883463868744443,286.0799804687499,213.60000000000002,90.60488281249991,387.84002075195315,279.84002075195315,686.1182128906248,-42.72006835937509,274.0799804687499,221.478515625,-193.4400390625001,-280.8001464843751,-257.8752197265626,189.1200012207031,150.23994140624995,179.660888671875
1763688369.3027513,4,1,2,-0.06823965302995846,0.06084236671253902,-6.148823929526593,-0.0017975445408942615,0.015302199038935467,-0.0002962995938741329,310.0799804687499,228.00002441406252,94.47695312499991,421.4400573730469,294.2399841308594,728.7104980468748,-42.72006835937509,290.8800292968749,236.966552734375,-200.6399902343751,-297.5999511718751,-273.36319580078134,210.72003784179685,159.84003906249995,191.27685546875
1763688369.4150078,4,1,2,-0.06596644463541658,0.14321990022353126,-6.61252935914328,-0.0012009931085981487,0.009784585625599806,0.0002358247125717184,317.2799316406249,240.00002441406252,102.22084960937491,445.4400573730469,306.2399841308594,755.8145019531248,-40.32004394531259,300.4801269531249,225.350341796875,-207.8399414062501,-297.5999511718751,-284.9792236328126,215.5200256347656,159.84003906249995,191.27685546875
1763688369.5067654,4,1,2,-0.08855436782427191,0.15341158656524612,-7.061181866317417,-0.0041366305228216875,0.011662032874256502,-0.0002503566206923314,312.4800048828124,242.40004882812502,98.34877929687491,443.0400329589844,303.84002075195315,767.4302246093748,-45.12009277343759,302.8800292968749,225.350341796875,-205.4400390625001,-300.0000976562501,-284.9792236328126,215.5200256347656,157.44001464843745,199.020751953125
1763688369.6162567,4,1,2,-0.04492541581629337,0.13332591641756072,-6.615796843443609,-0.0021280570832187574,0.009316847030303825,-0.0003160181680381143,322.0799804687499,242.40004882812502,102.22084960937491,445.4400573730469,303.84002075195315,763.5581542968748,-47.51999511718759,298.0799804687499,225.350341796875,-207.8399414062501,-302.4000000000001,-292.72318115234384,217.91998901367185,159.84003906249995,195.14892578125
1763688369.7730067,4,1,2,-0.03710307526600361,0.19100431595004208,-6.545246095049631,-0.0012905737254349375,0.008509034209561853,-0.00021426492792502873,317.2799316406249,242.40004882812502,98.34877929687491,445.4400573730469,303.84002075195315,763.5581542968748,-42.72006835937509,300.4801269531249,236.966552734375,-205.4400390625001,-300.0000976562501,-284.9792236328126,217.91998901367185,162.23994140624995,195.14892578125
1763688369.867523,4,1,2,0.0050884026145101985,0.19217046169482557,-6.40906039918217,-0.0008851861386631743,0.006671627393236942,-0.0003209500466311242,319.6799560546874,240.00002441406252,102.22084960937491,447.84002075195315,301.43999633789065,763.5581542968748,-45.12009277343759,298.0799804687499,225.350341796875,-205.4400390625001,-302.4000000000001,-284.9792236328126,220.32001342773435,157.44001464843745,195.14892578125
1763688369.9102967,4,1,2,0.012982800573802265,0.19859087351598526,-6.458863127527921,-0.0006722862910491442,0.006317191862984279,-0.00018213176521733316,317.2799316406249,242.40004882812502,98.34877929687491,443.0400329589844,306.2399841308594,767.4302246093748,-42.72006835937509,302.8800292968749,229.222412109375,-207.8399414062501,-302.4000000000001,-284.9792236328126,215.5200256347656,159.84003906249995,195.14892578125
1763688370.0682168,4,1,2,-0.0230554553118811,0.1566075304455444,-6.255858408093888,-0.0006367817397226611,0.0072256621851722914,-0.0004181001144658265,324.4800048828124,242.40004882812502,94.47695312499991,450.24004516601565,306.2399841308594,763.5581542968748,-42.72006835937509,300.4801269531249,233.094482421875,-205.4400390625001,-300.0000976562501,-288.8511718750001,217.91998901367185,159.84003906249995,199.020751953125
1763688370.1923914,4,1,2,-0.01908122653718234,0.17700957921721294,-6.359671725918589,-0.0013286446892959783,0.006877751229657935,-6.918965973719206e-05,317.2799316406249,244.80007324218752,98.34877929687491,447.84002075195315,306.2399841308594,759.6865722656248,-45.12009277343759,298.0799804687499,225.350341796875,-210.2400878906251,-300.0000976562501,-284.9792236328126,225.1200012207031,155.03999023437495,191.27685546875
1763688370.286771,4,1,2,-0.03880921663738604,0.1458326425051023,-6.274312302456554,-0.0010614272913722043,0.007536114647493668,-3.453600992672583e-05,319.6799560546874,242.40004882812502,98.34877929687491,445.4400573730469,301.43999633789065,767.4302246093748,-42.72006835937509,298.0799804687499,225.350341796875,-207.8399414062501,-300.0000976562501,-288.8511718750001,220.32001342773435,162.23994140624995,199.020751953125
1763688370.3781054,4,1,2,-0.007482389523196138,0.14614267469553952,-6.171435051151503,-0.0003609637319171438,0.007295923818598624,-0.0004640687012297652,319.6799560546874,244.80007324218752,98.34877929687491,447.84002075195315,303.84002075195315,763.5581542968748,-42.72006835937509,298.0799804687499,233.094482421875,-212.6399902343751,-295.2000488281251,-288.8511718750001,222.72003784179685,155.03999023437495,202.892822265625
1763688370.4755185,4,1,2,0.028725389328948345,0.19281167584569736,-6.136857975286873,-0.00010675967424545255,0.0051991811340958045,-0.00014264257583721228,322.0799804687499,240.00002441406252,102.22084960937491,450.24004516601565,303.84002075195315,763.5581542968748,-40.32004394531259,295.6800781249999,225.350341796875,-212.6399902343751,-300.0000976562501,-284.9792236328126,213.1200012207031,157.44001464843745,195.14892578125
1763688370.568858,4,1,2,-0.004628460335883648,0.14998195902922234,-6.1559023549243,-0.0008071622775703557,0.006228394534938423,8.031876302711037e-06,317.2799316406249,240.00002441406252,102.22084960937491,443.0400329589844,301.43999633789065,763.5581542968748,-42.72006835937509,298.0799804687499,225.350341796875,-207.8399414062501,-297.5999511718751,-288.8511718750001,217.91998901367185,157.44001464843745,191.27685546875
1763688370.663865,4,1,2,0.024939493873714025,0.2034423766830311,-6.117155518109297,0.000836599581682796,0.0053329831355761,0.00041490939901387476,322.0799804687499,240.00002441406252,98.34877929687491,447.84002075195315,301.43999633789065,759.6865722656248,-40.32004394531259,295.6800781249999,233.094482421875,-207.8399414062501,-300.0000976562501,-281.10721435546884,220.32001342773435,159.84003906249995,202.892822265625
1763688370.866691,4,1,2,0.029438818472937826,0.19141872359106882,-6.087397652371344,-0.00027325892432114585,0.005476862523384991,-0.0001255220063584534,319.6799560546874,242.40004882812502,98.34877929687491,445.4400573730469,301.43999633789065,759.6865722656248,-40.32004394531259,300.4801269531249,233.094482421875,-203.0401367187501,-295.2000488281251,-284.9792236328126,222.72003784179685,157.44001464843745,199.020751953125
1763688370.9797802,4,1,2,-0.021727877695869723,0.1579511994728086,-6.037314822219685,-0.0007223878703443987,0.006768658231318609,-0.000340633653583329,319.6799560546874,240.00002441406252,98.34877929687491,445.4400573730469,303.84002075195315,771.3022949218748,-42.72006835937509,300.4801269531249,221.478515625,-205.4400390625001,-300.0000976562501,-284.9792236328126,220.32001342773435,159.84003906249995,191.27685546875
1763688371.0728402,4,1,2,-0.041022592490320434,0.1598355277715745,-6.034889737630891,-0.00019290734610629204,0.006655867429536078,0.00013155387238725864,317.2799316406249,240.00002441406252,94.47695312499991,445.4400573730469,303.84002075195315,767.4302246093748,-40.32004394531259,295.6800781249999,229.222412109375,-205.4400390625001,-300.0000976562501,-288.8511718750001,220.32001342773435,159.84003906249995,195.14892578125
1763688371.1659281,4,1,2,0.012591162118328211,0.19220233853030538,-5.969343107934725,-0.00022129758410112388,0.005441721997795948,0.0003859838357602034,322.0799804687499,242.40004882812502,98.34877929687491,445.4400573730469,301.43999633789065,763.5581542968748,-42.72006835937509,295.6800781249999,229.222412109375,-207.8399414062501,-297.5999511718751,-281.10721435546884,222.72003784179685,155.03999023437495,199.020751953125
1763688371.367562,4,1,2,8.676934711385198e-05,0.18569459647941,-5.831160579735547,0.0005851420538191647,0.00605652832833144,-0.00018581012690963976,326.8800292968749,247.19997558593752,106.09291992187491,447.84002075195315,301.43999633789065,763.5581542968748,-45.12009277343759,302.8800292968749,233.094482421875,-210.2400878906251,-295.2000488281251,-296.5951904296876,217.91998901367185,159.84003906249995,199.020751953125
1763688371.663743,4,1,2,0.016184885937969067,0.15850336021950362,-5.805527558320564,-0.001301557106027234,0.006080141105950981,-2.6228618664875806e-05,322.0799804687499,242.40004882812502,94.47695312499991,447.84002075195315,306.2399841308594,775.1743652343748,-37.92001953125009,302.8800292968749,229.222412109375,-205.4400390625001,-300.0000976562501,-284.9792236328126,217.91998901367185,159.84003906249995,202.892822265625
1763688371.8664014,4,1,2,0.02237499224648782,0.18019320464662114,-5.868278438549929,-0.0004577008577629389,0.004531575864483052,-4.724002949955513e-05,319.6799560546874,244.80007324218752,94.47695312499991,450.24004516601565,301.43999633789065,763.5581542968748,-42.72006835937509,300.4801269531249,229.222412109375,-205.4400390625001,-300.0000976562501,-292.72318115234384,222.72003784179685,159.84003906249995,199.020751953125
1763688371.9771223,4,1,2,0.022401786781205017,0.17917689700724065,-5.7841471182381445,-0.00044764325544465605,0.004731645835220974,-0.00025155553525617574,319.6799560546874,237.60000000000002,94.47695312499991,440.6400085449219,299.0400329589844,755.8145019531248,-40.32004394531259,298.0799804687499,233.094482421875,-205.4400390625001,-295.2000488281251,-284.9792236328126,217.91998901367185,155.03999023437495,191.27685546875
1763688372.0699687,4,1,2,0.021091468542614275,0.19827712833259262,-5.6478719017530885,8.13988401834019e-05,0.004951089689799265,-0.00028036816436467267,307.6799560546874,232.80007324218752,102.22084960937491,435.84002075195315,289.43999633789065,736.4541503906248,-40.32004394531259,290.8800292968749,221.478515625,-205.4400390625001,-295.2000488281251,-277.2352050781251,210.72003784179685,152.63996582031245,187.40478515625
1763688372.1635208,4,1,2,0.06527968437327727,0.23353458437532407,-5.270588591812719,0.0023542535085036287,0.0036091928925576465,9.524679404384516e-05,300.4800048828124,223.19997558593752,94.47695312499991,409.43999633789065,272.6400085449219,713.2222167968748,-40.32004394531259,286.0799804687499,225.350341796875,-193.4400390625001,-285.5999511718751,-257.8752197265626,196.32001342773435,152.63996582031245,191.27685546875
1763688372.2726152,4,1,2,-0.005626872053136001,0.23943119342977853,-4.740520742418974,0.003380630144977359,0.002716713006893667,-0.0006494328968044738,281.2799316406249,208.80007324218752,98.34877929687491,383.0400329589844,263.0400329589844,674.5024902343748,-42.72006835937509,276.4801269531249,221.478515625,-186.2400878906251,-273.5999511718751,-246.25919189453134,189.1200012207031,147.84003906249995,175.788818359375
1763688372.473508,4,1,2,0.1789512637660777,0.35930944522103603,-3.773148976846219,0.010457153445052025,-0.005227157023765245,-0.0002862475078447179,242.8800292968749,180.00002441406252,82.86074218749991,323.0400329589844,227.04000244140627,589.3184082031248,-30.72006835937509,252.4801269531249,205.990478515625,-162.2400878906251,-259.2000488281251,-219.15518798828134,157.91998901367185,135.84003906249995,160.30078125
1763688372.972471,4,1,2,0.14914027201678248,0.43517502372445604,-1.473249072742914,0.013604426842122999,-0.005696006194617164,-0.0003957219243389228,146.8800292968749,81.60000000000002,71.24477539062491,171.84002075195315,99.83999023437502,341.5103027343748,-6.720068359375091,180.4800048828124,190.50244140625,-95.04013671875009,-187.2000488281251,-102.99521484375009,64.32001342773435,102.23994140624995,102.220703125
1763688373.0797088,4,1,2,0.1832541135204877,0.3921030349378772,-1.1903808508090594,0.013338208133106929,-0.00520403261913,-0.0003703133670280095,134.8800292968749,69.60000000000002,67.37294921874991,155.0400329589844,83.04000244140627,314.4062988281248,-4.320043945312591,173.2800537109374,198.246337890625,-85.44003906250009,-170.4000000000001,-95.25119628906259,61.92001953124998,104.63996582031245,94.476806640625
1763688373.1773267,4,1,2,0.20763477284874582,0.39849237342211746,-0.882253246229115,0.014176967577741667,-0.008170000893064074,-0.0006488427087642462,127.67995605468741,67.19997558593752,71.24477539062491,147.84002075195315,85.43999633789065,298.9185058593748,-6.720068359375091,166.0799804687499,186.63037109375,-85.44003906250009,-168.0000976562501,-95.25119628906259,52.32001342773435,95.03999023437495,90.604736328125
1763688373.3645701,4,1,2,0.1314191667913709,0.30774265206394824,-0.7422630471102775,0.011101895694812392,-0.005287713779071851,-0.00029051665895148376,106.07998046874991,40.80007324218752,67.37294921874991,119.04000244140627,61.43999633789065,240.83842773437482,2.879907226562409,156.4800048828124,186.63037109375,-78.24008789062509,-136.8001464843751,-68.14719238281259,28.320013427734352,90.23994140624995,78.98876953125
1763688373.565367,4,1,2,0.1319396429755322,0.3087936024582279,-0.46020221127034566,0.009533363277263817,-0.007344206090969141,-0.0003535318608845552,96.48000488281241,28.800012207031273,59.62880859374991,99.84002075195315,47.04000244140627,209.86235351562482,10.079980468749909,146.8800292968749,182.758544921875,-66.24008789062509,-120.00009765625009,-64.27518310546884,11.519995117187477,78.23994140624995,67.372802734375
1763688373.675144,4,1,2,0.16811886414788257,0.28162578211391415,-0.3449083262403373,0.009025861092668704,-0.008394698718249471,-0.0003126080309710065,86.88002929687491,21.600000000000023,48.01284179687491,95.04000244140627,47.04000244140627,190.50249023437482,10.079980468749909,137.2800537109374,175.014404296875,-66.24008789062509,-117.59995117187509,-64.27518310546884,11.519995117187477,75.84003906249995,63.500732421875
1763688374.9727528,4,1,2,0.025625520390392086,0.11684644427597045,0.22416834365116317,0.0005204154790847402,0.0020602348487162906,-0.00036346473943318973,50.88002929687491,-14.399999999999977,24.78090820312491,47.04000244140627,25.439996337890648,70.47026367187482,14.879907226562409,86.88002929687491,124.678466796875,-49.44003906250009,-45.59995117187509,-52.65921630859384,-17.279992675781273,44.639965820312455,28.65283203125
1763688375.09253,4,1,2,-0.09394665604721655,0.07474807744293739,0.31083841262335665,-6.105735590283736e-06,0.0035760491083906953,-0.0008773923170153482,58.07998046874991,-21.600012207031227,17.03676757812491,44.6400085449219,23.040002441406273,66.59843749999982,14.879907226562409,77.28005371093741,120.806396484375,-44.63999023437509,-45.59995117187509,-48.78720703125009,-14.879998779296898,42.239941406249955,28.65283203125
1763688375.3747442,4,1,2,-0.021246066247606644,0.11414469910248096,0.2888292069864869,-0.0005019767535440361,0.0028292939843433196,-0.00034417172794970106,48.48000488281241,-23.999975585937477,13.164941406249909,44.6400085449219,18.239984130859398,58.85429687499982,14.879907226562409,82.07998046874991,109.1904296875,-47.04013671875009,-36.00009765625009,-56.53122558593759,-14.879998779296898,39.840039062499955,24.78076171875
1763688375.6707666,4,1,2,-0.013183267543015416,0.12096917407944821,0.30703744827454554,-0.0002745707249101402,0.002300687259159334,-0.0006501629847614715,46.07998046874991,-21.600012207031227,13.164941406249909,39.84002075195315,20.640008544921898,51.11040039062482,17.27993164062491,77.28005371093741,109.1904296875,-47.04013671875009,-31.20004882812509,-44.91519775390634,-17.279992675781273,37.440014648437455,13.164794921875
1763688375.7644277,4,1,2,-0.008096413692249196,0.07759021627705145,0.20678804932354816,2.508901134241231e-05,0.0022529871502683743,-0.00021179741999540895,46.07998046874991,-19.199987792968727,17.03676757812491,44.6400085449219,18.239984130859398,51.11040039062482,12.480004882812409,79.67995605468741,109.1904296875,-42.24008789062509,-38.40000000000009,-52.65921630859384,-22.080010986328148,42.239941406249955,20.90869140625
1763688376.074935,4,1,2,-0.003237508980936228,0.12488724147241115,0.23811925877805315,-0.0006009059623477086,0.002389523347536634,-0.0007547689888444226,46.07998046874991,-23.999975585937477,17.03676757812491,39.84002075195315,23.040002441406273,51.11040039062482,10.079980468749909,70.07998046874991,113.0625,-42.24008789062509,-38.40000000000009,-52.65921630859384,-19.679986572265648,37.440014648437455,20.90869140625
1763688376.1659787,4,1,2,-0.004843035475099594,0.11531012085306956,0.23927319422377424,-0.0003451225910268325,0.002410847486739821,-0.0008305656880598093,46.07998046874991,-23.999975585937477,17.03676757812491,42.24001464843752,18.239984130859398,47.23833007812482,12.480004882812409,72.48000488281241,109.1904296875,-39.83994140625009,-36.00009765625009,-52.65921630859384,-17.279992675781273,35.039990234374955,17.036865234375
1763688376.2775145,4,1,2,-0.013555016958728246,0.0906673697018198,0.23875061476311343,-0.0005440900887467282,0.002485441640666626,-0.0006730280378950291,43.67995605468741,-19.199987792968727,5.420800781249909,47.04000244140627,18.239984130859398,51.11040039062482,19.67995605468741,70.07998046874991,105.318359375,-42.24008789062509,-36.00009765625009,-52.65921630859384,-17.279992675781273,32.639965820312455,17.036865234375
1763688376.3709157,4,1,2,-0.02105238290906905,0.1253727156126169,0.27314134881938396,-0.00042124472251122303,0.0024561328200254934,-0.0007414040114846765,46.07998046874991,-23.999975585937477,9.292871093749909,39.84002075195315,18.239984130859398,47.23833007812482,17.27993164062491,72.48000488281241,101.446533203125,-42.24008789062509,-36.00009765625009,-44.91519775390634,-17.279992675781273,37.440014648437455,9.292724609375
1763688376.4648771,4,1,2,-0.014283158136979654,0.09148549788463156,0.22219670794775506,-0.0003626397293075203,0.0023922857040105192,-0.0002091444262772884,0,0,0,0,0,0,0,0,0,0,0,0,0,0,0
1763688376.6696885,4,1,2,-0.03988818901630622,0.07773810917786678,0.25756226718467146,-0.0004826643159221897,0.0022534841026318384,-0.0008993576941453677,43.67995605468741,-19.199987792968727,9.292871093749909,37.44002685546877,23.040002441406273,43.36625976562482,14.879907226562409,67.67995605468741,97.574462890625,-39.83994140625009,-33.59995117187509,-52.65921630859384,-17.279992675781273,32.639965820312455,17.036865234375
1763688376.8695495,4,1,2,-0.03007307600961848,0.061347359938800236,0.22094091309687974,-0.0009531560724018561,0.0025281414521197776,-0.0004439553509223707,43.67995605468741,-26.399999999999977,5.420800781249909,42.24001464843752,20.640008544921898,39.49443359374982,14.879907226562409,67.67995605468741,97.574462890625,-44.63999023437509,-28.80014648437509,-52.65921630859384,-17.279992675781273,35.039990234374955,9.292724609375
1763688377.2896366,4,1,2,-0.013960553213803066,0.1124357796003924,0.25740003577752324,-0.00019089562086447177,0.002025381665732926,-0.0007450176397350964,41.27993164062491,-21.600012207031227,1.548730468749909,37.44002685546877,18.239984130859398,31.750292968749818,17.27993164062491,62.88002929687491,101.446533203125,-39.83994140625009,-28.80014648437509,-52.65921630859384,-17.279992675781273,35.039990234374955,13.164794921875
1763688377.4649115,4,1,2,-0.005393023937301143,0.10777429448118368,0.25636973435983784,-0.00021423775883682816,0.0019440917376346897,-0.00019786820015463866,38.88002929687491,-26.399999999999977,1.548730468749909,39.84002075195315,18.239984130859398,35.62236328124982,12.480004882812409,65.28005371093741,101.446533203125,-39.83994140625009,-28.80014648437509,-44.91519775390634,-17.279992675781273,35.039990234374955,9.292724609375
1763688377.5730793,4,1,2,0.009647308201281957,0.11994213475176081,0.22536330461015053,0.00037690706060469216,0.0013559578716419505,-0.0005985528761527175,0,0,0,0,0,0,0,0,0,0,0,0,0,0,0
1763688377.6636717,4,1,2,-0.01555145441860327,0.1308612255289143,0.27597179916502146,0.0002892895177111414,0.002424186944510171,-0.001050535060264908,36.48000488281241,-19.199987792968727,1.548730468749909,35.04000244140627,18.239984130859398,31.750292968749818,17.27993164062491,62.88002929687491,93.702392578125,-37.44003906250009,-24.00009765625009,-41.04318847656259,-17.279992675781273,30.239941406249955,9.292724609375
1763688377.6946642,4,1,2,-0.024328587661501533,0.13385029830845685,0.2750593673364877,0.00032148696465995213,0.0030521547682549038,-0.00042533893420523654,38.88002929687491,-26.399999999999977,9.292871093749909,37.44002685546877,18.239984130859398,35.62236328124982,12.480004882812409,65.28005371093741,97.574462890625,-39.83994140625009,-24.00009765625009,-44.91519775390634,-22.080010986328148,32.639965820312455,9.292724609375
1763688377.7883382,4,1,2,-0.02204893783610061,0.09649718400353108,0.20559748172575107,-0.0005029954787996332,0.0023649271482770896,-0.0005288199766798758,36.48000488281241,-21.600012207031227,9.292871093749909,37.44002685546877,18.239984130859398,39.49443359374982,10.079980468749909,67.67995605468741,93.702392578125,-35.04013671875009,-28.80014648437509,-48.78720703125009,-19.679986572265648,32.639965820312455,9.292724609375
1763688378.7699935,4,1,2,-0.007252338885202131,0.09650608061361217,0.22395153748583682,2.7462639630598286e-06,0.0023448472813673046,-0.0007546851973098208,41.27993164062491,-19.199987792968727,1.548730468749909,37.44002685546877,20.640008544921898,35.62236328124982,10.079980468749909,58.07998046874991,93.702392578125,-35.04013671875009,-28.80014648437509,-48.78720703125009,-17.279992675781273,30.239941406249955,5.4208984375
1763688379.3799517,4,1,2,0.03981591006112632,0.1024546415992002,0.2869015997000165,-0.000750987611028444,0.0014623077009522593,-0.0005801040538681167,36.48000488281241,-19.199987792968727,1.548730468749909,32.6400085449219,15.839990234375023,35.62236328124982,17.27993164062491,65.28005371093741,93.702392578125,-32.63999023437509,-26.40000000000009,-52.65921630859384,-17.279992675781273,32.639965820312455,1.548828125
1763688380.3745892,4,1,2,0.1437336395464327,0.15733059264977325,-0.28431009559388726,0.003454351338261296,-0.004402669422689787,-0.0005379159313173387,70.07998046874991,-7.199987792968727,32.52480468749991,61.44002685546877,25.439996337890648,101.44633789062482,14.879907226562409,106.07998046874991,144.038330078125,-51.83994140625009,-72.00009765625009,-48.78720703125009,-7.679986572265648,54.239941406249955,44.140869140625
1763688380.5109606,4,1,2,0.18157118965546087,0.2686863298594344,-0.3934551978786718,0.005686821307681272,-0.006221427545319781,-0.000812089905610461,74.88002929687491,2.4414062522737368e-05,28.65273437499991,68.6400085449219,27.839990234375023,124.67827148437482,14.879907226562409,115.67995605468741,151.782470703125,-49.44003906250009,-84.00009765625009,-60.40317382812509,-7.679986572265648,56.639965820312455,40.268798828125
1763688380.6031175,4,1,2,0.1460212231741915,0.21378027273061076,-0.5809397152742835,0.00517439038304814,-0.004443116191643736,-0.00032861337160645097,77.27993164062491,9.600000000000023,36.39687499999991,73.44002685546877,37.43999633789065,144.03813476562482,14.879907226562409,120.48000488281241,155.654541015625,-54.24008789062509,-96.00009765625009,-60.40317382812509,-0.48000488281252274,59.039990234374955,51.884765625
1763688380.6821535,4,1,2,0.06943648834433153,0.23057788504280108,-0.6870551695951671,0.007116574379247123,-0.004981100060339664,-0.0005155732888016234,0,0,0,0,0,0,0,0,0,0,0,0,0,0,0
1763688380.791801,4,1,2,0.14885663586422956,0.27872268872640676,-0.9169773916134263,0.00898762296399399,-0.007265756886533434,-0.00028197080222882204,91.67995605468741,26.399987792968773,48.01284179687491,99.84002075195315,51.83999023437502,190.50249023437482,2.879907226562409,142.0799804687499,163.3984375,-68.63999023437509,-122.40000000000009,-68.14719238281259,21.120001220703102,68.63996582031245,67.372802734375
1763688380.8717215,4,1,2,0.02497372302054994,0.40871236891055845,-1.0643475005350602,0.010447324259270363,-0.001450765241445505,0.00013140161031318515,84.48000488281241,36.00002441406252,48.01284179687491,92.6400085449219,54.2399841308594,209.86235351562482,0.48000488281240905,125.28005371093741,163.3984375,-66.24008789062509,-134.4000000000001,-64.27518310546884,18.720007324218727,80.63996582031245,63.500732421875
1763688380.978935,4,1,2,0.3474401114195353,0.1874598239826739,-1.297267834586245,0.007662023893665892,-0.009670990233001392,-0.0008081173354537328,94.07998046874991,48.00002441406252,51.88491210937491,114.24001464843752,75.83999023437502,240.83842773437482,-6.720068359375091,137.2800537109374,167.2705078125,-75.83994140625009,-144.0000976562501,-79.76322021484384,37.92001953124998,83.03999023437495,71.244873046875
1763688381.074339,4,1,2,0.4549865386535591,-0.07370728656350364,-1.6712495678525177,0.005054934438210515,-0.003335092351861319,-0.0003038736471138279,125.27993164062491,57.60000000000002,59.62880859374991,140.6400085449219,78.2399841308594,267.9424316406248,-1.920019531250091,170.8800292968749,182.758544921875,-78.24008789062509,-158.4000000000001,-99.12320556640634,42.72000732421873,90.23994140624995,98.348876953125
1763688381.1780078,4,1,2,0.2433355723685537,-0.17239512771816262,-1.8694547465760145,0.00884917298296258,-0.00014888364184334393,0.00027789950023409727,122.88002929687491,69.60000000000002,63.50087890624991,138.24001464843752,87.83999023437502,283.4302246093748,-9.120092773437591,156.4800048828124,171.142333984375,-83.04013671875009,-170.4000000000001,-99.12320556640634,52.32001342773435,92.63996582031245,82.86083984375
1763688381.7731433,4,1,2,-0.09873189747806593,0.27474202295980643,-3.1849993860411305,0.005932851992467924,0.007006314513174453,-0.00039698977328712936,175.6799560546874,115.19997558593752,75.11684570312491,217.43999633789065,155.04000244140627,418.9502441406248,-21.12009277343759,199.6800781249999,194.37451171875,-116.63999023437509,-213.5999511718751,-149.4592041015626,97.92001953124998,111.84003906249995,117.708740234375
1763688381.9830894,4,1,2,-0.02275816825338109,0.2815311596907789,-3.99587307582925,0.005776961867778331,0.006245652075979206,0.00017149408035801908,209.2799316406249,139.19997558593752,75.11684570312491,255.84002075195315,188.6400085449219,480.9023925781248,-28.32004394531259,221.2799316406249,198.246337890625,-138.2400878906251,-232.8001464843751,-184.3072265625001,121.92001953124998,121.44001464843745,137.06884765625
1763688382.0668519,4,1,2,-0.003668097411820004,0.2873072608234295,-3.998786786286676,0.005306457257362215,0.006920023934730788,-0.00022297547790228224,214.0799804687499,151.19997558593752,78.98891601562491,275.0400329589844,210.24001464843752,504.1343261718748,-30.72006835937509,226.0799804687499,194.37451171875,-143.0401367187501,-240.0000976562501,-203.6672119140626,131.5200256347656,121.44001464843745,133.19677734375
1763688382.1765823,4,1,2,-0.14229863069128132,0.22021662023319344,-4.3600250460229155,0.0025906212519827936,0.010846101673914452,3.454818356849842e-05,228.4800048828124,165.60000000000002,75.11684570312491,299.0400329589844,222.24001464843752,546.7261230468748,-30.72006835937509,235.6800781249999,194.37451171875,-155.0401367187501,-249.5999511718751,-211.4112304687501,141.1200012207031,128.63996582031245,140.94091796875
1763688382.578578,4,1,2,-0.036676133806715826,0.17028087953171295,-5.7038455912160595,-0.001037466277962109,0.00851555279535399,-6.713970312428348e-05,290.8800292968749,213.60000000000002,78.98891601562491,399.84002075195315,289.43999633789065,682.2461425781248,-37.92001953125009,281.2799316406249,221.478515625,-193.4400390625001,-283.2000488281251,-269.4911865234376,196.32001342773435,147.84003906249995,175.788818359375
1763688382.6729333,4,1,2,-0.13696593077514896,0.09094551614446764,-6.090737212783843,-0.005058272794067117,0.014807479429939562,-5.7637001653095227e-05,312.4800048828124,230.40004882812502,86.73281249999991,426.24004516601565,303.84002075195315,724.8384277343748,-40.32004394531259,288.4801269531249,217.6064453125,-200.6399902343751,-290.4000000000001,-292.72318115234384,205.91998901367185,150.23994140624995,187.40478515625
1763688382.875268,4,1,2,-0.07468977389628034,0.09060817153161414,-6.857222977281276,-0.003721746486283567,0.010175350904201505,0.00022033844953452998,346.0799804687499,259.1999755859375,94.47695312499991,481.4400573730469,339.84002075195315,813.8945800781248,-47.51999511718759,310.0799804687499,229.222412109375,-219.8399414062501,-304.8001464843751,-319.82718505859384,246.72003784179685,157.44001464843745,206.764892578125
1763688382.969898,4,1,2,-0.17632531732974602,0.04113786281044417,-7.406674908676516,-0.0070318025818733275,0.014130782680059814,-0.00014098652301829042,367.6799560546874,273.6,94.47695312499991,522.2400451660156,349.43999633789065,852.6143066406248,-49.92001953125009,319.6800781249999,221.478515625,-224.6399902343751,-319.2000488281251,-331.4432128906251,253.91998901367185,164.63996582031245,218.380859375
1763688382.9974816,4,1,2,-0.15773509836104294,0.012881322291858746,-7.476488951954256,-0.007606104211057906,0.01358149937005854,6.837077174416195e-05,365.2799316406249,276.0000244140625,90.60488281249991,522.2400451660156,356.6400085449219,860.3584472656248,-49.92001953125009,322.0799804687499,229.222412109375,-231.8399414062501,-316.8001464843751,-339.18717041015634,261.1200012207031,164.63996582031245,214.5087890625
1763688383.1068318,4,1,2,-0.08368208193224268,0.02602546624754535,-7.7675977476889955,-0.008747483069642945,0.011865751170919436,-0.00043345747510449534,394.0799804687499,295.1999755859375,102.22084960937491,567.8400207519531,385.43999633789065,922.3101074218748,-59.51999511718759,338.8800292968749,225.350341796875,-241.4400390625001,-324.0000976562501,-362.41922607421884,282.72003784179685,171.84003906249995,226.124755859375
1763688383.2679703,4,1,2,-0.1054385266365684,-0.0495631133039353,-8.738952261173594,-0.012650779520103454,0.010759105907457999,0.00022538028085796233,422.8800292968749,326.400048828125,98.34877929687491,639.8400207519531,409.43999633789065,1003.6221191406248,-52.32004394531259,358.0799804687499,236.966552734375,-260.6399902343751,-333.5999511718751,-389.52322998046884,313.91998901367185,176.63996582031245,245.48486328125
1763688383.3107393,4,1,2,-0.09843299015762037,-0.05536648413069938,-8.653498602156635,-0.012351619366327133,0.010910657475868765,-0.0003677377416166375,434.8800292968749,336.0000244140625,102.22084960937491,656.6400085449219,428.6400085449219,1026.8545410156248,-57.12009277343759,360.4801269531249,236.966552734375,-265.4400390625001,-336.0000976562501,-401.13919677734384,318.72003784179685,176.63996582031245,253.228759765625
1763688383.4681,4,1,2,-0.13853591376500932,-0.1502277622094526,-9.415499236922688,-0.01823956743194666,0.012867350009932896,-0.00026577196077625926,473.2800537109374,367.1999755859375,109.96474609374991,723.8400207519531,452.6400085449219,1115.9102050781248,-61.92001953125009,384.4801269531249,236.966552734375,-287.0401367187501,-343.2000488281251,-432.1152099609376,354.72003784179685,188.63996582031245,280.332763671875
1763688383.5124815,4,1,2,-0.12740884510256634,-0.14770444876905725,-9.621259583870685,-0.01894660400121644,0.013292491657707786,4.835905228323606e-05,0,0,0,0,0,0,0,0,0,0,0,0,0,0,0
1763688383.621277,4,1,2,-0.046261322351880005,-0.16731479334327365,-9.862583892272525,-0.01611471193111298,0.00980826667134106,5.3220763843834465e-05,504.4800048828124,393.6,113.83681640624991,783.8400207519531,486.2399841308594,1193.3501464843748,-71.51999511718759,396.4801269531249,236.966552734375,-303.8399414062501,-352.8001464843751,-463.09122314453134,383.5200256347656,186.23994140624995,295.82080078125
1763688383.7645206,4,1,2,0.04677885454282543,-0.13018050572293347,-10.53852047038969,-0.017293316865084972,0.004593184719367328,0.00019259407469711962,518.8800292968749,405.6,113.83681640624991,817.4399963378906,486.2399841308594,1224.3262207031248,-69.12009277343759,406.0799804687499,240.83837890625,-311.0401367187501,-355.2000488281251,-459.2192138671876,400.32001342773435,195.84003906249995,307.436767578125
1763688383.8727708,4,1,2,0.05018109312523089,-0.15810698727797584,-10.195825198968144,-0.016068537221106655,0.0031358123190832494,-6.843442051927904e-05,526.0799804687499,408.0000244140625,121.58095703124991,817.4399963378906,481.43999633789065,1243.6865722656248,-71.51999511718759,418.0799804687499,252.454345703125,-311.0401367187501,-357.5999511718751,-466.96317138671884,397.9200500488281,195.84003906249995,315.180908203125
1763688383.9007902,4,1,2,0.0785696805156697,-0.14294235313939213,-10.096832500598783,-0.016415487458925637,0.0026158706085028655,-0.00027073825210585233,526.0799804687499,408.0000244140625,121.58095703124991,817.4399963378906,481.43999633789065,1232.0703613281248,-73.92001953125009,415.6800781249999,244.71044921875,-311.0401367187501,-355.2000488281251,-459.2192138671876,397.9200500488281,193.44001464843745,311.308837890625
1763688384.0752132,4,1,2,0.08443118560162752,-0.12370612481647802,-9.72216395652196,-0.015294552742523594,0.0015916121480623064,-0.0001339509506912861,523.6799560546874,400.8000732421875,121.58095703124991,822.2400451660156,476.6400085449219,1228.1982910156248,-66.72006835937509,415.6800781249999,244.71044921875,-306.2400878906251,-355.2000488281251,-463.09122314453134,397.9200500488281,193.44001464843745,315.180908203125
1763688384.265094,4,1,2,0.1197736614039018,-0.08902350405113651,-9.55284130196782,-0.014941006954935318,-6.055013952644198e-06,-7.551645910890592e-05,526.0799804687499,405.6,125.45278320312491,819.8400207519531,479.0400329589844,1235.9424316406248,-71.51999511718759,418.0799804687499,244.71044921875,-308.6399902343751,-355.2000488281251,-463.09122314453134,400.32001342773435,193.44001464843745,311.308837890625
1763688384.2952092,4,1,2,0.12698181463609143,-0.11136402287209582,-9.501004137244035,-0.014772435139461765,-0.0006120573236568505,-0.0003672013749843546,523.6799560546874,403.1999755859375,125.45278320312491,817.4399963378906,476.6400085449219,1235.9424316406248,-69.12009277343759,415.6800781249999,244.71044921875,-311.0401367187501,-352.8001464843751,-455.34720458984384,395.5200256347656,188.63996582031245,311.308837890625
1763688384.4696853,4,1,2,0.11613027775333758,-0.08539302787254682,-9.616015327802188,-0.014086303366744546,-0.0006235366507273965,-9.478395146202579e-05,523.6799560546874,405.6,121.58095703124991,824.6400695800781,476.6400085449219,1232.0703613281248,-66.72006835937509,415.6800781249999,248.58251953125,-311.0401367187501,-355.2000488281251,-466.96317138671884,400.32001342773435,193.44001464843745,307.436767578125
1763688384.5643125,4,1,2,0.17707813470357825,-0.13036717170851678,-9.333429229234124,-0.014532122068677763,-0.0012021159251523715,-0.00046138853980183026,521.2800537109374,405.6,125.45278320312491,827.0400939941406,479.0400329589844,1235.9424316406248,-64.32004394531259,413.2799316406249,248.58251953125,-308.6399902343751,-357.5999511718751,-459.2192138671876,400.32001342773435,193.44001464843745,315.180908203125
1763688384.7659523,4,1,2,0.14787959695851588,-0.08469767246599234,-9.294261833380869,-0.013314066252272907,-0.0010292788077989265,-0.0004458895462554044,526.0799804687499,405.6,125.45278320312491,822.2400451660156,476.6400085449219,1239.8145019531248,-71.51999511718759,413.2799316406249,244.71044921875,-311.0401367187501,-357.5999511718751,-463.09122314453134,393.1200012207031,191.03999023437495,319.052734375
1763688384.8743503,4,1,2,0.14697735805649406,-0.07078787167016178,-9.20754637280802,-0.012828339751398719,-0.0019440057733527642,-0.0003360290124664392,528.4800048828124,398.400048828125,117.70888671874991,824.6400695800781,483.84002075195315,1235.9424316406248,-69.12009277343759,420.4801269531249,244.71044921875,-313.4400390625001,-355.2000488281251,-463.09122314453134,397.9200500488281,191.03999023437495,315.180908203125
1763688384.9673357,4,1,2,0.1467982998638282,-0.05401332159584911,-9.174440685309161,-0.012684669981429475,-0.0011933634791019953,-0.00016851744966135478,526.0799804687499,408.0000244140625,129.3248535156249,822.2400451660156,476.6400085449219,1239.8145019531248,-66.72006835937509,413.2799316406249,248.58251953125,-313.4400390625001,-357.5999511718751,-459.2192138671876,395.5200256347656,191.03999023437495,322.9248046875
1763688385.0767462,4,1,2,0.1822770793062664,-0.08979991700292025,-9.058325523076004,-0.013093768433504457,-0.0025139845253296603,-0.00020435095827233437,523.6799560546874,408.0000244140625,125.45278320312491,827.0400939941406,471.84002075195315,1239.8145019531248,-66.72006835937509,418.0799804687499,248.58251953125,-313.4400390625001,-355.2000488281251,-463.09122314453134,402.72003784179685,193.44001464843745,315.180908203125
1763688385.1202776,4,1,2,0.15147383649228763,-0.11069539035071393,-9.195461740825547,-0.014156059330636392,-0.0021810633202674484,-0.0004122673667201705,523.6799560546874,405.6,125.45278320312491,824.6400695800781,471.84002075195315,1247.5581542968748,-66.72006835937509,415.6800781249999,244.71044921875,-313.4400390625001,-355.2000488281251,-459.2192138671876,400.32001342773435,191.03999023437495,311.308837890625
1763688385.2284358,4,1,2,0.14810982688315796,-0.0962597001118465,-9.191469322506801,-0.013177862546828206,-0.00298891510398302,0.00013927902858762269,528.4800048828124,405.6,129.3248535156249,819.8400207519531,469.43999633789065,1239.8145019531248,-69.12009277343759,418.0799804687499,244.71044921875,-315.8399414062501,-355.2000488281251,-463.09122314453134,393.1200012207031,193.44001464843745,315.180908203125
1763688385.3711548,4,1,2,0.1705500980736099,-0.05093542901312438,-9.002489932423604,-0.011911852545539142,-0.0032401208438633186,-2.638850594185744e-05,528.4800048828124,405.6,125.45278320312491,824.6400695800781,469.43999633789065,1235.9424316406248,-66.72006835937509,418.0799804687499,244.71044921875,-313.4400390625001,-352.8001464843751,-463.09122314453134,400.32001342773435,191.03999023437495,326.796875
1763688385.4640014,4,1,2,0.1678534386578735,-0.06963743775373477,-8.957855741000442,-0.01340462703951624,-0.002667650312377619,-0.0002497297835702683,528.4800048828124,405.6,125.45278320312491,829.4399963378906,474.2399841308594,1239.8145019531248,-69.12009277343759,418.0799804687499,248.58251953125,-313.4400390625001,-357.5999511718751,-459.2192138671876,397.9200500488281,195.84003906249995,319.052734375
1763688385.5228243,4,1,2,0.1654824057550741,-0.08762925179675646,-9.00659461937712,-0.013058627873429839,-0.002925087546551141,-0.0001859088023497971,526.0799804687499,405.6,125.45278320312491,824.6400695800781,469.43999633789065,1235.9424316406248,-64.32004394531259,418.0799804687499,252.454345703125,-313.4400390625001,-352.8001464843751,-455.34720458984384,397.9200500488281,195.84003906249995,319.052734375
1763688385.6648908,4,1,2,0.15785396510662733,-0.10836172566662489,-8.925215840345583,-0.013557558319752042,-0.001540378073947699,-0.0003913945276968181,530.8800292968749,403.1999755859375,133.1969238281249,827.0400939941406,476.6400085449219,1239.8145019531248,-71.51999511718759,415.6800781249999,248.58251953125,-315.8399414062501,-352.8001464843751,-466.96317138671884,402.72003784179685,195.84003906249995,326.796875
1763688385.7081866,4,1,2,0.15906086077978066,-0.10064235898301752,-9.028463685014353,-0.013853565790555647,-0.001015011235736156,0.00011713608189185798,528.4800048828124,405.6,125.45278320312491,827.0400939941406,476.6400085449219,1247.5581542968748,-71.51999511718759,418.0799804687499,244.71044921875,-311.0401367187501,-355.2000488281251,-463.09122314453134,402.72003784179685,195.84003906249995,315.180908203125
1763688385.786736,4,1,2,0.17865087071314514,-0.10127707798778512,-8.94609173528033,-0.014349140465925728,-0.0012661073150121768,-0.0005593508329338986,533.2800537109374,412.8000732421875,121.58095703124991,831.8400207519531,479.0400329589844,1243.6865722656248,-71.51999511718759,418.0799804687499,244.71044921875,-313.4400390625001,-355.2000488281251,-466.96317138671884,400.32001342773435,193.44001464843745,322.9248046875
1763688385.8796718,4,1,2,0.1174970351983271,-0.08836663114191949,-9.079009542667215,-0.014118375126672703,-0.00010782395554651165,9.727201534963674e-05,526.0799804687499,410.400048828125,125.45278320312491,834.2400451660156,479.0400329589844,1251.4302246093748,-73.92001953125009,415.6800781249999,244.71044921875,-311.0401367187501,-355.2000488281251,-459.2192138671876,405.1200012207031,188.63996582031245,326.796875
1763688385.9756901,4,1,2,0.12724332673579755,-0.054753102259296096,-8.910635292299451,-0.013967307176644184,-7.956235015122749e-05,-0.00015765085831370446,530.8800292968749,405.6,121.58095703124991,834.2400451660156,481.43999633789065,1251.4302246093748,-73.92001953125009,415.6800781249999,244.71044921875,-315.8399414062501,-352.8001464843751,-466.96317138671884,405.1200012207031,193.44001464843745,315.180908203125
1763688386.066591,4,1,2,0.10761552296275126,-0.11149592704737074,-8.942945368093174,-0.013930100593048556,-0.0003729911864498621,7.054498217450391e-05,530.8800292968749,410.400048828125,121.58095703124991,829.4399963378906,474.2399841308594,1235.9424316406248,-69.12009277343759,422.8800292968749,248.58251953125,-311.0401367187501,-355.2000488281251,-463.09122314453134,405.1200012207031,193.44001464843745,322.9248046875
1763688386.1776826,4,1,2,0.23110674137842033,-0.057444482732836845,-8.732420152532894,-0.011688057234927565,-0.0058764466702602,-0.00016382679984930544,528.4800048828124,408.0000244140625,129.3248535156249,819.8400207519531,464.6400085449219,1239.8145019531248,-71.51999511718759,422.8800292968749,256.326416015625,-308.6399902343751,-360.0000976562501,-455.34720458984384,397.9200500488281,191.03999023437495,319.052734375
1763688386.273266,4,1,2,0.2586392557007479,-0.011037324596389238,-8.656927261115413,-0.009594647615781424,-0.0073886463824569485,-0.0002886382669191848,526.0799804687499,403.1999755859375,133.1969238281249,812.6400695800781,459.84002075195315,1224.3262207031248,-66.72006835937509,415.6800781249999,256.326416015625,-308.6399902343751,-355.2000488281251,-455.34720458984384,395.5200256347656,193.44001464843745,326.796875
1763688386.4763038,4,1,2,0.27009152175379636,0.003590305745111072,-8.17868796534977,-0.007816545542981359,-0.008432120653909227,-0.0005025214544785374,504.4800048828124,393.6,133.1969238281249,776.6400695800781,440.6400085449219,1177.8623535156248,-69.12009277343759,413.2799316406249,252.454345703125,-296.6399902343751,-348.0000976562501,-435.98721923828134,378.72003784179685,188.63996582031245,311.308837890625
1763688386.5672424,4,1,2,0.23848437354858992,-0.000391643230924079,-7.970580187648888,-0.0064530377577837784,-0.008111187878454475,-0.0005779927553654131,490.0799804687499,376.8000732421875,129.3248535156249,752.6400695800781,423.84002075195315,1146.8862792968748,-64.32004394531259,403.6800781249999,252.454345703125,-294.2400878906251,-350.4000000000001,-416.6271728515626,366.72003784179685,186.23994140624995,307.436767578125
1763688386.6773305,4,1,2,0.3800654383222693,0.18218248194978476,-6.747021062291655,0.001361382226522153,-0.015371875201673955,-0.00043791995089454685,473.2800537109374,360.0000244140625,121.58095703124991,723.8400207519531,399.84002075195315,1112.0381347656248,-57.12009277343759,396.4801269531249,256.326416015625,-279.8399414062501,-338.4000000000001,-401.13919677734384,347.5200256347656,181.44001464843745,295.82080078125
1763688386.7697656,4,1,2,0.4133022323485171,0.1879808925509503,-6.82944751545373,0.0017379605606063706,-0.016972808116432328,-0.0004667645999376284,456.4800048828124,348.0000244140625,125.45278320312491,687.8400207519531,387.84002075195315,1057.8301269531248,-57.12009277343759,379.6800781249999,252.454345703125,-277.4400390625001,-338.4000000000001,-393.39517822265634,335.5200256347656,179.03999023437495,280.332763671875
1763688386.8791442,4,1,2,0.2419484427508475,0.11155644411963946,-6.388179800202236,-0.001372660929341754,-0.008459297395924846,-0.0005477362287117043,427.6799560546874,328.8000732421875,125.45278320312491,642.2400451660156,356.6400085449219,999.7505371093748,-49.92001953125009,372.4801269531249,240.83837890625,-265.4400390625001,-328.8001464843751,-366.29117431640634,311.5200256347656,176.63996582031245,276.460693359375
1763688386.9714496,4,1,2,0.3550496653673998,0.21049628187447564,-5.812243301089392,0.003866026992813597,-0.014632927287495767,-0.0007988805235917332,406.0799804687499,300.0000244140625,113.83681640624991,596.6400085449219,342.2399841308594,941.6704589843748,-49.92001953125009,355.6800781249999,244.71044921875,-251.0401367187501,-316.8001464843751,-343.0591796875001,287.5200256347656,167.03999023437495,260.972900390625
1763688387.014461,4,1,2,0.384980226275077,0.22360185734473026,-5.597288486446768,0.0031989372236221197,-0.014783766144331764,-0.0009609054061452587,401.2799316406249,297.6,125.45278320312491,582.2400451660156,330.2399841308594,914.5664550781248,-47.51999511718759,355.6800781249999,240.83837890625,-251.0401367187501,-314.4000000000001,-335.31522216796884,282.72003784179685,162.23994140624995,257.100830078125
1763688387.1081934,4,1,2,0.2781549304452476,0.22532012197662024,-5.087377121558594,0.004158398398545857,-0.011820179021128148,-0.0011643834087124182,374.8800292968749,280.8000732421875,109.96474609374991,536.6400085449219,303.84002075195315,852.6143066406248,-45.12009277343759,338.8800292968749,244.71044921875,-234.2400878906251,-302.4000000000001,-304.3392089843751,261.1200012207031,162.23994140624995,249.356689453125
1763688387.2642257,4,1,2,0.16802680771837597,0.3369578871592867,-4.0196406754158645,0.010885093472287544,-0.007951048734471292,-0.0007619198607778602,326.8800292968749,235.19997558593752,106.09291992187491,455.0400329589844,258.2399841308594,755.8145019531248,-33.12009277343759,312.4801269531249,225.350341796875,-205.4400390625001,-278.4000000000001,-273.36319580078134,225.1200012207031,147.84003906249995,210.63671875
1763688387.3071964,4,1,2,0.16188756989107655,0.3352061165692213,-4.006994312054116,0.010192156910098381,-0.006412412217523558,-0.0006035376016822211,312.4800048828124,225.60000000000002,106.09291992187491,433.4400573730469,255.84002075195315,713.2222167968748,-33.12009277343759,295.6800781249999,225.350341796875,-195.8399414062501,-273.5999511718751,-261.74722900390634,210.72003784179685,145.44001464843745,206.764892578125
1763688387.4019012,4,1,2,0.21697810329534528,0.35909542438176195,-3.331459786674644,0.010462249688370888,-0.0106450574225549,-0.0007552952943049622,288.4800048828124,208.80007324218752,98.34877929687491,397.43999633789065,227.04000244140627,662.8862792968748,-30.72006835937509,286.0799804687499,221.478515625,-181.4400390625001,-261.5999511718751,-238.51517333984384,189.1200012207031,140.63996582031245,187.40478515625
1763688387.4947307,4,1,2,0.15767573862574324,0.29136608343059,-2.973899512963756,0.0076196932641897745,-0.0063808878514866885,-0.00078913397031786,259.6799560546874,182.40004882812502,94.47695312499991,356.6400085449219,200.6400085449219,593.1904785156248,-28.32004394531259,264.4801269531249,217.6064453125,-164.6399902343751,-244.8001464843751,-215.2831787109376,165.1200012207031,128.63996582031245,183.53271484375
1763688387.5871506,4,1,2,0.306306010248155,0.31818888302612197,-2.3776383259821645,0.009918910130019446,-0.011579061536192575,-0.0011958688217786127,242.8800292968749,165.60000000000002,90.60488281249991,320.6400085449219,179.04000244140627,546.7261230468748,-23.51999511718759,250.0799804687499,213.734375,-152.6399902343751,-235.2000488281251,-188.1791748046876,150.72003784179685,123.84003906249995,164.1728515625
1763688387.695676,4,1,2,0.23689314465740957,0.339700887391126,-2.1381202331010254,0.010507134580522486,-0.011332880904737445,-0.0004837388104607554,218.8800292968749,141.60000000000002,86.73281249999991,289.43999633789065,155.04000244140627,496.3901855468748,-18.72006835937509,235.6800781249999,217.6064453125,-135.8399414062501,-218.4000000000001,-164.94718017578134,121.92001953124998,119.03999023437495,152.556884765625
1763688387.777627,4,1,2,0.2643651301833486,0.3507913444497145,-1.6098509959733627,0.012423851490314487,-0.011656533802418116,-0.0011478535524456575,202.0799804687499,129.60000000000002,90.60488281249991,265.43999633789065,133.43999633789065,457.6704589843748,-13.920019531250091,233.2799316406249,209.862548828125,-128.6399902343751,-206.4000000000001,-149.4592041015626,114.72000732421873,111.84003906249995,144.812744140625
1763688387.964855,4,1,2,0.1938068143844847,0.3480987219504473,-1.2477912404973917,0.010785337911345437,-0.007290888190854047,-0.0010240900490474003,180.4800048828124,105.60000000000002,78.98891601562491,229.43999633789065,116.6400085449219,403.4624511718748,-16.32004394531259,206.8800292968749,194.37451171875,-114.24008789062509,-189.5999511718751,-137.84317626953134,95.51999511718748,107.03999023437495,137.06884765625
1763688388.1685765,4,1,2,0.19390985124508067,0.3537077964176812,-0.9291519539492141,0.010921696322879097,-0.006320547395533798,-0.0008317664594830298,149.2799316406249,84.00002441406252,75.11684570312491,191.0400329589844,92.6400085449219,345.3823730468748,-4.320043945312591,182.8800292968749,205.990478515625,-97.44003906250009,-170.4000000000001,-106.86722412109384,69.1200012207031,99.84003906249995,113.8369140625
1763688388.3714418,4,1,2,0.1565210180418174,0.39841803664919406,-0.7409295958993162,0.012004518608833531,-0.004664294175019828,-0.00037224458945006074,137.2799316406249,69.60000000000002,67.37294921874991,169.43999633789065,78.2399841308594,310.5342285156248,0.48000488281240905,170.8800292968749,194.37451171875,-92.63999023437509,-156.0000976562501,-102.99521484375009,54.72000732421873,92.63996582031245,102.220703125
1763688388.7756782,4,1,2,0.23727957680045922,0.3464005391755539,-0.35241751952930334,0.01159468488782731,-0.011019548725110748,-0.0004670796653663065,106.07998046874991,36.00002441406252,59.62880859374991,131.04000244140627,42.2399841308594,217.60649414062482,10.079980468749909,154.0799804687499,190.50244140625,-75.83994140625009,-124.80014648437509,-72.01920166015634,28.320013427734352,83.03999023437495,75.11669921875
1763688390.0303218,4,1,2,-0.019819643750830326,0.13591797462210542,0.2135407366808167,0.0013317617523694507,0.0015307452282295702,-0.0008343534655476654,67.67995605468741,-2.3999999999999773,28.65273437499991,75.84002075195315,32.6400085449219,97.57426757812482,7.679956054687409,94.07998046874991,136.29443359375,-61.44003906250009,-52.80014648437509,-64.27518310546884,-5.279992675781273,42.239941406249955,36.396728515625
1763688390.1746078,4,1,2,-0.01876289739627926,0.14084455951910552,0.21131077357629752,0.0010217411579400532,0.002640790602486459,-0.0009930613363234614,67.67995605468741,-4.799963378906227,20.90883789062491,75.84002075195315,32.6400085449219,97.57426757812482,7.679956054687409,94.07998046874991,124.678466796875,-61.44003906250009,-45.59995117187509,-64.27518310546884,-2.8799987792968977,42.239941406249955,36.396728515625
1763688390.2375798,4,1,2,0.007149207785169344,0.1559602588125676,0.2604868472445008,0.001182212294302461,0.002412249517324524,-0.0002726751226477723,62.88002929687491,-11.999975585937477,24.78090820312491,73.44002685546877,32.6400085449219,93.70219726562482,12.480004882812409,96.48000488281241,120.806396484375,-59.04013671875009,-48.00009765625009,-60.40317382812509,-7.679986572265648,47.039990234374955,36.396728515625
1763688390.3290112,4,1,2,0.06392280483219462,0.12498649147766483,0.3381970887980883,-0.00022563659818659702,0.0018315749815753868,-0.0009524241678485589,65.27993164062491,-11.999975585937477,24.78090820312491,71.04000244140627,30.239984130859398,85.95854492187482,7.679956054687409,96.48000488281241,128.550537109375,-54.24008789062509,-40.80014648437509,-64.27518310546884,-7.679986572265648,44.639965820312455,36.396728515625
1763688390.4222782,4,1,2,-0.06221784587547881,0.2944933271550477,0.21805223257298426,0.002606099195510977,0.003007656852883517,-0.0008405493528811068,65.27993164062491,-9.600012207031227,20.90883789062491,66.24001464843752,25.439996337890648,82.08623046874982,7.679956054687409,94.07998046874991,120.806396484375,-54.24008789062509,-40.80014648437509,-64.27518310546884,-5.279992675781273,39.840039062499955,36.396728515625
1763688390.5658762,4,1,2,-0.05029328534438798,0.08820997346773025,0.3591758307341093,-4.304831091078492e-05,0.003482702971385956,-0.0008617285807827664,60.48000488281241,-11.999975585937477,17.03676757812491,66.24001464843752,25.439996337890648,74.34233398437482,12.480004882812409,84.48000488281241,116.934326171875,-51.83994140625009,-38.40000000000009,-64.27518310546884,-5.279992675781273,42.239941406249955,32.52490234375
1763688390.6739829,4,1,2,-0.03565322119148552,0.06050576560494656,0.2589392679330144,0.00021537512142127935,0.003071331907052227,-0.0006595953859041745,60.48000488281241,-11.999975585937477,17.03676757812491,68.6400085449219,27.839990234375023,78.21440429687482,14.879907226562409,82.07998046874991,120.806396484375,-49.44003906250009,-40.80014648437509,-64.27518310546884,-12.480004882812523,39.840039062499955,28.65283203125
1763688390.7668195,4,1,2,-0.03833361767349992,0.09480489816088684,0.35683709219424975,-0.0006500145240378079,0.002804095289556949,-0.000709648383993669,60.48000488281241,-11.999975585937477,20.90883789062491,63.84002075195315,23.040002441406273,78.21440429687482,10.079980468749909,86.88002929687491,116.934326171875,-51.83994140625009,-38.40000000000009,-60.40317382812509,-12.480004882812523,42.239941406249955,36.396728515625
1763688390.8772175,4,1,2,-0.033168195385893745,0.061927111205138906,0.22385836535547288,-0.00028248171810455326,0.002569493925231114,-0.0006745529151922306,60.48000488281241,-11.999975585937477,20.90883789062491,63.84002075195315,27.839990234375023,70.47026367187482,14.879907226562409,84.48000488281241,116.934326171875,-54.24008789062509,-38.40000000000009,-64.27518310546884,-10.080010986328148,42.239941406249955,32.52490234375
1763688390.9726884,4,1,2,-0.03273625454186564,0.0682799688721198,0.22237136876577726,-0.00040473370555889777,0.0034035792463999338,-0.0005978116978014436,60.48000488281241,-9.600012207031227,9.292871093749909,61.44002685546877,27.839990234375023,70.47026367187482,17.27993164062491,84.48000488281241,109.1904296875,-49.44003906250009,-38.40000000000009,-56.53122558593759,-12.480004882812523,39.840039062499955,24.78076171875
1763688391.0636892,4,1,2,-0.03260936030588273,0.06912551550784327,0.23915743491689972,-0.00038533403127313944,0.0032138635441962896,-0.00035730154878741056,58.07998046874991,-11.999975585937477,17.03676757812491,61.44002685546877,25.439996337890648,78.21440429687482,12.480004882812409,82.07998046874991,105.318359375,-51.83994140625009,-38.40000000000009,-64.27518310546884,-12.480004882812523,35.039990234374955,32.52490234375
1763688391.1752577,4,1,2,-0.04102350413117698,0.07532607235219721,0.22381198218984338,-0.0003510025992157248,0.002917456521552249,-0.0009104726845623971,55.67995605468741,-14.399999999999977,20.90883789062491,59.04000244140627,27.839990234375023,74.34233398437482,12.480004882812409,84.48000488281241,113.0625,-49.44003906250009,-38.40000000000009,-64.27518310546884,-10.080010986328148,37.440014648437455,28.65283203125
1763688391.3789258,4,1,2,-0.04209578145426361,0.06383323537717328,0.2066706744576362,-0.0002827653708706978,0.003394089037047915,-0.0007588116112424526,55.67995605468741,-11.999975585937477,13.164941406249909,63.84002075195315,25.439996337890648,70.47026367187482,10.079980468749909,84.48000488281241,109.1904296875,-49.44003906250009,-36.00009765625009,-60.40317382812509,-10.080010986328148,39.840039062499955,20.90869140625
1763688391.4732087,4,1,2,-0.012178511685728234,0.08866037078022022,0.25405074810363176,-0.0009002276299321516,0.0028476460446747636,-0.0009034160646625344,60.48000488281241,-14.399999999999977,17.03676757812491,59.04000244140627,23.040002441406273,70.47026367187482,12.480004882812409,79.67995605468741,113.0625,-51.83994140625009,-36.00009765625009,-56.53122558593759,-7.679986572265648,37.440014648437455,32.52490234375
1763688391.5655127,4,1,2,-0.05898037421611393,0.1035287510156112,0.20798552633950212,4.50949576550994e-05,0.003532262531252215,-0.000447546552297198,55.67995605468741,-14.399999999999977,13.164941406249909,59.04000244140627,27.839990234375023,70.47026367187482,12.480004882812409,77.28005371093741,113.0625,-51.83994140625009,-33.59995117187509,-64.27518310546884,-12.480004882812523,37.440014648437455,28.65283203125
1763688391.8785367,4,1,2,-0.04853549536862849,0.08202885173827325,0.24078488829066838,-0.0004525590001288563,0.002510666561344964,-0.0007491279369724367,53.27993164062491,-14.399999999999977,13.164941406249909,59.04000244140627,23.040002441406273,66.59843749999982,12.480004882812409,79.67995605468741,105.318359375,-49.44003906250009,-33.59995117187509,-60.40317382812509,-10.080010986328148,37.440014648437455,28.65283203125
1763688392.1766255,4,1,2,-0.048688880845922516,0.08048977998552692,0.2571606424332499,-0.00046354829441512123,0.0028883635124117213,-0.0007431062410724508,58.07998046874991,-14.399999999999977,9.292871093749909,59.04000244140627,27.839990234375023,62.72636718749982,10.079980468749909,79.67995605468741,105.318359375,-47.04013671875009,-36.00009765625009,-60.40317382812509,-14.879998779296898,35.039990234374955,20.90869140625
1763688392.4736152,4,1,2,-0.036728394517566376,0.10609185160633595,0.23839001549414351,-0.0009242658570160589,0.0023947199343926995,-0.0006760680227236583,55.67995605468741,-14.399999999999977,13.164941406249909,56.6400085449219,25.439996337890648,58.85429687499982,10.079980468749909,74.88002929687491,101.446533203125,-47.04013671875009,-33.59995117187509,-60.40317382812509,-12.480004882812523,37.440014648437455,20.90869140625
1763688392.6763597,4,1,2,-0.004024156626757286,0.0959742893155631,0.2898112661611054,-0.0006730440662837357,0.0021396909961310805,-0.0016723141829349314,53.27993164062491,-16.799963378906227,5.420800781249909,59.04000244140627,23.040002441406273,66.59843749999982,14.879907226562409,77.28005371093741,97.574462890625,-42.24008789062509,-31.20004882812509,-60.40317382812509,-5.279992675781273,32.639965820312455,20.90869140625
1763688392.798968,4,1,2,-0.03749398754157965,0.1251049005304739,0.2388214441849112,-0.0005946971800305117,0.0026779651433245814,-0.00028516688098565823,50.88002929687491,-11.999975585937477,9.292871093749909,54.24001464843752,25.439996337890648,54.98247070312482,10.079980468749909,72.48000488281241,97.574462890625,-47.04013671875009,-31.20004882812509,-64.27518310546884,-12.480004882812523,32.639965820312455,20.90869140625
1763688392.8764029,4,1,2,-0.0018520704375269911,0.09511507805366591,0.23549075708218384,-0.0011683638447978247,0.0023673350262648253,-0.000286491621612481,55.67995605468741,-11.999975585937477,5.420800781249909,54.24001464843752,23.040002441406273,54.98247070312482,10.079980468749909,72.48000488281241,97.574462890625,-44.63999023437509,-26.40000000000009,-56.53122558593759,-12.480004882812523,35.039990234374955,20.90869140625
1763688393.381137,4,1,2,-0.027244343066990893,0.03995066741598034,0.20113862039963332,-0.001815419139874277,0.0026847120725855657,-0.0008438084432055629,0,0,0,0,0,0,0,0,0,0,0,0,0,0,0
1763688393.878214,4,1,2,-0.05089272161491909,0.07303245724913907,0.2258957240092902,-2.8406695771750895e-05,0.0024457463497930764,-0.0008299856974836049,50.88002929687491,-9.600012207031227,5.420800781249909,56.6400085449219,25.439996337890648,47.23833007812482,12.480004882812409,67.67995605468741,93.702392578125,-39.83994140625009,-28.80014648437509,-56.53122558593759,-10.080010986328148,30.239941406249955,13.164794921875
1763688394.3648806,4,1,2,-0.020800964140117895,0.05563034458554933,0.23697532557306053,-0.0011710299960270127,0.002546919046618608,-0.000829634196012377,46.07998046874991,-14.399999999999977,5.420800781249909,54.24001464843752,23.040002441406273,43.36625976562482,7.679956054687409,65.28005371093741,89.83056640625,-42.24008789062509,-28.80014648437509,-56.53122558593759,-10.080010986328148,27.840039062499955,20.90869140625
1763688395.6895967,4,1,2,-0.0039411039078851365,0.07378761778746207,-0.2459518136403443,-0.0007768535451564979,-0.0017779059392140897,-0.00029943109935769136,77.27993164062491,4.800012207031273,24.78090820312491,85.44002685546877,37.43999633789065,116.93413085937482,10.079980468749909,110.88002929687491,132.42236328125,-56.63999023437509,-64.80014648437509,-68.14719238281259,4.320013427734352,49.440014648437455,55.7568359375
1763688395.8134527,4,1,2,0.1521198236949294,0.16012363456097387,-0.2507916055397912,-0.00038912782560780154,-0.002569546656970315,-0.0005426256407250707,84.48000488281241,12.000024414062523,28.65273437499991,90.24001464843752,47.04000244140627,136.29448242187482,7.679956054687409,118.07998046874991,136.29443359375,-63.83994140625009,-81.59995117187509,-68.14719238281259,6.720007324218727,49.440014648437455,48.0126953125
1763688395.9094813,4,1,2,0.10239823479691029,0.12492192247142266,-0.39699597954832816,0.0006086038615234651,-0.001573004495050173,-0.0005087231746382894,89.27993164062491,16.800012207031273,32.52480468749991,95.04000244140627,42.2399841308594,147.91020507812482,10.079980468749909,125.28005371093741,147.910400390625,-61.44003906250009,-88.80014648437509,-75.89121093750009,9.120001220703102,54.239941406249955,55.7568359375
1763688396.0652237,4,1,2,0.058171006775142885,0.1781005328927325,-0.8026290916620955,0.0032787524342156255,-0.0038225457837739525,-0.0008032481642468356,106.07998046874991,33.60000000000002,48.01284179687491,116.6400085449219,63.83999023437502,190.50249023437482,-1.920019531250091,137.2800537109374,144.038330078125,-68.63999023437509,-115.20004882812509,-83.63522949218759,28.320013427734352,71.03999023437495,75.11669921875
1763688396.0937576,4,1,2,0.06421614498082646,0.16278488055021686,-0.8019173993322665,0.003662032593358347,-0.0035876031770616466,-0.0005654071257277084,106.07998046874991,38.40004882812502,48.01284179687491,119.04000244140627,66.2399841308594,202.11821289062482,-1.920019531250091,142.0799804687499,155.654541015625,-68.63999023437509,-124.80014648437509,-91.37918701171884,30.720007324218727,71.03999023437495,71.244873046875
1763688396.2032735,4,1,2,-0.008408854700696383,0.1751640660728303,-1.1097671755520597,0.0022817753026318386,-0.00021088574147706232,-0.0008377152413745617,115.67995605468741,48.00002441406252,48.01284179687491,128.6400085449219,68.6400085449219,233.09428710937482,-4.320043945312591,149.2800537109374,155.654541015625,-75.83994140625009,-134.4000000000001,-95.25119628906259,37.92001953124998,75.84003906249995,75.11669921875
1763688396.296987,4,1,2,0.17233450127350777,0.2138242986701821,-1.2919711502987568,0.004450494539071133,-0.0033585572346147164,-0.000429312103578428,127.67995605468741,64.80007324218752,59.62880859374991,150.24001464843752,85.43999633789065,264.0703613281248,-9.120092773437591,161.2800537109374,167.2705078125,-83.04013671875009,-151.2000488281251,-110.73917236328134,49.92001953124998,83.03999023437495,94.476806640625
1763688396.3773246,4,1,2,0.027261797584416596,0.12092355202775637,-1.6385091103508511,0.0010156331425393217,0.0007163223134738434,-0.00048007178607211153,0,0,0,0,0,0,0,0,0,0,0,0,0,0,0
1763688396.472188,4,1,2,-0.316492141876339,0.5594894498892186,-1.8892621797812166,0.007144220228160171,0.0023456740579089193,-0.0003446204539512823,146.8800292968749,81.60000000000002,63.50087890624991,176.6400085449219,107.04000244140627,306.6621582031248,-11.519995117187591,178.0799804687499,159.5263671875,-95.04013671875009,-168.0000976562501,-122.35520019531259,61.92001953124998,83.03999023437495,106.0927734375
1763688396.5779572,4,1,2,0.2598340006796941,-0.23442201732570597,-2.2470125812688018,0.0025184562938923034,0.0001384330190761984,4.2601961096360016e-05,151.6799560546874,88.80007324218752,59.62880859374991,174.24004516601565,123.83999023437502,333.7661621093748,-18.72006835937509,170.8800292968749,163.3984375,-97.44003906250009,-182.4000000000001,-133.97122802734384,81.1200012207031,90.23994140624995,106.0927734375
1763688396.7774856,4,1,2,0.09676884806280572,0.13827035230362678,-2.6576760752898387,0.003873495220968851,0.0019148543593173655,-0.00044237097521592546,180.4800048828124,115.19997558593752,63.50087890624991,222.24004516601565,157.43999633789065,384.1025878906248,-25.92001953125009,194.8800292968749,163.3984375,-116.63999023437509,-196.8001464843751,-161.0751708984376,100.32001342773435,99.84003906249995,117.708740234375
1763688396.8725386,4,1,2,-0.19481653737071528,0.08094811938662799,-3.016729159009279,-0.0031972896624176267,0.010832592839711434,-0.0004365635803493476,187.6799560546874,115.19997558593752,63.50087890624991,236.6400085449219,162.24001464843752,415.0781738281248,-21.12009277343759,206.8800292968749,182.758544921875,-119.04013671875009,-204.0000976562501,-176.5632080078126,107.51999511718748,102.23994140624995,133.19677734375
1763688397.5745146,4,1,2,-0.1832112807554785,-0.016077611481674907,-5.299325165879623,-0.01021553639380716,0.013267135184169578,5.547876426610849e-05,300.4800048828124,208.80007324218752,75.11684570312491,404.6400085449219,284.6400085449219,643.5264160156248,-42.72006835937509,281.2799316406249,198.246337890625,-191.0401367187501,-273.5999511718751,-288.8511718750001,191.5200256347656,123.84003906249995,183.53271484375
1763688397.6719685,4,1,2,-0.1143895275870567,-0.001117632387290804,-5.763612624716489,-0.008354996893701672,0.010869706859880644,5.190107801308837e-05,319.6799560546874,220.80007324218752,71.24477539062491,426.24004516601565,303.84002075195315,682.2461425781248,-42.72006835937509,295.6800781249999,202.118408203125,-198.2400878906251,-283.2000488281251,-296.5951904296876,205.91998901367185,135.84003906249995,187.40478515625
1763688397.7666886,4,1,2,-0.14986852389208383,0.008951053659574972,-6.047345174030706,-0.00820371930475532,0.011240270098239958,-0.000205765215705546,331.6799560546874,237.60000000000002,78.98891601562491,455.0400329589844,313.43999633789065,724.8384277343748,-40.32004394531259,307.6800781249999,213.734375,-205.4400390625001,-295.2000488281251,-308.21121826171884,215.5200256347656,140.63996582031245,206.764892578125
1763688397.8730443,4,1,2,-0.005204462505907791,0.035754195228424615,-6.358254738211224,-0.009539217279599265,0.00796392561581025,-0.00017017254402889936,355.6799560546874,252.00002441406252,78.98891601562491,491.0400329589844,330.2399841308594,767.4302246093748,-42.72006835937509,322.0799804687499,209.862548828125,-222.2400878906251,-297.5999511718751,-331.4432128906251,237.1200012207031,145.44001464843745,210.63671875
1763688398.1764832,4,1,2,-0.02991937863367486,-0.09713066488058253,-7.642711061011872,-0.015720861670565876,0.009637517392395833,-9.65614188590077e-05,410.8800292968749,300.0000244140625,82.86074218749991,603.8400207519531,390.2399841308594,902.9502441406248,-49.92001953125009,358.0799804687499,221.478515625,-248.6399902343751,-321.5999511718751,-393.39517822265634,287.5200256347656,152.63996582031245,241.61279296875
1763688398.4726613,4,1,2,-0.21995287833558297,-0.2777400355014883,-9.118740489828433,-0.024272600684864434,0.01671349537083293,-0.0003299933486560194,480.4800048828124,355.1999755859375,94.47695312499991,726.2400451660156,457.43999633789065,1077.1904785156248,-59.51999511718759,396.4801269531249,236.966552734375,-289.4400390625001,-345.5999511718751,-451.4751953125001,352.32001342773435,169.44001464843745,280.332763671875
1763688398.672286,4,1,2,0.029535606569280837,-0.3503065311118268,-9.970124550479031,-0.02536500729692247,0.012020867949075162,0.00022508112593612331,545.2800537109374,398.400048828125,82.86074218749991,846.2400451660156,500.6400085449219,1193.3501464843748,-54.72006835937509,437.2799316406249,236.966552734375,-308.6399902343751,-357.5999511718751,-494.06717529296884,395.5200256347656,176.63996582031245,315.180908203125
1763688398.7657244,4,1,2,-0.061199346777702904,-0.3428265719367891,-10.47053769569415,-0.020761462803940978,0.012440471634747045,0.0005354691753729664,0,0,0,0,0,0,0,0,0,0,0,0,0,0,0
1763688399.1713789,4,1,2,0.043076662702817375,-0.4606320983429455,-12.537973410274015,-0.03697335990852285,-0.001852880204113139,0.00012360551070432642,653.2800537109374,494.400048828125,98.34877929687491,1079.0400939941405,608.6400085449219,1487.6221191406248,-71.51999511718759,482.8800292968749,236.966552734375,-356.6399902343751,-374.4000000000001,-598.6112121582032,503.5200256347656,195.84003906249995,365.516845703125
1763688399.267499,4,1,2,0.07673905751444493,-0.4433217848926162,-12.90086368289029,-0.03361140019316937,0.001984163684640123,0.00024236361166064292,684.4800048828124,508.8000732421875,86.73281249999991,1139.0400939941405,639.8400207519531,1534.0864746093748,-76.32004394531259,494.8800292968749,236.966552734375,-363.8399414062501,-379.2000488281251,-629.5871948242188,522.7200378417969,200.63996582031245,369.388916015625
1763688399.37576,4,1,2,0.02874087721145016,-0.5321349491964473,-13.468254643114307,-0.03605723377138309,0.00707796238536516,0.0006636470790258205,710.8800292968749,525.6,98.34877929687491,1179.840020751953,649.4399963378906,1592.1665527343748,-71.51999511718759,504.4801269531249,236.966552734375,-371.0401367187501,-384.0000976562501,-645.0752014160157,546.7200378417969,203.03999023437495,388.748779296875
1763688399.469355,4,1,2,0.2494388888464056,-0.38530716566594453,-14.013859781667346,-0.029672689360587014,-0.00502000431107184,0.0010271328329673427,727.6799560546874,540.0000244140625,90.60488281249991,1230.2400451660155,685.4399963378906,1646.3745605468748,-83.51999511718759,506.8800292968749,233.094482421875,-378.2400878906251,-381.5999511718751,-664.4351867675782,563.5200256347656,205.44001464843745,396.492919921875
1763688399.5776517,4,1,2,0.08035849413757742,-0.5241140561845439,-14.36080117956228,-0.03639578332387569,0.004929205911845699,0.0008109632194943368,730.0799804687499,549.6,94.47695312499991,1239.840020751953,680.6400085449219,1650.2461425781248,-78.72006835937509,509.2799316406249,233.094482421875,-378.2400878906251,-384.0000976562501,-660.5632080078126,565.9200500488281,205.44001464843745,404.23681640625
1763688399.6720533,4,1,2,0.22310744822876075,-0.44733805836883034,-13.88933583048508,-0.032202475399633196,-0.0023619317623807153,0.00020674054207814232,732.4800048828124,549.6,102.22084960937491,1244.640069580078,673.4399963378906,1657.9902832031248,-78.72006835937509,509.2799316406249,233.094482421875,-375.8399414062501,-381.5999511718751,-660.5632080078126,570.7200378417969,205.44001464843745,404.23681640625
1763688399.7658167,4,1,2,0.23785489992685016,-0.40671712363646323,-13.605620467394376,-0.028891158593101665,-0.005692190009846151,0.000630899688273488,730.0799804687499,547.1999755859375,106.09291992187491,1237.440118408203,663.8400207519531,1654.1182128906248,-81.12009277343759,509.2799316406249,236.966552734375,-371.0401367187501,-388.8001464843751,-652.8191894531251,565.9200500488281,210.23994140624995,404.23681640625
1763688399.875712,4,1,2,0.31793203971013906,-0.3132619588232093,-13.346755877219207,-0.026521572850714714,-0.007172914433152168,0.0004902025478583567,732.4800048828124,547.1999755859375,102.22084960937491,1237.440118408203,659.0400329589844,1657.9902832031248,-78.72006835937509,516.4801269531249,244.71044921875,-373.4400390625001,-388.8001464843751,-656.6911987304688,568.3200134277344,212.63996582031245,411.980712890625
1763688399.904224,4,1,2,0.2930212812400221,-0.31759298528317276,-13.364202715181458,-0.02671548552897289,-0.007067499469819169,0.0012654833030368187,732.4800048828124,542.400048828125,106.09291992187491,1237.440118408203,656.6400085449219,1661.8623535156248,-85.92001953125009,516.4801269531249,236.966552734375,-371.0401367187501,-388.8001464843751,-660.5632080078126,565.9200500488281,210.23994140624995,408.10888671875
1763688400.0775316,4,1,2,0.39086803474803605,-0.29668576948331166,-12.874360625873585,-0.02266195340994289,-0.01357800538797805,0.00012526786619045755,727.6799560546874,547.1999755859375,106.09291992187491,1227.840020751953,642.2400451660156,1657.9902832031248,-76.32004394531259,516.4801269531249,240.83837890625,-373.4400390625001,-393.5999511718751,-648.9472106933595,565.9200500488281,203.03999023437495,411.980712890625
1763688400.2026422,4,1,2,0.4428752245013004,-0.24262613658577975,-12.797819892557381,-0.020156251100647435,-0.01585964438707615,0.00015802003408541074,730.0799804687499,549.6,106.09291992187491,1230.2400451660155,639.8400207519531,1657.9902832031248,-81.12009277343759,514.0799804687499,240.83837890625,-373.4400390625001,-391.2000488281251,-648.9472106933595,568.3200134277344,210.23994140624995,415.852783203125
1763688400.3725574,4,1,2,0.4391738093074573,-0.22901934219532735,-12.70019900329956,-0.021023368678774086,-0.015834132624855217,0.0001879318367285143,727.6799560546874,547.1999755859375,109.96474609374991,1235.0400939941405,637.4399963378906,1669.6064941406248,-78.72006835937509,523.6800781249999,252.454345703125,-375.8399414062501,-396.0000976562501,-652.8191894531251,565.9200500488281,212.63996582031245,419.724853515625
1763688400.3880537,4,1,2,0.4556641680534527,-0.19026242904941384,-12.699764487471292,-0.020531256052665037,-0.01569985990786637,0.0004995000936113439,732.4800048828124,549.6,102.22084960937491,1235.0400939941405,635.0400329589844,1669.6064941406248,-73.92001953125009,518.8800292968749,248.58251953125,-375.8399414062501,-393.5999511718751,-648.9472106933595,570.7200378417969,215.03999023437495,411.980712890625
1763688400.4815922,4,1,2,0.5109594289194518,-0.17198942032674763,-12.675721428242422,-0.01900109765907037,-0.01914298326100416,0.00019937605574412397,734.8800292968749,552.0000244140625,109.96474609374991,1239.840020751953,642.2400451660156,1661.8623535156248,-78.72006835937509,521.2799316406249,248.58251953125,-371.0401367187501,-391.2000488281251,-645.0752014160157,570.7200378417969,212.63996582031245,415.852783203125
1763688400.671416,4,1,2,0.39424584854511463,-0.23914676042415894,-12.614768089249822,-0.02076913250600975,-0.014118548872486644,6.471241198729907e-05,732.4800048828124,556.8000732421875,106.09291992187491,1235.0400939941405,637.4399963378906,1669.6064941406248,-81.12009277343759,521.2799316406249,248.58251953125,-371.0401367187501,-393.5999511718751,-652.8191894531251,575.5200256347656,215.03999023437495,408.10888671875
1763688400.778134,4,1,2,0.4013367722118467,-0.2436631006124103,-12.563753267173535,-0.020445679166434937,-0.014172257507046477,0.00039742421748842,730.0799804687499,552.0000244140625,106.09291992187491,1239.840020751953,639.8400207519531,1661.8623535156248,-83.51999511718759,521.2799316406249,240.83837890625,-375.8399414062501,-388.8001464843751,-652.8191894531251,575.5200256347656,217.44001464843745,415.852783203125
1763688401.0768332,4,1,2,0.3414382474494142,-0.2505413707748892,-12.40520065164539,-0.02268859929565044,-0.010205188230550562,5.5160521464563215e-05,742.0799804687499,552.0000244140625,106.09291992187491,1249.440118408203,654.2400451660156,1677.3501464843748,-81.12009277343759,518.8800292968749,240.83837890625,-375.8399414062501,-388.8001464843751,-652.8191894531251,575.5200256347656,215.03999023437495,408.10888671875
1763688401.1704018,4,1,2,0.29054087391702255,-0.3387308301657088,-12.531909661554511,-0.02565001010364506,-0.009338589471957244,-0.0003075537148444713,739.6799560546874,554.400048828125,102.22084960937491,1259.0400939941405,647.0400329589844,1673.4785644531248,-78.72006835937509,518.8800292968749,236.966552734375,-378.2400878906251,-386.4000000000001,-652.8191894531251,582.7200378417969,215.03999023437495,419.724853515625
1763688401.2779362,4,1,2,0.2969978883632262,-0.33519524716670673,-12.522600411477342,-0.027131140760884374,-0.0082060564327052,1.931986001531879e-06,737.2800537109374,556.8000732421875,106.09291992187491,1251.840020751953,654.2400451660156,1677.3501464843748,-81.12009277343759,516.4801269531249,240.83837890625,-373.4400390625001,-388.8001464843751,-656.6911987304688,577.9200500488281,212.63996582031245,415.852783203125
1763688401.3746283,4,1,2,0.2884477933614137,-0.34519809506161875,-12.381710503546497,-0.025325679879450745,-0.007619150726825919,0.00021757195508157303,737.2800537109374,556.8000732421875,109.96474609374991,1249.440118408203,651.8400207519531,1673.4785644531248,-81.12009277343759,516.4801269531249,240.83837890625,-373.4400390625001,-386.4000000000001,-660.5632080078126,580.3200134277344,210.23994140624995,415.852783203125
1763688401.4675195,4,1,2,0.28111447060609956,-0.32613229046152703,-12.464812183956466,-0.02535002120056419,-0.00860262761398687,0.00042047226086088267,737.2800537109374,554.400048828125,106.09291992187491,1251.840020751953,654.2400451660156,1669.6064941406248,-81.12009277343759,516.4801269531249,240.83837890625,-373.4400390625001,-396.0000976562501,-660.5632080078126,577.9200500488281,205.44001464843745,411.980712890625
1763688401.7779524,4,1,2,0.364172565776074,-0.27111935925649805,-12.031591554025617,-0.021902065587796532,-0.011364164375017815,-0.00035378957194339344,734.8800292968749,556.8000732421875,106.09291992187491,1244.640069580078,642.2400451660156,1673.4785644531248,-81.12009277343759,518.8800292968749,233.094482421875,-378.2400878906251,-388.8001464843751,-652.8191894531251,577.9200500488281,212.63996582031245,411.980712890625
1763688402.0749242,4,1,2,0.38765426451774454,-0.23103937996291204,-11.977812418088536,-0.020857575275876512,-0.012684018240546428,0.0002914994753310061,732.4800048828124,554.400048828125,113.83681640624991,1244.640069580078,637.4399963378906,1661.8623535156248,-83.51999511718759,521.2799316406249,244.71044921875,-375.8399414062501,-391.2000488281251,-652.8191894531251,573.1200012207031,215.03999023437495,415.852783203125
1763688402.1664937,4,1,2,0.4364554940816835,-0.22266621270583542,-11.771884164725542,-0.019864904769084132,-0.015029362038273198,0.00013333013934572384,732.4800048828124,547.1999755859375,113.83681640624991,1225.440118408203,623.0400329589844,1650.2461425781248,-81.12009277343759,514.0799804687499,244.71044921875,-373.4400390625001,-391.2000488281251,-641.203192138672,568.3200134277344,210.23994140624995,411.980712890625
1763688402.2789586,4,1,2,0.5048201554348493,-0.1881935469428426,-11.400097895750246,-0.019120045620925723,-0.016875814079337068,-0.00020351080720387238,713.2800537109374,540.0000244140625,113.83681640624991,1203.840020751953,613.4399963378906,1630.8862792968748,-81.12009277343759,514.0799804687499,252.454345703125,-371.0401367187501,-386.4000000000001,-629.5871948242188,561.1200012207031,212.63996582031245,415.852783203125
1763688402.3723478,4,1,2,0.4792227206898564,-0.19343522791978116,-11.07147838998539,-0.01704304108756053,-0.017334681177661723,7.98183372644071e-05,708.4800048828124,532.8000732421875,109.96474609374991,1179.840020751953,594.2400451660156,1603.7822753906248,-73.92001953125009,509.2799316406249,244.71044921875,-366.2400878906251,-386.4000000000001,-614.099188232422,553.9200500488281,212.63996582031245,404.23681640625
1763688402.670966,4,1,2,0.6027461727308014,-0.07483906508027455,-9.347670791346939,-0.011135700098448297,-0.02522574685043065,-0.0009332613533396482,653.2800537109374,492.0000244140625,125.45278320312491,1064.640069580078,529.4399963378906,1472.1343261718748,-71.51999511718759,487.6800781249999,248.58251953125,-354.2400878906251,-379.2000488281251,-567.6351989746095,501.1200012207031,193.44001464843745,392.620849609375
1763688402.9657576,4,1,2,0.558706736754679,0.05333971703953487,-6.978179087150993,-0.006567818305726787,-0.022368057254478223,-0.0010936300706621896,0,0,0,0,0,0,0,0,0,0,0,0,0,0,0
1763688403.16797,4,1,2,0.34443639271638016,0.06314596618841749,-5.702158682033014,-0.0026844628642943777,-0.013855561272000941,-0.0009313710870578371,480.4800048828124,360.0000244140625,125.45278320312491,721.4399963378906,363.84002075195315,1053.9585449218748,-52.32004394531259,406.0799804687499,240.83837890625,-277.4400390625001,-343.2000488281251,-393.39517822265634,345.1200012207031,167.03999023437495,307.436767578125
1763688403.3711243,4,1,2,0.41703515410371966,0.24229815134172525,-4.266361330542862,0.007157266545304759,-0.020458610127435578,-0.0010967097093238995,413.2800537109374,302.400048828125,113.83681640624991,594.2400451660156,301.43999633789065,895.2061035156248,-40.32004394531259,365.2799316406249,229.222412109375,-241.4400390625001,-312.0000976562501,-335.31522216796884,282.72003784179685,150.23994140624995,272.5888671875
1763688403.5721695,4,1,2,0.3031138895616864,0.2631872220085601,-3.294357953468246,0.006203140610848116,-0.015633087311539923,-0.0016138094638202,350.8800292968749,247.19997558593752,102.22084960937491,491.0400329589844,258.2399841308594,755.8145019531248,-37.92001953125009,326.8800292968749,217.6064453125,-207.8399414062501,-288.0000976562501,-284.9792236328126,234.72003784179685,133.44001464843745,226.124755859375
1763688403.667407,4,1,2,0.30791105804040786,0.2920295059724468,-2.906388549071413,0.0074029634608605375,-0.014038940461300766,-0.0006121797574536376,317.2799316406249,220.80007324218752,94.47695312499991,443.0400329589844,234.24001464843752,682.2461425781248,-25.92001953125009,302.8800292968749,209.862548828125,-195.8399414062501,-268.8001464843751,-250.1312011718751,208.32001342773435,128.63996582031245,214.5087890625
1763688403.7765706,4,1,2,0.2928893651702131,0.311314652324507,-2.4096491389426373,0.009384291306117773,-0.01475516710831951,-0.0008969405471656111,290.8800292968749,199.19997558593752,98.34877929687491,404.6400085449219,205.43999633789065,635.7822753906248,-28.32004394531259,290.8800292968749,209.862548828125,-181.4400390625001,-252.0000976562501,-234.64322509765634,189.1200012207031,121.44001464843745,202.892822265625
1763688403.8706772,4,1,2,0.29702440447059003,0.30034424997311315,-2.211840136669663,0.012387147402385258,-0.016212459249872635,-0.00096890113729434,269.2799316406249,182.40004882812502,90.60488281249991,368.6400085449219,183.83999023437502,581.5742675781248,-25.92001953125009,269.2799316406249,213.734375,-159.8399414062501,-237.5999511718751,-211.4112304687501,169.91998901367185,116.63996582031245,195.14892578125
1763688404.1661487,4,1,2,0.20542588116225094,0.3231123232425506,-1.3987080902673377,0.010042580372074264,-0.009932987323462157,-0.001705157726461552,214.0799804687499,132.00002441406252,78.98891601562491,284.6400085449219,135.83999023437502,465.4141113281248,-16.32004394531259,233.2799316406249,198.246337890625,-126.24008789062509,-204.0000976562501,-168.8191894531251,117.1200012207031,102.23994140624995,160.30078125
1763688404.371109,4,1,2,0.25348469356473774,0.32018533371049523,-1.070927788134588,0.008954429519809223,-0.00874593365379794,-0.0009671093495242794,194.8800292968749,110.40004882812502,78.98891601562491,246.24004516601565,116.6400085449219,403.4624511718748,-11.519995117187591,216.4801269531249,194.37451171875,-116.63999023437509,-187.2000488281251,-145.58719482421884,93.1200012207031,99.84003906249995,137.06884765625
1763688404.6671453,4,1,2,0.20107455314299008,0.33873632944668136,-0.6689231015243198,0.011759672400389939,-0.011108175140696935,-0.0008912968844971163,0,0,0,0,0,0,0,0,0,0,0,0,0,0,0
1763688404.778937,4,1,2,0.17980066281829793,0.3382791340696795,-0.5041932601598891,0.010773103977288886,-0.009978868347956936,-0.0013836322216938645,158.8800292968749,74.40004882812502,71.24477539062491,193.43999633789065,87.83999023437502,310.5342285156248,-4.320043945312591,190.0799804687499,182.758544921875,-97.44003906250009,-153.5999511718751,-114.61118164062509,66.72000732421873,85.44001464843745,113.8369140625
1763688405.0741146,4,1,2,0.16008976350824458,0.24342730318260647,-0.35412743223725623,0.006487219845409854,-0.006939343528671237,-0.001496004214730542,134.8800292968749,57.60000000000002,55.75673828124991,167.0400329589844,66.2399841308594,275.6865722656248,5.279931640624909,175.6799560546874,182.758544921875,-95.04013671875009,-132.0000976562501,-102.99521484375009,52.32001342773435,78.23994140624995,106.0927734375
1763688405.2786136,4,1,2,0.1569930523849504,0.21057115578526323,-0.21110598412364068,0.004919544775774313,-0.00524005234801509,-0.000823027823259959,134.8800292968749,38.40004882812502,59.62880859374991,162.24004516601565,61.43999633789065,233.09428710937482,5.279931640624909,163.6799560546874,167.2705078125,-87.83994140625009,-115.20004882812509,-99.12320556640634,37.92001953124998,68.63996582031245,94.476806640625
1763688406.3730857,4,1,2,-0.040998736874578307,0.06543304605880193,0.27383818327312104,-0.000412557420674095,0.002921553660064246,-0.0007356371123639885,84.48000488281241,9.600000000000023,32.52480468749991,97.44002685546877,37.43999633789065,124.67827148437482,7.679956054687409,106.07998046874991,124.678466796875,-68.63999023437509,-62.40000000000009,-79.76322021484384,6.720007324218727,47.039990234374955,59.62890625
1763688406.5890245,4,1,2,-0.047840356442188606,0.018758039379871284,0.20287646493427694,-0.0013180555482396072,0.003432082316078907,-0.0005261445681150793,74.88002929687491,4.800012207031273,24.78090820312491,92.6400085449219,35.04000244140627,109.19047851562482,7.679956054687409,101.28005371093741,128.550537109375,-61.44003906250009,-50.40000000000009,-72.01920166015634,-2.8799987792968977,51.840039062499955,55.7568359375
1763688406.7776227,4,1,2,-0.00907640263093134,0.11302171219836629,0.2410913747045968,0.0004787052856852752,0.003297242041296009,-0.0003568017248900571,72.48000488281241,-4.799963378906227,20.90883789062491,87.84002075195315,32.6400085449219,105.31840820312482,14.879907226562409,101.28005371093741,120.806396484375,-56.63999023437509,-48.00009765625009,-75.89121093750009,1.9199890136718523,42.239941406249955,40.268798828125
1763688407.166732,4,1,2,-0.021912720675043715,0.05345570983079545,0.2027142335288345,-0.0010262868529506198,0.003203979879478648,-0.00037180451342810124,70.07998046874991,-2.3999999999999773,20.90883789062491,80.6400085449219,30.239984130859398,93.70219726562482,7.679956054687409,94.07998046874991,113.0625,-59.04013671875009,-45.59995117187509,-68.14719238281259,-2.8799987792968977,37.440014648437455,44.140869140625
1763688407.4792812,4,1,2,-0.015145831503427187,0.08166507316558064,0.20699813344799123,-0.00030325781072497796,0.002322240324103023,-0.0012298289189783158,67.67995605468741,-4.799963378906227,20.90883789062491,80.6400085449219,35.04000244140627,85.95854492187482,12.480004882812409,96.48000488281241,113.0625,-54.24008789062509,-38.40000000000009,-72.01920166015634,-5.279992675781273,37.440014648437455,36.396728515625
1763688407.7699585,4,1,2,-0.03092487542326855,0.06006623173423983,0.272243068117999,-0.0007941292314484468,0.002831682770735036,-0.0008938420682515665,72.48000488281241,-7.199987792968727,20.90883789062491,80.6400085449219,32.6400085449219,85.95854492187482,10.079980468749909,94.07998046874991,113.0625,-61.44003906250009,-38.40000000000009,-72.01920166015634,-5.279992675781273,35.039990234374955,40.268798828125
1763688408.1825356,4,1,2,-0.03311611822989365,0.07173475696177825,0.22429085780281927,-0.0002061982685871602,0.002570573919061774,-0.0008312911663084382,67.67995605468741,-4.799963378906227,17.03676757812491,73.44002685546877,23.040002441406273,78.21440429687482,12.480004882812409,86.88002929687491,113.0625,-51.83994140625009,-38.40000000000009,-68.14719238281259,-7.679986572265648,35.039990234374955,32.52490234375
1763688408.2781126,4,1,2,-0.02290358324858418,0.06733219030984783,0.23922640525848746,-0.0005618296918355719,0.002287531534373635,-0.0005145136365206337,65.27993164062491,-4.799963378906227,13.164941406249909,78.24001464843752,30.239984130859398,89.83012695312482,12.480004882812409,86.88002929687491,109.1904296875,-51.83994140625009,-36.00009765625009,-68.14719238281259,-0.48000488281252274,37.440014648437455,40.268798828125
1763688408.371466,4,1,2,-0.030617372459618437,0.10957926462078142,0.27338391620680164,-0.0003865491315217769,0.0028232595679481614,-0.0007396439777441898,60.48000488281241,-7.199987792968727,17.03676757812491,75.84002075195315,32.6400085449219,78.21440429687482,12.480004882812409,89.28005371093741,105.318359375,-51.83994140625009,-40.80014648437509,-64.27518310546884,-2.8799987792968977,39.840039062499955,36.396728515625
1763688408.8714464,4,1,2,-0.022902764576981212,0.0863393372327417,0.2227945169179871,-0.00041558104097225287,0.002472495638343928,-0.0005995556147536109,65.27993164062491,-7.199987792968727,17.03676757812491,73.44002685546877,30.239984130859398,78.21440429687482,7.679956054687409,89.28005371093741,101.446533203125,-54.24008789062509,-40.80014648437509,-68.14719238281259,-5.279992675781273,37.440014648437455,32.52490234375
1763688409.16904,4,1,2,0.028265443694758724,0.10796660049817967,0.3405418362996159,-2.262035157372423e-05,0.0015797598554768326,-0.0006363367272861118,65.27993164062491,-7.199987792968727,13.164941406249909,75.84002075195315,27.839990234375023,78.21440429687482,10.079980468749909,82.07998046874991,101.446533203125,-51.83994140625009,-36.00009765625009,-64.27518310546884,-0.48000488281252274,35.039990234374955,32.52490234375
1763688409.278066,4,1,2,-0.021883383075711114,0.06901738152644392,0.25593522056149043,-0.0007063503697770277,0.0018098190246672603,-0.0005094364586701141,60.48000488281241,-2.3999999999999773,9.292871093749909,71.04000244140627,27.839990234375023,66.59843749999982,10.079980468749909,84.48000488281241,97.574462890625,-51.83994140625009,-36.00009765625009,-64.27518310546884,-2.8799987792968977,30.239941406249955,32.52490234375
1763688409.3731637,4,1,2,0.012219320015681448,0.09639822594001371,0.20463989278156433,-0.0005026635482949648,0.0020730295595516313,-0.0007639497483069128,58.07998046874991,-7.199987792968727,9.292871093749909,68.6400085449219,30.239984130859398,70.47026367187482,12.480004882812409,79.67995605468741,97.574462890625,-47.04013671875009,-36.00009765625009,-60.40317382812509,-2.8799987792968977,32.639965820312455,28.65283203125
1763688409.577611,4,1,2,-0.05115034804569954,0.07930583642579357,0.29173073793610277,4.73899711903186e-05,0.003383289908143934,-0.0002592040388044882,60.48000488281241,-7.199987792968727,9.292871093749909,71.04000244140627,27.839990234375023,66.59843749999982,12.480004882812409,77.28005371093741,101.446533203125,-47.04013671875009,-33.59995117187509,-64.27518310546884,-2.8799987792968977,30.239941406249955,32.52490234375
1763688409.9805784,4,1,2,-0.004247480565527456,0.05787871499719393,0.20369457189933518,-0.0009816947334458036,0.0019318452609694654,-0.0006065733341232829,67.67995605468741,-4.799963378906227,1.548730468749909,75.84002075195315,32.6400085449219,74.34233398437482,12.480004882812409,89.28005371093741,101.446533203125,-49.44003906250009,-33.59995117187509,-64.27518310546884,-2.8799987792968977,32.639965820312455,36.396728515625
1763688410.4758716,4,1,2,0.03787073397362474,0.04443827800144634,0.2486710863992602,-0.0025594660828867004,-0.00041615172634874376,-0.0005187911121862974,65.27993164062491,-4.799963378906227,9.292871093749909,75.84002075195315,30.239984130859398,74.34233398437482,10.079980468749909,84.48000488281241,93.702392578125,-49.44003906250009,-31.20004882812509,-60.40317382812509,-2.8799987792968977,37.440014648437455,36.396728515625
1763688412.0685356,4,1,2,0.059852869280527826,0.09417139118175147,-0.361989403993643,0.0003760464469546507,-0.002140613631778335,-0.00018169809605220896,91.67995605468741,26.399987792968773,32.52480468749991,107.04000244140627,47.04000244140627,159.52641601562482,2.879907226562409,127.67995605468741,132.42236328125,-68.63999023437509,-93.59995117187509,-75.89121093750009,18.720007324218727,54.239941406249955,63.500732421875
1763688412.274975,4,1,2,0.033144102393393056,0.14462441973465268,-0.6383769155737178,0.0027059336363135077,-0.0015375801472928417,-0.0003525815373203137,108.48000488281241,38.40004882812502,36.39687499999991,116.6400085449219,59.04000244140627,202.11821289062482,0.48000488281240905,142.0799804687499,151.782470703125,-75.83994140625009,-115.20004882812509,-83.63522949218759,35.51999511718748,63.840039062499955,71.244873046875
1763688412.3703642,4,1,2,0.15536055731309248,0.21034270146843873,-0.9561163893407824,0.004519992134612348,-0.00242787964307462,-7.388373177423386e-05,113.27993164062491,50.40004882812502,48.01284179687491,138.24001464843752,68.6400085449219,233.09428710937482,-6.720068359375091,149.2800537109374,147.910400390625,-78.24008789062509,-129.5999511718751,-91.37918701171884,37.92001953124998,71.03999023437495,82.86083984375
1763688412.5717597,4,1,2,-0.05007545827099428,0.19528974273836203,-1.5832101200272828,0.005662316102371351,-4.66659088754701e-05,-0.0005244740681356551,0,0,0,0,0,0,0,0,0,0,0,0,0,0,0
1763688412.7743282,4,1,2,-0.01324640957217052,0.2262954228973994,-2.232776378405825,0.0045168598034183985,0.00411985315989348,-0.0003726062815385037,0,0,0,0,0,0,0,0,0,0,0,0,0,0,0
1763688412.881356,4,1,2,-0.06302327176637729,0.15106410286440589,-2.5924304116956334,0.0016400689586483644,0.0019406989940928352,0.00011820062257992864,192.4800048828124,117.60000000000002,63.50087890624991,239.0400329589844,140.6400085449219,399.5903808593748,-13.920019531250091,209.2799316406249,186.63037109375,-114.24008789062509,-196.8001464843751,-164.94718017578134,100.32001342773435,99.84003906249995,133.19677734375
1763688413.0689578,4,1,2,0.0461004034539305,0.09881737687902736,-3.237860028401827,0.000992797552419402,0.0030058516463329337,-0.0012836844273062151,216.4800048828124,139.19997558593752,67.37294921874991,272.6400085449219,171.83999023437502,461.5425292968748,-21.12009277343759,226.0799804687499,190.50244140625,-131.0401367187501,-223.2000488281251,-184.3072265625001,121.92001953124998,107.03999023437495,148.684814453125
1763688413.1775954,4,1,2,0.09318512117594929,0.22686635544322833,-3.4928552587645707,0.0037306033614867735,-0.003976758517314214,-0.00035950148224552707,226.0799804687499,146.40004882812502,67.37294921874991,306.24004516601565,191.04000244140627,492.5181152343748,-25.92001953125009,238.0799804687499,194.37451171875,-140.6399902343751,-230.4000000000001,-207.53922119140634,136.32001342773435,114.23994140624995,152.556884765625
1763688413.681505,4,1,2,0.011469143381605035,0.07260187000034143,-5.394888461630268,-0.004380036571205491,0.0045419850815558,0.00011423661357434463,324.4800048828124,230.40004882812502,86.73281249999991,438.24004516601565,284.6400085449219,701.6064941406248,-37.92001953125009,305.2799316406249,217.6064453125,-205.4400390625001,-288.0000976562501,-284.9792236328126,210.72003784179685,131.03999023437495,195.14892578125
1763688413.775263,4,1,2,0.01981342806114124,0.08813668917216348,-5.8586791718507305,-0.0025279975610751973,0.0037829673036523653,0.0005023527497060978,338.8800292968749,247.19997558593752,82.86074218749991,474.24004516601565,306.2399841308594,751.9424316406248,-37.92001953125009,317.2799316406249,225.350341796875,-210.2400878906251,-295.2000488281251,-308.21121826171884,222.72003784179685,140.63996582031245,210.63671875
1763688413.9809916,4,1,2,0.11595994203002177,0.11253027038350523,-6.5800133605693265,-0.0026631503812166515,-0.0017145861237371392,-7.252867013424441e-05,389.2799316406249,273.6,78.98891601562491,555.8400207519531,342.2399841308594,844.8701660156248,-42.72006835937509,350.8800292968749,233.094482421875,-234.2400878906251,-312.0000976562501,-346.93118896484384,263.5200256347656,147.84003906249995,226.124755859375
1763688414.0714164,4,1,2,0.1157965937372921,-0.024665254576492324,-7.172776668052579,-0.012032505755499856,0.0008966175058530076,0.000156505366609726,413.2800537109374,300.0000244140625,90.60488281249991,591.8400207519531,356.6400085449219,902.9502441406248,-42.72006835937509,367.6800781249999,240.83837890625,-248.6399902343751,-324.0000976562501,-374.03519287109384,280.32001342773435,157.44001464843745,245.48486328125
1763688414.1674907,4,1,2,0.14777855146686575,0.033367272530076625,-7.437712810893425,-0.007070586698542953,-0.0026157426923190275,0.0001556804613630884,432.4800048828124,314.400048828125,94.47695312499991,632.6400085449219,383.0400329589844,941.6704589843748,-42.72006835937509,367.6800781249999,229.222412109375,-255.8399414062501,-328.8001464843751,-389.52322998046884,301.91998901367185,157.44001464843745,260.972900390625
1763688414.2777488,4,1,2,0.05092494759962899,-0.07482293308788177,-8.08093468280456,-0.012235022197415117,0.0033211647376191183,0.00030560356497029916,0,0,0,0,0,0,0,0,0,0,0,0,0,0,0
1763688414.373645,4,1,2,0.14048889762931946,-0.08449915915912666,-8.302275659771745,-0.013019777021463657,-0.00010114091931079025,-0.00016820182090861125,480.4800048828124,352.8000732421875,98.34877929687491,719.0400939941406,421.43999633789065,1057.8301269531248,-47.51999511718759,396.4801269531249,236.966552734375,-279.8399414062501,-340.8001464843751,-432.1152099609376,345.1200012207031,171.84003906249995,276.460693359375
1763688414.576405,4,1,2,0.13077758997803873,-0.015158275658656312,-9.136579653622725,-0.006983065631910656,-0.00059637448162108,0.00025764353919859365,521.2800537109374,388.8000732421875,94.47695312499991,803.0400939941406,462.2399841308594,1170.1182128906248,-57.12009277343759,413.2799316406249,244.71044921875,-303.8399414062501,-357.5999511718751,-466.96317138671884,383.5200256347656,176.63996582031245,295.82080078125
1763688414.6709392,4,1,2,0.0771049427273903,-0.10383587297188743,-9.446996235343047,-0.013360131371559603,0.002078273362144249,0.0005966571229761072,538.0799804687499,400.8000732421875,106.09291992187491,829.4399963378906,469.43999633789065,1208.8384277343748,-54.72006835937509,427.6800781249999,244.71044921875,-308.6399902343751,-360.0000976562501,-478.5791992187501,395.5200256347656,179.03999023437495,315.180908203125
1763688414.6994314,4,1,2,0.09982152525073637,-0.08829244388993769,-9.444850592591653,-0.012556795932759178,0.001892819224791533,0.0005994037790647655,542.8800292968749,408.0000244140625,106.09291992187491,843.8400207519531,476.6400085449219,1228.1982910156248,-54.72006835937509,427.6800781249999,244.71044921875,-308.6399902343751,-360.0000976562501,-482.45120849609384,402.72003784179685,183.84003906249995,311.308837890625
1763688414.876124,4,1,2,0.20347636274986855,-0.041497655421114533,-10.02337337087362,-0.010272123466376952,-0.0037176411267246454,0.00047498936282528163,581.2800537109374,436.8000732421875,113.83681640624991,913.4399963378906,507.84002075195315,1309.5103027343748,-59.51999511718759,449.2799316406249,248.58251953125,-325.4400390625001,-369.5999511718751,-517.2991699218751,436.32001342773435,191.03999023437495,330.668701171875
1763688414.8886478,4,1,2,0.20291744113496257,-0.021268317497863433,-9.988348195388252,-0.009929918285503072,-0.003800004139865894,0.00040902145878809635,583.6799560546874,436.8000732421875,106.09291992187491,918.2400451660156,510.24004516601565,1313.3823730468748,-59.51999511718759,446.8800292968749,252.454345703125,-332.6399902343751,-367.2000488281251,-525.0431884765626,438.72003784179685,186.23994140624995,334.540771484375
1763688414.9972167,4,1,2,0.12374275236916908,-0.10620647056034357,-10.584946412906866,-0.01267591787548401,-0.001995691070469593,0.00027038341862775867,612.4800048828124,458.400048828125,113.83681640624991,980.6400695800781,527.0400329589844,1383.0781738281248,-59.51999511718759,470.8800292968749,256.326416015625,-337.4400390625001,-379.2000488281251,-540.5312255859376,465.1200012207031,198.23994140624995,353.90087890625
1763688415.0916083,4,1,2,0.1934082384947215,-0.11460965469158846,-11.152824724412584,-0.015245067139011498,-0.0021456412214939102,0.0006038983407221235,631.6799560546874,475.1999755859375,109.96474609374991,1016.6400695800781,539.0400329589844,1429.5425292968748,-61.92001953125009,478.0799804687499,256.326416015625,-342.2400878906251,-384.0000976562501,-556.0192016601563,477.1200012207031,198.23994140624995,357.772705078125
1763688415.187249,4,1,2,0.2829924651272734,-0.12737316412573793,-11.56655885121251,-0.01406786476655162,-0.0078097068466951355,0.0005388077993888859,650.8800292968749,489.6,106.09291992187491,1055.0400939941405,558.2400451660156,1476.0063964843748,-61.92001953125009,485.2799316406249,260.198486328125,-351.8399414062501,-388.8001464843751,-583.1232055664063,493.9200500488281,203.03999023437495,373.2607421875
1763688415.2934613,4,1,2,0.25074907452949097,-0.10099820228489956,-12.153210738744766,-0.013040627004307082,-0.004973447102133197,0.00095768021789792,679.6799560546874,504.0000244140625,117.70888671874991,1110.2400451660155,577.4399963378906,1545.7021972656248,-61.92001953125009,497.2799316406249,260.198486328125,-359.0401367187501,-388.8001464843751,-602.4831909179688,520.3200134277344,210.23994140624995,381.0048828125
1763688415.400932,4,1,2,0.2864053101263696,-0.10456672252134683,-12.675052296167417,-0.013556868251097497,-0.006835843504149185,0.0002214439666324954,698.8800292968749,530.400048828125,109.96474609374991,1160.640069580078,611.0400329589844,1607.6543457031248,-69.12009277343759,499.6800781249999,252.454345703125,-366.2400878906251,-396.0000976562501,-629.5871948242188,539.5200256347656,215.03999023437495,392.620849609375
1763688415.4927373,4,1,2,0.16719245852248094,-0.12757930810078172,-13.359543315573518,-0.016687830283784844,-0.0018206517782193808,0.0005143082606396802,0,0,0,0,0,0,0,0,0,0,0,0,0,0,0
1763688415.6849136,4,1,2,0.3488741527646789,-0.031646936535120906,-14.360436923582796,-0.010397267110152278,-0.010530170951268916,0.00040745665927324976,770.8800292968749,583.20009765625,109.96474609374991,1319.0400939941405,668.6400085449219,1778.0225097656248,-78.72006835937509,535.6800781249999,256.326416015625,-380.6399902343751,-405.5999511718751,-699.2832092285157,599.5200256347656,229.44001464843745,419.724853515625
1763688415.7891192,4,1,2,0.3089303562394108,-0.16717991848033736,-15.049022562270876,-0.014738000918621708,-0.009004110498941977,0.0007804343461415924,802.0799804687499,602.400048828125,102.22084960937491,1388.640069580078,699.8400207519531,1851.5903808593748,-81.12009277343759,547.6800781249999,256.326416015625,-392.6399902343751,-403.2000488281251,-726.3872131347657,630.7200378417969,231.84003906249995,439.084716796875
1763688416.0778902,4,1,2,0.22861444371966164,-0.23016774805766121,-15.410903448773862,-0.02094372852614019,-0.0038638849452157543,0.0012566123490697243,809.2800537109374,609.6,106.09291992187491,1417.440118408203,699.8400207519531,1867.0781738281248,-83.51999511718759,547.6800781249999,248.58251953125,-387.8399414062501,-400.8001464843751,-734.1312011718751,642.7200378417969,231.84003906249995,446.828857421875
1763688416.183949,4,1,2,0.14798886828831656,-0.26915713865854196,-15.170974338982727,-0.02442994511940772,-0.000656857833958191,0.0007843854993303998,826.0799804687499,614.400048828125,98.34877929687491,1439.0400939941405,709.4399963378906,1894.1821777343748,-83.51999511718759,550.0799804687499,244.71044921875,-395.0401367187501,-400.8001464843751,-745.7471984863282,652.3200134277344,231.84003906249995,450.700927734375
1763688416.2770205,4,1,2,0.21938975317769782,-0.3084122923990666,-15.426090871005961,-0.025291476769510046,-0.003834711229321941,0.0007700246978161163,830.8800292968749,624.0000244140625,102.22084960937491,1463.0400939941405,716.6400085449219,1909.6704589843748,-81.12009277343759,554.8800292968749,248.58251953125,-392.6399902343751,-396.0000976562501,-749.619207763672,661.9199890136719,227.03999023437495,458.44482421875
1763688416.3731096,4,1,2,0.2497527726432876,-0.35724759679087137,-15.438664182678089,-0.02852493084183473,-0.004987872585888217,0.0010679989336840551,842.8800292968749,626.400048828125,109.96474609374991,1482.2400451660155,723.8400207519531,1913.5425292968748,-83.51999511718759,557.2799316406249,244.71044921875,-395.0401367187501,-388.8001464843751,-753.4911865234376,664.3200134277344,229.44001464843745,458.44482421875
1763688416.4694626,4,1,2,0.2759202652647724,-0.4754510580865021,-15.285125044139965,-0.03312094872970494,-0.00767218488647985,0.00048694998341733756,847.6799560546874,628.8000732421875,98.34877929687491,1491.840020751953,723.8400207519531,1925.1582519531248,-88.32004394531259,566.8800292968749,244.71044921875,-392.6399902343751,-391.2000488281251,-765.1071838378907,673.9199890136719,227.03999023437495,466.188720703125
1763688416.5779345,4,1,2,0.26049212771134883,-0.39650503367779183,-15.304635905636907,-0.029134927623143847,-0.00655831949224496,0.0006471601336854415,847.6799560546874,626.400048828125,102.22084960937491,1501.440118408203,721.4399963378906,1932.9023925781248,-81.12009277343759,562.0799804687499,236.966552734375,-392.6399902343751,-398.4000000000001,-761.2352050781251,671.5200866699219,222.23994140624995,470.060791015625
1763688416.6738439,4,1,2,0.3105148808766594,-0.42840493191886425,-15.345563339045826,-0.030896241589398903,-0.008047019515687665,0.0007052239572051221,852.4800048828124,628.8000732421875,102.22084960937491,1508.640069580078,726.2400451660156,1936.7744628906248,-85.92001953125009,564.4801269531249,248.58251953125,-397.4400390625001,-398.4000000000001,-765.1071838378907,676.3200134277344,224.63996582031245,470.060791015625
1763688416.7822828,4,1,2,0.42007083929045896,-0.4869926175310657,-15.103461234338509,-0.034103604271037063,-0.013768503401926134,7.73299857524069e-05,857.2800537109374,628.8000732421875,102.22084960937491,1515.840020751953,716.6400085449219,1936.7744628906248,-85.92001953125009,566.8800292968749,236.966552734375,-392.6399902343751,-396.0000976562501,-765.1071838378907,678.7200378417969,227.03999023437495,477.804931640625
1763688416.8735647,4,1,2,0.4215201334539969,-0.5068384332908558,-15.105912649875973,-0.03458823798969103,-0.013793067531161718,0.0006233414260065143,857.2800537109374,631.20009765625,102.22084960937491,1520.640069580078,721.4399963378906,1940.6465332031248,-85.92001953125009,569.2799316406249,248.58251953125,-395.0401367187501,-396.0000976562501,-768.9791931152345,676.3200134277344,229.44001464843745,473.932861328125
1763688416.9652486,4,1,2,0.4234307910089255,-0.44318674559422977,-15.014638224466326,-0.03254264711000156,-0.013306393084599836,0.00034666247264955683,857.2800537109374,626.400048828125,98.34877929687491,1520.640069580078,721.4399963378906,1936.7744628906248,-83.51999511718759,571.6800781249999,248.58251953125,-395.0401367187501,-398.4000000000001,-757.3631958007813,673.9199890136719,219.84003906249995,473.932861328125
1763688417.1711724,4,1,2,0.3995623688738773,-0.4646230962212725,-14.769804762749812,-0.03483054969388029,-0.013385545123547926,0.0002697533881537797,859.6799560546874,633.6,109.96474609374991,1525.440118408203,719.0400329589844,1936.7744628906248,-83.51999511718759,569.2799316406249,248.58251953125,-395.0401367187501,-393.5999511718751,-768.9791931152345,681.1200622558594,227.03999023437495,481.6767578125
1763688417.2793577,4,1,2,0.37748996075870334,-0.38724876873487224,-14.806014288352658,-0.031194699227848302,-0.013155527738423127,0.0002660817216488705,859.6799560546874,636.0000244140625,102.22084960937491,1525.440118408203,719.0400329589844,1932.9023925781248,-85.92001953125009,574.0799804687499,248.58251953125,-392.6399902343751,-396.0000976562501,-772.8512023925782,681.1200622558594,229.44001464843745,473.932861328125
1763688417.3729951,4,1,2,0.4488701392448786,-0.48457707976791736,-14.71662732040387,-0.03427483585969496,-0.016037657113043433,0.00029207386153733746,869.2800537109374,633.6,106.09291992187491,1530.2400451660155,714.2400451660156,1948.3901855468748,-83.51999511718759,569.2799316406249,240.83837890625,-395.0401367187501,-391.2000488281251,-765.1071838378907,683.5200866699219,227.03999023437495,477.804931640625
1763688417.4855177,4,1,2,0.5301791149675076,-0.44815105887078593,-14.611632865809305,-0.03274151820765511,-0.01811293074062088,0.00033217597079049106,866.8800292968749,633.6,102.22084960937491,1535.0400939941405,716.6400085449219,1944.5181152343748,-83.51999511718759,571.6800781249999,244.71044921875,-395.0401367187501,-393.5999511718751,-768.9791931152345,681.1200622558594,231.84003906249995,473.932861328125
1763688417.6702378,4,1,2,0.4621110399396617,-0.36694228919153726,-14.576357997961969,-0.028401703080391284,-0.01708895504781898,4.447844109676082e-05,864.4800048828124,638.400048828125,98.34877929687491,1542.2400451660155,714.2400451660156,1948.3901855468748,-83.51999511718759,574.0799804687499,248.58251953125,-395.0401367187501,-396.0000976562501,-768.9791931152345,683.5200866699219,224.63996582031245,477.804931640625
1763688417.8748572,4,1,2,0.5121833265501905,-0.4186282394596142,-14.517233029225991,-0.030286126630110044,-0.018569460767872747,0.00045221339920928274,869.2800537109374,638.400048828125,102.22084960937491,1535.0400939941405,716.6400085449219,1940.6465332031248,-78.72006835937509,574.0799804687499,252.454345703125,-392.6399902343751,-396.0000976562501,-772.8512023925782,681.1200622558594,224.63996582031245,485.548828125
1763688417.9691968,4,1,2,0.5184974781391389,-0.33496599600220706,-14.488554977858811,-0.027068838827732554,-0.019055357923362343,0.0006253889721045316,866.8800292968749,633.6,106.09291992187491,1535.0400939941405,711.8400207519531,1944.5181152343748,-81.12009277343759,574.0799804687499,252.454345703125,-397.4400390625001,-398.4000000000001,-768.9791931152345,683.5200866699219,229.44001464843745,481.6767578125
1763688418.174454,4,1,2,0.4703375795235421,-0.28174570823828404,-14.281983654118756,-0.025619550411462348,-0.015785264171195572,-7.999463642139682e-05,866.8800292968749,638.400048828125,106.09291992187491,1537.440118408203,711.8400207519531,1944.5181152343748,-83.51999511718759,576.4801269531249,244.71044921875,-395.0401367187501,-396.0000976562501,-772.8512023925782,683.5200866699219,224.63996582031245,481.6767578125
1763688418.5815506,4,1,2,0.5161251079719544,-0.25714809439382064,-13.532139336316103,-0.023300991492471432,-0.019528256543605137,0.0002729356737848792,852.4800048828124,624.0000244140625,106.09291992187491,1496.640069580078,690.2400451660156,1898.0542480468748,-85.92001953125009,569.2799316406249,244.71044921875,-390.2400878906251,-396.0000976562501,-745.7471984863282,673.9199890136719,222.23994140624995,477.804931640625
1763688418.6737592,4,1,2,0.5404671146734918,-0.3581165889111007,-13.229688759139897,-0.02756621240396976,-0.019092927978962216,-1.97389996286464e-05,833.2800537109374,614.400048828125,113.83681640624991,1453.440118408203,671.0400329589844,1867.0781738281248,-81.12009277343759,557.2799316406249,248.58251953125,-383.0401367187501,-396.0000976562501,-726.3872131347657,654.7200378417969,222.23994140624995,470.060791015625
1763688418.7811196,4,1,2,0.5607605388699145,-0.2654486103648491,-12.391537949091106,-0.020630460291465952,-0.024972583580294257,-1.2311782311168196e-05,814.0799804687499,602.400048828125,117.70888671874991,1410.2400451660155,637.4399963378906,1820.6143066406248,-76.32004394531259,557.2799316406249,252.454345703125,-380.6399902343751,-393.5999511718751,-707.0271972656251,635.5200256347656,217.44001464843745,473.932861328125
1763688418.874679,4,1,2,0.700734560787762,-0.1921299447748396,-11.702106577950236,-0.0225496406287388,-0.03803047391131236,-0.00025362418171447293,797.2800537109374,588.0000244140625,125.45278320312491,1367.0400939941405,618.2400451660156,1770.2783691406248,-81.12009277343759,545.2799316406249,252.454345703125,-375.8399414062501,-396.0000976562501,-683.7952026367188,625.9200500488281,219.84003906249995,458.44482421875
1763688418.9704068,4,1,2,0.7978692361077865,-0.11821616189566121,-10.780940238585986,-0.011481351821194564,-0.03138591091992503,-0.00019446718192330046,768.4800048828124,571.20009765625,121.58095703124991,1311.840020751953,596.6400085449219,1712.1982910156248,-81.12009277343759,538.0799804687499,252.454345703125,-368.6399902343751,-391.2000488281251,-652.8191894531251,606.7200378417969,210.23994140624995,462.31689453125
1763688418.9983907,4,1,2,0.7995610548724766,-0.13551985837349706,-10.768978439517438,-0.013623334779909117,-0.033856726832741005,-0.0007458685796162086,763.6799560546874,568.8000732421875,129.3248535156249,1299.840020751953,587.0400329589844,1704.4541503906248,-71.51999511718759,535.6800781249999,248.58251953125,-366.2400878906251,-391.2000488281251,-652.8191894531251,599.5200256347656,210.23994140624995,458.44482421875
1763688419.0950136,4,1,2,0.644740338808865,-0.12078002724097078,-9.995779055438135,-0.013528508678267409,-0.02672330251386704,-0.0008590310344551047,725.2800537109374,549.6,137.0687499999999,1218.2400451660155,543.8400207519531,1634.7583496093748,-73.92001953125009,523.6800781249999,252.454345703125,-361.4400390625001,-393.5999511718751,-617.9711975097657,563.5200256347656,212.63996582031245,439.084716796875
1763688419.2016828,4,1,2,0.9154745164691365,0.15225231802852907,-9.095947786972772,-0.005420817959550794,-0.05021372152522824,-0.001080124122116655,691.6799560546874,520.8000732421875,137.0687499999999,1136.640069580078,515.0400329589844,1553.4463378906248,-73.92001953125009,494.8800292968749,248.58251953125,-349.4400390625001,-384.0000976562501,-583.1232055664063,534.7200378417969,205.44001464843745,427.46875
1763688419.378581,4,1,2,0.7041156354896418,0.06436750797370969,-7.315947645096032,0.0015743546362874117,-0.030084064389943283,-0.0007912643952631393,624.4800048828124,465.6,140.9408203124999,995.0400939941406,431.0400329589844,1375.3345214843748,-59.51999511718759,478.0799804687499,252.454345703125,-320.6399902343751,-376.8001464843751,-513.4272216796876,469.9200500488281,188.63996582031245,400.36474609375
1763688419.469387,4,1,2,0.7593637248636307,0.2478388377492572,-6.536227940923448,0.0005698830125847321,-0.04278668054952792,-0.0008491023031802179,0,0,0,0,0,0,0,0,0,0,0,0,0,0,0
1763688419.513032,4,1,2,0.7400121422737704,0.24499066035408457,-6.429711140393579,0.0012487581687530037,-0.04427333609909183,-0.0013553345707344052,554.8800292968749,417.6,140.9408203124999,865.4399963378906,387.84002075195315,1239.8145019531248,-59.51999511718759,444.4801269531249,252.454345703125,-294.2400878906251,-360.0000976562501,-455.34720458984384,414.72003784179685,186.23994140624995,361.644775390625
1763688419.60919,4,1,2,0.6661843822270761,0.17016603318595863,-5.554100509109192,0.01259079490086214,-0.01835148736742995,-0.0005111460894146849,523.6799560546874,384.0000244140625,137.0687499999999,803.0400939941406,359.0400329589844,1139.1421386718748,-52.32004394531259,432.4801269531249,244.71044921875,-279.8399414062501,-345.5999511718751,-428.24320068359384,378.72003784179685,174.23994140624995,346.15673828125
1763688419.7827377,4,1,2,0.7701420661475725,0.328730181058979,-4.375969670158913,0.01568197501134401,-0.029198222558254848,-0.0007973377103457379,0,0,0,0,0,0,0,0,0,0,0,0,0,0,0
1763688419.8772001,4,1,2,0.46688716624804877,0.487060047991905,-3.7682846251507947,0.01420349238891963,-0.024039535577856985,-0.0012232972087110286,413.2800537109374,304.8000732421875,121.58095703124991,601.4400573730469,279.84002075195315,902.9502441406248,-40.32004394531259,372.4801269531249,236.966552734375,-231.8399414062501,-312.0000976562501,-315.9551757812501,292.32001342773435,155.03999023437495,264.8447265625
1763688419.971243,4,1,2,0.4730696401429607,0.3674585772901452,-3.234844759699482,0.01092487831563889,-0.030888252623471817,-0.0015853924592617711,384.4800048828124,273.6,121.58095703124991,543.8400207519531,251.0400329589844,833.2544433593748,-35.51999511718759,353.2799316406249,236.966552734375,-217.4400390625001,-297.5999511718751,-300.46719970703134,265.91998901367185,140.63996582031245,264.8447265625
1763688420.0784745,4,1,2,0.6356290763950802,0.27173838976591946,-2.9321003305641056,0.017662696361436452,-0.013874158638300115,-0.0012019433596843231,0,0,0,0,0,0,0,0,0,0,0,0,0,0,0
1763688420.108006,4,1,2,0.6412030500832824,0.2536303195309869,-2.9077790821846636,0.014701292371158426,-0.01631045001135434,-0.0008142691245544903,331.6799560546874,244.80007324218752,113.83681640624991,469.4400573730469,222.24001464843752,736.4541503906248,-28.32004394531259,314.8800292968749,225.350341796875,-198.2400878906251,-273.5999511718751,-265.61917724609384,232.32001342773435,143.03999023437495,233.868896484375
1763688420.2146716,4,1,2,0.26226072430357006,0.4764292308872883,-2.496797874067254,0.019955478064969005,-0.019870006505305602,-0.0018355325324908639,300.4800048828124,216.00002441406252,98.34877929687491,428.6400085449219,203.04000244140627,670.6304199218748,-28.32004394531259,293.2799316406249,229.222412109375,-179.0401367187501,-256.8001464843751,-238.51517333984384,203.5200256347656,135.84003906249995,206.764892578125
1763688420.322944,4,1,2,0.28220579803193546,0.36553998726030634,-2.212222918931839,0.01240017440855255,-0.015253533005610633,-0.0011307810861714244,290.8800292968749,199.19997558593752,106.09291992187491,407.0400329589844,174.24001464843752,620.2944824218748,-21.12009277343759,281.2799316406249,225.350341796875,-155.0401367187501,-249.5999511718751,-203.6672119140626,179.5200256347656,126.23994140624995,202.892822265625
1763688420.482164,4,1,2,0.1624544358103722,0.3533408954992398,-1.662018006976932,0.01446152187627062,-0.014498857168971532,-0.0009233362219641135,250.0799804687499,172.80007324218752,98.34877929687491,347.0400329589844,152.6400085449219,554.4702636718748,-18.72006835937509,259.6800781249999,213.734375,-143.0401367187501,-230.4000000000001,-188.1791748046876,155.5200256347656,116.63996582031245,187.40478515625
1763688420.51091,4,1,2,0.18090843753058566,0.3811415479894108,-1.7976583767414809,0.014300025826131995,-0.014300076664493752,-0.001444087347296162,250.0799804687499,165.60000000000002,86.73281249999991,339.84002075195315,150.24001464843752,546.7261230468748,-16.32004394531259,252.4801269531249,209.862548828125,-140.6399902343751,-223.2000488281251,-188.1791748046876,153.1200012207031,119.03999023437495,183.53271484375
1763688420.5888598,4,1,2,0.28724989532654244,0.40400020723664704,-1.4775765360845707,0.015776736715217357,-0.01450712939741658,-0.0012477465591885816,235.6799560546874,158.40004882812502,86.73281249999991,325.43999633789065,143.04000244140627,515.7505371093748,-18.72006835937509,247.6800781249999,202.118408203125,-133.4400390625001,-213.5999511718751,-184.3072265625001,143.5200256347656,114.23994140624995,168.044921875
1763688420.683255,4,1,2,0.2382748770480133,0.3473206968177279,-1.2740419631414654,0.012462454026113855,-0.009513196785540978,-0.0015740791884073083,223.6799560546874,141.60000000000002,86.73281249999991,301.43999633789065,126.24001464843752,477.0303222656248,-11.519995117187591,238.0799804687499,209.862548828125,-131.0401367187501,-206.4000000000001,-164.94718017578134,129.1200012207031,107.03999023437495,164.1728515625
1763688420.7791927,4,1,2,0.2830751232655873,0.40057470120846245,-1.13009181554681,0.014835434085457861,-0.012764941388752934,-0.0009706582521852336,209.2799316406249,132.00002441406252,82.86074218749991,279.84002075195315,121.43999633789065,457.6704589843748,-13.920019531250091,226.0799804687499,202.118408203125,-121.44003906250009,-201.5999511718751,-153.33121337890634,119.51999511718748,99.84003906249995,152.556884765625
1763688420.8734188,4,1,2,0.17483233266433656,0.3624791481200564,-1.0501657516292104,0.013490842401345583,-0.00884127785632598,-0.0010213565387817022,194.8800292968749,120.00002441406252,78.98891601562491,253.43999633789065,104.6400085449219,415.0781738281248,-9.120092773437591,218.8800292968749,202.118408203125,-114.24008789062509,-189.5999511718751,-133.97122802734384,107.51999511718748,102.23994140624995,148.684814453125
1763688420.9815938,4,1,2,0.2169755308012864,0.3778793135278955,-0.8562552293577039,0.011998851282088718,-0.008648003374040068,-0.0010383319062553078,187.6799560546874,108.00002441406252,78.98891601562491,241.43999633789065,99.83999023437502,395.7183105468748,-6.720068359375091,211.6800781249999,198.246337890625,-107.04013671875009,-182.4000000000001,-133.97122802734384,95.51999511718748,92.63996582031245,144.812744140625
1763688421.07499,4,1,2,0.13307888465977993,0.3085763948251734,-0.7592036150198098,0.010754655317857588,-0.00567399169357923,-0.001001892748997029,173.2799316406249,96.00002441406252,82.86074218749991,222.24004516601565,87.83999023437502,364.7422363281248,-6.720068359375091,204.4801269531249,202.118408203125,-104.63999023437509,-168.0000976562501,-118.48319091796884,83.51999511718748,90.23994140624995,129.32470703125
1763688421.1811264,4,1,2,0.2186559197431585,0.3497792947114783,-0.5799844988661524,0.013541191508815373,-0.009908800587420073,-0.0010870858122201301,166.0799804687499,88.80007324218752,78.98891601562491,217.43999633789065,75.83999023437502,337.6382324218748,0.48000488281240905,197.2799316406249,186.63037109375,-97.44003906250009,-158.4000000000001,-118.48319091796884,73.92001953124998,85.44001464843745,117.708740234375
1763688421.371629,4,1,2,0.2218284922159881,0.2696994982805113,-0.458882633138366,0.010239803062038973,-0.009215077593806692,-0.0008165349699630896,149.2799316406249,67.19997558593752,67.37294921874991,186.24004516601565,71.04000244140627,302.7905761718748,-4.320043945312591,180.4800048828124,186.63037109375,-92.63999023437509,-141.5999511718751,-102.99521484375009,64.32001342773435,83.03999023437495,106.0927734375
1763688421.576916,4,1,2,0.10918591160331889,0.3097352612504852,-0.3280693754541558,0.008896614134763873,-0.006394299578886769,-0.0003870446480402796,137.2799316406249,60.00002441406252,55.75673828124991,171.84002075195315,63.83999023437502,264.0703613281248,2.879907226562409,168.4800048828124,175.014404296875,-85.44003906250009,-127.20004882812509,-102.99521484375009,54.72000732421873,78.23994140624995,102.220703125
1763688422.8760257,4,1,2,0.042333744096594794,-0.15058597435390436,0.25704356073775975,-0.0038194811931150856,0.002737561779462543,0.00027832963659141056,86.88002929687491,9.600000000000023,28.65273437499991,107.04000244140627,39.83999023437502,128.55034179687482,5.279931640624909,113.28005371093741,124.678466796875,-68.63999023437509,-55.20004882812509,-79.76322021484384,4.320013427734352,47.039990234374955,63.500732421875
1763688423.0786762,4,1,2,-0.042629203930883305,0.12060443657892922,0.32561440703520456,0.00038348649170672454,0.004062793850925339,-0.0004837024629129502,79.67995605468741,4.800012207031273,24.78090820312491,97.44002685546877,35.04000244140627,120.80620117187482,10.079980468749909,103.67995605468741,128.550537109375,-63.83994140625009,-50.40000000000009,-75.89121093750009,6.720007324218727,47.039990234374955,55.7568359375
1763688423.2770152,4,1,2,-0.03469696412552383,0.07969235248809821,0.32579523900997037,0.00022738314122421554,0.0031580017918602064,-0.000480968832848969,79.67995605468741,2.4414062522737368e-05,24.78090820312491,92.6400085449219,37.43999633789065,116.93413085937482,5.279931640624909,101.28005371093741,120.806396484375,-61.44003906250009,-43.20004882812509,-75.89121093750009,4.320013427734352,39.840039062499955,51.884765625
1763688423.581972,4,1,2,-0.0686600887064596,0.05787087915959238,0.25815552051467994,-0.00015395331109638462,0.003911693808828175,-0.0006608914538288614,82.07998046874991,2.4414062522737368e-05,17.03676757812491,85.44002685546877,35.04000244140627,101.44633789062482,12.480004882812409,96.48000488281241,116.934326171875,-63.83994140625009,-45.59995117187509,-75.89121093750009,6.720007324218727,42.239941406249955,48.0126953125
1763688423.7830372,4,1,2,-0.050395715671034,0.07918123336095459,0.2751228244616567,-0.00014247076814661512,0.0032884645965024885,-0.0009696194957239271,77.27993164062491,2.4414062522737368e-05,28.65273437499991,95.04000244140627,37.43999633789065,97.57426757812482,5.279931640624909,96.48000488281241,109.1904296875,-61.44003906250009,-48.00009765625009,-72.01920166015634,1.9199890136718523,39.840039062499955,44.140869140625
1763688423.8780904,4,1,2,-0.07566320803127348,0.043413393220626914,0.2737758788486429,-0.0006023859317934198,0.0037821597072314568,-0.0006559916286182568,77.27993164062491,2.4414062522737368e-05,17.03676757812491,85.44002685546877,32.6400085449219,101.44633789062482,10.079980468749909,98.88002929687491,113.0625,-66.24008789062509,-45.59995117187509,-68.14719238281259,4.320013427734352,39.840039062499955,40.268798828125
1763688424.2806492,4,1,2,-0.06367752578530117,0.10726716072308773,0.22163066819288574,-0.0007575247664450208,0.0036515327513888477,-0.0002900926937897946,70.07998046874991,-4.799963378906227,20.90883789062491,85.44002685546877,30.239984130859398,89.83012695312482,7.679956054687409,96.48000488281241,109.1904296875,-51.83994140625009,-40.80014648437509,-72.01920166015634,4.320013427734352,37.440014648437455,40.268798828125
1763688424.3748415,4,1,2,-0.06889964154211992,0.10030420876330887,0.2437418955067932,0.00036301981510471855,0.0032554451943394057,-0.0005894723932967549,77.27993164062491,2.4414062522737368e-05,17.03676757812491,92.6400085449219,35.04000244140627,93.70219726562482,7.679956054687409,96.48000488281241,109.1904296875,-56.63999023437509,-43.20004882812509,-75.89121093750009,1.9199890136718523,42.239941406249955,40.268798828125
1763688424.482634,4,1,2,-0.0661632835916158,0.059410925788012256,0.22281921439317173,-0.0006452694375174003,0.00340640003397797,-0.00044137664657914005,72.48000488281241,2.4414062522737368e-05,13.164941406249909,83.04000244140627,32.6400085449219,93.70219726562482,12.480004882812409,86.88002929687491,109.1904296875,-59.04013671875009,-40.80014648437509,-75.89121093750009,1.9199890136718523,39.840039062499955,36.396728515625
1763688424.5754275,4,1,2,-0.04116511030637194,0.073905701624054,0.23993233279776713,-0.00035545118045989107,0.003291697679485989,-0.000669978652053771,70.07998046874991,-2.3999999999999773,20.90883789062491,85.44002685546877,30.239984130859398,93.70219726562482,7.679956054687409,86.88002929687491,109.1904296875,-54.24008789062509,-40.80014648437509,-75.89121093750009,1.9199890136718523,42.239941406249955,36.396728515625
1763688424.669948,4,1,2,-0.04293782889558171,0.053794089625016875,0.22361230610092642,-0.0001888102201342669,0.0034982017340333036,-0.0005950749128637289,72.48000488281241,2.4414062522737368e-05,9.292871093749909,83.04000244140627,30.239984130859398,89.83012695312482,10.079980468749909,89.28005371093741,109.1904296875,-59.04013671875009,-38.40000000000009,-68.14719238281259,1.9199890136718523,37.440014648437455,36.396728515625
1763688424.981332,4,1,2,-0.06465867543872533,0.04811904514322077,0.3054424220599919,-0.0010566435523069715,0.003589897460492425,-0.0007253636252006154,72.48000488281241,2.4414062522737368e-05,9.292871093749909,83.04000244140627,30.239984130859398,93.70219726562482,7.679956054687409,89.28005371093741,101.446533203125,-54.24008789062509,-33.59995117187509,-75.89121093750009,1.9199890136718523,37.440014648437455,44.140869140625
1763688425.5781498,4,1,2,-0.031014317793848778,0.04102576428420522,0.23847166645177648,-0.0009616472237602221,0.0026449973273165056,-0.0010613697478088113,67.67995605468741,-2.3999999999999773,20.90883789062491,83.04000244140627,37.43999633789065,85.95854492187482,10.079980468749909,86.88002929687491,97.574462890625,-51.83994140625009,-36.00009765625009,-64.27518310546884,4.320013427734352,32.639965820312455,40.268798828125
1763688425.776897,4,1,2,-0.07219991759066972,0.011832410352849949,0.21887009643089017,-0.0017174892970154413,0.004015261759257563,-0.000677670393252551,65.27993164062491,4.800012207031273,13.164941406249909,83.04000244140627,30.239984130859398,85.95854492187482,10.079980468749909,82.07998046874991,93.702392578125,-54.24008789062509,-36.00009765625009,-72.01920166015634,4.320013427734352,35.039990234374955,36.396728515625
1763688426.0721347,4,1,2,-0.0765521143144646,0.046888932218953266,0.21667075086157556,-0.0022606472390993898,0.003749707630899792,-0.0002930359739885714,65.27993164062491,4.800012207031273,17.03676757812491,85.44002685546877,37.43999633789065,89.83012695312482,7.679956054687409,74.88002929687491,97.574462890625,-51.83994140625009,-36.00009765625009,-68.14719238281259,1.9199890136718523,27.840039062499955,36.396728515625
1763688426.181715,4,1,2,-0.060317180988286874,0.045940458076746335,0.21639690904647607,-0.0020998312782043167,0.003893483540345421,-0.0002924040566281834,65.27993164062491,2.4414062522737368e-05,5.420800781249909,78.24001464843752,37.43999633789065,82.08623046874982,10.079980468749909,79.67995605468741,85.95849609375,-51.83994140625009,-36.00009765625009,-75.89121093750009,4.320013427734352,32.639965820312455,28.65283203125
1763688426.2247758,4,1,2,-0.05248461219373794,0.051311241800439056,0.2005222109213512,-0.0018981431721169935,0.003737396634027148,-0.0006104709385164671,67.67995605468741,2.4414062522737368e-05,9.292871093749909,80.6400085449219,32.6400085449219,74.34233398437482,7.679956054687409,77.28005371093741,89.83056640625,-51.83994140625009,-36.00009765625009,-68.14719238281259,-0.48000488281252274,30.239941406249955,36.396728515625
1763688426.3830476,4,1,2,-0.07927914932059073,0.04389519436967845,0.21792411767378267,-0.0017950490346209922,0.004627521224336159,-0.0005246264062972496,62.88002929687491,-4.799963378906227,9.292871093749909,75.84002075195315,35.04000244140627,78.21440429687482,7.679956054687409,77.28005371093741,89.83056640625,-47.04013671875009,-31.20004882812509,-68.14719238281259,1.9199890136718523,37.440014648437455,32.52490234375
1763688426.411985,4,1,2,-0.06425232051126807,0.04535778216898972,0.27036111275705993,-0.0012635893694975104,0.004234921539144339,-0.0007384160017092844,62.88002929687491,2.4414062522737368e-05,5.420800781249909,75.84002075195315,32.6400085449219,74.34233398437482,5.279931640624909,77.28005371093741,85.95849609375,-49.44003906250009,-31.20004882812509,-68.14719238281259,4.320013427734352,35.039990234374955,28.65283203125
1763688426.6825068,4,1,2,-0.08213307816954803,0.027040190954452488,0.27110099402632537,-0.0012383646953355498,0.004107933981860532,-0.0004236340308404324,62.88002929687491,-2.3999999999999773,5.420800781249909,75.84002075195315,35.04000244140627,78.21440429687482,7.679956054687409,74.88002929687491,89.83056640625,-44.63999023437509,-33.59995117187509,-64.27518310546884,1.9199890136718523,30.239941406249955,28.65283203125
1763688426.8727858,4,1,2,-0.05450835957595211,0.07180442556804864,0.28733710395914475,-0.0012026018365220653,0.0036791590830694237,-0.000656404137193855,60.48000488281241,-2.3999999999999773,5.420800781249909,71.04000244140627,30.239984130859398,66.59843749999982,5.279931640624909,72.48000488281241,82.08642578125,-47.04013671875009,-28.80014648437509,-75.89121093750009,1.9199890136718523,27.840039062499955,28.65283203125
1763688426.9828968,4,1,2,-0.07043897832727986,0.03182532132450213,0.235445526669809,-0.001890670970756925,0.0038122134980326837,-0.000987046469011077,60.48000488281241,2.4414062522737368e-05,1.548730468749909,78.24001464843752,27.839990234375023,66.59843749999982,7.679956054687409,77.28005371093741,85.95849609375,-49.44003906250009,-28.80014648437509,-72.01920166015634,1.9199890136718523,30.239941406249955,28.65283203125
1763688427.1750515,4,1,2,-0.05299309410836928,0.043333931841643955,0.2688436551809862,-0.0017721518507890074,0.0032861853964083055,-0.0006630931390138679,60.48000488281241,2.3999877929687727,9.292871093749909,73.44002685546877,35.04000244140627,70.47026367187482,7.679956054687409,74.88002929687491,78.21435546875,-47.04013671875009,-28.80014648437509,-68.14719238281259,4.320013427734352,27.840039062499955,20.90869140625
1763688427.4843585,4,1,2,-0.06883629777778122,0.013518576465192788,0.2166183597085666,-0.0023643153961281247,0.003409952425860891,-0.0004470567122448522,65.27993164062491,2.3999877929687727,9.292871093749909,73.44002685546877,32.6400085449219,74.34233398437482,10.079980468749909,77.28005371093741,82.08642578125,-44.63999023437509,-33.59995117187509,-72.01920166015634,1.9199890136718523,32.639965820312455,28.65283203125
1763688427.7812192,4,1,2,-0.08541536728984445,0.002156085394033329,0.21630480065336305,-0.002638344488677142,0.003835964969087286,-0.0007599111684722197,62.88002929687491,4.800012207031273,13.164941406249909,80.6400085449219,35.04000244140627,85.95854492187482,7.679956054687409,77.28005371093741,89.83056640625,-49.44003906250009,-36.00009765625009,-72.01920166015634,9.120001220703102,35.039990234374955,36.396728515625
1763688429.078628,4,1,2,0.050593229685652004,0.08217541839055054,-0.26272675831892783,0.0002875583453630198,-0.0003616346454950974,-0.0003014906557688221,91.67995605468741,19.200036621093773,24.78090820312491,99.84002075195315,44.6400085449219,136.29448242187482,10.079980468749909,108.48000488281241,113.0625,-61.44003906250009,-69.59995117187509,-75.89121093750009,18.720007324218727,49.440014648437455,63.500732421875
1763688429.374669,4,1,2,0.04458545665254828,0.10672389236426016,-0.2300995412740616,-4.487270805432128e-06,-0.00041097180136087327,-0.00021506576406949825,82.07998046874991,19.200036621093773,24.78090820312491,102.24001464843752,42.2399841308594,132.42241210937482,5.279931640624909,108.48000488281241,113.0625,-66.24008789062509,-72.00009765625009,-79.76322021484384,11.519995117187477,47.039990234374955,55.7568359375
1763688429.483405,4,1,2,0.06227179892004377,0.06737857781572067,-0.24904392083700333,-0.0004960454865541269,-0.000657793779043284,-0.00029885693443528925,89.27993164062491,19.200036621093773,24.78090820312491,102.24001464843752,42.2399841308594,132.42241210937482,2.879907226562409,108.48000488281241,113.0625,-56.63999023437509,-67.20004882812509,-79.76322021484384,16.320013427734352,47.039990234374955,59.62890625
1763688429.5778835,4,1,2,0.045197664239909965,0.0861717716575153,-0.21415521588318323,-0.0003450452415565716,-0.00031652005991413337,-0.0005999452097766262,86.88002929687491,19.200036621093773,24.78090820312491,102.24001464843752,47.04000244140627,132.42241210937482,2.879907226562409,108.48000488281241,109.1904296875,-63.83994140625009,-69.59995117187509,-79.76322021484384,16.320013427734352,44.639965820312455,51.884765625
1763688429.7806184,4,1,2,0.033489454289679775,0.07410105447640725,-0.32964260567354725,0.00021063995071731172,-0.0006013678242155107,6.592963202814859e-05,86.88002929687491,12.000024414062523,28.65273437499991,99.84002075195315,39.83999023437502,136.29448242187482,7.679956054687409,110.88002929687491,120.806396484375,-63.83994140625009,-64.80014648437509,-75.89121093750009,13.920019531249977,44.639965820312455,59.62890625
1763688429.9332254,4,1,2,0.03493020602974111,0.05288282706961849,-0.24719648713382,-0.0002835583231926877,-0.0004154946001387039,-0.0002957914314549185,89.27993164062491,16.800012207031273,20.90883789062491,97.44002685546877,42.2399841308594,128.55034179687482,5.279931640624909,110.88002929687491,113.0625,-61.44003906250009,-72.00009765625009,-79.76322021484384,21.120001220703102,44.639965820312455,55.7568359375
1763688430.077698,4,1,2,0.04531075178250252,0.07802189870089601,-0.2312188659940877,-0.0004037986847374591,-0.0006987527970179066,-0.0002147563185930723,86.88002929687491,19.200036621093773,24.78090820312491,99.84002075195315,44.6400085449219,128.55034179687482,0.48000488281240905,108.48000488281241,116.934326171875,-61.44003906250009,-67.20004882812509,-72.01920166015634,16.320013427734352,44.639965820312455,63.500732421875
1763688430.8715386,4,1,2,0.04254341888458196,0.06533921614614929,-0.2306533950759854,-7.943215346049371e-06,0.00017452501086619315,-5.5136163615407113e-05,82.07998046874991,16.800012207031273,20.90883789062491,95.04000244140627,37.43999633789065,132.42241210937482,7.679956054687409,106.07998046874991,120.806396484375,-59.04013671875009,-69.59995117187509,-79.76322021484384,11.519995117187477,42.239941406249955,48.0126953125
1763688431.199335,4,1,2,0.02437387729249585,0.10753117418250842,-0.22708639962091487,0.0006758321871182473,-0.0002288542220385281,2.3610062138567267e-05,84.48000488281241,16.800012207031273,28.65273437499991,97.44002685546877,39.83999023437502,128.55034179687482,5.279931640624909,110.88002929687491,116.934326171875,-61.44003906250009,-69.59995117187509,-79.76322021484384,16.320013427734352,42.239941406249955,51.884765625
1763688431.3752792,4,1,2,0.05064327947617106,0.08310634556468043,-0.29639938566068674,0.0002922293902678882,-0.0005565274796498351,-7.907782813024622e-05,84.48000488281241,12.000024414062523,28.65273437499991,97.44002685546877,37.43999633789065,120.80620117187482,10.079980468749909,110.88002929687491,120.806396484375,-59.04013671875009,-64.80014648437509,-75.89121093750009,11.519995117187477,47.039990234374955,55.7568359375
1763688431.5145125,4,1,2,0.042113934173507644,0.11600779917806425,-0.27846206339964236,0.000553054722261293,-0.00010466799907431199,-0.00038700331510320657,82.07998046874991,14.399987792968773,24.78090820312491,97.44002685546877,42.2399841308594,128.55034179687482,7.679956054687409,106.07998046874991,116.934326171875,-59.04013671875009,-62.40000000000009,-75.89121093750009,9.120001220703102,44.639965820312455,51.884765625
1763688431.6731596,4,1,2,0.025891170106883556,0.08793739909560497,-0.21147472868620254,0.0001778945770312193,-0.0004258550810585815,-0.00036223001814463614,82.07998046874991,16.800012207031273,20.90883789062491,97.44002685546877,39.83999023437502,120.80620117187482,5.279931640624909,110.88002929687491,113.0625,-59.04013671875009,-64.80014648437509,-79.76322021484384,13.920019531249977,39.840039062499955,51.884765625
1763688431.81036,4,1,2,0.026551313436713048,0.08686722939912894,-0.2129839057801737,9.748109348738955e-06,-0.00016026240665281937,0.00010573790268326719,82.07998046874991,14.399987792968773,17.03676757812491,90.24001464843752,42.2399841308594,120.80620117187482,2.879907226562409,106.07998046874991,109.1904296875,-56.63999023437509,-64.80014648437509,-79.76322021484384,13.920019531249977,42.239941406249955,48.0126953125
1763688431.9181702,4,1,2,0.05785216482294948,0.10720071615481618,-0.2106698644252672,0.000846402718587749,-0.0004155591193718318,-0.0002045212623528172,84.48000488281241,12.000024414062523,24.78090820312491,92.6400085449219,35.04000244140627,116.93413085937482,5.279931640624909,98.88002929687491,105.318359375,-61.44003906250009,-62.40000000000009,-72.01920166015634,9.120001220703102,42.239941406249955,44.140869140625
1763688432.9825687,4,1,2,-0.04164028201410794,0.07042349509160621,0.20467287082893426,-0.0003919359323162287,0.00422126277192405,-0.00021312572095608952,53.27993164062491,-4.799963378906227,1.548730468749909,66.24001464843752,30.239984130859398,66.59843749999982,10.079980468749909,72.48000488281241,82.08642578125,-44.63999023437509,-26.40000000000009,-64.27518310546884,-2.8799987792968977,25.440014648437455,24.78076171875
1763688433.0769532,4,1,2,-0.07841458123277784,0.08544168493043028,0.2103118355318029,0.0004023864520871737,0.003427679107292388,-0.000365299531641596,53.27993164062491,-7.199987792968727,1.548730468749909,66.24001464843752,25.439996337890648,58.85429687499982,7.679956054687409,67.67995605468741,78.21435546875,-39.83994140625009,-26.40000000000009,-64.27518310546884,-0.48000488281252274,30.239941406249955,24.78076171875
1763688433.5778341,4,1,2,-0.03912846163102385,0.07082853298999411,0.25372328914212494,-0.0008797351902864075,0.003919494757577675,-0.0004323987571358417,46.07998046874991,-11.999975585937477,5.420800781249909,56.6400085449219,27.839990234375023,51.11040039062482,10.079980468749909,58.07998046874991,66.598388671875,-39.83994140625009,-21.59995117187509,-60.40317382812509,1.9199890136718523,23.039990234374955,20.90869140625
1763688433.7841575,4,1,2,-0.049302336099387015,0.046905750503865515,0.27233941431155556,-0.0007468583324146548,0.0038371447211678423,-0.0009703029182850063,48.48000488281241,-9.600012207031227,-6.195166015625091,59.04000244140627,23.040002441406273,47.23833007812482,14.879907226562409,65.28005371093741,70.470458984375,-37.44003906250009,-21.59995117187509,-64.27518310546884,-0.48000488281252274,25.440014648437455,17.036865234375
1763688433.8751295,4,1,2,-0.051163765048140845,0.054188560477772284,0.25614034234761984,-0.00036213385291914086,0.00460393403110613,-0.0008966853758837038,48.48000488281241,-7.199987792968727,5.420800781249909,56.6400085449219,27.839990234375023,54.98247070312482,10.079980468749909,65.28005371093741,74.342529296875,-37.44003906250009,-21.59995117187509,-60.40317382812509,-2.8799987792968977,23.039990234374955,17.036865234375
1763688434.0771894,4,1,2,-0.04013231217105874,0.09471674078281729,0.23995385621477744,-0.0003471824944390608,0.0029954934810330165,-0.0005154711160072305,46.07998046874991,-9.600012207031227,1.548730468749909,59.04000244140627,23.040002441406273,51.11040039062482,10.079980468749909,65.28005371093741,78.21435546875,-37.44003906250009,-26.40000000000009,-56.53122558593759,-5.279992675781273,27.840039062499955,13.164794921875
1763688434.1732621,4,1,2,-0.0467172972717,0.0776166929023718,0.22023750168441153,-0.0009960202192038432,0.0035075276650092906,-0.00028915133071429327,48.48000488281241,-7.199987792968727,-6.195166015625091,56.6400085449219,25.439996337890648,47.23833007812482,12.480004882812409,58.07998046874991,74.342529296875,-35.04013671875009,-21.59995117187509,-64.27518310546884,-0.48000488281252274,27.840039062499955,17.036865234375
1763688434.2798772,4,1,2,-0.046664011469725146,0.0772939103273225,0.2712070023016167,-0.0009943730173181265,0.0035196163836584433,-0.000739998682656356,48.48000488281241,-7.199987792968727,-6.195166015625091,61.44002685546877,25.439996337890648,43.36625976562482,12.480004882812409,60.48000488281241,70.470458984375,-39.83994140625009,-21.59995117187509,-64.27518310546884,-0.48000488281252274,23.039990234374955,13.164794921875
1763688434.3745892,4,1,2,-0.04111506047243481,0.07483662879078787,0.20625970542418828,-0.0003507801342730033,0.0030968048447764874,-0.000447565824023426,46.07998046874991,-2.3999999999999773,-6.195166015625091,59.04000244140627,25.439996337890648,54.98247070312482,10.079980468749909,60.48000488281241,74.342529296875,-35.04013671875009,-21.59995117187509,-60.40317382812509,-0.48000488281252274,25.440014648437455,13.164794921875
1763688434.970034,4,1,2,-0.024525459386380087,0.03218167065790983,0.23744095830716538,-0.0006940783385756429,0.003710569459586502,-0.0005123151550590344,50.88002929687491,-7.199987792968727,-2.323095703125091,56.6400085449219,23.040002441406273,35.62236328124982,7.679956054687409,58.07998046874991,74.342529296875,-32.63999023437509,-24.00009765625009,-56.53122558593759,-2.8799987792968977,25.440014648437455,20.90869140625
1763688435.2184846,4,1,2,-0.03519560777564189,0.04854500145152449,0.2407223393805945,-6.153589698401759e-05,0.003532471875537289,-0.0007443440353401574,46.07998046874991,-7.199987792968727,-13.939062500000091,54.24001464843752,25.439996337890648,43.36625976562482,10.079980468749909,60.48000488281241,74.342529296875,-35.04013671875009,-19.20004882812509,-64.27518310546884,-2.8799987792968977,23.039990234374955,13.164794921875
1763688435.4709716,4,1,2,-0.036366737063348586,0.08932646033529629,0.2598031890554332,0.0006212272481057619,0.003355657109635934,-0.0004254324949776009,43.67995605468741,-11.999975585937477,1.548730468749909,61.44002685546877,25.439996337890648,47.23833007812482,12.480004882812409,53.28005371093741,74.342529296875,-39.83994140625009,-21.59995117187509,-60.40317382812509,-0.48000488281252274,25.440014648437455,17.036865234375
1763688435.7830162,4,1,2,-0.04268240308528677,0.09349947673005285,0.22432066174172366,0.0001424864300705838,0.0034886985373960492,-0.00028413857132946797,43.67995605468741,-7.199987792968727,1.548730468749909,56.6400085449219,20.640008544921898,47.23833007812482,10.079980468749909,58.07998046874991,78.21435546875,-37.44003906250009,-24.00009765625009,-60.40317382812509,-5.279992675781273,18.239941406249955,13.164794921875
1763688436.08409,4,1,2,-0.026140308807602177,0.06649157085535622,0.25826420810731665,0.0001043960811539504,0.0027031251654899523,-0.0005046171684076935,43.67995605468741,-11.999975585937477,-2.323095703125091,56.6400085449219,25.439996337890648,47.23833007812482,10.079980468749909,55.67995605468741,66.598388671875,-37.44003906250009,-21.59995117187509,-68.14719238281259,-5.279992675781273,25.440014648437455,13.164794921875
1763688436.1145892,4,1,2,-0.04885525427774902,0.0889624355456689,0.2232547919578048,-0.0004064420542435551,0.003258507531834688,-0.0006774477808022506,41.27993164062491,-11.999975585937477,-2.323095703125091,59.04000244140627,25.439996337890648,43.36625976562482,12.480004882812409,55.67995605468741,70.470458984375,-37.44003906250009,-21.59995117187509,-60.40317382812509,-5.279992675781273,25.440014648437455,9.292724609375
1763688436.2232068,4,1,2,-0.04134408170117011,0.06325250923100546,0.2227137741995015,-0.00045113430427181776,0.0034803333878848583,-0.0007537505500622925,0,0,0,0,0,0,0,0,0,0,0,0,0,0,0
1763688436.489561,4,1,2,-0.06867307666146923,0.06788260647757449,0.2078739159117236,-8.585777647876231e-05,0.0039041408772182303,-0.0006012546894127549,43.67995605468741,-9.600012207031227,-6.195166015625091,59.04000244140627,27.839990234375023,39.49443359374982,14.879907226562409,58.07998046874991,66.598388671875,-44.63999023437509,-19.20004882812509,-60.40317382812509,-5.279992675781273,25.440014648437455,13.164794921875
1763688436.7742774,4,1,2,-0.05079313764304886,0.06719305077091238,0.2235659229499001,-0.00025733110129910666,0.0038461643302933014,-0.0008309946822063293,38.88002929687491,-9.600012207031227,1.548730468749909,54.24001464843752,27.839990234375023,47.23833007812482,14.879907226562409,60.48000488281241,74.342529296875,-37.44003906250009,-19.20004882812509,-64.27518310546884,-5.279992675781273,15.840039062499955,13.164794921875
1763688437.0691926,4,1,2,-0.06589396451844931,0.08068399007470638,0.2070530416020026,-0.0004751725311581841,0.0030274072777627973,-0.0005264025081744121,41.27993164062491,-9.600012207031227,1.548730468749909,56.6400085449219,25.439996337890648,43.36625976562482,12.480004882812409,53.28005371093741,70.470458984375,-35.04013671875009,-24.00009765625009,-64.27518310546884,-5.279992675781273,25.440014648437455,9.292724609375
1763688437.3828278,4,1,2,-0.005265740044768291,0.09249798481294533,0.27141512117169303,-0.0005262087918612313,0.0031675371942099235,-0.0007395181304328663,46.07998046874991,-9.600012207031227,-6.195166015625091,51.84002075195315,27.839990234375023,39.49443359374982,10.079980468749909,60.48000488281241,74.342529296875,-32.63999023437509,-16.80014648437509,-56.53122558593759,1.9199890136718523,25.440014648437455,17.036865234375
1763688438.5765724,4,1,2,0.10272550576800751,0.09094250895078065,-0.26562293167823847,0.00020600429304223385,-0.0005379920488331489,8.752860116646662e-06,0,0,0,0,0,0,0,0,0,0,0,0,0,0,0
1763688438.6713974,4,1,2,0.06970685909583348,0.08818892140073013,-0.26615127568809777,-0.00016986485177851942,0.0003058256438064661,-0.00022701554259721432,82.07998046874991,16.800012207031273,28.65273437499991,97.44002685546877,42.2399841308594,128.55034179687482,5.279931640624909,108.48000488281241,116.934326171875,-54.24008789062509,-74.40000000000009,-79.76322021484384,9.120001220703102,44.639965820312455,55.7568359375
1763688438.7800188,4,1,2,-0.07982388133748279,0.044131715240623634,-0.5291043546902265,3.528242272133556e-05,0.0017614000553470817,-8.049363117128907e-05,89.27993164062491,24.000024414062523,24.78090820312491,99.84002075195315,49.43999633789065,151.78227539062482,-1.920019531250091,108.48000488281241,109.1904296875,-61.44003906250009,-81.59995117187509,-79.76322021484384,21.120001220703102,54.239941406249955,55.7568359375
1763688438.873306,4,1,2,0.08701842516830806,0.13123304288787563,-0.5967267078285072,0.0017532870055098754,0.0010789587865670577,-0.00034040247719147905,91.67995605468741,31.200036621093773,36.39687499999991,107.04000244140627,56.6400085449219,171.14213867187482,2.879907226562409,122.88002929687491,120.806396484375,-61.44003906250009,-96.00009765625009,-87.50717773437509,25.920019531249977,56.639965820312455,59.62890625
1763688438.983583,4,1,2,0.02879868520691592,0.1322316603330202,-0.6980448180903882,0.0011997199509735192,0.002406981504593524,-0.0006912183224006268,103.67995605468741,40.80007324218752,32.52480468749991,119.04000244140627,61.43999633789065,182.75834960937482,0.48000488281240905,125.28005371093741,140.16650390625,-68.63999023437509,-105.59995117187509,-91.37918701171884,28.320013427734352,56.639965820312455,63.500732421875
1763688439.0762343,4,1,2,0.0027457860945879348,0.18137520129964246,-0.8677231783072339,0.003935891058493406,-0.0014744972647349626,-0.0005103643007835148,106.07998046874991,43.19997558593752,32.52480468749991,123.84002075195315,78.2399841308594,213.73442382812482,-9.120092773437591,134.8800292968749,124.678466796875,-73.44003906250009,-115.20004882812509,-99.12320556640634,40.32001342773435,61.440014648437455,75.11669921875
1763688439.1858308,4,1,2,-0.045384856402998566,0.1583578765196172,-1.0626782469844938,0.0022866138721269417,0.004325339587386163,-0.0005836403306708371,118.07998046874991,52.80007324218752,40.26894531249991,131.04000244140627,75.83999023437502,229.22221679687482,-4.320043945312591,144.4800048828124,140.16650390625,-71.04013671875009,-120.00009765625009,-99.12320556640634,42.72000732421873,66.23994140624995,78.98876953125
1763688439.373672,4,1,2,-0.07442077703733568,0.17280035342398192,-1.359157657936257,0.0031742984727137036,0.002582942087969183,-0.00029625575992286545,122.88002929687491,64.80007324218752,48.01284179687491,150.24001464843752,92.6400085449219,248.58256835937482,-16.32004394531259,146.8800292968749,144.038330078125,-80.63999023437509,-134.4000000000001,-118.48319091796884,59.51999511718748,68.63996582031245,78.98876953125
1763688439.5773911,4,1,2,-0.04161134494656776,0.17077539129075162,-1.4310223014993388,0.003117166423739915,0.0052860799682310985,-0.00024339482640334828,125.27993164062491,60.00002441406252,48.01284179687491,150.24001464843752,90.2399841308594,252.45415039062482,-11.519995117187591,149.2800537109374,144.038330078125,-80.63999023437509,-139.2000488281251,-110.73917236328134,54.72000732421873,75.84003906249995,86.73291015625
1763688439.7815928,4,1,2,0.010579693197780057,0.18323808269692252,-1.3778007462309,0.003436132462246777,0.001759394278174673,-0.00045969865992051795,120.48000488281241,62.40004882812502,40.26894531249991,147.84002075195315,85.43999633789065,248.58256835937482,-11.519995117187591,151.6799560546874,144.038330078125,-78.24008789062509,-139.2000488281251,-110.73917236328134,52.32001342773435,73.44001464843745,82.86083984375
1763688439.9899101,4,1,2,0.02196262287126583,0.16761416716757085,-1.2548127499791515,0.004694515064335729,0.0009524000518798697,-0.0005654974318788081,125.27993164062491,57.60000000000002,44.14077148437491,147.84002075195315,85.43999633789065,248.58256835937482,-9.120092773437591,149.2800537109374,144.038330078125,-75.83994140625009,-139.2000488281251,-102.99521484375009,52.32001342773435,68.63996582031245,86.73291015625
1763688440.0790246,4,1,2,-9.299790524223972e-05,0.17000771515317992,-1.2748994554365742,0.0038692818139199636,0.0015884109824406277,-0.00018531814501845727,122.88002929687491,60.00002441406252,40.26894531249991,145.44002685546877,83.04000244140627,248.58256835937482,-9.120092773437591,149.2800537109374,147.910400390625,-80.63999023437509,-144.0000976562501,-106.86722412109384,52.32001342773435,71.03999023437495,86.73291015625
1763688440.1741526,4,1,2,0.027148495382224837,0.182641611611087,-1.2094016347835188,0.0036474525652217277,0.0017358974701278868,-0.0006332093035278836,122.88002929687491,62.40004882812502,55.75673828124991,143.04000244140627,83.04000244140627,248.58256835937482,-9.120092773437591,154.0799804687499,144.038330078125,-78.24008789062509,-134.4000000000001,-106.86722412109384,49.92001953124998,71.03999023437495,86.73291015625
1763688440.4857147,4,1,2,-0.02347032647069118,0.17526093746736088,-1.1601962201982343,0.003235179226775092,0.0038604826999427853,-0.0008505839018897901,122.88002929687491,62.40004882812502,48.01284179687491,143.04000244140627,95.04000244140627,244.71049804687482,-13.920019531250091,146.8800292968749,144.038330078125,-78.24008789062509,-139.2000488281251,-99.12320556640634,54.72000732421873,71.03999023437495,90.604736328125
1763688440.674094,4,1,2,-0.032066374340806544,0.17035217884928489,-1.1601092183014452,0.003195319341125467,0.0039337810484992896,-0.0007720504175229347,120.48000488281241,64.80007324218752,44.14077148437491,147.84002075195315,90.2399841308594,248.58256835937482,-11.519995117187591,142.0799804687499,144.038330078125,-78.24008789062509,-136.8001464843751,-106.86722412109384,54.72000732421873,68.63996582031245,82.86083984375
1763688440.7847786,4,1,2,-0.0293954715281601,0.15880055262828677,-1.298714892822282,0.002399727068590516,0.004250058336050866,-0.00019851253349707407,120.48000488281241,67.19997558593752,44.14077148437491,152.6400085449219,90.2399841308594,244.71049804687482,-11.519995117187591,144.4800048828124,136.29443359375,-80.63999023437509,-134.4000000000001,-110.73917236328134,52.32001342773435,66.23994140624995,94.476806640625
1763688440.879488,4,1,2,-0.055845872488418484,0.16369547024770534,-1.280725585140643,0.0026160343371145886,0.00457039447444561,0.00019955453655050228,122.88002929687491,60.00002441406252,44.14077148437491,147.84002075195315,83.04000244140627,244.71049804687482,-9.120092773437591,149.2800537109374,136.29443359375,-78.24008789062509,-136.8001464843751,-102.99521484375009,54.72000732421873,71.03999023437495,82.86083984375
1763688440.9222772,4,1,2,-0.000473634732872083,0.17204947049394892,-1.2180174341348156,0.001865230672270059,0.004185424989634349,-0.0001733585933930035,120.48000488281241,62.40004882812502,44.14077148437491,147.84002075195315,90.2399841308594,252.45415039062482,-11.519995117187591,137.2800537109374,136.29443359375,-78.24008789062509,-134.4000000000001,-102.99521484375009,52.32001342773435,71.03999023437495,82.86083984375
1763688441.0169399,4,1,2,-0.03293491304924891,0.1596195079369629,-1.1100057663983263,0.0032976848743891604,0.004225874994206241,-0.0003617818744363851,115.67995605468741,64.80007324218752,40.26894531249991,143.04000244140627,90.2399841308594,248.58256835937482,-16.32004394531259,144.4800048828124,151.782470703125,-75.83994140625009,-136.8001464843751,-110.73917236328134,54.72000732421873,73.44001464843745,86.73291015625
1763688441.1117444,4,1,2,-0.04388296886460859,0.1690366852974198,-1.1984221966466095,0.002006044284508756,0.004098768346287569,-0.0003216254460171545,122.88002929687491,67.19997558593752,40.26894531249991,147.84002075195315,87.83999023437502,244.71049804687482,-13.920019531250091,144.4800048828124,144.038330078125,-80.63999023437509,-136.8001464843751,-114.61118164062509,49.92001953124998,68.63996582031245,86.73291015625
1763688441.2203252,4,1,2,-0.022086096595774964,0.15561920231219942,-1.2133617300804014,0.002742357590164505,0.003827285652307765,-8.819743460796001e-05,120.48000488281241,64.80007324218752,44.14077148437491,143.04000244140627,85.43999633789065,248.58256835937482,-11.519995117187591,146.8800292968749,140.16650390625,-73.44003906250009,-134.4000000000001,-106.86722412109384,47.51999511718748,71.03999023437495,90.604736328125
1763688441.315379,4,1,2,-0.0553171116656869,0.16514506155214909,-1.0772034822335081,0.00267263426086721,0.004040969321467389,-0.0006659294072713824,122.88002929687491,69.60000000000002,44.14077148437491,147.84002075195315,90.2399841308594,244.71049804687482,-13.920019531250091,144.4800048828124,140.16650390625,-75.83994140625009,-136.8001464843751,-106.86722412109384,54.72000732421873,71.03999023437495,86.73291015625
1763688441.4239979,4,1,2,-0.038993857936697,0.1659397406751818,-1.144567174935962,0.0028362515967060038,0.003798415354588777,-0.00045494417061096073,122.88002929687491,62.40004882812502,44.14077148437491,143.04000244140627,83.04000244140627,252.45415039062482,-6.720068359375091,146.8800292968749,132.42236328125,-75.83994140625009,-136.8001464843751,-106.86722412109384,52.32001342773435,73.44001464843745,86.73291015625
1763688441.580619,4,1,2,-0.05545699385559288,0.1743112422445634,-1.1442711527177307,0.0027213301190290714,0.00422313209048379,-0.0008468027920131713,118.07998046874991,64.80007324218752,44.14077148437491,145.44002685546877,95.04000244140627,244.71049804687482,-13.920019531250091,146.8800292968749,140.16650390625,-78.24008789062509,-139.2000488281251,-114.61118164062509,49.92001953124998,73.44001464843745,86.73291015625
1763688441.6087008,4,1,2,-0.0041037272718207896,0.16395838672918814,-1.1136167172143467,0.002670306729266681,0.003963547479645977,-0.00021004651268142333,122.88002929687491,64.80007324218752,48.01284179687491,145.44002685546877,87.83999023437502,252.45415039062482,-11.519995117187591,139.6799560546874,140.16650390625,-75.83994140625009,-136.8001464843751,-110.73917236328134,52.32001342773435,71.03999023437495,86.73291015625
1763688441.7839375,4,1,2,-0.029775031885609454,0.16054550792833477,-1.1795022630354342,0.002616730470730435,0.003805104229195987,-0.0003897756636873431,120.48000488281241,64.80007324218752,44.14077148437491,145.44002685546877,87.83999023437502,248.58256835937482,-9.120092773437591,144.4800048828124,140.16650390625,-78.24008789062509,-139.2000488281251,-114.61118164062509,54.72000732421873,68.63996582031245,86.73291015625
1763688441.8761094,4,1,2,-0.04845469317500008,0.16976158123823665,-1.1434596224830682,0.0030235140877386294,0.004167702089356098,-0.0007666606389158553,118.07998046874991,62.40004882812502,44.14077148437491,145.44002685546877,87.83999023437502,240.83842773437482,-9.120092773437591,142.0799804687499,144.038330078125,-78.24008789062509,-134.4000000000001,-106.86722412109384,52.32001342773435,68.63996582031245,82.86083984375
1763688441.9046395,4,1,2,-0.006229086251138785,0.19442997724537087,-1.1272867184232296,0.003412674254782733,0.003896035659086668,-0.0004489126047316072,118.07998046874991,60.00002441406252,40.26894531249991,145.44002685546877,90.2399841308594,240.83842773437482,-9.120092773437591,142.0799804687499,140.16650390625,-78.24008789062509,-132.0000976562501,-106.86722412109384,54.72000732421873,68.63996582031245,78.98876953125
1763688442.082899,4,1,2,-0.022811820454182646,0.13617647391515061,-1.1288416208177594,0.002774535458220908,0.0037561471667997394,-0.0002125320239189761,120.48000488281241,57.60000000000002,36.39687499999991,143.04000244140627,85.43999633789065,240.83842773437482,-9.120092773437591,137.2800537109374,132.42236328125,-80.63999023437509,-132.0000976562501,-106.86722412109384,49.92001953124998,68.63996582031245,82.86083984375
1763688442.1844912,4,1,2,-0.0028036761084707096,0.11988347426322214,-1.0130968057944711,0.0021890414707063507,0.002559502840650158,-9.45060256868918e-05,110.88002929687491,55.19997558593752,36.39687499999991,133.44002685546877,80.6400085449219,221.47856445312482,-9.120092773437591,130.0799804687499,128.550537109375,-78.24008789062509,-127.20004882812509,-102.99521484375009,45.1200012207031,66.23994140624995,82.86083984375
1763688442.291458,4,1,2,-0.001450512738005831,0.1433569829180622,-0.8296684800623577,0.0020776433383963237,0.003878676636717673,-0.0005003389265524963,110.88002929687491,45.60000000000002,40.26894531249991,128.6400085449219,71.04000244140627,213.73442382812482,-6.720068359375091,137.2800537109374,124.678466796875,-71.04013671875009,-120.00009765625009,-95.25119628906259,45.1200012207031,68.63996582031245,75.11669921875
1763688442.3874547,4,1,2,0.011844411366986253,0.12908244532010538,-0.7891694931590416,0.0031942389925785244,0.0003197966204771922,-1.1507773245154033e-05,103.67995605468741,43.19997558593752,36.39687499999991,123.84002075195315,66.2399841308594,194.37456054687482,-6.720068359375091,130.0799804687499,132.42236328125,-68.63999023437509,-112.80014648437509,-95.25119628906259,37.92001953124998,66.23994140624995,71.244873046875
1763688443.3747375,4,1,2,-0.28048919444749004,0.42884830809036467,0.2976933518431664,0.004488370170612314,0.007245723013981999,-0.0012044602820997592,0,0,0,0,0,0,0,0,0,0,0,0,0,0,0
1763688443.671134,4,1,2,-0.07693771202380585,0.019320128935915934,0.3572199607843205,-0.0006244452929494164,0.004842390733004078,-0.001014830788904024,43.67995605468741,-9.600012207031227,5.420800781249909,59.04000244140627,25.439996337890648,51.11040039062482,7.679956054687409,65.28005371093741,82.08642578125,-39.83994140625009,-26.40000000000009,-56.53122558593759,1.9199890136718523,23.039990234374955,20.90869140625
1763688443.8425536,4,1,2,-0.023350751723478988,0.05270324773345269,0.33863527232233126,-0.0006628931097132135,0.0034281753190864832,-0.0005560853132267144,46.07998046874991,-7.199987792968727,-10.067236328125091,51.84002075195315,27.839990234375023,47.23833007812482,10.079980468749909,62.88002929687491,78.21435546875,-37.44003906250009,-24.00009765625009,-56.53122558593759,-7.679986572265648,27.840039062499955,13.164794921875
1763688443.992249,4,1,2,-0.06143890879604944,0.10280093055147463,0.2099046086331174,0.0005345414173224868,0.0038461192643939905,-0.0006791208679843863,46.07998046874991,-9.600012207031227,-2.323095703125091,54.24001464843752,23.040002441406273,47.23833007812482,12.480004882812409,60.48000488281241,82.08642578125,-35.04013671875009,-26.40000000000009,-60.40317382812509,-2.8799987792968977,23.039990234374955,9.292724609375
1763688444.1692529,4,1,2,-0.050486453343125424,0.09769893671633786,0.2411386593652776,4.00034761275812e-06,0.003652777023611729,-0.0005917546134318486,43.67995605468741,-7.199987792968727,-2.323095703125091,54.24001464843752,20.640008544921898,47.23833007812482,12.480004882812409,60.48000488281241,74.342529296875,-35.04013671875009,-26.40000000000009,-60.40317382812509,-2.8799987792968977,25.440014648437455,17.036865234375
1763688444.4832768,4,1,2,-0.04130623983892741,0.015920013116755935,0.2726973351834934,-0.0008201375210672569,0.002929976862869335,-0.0008898352034450709,46.07998046874991,-9.600012207031227,-10.067236328125091,54.24001464843752,27.839990234375023,39.49443359374982,14.879907226562409,62.88002929687491,74.342529296875,-37.44003906250009,-21.59995117187509,-60.40317382812509,-5.279992675781273,23.039990234374955,13.164794921875
1763688444.5779283,4,1,2,-0.05260201280187509,0.027718188686558738,0.22444399518975605,-0.000256560931847154,0.0038780716600162633,-0.0013744659751338836,41.27993164062491,-9.600012207031227,-6.195166015625091,49.44002685546877,25.439996337890648,43.36625976562482,10.079980468749909,58.07998046874991,78.21435546875,-32.63999023437509,-24.00009765625009,-60.40317382812509,-5.279992675781273,25.440014648437455,13.164794921875
1763688444.9859724,4,1,2,-0.03508139815525639,0.05769244259528722,0.324519942092571,4.442727344425041e-05,0.0037232544574258624,-0.0004019807838783164,41.27993164062491,-9.600012207031227,-2.323095703125091,54.24001464843752,27.839990234375023,43.36625976562482,10.079980468749909,58.07998046874991,70.470458984375,-35.04013671875009,-19.20004882812509,-56.53122558593759,-2.8799987792968977,23.039990234374955,20.90869140625
1763688445.3796175,4,1,2,-0.06868485597354379,0.06776390545349588,0.20812931944942306,-9.239848955463256e-05,0.003907596670343669,-0.0008357270260236067,43.67995605468741,-9.600012207031227,-2.323095703125091,54.24001464843752,25.439996337890648,47.23833007812482,12.480004882812409,53.28005371093741,70.470458984375,-32.63999023437509,-16.80014648437509,-56.53122558593759,-7.679986572265648,23.039990234374955,5.4208984375
1763688445.4767935,4,1,2,-0.060982932689770245,0.05282587255095349,0.224551456743792,-3.486690281419096e-05,0.003937331024823512,-0.0005937855607074357,48.48000488281241,-7.199987792968727,-6.195166015625091,54.24001464843752,27.839990234375023,39.49443359374982,10.079980468749909,53.28005371093741,70.470458984375,-35.04013671875009,-21.59995117187509,-68.14719238281259,-5.279992675781273,20.639965820312455,13.164794921875
1763688445.889546,4,1,2,-0.03022646148684561,0.059808288185970254,0.2373166672513842,-0.0009641453666971709,0.002905838403199782,-0.00043793365501815543,46.07998046874991,-14.399999999999977,-10.067236328125091,51.84002075195315,23.040002441406273,39.49443359374982,10.079980468749909,60.48000488281241,70.470458984375,-37.44003906250009,-19.20004882812509,-60.40317382812509,-7.679986572265648,23.039990234374955,9.292724609375
1763688445.9211018,4,1,2,-0.012219628234704419,0.05996427912449994,0.26979474045711743,-0.001116219017249889,0.0026581461540739417,-0.0004271634988229997,43.67995605468741,-7.199987792968727,-2.323095703125091,51.84002075195315,20.640008544921898,35.62236328124982,7.679956054687409,58.07998046874991,70.470458984375,-35.04013671875009,-21.59995117187509,-56.53122558593759,-7.679986572265648,20.639965820312455,5.4208984375
1763688446.0806193,4,1,2,-0.04060700723352374,0.03466921654204488,0.2213390459879685,-0.0008439050049916944,0.0031890965992698228,-0.0005189687681510513,41.27993164062491,-7.199987792968727,1.548730468749909,47.04000244140627,20.640008544921898,43.36625976562482,12.480004882812409,58.07998046874991,62.7265625,-32.63999023437509,-21.59995117187509,-60.40317382812509,-2.8799987792968977,20.639965820312455,13.164794921875
1763688446.1776893,4,1,2,-0.03280011099448868,0.058353622088197,0.2221942798554412,-0.0004875578681740563,0.0034059550455610823,-0.0006755457832450249,43.67995605468741,-9.600012207031227,-10.067236328125091,59.04000244140627,20.640008544921898,43.36625976562482,10.079980468749909,60.48000488281241,62.7265625,-39.83994140625009,-19.20004882812509,-60.40317382812509,-2.8799987792968977,25.440014648437455,13.164794921875
1763688446.3277974,4,1,2,-0.04517912153518906,0.06453168767518916,0.20933272316555154,0.0003944496962292451,0.0034319857171011435,-0.0007549368390296536,41.27993164062491,-9.600012207031227,-6.195166015625091,51.84002075195315,23.040002441406273,31.750292968749818,10.079980468749909,53.28005371093741,66.598388671875,-35.04013671875009,-16.80014648437509,-60.40317382812509,-5.279992675781273,25.440014648437455,17.036865234375
1763688446.674173,4,1,2,-0.038184287202584447,0.09160625165962322,0.2035415225504762,-0.0008927358452999589,0.0036215692196118446,-0.0005304608786254901,36.48000488281241,-9.600012207031227,-2.323095703125091,47.04000244140627,25.439996337890648,43.36625976562482,10.079980468749909,58.07998046874991,70.470458984375,-32.63999023437509,-19.20004882812509,-60.40317382812509,-5.279992675781273,20.639965820312455,17.036865234375
1763688446.8102167,4,1,2,-0.05044900146708477,0.07950401593661532,0.22415332386283557,-0.000144117970089942,0.003276375877961158,-0.0005187721435540118,41.27993164062491,-11.999975585937477,-2.323095703125091,51.84002075195315,25.439996337890648,39.49443359374982,14.879907226562409,53.28005371093741,66.598388671875,-35.04013671875009,-19.20004882812509,-60.40317382812509,-7.679986572265648,25.440014648437455,13.164794921875
1763688447.0905087,4,1,2,-0.022406577287958127,0.0734809664114909,0.2884535057461499,-0.0006758937644992967,0.0031302497811460167,-0.0006541474346045363,43.67995605468741,-7.199987792968727,-6.195166015625091,49.44002685546877,25.439996337890648,47.23833007812482,10.079980468749909,55.67995605468741,78.21435546875,-32.63999023437509,-19.20004882812509,-56.53122558593759,-5.279992675781273,27.840039062499955,9.292724609375
1763688447.2020347,4,1,2,-0.0513146075118143,0.06922746813519147,0.24160576258060723,-6.324424550693038e-05,0.003387400161016839,-0.0008239801182577733,38.88002929687491,-9.600012207031227,-2.323095703125091,51.84002075195315,27.839990234375023,39.49443359374982,7.679956054687409,58.07998046874991,74.342529296875,-35.04013671875009,-16.80014648437509,-56.53122558593759,-5.279992675781273,23.039990234374955,9.292724609375
1763688447.3756354,4,1,2,-0.03495277992818781,0.0691245406336076,0.25811798688928733,0.0001169713894857195,0.0033414603679760486,-0.0005828380518480239,38.88002929687491,-9.600012207031227,-6.195166015625091,51.84002075195315,20.640008544921898,39.49443359374982,12.480004882812409,53.28005371093741,70.470458984375,-32.63999023437509,-16.80014648437509,-56.53122558593759,-2.8799987792968977,20.639965820312455,13.164794921875
1763688447.4043317,4,1,2,-0.043688319992837,0.044244387409311484,0.258106214502066,-9.507753458548032e-05,0.0034229661077869395,-0.000894245075116134,43.67995605468741,-9.600012207031227,-2.323095703125091,54.24001464843752,20.640008544921898,47.23833007812482,14.879907226562409,46.07998046874991,70.470458984375,-35.04013671875009,-21.59995117187509,-60.40317382812509,-2.8799987792968977,23.039990234374955,9.292724609375
1763688447.6715627,4,1,2,-0.049139198636130296,0.039686804721485204,0.22160313679503454,-0.0008009407279146363,0.003260019148537306,-0.00036270119843628004,38.88002929687491,-7.199987792968727,1.548730468749909,47.04000244140627,23.040002441406273,43.36625976562482,10.079980468749909,50.88002929687491,66.598388671875,-35.04013671875009,-14.400000000000091,-52.65921630859384,-2.8799987792968977,20.639965820312455,5.4208984375
1763688447.8758726,4,1,2,-0.04015668943586403,0.07547219181543499,0.25689655162619995,-0.0005065125714151253,0.002817440963079753,-0.0008993738108149719,38.88002929687491,-7.199987792968727,-6.195166015625091,49.44002685546877,23.040002441406273,35.62236328124982,10.079980468749909,55.67995605468741,62.7265625,-35.04013671875009,-9.599951171875091,-56.53122558593759,-0.48000488281252274,23.039990234374955,9.292724609375
1763688447.984119,4,1,2,-0.04908427551430067,0.07737831599315301,0.23970886073847278,-0.0005067962242358524,0.003642036075038963,-0.0009836325069584111,41.27993164062491,-9.600012207031227,-6.195166015625091,49.44002685546877,25.439996337890648,39.49443359374982,14.879907226562409,55.67995605468741,70.470458984375,-35.04013671875009,-16.80014648437509,-60.40317382812509,-5.279992675781273,23.039990234374955,13.164794921875
1763688448.6731699,4,1,2,-0.3815842533797607,0.5193130749678926,-0.20001849322528667,0.004934154056861279,0.005506813823433043,-0.0002935400161602729,86.88002929687491,16.800012207031273,20.90883789062491,107.04000244140627,47.04000244140627,132.42241210937482,5.279931640624909,110.88002929687491,113.0625,-61.44003906250009,-74.40000000000009,-79.76322021484384,16.320013427734352,44.639965820312455,67.372802734375
1763688449.077308,4,1,2,0.15351436280511746,0.16621341322053473,-0.8813370067597115,0.002483675641083792,-0.0005537108539655086,-0.00020813095374757457,101.27993164062491,38.40004882812502,36.39687499999991,119.04000244140627,61.43999633789065,190.50249023437482,-4.320043945312591,130.0799804687499,132.42236328125,-66.24008789062509,-110.40000000000009,-91.37918701171884,35.51999511718748,61.440014648437455,71.244873046875
1763688449.1725848,4,1,2,-0.00624146472262764,0.11201132087671578,-1.035298120764484,0.0009458128451339364,0.003031264539429657,0.00020567307201174687,108.48000488281241,52.80007324218752,44.14077148437491,126.24001464843752,75.83999023437502,213.73442382812482,-1.920019531250091,132.4800048828124,132.42236328125,-71.04013671875009,-115.20004882812509,-95.25119628906259,40.32001342773435,63.840039062499955,75.11669921875
1763688449.2817345,4,1,2,0.03677479860276532,0.17876771098861066,-1.109847204087242,0.0034961880483715103,0.0013735092085586835,-5.082585777593866e-05,113.27993164062491,55.19997558593752,44.14077148437491,135.84002075195315,78.2399841308594,225.35014648437482,-9.120092773437591,144.4800048828124,147.910400390625,-73.44003906250009,-127.20004882812509,-95.25119628906259,47.51999511718748,63.840039062499955,78.98876953125
1763688449.3773448,4,1,2,0.04223805869296094,0.1767332321299234,-1.257648803058371,0.0040970197713111195,0.0007679066713910769,-0.0007264391731351405,118.07998046874991,67.19997558593752,44.14077148437491,145.44002685546877,87.83999023437502,240.83842773437482,-9.120092773437591,144.4800048828124,147.910400390625,-80.63999023437509,-134.4000000000001,-106.86722412109384,52.32001342773435,68.63996582031245,82.86083984375
1763688449.4856544,4,1,2,0.001496694283492618,0.17472841650254353,-1.412717802501739,0.003353247114688477,0.002765713507761101,-0.0001587845812605083,130.0799804687499,69.60000000000002,48.01284179687491,157.43999633789065,97.43999633789065,271.8145019531248,-13.920019531250091,156.4800048828124,147.910400390625,-83.04013671875009,-146.4000000000001,-122.35520019531259,59.51999511718748,75.84003906249995,90.604736328125
1763688449.5819764,4,1,2,-0.024703800232945945,0.13473694343316908,-1.6674342419376091,0.0027654515813565336,0.0043648924568725255,-0.00017014788783617816,137.2799316406249,81.60000000000002,40.26894531249991,169.43999633789065,109.43999633789065,283.4302246093748,-18.72006835937509,154.0799804687499,144.038330078125,-85.44003906250009,-151.2000488281251,-118.48319091796884,64.32001342773435,75.84003906249995,94.476806640625
1763688449.7811613,4,1,2,-0.03818995591202558,0.1784980892012821,-2.0914670144580123,0.0019688475313649973,0.005723513261945005,-0.0004067541890806478,154.0799804687499,96.00002441406252,55.75673828124991,193.43999633789065,126.24001464843752,337.6382324218748,-18.72006835937509,173.2800537109374,151.782470703125,-99.83994140625009,-170.4000000000001,-149.4592041015626,81.1200012207031,85.44001464843745,106.0927734375
1763688449.876913,4,1,2,-0.0863829466298974,0.10439162174634331,-2.3999854264171683,0.0002530413903721971,0.007209356635148159,-0.00012644560541035064,166.0799804687499,100.80007324218752,55.75673828124991,210.24004516601565,135.83999023437502,356.9985839843748,-21.12009277343759,182.8800292968749,167.2705078125,-104.63999023437509,-177.5999511718751,-153.33121337890634,90.72000732421873,90.23994140624995,113.8369140625
1763688450.2924209,4,1,2,-0.11337721280419168,0.08314504127739031,-3.3366610600768327,-0.0024032737144605767,0.010004431528499318,0.0001554396272757247,206.8800292968749,132.00002441406252,51.88491210937491,265.43999633789065,183.83999023437502,430.5664550781248,-28.32004394531259,206.8800292968749,163.3984375,-131.0401367187501,-208.8001464843751,-199.79520263671884,121.92001953124998,97.44001464843745,133.19677734375
1763688450.4752371,4,1,2,-0.11098102277863228,0.062106253920436914,-3.1709270835716623,-0.0030317126045752776,0.010092010540809954,5.7387094887964454e-05,204.4800048828124,134.40004882812502,51.88491210937491,260.6400085449219,181.43999633789065,426.6943847656248,-25.92001953125009,206.8800292968749,163.3984375,-123.83994140625009,-206.4000000000001,-199.79520263671884,119.51999511718748,97.44001464843745,129.32470703125
1763688450.6776597,4,1,2,-0.11226445980204244,0.05276243526985021,-3.0008447914713043,-0.0027319658006700644,0.009949517769686375,-0.00042702450036778054,202.0799804687499,136.80007324218752,48.01284179687491,260.6400085449219,183.83999023437502,422.8223144531248,-25.92001953125009,204.4801269531249,163.3984375,-123.83994140625009,-201.5999511718751,-192.05118408203134,121.92001953124998,97.44001464843745,129.32470703125
1763688450.7875514,4,1,2,-0.10119525213689384,0.08640158082551039,-2.985433048379738,-0.0029571506057681513,0.009939843824147249,-0.0005037043901752351,202.0799804687499,134.40004882812502,55.75673828124991,265.43999633789065,183.83999023437502,426.6943847656248,-28.32004394531259,214.0799804687499,159.5263671875,-128.6399902343751,-201.5999511718751,-192.05118408203134,119.51999511718748,97.44001464843745,125.452880859375
1763688450.8802555,4,1,2,-0.1270069543007184,0.07143790302174505,-2.9846612356141144,-0.003089811688044633,0.01016665045544809,-0.0007370486100493866,204.4800048828124,127.19997558593752,59.62880859374991,265.43999633789065,183.83999023437502,430.5664550781248,-23.51999511718759,204.4801269531249,159.5263671875,-121.44003906250009,-208.8001464843751,-184.3072265625001,117.1200012207031,97.44001464843745,125.452880859375
1763688451.473809,4,1,2,-0.09579614699740871,0.06642596598880951,-2.763359747138043,-0.0021986170814182367,0.008902645496971694,-0.00026320072107447487,199.6799560546874,129.60000000000002,51.88491210937491,258.24004516601565,181.43999633789065,422.8223144531248,-28.32004394531259,202.0799804687499,163.3984375,-123.83994140625009,-201.5999511718751,-195.9231933593751,114.72000732421873,99.84003906249995,133.19677734375
1763688451.6775775,4,1,2,-0.1838683489150193,0.048681594844724646,-2.8713967528693543,-0.00409085404885794,0.01242555979397637,5.4865294798544595e-06,199.6799560546874,134.40004882812502,55.75673828124991,267.84002075195315,186.24001464843752,430.5664550781248,-28.32004394531259,202.0799804687499,163.3984375,-131.0401367187501,-199.2000488281251,-195.9231933593751,121.92001953124998,97.44001464843745,129.32470703125
1763688451.7862525,4,1,2,-0.16219785554083166,0.05513554492744842,-3.036847380783264,-0.0032461597390800448,0.01214070568250793,-0.00012885392302318583,204.4800048828124,139.19997558593752,63.50087890624991,270.24004516601565,188.6400085449219,438.3101074218748,-30.72006835937509,204.4801269531249,155.654541015625,-128.6399902343751,-201.5999511718751,-195.9231933593751,124.32001342773435,99.84003906249995,133.19677734375
1763688451.9870067,4,1,2,-0.08480468636477165,0.03257608855215447,-2.892676220288835,-0.0050278049960386624,0.009218632802650763,-8.42292144023127e-05,211.6799560546874,136.80007324218752,55.75673828124991,265.43999633789065,191.04000244140627,434.4385253906248,-30.72006835937509,211.6800781249999,159.5263671875,-128.6399902343751,-204.0000976562501,-199.79520263671884,121.92001953124998,95.03999023437495,129.32470703125
1763688452.282824,4,1,2,-0.1413101278670728,0.0792540268370642,-2.8443281238702816,-0.0016307013781214248,0.009947745039725925,-0.00029028889288150526,202.0799804687499,132.00002441406252,59.62880859374991,260.6400085449219,181.43999633789065,434.4385253906248,-25.92001953125009,206.8800292968749,163.3984375,-126.24008789062509,-204.0000976562501,-184.3072265625001,114.72000732421873,99.84003906249995,129.32470703125
1763688452.3749945,4,1,2,-0.06729857526937007,0.14011961274809256,-2.76456507364502,0.0017701994027738812,0.007213979119245845,-0.0005660197378447317,194.8800292968749,129.60000000000002,59.62880859374991,253.43999633789065,174.24001464843752,434.4385253906248,-28.32004394531259,204.4801269531249,175.014404296875,-126.24008789062509,-208.8001464843751,-188.1791748046876,114.72000732421873,99.84003906249995,125.452880859375
1763688452.5779042,4,1,2,-0.06603387213381091,0.3401297478406062,-2.7131482583291953,0.010985328355146724,0.006284907039930883,-0.00021243806367116818,192.4800048828124,127.19997558593752,55.75673828124991,246.24004516601565,164.6400085449219,426.6943847656248,-25.92001953125009,206.8800292968749,175.014404296875,-121.44003906250009,-208.8001464843751,-176.5632080078126,114.72000732421873,104.63996582031245,121.580810546875
1763688452.6842,4,1,2,-0.010726612403433408,0.30824436835783814,-2.682768874273009,0.01009746970936997,0.0037421815165580626,-4.7166680998265986e-05,192.4800048828124,132.00002441406252,63.50087890624991,248.6400085449219,167.04000244140627,430.5664550781248,-23.51999511718759,206.8800292968749,186.63037109375,-116.63999023437509,-204.0000976562501,-180.43521728515634,109.92001953124998,104.63996582031245,125.452880859375
1763688452.7802427,4,1,2,-0.00021705838452201753,0.315677962862811,-2.666224312567828,0.00982888856319956,0.0029031738561406716,-0.00035605595826067966,187.6799560546874,129.60000000000002,63.50087890624991,239.0400329589844,162.24001464843752,418.9502441406248,-23.51999511718759,197.2799316406249,175.014404296875,-116.63999023437509,-204.0000976562501,-168.8191894531251,109.92001953124998,99.84003906249995,117.708740234375
1763688453.0728488,4,1,2,0.07412155616979117,0.29066545008543876,-1.6024141967481333,0.011159482571290987,-0.00011755072024414483,-0.00012547120158850803,158.8800292968749,98.40004882812502,63.50087890624991,195.84002075195315,126.24001464843752,353.1265136718748,-16.32004394531259,180.4800048828124,167.2705078125,-97.44003906250009,-182.4000000000001,-141.7151855468751,81.1200012207031,92.63996582031245,113.8369140625
1763688453.1805494,4,1,2,0.06300608938039157,0.3268095063358839,-1.6461867423394188,0.012313743207618065,-0.0025504476932890425,0.00040755554219753913,139.6799560546874,84.00002441406252,63.50087890624991,171.84002075195315,102.2399841308594,306.6621582031248,-11.519995117187591,168.4800048828124,159.5263671875,-92.63999023437509,-168.0000976562501,-122.35520019531259,69.1200012207031,90.23994140624995,90.604736328125
1763688453.2755144,4,1,2,0.11118446149553105,0.32624094375246654,-1.2348954117998447,0.011050305433764871,0.00025545286606562436,-0.0003888205017725434,130.0799804687499,69.60000000000002,48.01284179687491,157.43999633789065,92.6400085449219,287.3022949218748,-11.519995117187591,161.2800537109374,159.5263671875,-83.04013671875009,-156.0000976562501,-110.73917236328134,61.92001953124998,78.23994140624995,94.476806640625
1763688453.3840814,4,1,2,0.061477932252984376,0.24870392924378706,-0.9377429688690119,0.008509285033641203,-0.0015580343869445016,-0.0001307324583755576,118.07998046874991,60.00002441406252,48.01284179687491,140.6400085449219,78.2399841308594,244.71049804687482,-6.720068359375091,146.8800292968749,151.782470703125,-75.83994140625009,-141.5999511718751,-99.12320556640634,47.51999511718748,75.84003906249995,82.86083984375
1763688453.6809542,4,1,2,0.07329655722004355,0.22942426850490863,-0.2636690179159533,0.008211777968626568,-0.0034401582889072944,-0.0011409435934146518,91.67995605468741,33.60000000000002,32.52480468749991,107.04000244140627,51.83999023437502,171.14213867187482,0.48000488281240905,120.48000488281241,140.16650390625,-66.24008789062509,-105.59995117187509,-75.89121093750009,23.519995117187477,59.039990234374955,59.62890625
1763688454.5950413,4,1,2,-0.3086837448213957,0.33823906914465185,0.2860406452165499,0.005924537571258013,0.008552862333372152,-0.0007248456207485916,55.67995605468741,2.4414062522737368e-05,13.164941406249909,66.24001464843752,32.6400085449219,82.08623046874982,10.079980468749909,77.28005371093741,101.446533203125,-47.04013671875009,-48.00009765625009,-56.53122558593759,-2.8799987792968977,35.039990234374955,17.036865234375
1763688455.0739894,4,1,2,0.061436228273071575,0.058123109560322996,0.3558175233590085,-0.0002596299206982357,0.0014014781605735482,-0.00101866614276792,50.88002929687491,-9.600012207031227,5.420800781249909,56.6400085449219,27.839990234375023,47.23833007812482,10.079980468749909,70.07998046874991,85.95849609375,-44.63999023437509,-28.80014648437509,-68.14719238281259,-5.279992675781273,25.440014648437455,17.036865234375
1763688455.1840987,4,1,2,0.006651257467156495,0.09396549981862196,0.3596759852332849,0.0006908763200915355,0.003000815436992128,-0.0007029011088521661,48.48000488281241,-11.999975585937477,1.548730468749909,59.04000244140627,27.839990234375023,54.98247070312482,10.079980468749909,65.28005371093741,85.95849609375,-39.83994140625009,-31.20004882812509,-64.27518310546884,-0.48000488281252274,30.239941406249955,17.036865234375
1763688455.2767146,4,1,2,-0.050601178293018925,0.06783451584580719,0.29106608615586277,-0.000229743512154555,0.0036650815535298627,-0.0008068595486124189,48.48000488281241,-9.600012207031227,9.292871093749909,59.04000244140627,25.439996337890648,54.98247070312482,10.079980468749909,65.28005371093741,78.21435546875,-44.63999023437509,-28.80014648437509,-56.53122558593759,-2.8799987792968977,27.840039062499955,24.78076171875
1763688455.480367,4,1,2,-0.05185203701544613,0.01655091115151341,0.32367511629120255,-0.0004780743069735141,0.004156394397971315,-0.0009480374964648317,46.07998046874991,-7.199987792968727,1.548730468749909,56.6400085449219,25.439996337890648,58.85429687499982,12.480004882812409,65.28005371093741,85.95849609375,-42.24008789062509,-28.80014648437509,-52.65921630859384,-2.8799987792968977,30.239941406249955,17.036865234375
1763688455.682965,4,1,2,-0.03958568505528237,0.05365172186711187,0.3389091141704681,-0.0008237090704397148,0.003284399409713465,-0.0005567172304358063,41.27993164062491,-7.199987792968727,9.292871093749909,56.6400085449219,27.839990234375023,51.11040039062482,12.480004882812409,62.88002929687491,74.342529296875,-37.44003906250009,-24.00009765625009,-64.27518310546884,-2.8799987792968977,30.239941406249955,13.164794921875
1763688455.7794893,4,1,2,-0.041035798755485825,0.05449039155816135,0.35779241527301753,-0.00048532400179321453,0.0031239994263224666,-0.0010176867050336758,43.67995605468741,-9.600012207031227,1.548730468749909,56.6400085449219,27.839990234375023,54.98247070312482,7.679956054687409,62.88002929687491,82.08642578125,-37.44003906250009,-26.40000000000009,-60.40317382812509,-5.279992675781273,25.440014648437455,20.90869140625
1763688455.9804623,4,1,2,-0.05252767234539909,0.07532140736415266,0.2241529171329788,0.0001467930523495755,0.004423237937974833,-0.0005168669907760381,48.48000488281241,-11.999975585937477,-2.323095703125091,56.6400085449219,30.239984130859398,51.11040039062482,12.480004882812409,60.48000488281241,78.21435546875,-37.44003906250009,-24.00009765625009,-56.53122558593759,-5.279992675781273,27.840039062499955,13.164794921875
1763688456.2877657,4,1,2,-0.05825714540581792,0.0016834601125018667,0.2544211873437829,-0.001124333117086971,0.004102750382421272,-0.0009742712522645264,46.07998046874991,-9.600012207031227,-2.323095703125091,49.44002685546877,27.839990234375023,54.98247070312482,12.480004882812409,58.07998046874991,74.342529296875,-37.44003906250009,-26.40000000000009,-60.40317382812509,-5.279992675781273,23.039990234374955,13.164794921875
1763688456.3813097,4,1,2,-0.05672854997136196,0.03877370380868706,0.2531328031438635,-0.0011554922555609636,0.0046382557059083535,-0.0006652884126828989,43.67995605468741,-11.999975585937477,-2.323095703125091,51.84002075195315,25.439996337890648,51.11040039062482,12.480004882812409,58.07998046874991,74.342529296875,-37.44003906250009,-21.59995117187509,-56.53122558593759,1.9199890136718523,23.039990234374955,9.292724609375
1763688456.581419,4,1,2,-0.06873693311409226,0.057956259693651695,0.20769682700138759,-0.00016868193909392085,0.003906516676379378,-0.0006789887748563362,41.27993164062491,-9.600012207031227,-6.195166015625091,51.84002075195315,25.439996337890648,51.11040039062482,12.480004882812409,58.07998046874991,78.21435546875,-39.83994140625009,-24.00009765625009,-52.65921630859384,-10.080010986328148,23.039990234374955,9.292724609375
1763688456.6765425,4,1,2,-0.051225983799788016,0.06926078862709417,0.2918090525631006,-4.197490441761845e-05,0.003389121500335354,-0.0005714104606426776,43.67995605468741,-9.600012207031227,-6.195166015625091,51.84002075195315,27.839990234375023,47.23833007812482,12.480004882812409,60.48000488281241,70.470458984375,-42.24008789062509,-19.20004882812509,-56.53122558593759,-2.8799987792968977,23.039990234374955,17.036865234375
1763688456.7807055,4,1,2,-0.058664708983592356,0.014575151481858385,0.23896548850180707,-0.0008427510518553829,0.00344671757916702,-0.0006671097744897196,38.88002929687491,-11.999975585937477,1.548730468749909,51.84002075195315,25.439996337890648,54.98247070312482,10.079980468749909,58.07998046874991,82.08642578125,-39.83994140625009,-21.59995117187509,-60.40317382812509,-5.279992675781273,27.840039062499955,13.164794921875
1763688457.0727618,4,1,2,-0.04218531047849005,0.07222051040901402,0.22322351751585634,-0.00021093050260858628,0.0037694101887626357,-0.0006750558298973865,38.88002929687491,-7.199987792968727,5.420800781249909,51.84002075195315,25.439996337890648,35.62236328124982,12.480004882812409,55.67995605468741,74.342529296875,-37.44003906250009,-19.20004882812509,-56.53122558593759,-2.8799987792968977,25.440014648437455,17.036865234375
1763688457.576114,4,1,2,-0.028102569427061408,0.025477637035134074,0.2755180344769271,9.417695631534274e-05,0.0031127294460059694,-0.0010420667650958525,46.07998046874991,-9.600012207031227,-2.323095703125091,51.84002075195315,25.439996337890648,43.36625976562482,14.879907226562409,60.48000488281241,78.21435546875,-32.63999023437509,-21.59995117187509,-60.40317382812509,-2.8799987792968977,18.239941406249955,13.164794921875
1763688457.6818917,4,1,2,-0.07554727444054703,0.06314738576809065,0.27438546020713067,-0.00044327831960781165,0.0037808639020545064,-0.0007349957942792769,43.67995605468741,-7.199987792968727,-6.195166015625091,49.44002685546877,23.040002441406273,39.49443359374982,10.079980468749909,50.88002929687491,74.342529296875,-32.63999023437509,-16.80014648437509,-56.53122558593759,-7.679986572265648,25.440014648437455,9.292724609375
1763688457.8848298,4,1,2,-0.05802730551330205,0.03227472666907023,0.2215352302338718,-0.0008777302954711926,0.003904185943198072,-0.0007531285039215207,43.67995605468741,-7.199987792968727,1.548730468749909,47.04000244140627,25.439996337890648,51.11040039062482,12.480004882812409,55.67995605468741,78.21435546875,-32.63999023437509,-21.59995117187509,-60.40317382812509,-5.279992675781273,25.440014648437455,9.292724609375
1763688458.0861783,4,1,2,-0.02290522093802065,0.04233361536050215,0.20338060610515782,-0.0009648128028431657,0.0035047198645972648,-0.0009175226372200279,43.67995605468741,-11.999975585937477,-6.195166015625091,49.44002685546877,23.040002441406273,39.49443359374982,10.079980468749909,53.28005371093741,66.598388671875,-35.04013671875009,-21.59995117187509,-56.53122558593759,-0.48000488281252274,23.039990234374955,5.4208984375
1763688458.180785,4,1,2,-0.02500499404757045,0.08191932661665009,0.22330491725968316,-0.00013775144441917288,0.003626269284750565,-0.0010665951351710645,41.27993164062491,-11.999975585937477,-2.323095703125091,51.84002075195315,23.040002441406273,39.49443359374982,12.480004882812409,58.07998046874991,74.342529296875,-37.44003906250009,-19.20004882812509,-60.40317382812509,-5.279992675781273,25.440014648437455,5.4208984375
1763688458.3829072,4,1,2,-0.03523266965116339,0.037602346937777184,0.32467657134507805,-0.00013430247827139296,0.0037349176417144545,-0.0010263936280545819,38.88002929687491,-9.600012207031227,-2.323095703125091,49.44002685546877,25.439996337890648,39.49443359374982,12.480004882812409,53.28005371093741,66.598388671875,-35.04013671875009,-19.20004882812509,-60.40317382812509,-7.679986572265648,23.039990234374955,13.164794921875
1763688458.7766533,4,1,2,-0.05118892191845834,0.08020344310249859,0.20785482058845728,3.079167629695752e-05,0.0031866757341181447,-0.00028936086829805423,41.27993164062491,-11.999975585937477,-6.195166015625091,49.44002685546877,25.439996337890648,39.49443359374982,12.480004882812409,50.88002929687491,70.470458984375,-37.44003906250009,-14.400000000000091,-56.53122558593759,-5.279992675781273,18.239941406249955,1.548828125
1763688459.1787603,4,1,2,-0.04109029322142594,0.06494360250609915,0.25628590650476235,-0.0004123349556661468,0.0031009019833738213,-0.000272730251967514,38.88002929687491,-4.799963378906227,-10.067236328125091,47.04000244140627,27.839990234375023,39.49443359374982,12.480004882812409,50.88002929687491,74.342529296875,-32.63999023437509,-19.20004882812509,-68.14719238281259,-2.8799987792968977,25.440014648437455,5.4208984375
1763688459.3850994,4,1,2,-0.03896036422099429,0.07294242883833209,0.20444111820069807,-0.0008836969887827709,0.0033572723508782792,-0.0009194246346198736,38.88002929687491,-11.999975585937477,-6.195166015625091,49.44002685546877,25.439996337890648,47.23833007812482,12.480004882812409,58.07998046874991,74.342529296875,-37.44003906250009,-21.59995117187509,-56.53122558593759,-2.8799987792968977,25.440014648437455,13.164794921875
1763688460.0808482,4,1,2,0.050721419242835304,0.045462794234213386,-0.2457279286837066,-7.031089628302184e-06,-0.00110234821835563,-0.0006063730682233698,74.88002929687491,14.399987792968773,24.78090820312491,90.24001464843752,35.04000244140627,124.67827148437482,7.679956054687409,113.28005371093741,120.806396484375,-56.63999023437509,-74.40000000000009,-68.14719238281259,9.120001220703102,44.639965820312455,48.0126953125
1763688460.18842,4,1,2,0.1337348139060482,0.11647393712640494,-0.3284792522648555,0.001243995713527652,-0.002012623964549886,-0.00032463245419248445,79.67995605468741,16.800012207031273,28.65273437499991,90.24001464843752,42.2399841308594,136.29448242187482,5.279931640624909,108.48000488281241,113.0625,-56.63999023437509,-81.59995117187509,-72.01920166015634,16.320013427734352,51.840039062499955,51.884765625
1763688460.282814,4,1,2,0.04757210158494232,0.12748982577240894,-0.4846337445871188,0.0032889708427788177,-0.002191034020980236,-0.000450195573565165,84.48000488281241,24.000024414062523,28.65273437499991,90.24001464843752,42.2399841308594,140.16655273437482,2.879907226562409,113.28005371093741,132.42236328125,-61.44003906250009,-91.20004882812509,-83.63522949218759,11.519995117187477,51.840039062499955,51.884765625
1763688460.3761754,4,1,2,0.0903823024685189,0.12663098097569483,-0.5889255236277486,0.003070780999167604,-0.0011661662439092244,-0.0008010624569662848,89.27993164062491,33.60000000000002,36.39687499999991,104.6400085449219,54.2399841308594,163.39848632812482,2.879907226562409,122.88002929687491,124.678466796875,-63.83994140625009,-103.20004882812509,-79.76322021484384,23.519995117187477,54.239941406249955,59.62890625
1763688460.4843764,4,1,2,0.0446821803815036,0.21840842456138354,-0.765322375399575,0.004616468408442086,-0.0023814748534118873,-0.0005526771568091735,98.88002929687491,43.19997558593752,36.39687499999991,114.24001464843752,61.43999633789065,190.50249023437482,-6.720068359375091,130.0799804687499,136.29443359375,-71.04013671875009,-115.20004882812509,-87.50717773437509,33.1200012207031,61.440014648437455,71.244873046875
1763688460.5789716,4,1,2,0.017229102673789277,0.1295625144773503,-0.9729513402648747,0.003616711845050631,0.0014882118697417193,-0.0008569439497654247,101.27993164062491,45.60000000000002,40.26894531249991,116.6400085449219,75.83999023437502,202.11821289062482,-6.720068359375091,127.67995605468741,136.29443359375,-68.63999023437509,-122.40000000000009,-87.50717773437509,35.51999511718748,66.23994140624995,63.500732421875
1763688460.6850798,4,1,2,0.130746867224169,0.17193220405041443,-1.192348223367846,0.005071689479298351,0.0026552271980151117,-0.0010112218750278827,108.48000488281241,52.80007324218752,44.14077148437491,123.84002075195315,75.83999023437502,229.22221679687482,-4.320043945312591,139.6799560546874,144.038330078125,-75.83994140625009,-132.0000976562501,-91.37918701171884,40.32001342773435,68.63996582031245,71.244873046875
1763688460.7781584,4,1,2,0.03874408956597086,0.2257323186273303,-1.3634169891471148,0.007152027877171237,0.00045209643826293715,-0.0007552259016962055,113.27993164062491,57.60000000000002,44.14077148437491,135.84002075195315,90.2399841308594,244.71049804687482,-6.720068359375091,139.6799560546874,140.16650390625,-75.83994140625009,-136.8001464843751,-106.86722412109384,45.1200012207031,73.44001464843745,75.11669921875
1763688460.8221292,4,1,2,0.031077504136498804,0.2410264543982599,-1.380605337125932,0.007114118427245623,0.0004119947047490158,-0.000293750358673131,120.48000488281241,64.80007324218752,44.14077148437491,140.6400085449219,92.6400085449219,244.71049804687482,-6.720068359375091,142.0799804687499,136.29443359375,-78.24008789062509,-144.0000976562501,-102.99521484375009,57.1200012207031,73.44001464843745,75.11669921875
1763688460.91755,4,1,2,-0.023633163145433997,0.19722620466698434,-1.5251130781668691,0.004976609930193218,0.005151652357381433,-0.0006622412414190993,125.27993164062491,67.19997558593752,48.01284179687491,145.44002685546877,97.43999633789065,275.6865722656248,-11.519995117187591,146.8800292968749,144.038330078125,-80.63999023437509,-148.8001464843751,-110.73917236328134,57.1200012207031,73.44001464843745,75.11669921875
1763688461.0111012,4,1,2,-0.011168897771605846,0.2282002353660757,-1.6723159098659772,0.00619361472850853,0.005041617687280715,-0.0007123198445267384,130.0799804687499,79.19997558593752,48.01284179687491,159.84002075195315,107.04000244140627,295.0464355468748,-16.32004394531259,154.0799804687499,144.038330078125,-87.83994140625009,-153.5999511718751,-114.61118164062509,66.72000732421873,80.63996582031245,78.98876953125
1763688461.186697,4,1,2,-0.08632936021624518,0.17835400540861523,-2.0706971298280585,0.0029555352555722097,0.007655700671508498,-0.00047249989947680774,158.8800292968749,88.80007324218752,55.75673828124991,188.6400085449219,121.43999633789065,326.0225097656248,-16.32004394531259,180.4800048828124,159.5263671875,-95.04013671875009,-175.2000488281251,-141.7151855468751,81.1200012207031,83.03999023437495,109.96484375
1763688461.303728,4,1,2,-0.3093464092657766,0.34758803972112284,-2.2855449741028675,0.0010729190808232763,0.0060188072924301245,-0.00025876936159579655,161.2799316406249,100.80007324218752,44.14077148437491,210.24004516601565,135.83999023437502,353.1265136718748,-18.72006835937509,185.2800537109374,167.2705078125,-102.24008789062509,-180.0000976562501,-149.4592041015626,93.1200012207031,90.23994140624995,109.96484375
1763688461.4002662,4,1,2,0.15832645480706237,0.13802680107685655,-2.371364777367988,0.0014194059337177458,0.005585699340469482,-0.00019395630552489717,166.0799804687499,110.40004882812502,48.01284179687491,207.84002075195315,152.6400085449219,372.4863769531248,-25.92001953125009,175.6799560546874,151.782470703125,-104.63999023437509,-184.8001464843751,-161.0751708984376,100.32001342773435,90.23994140624995,106.0927734375
1763688461.4914076,4,1,2,-0.1961024202930887,-0.02588853720239675,-2.751951018595493,0.0013445054515211358,0.015462266600914053,-0.00023352143631564625,187.6799560546874,120.00002441406252,51.88491210937491,234.24004516601565,169.43999633789065,391.8462402343748,-28.32004394531259,202.0799804687499,155.654541015625,-119.04013671875009,-192.0000976562501,-176.5632080078126,107.51999511718748,99.84003906249995,109.96484375
1763688461.6820297,4,1,2,-0.032141918138910416,0.029364078710418767,-3.2627844011448754,0.0013500599070094682,0.013973823553979681,0.00012521878916064224,197.2799316406249,134.40004882812502,55.75673828124991,260.6400085449219,186.24001464843752,442.1821777343748,-28.32004394531259,199.6800781249999,167.2705078125,-123.83994140625009,-211.2000488281251,-188.1791748046876,121.92001953124998,104.63996582031245,121.580810546875
1763688461.7865052,4,1,2,-0.40686180862750887,0.3811549490649826,-3.563444560964768,-0.002948985634979565,0.011406754146561586,4.776330413846673e-05,228.4800048828124,148.80007324218752,59.62880859374991,289.43999633789065,203.04000244140627,461.5425292968748,-28.32004394531259,223.6800781249999,167.2705078125,-135.8399414062501,-223.2000488281251,-211.4112304687501,133.91998901367185,102.23994140624995,140.94091796875
1763688462.0846062,4,1,2,-0.17015485984946366,-0.06310059490545972,-4.773443075137685,-0.00795884862730138,0.01672900693401082,-0.00013288311366161612,257.2799316406249,182.40004882812502,63.50087890624991,347.0400329589844,258.2399841308594,562.2144042968748,-40.32004394531259,247.6800781249999,178.886474609375,-171.8399414062501,-247.2000488281251,-250.1312011718751,165.1200012207031,116.63996582031245,156.4287109375
1763688462.286971,4,1,2,-0.13869777285592658,-0.05657619956713408,-5.113877500685579,-0.007868819697994092,0.019885051575287645,-0.0003323242099872141,300.4800048828124,211.19997558593752,63.50087890624991,402.24004516601565,289.43999633789065,635.7822753906248,-42.72006835937509,283.6800781249999,190.50244140625,-193.4400390625001,-266.4000000000001,-296.5951904296876,189.1200012207031,121.44001464843745,183.53271484375
1763688462.3800719,4,1,2,-0.3323110649163462,-0.06513655098734158,-5.355683521222714,-0.007047263966416013,0.021542830306335917,-0.0004911168543170273,314.8800292968749,218.40004882812502,59.62880859374991,431.0400329589844,311.0400329589844,670.6304199218748,-45.12009277343759,290.8800292968749,186.63037109375,-203.0401367187501,-276.0000976562501,-312.0832275390626,203.5200256347656,126.23994140624995,179.660888671875
1763688462.472794,4,1,2,-0.30536568886401944,-0.04275707201001237,-5.931017274105337,-0.011398615376358138,0.023404587569553166,0.00014264790723993084,329.2799316406249,235.19997558593752,67.37294921874991,452.6400085449219,327.84002075195315,701.6064941406248,-45.12009277343759,302.8800292968749,190.50244140625,-207.8399414062501,-288.0000976562501,-323.6991943359376,217.91998901367185,128.63996582031245,187.40478515625
1763688462.5824006,4,1,2,-0.17221442997065228,-0.052519235373431714,-6.233749661880351,-0.00813320642961122,0.014614495117305958,-0.0006566803201742967,334.0799804687499,240.00002441406252,63.50087890624991,464.6400085449219,327.84002075195315,713.2222167968748,-45.12009277343759,310.0799804687499,198.246337890625,-212.6399902343751,-288.0000976562501,-327.57120361328134,217.91998901367185,131.03999023437495,191.27685546875
1763688462.6771145,4,1,2,-0.14559752595819458,-0.012741156706603612,-5.99989148896471,-0.007909446198854996,0.015436079374658945,-0.0005756225915140702,334.0799804687499,240.00002441406252,67.37294921874991,467.0400329589844,330.2399841308594,724.8384277343748,-45.12009277343759,305.2799316406249,194.37451171875,-212.6399902343751,-295.2000488281251,-327.57120361328134,225.1200012207031,131.03999023437495,187.40478515625
1763688462.8802106,4,1,2,-0.18779560583901939,-0.005006690200085845,-5.829331142776376,-0.00779246144904391,0.015067669966382292,-0.0003583516967690857,338.8800292968749,240.00002441406252,71.24477539062491,467.0400329589844,325.43999633789065,717.0942871093748,-42.72006835937509,307.6800781249999,198.246337890625,-212.6399902343751,-292.8001464843751,-323.6991943359376,222.72003784179685,128.63996582031245,202.892822265625
1763688462.9411602,4,1,2,-0.18792250011541298,-0.005852236810027028,-5.8461172084300586,-0.007811861122907516,0.015257385663523587,-0.0005988618448293061,0,0,0,0,0,0,0,0,0,0,0,0,0,0,0
1763688463.0827599,4,1,2,-0.15777858124183475,0.022104833841548613,-5.655194130896131,-0.006324689340661046,0.013256719373351752,-0.0003708623783028383,334.0799804687499,237.60000000000002,63.50087890624991,462.24004516601565,320.6400085449219,720.9663574218748,-42.72006835937509,305.2799316406249,198.246337890625,-212.6399902343751,-290.4000000000001,-319.82718505859384,222.72003784179685,133.44001464843745,191.27685546875
1763688463.182326,4,1,2,-0.149348516901978,0.0063486728146427696,-5.622218086741076,-0.006448608104334553,0.013379609665716706,-0.0005928045238881068,336.4800048828124,242.40004882812502,67.37294921874991,467.0400329589844,323.0400329589844,720.9663574218748,-42.72006835937509,305.2799316406249,194.37451171875,-207.8399414062501,-290.4000000000001,-323.6991943359376,225.1200012207031,135.84003906249995,199.020751953125
1763688463.2524214,4,1,2,-0.16796798628009094,-0.02139991951831207,-5.587239700668716,-0.006323110031274989,0.013173930703545025,-0.0003427203796041665,334.0799804687499,240.00002441406252,71.24477539062491,462.24004516601565,327.84002075195315,728.7104980468748,-40.32004394531259,307.6800781249999,198.246337890625,-210.2400878906251,-290.4000000000001,-319.82718505859384,222.72003784179685,133.44001464843745,187.40478515625
1763688463.3846722,4,1,2,-0.17445783677344212,0.023292511932101856,-5.4691286169110995,-0.006258221831976878,0.01304740766918698,-0.0003041660735502051,336.4800048828124,240.00002441406252,71.24477539062491,464.6400085449219,325.43999633789065,717.0942871093748,-42.72006835937509,305.2799316406249,205.990478515625,-215.0401367187501,-288.0000976562501,-327.57120361328134,217.91998901367185,128.63996582031245,191.27685546875
1763688463.4549701,4,1,2,-0.16693436948755375,0.01841826643014806,-5.603650066022356,-0.00616859269979023,0.013062690606667593,-0.00027325482216839815,331.6799560546874,242.40004882812502,63.50087890624991,462.24004516601565,323.0400329589844,724.8384277343748,-42.72006835937509,305.2799316406249,202.118408203125,-210.2400878906251,-288.0000976562501,-327.57120361328134,217.91998901367185,131.03999023437495,191.27685546875
1763688464.080388,4,1,2,-0.0964296366832395,0.022994165621005556,-5.2511002146298695,-0.006181052250416147,0.01109922488976755,-0.0008522338544833641,336.4800048828124,240.00002441406252,63.50087890624991,464.6400085449219,323.0400329589844,728.7104980468748,-42.72006835937509,310.0799804687499,198.246337890625,-215.0401367187501,-290.4000000000001,-319.82718505859384,220.32001342773435,131.03999023437495,199.020751953125
1763688464.17647,4,1,2,-0.14511260233841822,0.028506157700629767,-5.2363110508402215,-0.006814048940454417,0.012440180477389758,-0.0005369104745935957,341.2799316406249,242.40004882812502,63.50087890624991,467.0400329589844,323.0400329589844,713.2222167968748,-42.72006835937509,310.0799804687499,198.246337890625,-212.6399902343751,-285.5999511718751,-323.6991943359376,222.72003784179685,133.44001464843745,191.27685546875
1763688464.2870295,4,1,2,-0.16474972927370307,0.02866607245137706,-5.317661387668124,-0.006344637108250294,0.012705099723426937,-0.0007983129012141657,338.8800292968749,240.00002441406252,71.24477539062491,469.4400573730469,323.0400329589844,720.9663574218748,-47.51999511718759,302.8800292968749,194.37451171875,-212.6399902343751,-290.4000000000001,-319.82718505859384,220.32001342773435,131.03999023437495,195.14892578125
1763688464.379673,4,1,2,-0.130914230990588,0.003207109728194643,-5.300700093102306,-0.006368301854393944,0.01139415273119838,-0.0010251419111672524,331.6799560546874,244.80007324218752,71.24477539062491,467.0400329589844,325.43999633789065,720.9663574218748,-35.51999511718759,310.0799804687499,202.118408203125,-210.2400878906251,-288.0000976562501,-319.82718505859384,222.72003784179685,135.84003906249995,191.27685546875
1763688464.488767,4,1,2,-0.12332863129087944,-0.002327340385718496,-5.351856432378888,-0.006248992984387327,0.011599138263072893,-0.0004951291588254687,0,0,0,0,0,0,0,0,0,0,0,0,0,0,0
1763688464.5162005,4,1,2,-0.13087483855008614,0.021316649947786932,-5.233256064000639,-0.006205454892629572,0.011775731010428933,-0.0010800270595984496,336.4800048828124,240.00002441406252,63.50087890624991,467.0400329589844,323.0400329589844,717.0942871093748,-40.32004394531259,305.2799316406249,190.50244140625,-215.0401367187501,-290.4000000000001,-323.6991943359376,225.1200012207031,128.63996582031245,191.27685546875
1763688464.6086962,4,1,2,-0.1313775366484104,-0.027584138075085723,-5.386539202073341,-0.006637598759892796,0.011758255420531187,-0.0005851001052248687,334.0799804687499,237.60000000000002,67.37294921874991,467.0400329589844,323.0400329589844,717.0942871093748,-42.72006835937509,305.2799316406249,194.37451171875,-210.2400878906251,-288.0000976562501,-323.6991943359376,220.32001342773435,133.44001464843745,191.27685546875
1763688464.7822387,4,1,2,-0.13108111984064036,-0.009037214402978097,-5.20088091393131,-0.006438976278730385,0.01196738386371667,-0.0008322251349890521,334.0799804687499,242.40004882812502,67.37294921874991,467.0400329589844,325.43999633789065,724.8384277343748,-45.12009277343759,307.6800781249999,202.118408203125,-207.8399414062501,-295.2000488281251,-323.6991943359376,220.32001342773435,133.44001464843745,191.27685546875
1763688464.875661,4,1,2,-0.1328750273660775,0.0420472356359273,-5.1469519776844646,-0.0054968321203590215,0.011710581889822803,-0.0006570155862207146,336.4800048828124,247.19997558593752,67.37294921874991,459.84002075195315,323.0400329589844,724.8384277343748,-37.92001953125009,307.6800781249999,198.246337890625,-212.6399902343751,-288.0000976562501,-327.57120361328134,220.32001342773435,131.03999023437495,195.14892578125
1763688464.984027,4,1,2,-0.09616083300840336,0.02355025012438875,-5.133141359088582,-0.006138736017909704,0.010923319260265636,-0.0008100014002085791,336.4800048828124,242.40004882812502,71.24477539062491,467.0400329589844,320.6400085449219,713.2222167968748,-40.32004394531259,302.8800292968749,194.37451171875,-207.8399414062501,-292.8001464843751,-319.82718505859384,229.91998901367185,131.03999023437495,195.14892578125
1763688465.089604,4,1,2,-0.10781372965871416,0.020033468896479237,-5.163554127231717,-0.005509791223977939,0.010846533048547147,-0.0009741249877646712,334.0799804687499,235.19997558593752,71.24477539062491,464.6400085449219,318.2399841308594,720.9663574218748,-37.92001953125009,305.2799316406249,198.246337890625,-210.2400878906251,-292.8001464843751,-319.82718505859384,220.32001342773435,131.03999023437495,195.14892578125
1763688465.197012,4,1,2,-0.08063324665479471,0.03760916495108724,-5.011850590496513,-0.00548609776972496,0.009790215759073143,-0.0013908503318421231,329.2799316406249,237.60000000000002,63.50087890624991,455.0400329589844,318.2399841308594,713.2222167968748,-42.72006835937509,300.4801269531249,198.246337890625,-210.2400878906251,-285.5999511718751,-323.6991943359376,220.32001342773435,123.84003906249995,187.40478515625
1763688465.307763,4,1,2,-0.1773183614911516,-0.03133434322755263,-4.989014945736104,-0.007934007276262015,0.014991229259469087,-0.0008383760995686277,319.6799560546874,228.00002441406252,67.37294921874991,438.24004516601565,303.84002075195315,682.2461425781248,-42.72006835937509,295.6800781249999,190.50244140625,-203.0401367187501,-283.2000488281251,-304.3392089843751,208.32001342773435,133.44001464843745,191.27685546875
1763688465.4831986,4,1,2,-0.11892150727604472,0.05012187173304048,-4.150234302121884,-0.004139198151557671,0.011921000252084524,-0.0011557787969611768,290.8800292968749,206.40004882812502,71.24477539062491,387.84002075195315,267.84002075195315,624.1665527343748,-35.51999511718759,278.8800292968749,186.63037109375,-186.2400878906251,-268.8001464843751,-277.2352050781251,184.32001342773435,119.03999023437495,171.916748046875
1763688465.5894141,4,1,2,0.0036015870368712663,0.1622593313930359,-3.657540603656168,0.0012269996593532277,0.0037683082805596516,-0.0003432033713155481,271.6799560546874,192.00002441406252,71.24477539062491,366.24004516601565,246.2399841308594,589.3184082031248,-35.51999511718759,264.4801269531249,186.63037109375,-176.6399902343751,-259.2000488281251,-246.25919189453134,169.91998901367185,119.03999023437495,168.044921875
1763688465.7756195,4,1,2,0.03344732607235196,0.14333947480974174,-2.7247461816761556,0.002887884492473844,0.0009379282988590098,-0.0004709550455543582,0,0,0,0,0,0,0,0,0,0,0,0,0,0,0
1763688465.9004264,4,1,2,-0.025800723850385156,0.17970059053564286,-2.3539312298762236,0.0030954010635411205,0.0032670999546111153,-0.0005744880324948366,209.2799316406249,139.19997558593752,55.75673828124991,265.43999633789065,171.83999023437502,442.1821777343748,-23.51999511718759,218.8800292968749,175.014404296875,-131.0401367187501,-208.8001464843751,-188.1791748046876,119.51999511718748,102.23994140624995,133.19677734375
1763688466.073458,4,1,2,0.010841463078292146,0.18703764968251715,-1.5400604862120462,0.005081596189499966,0.0025189787976495144,-0.0008233634414212208,178.0799804687499,112.80007324218752,59.62880859374991,227.0400329589844,145.43999633789065,376.3584472656248,-21.12009277343759,192.4800048828124,163.3984375,-109.44003906250009,-187.2000488281251,-157.2032226562501,95.51999511718748,87.84003906249995,109.96484375
1763688466.0864997,4,1,2,0.06272482465578466,0.21785851211570156,-1.456040865170293,0.005361202057234242,0.0017118460223205087,-0.0012643914023647202,178.0799804687499,108.00002441406252,48.01284179687491,227.0400329589844,145.43999633789065,368.6143066406248,-21.12009277343759,194.8800292968749,163.3984375,-109.44003906250009,-180.0000976562501,-157.2032226562501,95.51999511718748,92.63996582031245,109.96484375
1763688466.198055,4,1,2,-0.06484551386179023,0.10757114769091758,-1.1847545812341633,0.004358815000068577,0.0018188639174895218,-0.0012396349233537217,158.8800292968749,91.19997558593752,44.14077148437491,195.84002075195315,119.04000244140627,329.8945800781248,-9.120092773437591,178.0799804687499,167.2705078125,-99.83994140625009,-168.0000976562501,-141.7151855468751,76.32001342773435,85.44001464843745,106.0927734375
1763688466.3067172,4,1,2,0.11712078468377851,0.24077282332109706,-0.890588227096226,0.00761458916835796,-0.0028729945004636265,-0.001134064011194211,146.8800292968749,81.60000000000002,48.01284179687491,183.84002075195315,109.43999633789065,306.6621582031248,-13.920019531250091,173.2800537109374,151.782470703125,-99.83994140625009,-156.0000976562501,-130.0992187500001,76.32001342773435,78.23994140624995,106.0927734375
1763688466.4796865,4,1,2,0.05596786112340466,0.1595430534200344,-0.7639426944798523,0.005328865557152411,-0.0021838780873655677,0.00015972408819307015,137.2799316406249,67.19997558593752,40.26894531249991,162.24004516601565,102.2399841308594,264.0703613281248,-6.720068359375091,161.2800537109374,147.910400390625,-83.04013671875009,-136.8001464843751,-126.22720947265634,57.1200012207031,71.03999023437495,90.604736328125
1763688466.8874693,4,1,2,0.09034920922778265,0.13483806825591188,-0.2490176556770976,0.0036015637079691793,-0.0031840013023779904,-0.0004439448333371372,106.07998046874991,38.40004882812502,32.52480468749991,128.6400085449219,66.2399841308594,198.24614257812482,-4.320043945312591,137.2800537109374,136.29443359375,-73.44003906250009,-108.00009765625009,-95.25119628906259,35.51999511718748,61.440014648437455,71.244873046875
1763688467.8812656,4,1,2,-0.05645021389479074,0.09386457943587831,0.2614298289045495,0.0011358243239373356,0.004946184246976414,-0.0008134485777584439,67.67995605468741,2.4414062522737368e-05,17.03676757812491,80.6400085449219,39.83999023437502,101.44633789062482,12.480004882812409,89.28005371093741,105.318359375,-54.24008789062509,-52.80014648437509,-72.01920166015634,6.720007324218727,39.840039062499955,32.52490234375
1763688468.0867393,4,1,2,-0.007332202631515471,0.12356308041841417,0.25646810188390495,0.00024886230142074327,0.0030827464072086023,0.00019397745919703198,65.27993164062491,2.3999877929687727,13.164941406249909,75.84002075195315,44.6400085449219,89.83012695312482,7.679956054687409,86.88002929687491,97.574462890625,-49.44003906250009,-43.20004882812509,-72.01920166015634,4.320013427734352,35.039990234374955,32.52490234375
1763688468.2886205,4,1,2,-0.020409627075744334,0.12999908961316262,0.2785329460296801,0.0013008860013104698,0.003034621445866725,-0.00034132200907806753,60.48000488281241,-4.799963378906227,5.420800781249909,71.04000244140627,35.04000244140627,74.34233398437482,10.079980468749909,74.88002929687491,89.83056640625,-49.44003906250009,-40.80014648437509,-68.14719238281259,-0.48000488281252274,35.039990234374955,24.78076171875
1763688468.4762912,4,1,2,-0.031116531433948172,0.05771493383773028,0.32203604611620706,-0.0008032488591781602,0.003400816763543899,-0.0008757608638792462,60.48000488281241,-4.799963378906227,5.420800781249909,68.6400085449219,35.04000244140627,62.72636718749982,12.480004882812409,74.88002929687491,85.95849609375,-47.04013671875009,-31.20004882812509,-68.14719238281259,-0.48000488281252274,35.039990234374955,20.90869140625
1763688468.6798823,4,1,2,-0.06946356226253442,0.046934126730132836,0.35897306948977115,-4.3399865972822485e-05,0.004212420679700391,-0.0004669979259614043,53.27993164062491,-2.3999999999999773,9.292871093749909,73.44002685546877,35.04000244140627,70.47026367187482,12.480004882812409,74.88002929687491,85.95849609375,-44.63999023437509,-36.00009765625009,-72.01920166015634,-2.8799987792968977,27.840039062499955,24.78076171875
1763688468.7887528,4,1,2,-0.04988895772471655,0.0765719918946654,0.2899894015921754,-0.00032160653119265746,0.003931754221436975,-0.0004956298780053442,55.67995605468741,-7.199987792968727,1.548730468749909,66.24001464843752,35.04000244140627,66.59843749999982,10.079980468749909,72.48000488281241,85.95849609375,-47.04013671875009,-36.00009765625009,-68.14719238281259,-0.48000488281252274,35.039990234374955,17.036865234375
1763688468.8825939,4,1,2,-0.05840725586561466,0.063157257230265,0.27377896396576745,-0.00043984199796261473,0.0036331872111882483,-0.0007353245116196022,53.27993164062491,-2.3999999999999773,5.420800781249909,68.6400085449219,35.04000244140627,70.47026367187482,7.679956054687409,70.07998046874991,93.702392578125,-44.63999023437509,-33.59995117187509,-64.27518310546884,-0.48000488281252274,30.239941406249955,17.036865234375
1763688469.294635,4,1,2,-0.09181154535196175,0.04853418821288514,0.22143831510095371,-0.0009240307637681745,0.00503124884652505,-0.0005979957662847775,0,0,0,0,0,0,0,0,0,0,0,0,0,0,0
1763688469.3831785,4,1,2,-0.06617760591299812,0.0427142453490642,0.2539849519001979,-0.0009616890526188407,0.0050040866481860635,-0.0007425325448250209,53.27993164062491,-7.199987792968727,5.420800781249909,61.44002685546877,35.04000244140627,62.72636718749982,12.480004882812409,62.88002929687491,74.342529296875,-42.24008789062509,-31.20004882812509,-72.01920166015634,1.9199890136718523,27.840039062499955,17.036865234375
1763688469.4780543,4,1,2,-0.058062730094484184,0.059346366056988856,0.27262568558142036,-0.0006579995746152361,0.004476559917646084,-0.0012052620531172223,50.88002929687491,-4.799963378906227,1.548730468749909,59.04000244140627,37.43999633789065,62.72636718749982,10.079980468749909,65.28005371093741,78.21435546875,-44.63999023437509,-28.80014648437509,-68.14719238281259,1.9199890136718523,25.440014648437455,9.292724609375
1763688469.7760384,4,1,2,-0.07767802245595629,0.049157131437011045,0.2739525610270201,-0.00022865074691010316,0.004926645968063043,-0.0005763523903583833,50.88002929687491,-2.3999999999999773,-2.323095703125091,61.44002685546877,30.239984130859398,62.72636718749982,12.480004882812409,62.88002929687491,78.21435546875,-39.83994140625009,-31.20004882812509,-68.14719238281259,-0.48000488281252274,27.840039062499955,13.164794921875
1763688469.9813306,4,1,2,-0.06962739308935706,0.08500048064426474,0.22544730936014326,0.00021309946722188945,0.004575450415908557,-0.0009077488611963886,48.48000488281241,-7.199987792968727,1.548730468749909,63.84002075195315,35.04000244140627,54.98247070312482,10.079980468749909,60.48000488281241,70.470458984375,-37.44003906250009,-24.00009765625009,-68.14719238281259,1.9199890136718523,27.840039062499955,13.164794921875
1763688470.2945948,4,1,2,-0.04067013167257429,0.07117775913974841,0.25505431347668805,-0.0005411276564935522,0.003938443097501344,-0.00043046137103539114,53.27993164062491,-7.199987792968727,-6.195166015625091,61.44002685546877,30.239984130859398,51.11040039062482,10.079980468749909,58.07998046874991,70.470458984375,-37.44003906250009,-28.80014648437509,-64.27518310546884,1.9199890136718523,27.840039062499955,5.4208984375
1763688470.4821408,4,1,2,-0.04967162914213223,0.06060966798012594,0.2234664916388664,-0.0004671459343592091,0.0029896748761478846,-0.0006752009491217401,46.07998046874991,-4.799963378906227,-6.195166015625091,56.6400085449219,32.6400085449219,58.85429687499982,12.480004882812409,65.28005371093741,70.470458984375,-39.83994140625009,-21.59995117187509,-72.01920166015634,1.9199890136718523,23.039990234374955,9.292724609375
1763688470.6848238,4,1,2,-0.06117040837675739,0.10506684791228793,0.21057032418651067,0.0005583896728109056,0.0032821624043547874,-0.0006791047513163814,46.07998046874991,-7.199987792968727,-6.195166015625091,56.6400085449219,32.6400085449219,54.98247070312482,7.679956054687409,62.88002929687491,78.21435546875,-30.24008789062509,-24.00009765625009,-64.27518310546884,-0.48000488281252274,23.039990234374955,13.164794921875
1763688470.7783768,4,1,2,-0.04922579503048208,0.048530202790625865,0.20550496662834863,-0.0007505976659862824,0.003454270637719448,-0.000994421935221597,48.48000488281241,-7.199987792968727,-2.323095703125091,56.6400085449219,35.04000244140627,54.98247070312482,12.480004882812409,58.07998046874991,70.470458984375,-37.44003906250009,-26.40000000000009,-60.40317382812509,-0.48000488281252274,25.440014648437455,5.4208984375
1763688470.8872428,4,1,2,-0.07724599495819323,0.028082246633607796,0.22214131978070284,-0.0005902555947675968,0.005198724693775952,-0.00075089463376548,46.07998046874991,-7.199987792968727,-2.323095703125091,56.6400085449219,27.839990234375023,54.98247070312482,12.480004882812409,60.48000488281241,74.342529296875,-39.83994140625009,-26.40000000000009,-64.27518310546884,-2.8799987792968977,27.840039062499955,13.164794921875
1763688470.9801865,4,1,2,-0.06402450792191175,0.06707233007560603,0.20337003579302138,-0.0010885989515482008,0.003840384271049768,-0.00013812217483828064,43.67995605468741,-4.799963378906227,-2.323095703125091,54.24001464843752,35.04000244140627,47.23833007812482,10.079980468749909,58.07998046874991,70.470458984375,-35.04013671875009,-26.40000000000009,-60.40317382812509,-2.8799987792968977,25.440014648437455,5.4208984375
1763688471.1153867,4,1,2,-0.0659078968515339,0.03484973434162114,0.30518767556141324,-0.0010124770449550912,0.004451138513087823,-0.0010366255293952516,41.27993164062491,-7.199987792968727,-6.195166015625091,56.6400085449219,35.04000244140627,51.11040039062482,10.079980468749909,58.07998046874991,74.342529296875,-37.44003906250009,-24.00009765625009,-64.27518310546884,-2.8799987792968977,23.039990234374955,13.164794921875
1763688471.383755,4,1,2,-0.03491330073526946,0.05980633842655472,0.2752377712070692,4.046547492937854e-05,0.0031610320508567765,-0.000889006661325326,46.07998046874991,-7.199987792968727,-6.195166015625091,54.24001464843752,32.6400085449219,47.23833007812482,12.480004882812409,58.07998046874991,62.7265625,-39.83994140625009,-21.59995117187509,-64.27518310546884,1.9199890136718523,23.039990234374955,13.164794921875
1763688471.5219457,4,1,2,-0.03800613447178444,0.08325229712250679,0.23719196947567722,-0.0009433013724148326,0.003247969407320586,-0.0003616470024031509,43.67995605468741,-4.799963378906227,-6.195166015625091,61.44002685546877,32.6400085449219,51.11040039062482,7.679956054687409,55.67995605468741,70.470458984375,-32.63999023437509,-24.00009765625009,-68.14719238281259,1.9199890136718523,25.440014648437455,-2.3232421875
1763688471.6771162,4,1,2,-0.043703421923891206,0.07280713860478918,0.2240437347867255,0.0001407584571213082,0.0037814469427419253,-0.00020417377091028942,41.27993164062491,-4.799963378906227,-10.067236328125091,51.84002075195315,30.239984130859398,47.23833007812482,12.480004882812409,60.48000488281241,62.7265625,-35.04013671875009,-26.40000000000009,-60.40317382812509,-5.279992675781273,25.440014648437455,9.292724609375
1763688471.8299675,4,1,2,-0.04156011497704094,0.041656662321559526,0.2894494475910162,-0.0006195840093382611,0.0038714148626531964,-0.0011195720408640941,41.27993164062491,-9.600012207031227,-13.939062500000091,56.6400085449219,32.6400085449219,51.11040039062482,12.480004882812409,53.28005371093741,74.342529296875,-35.04013671875009,-21.59995117187509,-60.40317382812509,-0.48000488281252274,25.440014648437455,9.292724609375
1763688471.9872916,4,1,2,-0.06454925281044359,0.006093878656850151,0.21842785296739636,-0.001589992508485034,0.00422888022392935,-0.0003640326551907178,0,0,0,0,0,0,0,0,0,0,0,0,0,0,0
1763688472.0785751,4,1,2,-0.07587963131160673,0.05095512161755654,0.2735426557622675,-0.0005499507379529941,0.004347196561357991,-0.0008127459964249134,38.88002929687491,-7.199987792968727,-10.067236328125091,54.24001464843752,35.04000244140627,47.23833007812482,12.480004882812409,58.07998046874991,66.598388671875,-35.04013671875009,-21.59995117187509,-68.14719238281259,-2.8799987792968977,23.039990234374955,1.548828125
1763688472.1240814,4,1,2,-0.1002412197707496,0.03515277403434797,0.2554311674400437,-0.001020996889607619,0.004734403175850381,-0.0005851207424605615,41.27993164062491,-9.600012207031227,-6.195166015625091,54.24001464843752,30.239984130859398,47.23833007812482,7.679956054687409,55.67995605468741,66.598388671875,-35.04013671875009,-24.00009765625009,-64.27518310546884,-0.48000488281252274,23.039990234374955,9.292724609375
1763688472.2847786,4,1,2,-0.034378024247445335,0.06676734067989862,0.29104764784693593,-7.54682646011938e-05,0.003812313255712624,-0.001040699967999522,46.07998046874991,-9.600012207031227,-10.067236328125091,54.24001464843752,32.6400085449219,51.11040039062482,10.079980468749909,53.28005371093741,70.470458984375,-35.04013671875009,-19.20004882812509,-64.27518310546884,-2.8799987792968977,23.039990234374955,9.292724609375
1763688472.5808036,4,1,2,-0.051762079325449406,0.0563083583761544,0.2237214884448775,-0.00018277562494437493,0.004139992729435456,-0.0009077681329690222,41.27993164062491,-4.799963378906227,-2.323095703125091,54.24001464843752,27.839990234375023,51.11040039062482,5.279931640624909,58.07998046874991,66.598388671875,-35.04013671875009,-19.20004882812509,-64.27518310546884,1.9199890136718523,20.639965820312455,9.292724609375
1763688473.887019,4,1,2,0.10038937462949454,0.11088169686118965,-0.5580467147510109,0.002627876835318959,-0.0010725916713696568,-0.00032152498132089684,98.88002929687491,36.00002441406252,28.65273437499991,116.6400085449219,66.2399841308594,178.88627929687482,-4.320043945312591,130.0799804687499,136.29443359375,-71.04013671875009,-115.20004882812509,-91.37918701171884,30.720007324218727,63.840039062499955,78.98876953125
1763688474.1847506,4,1,2,0.10226382717806717,0.21335704892538412,-1.3123011478617639,0.004210983990710465,0.0022012727519521037,-0.0005141448937008784,118.07998046874991,64.80007324218752,36.39687499999991,135.84002075195315,90.2399841308594,240.83842773437482,-6.720068359375091,144.4800048828124,136.29443359375,-75.83994140625009,-141.5999511718751,-106.86722412109384,49.92001953124998,73.44001464843745,75.11669921875
1763688474.2791948,4,1,2,-0.09172220701914649,0.21034323036778352,-1.5053136263918354,0.005095477443971485,0.004982854971353911,-0.00010819368533928426,115.67995605468741,69.60000000000002,40.26894531249991,145.44002685546877,107.04000244140627,264.0703613281248,-11.519995117187591,137.2800537109374,136.29443359375,-83.04013671875009,-151.2000488281251,-110.73917236328134,61.92001953124998,80.63996582031245,63.500732421875
1763688474.682849,4,1,2,-0.10793142250202505,0.16404907110376854,-2.245920577531958,0.001599680373112109,0.009948022424645325,8.139939045079974e-06,166.0799804687499,108.00002441406252,48.01284179687491,205.43999633789065,150.24001464843752,356.9985839843748,-21.12009277343759,170.8800292968749,147.910400390625,-104.63999023437509,-184.8001464843751,-161.0751708984376,97.92001953124998,87.84003906249995,102.220703125
1763688474.77809,4,1,2,-0.11244291402593416,0.1421123185962186,-2.572127167457271,0.00013101858201049026,0.011522466608652368,-0.00011250354282088093,0,0,0,0,0,0,0,0,0,0,0,0,0,0,0
1763688474.8867838,4,1,2,-0.3092058980545404,0.049345208799057474,-2.903032902666191,-0.003501630265059101,0.018383527941929337,-0.000314018738871401,180.4800048828124,127.19997558593752,44.14077148437491,239.0400329589844,186.24001464843752,399.5903808593748,-30.72006835937509,180.4800048828124,144.038330078125,-121.44003906250009,-199.2000488281251,-176.5632080078126,112.32001342773435,92.63996582031245,109.96484375
1763688474.9811914,4,1,2,-0.3610014553649711,0.02558195840017674,-3.057836492217997,-0.004127187041174912,0.02218165097050178,-0.0006815650585332356,192.4800048828124,132.00002441406252,44.14077148437491,253.43999633789065,193.43999633789065,426.6943847656248,-30.72006835937509,194.8800292968749,147.910400390625,-126.24008789062509,-204.0000976562501,-195.9231933593751,124.32001342773435,95.03999023437495,117.708740234375
1763688475.18548,4,1,2,-0.3087269286696139,0.017330235899892132,-3.50358805204534,-0.00629973915793685,0.019765512915482595,-0.00014674884452329628,223.6799560546874,153.60000000000002,40.26894531249991,289.43999633789065,224.6400085449219,480.9023925781248,-40.32004394531259,204.4801269531249,147.910400390625,-135.8399414062501,-216.0000976562501,-219.15518798828134,141.1200012207031,102.23994140624995,129.32470703125
1763688475.4788265,4,1,2,-0.27759953043161484,-0.0272226328133017,-4.518711609699348,-0.008267753441954984,0.017102894378102095,0.00034518696105247473,266.8800292968749,192.00002441406252,55.75673828124991,354.24004516601565,272.6400085449219,573.8301269531248,-40.32004394531259,247.6800781249999,167.2705078125,-169.4400390625001,-244.8001464843751,-261.74722900390634,174.72003784179685,114.23994140624995,156.4287109375
1763688475.588442,4,1,2,-0.21624700811432523,0.001462328029124882,-4.825733605865764,-0.00864463797180935,0.01794021272616639,-0.00031607772093528424,281.2799316406249,204.00002441406252,59.62880859374991,380.6400085449219,289.43999633789065,600.9341308593748,-40.32004394531259,257.2799316406249,171.142333984375,-183.8399414062501,-259.2000488281251,-281.10721435546884,179.5200256347656,119.03999023437495,160.30078125
1763688475.9754417,4,1,2,-0.24341761303491272,-0.10426648738112691,-6.090597606857001,-0.01411897474975898,0.020308598200097328,-0.000938233962529868,343.6799560546874,249.60000000000002,59.62880859374991,486.24004516601565,342.2399841308594,744.1982910156248,-47.51999511718759,310.0799804687499,190.50244140625,-210.2400878906251,-290.4000000000001,-339.18717041015634,234.72003784179685,131.03999023437495,195.14892578125
1763688476.0841384,4,1,2,-0.24981452681914712,-0.120630090121152,-6.4692824291722495,-0.012828284925460839,0.017628598718701014,-0.0008324415403717793,367.6799560546874,266.400048828125,59.62880859374991,524.6400085449219,371.0400329589844,790.6621582031248,-52.32004394531259,322.0799804687499,194.37451171875,-227.0401367187501,-300.0000976562501,-366.29117431640634,256.32001342773435,138.23994140624995,202.892822265625
1763688476.2895184,4,1,2,-0.16322117480424467,-0.17031214350577,-7.313124471071598,-0.017660918015982997,0.01606349542971437,-0.0010732702685401852,398.8800292968749,290.400048828125,59.62880859374991,572.6400085449219,397.43999633789065,848.7422363281248,-49.92001953125009,336.4801269531249,194.37451171875,-236.6399902343751,-312.0000976562501,-389.52322998046884,277.91998901367185,138.23994140624995,218.380859375
1763688476.476772,4,1,2,-0.27198146354490615,-0.2837102235918644,-8.020331234215304,-0.02223520808350324,0.022303048000390124,-0.0015684910557855502,444.4800048828124,331.1999755859375,63.50087890624991,661.4400573730469,440.6400085449219,957.1582519531248,-52.32004394531259,372.4801269531249,205.990478515625,-260.6399902343751,-328.8001464843751,-439.8592285156251,313.91998901367185,145.44001464843745,237.74072265625
1763688476.5871103,4,1,2,-0.23906235889500788,-0.27382993116881177,-8.328868432443135,-0.023724774878241137,0.020545483047917167,-0.0010611981236471088,466.0799804687499,348.0000244140625,63.50087890624991,711.8400207519531,471.84002075195315,1011.3662597656248,-57.12009277343759,377.2799316406249,198.246337890625,-270.2400878906251,-338.4000000000001,-455.34720458984384,342.72003784179685,150.23994140624995,253.228759765625
1763688476.6921,4,1,2,-0.23349726991595654,-0.31966375159605714,-8.902539678915641,-0.023926446941067023,0.0211790012537522,-0.0005592274301548762,492.4800048828124,362.400048828125,63.50087890624991,752.6400695800781,488.6400085449219,1061.7021972656248,-57.12009277343759,391.6800781249999,205.990478515625,-279.8399414062501,-343.2000488281251,-486.3232177734376,361.91998901367185,157.44001464843745,257.100830078125
1763688476.7870638,4,1,2,-0.15195595284664187,-0.3166418806212362,-9.129607404708072,-0.02257317429981313,0.015236861349168102,-0.0010273657256985767,514.0799804687499,379.1999755859375,59.62880859374991,798.2400451660156,512.6400085449219,1108.1665527343748,-59.51999511718759,403.6800781249999,202.118408203125,-291.8399414062501,-343.2000488281251,-505.6832031250001,381.1200012207031,159.84003906249995,276.460693359375
1763688476.8785465,4,1,2,-0.24028047333405042,-0.3821818449486583,-9.594192715883192,-0.029208250801492995,0.02212785648375963,-0.0016054622082161537,528.4800048828124,388.8000732421875,63.50087890624991,829.4399963378906,519.8400207519531,1139.1421386718748,-61.92001953125009,413.2799316406249,209.862548828125,-296.6399902343751,-352.8001464843751,-513.4272216796876,388.32001342773435,169.44001464843745,272.5888671875
1763688477.2817357,4,1,2,-0.06755095122331578,-0.28921620716931357,-9.09428654326534,-0.021803635252214564,0.012743192696061086,-0.0010929914827595283,533.2800537109374,393.6,67.37294921874991,834.2400451660156,510.24004516601565,1154.6304199218748,-61.92001953125009,415.6800781249999,202.118408203125,-296.6399902343751,-352.8001464843751,-509.55521240234384,395.5200256347656,164.63996582031245,276.460693359375
1763688477.3873916,4,1,2,-0.1176970181883974,-0.27285381811106174,-9.110895681841459,-0.02203015134325162,0.013916195360418555,-0.001179000808780549,535.6799560546874,396.0000244140625,63.50087890624991,829.4399963378906,517.4399963378906,1146.8862792968748,-64.32004394531259,415.6800781249999,202.118408203125,-291.8399414062501,-350.4000000000001,-509.55521240234384,393.1200012207031,164.63996582031245,284.204833984375
1763688477.5782342,4,1,2,-0.0963545232885879,-0.28857996593142815,-8.954266585452991,-0.020909465052820816,0.01180343781163812,-0.0009609913742330905,530.8800292968749,396.0000244140625,63.50087890624991,831.8400207519531,512.6400085449219,1150.7583496093748,-59.51999511718759,415.6800781249999,205.990478515625,-291.8399414062501,-352.8001464843751,-517.2991699218751,393.1200012207031,162.23994140624995,284.204833984375
1763688477.6873045,4,1,2,-0.09273517484778147,-0.23588252642464197,-8.907226400880146,-0.021317012304285114,0.013163792994331309,-0.0009503179663770555,535.6799560546874,391.1999755859375,59.62880859374991,827.0400939941406,512.6400085449219,1146.8862792968748,-64.32004394531259,413.2799316406249,209.862548828125,-301.4400390625001,-350.4000000000001,-505.6832031250001,395.5200256347656,164.63996582031245,284.204833984375
1763688477.9876873,4,1,2,-0.11253604107796346,-0.2348086222977378,-8.68508161142555,-0.020571460027291103,0.013183815045199663,-0.0008676873793783494,533.2800537109374,400.8000732421875,67.37294921874991,831.8400207519531,512.6400085449219,1154.6304199218748,-64.32004394531259,413.2799316406249,205.990478515625,-296.6399902343751,-350.4000000000001,-509.55521240234384,397.9200500488281,162.23994140624995,291.94873046875
1763688478.0804777,4,1,2,-0.14666635740166994,-0.2671645868491839,-8.770195290283233,-0.0210419388964102,0.014122686941268283,-0.0008969095629972027,528.4800048828124,388.8000732421875,67.37294921874991,831.8400207519531,512.6400085449219,1146.8862792968748,-61.92001953125009,413.2799316406249,209.862548828125,-296.6399902343751,-348.0000976562501,-513.4272216796876,395.5200256347656,162.23994140624995,288.076904296875
1763688478.188046,4,1,2,-0.1030716668715414,-0.2415940055995364,-8.484253895726175,-0.020743278344022172,0.013409561106696583,-0.0011870147515866002,530.8800292968749,391.1999755859375,71.24477539062491,831.8400207519531,515.0400329589844,1150.7583496093748,-61.92001953125009,415.6800781249999,205.990478515625,-294.2400878906251,-350.4000000000001,-509.55521240234384,397.9200500488281,162.23994140624995,288.076904296875
1763688478.4837856,4,1,2,-0.13831080662778925,-0.28868420080353474,-8.567570105951184,-0.020980020091899428,0.013237307666646205,-0.0009007908171001912,535.6799560546874,396.0000244140625,71.24477539062491,834.2400451660156,512.6400085449219,1154.6304199218748,-66.72006835937509,415.6800781249999,205.990478515625,-296.6399902343751,-350.4000000000001,-509.55521240234384,395.5200256347656,159.84003906249995,280.332763671875
1763688478.6860487,4,1,2,-0.06991020545587376,-0.2475504760281363,-8.449308895845986,-0.020437596878294027,0.012202511013923964,-0.0014858494807574755,538.0799804687499,396.0000244140625,63.50087890624991,831.8400207519531,510.24004516601565,1150.7583496093748,-61.92001953125009,413.2799316406249,202.118408203125,-294.2400878906251,-350.4000000000001,-505.6832031250001,395.5200256347656,164.63996582031245,280.332763671875
1763688478.7796388,4,1,2,-0.05549549757987084,-0.2529635101174367,-8.463140470721655,-0.01980493212519531,0.011153453023841223,-0.0015660430912673234,530.8800292968749,400.8000732421875,63.50087890624991,834.2400451660156,510.24004516601565,1150.7583496093748,-64.32004394531259,410.8800292968749,205.990478515625,-291.8399414062501,-350.4000000000001,-513.4272216796876,397.9200500488281,162.23994140624995,288.076904296875
1763688478.8887565,4,1,2,-0.08370442052003542,-0.28832236010410695,-8.360652574979184,-0.01956471564202562,0.011698854894505862,-0.0014468181479850867,530.8800292968749,393.6,63.50087890624991,827.0400939941406,512.6400085449219,1154.6304199218748,-59.51999511718759,415.6800781249999,202.118408203125,-294.2400878906251,-350.4000000000001,-509.55521240234384,397.9200500488281,162.23994140624995,284.204833984375
1763688479.388562,4,1,2,-0.04772777713696373,-0.23468645391410364,-8.293402305920115,-0.01924312527378644,0.010351674518318992,-0.0008011422048527549,530.8800292968749,396.0000244140625,71.24477539062491,829.4399963378906,507.84002075195315,1150.7583496093748,-61.92001953125009,415.6800781249999,202.118408203125,-291.8399414062501,-350.4000000000001,-513.4272216796876,395.5200256347656,159.84003906249995,284.204833984375
1763688479.4802582,4,1,2,-0.015876937189609346,-0.21983286011258504,-8.239475229719693,-0.018426869699710982,0.008976017063401254,-0.0011710058992869129,528.4800048828124,391.1999755859375,67.37294921874991,822.2400451660156,500.6400085449219,1146.8862792968748,-64.32004394531259,418.0799804687499,209.862548828125,-296.6399902343751,-352.8001464843751,-501.81119384765634,395.5200256347656,164.63996582031245,280.332763671875
1763688479.7764864,4,1,2,0.00027959798678273053,-0.16361986560384822,-7.383961070273441,-0.015006269561827209,0.006361980023147111,-0.0013251524474610472,504.4800048828124,367.1999755859375,67.37294921874991,769.4399963378906,469.43999633789065,1077.1904785156248,-59.51999511718759,403.6800781249999,213.734375,-282.2400878906251,-343.2000488281251,-466.96317138671884,369.1200012207031,159.84003906249995,276.460693359375
1763688479.885975,4,1,2,0.10897003450086026,-0.08817459185971803,-6.966990141251347,-0.011189965370446656,0.002149111114861116,-0.001167681887900742,487.6799560546874,357.6,71.24477539062491,731.0400939941406,445.43999633789065,1034.5981933593748,-54.72006835937509,394.0799804687499,209.862548828125,-275.0401367187501,-338.4000000000001,-455.34720458984384,349.91998901367185,155.03999023437495,268.716796875
1763688479.9730947,4,1,2,0.08687243258696717,-0.07852383333617344,-6.368169254792147,-0.009418088121638846,0.00010300246958440222,-0.0016508493745917225,466.0799804687499,340.8000732421875,71.24477539062491,692.6400695800781,428.6400085449219,992.0063964843748,-52.32004394531259,379.6800781249999,202.118408203125,-263.0401367187501,-331.2000488281251,-435.98721923828134,335.5200256347656,152.63996582031245,260.972900390625
1763688480.1787512,4,1,2,0.11884184205171545,0.014775464510709973,-5.327860831149117,-0.005282318021692007,-0.0018887082627940264,-0.0007226985523764215,420.4800048828124,304.8000732421875,71.24477539062491,618.2400451660156,378.2399841308594,895.2061035156248,-45.12009277343759,358.0799804687499,202.118408203125,-246.2400878906251,-314.4000000000001,-393.39517822265634,294.72003784179685,140.63996582031245,233.868896484375
1763688480.2880044,4,1,2,0.06840807824221502,0.04796923534151679,-4.7404859420378305,-0.005235562779122729,0.002176355883779354,-0.0015307800310827456,391.6799560546874,278.400048828125,75.11684570312491,558.2400451660156,339.84002075195315,825.5103027343748,-37.92001953125009,343.6800781249999,202.118408203125,-231.8399414062501,-304.8001464843751,-362.41922607421884,268.32001342773435,138.23994140624995,222.2529296875
1763688480.382541,4,1,2,0.1992563476688429,0.16731107176845988,-4.157257452957462,0.0020404407454076463,-0.004969255848020145,-0.001303427969235544,360.4800048828124,264.0000244140625,71.24477539062491,515.0400329589844,325.43999633789065,767.4302246093748,-40.32004394531259,331.6800781249999,194.37451171875,-215.0401367187501,-290.4000000000001,-331.4432128906251,244.32001342773435,133.44001464843745,210.63671875
1763688480.6786702,4,1,2,0.15716877522567796,0.21186032968570323,-2.5488475990905193,0.005045160008077185,-0.0033509305903594872,-0.0012663441561484299,271.6799560546874,192.00002441406252,71.24477539062491,378.24004516601565,236.6400085449219,581.5742675781248,-33.12009277343759,262.0799804687499,178.886474609375,-167.0401367187501,-247.2000488281251,-254.00321044921884,179.5200256347656,111.84003906249995,168.044921875
1763688480.7874851,4,1,2,0.006662627201797194,0.17229223130297314,-2.1667666870375566,0.003589566649883866,0.002373945422149588,-0.0012870148357720613,259.6799560546874,175.19997558593752,63.50087890624991,351.84002075195315,219.83999023437502,535.1104003906248,-28.32004394531259,254.8800292968749,175.014404296875,-155.0401367187501,-228.0000976562501,-234.64322509765634,160.32001342773435,107.03999023437495,168.044921875
1763688480.9891577,4,1,2,0.1670810241650124,0.11891321079960297,-1.6161106831870966,0.007894387879212459,-0.0006377830408199024,-0.0014592579212126598,209.2799316406249,141.60000000000002,55.75673828124991,284.6400085449219,179.04000244140627,449.9263183593748,-23.51999511718759,204.4801269531249,155.654541015625,-126.24008789062509,-201.5999511718751,-192.05118408203134,131.5200256347656,95.03999023437495,125.452880859375
1763688481.176438,4,1,2,0.024457861929477992,0.30918929218549757,-1.0996679670026546,0.004244826088441931,-0.004132362685750237,-0.0013074494506999247,187.6799560546874,120.00002441406252,44.14077148437491,248.6400085449219,152.6400085449219,391.8462402343748,-18.72006835937509,190.0799804687499,155.654541015625,-116.63999023437509,-180.0000976562501,-176.5632080078126,112.32001342773435,87.84003906249995,121.580810546875
1763688481.2809107,4,1,2,-0.11470279994707078,0.1394189866416087,-1.043165180014455,0.006156126853750613,0.003314462373093666,-0.0010270317864804822,182.8800292968749,110.40004882812502,55.75673828124991,229.43999633789065,135.83999023437502,368.6143066406248,-13.920019531250091,190.0799804687499,159.5263671875,-109.44003906250009,-175.2000488281251,-157.2032226562501,93.1200012207031,87.84003906249995,113.8369140625
1763688481.3792827,4,1,2,0.03309849219610381,0.2247605079138814,-0.8414457747090079,0.006974861523340882,-0.000752500065901568,-0.000726058884111479,166.0799804687499,98.40004882812502,51.88491210937491,219.84002075195315,126.24001464843752,337.6382324218748,-16.32004394531259,185.2800537109374,163.3984375,-104.63999023437509,-163.2000488281251,-149.4592041015626,90.72000732421873,83.03999023437495,113.8369140625
1763688481.4889357,4,1,2,0.06226354685523555,0.22945138977614543,-0.6763837723899832,0.006397987520088175,-0.0011821003016717385,-0.0007484660833675691,161.2799316406249,91.19997558593752,48.01284179687491,205.43999633789065,123.83999023437502,322.1504394531248,-13.920019531250091,180.4800048828124,151.782470703125,-102.24008789062509,-158.4000000000001,-145.58719482421884,85.92001953124998,78.23994140624995,106.0927734375
1763688481.5837286,4,1,2,-0.03360307943885732,0.17030962482650427,-0.6699789564500881,0.0038430413927380298,0.003921712160801847,-0.0008286732191117273,149.2799316406249,84.00002441406252,48.01284179687491,191.0400329589844,111.83999023437502,298.9185058593748,-9.120092773437591,168.4800048828124,151.782470703125,-95.04013671875009,-151.2000488281251,-133.97122802734384,76.32001342773435,78.23994140624995,94.476806640625
1763688481.675067,4,1,2,-0.012781148715305765,0.14819729917177432,-0.562066151134496,0.005064710320985724,0.0009731478609552608,-0.0009399746554955653,149.2799316406249,81.60000000000002,48.01284179687491,191.0400329589844,109.43999633789065,291.1743652343748,-11.519995117187591,166.0799804687499,155.654541015625,-95.04013671875009,-146.4000000000001,-133.97122802734384,69.1200012207031,78.23994140624995,94.476806640625
1763688481.7824266,4,1,2,-0.05037177692481584,0.13944111661394137,-0.4489752666595066,0.003852476694469822,0.0019385984556901845,-0.0003564116353884353,139.6799560546874,72.00002441406252,48.01284179687491,171.84002075195315,97.43999633789065,267.9424316406248,-4.320043945312591,163.6799560546874,147.910400390625,-92.63999023437509,-139.2000488281251,-126.22720947265634,59.51999511718748,71.03999023437495,98.348876953125
1763688481.8921103,4,1,2,-0.014750658711890817,0.1515097810808413,-0.3150880950077986,0.003833428329632253,0.0009907069140402945,-0.00046649768921957173,130.0799804687499,64.80007324218752,40.26894531249991,169.43999633789065,95.04000244140627,260.1982910156248,-1.920019531250091,154.0799804687499,144.038330078125,-85.44003906250009,-127.20004882812509,-122.35520019531259,59.51999511718748,68.63996582031245,82.86083984375
1763688482.0771093,4,1,2,0.0031203474050204433,0.16556967098016445,-0.21275787714654903,0.003983761155309143,-0.0002699934455795709,-0.0008218101189746885,122.88002929687491,55.19997558593752,36.39687499999991,150.24001464843752,85.43999633789065,221.47856445312482,-4.320043945312591,144.4800048828124,132.42236328125,-85.44003906250009,-112.80014648437509,-110.73917236328134,45.1200012207031,61.440014648437455,71.244873046875
1763688482.9832733,4,1,2,-0.09023272939835117,0.10769487340399747,0.24685446818610124,0.0012531541062687568,0.004294052226133771,-0.000506590300428259,86.88002929687491,16.800012207031273,17.03676757812491,109.44002685546877,54.2399841308594,128.55034179687482,5.279931640624909,106.07998046874991,105.318359375,-61.44003906250009,-62.40000000000009,-87.50717773437509,13.920019531249977,47.039990234374955,48.0126953125
1763688483.1878374,4,1,2,-0.21408957955235425,0.1772176389256357,0.21843290033509263,0.0024477972755018495,0.007975026605608913,0.0001093180802085687,82.07998046874991,12.000024414062523,17.03676757812491,102.24001464843752,51.83999023437502,124.67827148437482,5.279931640624909,98.88002929687491,105.318359375,-56.63999023437509,-52.80014648437509,-87.50717773437509,9.120001220703102,39.840039062499955,44.140869140625
1763688483.3766837,4,1,2,-0.42348677591093326,0.5710787095798472,0.2322974931764197,0.008794289664649199,0.009717320012943028,-0.00043835114984748557,72.48000488281241,4.800012207031273,9.292871093749909,85.44002685546877,49.43999633789065,93.70219726562482,7.679956054687409,94.07998046874991,97.574462890625,-54.24008789062509,-48.00009765625009,-83.63522949218759,9.120001220703102,35.039990234374955,36.396728515625
1763688483.5816789,4,1,2,-0.17430089132897883,0.1453439043229986,0.26589543836712937,0.001211131607663277,0.005385136888753311,-0.00042439840089556,70.07998046874991,4.800012207031273,13.164941406249909,87.84002075195315,47.04000244140627,97.57426757812482,10.079980468749909,86.88002929687491,101.446533203125,-56.63999023437509,-48.00009765625009,-79.76322021484384,11.519995117187477,37.440014648437455,40.268798828125
1763688483.6771696,4,1,2,-0.042450964544768904,0.08482273962773174,0.30894060927114786,9.356810496031348e-05,0.0031271874433939527,-0.000566172046948204,67.67995605468741,2.4414062522737368e-05,9.292871093749909,83.04000244140627,39.83999023437502,89.83012695312482,14.879907226562409,84.48000488281241,93.702392578125,-51.83994140625009,-38.40000000000009,-75.89121093750009,9.120001220703102,35.039990234374955,32.52490234375
1763688483.784206,4,1,2,-0.04544486225455757,0.10456165932588077,0.3453740595864432,0.0009383011637623452,0.0033517695665400554,-0.0003947695956000609,65.27993164062491,2.4414062522737368e-05,9.292871093749909,80.6400085449219,42.2399841308594,82.08623046874982,12.480004882812409,82.07998046874991,97.574462890625,-51.83994140625009,-40.80014648437509,-72.01920166015634,6.720007324218727,32.639965820312455,28.65283203125
1763688483.9847922,4,1,2,-0.06330279371329546,0.053062299734872066,0.24300120163143518,0.00048051994396351456,0.004058016262513365,-0.00035037739083173224,65.27993164062491,2.4414062522737368e-05,5.420800781249909,83.04000244140627,42.2399841308594,82.08623046874982,10.079980468749909,82.07998046874991,89.83056640625,-51.83994140625009,-38.40000000000009,-75.89121093750009,1.9199890136718523,32.639965820312455,20.90869140625
1763688484.187694,4,1,2,-0.0772199799780865,0.07232537054245695,0.24104442347223579,-2.79424066206358e-05,0.004159588881925877,3.6017061450113286e-05,67.67995605468741,-4.799963378906227,9.292871093749909,78.24001464843752,39.83999023437502,82.08623046874982,10.079980468749909,82.07998046874991,89.83056640625,-47.04013671875009,-36.00009765625009,-75.89121093750009,1.9199890136718523,35.039990234374955,24.78076171875
1763688484.2826374,4,1,2,-0.05175111868265123,0.03741991247294263,0.23989797323116976,-0.0003224835627753599,0.003951572832499051,-0.0005882538181936198,60.48000488281241,2.4414062522737368e-05,9.292871093749909,78.24001464843752,37.43999633789065,82.08623046874982,12.480004882812409,77.28005371093741,85.95849609375,-47.04013671875009,-33.59995117187509,-72.01920166015634,6.720007324218727,30.239941406249955,24.78076171875
1763688484.388953,4,1,2,-0.058917033080439246,0.09273811804752238,0.34188764477106676,1.384307944155526e-07,0.0037329738438506336,-0.00024255415065142425,62.88002929687491,-2.3999999999999773,1.548730468749909,80.6400085449219,42.2399841308594,78.21440429687482,12.480004882812409,70.07998046874991,85.95849609375,-44.63999023437509,-33.59995117187509,-79.76322021484384,9.120001220703102,32.639965820312455,17.036865234375
1763688484.4831667,4,1,2,-0.06126200376943157,0.04031082579164476,0.27467815287691905,-0.00013989211959774574,0.004515752402598012,-0.0011223831152258122,58.07998046874991,-2.3999999999999773,-2.323095703125091,75.84002075195315,42.2399841308594,74.34233398437482,12.480004882812409,79.67995605468741,85.95849609375,-47.04013671875009,-33.59995117187509,-72.01920166015634,6.720007324218727,30.239941406249955,28.65283203125
1763688484.5903318,4,1,2,-0.0680873603479528,0.04663696061523285,0.2569800616662159,-0.0004180053683993559,0.004186573868054773,-0.0007396022906945936,60.48000488281241,2.4414062522737368e-05,5.420800781249909,80.6400085449219,44.6400085449219,74.34233398437482,12.480004882812409,74.88002929687491,93.702392578125,-44.63999023437509,-36.00009765625009,-72.01920166015634,4.320013427734352,27.840039062499955,24.78076171875
1763688484.7764862,4,1,2,-0.07762594531788575,0.0589647771954402,0.2743850534750807,-0.00015236729738230545,0.004927725962048463,-0.0007330906415030154,65.27993164062491,-2.3999999999999773,-2.323095703125091,73.44002685546877,37.43999633789065,78.21440429687482,7.679956054687409,70.07998046874991,82.08642578125,-49.44003906250009,-38.40000000000009,-75.89121093750009,4.320013427734352,30.239941406249955,24.78076171875
1763688484.9786053,4,1,2,-0.062042222054739915,0.0313213082609039,0.2576917536082933,-3.4725209253883525e-05,0.004421516471651476,-0.000501761251962717,58.07998046874991,4.800012207031273,1.548730468749909,75.84002075195315,37.43999633789065,70.47026367187482,10.079980468749909,72.48000488281241,78.21435546875,-44.63999023437509,-33.59995117187509,-75.89121093750009,1.9199890136718523,30.239941406249955,20.90869140625
1763688485.1819644,4,1,2,-0.04879355084408377,0.053173227645914214,0.3213111113082528,-0.0008543816925307062,0.004676407174792777,-0.0008754643797638042,55.67995605468741,2.4414062522737368e-05,-2.323095703125091,73.44002685546877,37.43999633789065,62.72636718749982,12.480004882812409,67.67995605468741,78.21435546875,-44.63999023437509,-28.80014648437509,-75.89121093750009,-0.48000488281252274,25.440014648437455,17.036865234375
1763688485.2921813,4,1,2,-0.05004355185497761,0.08516334846531617,0.25582814759897293,-0.0002579595780560812,0.004298442447615929,-0.0001954990813735582,58.07998046874991,-2.3999999999999773,1.548730468749909,71.04000244140627,39.83999023437502,74.34233398437482,12.480004882812409,72.48000488281241,82.08642578125,-44.63999023437509,-31.20004882812509,-68.14719238281259,4.320013427734352,25.440014648437455,24.78076171875
1763688485.38625,4,1,2,-0.05386469841971504,0.06801020409505712,0.22597256810321134,0.00042642467891083414,0.0038806052171898938,-0.0005926475734143531,50.88002929687491,2.3999877929687727,-2.323095703125091,71.04000244140627,42.2399841308594,70.47026367187482,5.279931640624909,70.07998046874991,82.08642578125,-42.24008789062509,-31.20004882812509,-75.89121093750009,6.720007324218727,27.840039062499955,20.90869140625
1763688485.5887928,4,1,2,-0.03686499072136065,0.02904153400728903,0.24169918590521366,0.00011142331109000839,0.003556171813844215,-0.000897874820324194,55.67995605468741,-2.3999999999999773,-2.323095703125091,71.04000244140627,35.04000244140627,66.59843749999982,7.679956054687409,65.28005371093741,82.08642578125,-42.24008789062509,-33.59995117187509,-75.89121093750009,4.320013427734352,30.239941406249955,17.036865234375
1763688486.181283,4,1,2,-0.08651362315073279,0.08668170242946238,0.2596259378849928,0.00024846249395933813,0.0043436957021853575,-0.0004263998455822782,50.88002929687491,-2.3999999999999773,-2.323095703125091,68.6400085449219,37.43999633789065,58.85429687499982,10.079980468749909,60.48000488281241,74.342529296875,-42.24008789062509,-26.40000000000009,-68.14719238281259,4.320013427734352,32.639965820312455,13.164794921875
1763688487.0841556,4,1,2,-0.04320184563677881,0.1044106126978504,0.27646562119261087,0.00040818568922940373,0.0032259071965841475,-0.0006562750864963709,53.27993164062491,-2.3999999999999773,1.548730468749909,66.24001464843752,32.6400085449219,62.72636718749982,10.079980468749909,67.67995605468741,78.21435546875,-39.83994140625009,-28.80014648437509,-68.14719238281259,-2.8799987792968977,30.239941406249955,17.036865234375
1763688487.5824947,4,1,2,-0.0787060309683707,0.003523700499964297,0.2837175553535508,-0.002279985991449662,0.00472844590475284,-0.0008124043662424581,50.88002929687491,2.4414062522737368e-05,1.548730468749909,59.04000244140627,35.04000244140627,54.98247070312482,12.480004882812409,67.67995605468741,74.342529296875,-37.44003906250009,-31.20004882812509,-68.14719238281259,-2.8799987792968977,23.039990234374955,13.164794921875
1763688487.6783438,4,1,2,-0.03337163069456221,0.05945711227726394,0.27390674686215033,-0.0002981420586761095,0.0031420837108800687,-0.0008909440474287047,46.07998046874991,2.4414062522737368e-05,-2.323095703125091,61.44002685546877,32.6400085449219,54.98247070312482,12.480004882812409,60.48000488281241,74.342529296875,-35.04013671875009,-24.00009765625009,-68.14719238281259,-0.48000488281252274,23.039990234374955,13.164794921875
1763688487.78507,4,1,2,-0.04643045690823835,0.06981340076545084,0.22529710152628507,0.0006063566608791732,0.0046592605354178526,-0.0004357642031400095,46.07998046874991,-4.799963378906227,-13.939062500000091,63.84002075195315,35.04000244140627,54.98247070312482,10.079980468749909,58.07998046874991,66.598388671875,-35.04013671875009,-24.00009765625009,-64.27518310546884,1.9199890136718523,20.639965820312455,9.292724609375
1763688488.0809677,4,1,2,-0.06964413229943517,0.07554893793485512,0.2242486062990514,0.0001564381567221967,0.004564003042624538,-4.7593600578068034e-05,46.07998046874991,-4.799963378906227,-6.195166015625091,59.04000244140627,32.6400085449219,58.85429687499982,12.480004882812409,60.48000488281241,74.342529296875,-37.44003906250009,-26.40000000000009,-64.27518310546884,4.320013427734352,23.039990234374955,17.036865234375
1763688488.1900742,4,1,2,-0.030749874965905352,0.1145489627676479,0.2632432207476687,0.0014908690995838801,0.0033224154287491087,-0.0008135677094185949,55.67995605468741,2.4414062522737368e-05,-6.195166015625091,68.6400085449219,37.43999633789065,66.59843749999982,5.279931640624909,67.67995605468741,82.08642578125,-37.44003906250009,-33.59995117187509,-68.14719238281259,-2.8799987792968977,25.440014648437455,20.90869140625
1763688488.9894533,4,1,2,0.06438347387729818,0.1667768406830766,-0.3776014825492504,0.0016039923280150611,0.0008213898946727357,-0.0003440195306688243,86.88002929687491,28.800012207031273,17.03676757812491,109.44002685546877,59.04000244140627,151.78227539062482,2.879907226562409,108.48000488281241,113.0625,-61.44003906250009,-79.20004882812509,-83.63522949218759,28.320013427734352,44.639965820312455,55.7568359375
1763688489.1921308,4,1,2,0.10418389721444062,0.16320638222059927,-0.6206548665370064,0.0040266221470281185,-0.00034551697940373273,-0.0007331441397140854,101.27993164062491,40.80007324218752,24.78090820312491,126.24001464843752,71.04000244140627,186.63041992187482,0.48000488281240905,108.48000488281241,128.550537109375,-68.63999023437509,-103.20004882812509,-87.50717773437509,28.320013427734352,59.039990234374955,59.62890625
1763688489.280502,4,1,2,0.016996903438483424,-0.03896505131541011,-0.826984210904915,0.007483290239762741,0.004309819735336887,-6.882346783016935e-05,118.07998046874991,52.80007324218752,36.39687499999991,143.04000244140627,78.2399841308594,217.60649414062482,0.48000488281240905,144.4800048828124,136.29443359375,-73.44003906250009,-120.00009765625009,-99.12320556640634,42.72000732421873,63.840039062499955,75.11669921875
1763688489.4843433,4,1,2,0.1790915292032607,-0.09302024238615575,-1.323701014284131,-0.0037632026633899382,-0.0023752841680642024,1.9694284639638036e-05,127.67995605468741,72.00002441406252,40.26894531249991,147.84002075195315,99.83999023437502,260.1982910156248,-13.920019531250091,146.8800292968749,132.42236328125,-78.24008789062509,-141.5999511718751,-122.35520019531259,61.92001953124998,75.84003906249995,82.86083984375
1763688489.591684,4,1,2,-0.13597819287451546,0.038306556678048095,-1.5969382384708832,0.0034957462461833065,0.007686679064787474,0.0010407771844067946,158.8800292968749,86.40004882812502,48.01284179687491,179.0400329589844,121.43999633789065,302.7905761718748,-13.920019531250091,161.2800537109374,144.038330078125,-85.44003906250009,-156.0000976562501,-137.84317626953134,73.92001953124998,83.03999023437495,86.73291015625
1763688489.6809568,4,1,2,-0.07138633548716543,0.36501639064062974,-1.7434951341133536,5.028421905764382e-05,0.0051473081470896805,-0.001167180922228495,139.6799560546874,91.19997558593752,44.14077148437491,181.43999633789065,131.04000244140627,322.1504394531248,-16.32004394531259,144.4800048828124,136.29443359375,-95.04013671875009,-165.5999511718751,-133.97122802734384,81.1200012207031,85.44001464843745,94.476806640625
1763688490.0917635,4,1,2,-0.20048529731093873,0.04013227291896727,-2.9543444845611235,-0.00287699569838109,0.016323359508765897,0.0001392339990641425,194.8800292968749,127.19997558593752,51.88491210937491,251.0400329589844,179.04000244140627,418.9502441406248,-28.32004394531259,190.0799804687499,147.910400390625,-123.83994140625009,-196.8001464843751,-188.1791748046876,119.51999511718748,95.03999023437495,117.708740234375
1763688490.1843154,4,1,2,-0.2198880141626138,0.09633815193210438,-3.065385994752174,-0.0017794897509534934,0.01499145634269493,-0.00021349319925596149,197.2799316406249,141.60000000000002,55.75673828124991,265.43999633789065,198.24001464843752,449.9263183593748,-35.51999511718759,192.4800048828124,155.654541015625,-131.0401367187501,-211.2000488281251,-195.9231933593751,129.1200012207031,99.84003906249995,117.708740234375
1763688490.278409,4,1,2,-0.35838273141478993,0.22649132763337265,-3.392514832017974,0.008719143626008615,0.01731860313200446,9.628223712446335e-05,204.4800048828124,156.00002441406252,55.75673828124991,282.24004516601565,212.6400085449219,473.1582519531248,-35.51999511718759,194.8800292968749,159.5263671875,-135.8399414062501,-213.5999511718751,-215.2831787109376,141.1200012207031,102.23994140624995,113.8369140625
1763688490.3876343,4,1,2,-0.2905676691634489,0.19131365046194337,-3.738864782808448,0.00263177051253515,0.017907700386217126,0.0003397165368818531,230.8800292968749,163.19997558593752,55.75673828124991,315.84002075195315,227.04000244140627,504.1343261718748,-33.12009277343759,221.2799316406249,159.5263671875,-143.0401367187501,-220.8001464843751,-230.7712158203126,155.5200256347656,109.44001464843745,133.19677734375
1763688490.4804578,4,1,2,-0.21833909517777966,-0.007345868741727962,-3.961223755061834,-0.007418294963114533,0.015266580645796982,7.647364110340297e-05,0,0,0,0,0,0,0,0,0,0,0,0,0,0,0
1763688490.539707,4,1,2,-0.19539189264569806,-0.019486323711522112,-3.8580262800947365,-0.0068101264965144724,0.014534651313652055,-0.00011777119923333081,254.8800292968749,180.00002441406252,63.50087890624991,349.43999633789065,253.43999633789065,562.2144042968748,-37.92001953125009,235.6800781249999,167.2705078125,-159.8399414062501,-242.4000000000001,-250.1312011718751,172.32001342773435,114.23994140624995,144.812744140625
1763688490.632424,4,1,2,-0.2621024932916677,0.05740003758986413,-4.3401531772179505,-0.005178036724628576,0.017399147091362286,0.00025865579676388685,264.4800048828124,194.40004882812502,63.50087890624991,371.0400329589844,267.84002075195315,600.9341308593748,-42.72006835937509,242.8800292968749,163.3984375,-174.2400878906251,-247.2000488281251,-261.74722900390634,179.5200256347656,116.63996582031245,152.556884765625
1763688490.7771218,4,1,2,-0.24992165163777488,-0.07915886144799975,-5.013493578205975,-0.009702993133260946,0.018582245168611553,-0.00030218093523106196,283.6799560546874,206.40004882812502,55.75673828124991,399.84002075195315,294.2399841308594,612.5503417968748,-49.92001953125009,250.0799804687499,151.782470703125,-181.4400390625001,-249.5999511718751,-284.9792236328126,198.72003784179685,111.84003906249995,168.044921875
1763688490.8216536,4,1,2,-0.25776759820447026,-0.04538034259995895,-5.114869380264053,-0.009615700816189393,0.018904734502451698,0.0002845898318023681,288.4800048828124,208.80007324218752,55.75673828124991,407.0400329589844,301.43999633789065,620.2944824218748,-52.32004394531259,252.4801269531249,151.782470703125,-183.8399414062501,-244.8001464843751,-288.8511718750001,203.5200256347656,111.84003906249995,168.044921875
1763688490.9135733,4,1,2,-0.4553228732057708,-0.22169017526380697,-4.857952647027993,-0.017481428124077728,0.028043080139200222,-0.0004994154513202379,302.8800292968749,228.00002441406252,51.88491210937491,433.4400573730469,325.43999633789065,674.5024902343748,-52.32004394531259,262.0799804687499,167.2705078125,-198.2400878906251,-264.0000976562501,-308.21121826171884,222.72003784179685,121.44001464843745,171.916748046875
1763688491.0894141,4,1,2,-0.29591944088954364,-0.03059261793177681,-5.946081463810975,-0.007421401716225405,0.020114150375279277,-0.00023811163973935442,336.4800048828124,247.19997558593752,67.37294921874991,483.84002075195315,351.84002075195315,736.4541503906248,-54.72006835937509,286.0799804687499,178.886474609375,-215.0401367187501,-278.4000000000001,-335.31522216796884,246.72003784179685,128.63996582031245,187.40478515625
1763688491.1334326,4,1,2,-0.2763445331879282,-0.002664585708546316,-5.897771991676315,-0.007681140409673376,0.020221535127649116,-0.00022452725378587553,343.6799560546874,256.8000732421875,67.37294921874991,495.84002075195315,363.84002075195315,751.9424316406248,-57.12009277343759,290.8800292968749,171.142333984375,-219.8399414062501,-280.8001464843751,-346.93118896484384,246.72003784179685,131.03999023437495,199.020751953125
1763688491.2305605,4,1,2,-0.4126258566303611,-0.20312888217008848,-6.127654770130719,-0.015808676055674327,0.024081554654261348,-1.022271175864166e-05,367.6799560546874,276.0000244140625,75.11684570312491,534.2400451660156,380.6400085449219,806.1504394531248,-54.72006835937509,305.2799316406249,178.886474609375,-229.4400390625001,-288.0000976562501,-366.29117431640634,265.91998901367185,133.44001464843745,210.63671875
1763688491.388644,4,1,2,-0.36773655922356563,-0.12218852280661578,-6.917002767286269,-0.014392248895066554,0.026231589100108893,-5.833450815257075e-05,389.2799316406249,292.8000732421875,63.50087890624991,582.2400451660156,402.2399841308594,856.4863769531248,-64.32004394531259,310.0799804687499,175.014404296875,-246.2400878906251,-295.2000488281251,-381.77921142578134,287.5200256347656,140.63996582031245,214.5087890625
1763688491.4318967,4,1,2,-0.3850706507986177,-0.10428883541269228,-6.967677307389461,-0.014255532347600498,0.026926382310084426,0.0005482936124387725,401.2799316406249,307.1999755859375,75.11684570312491,603.8400207519531,409.43999633789065,887.4624511718748,-61.92001953125009,324.4801269531249,186.63037109375,-243.8399414062501,-304.8001464843751,-393.39517822265634,297.1200012207031,147.84003906249995,229.996826171875
1763688491.524494,4,1,2,-0.4001457149177782,-0.21253425911058343,-7.212270029167975,-0.017549764436249365,0.025126469188859094,0.0003775357321730681,439.6799560546874,333.6,82.86074218749991,666.2400451660156,431.0400329589844,988.1343261718748,-54.72006835937509,353.2799316406249,209.862548828125,-267.8399414062501,-324.0000976562501,-420.49918212890634,330.72003784179685,157.44001464843745,249.356689453125
1763688491.6831648,4,1,2,-0.23562599884084034,-0.12282372860357049,-8.24837133008415,-0.015372099145700278,0.019485135625462523,0.0005541809787477795,466.0799804687499,357.6,78.98891601562491,719.0400939941406,455.0400329589844,1046.2144042968748,-64.32004394531259,370.0799804687499,209.862548828125,-277.4400390625001,-326.4000000000001,-443.7311767578126,349.91998901367185,162.23994140624995,264.8447265625
1763688491.729179,4,1,2,-0.2118143126876037,-0.1289692308744643,-8.332197119104059,-0.015120006840251596,0.01965628318958758,0.0001348767989801176,487.6799560546874,364.8000732421875,82.86074218749991,757.4399963378906,462.2399841308594,1084.9341308593748,-59.51999511718759,379.6800781249999,205.990478515625,-287.0401367187501,-333.5999511718751,-459.2192138671876,369.1200012207031,162.23994140624995,276.460693359375
1763688491.8830204,4,1,2,-0.11246170032707768,-0.23372852853208384,-9.448054188569929,-0.02129209030518396,0.015595886440741153,0.00010796996511998542,514.0799804687499,396.0000244140625,78.98891601562491,812.6400695800781,498.2399841308594,1150.7583496093748,-64.32004394531259,386.8800292968749,202.118408203125,-299.0401367187501,-333.5999511718751,-486.3232177734376,393.1200012207031,164.63996582031245,284.204833984375
1763688491.9790986,4,1,2,-0.13941868684597336,-0.17232188490093298,-9.567574569286364,-0.01698607162254009,0.017649429419255624,0.0002356667659750903,545.2800537109374,412.8000732421875,82.86074218749991,867.8400207519531,522.2400451660156,1228.1982910156248,-71.51999511718759,403.6800781249999,213.734375,-315.8399414062501,-348.0000976562501,-513.4272216796876,426.72003784179685,171.84003906249995,299.69287109375
1763688492.0228534,4,1,2,-0.15817803830334443,-0.19090429653694108,-9.599663852668177,-0.01681187770134552,0.017625913218835384,0.0003048775258458764,552.4800048828124,427.1999755859375,90.60488281249991,889.4399963378906,531.8400207519531,1259.1743652343748,-71.51999511718759,410.8800292968749,209.862548828125,-313.4400390625001,-350.4000000000001,-525.0431884765626,431.5200256347656,176.63996582031245,299.69287109375
1763688492.1172037,4,1,2,-0.027441571764273046,-0.07081908150347033,-10.454497636832066,-0.012109619833802161,0.009044564674017283,0.0012578092278060357,574.0799804687499,456.0000244140625,94.47695312499991,939.8400207519531,551.0400329589844,1348.2305175781248,-73.92001953125009,418.0799804687499,221.478515625,-325.4400390625001,-362.4000000000001,-548.2751831054688,457.9200500488281,188.63996582031245,315.180908203125
1763688492.278877,4,1,2,-0.16933481840634293,0.13490841803902434,-11.463665095053358,0.0009417453925565575,0.014259417083441955,0.0009382142409164031,617.2800537109374,475.1999755859375,90.60488281249991,1014.2400451660156,577.4399963378906,1410.1821777343748,-78.72006835937509,442.0799804687499,213.734375,-335.0401367187501,-364.8001464843751,-583.1232055664063,489.1200012207031,188.63996582031245,342.284912109375
1763688492.3843842,4,1,2,0.06949724642624568,-0.17456095706259575,-11.896805285950865,-0.01602080828662038,0.004259427061501949,0.0009675692056008889,643.6799560546874,499.1999755859375,102.22084960937491,1071.840020751953,596.6400085449219,1472.1343261718748,-76.32004394531259,456.4801269531249,225.350341796875,-339.8399414062501,-369.5999511718751,-602.4831909179688,513.1200012207031,205.44001464843745,353.90087890625
1763688492.4774947,4,1,2,0.09177286611784487,-0.08070560602104064,-12.426575598665496,-0.01308615323872122,0.006099396232679823,0.0006268278094735808,658.0799804687499,511.1999755859375,94.47695312499991,1100.640069580078,620.6400085449219,1530.2144042968748,-83.51999511718759,451.6800781249999,221.478515625,-347.0401367187501,-372.0000976562501,-621.8432067871095,532.3200134277344,207.84003906249995,353.90087890625
1763688492.5874932,4,1,2,-0.16380882607349312,0.10898218576908408,-13.047298779519956,-0.0036126675355500557,0.01648067641327995,0.0012935335614409648,694.0799804687499,537.6,90.60488281249991,1179.840020751953,639.8400207519531,1611.5264160156248,-83.51999511718759,470.8800292968749,221.478515625,-356.6399902343751,-376.8001464843751,-648.9472106933595,558.7200378417969,210.23994140624995,369.388916015625
1763688492.681049,4,1,2,0.07545763074070529,-0.0779551748466496,-13.749311351683492,-0.012106608950998243,0.00516531690434029,0.0007055195848584448,710.8800292968749,547.1999755859375,98.34877929687491,1220.640069580078,663.8400207519531,1634.7583496093748,-85.92001953125009,480.4801269531249,213.734375,-361.4400390625001,-374.4000000000001,-664.4351867675782,570.7200378417969,207.84003906249995,377.1328125
1763688492.7894583,4,1,2,0.046413269215199504,-0.30016946699486713,-13.696543542253465,-0.024836209488674994,0.007224484995606576,0.00061069340437506,703.6799560546874,552.0000244140625,98.34877929687491,1215.840020751953,649.4399963378906,1638.6304199218748,-83.51999511718759,478.0799804687499,221.478515625,-359.0401367187501,-372.0000976562501,-656.6911987304688,573.1200012207031,207.84003906249995,388.748779296875
1763688492.883657,4,1,2,0.1580006921426174,-0.16943054249657954,-13.155834363418984,-0.015320899164824764,0.0016822112339313217,0.0005975578618665233,718.0799804687499,547.1999755859375,94.47695312499991,1230.2400451660155,649.4399963378906,1638.6304199218748,-81.12009277343759,485.2799316406249,209.862548828125,-361.4400390625001,-374.4000000000001,-660.5632080078126,580.3200134277344,203.03999023437495,400.36474609375
1763688492.9924047,4,1,2,0.3494084206930844,-0.47189453456113706,-12.949952301505554,-0.03272916160834087,-0.007651091213231502,0.00022756860221483533,720.4800048828124,549.6,90.60488281249991,1237.440118408203,649.4399963378906,1623.1421386718748,-88.32004394531259,485.2799316406249,213.734375,-359.0401367187501,-369.5999511718751,-656.6911987304688,575.5200256347656,200.63996582031245,404.23681640625
1763688493.0839748,4,1,2,0.2823838933431476,-0.48718498193434556,-12.808486928984864,-0.03131247710988553,-0.006566805445395153,0.0005207908268487775,722.8800292968749,552.0000244140625,98.34877929687491,1237.440118408203,642.2400451660156,1642.5024902343748,-85.92001953125009,487.6800781249999,213.734375,-359.0401367187501,-374.4000000000001,-664.4351867675782,580.3200134277344,205.44001464843745,392.620849609375
1763688493.1605258,4,1,2,0.24749488564081237,-0.46790631460689724,-12.738576132839482,-0.030981815594365702,-0.006158922242894348,0.00023306753930876995,713.2800537109374,552.0000244140625,98.34877929687491,1230.2400451660155,647.0400329589844,1638.6304199218748,-85.92001953125009,485.2799316406249,205.990478515625,-359.0401367187501,-376.8001464843751,-660.5632080078126,577.9200500488281,205.44001464843745,400.36474609375
1763688493.2868602,4,1,2,0.27253197271243534,-0.30327214852021633,-12.53882735622918,-0.021878771566968297,-0.00473211870871125,-0.00013917173922647474,722.8800292968749,549.6,94.47695312499991,1244.640069580078,637.4399963378906,1634.7583496093748,-85.92001953125009,492.4801269531249,205.990478515625,-361.4400390625001,-372.0000976562501,-664.4351867675782,585.1200012207031,203.03999023437495,404.23681640625
1763688493.5849633,4,1,2,0.27640311843961723,-0.13777647536266735,-12.327833289063122,-0.01524787524207298,-0.006444632800131972,-0.00012794695563775565,725.2800537109374,552.0000244140625,98.34877929687491,1244.640069580078,632.6400085449219,1642.5024902343748,-88.32004394531259,494.8800292968749,213.734375,-359.0401367187501,-376.8001464843751,-660.5632080078126,585.1200012207031,203.03999023437495,411.980712890625
1763688493.8816009,4,1,2,0.34829936869557343,-0.14591786672510176,-12.271123702672504,-0.013723103635186973,-0.01069060844416418,0.0005238120770829275,720.4800048828124,549.6,102.22084960937491,1237.440118408203,630.2400451660156,1638.6304199218748,-88.32004394531259,492.4801269531249,217.6064453125,-361.4400390625001,-374.4000000000001,-656.6911987304688,582.7200378417969,205.44001464843745,411.980712890625
1763688494.180443,4,1,2,0.5142173889857574,-0.19177380785862583,-11.924275873312672,-0.015756932089802535,-0.018556547756807294,9.292595219738626e-05,727.6799560546874,552.0000244140625,109.96474609374991,1237.440118408203,611.0400329589844,1642.5024902343748,-88.32004394531259,499.6800781249999,221.478515625,-361.4400390625001,-379.2000488281251,-641.203192138672,582.7200378417969,205.44001464843745,408.10888671875
1763688494.382247,4,1,2,0.5308501728558573,-0.14560509604241884,-11.887684023990836,-0.01500363648365255,-0.02019866858380703,0.000652051150371293,725.2800537109374,552.0000244140625,109.96474609374991,1244.640069580078,608.6400085449219,1638.6304199218748,-85.92001953125009,504.4801269531249,225.350341796875,-356.6399902343751,-379.2000488281251,-652.8191894531251,582.7200378417969,207.84003906249995,411.980712890625
1763688494.4917932,4,1,2,0.515319955340879,-0.16856149939612622,-11.81342950569984,-0.017544189149447963,-0.01877651675745399,0.00020079749193955632,725.2800537109374,556.8000732421875,109.96474609374991,1244.640069580078,618.2400451660156,1650.2461425781248,-78.72006835937509,499.6800781249999,221.478515625,-361.4400390625001,-384.0000976562501,-641.203192138672,582.7200378417969,210.23994140624995,411.980712890625
1763688494.582891,4,1,2,0.43619030909095324,-0.09818314943302253,-11.880417354552588,-0.012987006268495367,-0.01598914549561,0.000660744834778727,732.4800048828124,552.0000244140625,106.09291992187491,1244.640069580078,608.6400085449219,1654.1182128906248,-85.92001953125009,504.4801269531249,229.222412109375,-359.0401367187501,-379.2000488281251,-645.0752014160157,587.5200256347656,210.23994140624995,411.980712890625
1763688494.6132092,4,1,2,0.47836595221719225,-0.10187342259372449,-11.880896067361338,-0.012841870016411829,-0.01662792566875919,0.000504796576561735,730.0799804687499,554.400048828125,109.96474609374991,1244.640069580078,611.0400329589844,1654.1182128906248,-85.92001953125009,502.0799804687499,229.222412109375,-363.8399414062501,-381.5999511718751,-648.9472106933595,580.3200134277344,205.44001464843745,415.852783203125
1763688494.7070773,4,1,2,0.46043872550603415,-0.135813903907333,-11.887234062017878,-0.014789746724143925,-0.0170654334307584,0.0008097303734108446,732.4800048828124,552.0000244140625,109.96474609374991,1247.0400939941405,611.0400329589844,1646.3745605468748,-81.12009277343759,504.4801269531249,225.350341796875,-359.0401367187501,-376.8001464843751,-652.8191894531251,585.1200012207031,203.03999023437495,411.980712890625
1763688494.8027496,4,1,2,0.5603231223324463,-0.19653375512911392,-11.81553795031727,-0.01807619396597457,-0.02085685155948623,0.0005121981863985704,732.4800048828124,554.400048828125,109.96474609374991,1251.840020751953,611.0400329589844,1650.2461425781248,-78.72006835937509,504.4801269531249,225.350341796875,-359.0401367187501,-376.8001464843751,-641.203192138672,587.5200256347656,205.44001464843745,419.724853515625
1763688494.8959603,4,1,2,0.48364571454756633,-0.1682003665231434,-11.75885051418475,-0.016370967464845385,-0.017073073228428964,0.00014775933348358094,732.4800048828124,559.20009765625,106.09291992187491,1251.840020751953,611.0400329589844,1657.9902832031248,-83.51999511718759,502.0799804687499,221.478515625,-359.0401367187501,-379.2000488281251,-645.0752014160157,585.1200012207031,203.03999023437495,419.724853515625
1763688494.990074,4,1,2,0.46644576383526154,-0.13080226846794615,-11.792727966391858,-0.012200923920022831,-0.01771686276969639,0.0006196407256938395,730.0799804687499,554.400048828125,109.96474609374991,1256.640069580078,611.0400329589844,1657.9902832031248,-83.51999511718759,504.4801269531249,217.6064453125,-359.0401367187501,-379.2000488281251,-648.9472106933595,585.1200012207031,207.84003906249995,423.596923828125
1763688495.0888035,4,1,2,0.5399986744037855,-0.23785368961413222,-11.788869433396128,-0.019761678862349856,-0.019388647584480622,0.0005966081967305422,739.6799560546874,561.6,106.09291992187491,1268.640069580078,613.4399963378906,1657.9902832031248,-81.12009277343759,502.0799804687499,217.6064453125,-363.8399414062501,-376.8001464843751,-660.5632080078126,589.9200500488281,205.44001464843745,423.596923828125
1763688495.1928968,4,1,2,0.5586646617216733,-0.3746567793062392,-11.848560788119318,-0.026931587837662585,-0.020391295473988384,0.0003210992088286302,739.6799560546874,556.8000732421875,106.09291992187491,1268.640069580078,618.2400451660156,1657.9902832031248,-88.32004394531259,504.4801269531249,229.222412109375,-361.4400390625001,-379.2000488281251,-652.8191894531251,592.3200134277344,205.44001464843745,419.724853515625
1763688495.3817701,4,1,2,0.48369020230802057,-0.2526180493375927,-11.725352506300437,-0.02091509778373203,-0.016844052222455046,-9.03064988696297e-06,734.8800292968749,556.8000732421875,106.09291992187491,1251.840020751953,615.8400207519531,1657.9902832031248,-85.92001953125009,502.0799804687499,213.734375,-356.6399902343751,-388.8001464843751,-648.9472106933595,589.9200500488281,205.44001464843745,419.724853515625
1763688495.4911935,4,1,2,0.40699937497413585,-0.18642265665304808,-11.474520224456217,-0.016826530540838686,-0.013380542114064479,-0.0003752811568232448,718.0799804687499,549.6,117.70888671874991,1225.440118408203,601.4399963378906,1630.8862792968748,-83.51999511718759,494.8800292968749,221.478515625,-359.0401367187501,-379.2000488281251,-637.3312133789063,577.9200500488281,205.44001464843745,411.980712890625
1763688495.5984433,4,1,2,0.374458401185431,-0.0746611071103703,-11.11258914274541,-0.010261908530046514,-0.013633797759212144,7.544756818234771e-06,706.0799804687499,540.0000244140625,113.83681640624991,1191.840020751953,589.4399963378906,1584.4224121093748,-81.12009277343759,490.0799804687499,221.478515625,-349.4400390625001,-369.5999511718751,-621.8432067871095,561.1200012207031,200.63996582031245,408.10888671875
1763688495.7892482,4,1,2,0.5387299101304872,-0.12210076257904284,-9.997955482556923,-0.013427651319091117,-0.02048184128510164,-0.00023183028280908229,677.2800537109374,516.0000244140625,121.58095703124991,1131.840020751953,541.4399963378906,1522.4702636718748,-78.72006835937509,478.0799804687499,236.966552734375,-344.6399902343751,-372.0000976562501,-590.8671936035157,539.5200256347656,195.84003906249995,404.23681640625
1763688495.8947825,4,1,2,0.55726972712107,0.06410358138753341,-9.288208126793778,-0.003773109684038045,-0.023159457677373263,0.0002032054346167841,648.4800048828124,492.0000244140625,121.58095703124991,1076.640069580078,527.0400329589844,1464.3901855468748,-76.32004394531259,463.6800781249999,229.222412109375,-337.4400390625001,-364.8001464843751,-563.7631896972657,517.9200500488281,193.44001464843745,388.748779296875
1763688496.181517,4,1,2,0.519323059819729,0.25387577627244773,-6.806604408005226,0.0077047481019945525,-0.021726959309803326,-0.0006744964520614362,552.4800048828124,427.1999755859375,121.58095703124991,870.2400451660156,435.84002075195315,1255.3022949218748,-66.72006835937509,415.6800781249999,233.094482421875,-301.4400390625001,-352.8001464843751,-474.70718994140634,429.1200012207031,186.23994140624995,334.540771484375
1763688496.2891657,4,1,2,0.3588784443880539,0.32263158700645345,-6.1560379985935265,0.011215458311730004,-0.013578599063519093,-0.0007428442305682885,509.2800537109374,398.400048828125,121.58095703124991,798.2400451660156,421.43999633789065,1177.8623535156248,-69.12009277343759,389.2799316406249,217.6064453125,-291.8399414062501,-340.8001464843751,-447.60318603515634,397.9200500488281,176.63996582031245,303.564697265625
1763688496.3833055,4,1,2,0.338983647803475,0.4502957068603191,-4.936450820636361,0.01766139004740628,-0.014683508170012335,-0.0007594621905670949,470.8800292968749,372.0000244140625,121.58095703124991,728.6400695800781,375.84002075195315,1092.6782714843748,-59.51999511718759,384.4801269531249,229.222412109375,-270.2400878906251,-331.2000488281251,-412.7552246093751,369.1200012207031,169.44001464843745,295.82080078125
1763688496.4942925,4,1,2,0.2563118910348775,0.39261166442288653,-4.783671128988178,0.014157359698870912,-0.009133806703383303,-0.0006352667814012042,432.4800048828124,345.6,106.09291992187491,663.8400207519531,359.0400329589844,1003.6221191406248,-54.72006835937509,350.8800292968749,213.734375,-255.8399414062501,-319.2000488281251,-385.6512207031251,335.5200256347656,164.63996582031245,260.972900390625
1763688496.5873842,4,1,2,0.17673446937322612,0.4983038631746777,-4.223154910078327,0.01970052734477151,-0.007848799452954918,-0.00041938217842091735,386.8800292968749,312.0000244140625,109.96474609374991,587.0400329589844,330.2399841308594,922.3101074218748,-59.51999511718759,324.4801269531249,202.118408203125,-243.8399414062501,-309.5999511718751,-346.93118896484384,304.32001342773435,155.03999023437495,241.61279296875
1763688496.6839387,4,1,2,0.032025104844961155,0.566233792582229,-3.6480950896703455,0.025361443477280567,-0.000271011056393166,-0.0008963543653828667,367.6799560546874,290.400048828125,102.22084960937491,543.8400207519531,311.0400329589844,848.7422363281248,-52.32004394531259,317.2799316406249,205.990478515625,-222.2400878906251,-295.2000488281251,-323.6991943359376,275.5200256347656,145.44001464843745,226.124755859375
1763688496.778717,4,1,2,0.14423596467734356,0.4536423948804619,-3.2086939348675916,0.017225684195028422,-0.003725774867795171,-0.0013137113949820752,343.6799560546874,261.6,98.34877929687491,495.84002075195315,275.0400329589844,782.9185058593748,-47.51999511718759,300.4801269531249,202.118408203125,-207.8399414062501,-280.8001464843751,-296.5951904296876,246.72003784179685,135.84003906249995,222.2529296875
1763688497.0878017,4,1,2,-0.12667807479106022,0.5087677379976545,-2.1219731628441494,0.017594648960312112,-0.0008924552681043507,-0.0016302810395357188,252.4800048828124,194.40004882812502,78.98891601562491,366.24004516601565,212.6400085449219,597.0625488281248,-33.12009277343759,252.4801269531249,178.886474609375,-159.8399414062501,-235.2000488281251,-223.0271972656251,181.91998901367185,121.44001464843745,168.044921875
1763688497.3889868,4,1,2,-0.03281864320955666,0.3270994013034111,-1.4292720489685387,0.012104911581643434,0.004028274495324859,-0.0010775546396764395,211.6799560546874,144.00002441406252,67.37294921874991,291.84002075195315,167.04000244140627,473.1582519531248,-23.51999511718759,209.2799316406249,171.142333984375,-133.4400390625001,-196.8001464843751,-176.5632080078126,136.32001342773435,102.23994140624995,137.06884765625
1763688497.4755392,4,1,2,-0.012329109383977438,0.2160429799621674,-1.1426429431612934,0.0071241275227334755,0.0007354067232902689,-0.0009880190734527362,204.4800048828124,136.80007324218752,67.37294921874991,279.84002075195315,157.43999633789065,446.0542480468748,-23.51999511718759,204.4801269531249,163.3984375,-126.24008789062509,-189.5999511718751,-172.69119873046884,129.1200012207031,99.84003906249995,140.94091796875
1763688497.6860251,4,1,2,-0.047288052730695376,0.22808768042171923,-0.8940081932024537,0.0070846641423565025,0.005273176422544282,-0.0008992346830576937,180.4800048828124,110.40004882812502,55.75673828124991,243.84002075195315,138.24001464843752,384.1025878906248,-21.12009277343759,180.4800048828124,155.654541015625,-109.44003906250009,-170.4000000000001,-157.2032226562501,107.51999511718748,85.44001464843745,109.96484375
1763688498.0904703,4,1,2,-0.02839809596868341,0.2396601726707458,-0.4454012575697822,0.009369958571941537,0.0014499675270828812,-0.0006527834239018391,144.4800048828124,84.00002441406252,51.88491210937491,191.0400329589844,104.6400085449219,302.7905761718748,-11.519995117187591,163.6799560546874,155.654541015625,-95.04013671875009,-144.0000976562501,-126.22720947265634,73.92001953124998,78.23994140624995,102.220703125
1763688498.1840074,4,1,2,-0.02473507814822644,0.18893278170581584,-0.34843115404527847,0.004272032325678542,0.0028543797816424315,-0.0007138580118811912,137.2799316406249,69.60000000000002,40.26894531249991,181.43999633789065,92.6400085449219,275.6865722656248,-9.120092773437591,151.6799560546874,151.782470703125,-92.63999023437509,-129.5999511718751,-118.48319091796884,64.32001342773435,75.84003906249995,86.73291015625
1763688498.3342419,4,1,2,-0.02068629028973125,0.1733675237732755,-0.29211294602051946,0.005359825032186356,0.0008789445625024143,-0.0005317144980314672,130.0799804687499,55.19997558593752,28.65273437499991,164.6400085449219,92.6400085449219,236.96635742187482,-9.120092773437591,139.6799560546874,132.42236328125,-80.63999023437509,-108.00009765625009,-114.61118164062509,57.1200012207031,61.440014648437455,75.11669921875
1763688499.18523,4,1,2,-0.10470814190114278,0.053360593932699915,0.23444967308610026,-0.0019083845011693048,0.006068270115981577,-0.0009886842160195313,101.27993164062491,26.399987792968773,17.03676757812491,123.84002075195315,71.04000244140627,159.52641601562482,0.48000488281240905,108.48000488281241,101.446533203125,-68.63999023437509,-64.80014648437509,-106.86722412109384,33.1200012207031,44.639965820312455,63.500732421875
1763688499.7801414,4,1,2,-0.006514605382501187,-0.09645466549872087,0.2818721506785058,-0.0020454500447111158,0.003555816401362415,0.0001342793033529342,82.07998046874991,12.000024414062523,9.292871093749909,99.84002075195315,47.04000244140627,109.19047851562482,7.679956054687409,94.07998046874991,97.574462890625,-56.63999023437509,-45.59995117187509,-87.50717773437509,13.920019531249977,37.440014648437455,36.396728515625
1763688499.889412,4,1,2,-0.04797821392666104,0.11279593800986232,0.33093956812581027,0.001484631398482174,0.003856421995745857,-0.001023592311751412,77.27993164062491,9.600000000000023,13.164941406249909,102.24001464843752,44.6400085449219,113.06254882812482,2.879907226562409,91.67995605468741,101.446533203125,-61.44003906250009,-45.59995117187509,-87.50717773437509,16.320013427734352,37.440014648437455,44.140869140625
1763688499.982836,4,1,2,-0.08573706947234329,0.048780207550937885,0.2753709939958622,-0.00022081412104968563,0.003872030596429134,-0.0004977866728241326,77.27993164062491,7.200036621093773,9.292871093749909,99.84002075195315,49.43999633789065,105.31840820312482,7.679956054687409,91.67995605468741,97.574462890625,-54.24008789062509,-48.00009765625009,-83.63522949218759,11.519995117187477,35.039990234374955,32.52490234375
1763688500.1879413,4,1,2,-0.0528807414755403,0.07775988776121426,0.3102037270191065,0.00035538607115257197,0.0037903025781460325,-0.0009546619664441238,72.48000488281241,4.800012207031273,9.292871093749909,92.6400085449219,44.6400085449219,101.44633789062482,10.079980468749909,89.28005371093741,97.574462890625,-54.24008789062509,-43.20004882812509,-83.63522949218759,9.120001220703102,35.039990234374955,40.268798828125
1763688500.2780385,4,1,2,-0.06392436326097564,0.05323486274987198,0.3283862959618,0.0006652647068713696,0.003989037762483438,-0.0007881884830630414,72.48000488281241,4.800012207031273,9.292871093749909,90.24001464843752,44.6400085449219,97.57426757812482,12.480004882812409,89.28005371093741,93.702392578125,-56.63999023437509,-36.00009765625009,-79.76322021484384,11.519995117187477,37.440014648437455,32.52490234375
1763688500.3883631,4,1,2,-0.05433296914431396,0.09714958133055929,0.34530615298597006,0.0008615115964816309,0.003995936361287059,-0.0007851969010408922,74.88002929687491,7.200036621093773,5.420800781249909,90.24001464843752,44.6400085449219,93.70219726562482,7.679956054687409,82.07998046874991,85.95849609375,-54.24008789062509,-43.20004882812509,-75.89121093750009,6.720007324218727,35.039990234374955,28.65283203125
1763688501.3868377,4,1,2,-0.05779828427973253,0.043858846252155255,0.20508116145084582,-0.0007773761252315655,0.0035206574000530627,-0.00044694377777039387,62.88002929687491,2.3999877929687727,1.548730468749909,78.24001464843752,44.6400085449219,85.95854492187482,12.480004882812409,82.07998046874991,93.702392578125,-42.24008789062509,-40.80014648437509,-75.89121093750009,9.120001220703102,30.239941406249955,20.90869140625
1763688501.6944594,4,1,2,-0.03485229028200089,0.041848819711220994,0.25774162864691197,-9.45714165145879e-05,0.0027777193193418135,-0.0003470795186000282,67.67995605468741,-2.3999999999999773,-2.323095703125091,78.24001464843752,39.83999023437502,78.21440429687482,10.079980468749909,77.28005371093741,85.95849609375,-47.04013671875009,-38.40000000000009,-79.76322021484384,4.320013427734352,32.639965820312455,20.90869140625
1763688502.085605,4,1,2,0.006343880138309263,0.08129130302864224,0.2265507871130296,0.0007424476166527541,0.0013929903701463658,-0.00020219743619648406,62.88002929687491,2.3999877929687727,-2.323095703125091,80.6400085449219,35.04000244140627,78.21440429687482,14.879907226562409,79.67995605468741,78.21435546875,-47.04013671875009,-31.20004882812509,-79.76322021484384,9.120001220703102,27.840039062499955,24.78076171875
1763688502.4937546,4,1,2,-0.04329495265988147,0.038479132853926,0.24145287641826635,-0.00012344200783177546,0.002473320716803208,-0.0002745677302627143,62.88002929687491,2.4414062522737368e-05,-2.323095703125091,78.24001464843752,39.83999023437502,78.21440429687482,10.079980468749909,82.07998046874991,85.95849609375,-44.63999023437509,-33.59995117187509,-75.89121093750009,1.9199890136718523,35.039990234374955,20.90869140625
1763688502.6802948,4,1,2,-0.02713156137366385,0.10950562658321635,0.22780748340999463,0.0007897381401631895,0.001960632199953479,-0.0004382591690592445,60.48000488281241,2.3999877929687727,5.420800781249909,75.84002075195315,37.43999633789065,66.59843749999982,12.480004882812409,77.28005371093741,85.95849609375,-42.24008789062509,-36.00009765625009,-72.01920166015634,1.9199890136718523,27.840039062499955,24.78076171875
1763688502.723369,4,1,2,0.004025656463554711,0.11954202399694608,0.21213675534757048,0.001550331764560136,0.0018836038160689485,-0.00012887322303520575,65.27993164062491,2.3999877929687727,-2.323095703125091,75.84002075195315,32.6400085449219,74.34233398437482,12.480004882812409,79.67995605468741,85.95849609375,-42.24008789062509,-36.00009765625009,-75.89121093750009,1.9199890136718523,30.239941406249955,24.78076171875
1763688502.817433,4,1,2,-0.006250344950958393,0.08488066865726135,0.2639930154499341,0.0016022541269550504,0.001995066619915152,-0.0007324519602594388,60.48000488281241,-2.3999999999999773,-2.323095703125091,75.84002075195315,35.04000244140627,78.21440429687482,14.879907226562409,74.88002929687491,85.95849609375,-42.24008789062509,-33.59995117187509,-72.01920166015634,4.320013427734352,27.840039062499955,20.90869140625
1763688503.1782515,4,1,2,-0.04456648494390038,0.07910857020498036,0.21058583968212807,0.0005315110827205014,0.0022982404046159714,-0.0004426981837406551,58.07998046874991,2.3999877929687727,-2.323095703125091,71.04000244140627,35.04000244140627,66.59843749999982,7.679956054687409,70.07998046874991,78.21435546875,-42.24008789062509,-33.59995117187509,-75.89121093750009,4.320013427734352,30.239941406249955,24.78076171875
1763688504.0831618,4,1,2,-0.009201572519108754,0.10974699805564749,0.20982686307492787,0.0006229358616291721,0.0017077628183003039,-0.00044558633389833117,60.48000488281241,2.3999877929687727,-2.323095703125091,73.44002685546877,37.43999633789065,66.59843749999982,17.27993164062491,72.48000488281241,78.21435546875,-39.83994140625009,-28.80014648437509,-75.89121093750009,4.320013427734352,25.440014648437455,20.90869140625
1763688505.185078,4,1,2,0.031160231345371294,0.053957923925954505,-0.2098634408077485,0.0005702135921563051,-0.0004552093441974293,-0.0005133527355279878,91.67995605468741,24.000024414062523,17.03676757812491,107.04000244140627,51.83999023437502,144.03813476562482,10.079980468749909,113.28005371093741,124.678466796875,-59.04013671875009,-76.80014648437509,-83.63522949218759,23.519995117187477,44.639965820312455,51.884765625
1763688505.3863442,4,1,2,0.14053216722204917,0.12129453837473088,-0.4454494898184471,0.001586687624668519,-0.0018945241196143268,-0.00020898867115294215,98.88002929687491,33.60000000000002,28.65273437499991,121.44002685546877,63.83999023437502,186.63041992187482,5.279931640624909,122.88002929687491,124.678466796875,-63.83994140625009,-98.40000000000009,-91.37918701171884,30.720007324218727,54.239941406249955,63.500732421875
1763688505.479282,4,1,2,0.04536868930221784,0.18119294409454037,-0.6680090232853758,0.003980760178273159,-0.0006876151628228455,-0.0009861428426307535,108.48000488281241,45.60000000000002,32.52480468749991,128.6400085449219,66.2399841308594,202.11821289062482,2.879907226562409,139.6799560546874,132.42236328125,-71.04013671875009,-115.20004882812509,-99.12320556640634,40.32001342773435,61.440014648437455,71.244873046875
1763688505.537791,4,1,2,0.018826818543181238,0.1581706757444755,-0.7178962368725398,0.003957937047039861,-0.0007499372942511612,-0.00037645237155721186,115.67995605468741,50.40004882812502,32.52480468749991,145.44002685546877,78.2399841308594,229.22221679687482,-9.120092773437591,139.6799560546874,136.29443359375,-73.44003906250009,-120.00009765625009,-102.99521484375009,49.92001953124998,66.23994140624995,71.244873046875
1763688505.6805172,4,1,2,-0.005134504507252634,0.1986965302863987,-1.1997238694743508,0.00548849261605232,-0.00021350059897301587,2.0830532376840097e-06,132.4800048828124,72.00002441406252,51.88491210937491,167.0400329589844,99.83999023437502,271.8145019531248,-6.720068359375091,156.4800048828124,140.16650390625,-80.63999023437509,-139.2000488281251,-126.22720947265634,66.72000732421873,78.23994140624995,90.604736328125
1763688505.7885525,4,1,2,-0.07194515701520209,0.16901099750978343,-1.5144600813942,0.006283868997322497,0.0019458994601033526,-0.0006506913300100541,142.0799804687499,86.40004882812502,44.14077148437491,183.84002075195315,111.83999023437502,302.7905761718748,-16.32004394531259,158.8800292968749,147.910400390625,-95.04013671875009,-153.5999511718751,-130.0992187500001,76.32001342773435,80.63996582031245,90.604736328125
1763688505.880626,4,1,2,-0.016222228729749488,0.272469670650265,-1.7892464364890857,0.006061763239294311,0.0027047227362801476,0.00033550097754493104,149.2799316406249,96.00002441406252,48.01284179687491,195.84002075195315,121.43999633789065,329.8945800781248,-16.32004394531259,170.8800292968749,147.910400390625,-92.63999023437509,-168.0000976562501,-137.84317626953134,83.51999511718748,85.44001464843745,98.348876953125
1763688505.9395661,4,1,2,-0.026486754157424297,0.23963684943298263,-1.8549387203847136,0.006101758346230278,0.002424678535432006,-7.582175855744386e-05,161.2799316406249,100.80007324218752,51.88491210937491,205.43999633789065,133.43999633789065,349.2544433593748,-18.72006835937509,175.6799560546874,155.654541015625,-102.24008789062509,-172.8001464843751,-149.4592041015626,88.32001342773435,85.44001464843745,109.96484375
1763688506.0854216,4,1,2,-0.1019980832972274,0.17901330417222883,-2.416832796095277,0.004372081219687428,0.00693209133856247,-0.0005119052488660166,180.4800048828124,117.60000000000002,55.75673828124991,236.6400085449219,157.43999633789065,387.9741699218748,-23.51999511718759,187.6799560546874,163.3984375,-104.63999023437509,-187.2000488281251,-164.94718017578134,107.51999511718748,92.63996582031245,113.8369140625
1763688506.1279626,4,1,2,-0.051827725320597845,0.20932320622297224,-2.3668421072459513,0.004997280259786599,0.0064991477592586215,0.00020929023213607934,182.8800292968749,124.80007324218752,51.88491210937491,246.24004516601565,167.04000244140627,407.3345214843748,-25.92001953125009,190.0799804687499,159.5263671875,-119.04013671875009,-192.0000976562501,-176.5632080078126,112.32001342773435,95.03999023437495,113.8369140625
1763688506.2873867,4,1,2,-0.14219696664230538,0.1553423969787492,-2.978177661041108,0.0029889161112893314,0.009434785399796686,-1.197856223458056e-05,206.8800292968749,146.40004882812502,51.88491210937491,282.24004516601565,186.24001464843752,457.6704589843748,-25.92001953125009,204.4801269531249,167.2705078125,-131.0401367187501,-208.8001464843751,-199.79520263671884,133.91998901367185,97.44001464843745,133.19677734375
1763688506.3796065,4,1,2,-0.09812162744534297,0.12887472366477992,-3.3458005070426227,0.0027094358580184857,0.004709466211836996,-0.00014348536093087964,226.0799804687499,156.00002441406252,59.62880859374991,306.24004516601565,207.83999023437502,492.5181152343748,-28.32004394531259,218.8800292968749,163.3984375,-135.8399414062501,-218.4000000000001,-211.4112304687501,141.1200012207031,107.03999023437495,140.94091796875
1763688506.4381273,4,1,2,-0.1381710066967105,0.09367281121046409,-3.398407925989832,0.0017288278572612052,0.005038715724015419,-8.499645496097888e-05,230.8800292968749,160.80007324218752,59.62880859374991,315.84002075195315,210.24001464843752,504.1343261718748,-30.72006835937509,226.0799804687499,167.2705078125,-140.6399902343751,-223.2000488281251,-219.15518798828134,148.32001342773435,111.84003906249995,137.06884765625
1763688506.5327542,4,1,2,-0.12031164354158216,0.05454834326657023,-3.6516618557409375,-0.0013985468288939921,0.010242549389181142,-0.00018463482072944776,247.6799560546874,170.40004882812502,59.62880859374991,342.24004516601565,224.6400085449219,542.8545410156248,-33.12009277343759,242.8800292968749,178.886474609375,-147.8399414062501,-232.8001464843751,-238.51517333984384,162.72003784179685,116.63996582031245,156.4287109375
1763688506.6923425,4,1,2,-0.0986899080701664,0.03949981546666286,-4.2869839468019455,-0.004711394536155525,0.009549821793435742,0.00027862684339095346,281.2799316406249,199.19997558593752,67.37294921874991,385.43999633789065,253.43999633789065,593.1904785156248,-37.92001953125009,259.6800781249999,175.014404296875,-167.0401367187501,-249.5999511718751,-257.8752197265626,181.91998901367185,116.63996582031245,171.916748046875
1763688506.813195,4,1,2,-0.0977071641115646,0.056088830335225374,-4.671925352478806,-0.00485630506659711,0.007907314277547584,-0.00025225289995883186,298.0799804687499,216.00002441406252,63.50087890624991,421.4400573730469,279.84002075195315,647.3984863281248,-37.92001953125009,276.4801269531249,186.63037109375,-183.8399414062501,-261.5999511718751,-273.36319580078134,198.72003784179685,121.44001464843745,175.788818359375
1763688506.8941264,4,1,2,-0.09205098923939017,0.007621587779063417,-5.055788649752757,-0.007242318113694185,0.012179554737005766,7.446629474566969e-05,314.8800292968749,223.19997558593752,67.37294921874991,445.4400573730469,291.84002075195315,678.3745605468748,-37.92001953125009,283.6800781249999,186.63037109375,-191.0401367187501,-266.4000000000001,-296.5951904296876,215.5200256347656,128.63996582031245,187.40478515625
1763688506.9889226,4,1,2,-0.10887103379241053,-0.05289005392012834,-5.449695886504983,-0.009864937418872078,0.010942047998430258,-0.00022893652033131688,334.0799804687499,244.80007324218752,67.37294921874991,483.84002075195315,318.2399841308594,728.7104980468748,-42.72006835937509,302.8800292968749,190.50244140625,-210.2400878906251,-280.8001464843751,-319.82718505859384,232.32001342773435,131.03999023437495,199.020751953125
1763688507.094152,4,1,2,-0.08214419554609315,-0.05072697780257509,-5.786503293536699,-0.010084767881765476,0.009071215207646446,0.00019631236240877226,362.8800292968749,259.1999755859375,71.24477539062491,515.0400329589844,332.6400085449219,763.5581542968748,-40.32004394531259,322.0799804687499,202.118408203125,-217.4400390625001,-288.0000976562501,-327.57120361328134,251.5200256347656,133.44001464843745,214.5087890625
1763688507.2834203,4,1,2,-0.05476968396614866,-0.08188464419280406,-6.538561743208799,-0.013069733143761565,0.00879624738612202,0.00038623793587678405,396.4800048828124,292.8000732421875,78.98891601562491,587.0400329589844,366.2399841308594,860.3584472656248,-45.12009277343759,343.6800781249999,209.862548828125,-236.6399902343751,-309.5999511718751,-366.29117431640634,287.5200256347656,145.44001464843745,237.74072265625
1763688507.3116062,4,1,2,-0.029365459122193394,-0.06844129852209098,-6.673823073712361,-0.013005328685917288,0.008938517871429684,0.00010236721768097041,406.0799804687499,297.6,78.98891601562491,599.0400329589844,373.43999633789065,883.5903808593748,-45.12009277343759,346.0799804687499,202.118408203125,-239.0401367187501,-309.5999511718751,-377.9072021484376,292.32001342773435,143.03999023437495,229.996826171875
1763688507.3957105,4,1,2,-0.0026649387779905595,-0.12182723218555475,-7.078117152008149,-0.013695454544616696,0.0061316531422952025,0.0002715810210598881,425.2800537109374,312.0000244140625,71.24477539062491,637.4400573730469,392.6400085449219,922.3101074218748,-49.92001953125009,360.4801269531249,205.990478515625,-251.0401367187501,-319.2000488281251,-397.2671875000001,301.91998901367185,143.03999023437495,249.356689453125
1763688507.5816684,4,1,2,0.0379621709664137,-0.15979366135538428,-7.961888781550078,-0.015926150975085075,0.005271529734437643,0.0005745134969236753,473.2800537109374,352.8000732421875,82.86074218749991,721.4399963378906,431.0400329589844,1019.1104003906248,-57.12009277343759,377.2799316406249,205.990478515625,-272.6399902343751,-328.8001464843751,-432.1152099609376,352.32001342773435,155.03999023437495,272.5888671875
1763688507.784552,4,1,2,0.13708230347291914,-0.16162699908656086,-8.922790402716846,-0.016978142445198664,-0.0010570860219191614,0.001319428708249075,523.6799560546874,396.0000244140625,82.86074218749991,824.6400695800781,476.6400085449219,1154.6304199218748,-59.51999511718759,408.4801269531249,209.862548828125,-299.0401367187501,-338.4000000000001,-478.5791992187501,400.32001342773435,164.63996582031245,303.564697265625
1763688507.892176,4,1,2,0.05485038269212367,-0.2757237824552689,-9.427956962370935,-0.021478808720091544,0.00385320637177952,0.0009745054921104879,557.2800537109374,415.1999755859375,90.60488281249991,882.2400451660156,481.43999633789065,1208.8384277343748,-59.51999511718759,425.2799316406249,221.478515625,-306.2400878906251,-348.0000976562501,-501.81119384765634,421.9200500488281,169.44001464843745,322.9248046875
1763688507.9856436,4,1,2,0.28140050206787737,-0.237007468880408,-9.730760571406268,-0.02131088503061597,-0.005158964021708706,0.000938615062754459,581.2800537109374,434.400048828125,86.73281249999991,923.0400939941406,507.84002075195315,1270.7905761718748,-66.72006835937509,437.2799316406249,217.6064453125,-323.0401367187501,-352.8001464843751,-521.1711791992188,443.5200256347656,171.84003906249995,338.412841796875
1763688508.0809555,4,1,2,0.19504281728402773,-0.3386357047327108,-10.262200859793364,-0.024507896132332063,-0.0029185068693126665,0.0010574303815407483,607.6799560546874,456.0000244140625,94.47695312499991,985.4399963378906,531.8400207519531,1336.6143066406248,-66.72006835937509,449.2799316406249,217.6064453125,-327.8399414062501,-360.0000976562501,-548.2751831054688,472.32001342773435,179.03999023437495,346.15673828125
1763688508.188559,4,1,2,0.2568771493428179,-0.28042510543024424,-11.203585962083661,-0.024599700895119488,-0.0065746082613237465,0.0014181236551336252,636.4800048828124,475.1999755859375,86.73281249999991,1040.640069580078,551.0400329589844,1398.5664550781248,-71.51999511718759,458.8800292968749,217.6064453125,-330.2400878906251,-360.0000976562501,-583.1232055664063,498.72003784179685,186.23994140624995,357.772705078125
1763688508.3925207,4,1,2,0.29832473772837687,-0.35724811756411534,-12.033624330661217,-0.025636451552194052,-0.006001645828655455,0.0015928338988460415,677.2800537109374,513.6,102.22084960937491,1139.0400939941405,594.2400451660156,1522.4702636718748,-76.32004394531259,485.2799316406249,221.478515625,-354.2400878906251,-372.0000976562501,-606.3552001953126,534.7200378417969,195.84003906249995,388.748779296875
1763688508.6844447,4,1,2,0.21162558716749008,-0.43826219067853545,-13.628647355306592,-0.02952260164180312,-0.001360741285352761,0.0010928844621192276,756.4800048828124,568.8000732421875,90.60488281249991,1319.0400939941405,663.8400207519531,1708.3262207031248,-81.12009277343759,516.4801269531249,217.6064453125,-373.4400390625001,-379.2000488281251,-683.7952026367188,613.9200500488281,205.44001464843745,431.3408203125
1763688509.0896301,4,1,2,0.22435123166518306,-0.5919315863718726,-15.829183806545275,-0.03862228352466586,-0.0038100098059268596,0.0011399365844276498,842.8800292968749,624.0000244140625,82.86074218749991,1511.0400939941405,731.0400329589844,1882.5664550781248,-88.32004394531259,552.4801269531249,221.478515625,-385.4400390625001,-376.8001464843751,-761.2352050781251,678.7200378417969,212.63996582031245,470.060791015625
1763688509.2927268,4,1,2,0.33592614186680586,-0.4942000668685011,-15.361631759158795,-0.035117363397151755,-0.008886443405366302,0.00076467372972655,847.6799560546874,628.8000732421875,86.73281249999991,1523.0400939941405,726.2400451660156,1886.4385253906248,-88.32004394531259,550.0799804687499,221.478515625,-387.8399414062501,-376.8001464843751,-761.2352050781251,683.5200866699219,210.23994140624995,470.060791015625
1763688509.3983521,4,1,2,0.3253441014147158,-0.4985203954513151,-15.174422055548245,-0.03459133219950286,-0.008859732462262324,0.0009124728238553664,857.2800537109374,626.400048828125,90.60488281249991,1530.2400451660155,726.2400451660156,1898.0542480468748,-85.92001953125009,554.8800292968749,225.350341796875,-387.8399414062501,-376.8001464843751,-765.1071838378907,690.7200378417969,212.63996582031245,473.932861328125
1763688509.508657,4,1,2,0.3829293693178373,-0.5167624652019561,-15.088324700948277,-0.03402427772802243,-0.010826293109585095,0.0006338308740962057,854.8800292968749,628.8000732421875,90.60488281249991,1527.840020751953,719.0400329589844,1894.1821777343748,-85.92001953125009,552.4801269531249,225.350341796875,-390.2400878906251,-369.5999511718751,-761.2352050781251,690.7200378417969,210.23994140624995,473.932861328125
1763688509.6827052,4,1,2,0.3757099109006732,-0.4881266853483006,-14.893526572835007,-0.03186676348670841,-0.012493709232094752,0.0008663625523223357,850.0799804687499,626.400048828125,82.86074218749991,1532.640069580078,721.4399963378906,1898.0542480468748,-85.92001953125009,550.0799804687499,213.734375,-390.2400878906251,-376.8001464843751,-765.1071838378907,683.5200866699219,212.63996582031245,473.932861328125
1763688509.790971,4,1,2,0.3690152906780536,-0.48562837949756277,-14.575210190350576,-0.032091564798540924,-0.0120295194322294,0.0009008260246182588,862.0799804687499,628.8000732421875,94.47695312499991,1535.0400939941405,719.0400329589844,1901.9263183593748,-93.12009277343759,552.4801269531249,217.6064453125,-392.6399902343751,-372.0000976562501,-765.1071838378907,690.7200378417969,212.63996582031245,473.932861328125
1763688510.085419,4,1,2,0.40668095136408366,-0.4601163862892213,-14.504330106714797,-0.03067839405612889,-0.012235707840210667,0.0010080112026890874,859.6799560546874,628.8000732421875,90.60488281249991,1537.440118408203,721.4399963378906,1909.6704589843748,-88.32004394531259,552.4801269531249,213.734375,-392.6399902343751,-376.8001464843751,-765.1071838378907,695.5200866699219,212.63996582031245,470.060791015625
1763688510.1964977,4,1,2,0.3893135497300139,-0.44671180269054284,-14.451423744533155,-0.030379201451626835,-0.012921690901025268,0.0011051641969695592,862.0799804687499,628.8000732421875,94.47695312499991,1542.2400451660155,726.2400451660156,1909.6704589843748,-90.72006835937509,554.8800292968749,213.734375,-392.6399902343751,-376.8001464843751,-768.9791931152345,693.1200622558594,207.84003906249995,477.804931640625
1763688510.2864,4,1,2,0.3906900551892497,-0.4487188017965009,-14.436123612634933,-0.030735338971589587,-0.012559486519573802,0.0008747761734145361,859.6799560546874,631.20009765625,98.34877929687491,1544.640069580078,716.6400085449219,1909.6704589843748,-83.51999511718759,552.4801269531249,221.478515625,-392.6399902343751,-374.4000000000001,-761.2352050781251,693.1200622558594,215.03999023437495,477.804931640625
1763688510.6918738,4,1,2,0.2779135554436522,-0.4789890045305575,-14.34470511439765,-0.03302865042252942,-0.007118510765181786,0.0010582568531009454,0,0,0,0,0,0,0,0,0,0,0,0,0,0,0
1763688510.784883,4,1,2,0.23465610240731943,-0.5283106398735784,-14.320415462058495,-0.03546503555255287,-0.0048998158410389105,0.0009831658406976012,864.4800048828124,633.6,86.73281249999991,1563.840020751953,738.2400451660156,1921.2861816406248,-90.72006835937509,547.6800781249999,205.990478515625,-390.2400878906251,-369.5999511718751,-772.8512023925782,697.9199890136719,210.23994140624995,481.6767578125
1763688510.98699,4,1,2,0.2666583001552594,-0.5207946926533974,-14.316969260696501,-0.034709403144097976,-0.006849143046470434,0.00098643152302225,866.8800292968749,636.0000244140625,86.73281249999991,1559.0400939941405,735.8400207519531,1925.1582519531248,-95.51999511718759,552.4801269531249,205.990478515625,-392.6399902343751,-369.5999511718751,-768.9791931152345,697.9199890136719,212.63996582031245,477.804931640625
1763688511.0821083,4,1,2,0.31295055538374617,-0.48494269842444226,-14.14241818867921,-0.03301107230006188,-0.008511781872283398,0.0005833421773316348,864.4800048828124,638.400048828125,90.60488281249991,1561.440118408203,728.6400085449219,1917.4141113281248,-90.72006835937509,550.0799804687499,205.990478515625,-395.0401367187501,-367.2000488281251,-772.8512023925782,700.3200134277344,210.23994140624995,477.804931640625
1763688511.1922085,4,1,2,0.3160823073708592,-0.522724516725382,-14.145889095331421,-0.03397611365531067,-0.009114499605477078,0.0009719641749697475,864.4800048828124,636.0000244140625,86.73281249999991,1561.440118408203,733.4399963378906,1921.2861816406248,-90.72006835937509,552.4801269531249,209.862548828125,-392.6399902343751,-372.0000976562501,-772.8512023925782,700.3200134277344,207.84003906249995,473.932861328125
1763688511.2856536,4,1,2,0.33262634209513564,-0.5134279620506981,-14.027516183241474,-0.033703238677674885,-0.009142093519704207,0.0006236179647754097,871.6799560546874,633.6,94.47695312499991,1563.840020751953,731.0400329589844,1917.4141113281248,-93.12009277343759,552.4801269531249,217.6064453125,-390.2400878906251,-369.5999511718751,-765.1071838378907,697.9199890136719,207.84003906249995,485.548828125
1763688511.486909,4,1,2,0.39682230695226917,-0.46861702694767,-14.020092512739259,-0.031943501373066854,-0.013047875333488192,0.0008633515858051076,869.2800537109374,636.0000244140625,90.60488281249991,1568.640069580078,726.2400451660156,1929.0303222656248,-88.32004394531259,554.8800292968749,213.734375,-385.4400390625001,-367.2000488281251,-768.9791931152345,702.7200378417969,210.23994140624995,477.804931640625
1763688511.5824494,4,1,2,0.42880167877593733,-0.4149035928364634,-13.982243144653307,-0.03081534883220876,-0.014243320272871977,0.0005639140899104901,864.4800048828124,633.6,86.73281249999991,1561.440118408203,726.2400451660156,1929.0303222656248,-88.32004394531259,554.8800292968749,209.862548828125,-392.6399902343751,-372.0000976562501,-768.9791931152345,700.3200134277344,210.23994140624995,481.6767578125
1763688511.7860456,4,1,2,0.45620738847658104,-0.4064943452896835,-13.486515430313638,-0.028721697636947312,-0.016173731115150573,0.0009833764153336258,847.6799560546874,621.6,102.22084960937491,1506.2400451660155,699.8400207519531,1874.8223144531248,-90.72006835937509,545.2799316406249,205.990478515625,-390.2400878906251,-369.5999511718751,-745.7471984863282,683.5200866699219,207.84003906249995,477.804931640625
1763688511.8802278,4,1,2,0.4641556338679793,-0.34212440066344135,-12.709631786678406,-0.023582989581315557,-0.017767558363482712,0.001120934168683392,830.8800292968749,614.400048828125,106.09291992187491,1479.840020751953,687.8400207519531,1851.5903808593748,-88.32004394531259,540.4801269531249,221.478515625,-385.4400390625001,-374.4000000000001,-730.2591918945313,676.3200134277344,207.84003906249995,473.932861328125
1763688511.986389,4,1,2,0.468847606224424,-0.23236400028985105,-12.106060389699202,-0.019502919786239623,-0.017498257522742477,0.0005629405801711911,814.0799804687499,604.8000732421875,109.96474609374991,1431.840020751953,659.0400329589844,1805.1265136718748,-85.92001953125009,535.6800781249999,217.6064453125,-378.2400878906251,-374.4000000000001,-703.1551879882813,657.1200622558594,210.23994140624995,462.31689453125
1763688512.0864987,4,1,2,0.6090135946578941,-0.1988752667185445,-11.303728637208616,-0.01671371798721938,-0.025410171560379894,0.0007780911220699534,792.4800048828124,595.20009765625,109.96474609374991,1386.2400451660155,635.0400329589844,1762.5342285156248,-85.92001953125009,528.4801269531249,213.734375,-375.8399414062501,-372.0000976562501,-691.5391906738282,637.9200500488281,203.03999023437495,458.44482421875
1763688512.2880628,4,1,2,0.556786144586131,-0.13189719579482467,-9.853631401716088,-0.011407143859659394,-0.023774315979835307,0.0002194974263822762,739.6799560546874,556.8000732421875,129.3248535156249,1259.0400939941405,565.4399963378906,1642.5024902343748,-76.32004394531259,506.8800292968749,229.222412109375,-359.0401367187501,-372.0000976562501,-625.7151855468751,594.7200378417969,203.03999023437495,446.828857421875
1763688512.3945725,4,1,2,0.7861964072760761,0.02341115170036495,-9.018443628929198,-0.004231175404086802,-0.03483029311399691,-9.360727588474246e-05,703.6799560546874,532.8000732421875,125.45278320312491,1187.0400939941405,536.6400085449219,1553.4463378906248,-78.72006835937509,492.4801269531249,229.222412109375,-354.2400878906251,-364.8001464843751,-594.7392028808595,563.5200256347656,198.23994140624995,419.724853515625
1763688512.4865193,4,1,2,0.6837321120141766,0.0019943584126309866,-8.20206213286968,-0.006224411229588323,-0.03070085355744316,3.630013176347509e-05,672.4800048828124,508.8000732421875,133.1969238281249,1122.2400451660155,503.0400329589844,1503.1104003906248,-78.72006835937509,482.8800292968749,229.222412109375,-344.6399902343751,-367.2000488281251,-567.6351989746095,532.3200134277344,195.84003906249995,411.980712890625
1763688512.6887603,4,1,2,0.7512370754259539,0.26661161762670393,-6.348187410596333,0.007622825918413817,-0.03688243488779594,-0.00012594060793200568,650.8800292968749,494.400048828125,140.9408203124999,1064.640069580078,467.0400329589844,1429.5425292968748,-73.92001953125009,473.2799316406249,233.094482421875,-332.6399902343751,-367.2000488281251,-536.6592163085938,510.72003784179685,193.44001464843745,404.23681640625
1763688512.7821352,4,1,2,0.7144365988707927,0.2358450823962354,-5.653267190651584,0.005837692920479073,-0.030889564895791092,-0.00027217995495181207,545.2800537109374,410.400048828125,129.3248535156249,863.0400939941406,385.43999633789065,1181.7344238281248,-57.12009277343759,427.6800781249999,225.350341796875,-289.4400390625001,-343.2000488281251,-443.7311767578126,419.5200256347656,169.44001464843745,357.772705078125
1763688512.8909657,4,1,2,0.6476629684481665,0.24932231195854943,-4.909171203330239,0.010034666160757263,-0.03287330317736871,-0.0004583856842166607,0,0,0,0,0,0,0,0,0,0,0,0,0,0,0
1763688512.9842668,4,1,2,0.5924768248240971,0.3262678126226398,-4.282524385806343,0.011648567942960687,-0.0294128328887714,-0.0004677216087112404,470.8800292968749,345.6,113.83681640624991,711.8400207519531,330.2399841308594,1022.9824707031248,-52.32004394531259,384.4801269531249,221.478515625,-258.2400878906251,-321.5999511718751,-377.9072021484376,354.72003784179685,155.03999023437495,311.308837890625
1763688513.0932279,4,1,2,0.5467132472420198,0.32258424809627073,-3.784593557653541,0.010394698194371515,-0.026176416402013486,-0.00021585828334679175,415.6799560546874,312.0000244140625,113.83681640624991,630.2400451660156,291.84002075195315,906.8223144531248,-45.12009277343759,360.4801269531249,221.478515625,-234.2400878906251,-300.0000976562501,-339.18717041015634,306.72003784179685,145.44001464843745,280.332763671875
1763688513.1377652,4,1,2,0.48301751751409217,0.3293408432089433,-3.778338749582005,0.01127271502314694,-0.02589015976575715,-0.0005226976987320472,0,0,0,0,0,0,0,0,0,0,0,0,0,0,0
1763688513.2864454,4,1,2,0.3906721717976479,0.3826355738021254,-2.935552435515724,0.01693211262817323,-0.02004930514143738,-0.00035615053905964367,350.8800292968749,266.400048828125,98.34877929687491,524.6400085449219,246.2399841308594,771.3022949218748,-35.51999511718759,317.2799316406249,202.118408203125,-198.2400878906251,-278.4000000000001,-281.10721435546884,256.32001342773435,133.44001464843745,233.868896484375
1763688513.3936586,4,1,2,0.3755919730099801,0.40548307571688175,-2.5243979931660925,0.014858992578370148,-0.01784566398050107,-0.0007670511290321922,319.6799560546874,235.19997558593752,90.60488281249991,462.24004516601565,219.83999023437502,705.4785644531248,-28.32004394531259,298.0799804687499,198.246337890625,-179.0401367187501,-259.2000488281251,-261.74722900390634,220.32001342773435,123.84003906249995,214.5087890625
1763688513.4845617,4,1,2,0.26247099076453967,0.35030872324862694,-2.170755130267868,0.014638845919521838,-0.014296738135861773,-0.0006354319188286562,295.6799560546874,208.80007324218752,94.47695312499991,433.4400573730469,200.6400085449219,651.2705566406248,-23.51999511718759,283.6800781249999,202.118408203125,-167.0401367187501,-252.0000976562501,-238.51517333984384,208.32001342773435,123.84003906249995,206.764892578125
1763688513.594753,4,1,2,0.3475327708307714,0.397326849397513,-1.8142648424328185,0.015649101226212138,-0.016936532408554375,-0.0013688571182462912,276.4800048828124,194.40004882812502,86.73281249999991,392.6400085449219,179.04000244140627,600.9341308593748,-18.72006835937509,266.8800292968749,202.118408203125,-155.0401367187501,-235.2000488281251,-215.2831787109376,186.72003784179685,119.03999023437495,191.27685546875
1763688513.6884027,4,1,2,0.2040888112724402,0.3309699758446259,-1.618439375896254,0.014085452528303323,-0.010636297906797636,-0.001297725812706646,257.2799316406249,177.60000000000002,82.86074218749991,371.0400329589844,169.43999633789065,562.2144042968748,-18.72006835937509,259.6800781249999,194.37451171875,-140.6399902343751,-223.2000488281251,-199.79520263671884,172.32001342773435,111.84003906249995,179.660888671875
1763688513.7863941,4,1,2,0.23492497315598057,0.3527351575347862,-1.4688326654103183,0.013499249562224922,-0.012868793010719784,-0.0010148766894165194,247.6799560546874,165.60000000000002,78.98891601562491,339.84002075195315,159.83999023437502,523.4941894531248,-18.72006835937509,240.4801269531249,194.37451171875,-135.8399414062501,-208.8001464843751,-192.05118408203134,155.5200256347656,107.03999023437495,171.916748046875
1763688513.8438935,4,1,2,0.27504916954107156,0.3789749709829493,-1.3998716727773748,0.014422973783577153,-0.013388838225168703,-0.000676117200355893,233.2799316406249,156.00002441406252,75.11684570312491,325.43999633789065,155.04000244140627,508.0063964843748,-18.72006835937509,240.4801269531249,182.758544921875,-131.0401367187501,-208.8001464843751,-180.43521728515634,150.72003784179685,107.03999023437495,171.916748046875
1763688513.9377384,4,1,2,0.1982977712238328,0.2865787056602123,-1.2793854755528449,0.011115083369155222,-0.007780512143839637,-0.0011850254403508592,221.2799316406249,144.00002441406252,82.86074218749991,301.43999633789065,138.24001464843752,469.2861816406248,-6.720068359375091,230.8800292968749,194.37451171875,-126.24008789062509,-199.2000488281251,-168.8191894531251,129.1200012207031,99.84003906249995,152.556884765625
1763688514.0950887,4,1,2,0.1821402021526875,0.31144987592355045,-0.943742415692238,0.011245284853977171,-0.00658100190796852,-0.0008318439013151513,199.6799560546874,122.40004882812502,71.24477539062491,272.6400085449219,121.43999633789065,422.8223144531248,-9.120092773437591,214.0799804687499,182.758544921875,-114.24008789062509,-187.2000488281251,-153.33121337890634,117.1200012207031,95.03999023437495,140.94091796875
1763688514.124611,4,1,2,0.19215063598236345,0.3443014369040275,-1.0289154046845175,0.01114802242841264,-0.006309577516374348,-0.0009437577999344502,194.8800292968749,122.40004882812502,71.24477539062491,265.43999633789065,121.43999633789065,415.0781738281248,-9.120092773437591,209.2799316406249,175.014404296875,-114.24008789062509,-180.0000976562501,-149.4592041015626,114.72000732421873,90.23994140624995,137.06884765625
1763688514.2342699,4,1,2,0.1557240992959413,0.328223588041085,-0.8023684369625148,0.011942134998399245,-0.009227039995629587,-0.001092943413598985,180.4800048828124,108.00002441406252,67.37294921874991,246.24004516601565,109.43999633789065,384.1025878906248,0.48000488281240905,199.6800781249999,178.886474609375,-107.04013671875009,-170.4000000000001,-141.7151855468751,102.72000732421873,85.44001464843745,125.452880859375
1763688514.3932807,4,1,2,0.22807969301779146,0.3350147998455969,-0.49713781966082815,0.013281162446051823,-0.010075641561294806,-0.00105741893614169,173.2799316406249,91.19997558593752,59.62880859374991,222.24004516601565,97.43999633789065,349.2544433593748,2.879907226562409,187.6799560546874,167.2705078125,-97.44003906250009,-156.0000976562501,-130.0992187500001,78.72000732421873,85.44001464843745,117.708740234375
1763688514.438531,4,1,2,0.21037993403622396,0.33622711953741186,-0.44507425978356646,0.013473682646628227,-0.010195291999861696,-0.0010380161451348686,163.6799560546874,88.80007324218752,51.88491210937491,217.43999633789065,87.83999023437502,337.6382324218748,2.879907226562409,182.8800292968749,178.886474609375,-99.83994140625009,-151.2000488281251,-126.22720947265634,81.1200012207031,83.03999023437495,113.8369140625
1763688514.5288544,4,1,2,0.12556961428143798,0.2802927659138181,-0.4551539759228586,0.010632780202959347,-0.007257829535009538,-0.0008134569068559891,156.4800048828124,79.19997558593752,59.62880859374991,205.43999633789065,80.6400085449219,310.5342285156248,0.48000488281240905,182.8800292968749,175.014404296875,-92.63999023437509,-141.5999511718751,-114.61118164062509,71.51999511718748,78.23994140624995,109.96484375
1763688514.6885107,4,1,2,0.12009388829306242,0.2533677686327378,-0.3024586879918265,0.007583468335846801,-0.00378075845853513,-0.00037816036750999845,144.4800048828124,67.19997558593752,44.14077148437491,193.43999633789065,75.83999023437502,279.5581542968748,5.279931640624909,175.6799560546874,171.142333984375,-90.24008789062509,-134.4000000000001,-114.61118164062509,66.72000732421873,73.44001464843745,98.348876953125
1763688514.7170193,4,1,2,0.148342983931826,0.24856100852778168,-0.2035647601183118,0.007064329045566129,-0.004292492793718388,-0.0009704047065048161,146.8800292968749,60.00002441406252,51.88491210937491,188.6400085449219,75.83999023437502,279.5581542968748,2.879907226562409,173.2800537109374,167.2705078125,-85.44003906250009,-132.0000976562501,-118.48319091796884,61.92001953124998,71.03999023437495,109.96484375
1763688515.5803983,4,1,2,-0.2883833326486076,0.4358869191615138,0.24323827740276935,0.008057178856147073,0.007827531851716262,-0.0008178497304150215,106.07998046874991,31.200036621093773,32.52480468749991,135.84002075195315,56.6400085449219,178.88627929687482,5.279931640624909,125.28005371093741,124.678466796875,-73.44003906250009,-79.20004882812509,-91.37918701171884,35.51999511718748,47.039990234374955,67.372802734375
1763688515.9908047,4,1,2,-0.24947913942742408,0.2625745406764509,0.24380812743495295,0.0036315831315470197,0.006711290398512084,-0.0011349463169891857,94.07998046874991,14.399987792968773,20.90883789062491,114.24001464843752,49.43999633789065,132.42241210937482,7.679956054687409,108.48000488281241,113.0625,-66.24008789062509,-57.59995117187509,-91.37918701171884,18.720007324218727,44.639965820312455,48.0126953125
1763688516.2879322,4,1,2,-0.10226690778825387,0.019341496752494462,0.257816695881285,-0.0006364208177165925,0.0039181862006958884,-0.0005031863227654008,91.67995605468741,12.000024414062523,17.03676757812491,109.44002685546877,47.04000244140627,120.80620117187482,10.079980468749909,103.67995605468741,105.318359375,-59.04013671875009,-55.20004882812509,-91.37918701171884,16.320013427734352,37.440014648437455,48.0126953125
1763688516.3949542,4,1,2,-0.13037206642508292,0.0327355136437674,0.2942006779387797,-2.2752573332947106e-05,0.004639703416362113,-0.0004883707576948756,82.07998046874991,9.600000000000023,9.292871093749909,107.04000244140627,47.04000244140627,124.67827148437482,12.480004882812409,101.28005371093741,105.318359375,-61.44003906250009,-48.00009765625009,-83.63522949218759,11.519995117187477,42.239941406249955,48.0126953125
1763688516.5027554,4,1,2,-0.09960321702638512,0.12213658586927667,0.2149772891106277,0.001514830379080456,0.004472981914431618,-0.000987104529193859,82.07998046874991,7.200036621093773,9.292871093749909,104.6400085449219,47.04000244140627,113.06254882812482,7.679956054687409,103.67995605468741,105.318359375,-56.63999023437509,-50.40000000000009,-83.63522949218759,16.320013427734352,39.840039062499955,48.0126953125
1763688516.693415,4,1,2,-0.07110684397640135,0.057261759703176526,0.25981919925003605,0.0003420338614045018,0.0042220947487494696,-0.0006579934330104343,82.07998046874991,9.600000000000023,13.164941406249909,102.24001464843752,47.04000244140627,109.19047851562482,12.480004882812409,91.67995605468741,101.446533203125,-61.44003906250009,-45.59995117187509,-79.76322021484384,13.920019531249977,39.840039062499955,44.140869140625
1763688516.7868476,4,1,2,-0.07022863996430502,0.08666415544072381,0.22567946868273128,0.0004139495007842221,0.0042925787765722735,-0.00020335510022266763,82.07998046874991,4.800012207031273,9.292871093749909,102.24001464843752,47.04000244140627,109.19047851562482,7.679956054687409,94.07998046874991,101.446533203125,-61.44003906250009,-43.20004882812509,-83.63522949218759,13.920019531249977,35.039990234374955,48.0126953125
1763688517.891316,4,1,2,-0.06235741064212093,0.06370959006594103,0.24335644322189792,0.0003928830414146019,0.003771099449518761,-0.0007425486131595201,70.07998046874991,4.800012207031273,9.292871093749909,90.24001464843752,44.6400085449219,101.44633789062482,12.480004882812409,84.48000488281241,89.83056640625,-49.44003906250009,-38.40000000000009,-83.63522949218759,9.120001220703102,30.239941406249955,36.396728515625
1763688518.2815142,4,1,2,-0.055658519249609316,0.0916669118964473,0.22957725934194456,0.0011292159743580253,0.0030617966319327755,-0.0006687214849847258,70.07998046874991,4.800012207031273,1.548730468749909,90.24001464843752,39.83999023437502,93.70219726562482,5.279931640624909,79.67995605468741,85.95849609375,-47.04013671875009,-38.40000000000009,-75.89121093750009,9.120001220703102,32.639965820312455,28.65283203125
1763688518.4833605,4,1,2,-0.045547292580482575,0.09553291923319492,0.26132105335829725,0.0008388787065089658,0.0031575311919002256,-0.0005026605104059425,70.07998046874991,9.600000000000023,5.420800781249909,90.24001464843752,37.43999633789065,85.95854492187482,12.480004882812409,84.48000488281241,85.95849609375,-49.44003906250009,-36.00009765625009,-75.89121093750009,9.120001220703102,30.239941406249955,28.65283203125
1763688518.8887327,4,1,2,-0.056358657174350575,0.08133830405528647,0.347691681499806,0.0012460876680063931,0.003179719386162142,-0.0007032624810662529,65.27993164062491,4.800012207031273,1.548730468749909,80.6400085449219,35.04000244140627,85.95854492187482,10.079980468749909,79.67995605468741,85.95849609375,-49.44003906250009,-36.00009765625009,-79.76322021484384,6.720007324218727,32.639965820312455,32.52490234375
1763688518.9814196,4,1,2,-0.05795270769926022,0.07358971726247765,0.23129707232581592,0.0014899437898426365,0.0028095365172581934,-0.0005868031817428069,67.67995605468741,4.800012207031273,9.292871093749909,83.04000244140627,39.83999023437502,85.95854492187482,14.879907226562409,82.07998046874991,89.83056640625,-54.24008789062509,-38.40000000000009,-75.89121093750009,6.720007324218727,27.840039062499955,24.78076171875
1763688519.0910592,4,1,2,-0.03967737401831895,0.07601162555791813,0.26444086110925014,0.0013617183950361928,0.001997887407552434,-0.0005760169087735184,67.67995605468741,2.3999877929687727,5.420800781249909,85.44002685546877,42.2399841308594,85.95854492187482,17.27993164062491,84.48000488281241,93.702392578125,-49.44003906250009,-38.40000000000009,-75.89121093750009,6.720007324218727,30.239941406249955,24.78076171875
1763688519.3987837,4,1,2,-0.035154967534020774,0.12079069184126456,0.2770432710881549,0.0007251790576746054,0.00287081720279424,-0.00018715306127547473,62.88002929687491,4.800012207031273,-6.195166015625091,80.6400085449219,35.04000244140627,82.08623046874982,12.480004882812409,79.67995605468741,82.08642578125,-49.44003906250009,-33.59995117187509,-72.01920166015634,4.320013427734352,27.840039062499955,28.65283203125
1763688519.6824508,4,1,2,0.004421440788586056,0.10653163170553996,0.22784785763291132,0.0012622089877107657,0.002543092411703503,-0.0006705070365009536,62.88002929687491,2.4414062522737368e-05,1.548730468749909,83.04000244140627,39.83999023437502,78.21440429687482,12.480004882812409,77.28005371093741,85.95849609375,-44.63999023437509,-33.59995117187509,-75.89121093750009,4.320013427734352,27.840039062499955,24.78076171875
1763688519.981129,4,1,2,-0.03600788895295913,0.10221224959578687,0.22748417325875342,0.0007194892862073083,0.002601343201733441,-0.0005942141378788002,60.48000488281241,2.4414062522737368e-05,-2.323095703125091,80.6400085449219,35.04000244140627,82.08623046874982,14.879907226562409,77.28005371093741,93.702392578125,-47.04013671875009,-33.59995117187509,-75.89121093750009,6.720007324218727,30.239941406249955,28.65283203125
1763688520.789167,4,1,2,-0.04627616575166657,0.04991615807736669,0.21087479025049044,0.0006347275546327662,0.0023174045562738225,-0.00020501838105658706,60.48000488281241,2.4414062522737368e-05,-2.323095703125091,80.6400085449219,35.04000244140627,78.21440429687482,10.079980468749909,79.67995605468741,85.95849609375,-42.24008789062509,-33.59995117187509,-79.76322021484384,6.720007324218727,27.840039062499955,28.65283203125
1763688522.28123,4,1,2,-0.08315975794196426,0.11358204035387393,-0.24121155487184942,0.0013355884467811689,0.004263807864317952,-5.5681538346999924e-05,86.88002929687491,26.399987792968773,17.03676757812491,99.84002075195315,51.83999023437502,136.29448242187482,5.279931640624909,103.67995605468741,105.318359375,-56.63999023437509,-72.00009765625009,-87.50717773437509,25.920019531249977,39.840039062499955,51.884765625
1763688522.685186,4,1,2,0.06334070524417612,0.17896947088081283,-0.21243506121006211,0.004306324800231602,-0.002761064084310802,-0.00019688764646173535,84.48000488281241,19.200036621093773,20.90883789062491,97.44002685546877,47.04000244140627,136.29448242187482,10.079980468749909,103.67995605468741,113.0625,-56.63999023437509,-69.59995117187509,-75.89121093750009,21.120001220703102,42.239941406249955,44.140869140625
1763688523.3241847,4,1,2,0.06664469608310161,0.22936949298351156,-0.20058720446762945,0.007740960755228003,-0.0021826720500747973,-2.559791660653761e-05,72.48000488281241,14.399987792968773,17.03676757812491,83.04000244140627,37.43999633789065,120.80620117187482,14.879907226562409,96.48000488281241,105.318359375,-47.04013671875009,-64.80014648437509,-68.14719238281259,6.720007324218727,39.840039062499955,32.52490234375
1763688524.100077,4,1,2,-0.05132880932357761,0.18182077708814795,-0.23113347479023685,0.004430746572807022,0.0037410354633656585,0.00034607050724319447,70.07998046874991,12.000024414062523,17.03676757812491,83.04000244140627,44.6400085449219,116.93413085937482,7.679956054687409,86.88002929687491,101.446533203125,-49.44003906250009,-67.20004882812509,-72.01920166015634,21.120001220703102,37.440014648437455,32.52490234375
1763688524.3048813,4,1,2,-0.013189916375532594,0.17451051571326442,-0.2094233027124099,0.005569436738335709,0.0018473024672625378,0.00012427037351914872,72.48000488281241,12.000024414062523,13.164941406249909,87.84002075195315,39.83999023437502,120.80620117187482,10.079980468749909,94.07998046874991,97.574462890625,-49.44003906250009,-72.00009765625009,-72.01920166015634,18.720007324218727,42.239941406249955,32.52490234375
1763688525.708861,4,1,2,-0.04496593719472331,0.1472543872086422,0.2172398966589697,0.002916931218303308,0.0042932879280046556,-0.0004354385286912541,53.27993164062491,2.3999877929687727,1.548730468749909,66.24001464843752,37.43999633789065,74.34233398437482,12.480004882812409,65.28005371093741,85.95849609375,-39.83994140625009,-38.40000000000009,-75.89121093750009,6.720007324218727,25.440014648437455,13.164794921875
1763688525.895647,4,1,2,-0.06792495787036795,0.08199384370141735,0.2646675061101859,0.0017142035980065586,0.004495798214718758,-0.0008087582899987,46.07998046874991,-2.3999999999999773,-2.323095703125091,68.6400085449219,37.43999633789065,58.85429687499982,12.480004882812409,62.88002929687491,78.21435546875,-42.24008789062509,-31.20004882812509,-64.27518310546884,1.9199890136718523,27.840039062499955,13.164794921875
1763688526.2864757,4,1,2,-0.054047421122433256,0.03789374174237381,0.257836911041754,0.00020598471048502605,0.004065346484264622,0.00012409902430848954,46.07998046874991,-9.600012207031227,-10.067236328125091,63.84002075195315,32.6400085449219,58.85429687499982,17.27993164062491,62.88002929687491,66.598388671875,-37.44003906250009,-24.00009765625009,-64.27518310546884,4.320013427734352,23.039990234374955,9.292724609375
1763688526.6980665,4,1,2,-0.05068013666638474,0.08647092022067376,0.25682651752900026,-7.673168336357148e-05,0.004025938187561855,-0.00019452232999409138,48.48000488281241,-4.799963378906227,-10.067236328125091,63.84002075195315,30.239984130859398,51.11040039062482,14.879907226562409,58.07998046874991,70.470458984375,-32.63999023437509,-24.00009765625009,-60.40317382812509,-0.48000488281252274,20.639965820312455,13.164794921875
1763688526.7923644,4,1,2,-0.05092499183719944,0.05701466249208792,0.20532575021025823,-0.0003268513726835205,0.004020976866537721,2.31227655845937e-05,46.07998046874991,-4.799963378906227,-10.067236328125091,61.44002685546877,25.439996337890648,54.98247070312482,14.879907226562409,55.67995605468741,62.7265625,-35.04013671875009,-19.20004882812509,-68.14719238281259,4.320013427734352,20.639965820312455,1.548828125
1763688526.8487155,4,1,2,-0.03500403841777277,0.07832404180329461,0.24125360611160265,0.00018693659086147212,0.0035253444780538453,-0.0005111417790094004,43.67995605468741,-4.799963378906227,-10.067236328125091,61.44002685546877,27.839990234375023,47.23833007812482,12.480004882812409,58.07998046874991,70.470458984375,-30.24008789062509,-24.00009765625009,-60.40317382812509,-2.8799987792968977,15.840039062499955,5.4208984375
1763688526.9911711,4,1,2,-0.04621403364614661,0.06227167237463692,0.2255303246199208,0.0005539214670451228,0.004094223681811681,-0.0002790098354527739,43.67995605468741,-7.199987792968727,-10.067236328125091,61.44002685546877,25.439996337890648,51.11040039062482,12.480004882812409,58.07998046874991,62.7265625,-35.04013671875009,-19.20004882812509,-64.27518310546884,-0.48000488281252274,20.639965820312455,5.4208984375
1763688527.084053,4,1,2,-0.09112685395367376,0.0878480818888634,0.2633636073608381,0.0012708258072538763,0.004397084928815444,-0.00018611535083613872,46.07998046874991,-4.799963378906227,-6.195166015625091,59.04000244140627,25.439996337890648,39.49443359374982,14.879907226562409,60.48000488281241,62.7265625,-25.44003906250009,-16.80014648437509,-64.27518310546884,1.9199890136718523,23.039990234374955,1.548828125
1763688527.1961205,4,1,2,-0.062446939666037884,0.0720968650981086,0.25990928626370824,0.00046471790961190263,0.004146420601137338,-0.000658792831820651,0,0,0,0,0,0,0,0,0,0,0,0,0,0,0
1763688527.286609,4,1,2,-0.06318888742490805,0.06391957368200553,0.20950566319333042,0.0005680151527905938,0.003860747628773085,-5.023047754437412e-05,43.67995605468741,-7.199987792968727,-6.195166015625091,61.44002685546877,30.239984130859398,47.23833007812482,14.879907226562409,55.67995605468741,70.470458984375,-32.63999023437509,-19.20004882812509,-68.14719238281259,-0.48000488281252274,23.039990234374955,5.4208984375
1763688527.3978193,4,1,2,-0.09289875387706999,0.08674361682034624,0.23061169234103068,0.0015837154181383786,0.004788553087047135,-0.00019625358986019201,43.67995605468741,-2.3999999999999773,-10.067236328125091,61.44002685546877,30.239984130859398,51.11040039062482,12.480004882812409,50.88002929687491,66.598388671875,-35.04013671875009,-21.59995117187509,-68.14719238281259,1.9199890136718523,20.639965820312455,9.292724609375
1763688527.4896193,4,1,2,-0.10532302467147867,0.06716836357000354,0.2612092806433432,0.0004179853807860963,0.00451507233130332,-0.0005796019130021342,41.27993164062491,-4.799963378906227,-13.939062500000091,56.6400085449219,32.6400085449219,51.11040039062482,14.879907226562409,53.28005371093741,62.7265625,-35.04013671875009,-21.59995117187509,-64.27518310546884,1.9199890136718523,23.039990234374955,5.4208984375
1763688527.7862117,4,1,2,-0.07018916078392917,0.07734595326268515,0.24279925299163552,0.00033744358646426754,0.0041121504596619875,-0.000509523709443685,43.67995605468741,-7.199987792968727,-10.067236328125091,63.84002075195315,30.239984130859398,43.36625976562482,12.480004882812409,55.67995605468741,62.7265625,-30.24008789062509,-19.20004882812509,-64.27518310546884,1.9199890136718523,20.639965820312455,9.292724609375
1763688528.2871275,4,1,2,-0.042197995094096344,0.08052240490127402,0.2902350540937265,-0.0001243670066171129,0.004149908472956766,-0.0005732027275635082,41.27993164062491,-4.799963378906227,-17.81113281250009,59.04000244140627,30.239984130859398,43.36625976562482,14.879907226562409,50.88002929687491,58.8544921875,-37.44003906250009,-21.59995117187509,-64.27518310546884,-0.48000488281252274,18.239941406249955,5.4208984375
1763688528.7865474,4,1,2,-0.06841765085130573,0.10758799356217794,0.20858227155215633,0.0002454388735556017,0.003894637680585866,-0.00029031834803850315,43.67995605468741,-7.199987792968727,-6.195166015625091,56.6400085449219,27.839990234375023,39.49443359374982,14.879907226562409,53.28005371093741,58.8544921875,-27.83994140625009,-14.400000000000091,-60.40317382812509,1.9199890136718523,18.239941406249955,1.548828125
1763688528.9897997,4,1,2,-0.05318953973477457,0.06580502566305911,0.3088501154828798,0.00026179507892495815,0.0043497236512099816,-0.0005634674953146495,46.07998046874991,-7.199987792968727,-17.81113281250009,59.04000244140627,35.04000244140627,47.23833007812482,17.27993164062491,53.28005371093741,62.7265625,-30.24008789062509,-16.80014648437509,-60.40317382812509,1.9199890136718523,20.639965820312455,5.4208984375
1763688529.095823,4,1,2,-0.05147092561802798,0.06723227331484818,0.2906325299393613,-5.2741733951007855e-05,0.003946166774459385,-0.00010248190447157129,41.27993164062491,-7.199987792968727,-6.195166015625091,61.44002685546877,30.239984130859398,39.49443359374982,14.879907226562409,50.88002929687491,58.8544921875,-30.24008789062509,-16.80014648437509,-64.27518310546884,4.320013427734352,18.239941406249955,5.4208984375
1763688529.1864226,4,1,2,-0.09504378727957048,0.10057600920265777,0.2939951485042992,0.00036303917417846343,0.0046105910803521995,-0.0006492833553227045,41.27993164062491,-4.799963378906227,-10.067236328125091,56.6400085449219,30.239984130859398,47.23833007812482,17.27993164062491,53.28005371093741,58.8544921875,-32.63999023437509,-16.80014648437509,-68.14719238281259,-2.8799987792968977,20.639965820312455,-2.3232421875
1763688529.3946958,4,1,2,-0.09521058935628685,0.060903942567512706,0.3434900828359398,5.3011864671552184e-05,0.004621815616183948,-0.0007076500392667758,43.67995605468741,-7.199987792968727,-17.81113281250009,59.04000244140627,32.6400085449219,39.49443359374982,14.879907226562409,50.88002929687491,54.982421875,-30.24008789062509,-16.80014648437509,-60.40317382812509,1.9199890136718523,25.440014648437455,13.164794921875
1763688529.5949965,4,1,2,-0.044660584312546686,0.06204114725273961,0.2239438967414461,0.00022185464665742559,0.004071819548895634,-4.6474885238689226e-05,43.67995605468741,-4.799963378906227,-13.939062500000091,56.6400085449219,25.439996337890648,35.62236328124982,14.879907226562409,53.28005371093741,62.7265625,-32.63999023437509,-19.20004882812509,-56.53122558593759,1.9199890136718523,18.239941406249955,5.4208984375
1763688529.7949364,4,1,2,-0.05074360312624997,0.047406998190412775,0.32361832509501054,-0.00038044074451190884,0.003854358607437563,-0.000481323537934516,41.27993164062491,-4.799963378906227,-21.68320312500009,59.04000244140627,27.839990234375023,43.36625976562482,12.480004882812409,53.28005371093741,54.982421875,-30.24008789062509,-19.20004882812509,-64.27518310546884,1.9199890136718523,18.239941406249955,9.292724609375
1763688530.0934415,4,1,2,-0.07065125786282361,0.03642427697598696,0.20749715091638885,-6.489560081534033e-06,0.004487261888424849,-0.00036359100329248913,0,0,0,0,0,0,0,0,0,0,0,0,0,0,0
1763688530.4033058,4,1,2,-0.08867928003894113,0.10746434825694004,0.24526804030500737,0.0009210872857718009,0.004271648092989569,-0.0002740553500535824,41.27993164062491,-9.600012207031227,-13.939062500000091,56.6400085449219,25.439996337890648,43.36625976562482,14.879907226562409,53.28005371093741,62.7265625,-30.24008789062509,-19.20004882812509,-64.27518310546884,-2.8799987792968977,15.840039062499955,9.292724609375
1763688530.5269837,4,1,2,-0.08044160362924839,0.04292199991681216,0.29414470599597053,0.00040244737444991314,0.0042167016778826855,-0.0006441577744202867,46.07998046874991,-4.799963378906227,-13.939062500000091,61.44002685546877,30.239984130859398,35.62236328124982,12.480004882812409,50.88002929687491,54.982421875,-32.63999023437509,-19.20004882812509,-64.27518310546884,4.320013427734352,18.239941406249955,9.292724609375
1763688530.6219747,4,1,2,-0.08735769786646866,0.06776583808643702,0.2424624497098171,0.00027080524140023383,0.004251835570245631,0.00011648793171538049,38.88002929687491,-9.600012207031227,-13.939062500000091,59.04000244140627,27.839990234375023,35.62236328124982,12.480004882812409,55.67995605468741,66.598388671875,-30.24008789062509,-19.20004882812509,-68.14719238281259,-0.48000488281252274,15.840039062499955,9.292724609375
1763688530.7945607,4,1,2,-0.07640028253504506,0.07199668592494667,0.27515060705434047,-0.00020961523103850996,0.00407339649611594,-0.0008907734107760733,41.27993164062491,-4.799963378906227,-6.195166015625091,56.6400085449219,27.839990234375023,39.49443359374982,12.480004882812409,48.48000488281241,58.8544921875,-30.24008789062509,-12.000097656250091,-64.27518310546884,-2.8799987792968977,15.840039062499955,-2.3232421875
1763688531.0893478,4,1,2,-0.042630325931758715,0.10330712248528055,0.2247531541890951,0.0002187698795765138,0.0034897785312477886,-0.00044087682242309104,46.07998046874991,-4.799963378906227,-13.939062500000091,61.44002685546877,32.6400085449219,54.98247070312482,12.480004882812409,60.48000488281241,58.8544921875,-35.04013671875009,-16.80014648437509,-64.27518310546884,1.9199890136718523,23.039990234374955,9.292724609375
1763688531.884806,4,1,2,-0.011592798057567095,0.08387087928038887,-0.2297893857597288,0.0004365051410489733,0.003456071909310424,-0.0002880356237764628,72.48000488281241,19.200036621093773,17.03676757812491,90.24001464843752,51.83999023437502,120.80620117187482,7.679956054687409,89.28005371093741,101.446533203125,-54.24008789062509,-60.00009765625009,-83.63522949218759,16.320013427734352,39.840039062499955,32.52490234375
1763688531.9961464,4,1,2,-0.03981134724729905,0.09410888296210193,-0.22492531880387262,0.0012009446719602286,0.002584654111450482,-0.00012753233106146765,79.67995605468741,26.399987792968773,20.90883789062491,102.24001464843752,59.04000244140627,140.16655273437482,2.879907226562409,96.48000488281241,93.702392578125,-51.83994140625009,-74.40000000000009,-87.50717773437509,25.920019531249977,49.440014648437455,36.396728515625
1763688532.1006436,4,1,2,-0.10492224230537657,0.1769765157846469,-0.5192521927273521,0.004254270463199782,0.007915520832726784,8.765947849802627e-05,89.27993164062491,31.200036621093773,9.292871093749909,109.44002685546877,63.83999023437502,155.65434570312482,0.48000488281240905,113.28005371093741,116.934326171875,-56.63999023437509,-86.40000000000009,-91.37918701171884,28.320013427734352,49.440014648437455,51.884765625
1763688532.2900767,4,1,2,0.21331661959889453,-0.341427325776778,-0.8045186751200211,0.001198804397095657,0.0017470938527044486,-0.0006887805613364213,106.07998046874991,48.00002441406252,24.78090820312491,138.24001464843752,75.83999023437502,198.24614257812482,-4.320043945312591,132.4800048828124,128.550537109375,-66.24008789062509,-108.00009765625009,-110.73917236328134,40.32001342773435,59.039990234374955,71.244873046875
1763688532.3960645,4,1,2,-0.3909433547484285,0.592482935792836,-0.9007758254092988,0.006981650470465662,0.0077693525056873785,-0.00014987971030861174,106.07998046874991,52.80007324218752,28.65273437499991,123.84002075195315,83.04000244140627,213.73442382812482,-4.320043945312591,125.28005371093741,128.550537109375,-68.63999023437509,-117.59995117187509,-106.86722412109384,42.72000732421873,61.440014648437455,63.500732421875
1763688532.4967406,4,1,2,-0.16805215011628152,0.13658651239179,-1.0874014472032267,0.004248155472726674,0.007749695327221159,-0.00011146297854223303,110.88002929687491,55.19997558593752,28.65273437499991,138.24001464843752,92.6400085449219,240.83842773437482,-6.720068359375091,137.2800537109374,132.42236328125,-73.44003906250009,-127.20004882812509,-106.86722412109384,49.92001953124998,63.840039062499955,63.500732421875
1763688532.5872176,4,1,2,-0.10849202268283667,0.19149994319707397,-1.1039547857819276,0.004867732640210224,0.007142155147030749,-0.0002763179226990891,113.27993164062491,69.60000000000002,24.78090820312491,147.84002075195315,102.2399841308594,256.3262207031248,-13.920019531250091,134.8800292968749,132.42236328125,-78.24008789062509,-136.8001464843751,-122.35520019531259,64.32001342773435,73.44001464843745,71.244873046875
1763688532.683768,4,1,2,-0.1605677338790996,0.20219090997114803,-1.3911530406365304,0.004670938274959913,0.009891442596448276,-0.00022345093234423484,115.67995605468741,64.80007324218752,32.52480468749991,145.44002685546877,104.6400085449219,256.3262207031248,-11.519995117187591,127.67995605468741,136.29443359375,-73.44003906250009,-136.8001464843751,-118.48319091796884,59.51999511718748,71.03999023437495,67.372802734375
1763688532.792434,4,1,2,-0.11777103584352484,0.17761109366119843,-1.3432918191397092,0.004503549084984891,0.009524728017509577,0.00018567022363752427,115.67995605468741,67.19997558593752,32.52480468749991,143.04000244140627,99.83999023437502,260.1982910156248,-6.720068359375091,137.2800537109374,132.42236328125,-75.83994140625009,-139.2000488281251,-114.61118164062509,59.51999511718748,71.03999023437495,67.372802734375
1763688532.8877075,4,1,2,-0.10913468974483491,0.17919307801067264,-1.27398135002817,0.004723637511330136,0.007868848931393932,0.0002890191085191759,115.67995605468741,67.19997558593752,40.26894531249991,147.84002075195315,95.04000244140627,244.71049804687482,-11.519995117187591,137.2800537109374,124.678466796875,-75.83994140625009,-136.8001464843751,-118.48319091796884,57.1200012207031,75.84003906249995,75.11669921875
1763688533.0904624,4,1,2,-0.1500105886291612,0.22952898982498382,-1.1979597868292862,0.006650660899263641,0.008348853885658626,7.77527208913509e-06,110.88002929687491,67.19997558593752,36.39687499999991,143.04000244140627,104.6400085449219,252.45415039062482,-6.720068359375091,125.28005371093741,128.550537109375,-80.63999023437509,-139.2000488281251,-122.35520019531259,61.92001953124998,68.63996582031245,67.372802734375
1763688533.2923744,4,1,2,-0.21213871192986156,0.184939762539417,-1.1646435615449942,0.002554515402221739,0.012762053972139134,-7.11712884722633e-05,118.07998046874991,76.80007324218752,32.52480468749991,150.24001464843752,119.04000244140627,256.3262207031248,-16.32004394531259,127.67995605468741,116.934326171875,-78.24008789062509,-134.4000000000001,-122.35520019531259,64.32001342773435,73.44001464843745,71.244873046875
1763688533.3872354,4,1,2,-0.2370409661186671,0.13073028697259187,-1.254037398296632,0.0015611772321588175,0.015298389783938712,0.0001325638120837421,113.27993164062491,74.40004882812502,32.52480468749991,152.6400085449219,116.6400085449219,264.0703613281248,-13.920019531250091,130.0799804687499,120.806396484375,-78.24008789062509,-141.5999511718751,-122.35520019531259,69.1200012207031,68.63996582031245,75.11669921875
1763688533.4953926,4,1,2,-0.2536956715661817,0.10932274842228551,-1.2542726425956356,0.0011977832676898623,0.015730233917978537,-0.0004924970652464783,120.48000488281241,76.80007324218752,32.52480468749991,150.24001464843752,123.83999023437502,264.0703613281248,-16.32004394531259,127.67995605468741,113.0625,-78.24008789062509,-136.8001464843751,-133.97122802734384,69.1200012207031,68.63996582031245,63.500732421875
1763688533.5909517,4,1,2,-0.3235665380378053,0.1089538126137691,-1.2932417465987602,-0.0005090608708559821,0.01723014240371761,-0.00012222096591322845,115.67995605468741,76.80007324218752,28.65273437499991,155.0400329589844,128.6400085449219,264.0703613281248,-21.12009277343759,125.28005371093741,113.0625,-83.04013671875009,-134.4000000000001,-130.0992187500001,69.1200012207031,73.44001464843745,67.372802734375
1763688533.6856554,4,1,2,-0.2930438777120453,0.12917450022290455,-1.2738089847454066,0.0005043730507439081,0.017076582589137183,-0.00019100934560180457,118.07998046874991,79.19997558593752,36.39687499999991,152.6400085449219,123.83999023437502,260.1982910156248,-13.920019531250091,122.88002929687491,116.934326171875,-85.44003906250009,-136.8001464843751,-126.22720947265634,66.72000732421873,68.63996582031245,71.244873046875
1763688533.8874784,4,1,2,-0.2996197584675777,0.1054488021852788,-1.2510768099483758,0.001847887943477093,0.016126414947758516,0.00029398563320371936,115.67995605468741,74.40004882812502,20.90883789062491,152.6400085449219,123.83999023437502,260.1982910156248,-18.72006835937509,122.88002929687491,113.0625,-80.63999023437509,-132.0000976562501,-133.97122802734384,71.51999511718748,73.44001464843745,63.500732421875
1763688534.49366,4,1,2,-0.32680844322303676,0.16207315982494638,-1.3509593560714679,0.002421116352690125,0.018314095667325708,0.0001782870626329655,115.67995605468741,81.60000000000002,24.78090820312491,152.6400085449219,128.6400085449219,264.0703613281248,-21.12009277343759,113.28005371093741,109.1904296875,-78.24008789062509,-136.8001464843751,-130.0992187500001,81.1200012207031,66.23994140624995,55.7568359375
1763688534.5874796,4,1,2,-0.33350246115945437,0.15786070334218394,-1.2166922461811573,0.002084742688991676,0.01801319171923584,-0.00016579124545726084,113.27993164062491,79.19997558593752,28.65273437499991,150.24001464843752,128.6400085449219,264.0703613281248,-21.12009277343759,118.07998046874991,101.446533203125,-83.04013671875009,-134.4000000000001,-126.22720947265634,76.32001342773435,68.63996582031245,63.500732421875
1763688534.6308923,4,1,2,-0.28231306378453336,0.10829190433744193,-1.1691938897771395,0.0017022001829644776,0.017583761982161886,-0.0003028781623007045,110.88002929687491,84.00002441406252,24.78090820312491,150.24001464843752,128.6400085449219,260.1982910156248,-18.72006835937509,115.67995605468741,101.446533203125,-80.63999023437509,-136.8001464843751,-122.35520019531259,73.92001953124998,73.44001464843745,59.62890625
1763688534.7226121,4,1,2,-0.36689406598943675,0.1349357400527266,-1.336044430486039,0.0015139904293061384,0.01903075505717005,-0.00013031560331171655,0,0,0,0,0,0,0,0,0,0,0,0,0,0,0
1763688534.81507,4,1,2,-0.2992260888363515,0.12400515279055141,-1.2878561565029738,0.00161701981970605,0.018739053823931692,-0.00019030659790371255,110.88002929687491,76.80007324218752,24.78090820312491,150.24001464843752,126.24001464843752,260.1982910156248,-21.12009277343759,113.28005371093741,105.318359375,-80.63999023437509,-134.4000000000001,-130.0992187500001,73.92001953124998,71.03999023437495,59.62890625
1763688534.9898062,4,1,2,-0.31795498108454334,0.13828172690760923,-1.165863202610061,0.0022758668474664057,0.017894392101245188,-0.000301553424643922,115.67995605468741,79.19997558593752,24.78090820312491,147.84002075195315,128.6400085449219,256.3262207031248,-18.72006835937509,110.88002929687491,105.318359375,-80.63999023437509,-134.4000000000001,-130.0992187500001,73.92001953124998,66.23994140624995,63.500732421875
1763688535.110966,4,1,2,-0.31447991113203055,0.1068194451297718,-1.2210243882426184,0.0011673041976784132,0.018124038352641425,-8.875985125969999e-05,110.88002929687491,74.40004882812502,24.78090820312491,143.04000244140627,126.24001464843752,252.45415039062482,-18.72006835937509,115.67995605468741,105.318359375,-75.83994140625009,-134.4000000000001,-122.35520019531259,69.1200012207031,73.44001464843745,59.62890625
1763688535.2055824,4,1,2,-0.2611205536690171,0.2038941081539251,-1.1939009419170366,0.003856043167092771,0.014972309450239245,0.00023588681856652992,108.48000488281241,69.60000000000002,24.78090820312491,145.44002685546877,116.6400085449219,256.3262207031248,-16.32004394531259,120.48000488281241,113.0625,-80.63999023437509,-134.4000000000001,-126.22720947265634,66.72000732421873,68.63996582031245,59.62890625
1763688535.39578,4,1,2,-0.24595043295951396,0.1270656021043729,-1.0216930637807895,0.003967563213653746,0.011893398848993077,-0.0003997635320054538,103.67995605468741,62.40004882812502,28.65273437499991,131.04000244140627,99.83999023437502,240.83842773437482,-6.720068359375091,113.28005371093741,113.0625,-73.44003906250009,-122.40000000000009,-110.73917236328134,52.32001342773435,63.840039062499955,59.62890625
1763688535.5011017,4,1,2,-0.14627301421929848,0.21882929123337366,-0.7798325057905364,0.006014768959463139,0.008171945952145843,-0.00015748954118728555,98.88002929687491,55.19997558593752,28.65273437499991,123.84002075195315,97.43999633789065,221.47856445312482,-11.519995117187591,110.88002929687491,113.0625,-68.63999023437509,-122.40000000000009,-99.12320556640634,47.51999511718748,61.440014648437455,55.7568359375
1763688535.5965726,4,1,2,-0.18023747275811824,0.15728369151086158,-0.6973153068570721,0.005359403173089855,0.008943760974131122,-0.0001251118662896093,0,0,0,0,0,0,0,0,0,0,0,0,0,0,0
1763688536.4030309,4,1,2,-0.5069236556874169,0.5355305819336502,0.21325295120979437,0.0078039464615454485,0.011732196228706832,-0.00021090996940060017,46.07998046874991,7.200036621093773,-10.067236328125091,66.24001464843752,47.04000244140627,78.21440429687482,10.079980468749909,60.48000488281241,66.598388671875,-44.63999023437509,-38.40000000000009,-72.01920166015634,13.920019531249977,30.239941406249955,20.90869140625
1763688536.5932531,4,1,2,-0.30068739307438874,0.41025353793100083,0.3036462705751277,0.0066970976437174205,0.009128627146093325,-1.778584583119608e-05,46.07998046874991,7.200036621093773,-10.067236328125091,61.44002685546877,37.43999633789065,66.59843749999982,5.279931640624909,53.28005371093741,66.598388671875,-32.63999023437509,-33.59995117187509,-68.14719238281259,13.920019531249977,25.440014648437455,9.292724609375
1763688536.6881318,4,1,2,0.0668927675566955,-0.10409234072482557,0.21038428925837446,-0.0031429461688194157,0.0019810884385151263,-0.0011470463948543227,41.27993164062491,2.3999877929687727,-10.067236328125091,59.04000244140627,39.83999023437502,58.85429687499982,12.480004882812409,53.28005371093741,62.7265625,-37.44003906250009,-26.40000000000009,-72.01920166015634,6.720007324218727,25.440014648437455,-2.3232421875
1763688536.9873507,4,1,2,-0.08393423163900866,0.058941311068297475,0.29582950135925695,0.0011976142549386475,0.005377760478887863,-0.00048484706464159595,43.67995605468741,-2.3999999999999773,-10.067236328125091,59.04000244140627,32.6400085449219,58.85429687499982,10.079980468749909,53.28005371093741,58.8544921875,-32.63999023437509,-21.59995117187509,-72.01920166015634,1.9199890136718523,23.039990234374955,5.4208984375
1763688537.189158,4,1,2,-0.07979078356084628,0.09875456998230149,0.24359526755646263,0.0006665061457513321,0.005040642456665707,-0.0006657881241539884,43.67995605468741,2.4414062522737368e-05,-13.939062500000091,54.24001464843752,35.04000244140627,51.11040039062482,10.079980468749909,53.28005371093741,58.8544921875,-32.63999023437509,-21.59995117187509,-68.14719238281259,6.720007324218727,23.039990234374955,1.548828125
1763688537.486576,4,1,2,-0.0790911609428215,0.08836619807310328,0.25920587485471347,0.0004218537627387578,0.005125806813518074,-0.000503988811756938,43.67995605468741,-2.3999999999999773,-10.067236328125091,56.6400085449219,32.6400085449219,47.23833007812482,12.480004882812409,48.48000488281241,58.8544921875,-32.63999023437509,-24.00009765625009,-68.14719238281259,4.320013427734352,20.639965820312455,5.4208984375
1763688537.5983477,4,1,2,-0.09666312036609215,0.08200346895700225,0.2612993676569742,0.0005406694289279337,0.00443939818373457,-0.0005804013118071993,38.88002929687491,2.4414062522737368e-05,-10.067236328125091,54.24001464843752,30.239984130859398,47.23833007812482,7.679956054687409,48.48000488281241,58.8544921875,-32.63999023437509,-21.59995117187509,-64.27518310546884,6.720007324218727,25.440014648437455,5.4208984375
1763688537.892838,4,1,2,-0.06130269159781632,0.059759456365763644,0.2070213604445682,1.1250042997928977e-05,0.004685171994680283,-0.000522105404486103,0,0,0,0,0,0,0,0,0,0,0,0,0,0,0
1763688538.2844145,4,1,2,-0.07833825255019834,0.07765504360214825,0.325785982736153,0.00017884858138544034,0.0052230598892729335,-0.0007930368515340923,41.27993164062491,2.4414062522737368e-05,-13.939062500000091,54.24001464843752,39.83999023437502,43.36625976562482,14.879907226562409,41.28005371093741,58.8544921875,-32.63999023437509,-19.20004882812509,-68.14719238281259,6.720007324218727,20.639965820312455,1.548828125
1763688538.393069,4,1,2,-0.10606458282117903,0.042869215811321554,0.20906497826535952,0.00018991191626726266,0.005642560516679469,-0.0007531996382718441,43.67995605468741,-2.3999999999999773,-10.067236328125091,56.6400085449219,35.04000244140627,47.23833007812482,10.079980468749909,48.48000488281241,47.238525390625,-32.63999023437509,-21.59995117187509,-64.27518310546884,-0.48000488281252274,20.639965820312455,1.548828125
1763688538.4865606,4,1,2,-0.05418527598940071,0.05593664098091691,0.22487436011245365,0.00032629297381160747,0.0044434820831914315,-0.00043592543900830067,43.67995605468741,-2.3999999999999773,-17.81113281250009,59.04000244140627,35.04000244140627,43.36625976562482,14.879907226562409,50.88002929687491,58.8544921875,-25.44003906250009,-21.59995117187509,-68.14719238281259,4.320013427734352,18.239941406249955,1.548828125
1763688539.2974923,4,1,2,-0.07823522026968735,0.07997302101520604,0.22578971479514598,0.00016669886859860413,0.004652204557576518,-0.001063687713649691,38.88002929687491,-2.3999999999999773,-13.939062500000091,56.6400085449219,32.6400085449219,39.49443359374982,10.079980468749909,53.28005371093741,54.982421875,-32.63999023437509,-16.80014648437509,-68.14719238281259,1.9199890136718523,23.039990234374955,5.4208984375
1763688539.4833603,4,1,2,-0.09384625343688545,0.08791581790828264,0.29207672328086765,-8.878149074977157e-05,0.005161431192870247,-0.0009634432801577626,41.27993164062491,-4.799963378906227,-17.81113281250009,59.04000244140627,37.43999633789065,43.36625976562482,12.480004882812409,48.48000488281241,47.238525390625,-27.83994140625009,-16.80014648437509,-64.27518310546884,4.320013427734352,15.840039062499955,5.4208984375
1763688539.7004147,4,1,2,-0.09637269902226184,0.05950821344586643,0.2256084770058815,0.00017461599984745714,0.005085718067070164,-0.0005144495225447531,38.88002929687491,-4.799963378906227,-17.81113281250009,54.24001464843752,32.6400085449219,47.23833007812482,7.679956054687409,46.07998046874991,58.8544921875,-27.83994140625009,-12.000097656250091,-68.14719238281259,6.720007324218727,23.039990234374955,1.548828125
1763688540.0083437,4,1,2,-0.0955697407794826,0.0497279861241712,0.2585159575169811,-6.371813503169084e-05,0.004988078307999199,-0.0005810847342463797,38.88002929687491,-7.199987792968727,-13.939062500000091,54.24001464843752,37.43999633789065,35.62236328124982,7.679956054687409,41.28005371093741,51.1103515625,-27.83994140625009,-16.80014648437509,-64.27518310546884,4.320013427734352,18.239941406249955,5.4208984375
1763688540.199075,4,1,2,-0.10634240620720721,0.0844903192890255,0.22806857704308506,0.0007087547094414334,0.005177748944375116,-0.0006697210692224722,41.27993164062491,-2.3999999999999773,-17.81113281250009,51.84002075195315,35.04000244140627,35.62236328124982,14.879907226562409,41.28005371093741,51.1103515625,-30.24008789062509,-19.20004882812509,-64.27518310546884,4.320013427734352,18.239941406249955,-2.3232421875
1763688540.241569,4,1,2,-0.09695517943720411,0.07950014956717241,0.2611444591915549,0.0005037397472268069,0.005010266630110352,-0.0010493621018719782,38.88002929687491,2.4414062522737368e-05,-13.939062500000091,56.6400085449219,32.6400085449219,39.49443359374982,10.079980468749909,43.67995605468741,43.366455078125,-27.83994140625009,-19.20004882812509,-68.14719238281259,4.320013427734352,18.239941406249955,-2.3232421875
1763688540.4427414,4,1,2,-0.09537653414294525,0.11752132030019674,0.22618344761846482,0.0004772516543579332,0.005350879118488217,-0.0005179664349590931,0,0,0,0,0,0,0,0,0,0,0,0,0,0,0
1763688540.696521,4,1,2,-0.04204827463379205,0.04818618314558849,0.20390838103702288,-0.0005879732262293396,0.0047934270230858235,-0.000603082344842514,41.27993164062491,-7.199987792968727,-10.067236328125091,59.04000244140627,37.43999633789065,43.36625976562482,14.879907226562409,43.67995605468741,47.238525390625,-32.63999023437509,-16.80014648437509,-64.27518310546884,4.320013427734352,18.239941406249955,1.548828125
1763688540.8177485,4,1,2,-0.06512897388377602,0.08139742274842314,0.32196131144926726,-0.0008036548472386985,0.005096372314640726,-0.0011118548308362366,41.27993164062491,-2.3999999999999773,-13.939062500000091,59.04000244140627,37.43999633789065,35.62236328124982,12.480004882812409,46.07998046874991,51.1103515625,-30.24008789062509,-14.400000000000091,-60.40317382812509,6.720007324218727,15.840039062499955,1.548828125
1763688540.993031,4,1,2,-0.05629324745756381,0.08071168781344142,0.20430358429849993,-0.0008216166903816855,0.004063074309662747,-0.0006069056118524227,38.88002929687491,2.4414062522737368e-05,-17.81113281250009,61.44002685546877,32.6400085449219,43.36625976562482,14.879907226562409,46.07998046874991,51.1103515625,-27.83994140625009,-14.400000000000091,-68.14719238281259,4.320013427734352,18.239941406249955,-2.3232421875
1763688541.0250578,4,1,2,-0.07489079600854445,0.02820192256021701,0.2029253642928426,-0.0010860203022843812,0.005067672076863065,-0.0002908857940617447,41.27993164062491,-2.3999999999999773,-25.55502929687509,51.84002075195315,35.04000244140627,39.49443359374982,10.079980468749909,46.07998046874991,54.982421875,-32.63999023437509,-12.000097656250091,-75.89121093750009,1.9199890136718523,18.239941406249955,5.4208984375
1763688541.1172497,4,1,2,-0.08499999538794882,0.03321263377926777,0.2052866900425194,-0.000724070630986692,0.005167910345401195,-0.0008360978479609199,41.27993164062491,-4.799963378906227,-17.81113281250009,61.44002685546877,37.43999633789065,39.49443359374982,14.879907226562409,43.67995605468741,51.1103515625,-32.63999023437509,-14.400000000000091,-64.27518310546884,4.320013427734352,20.639965820312455,1.548828125
1763688541.897399,4,1,2,-0.030055826604046425,0.18396703587172786,-0.28350603801891705,0.0035825449651089233,0.0027086986723760904,-0.0006150641662298298,72.48000488281241,26.399987792968773,13.164941406249909,90.24001464843752,61.43999633789065,124.67827148437482,5.279931640624909,89.28005371093741,93.702392578125,-51.83994140625009,-74.40000000000009,-87.50717773437509,21.120001220703102,44.639965820312455,36.396728515625
1763688542.051787,4,1,2,-0.06384688078711782,0.14017717117076597,-0.48852024446564557,0.002825319965403519,0.004087988925939229,-6.181263011241077e-05,82.07998046874991,28.800012207031273,24.78090820312491,97.44002685546877,63.83999023437502,151.78227539062482,2.879907226562409,96.48000488281241,105.318359375,-59.04013671875009,-93.59995117187509,-87.50717773437509,28.320013427734352,56.639965820312455,40.268798828125
1763688542.1437974,4,1,2,-0.14310674438497634,0.14264917727049026,-0.6533270059165653,0.0031057126723075795,0.0055067077411293415,-0.00019711103387751552,89.27993164062491,38.40004882812502,20.90883789062491,104.6400085449219,71.04000244140627,171.14213867187482,-1.920019531250091,96.48000488281241,113.0625,-59.04013671875009,-98.40000000000009,-83.63522949218759,35.51999511718748,56.639965820312455,55.7568359375
1763688542.2524676,4,1,2,-0.17258914073742732,0.1246310227695495,-0.7348450886600292,0.003579431136975178,0.006706166389682153,-0.0006912418810642633,91.67995605468741,45.60000000000002,24.78090820312491,116.6400085449219,75.83999023437502,186.63041992187482,-4.320043945312591,108.48000488281241,113.0625,-63.83994140625009,-103.20004882812509,-91.37918701171884,40.32001342773435,56.639965820312455,48.0126953125
1763688542.363189,4,1,2,-0.18892667774644661,0.17140624155678957,-0.717975763709961,0.003797898440755776,0.007492165292726771,-0.0002971977939953917,98.88002929687491,55.19997558593752,24.78090820312491,123.84002075195315,95.04000244140627,209.86235351562482,-4.320043945312591,115.67995605468741,105.318359375,-68.63999023437509,-115.20004882812509,-102.99521484375009,49.92001953124998,66.23994140624995,51.884765625
1763688542.4923737,4,1,2,-0.10758905183670082,0.22402503145816033,-1.156777890593487,0.004767607653387877,0.008803852838940647,-0.00021993697623811574,110.88002929687491,64.80007324218752,32.52480468749991,133.44002685546877,102.2399841308594,240.83842773437482,-6.720068359375091,122.88002929687491,124.678466796875,-75.83994140625009,-129.5999511718751,-110.73917236328134,52.32001342773435,73.44001464843745,67.372802734375
1763688542.5502837,4,1,2,-0.09123900353764067,0.22380340291847417,-1.1400102627213966,0.00494128257547189,0.00876136883894094,-0.00021326724621020083,108.48000488281241,72.00002441406252,36.39687499999991,145.44002685546877,109.43999633789065,252.45415039062482,-11.519995117187591,127.67995605468741,120.806396484375,-78.24008789062509,-129.5999511718751,-118.48319091796884,66.72000732421873,71.03999023437495,63.500732421875
1763688542.6584933,4,1,2,-0.11933454057143889,0.1883094693729539,-1.4246380084369483,0.004882219630238138,0.009358509557779643,-0.000702704479142321,120.48000488281241,79.19997558593752,36.39687499999991,159.84002075195315,116.6400085449219,275.6865722656248,-18.72006835937509,134.8800292968749,120.806396484375,-83.04013671875009,-146.4000000000001,-122.35520019531259,73.92001953124998,78.23994140624995,75.11669921875
1763688542.750036,4,1,2,-0.18802767807729484,0.2012377423614225,-1.5596987787022463,0.004763104512012805,0.011700136651842125,-0.00012625601997627318,127.67995605468741,84.00002441406252,28.65273437499991,169.43999633789065,131.04000244140627,295.0464355468748,-16.32004394531259,137.2800537109374,124.678466796875,-87.83994140625009,-156.0000976562501,-130.0992187500001,78.72000732421873,80.63996582031245,78.98876953125
1763688542.8957143,4,1,2,-0.25147570075563386,0.1461074337626328,-1.9893415782328927,0.0024512473965959142,0.015734188865587955,-0.0005964775022574457,146.8800292968749,100.80007324218752,40.26894531249991,186.24004516601565,147.83999023437502,329.8945800781248,-18.72006835937509,151.6799560546874,132.42236328125,-97.44003906250009,-168.0000976562501,-141.7151855468751,88.32001342773435,85.44001464843745,86.73291015625
1763688542.9383593,4,1,2,-0.19142262183500028,0.18941620324294361,-2.024878055608949,0.0028135356847410714,0.015577421266642626,-0.00014266408589913007,149.2799316406249,100.80007324218752,40.26894531249991,191.0400329589844,150.24001464843752,341.5103027343748,-23.51999511718759,156.4800048828124,128.550537109375,-97.44003906250009,-170.4000000000001,-149.4592041015626,93.1200012207031,90.23994140624995,94.476806640625
1763688543.097266,4,1,2,-0.24825834911423278,0.15807089551371778,-2.415688633968461,0.0013988403612006251,0.01750930562841819,-0.0005976862201203365,168.4800048828124,110.40004882812502,44.14077148437491,215.0400329589844,164.6400085449219,372.4863769531248,-25.92001953125009,168.4800048828124,147.910400390625,-107.04013671875009,-182.4000000000001,-164.94718017578134,105.1200012207031,90.23994140624995,90.604736328125
1763688543.191367,4,1,2,-0.21533907409375536,0.18909070168605047,-2.6638486597630022,0.0021129466062377172,0.014673931644336018,-0.0005303834849956824,178.0799804687499,124.80007324218752,40.26894531249991,236.6400085449219,186.24001464843752,399.5903808593748,-28.32004394531259,175.6799560546874,136.29443359375,-114.24008789062509,-189.5999511718751,-176.5632080078126,114.72000732421873,92.63996582031245,106.0927734375
1763688543.2503707,4,1,2,-0.1895407884192513,0.16592138467103326,-2.6315012929238,0.001946569673966227,0.014080652603358243,-0.0003614276433113969,178.0799804687499,132.00002441406252,44.14077148437491,246.24004516601565,200.6400085449219,418.9502441406248,-30.72006835937509,170.8800292968749,136.29443359375,-119.04013671875009,-194.4000000000001,-192.05118408203134,121.92001953124998,95.03999023437495,106.0927734375
1763688543.3928006,4,1,2,-0.35271675549708187,0.061646058540237025,-3.217267096421145,-0.0018464406697587237,0.021179895930107273,-0.0002628924082581272,202.0799804687499,144.00002441406252,40.26894531249991,270.24004516601565,215.04000244140627,449.9263183593748,-33.12009277343759,192.4800048828124,144.038330078125,-133.4400390625001,-211.2000488281251,-207.53922119140634,129.1200012207031,102.23994140624995,109.96484375
1763688543.4870138,4,1,2,-0.3120043909111163,0.10735485053612856,-3.498421604668574,-0.0008541404150609003,0.018368863356067668,-0.00020748794496287045,204.4800048828124,148.80007324218752,48.01284179687491,275.0400329589844,219.83999023437502,461.5425292968748,-35.51999511718759,197.2799316406249,147.910400390625,-131.0401367187501,-206.4000000000001,-207.53922119140634,136.32001342773435,109.44001464843745,121.580810546875
1763688543.5460222,4,1,2,-0.3377637128482852,0.10048898581446616,-3.3799241587693483,-0.0008920500723179521,0.018984801202558972,-0.0005553540792020168,0,0,0,0,0,0,0,0,0,0,0,0,0,0,0
1763688543.637856,4,1,2,-0.32525953241256345,0.0975856344223198,-3.3357980897422017,-0.0019182881952121882,0.020548249725560408,-0.0003871784137864968,204.4800048828124,148.80007324218752,48.01284179687491,275.0400329589844,217.43999633789065,449.9263183593748,-30.72006835937509,197.2799316406249,147.910400390625,-126.24008789062509,-213.5999511718751,-203.6672119140626,131.5200256347656,104.63996582031245,117.708740234375
1763688543.7973084,4,1,2,-0.3188759551246167,0.10807668293936142,-3.1632186603771517,-0.0011030125978863069,0.019217661656605822,-0.0006359474535218013,202.0799804687499,144.00002441406252,51.88491210937491,270.24004516601565,219.83999023437502,449.9263183593748,-35.51999511718759,192.4800048828124,147.910400390625,-133.4400390625001,-208.8001464843751,-203.6672119140626,129.1200012207031,102.23994140624995,113.8369140625
1763688543.8887703,4,1,2,-0.3279678869041507,0.11431646226300553,-3.111497506667578,-0.0008640917974694412,0.019021257086877748,-0.0004606058124627711,202.0799804687499,148.80007324218752,48.01284179687491,275.0400329589844,215.04000244140627,453.7983886718748,-33.12009277343759,194.8800292968749,151.782470703125,-135.8399414062501,-206.4000000000001,-203.6672119140626,133.91998901367185,104.63996582031245,117.708740234375
1763688543.9319243,4,1,2,-0.31868481434996365,0.08971100108527322,-3.0792866099613896,-0.0012216736563197307,0.01885161478672144,-0.000526770341431919,202.0799804687499,141.60000000000002,48.01284179687491,265.43999633789065,215.04000244140627,453.7983886718748,-30.72006835937509,194.8800292968749,144.038330078125,-128.6399902343751,-208.8001464843751,-207.53922119140634,131.5200256347656,102.23994140624995,113.8369140625
1763688544.0263855,4,1,2,-0.3037482079173331,0.13040827179571413,-3.194558808086856,-0.0004159621978838358,0.018620240412858816,-0.0004899533709935258,199.6799560546874,144.00002441406252,48.01284179687491,270.24004516601565,215.04000244140627,457.6704589843748,-35.51999511718759,194.8800292968749,151.782470703125,-131.0401367187501,-204.0000976562501,-203.6672119140626,133.91998901367185,102.23994140624995,117.708740234375
1763688544.1349514,4,1,2,-0.32686384966860943,0.06486236647187622,-3.2153975728102395,-0.001626655266640297,0.018993466085877528,-0.0001839912568150203,197.2799316406249,141.60000000000002,48.01284179687491,270.24004516601565,210.24001464843752,449.9263183593748,-35.51999511718759,192.4800048828124,144.038330078125,-133.4400390625001,-201.5999511718751,-211.4112304687501,133.91998901367185,102.23994140624995,113.8369140625
1763688544.2963343,4,1,2,-0.2912310388787424,0.1044774739975864,-3.0314415613834687,-0.0013998100518061909,0.018604125361279814,0.00019167848616334507,204.4800048828124,144.00002441406252,48.01284179687491,267.84002075195315,215.04000244140627,449.9263183593748,-33.12009277343759,194.8800292968749,147.910400390625,-135.8399414062501,-206.4000000000001,-211.4112304687501,131.5200256347656,104.63996582031245,113.8369140625
1763688544.3909628,4,1,2,-0.28256789895367407,0.11805886975428317,-2.9467093467877143,-0.0012801498403501735,0.01873543277346042,-0.00048238109168607284,199.6799560546874,144.00002441406252,44.14077148437491,272.6400085449219,217.43999633789065,453.7983886718748,-35.51999511718759,192.4800048828124,147.910400390625,-131.0401367187501,-208.8001464843751,-207.53922119140634,126.72000732421873,97.44001464843745,113.8369140625
1763688544.4363801,4,1,2,-0.27308057240393224,0.11493055431029324,-2.980978719862021,-0.0014758227156568028,0.01817816479173955,-0.00041719646772115466,202.0799804687499,144.00002441406252,40.26894531249991,265.43999633789065,210.24001464843752,449.9263183593748,-35.51999511718759,192.4800048828124,159.5263671875,-128.6399902343751,-204.0000976562501,-211.4112304687501,131.5200256347656,102.23994140624995,113.8369140625
1763688544.592977,4,1,2,-0.2869638877327073,0.1306906675725565,-2.9591703418233535,-0.00016397307563393183,0.0184087492592284,-0.00017038420796787208,199.6799560546874,144.00002441406252,48.01284179687491,265.43999633789065,210.24001464843752,442.1821777343748,-35.51999511718759,192.4800048828124,147.910400390625,-131.0401367187501,-206.4000000000001,-207.53922119140634,131.5200256347656,102.23994140624995,117.708740234375
1763688544.6230402,4,1,2,-0.30182231593626996,0.12963214293541692,-2.9435963671742402,-0.0006809265738518689,0.01862717775195721,-0.00040140415269932406,204.4800048828124,141.60000000000002,44.14077148437491,270.24004516601565,215.04000244140627,449.9263183593748,-35.51999511718759,194.8800292968749,147.910400390625,-128.6399902343751,-206.4000000000001,-207.53922119140634,129.1200012207031,104.63996582031245,113.8369140625
1763688544.7147887,4,1,2,-0.302562539563363,0.13204140283977417,-3.0771880109874803,-0.0005244849022902993,0.01814942638892761,-0.00021420921548778076,199.6799560546874,148.80007324218752,48.01284179687491,272.6400085449219,215.04000244140627,453.7983886718748,-35.51999511718759,194.8800292968749,144.038330078125,-133.4400390625001,-206.4000000000001,-211.4112304687501,131.5200256347656,104.63996582031245,117.708740234375
1763688544.8080087,4,1,2,-0.25890990082805754,0.09906840953411736,-3.0627429501277335,-0.0009470289900242812,0.01730910955907937,-0.00036478695864299525,202.0799804687499,144.00002441406252,48.01284179687491,272.6400085449219,212.6400085449219,457.6704589843748,-30.72006835937509,199.6800781249999,151.782470703125,-133.4400390625001,-211.2000488281251,-199.79520263671884,131.5200256347656,99.84003906249995,109.96484375
1763688544.9862466,4,1,2,-0.27482395338967697,0.11038061397853578,-2.9440777607000905,-0.000989245278778859,0.016990508013871527,-0.00047992467382778833,206.8800292968749,146.40004882812502,51.88491210937491,270.24004516601565,215.04000244140627,453.7983886718748,-35.51999511718759,197.2799316406249,147.910400390625,-131.0401367187501,-204.0000976562501,-207.53922119140634,133.91998901367185,102.23994140624995,117.708740234375
1763688545.0977876,4,1,2,-0.26898596519479195,0.13066673869354772,-2.880293745819585,-0.0019757523157789524,0.01645983181623664,-0.0005415665003782595,202.0799804687499,144.00002441406252,40.26894531249991,270.24004516601565,217.43999633789065,453.7983886718748,-35.51999511718759,194.8800292968749,147.910400390625,-131.0401367187501,-204.0000976562501,-211.4112304687501,131.5200256347656,97.44001464843745,109.96484375
1763688545.2839322,4,1,2,-0.2490594547323054,0.13928151100246247,-2.824794140588994,-0.0005329083803247122,0.015752414634139133,-0.0003600933824904275,202.0799804687499,141.60000000000002,48.01284179687491,272.6400085449219,212.6400085449219,442.1821777343748,-33.12009277343759,197.2799316406249,147.910400390625,-131.0401367187501,-208.8001464843751,-203.6672119140626,133.91998901367185,99.84003906249995,113.8369140625
1763688545.3961165,4,1,2,-0.28155947750904625,0.1066096408565586,-2.8610355551660325,-0.0013207254315947478,0.016674059550901742,-0.0001386832941701055,204.4800048828124,146.40004882812502,48.01284179687491,270.24004516601565,212.6400085449219,453.7983886718748,-30.72006835937509,190.0799804687499,151.782470703125,-133.4400390625001,-208.8001464843751,-207.53922119140634,126.72000732421873,102.23994140624995,117.708740234375
1763688545.4988945,4,1,2,-0.25960758242254145,0.13274552325724054,-2.92521461878444,-0.0002809255344888772,0.016394808111959966,-8.136093449471354e-05,197.2799316406249,141.60000000000002,51.88491210937491,272.6400085449219,212.6400085449219,453.7983886718748,-35.51999511718759,197.2799316406249,144.038330078125,-128.6399902343751,-208.8001464843751,-203.6672119140626,136.32001342773435,102.23994140624995,117.708740234375
1763688545.594309,4,1,2,-0.29526545924630077,0.108024371793912,-2.8578544165792747,-0.0003161757710805355,0.017933196625193014,-0.0002111081356455035,202.0799804687499,148.80007324218752,40.26894531249991,270.24004516601565,215.04000244140627,449.9263183593748,-33.12009277343759,190.0799804687499,151.782470703125,-128.6399902343751,-206.4000000000001,-207.53922119140634,133.91998901367185,99.84003906249995,109.96484375
1763688545.7853353,4,1,2,-0.27638581310299914,0.07337366231176584,-2.731968251979657,-0.002741462191148911,0.017102093285943025,-0.000564892645120305,202.0799804687499,148.80007324218752,44.14077148437491,272.6400085449219,217.43999633789065,446.0542480468748,-33.12009277343759,194.8800292968749,140.16650390625,-131.0401367187501,-208.8001464843751,-207.53922119140634,136.32001342773435,97.44001464843745,113.8369140625
1763688545.8933566,4,1,2,-0.26854155170941235,0.10629088936612457,-2.6977741084203606,-0.0022938805083171604,0.017504557179704082,-0.0003972037305236798,202.0799804687499,141.60000000000002,51.88491210937491,267.84002075195315,210.24001464843752,449.9263183593748,-30.72006835937509,194.8800292968749,144.038330078125,-131.0401367187501,-206.4000000000001,-207.53922119140634,126.72000732421873,102.23994140624995,113.8369140625
1763688545.990333,4,1,2,-0.2417581873690962,0.11016857009691686,-2.4803343305604155,-0.0023665794233819486,0.01739399082873321,-0.0006330879225380751,197.2799316406249,139.19997558593752,44.14077148437491,263.0400329589844,205.43999633789065,430.5664550781248,-33.12009277343759,190.0799804687499,144.038330078125,-128.6399902343751,-199.2000488281251,-199.79520263671884,131.5200256347656,97.44001464843745,113.8369140625
1763688546.097102,4,1,2,-0.27040949596253144,0.09504656920219748,-2.4575513805280416,-0.0016261365641126136,0.015503523632513236,-0.0004642838701902792,190.0799804687499,132.00002441406252,51.88491210937491,248.6400085449219,198.24001464843752,407.3345214843748,-33.12009277343759,182.8800292968749,140.16650390625,-123.83994140625009,-196.8001464843751,-195.9231933593751,121.92001953124998,99.84003906249995,102.220703125
1763688546.1901672,4,1,2,-0.30704511469581386,0.05134082365642639,-2.2464814271191185,-0.003450230168347262,0.017598877055181823,-0.00031417042142762295,175.6799560546874,124.80007324218752,44.14077148437491,231.84002075195315,186.24001464843752,384.1025878906248,-30.72006835937509,173.2800537109374,128.550537109375,-116.63999023437509,-182.4000000000001,-184.3072265625001,112.32001342773435,90.23994140624995,102.220703125
1763688546.2847016,4,1,2,-0.2870089700766034,0.09989608700544447,-1.835042629965832,-0.0014179241301318184,0.01665951554015717,-0.0006319923105493699,161.2799316406249,108.00002441406252,36.39687499999991,212.6400085449219,164.6400085449219,349.2544433593748,-28.32004394531259,166.0799804687499,132.42236328125,-107.04013671875009,-172.8001464843751,-172.69119873046884,97.92001953124998,83.03999023437495,94.476806640625
1763688546.4855363,4,1,2,-0.21716912284676346,0.10891150458497548,-1.2461107453790992,-0.0009440512074990268,0.013778495243722832,0.00028228108800924367,134.8800292968749,88.80007324218752,32.52480468749991,176.6400085449219,138.24001464843752,295.0464355468748,-21.12009277343759,142.0799804687499,120.806396484375,-92.63999023437509,-141.5999511718751,-141.7151855468751,78.72000732421873,73.44001464843745,82.86083984375
1763688546.6955051,4,1,2,-0.11476302531087648,0.1356858877464035,-0.6269265609652663,0.0021970425714579796,0.007967604751781411,-0.00026882971694600695,115.67995605468741,60.00002441406252,24.78090820312491,145.44002685546877,107.04000244140627,233.09428710937482,-18.72006835937509,125.28005371093741,105.318359375,-78.24008789062509,-120.00009765625009,-122.35520019531259,61.92001953124998,66.23994140624995,71.244873046875
1763688546.797379,4,1,2,-0.1374500538944544,0.16142203984131598,-0.40823382840696437,0.0019714644422307954,0.007708955871771456,-0.00011570852113242493,106.07998046874991,52.80007324218752,28.65273437499991,133.44002685546877,99.83999023437502,202.11821289062482,-11.519995117187591,118.07998046874991,109.1904296875,-71.04013671875009,-108.00009765625009,-114.61118164062509,49.92001953124998,59.039990234374955,59.62890625
1763688547.7874782,4,1,2,-0.3523038591105213,0.4902300638427235,0.30941326181678286,0.007491365598372606,0.009300881335556956,-0.0008007842918934609,60.48000488281241,12.000024414062523,1.548730468749909,73.44002685546877,49.43999633789065,85.95854492187482,5.279931640624909,67.67995605468741,66.598388671875,-47.04013671875009,-40.80014648437509,-83.63522949218759,13.920019531249977,32.639965820312455,13.164794921875
1763688547.9904797,4,1,2,-0.5386437673993945,0.5895530615488289,0.23773044830290602,0.009574873213968748,0.01240622996380235,-0.0005897613736909019,55.67995605468741,2.3999877929687727,-2.323095703125091,73.44002685546877,44.6400085449219,82.08623046874982,10.079980468749909,65.28005371093741,70.470458984375,-39.83994140625009,-36.00009765625009,-72.01920166015634,6.720007324218727,27.840039062499955,20.90869140625
1763688548.0855925,4,1,2,0.20612681356251922,-0.4635642981025986,0.2195135275641586,-0.008698168746008421,-0.0001813982423758531,-0.00035589206893900036,50.88002929687491,4.800012207031273,-13.939062500000091,63.84002075195315,42.2399841308594,66.59843749999982,10.079980468749909,58.07998046874991,66.598388671875,-42.24008789062509,-33.59995117187509,-75.89121093750009,11.519995117187477,27.840039062499955,13.164794921875
1763688548.398698,4,1,2,-0.06580646581465008,0.15243071468222727,0.2487111571080347,0.0019532730708487905,0.004089433916357673,-0.0007415234479598927,48.48000488281241,2.3999877929687727,-10.067236328125091,63.84002075195315,44.6400085449219,62.72636718749982,12.480004882812409,60.48000488281241,62.7265625,-37.44003906250009,-31.20004882812509,-68.14719238281259,4.320013427734352,27.840039062499955,13.164794921875
1763688548.5881104,4,1,2,-0.1076143672035756,0.07697503446921093,0.2806023250398988,0.000996574250820037,0.004643749149335782,-0.0009618766675756689,48.48000488281241,2.3999877929687727,-6.195166015625091,63.84002075195315,37.43999633789065,58.85429687499982,10.079980468749909,55.67995605468741,66.598388671875,-37.44003906250009,-26.40000000000009,-68.14719238281259,6.720007324218727,25.440014648437455,9.292724609375
1763688548.696604,4,1,2,-0.09673884279568823,0.09938616360042091,0.31170192696920224,0.0006906574131280172,0.00500723637098043,-0.0006413242733292375,48.48000488281241,-2.3999999999999773,-10.067236328125091,66.24001464843752,42.2399841308594,54.98247070312482,12.480004882812409,58.07998046874991,66.598388671875,-35.04013671875009,-24.00009765625009,-68.14719238281259,4.320013427734352,25.440014648437455,13.164794921875
1763688548.8872564,4,1,2,-0.08731455411727658,0.10533864835116011,0.2608235771796497,0.0005584090320297529,0.004637308290204918,-0.0007389157133207776,48.48000488281241,2.4414062522737368e-05,-10.067236328125091,61.44002685546877,42.2399841308594,54.98247070312482,10.079980468749909,58.07998046874991,58.8544921875,-37.44003906250009,-26.40000000000009,-72.01920166015634,1.9199890136718523,23.039990234374955,1.548828125
1763688548.9941003,4,1,2,-0.07883525848787676,0.07150626748976643,0.2765588822469368,0.00029291265456558575,0.00438034164284054,-0.0006534030533001656,50.88002929687491,-2.3999999999999773,-6.195166015625091,61.44002685546877,37.43999633789065,54.98247070312482,7.679956054687409,55.67995605468741,62.7265625,-35.04013671875009,-24.00009765625009,-68.14719238281259,6.720007324218727,23.039990234374955,9.292724609375
1763688549.209796,4,1,2,-0.060423278939353224,0.07903142377194136,0.22341863801157283,8.529434649474574e-06,0.004766664747224085,-0.0003615761725373237,48.48000488281241,2.4414062522737368e-05,-10.067236328125091,66.24001464843752,39.83999023437502,58.85429687499982,10.079980468749909,58.07998046874991,58.8544921875,-35.04013671875009,-19.20004882812509,-72.01920166015634,4.320013427734352,23.039990234374955,5.4208984375
1763688549.788784,4,1,2,-0.0991875386837632,0.062472583104408196,0.22893624122249404,0.0008756793223677105,0.004559657887153644,-0.0005105586336801732,41.27993164062491,-4.799963378906227,-13.939062500000091,59.04000244140627,35.04000244140627,47.23833007812482,7.679956054687409,50.88002929687491,62.7265625,-30.24008789062509,-21.59995117187509,-72.01920166015634,6.720007324218727,23.039990234374955,-2.3232421875
1763688550.0847678,4,1,2,-0.06006412750094328,0.09020738021160729,0.3083927633239304,0.00012525943436164427,0.004400402055406027,-0.00048814147750855883,41.27993164062491,-2.3999999999999773,-10.067236328125091,61.44002685546877,39.83999023437502,51.11040039062482,10.079980468749909,48.48000488281241,58.8544921875,-32.63999023437509,-21.59995117187509,-68.14719238281259,4.320013427734352,18.239941406249955,1.548828125
1763688550.2862527,4,1,2,-0.07703604870323541,0.09231140462249222,0.2597170886667204,0.00011786131462308619,0.003985856340127139,-0.0009748386378002243,46.07998046874991,-2.3999999999999773,-17.81113281250009,56.6400085449219,37.43999633789065,51.11040039062482,7.679956054687409,53.28005371093741,54.982421875,-30.24008789062509,-19.20004882812509,-68.14719238281259,-0.48000488281252274,25.440014648437455,5.4208984375
1763688550.3960044,4,1,2,-0.06279064678810525,0.0949149031690973,0.24463067637051394,0.0008291241366010704,0.0034880119989392187,-0.00027389726911833173,43.67995605468741,2.4414062522737368e-05,-6.195166015625091,59.04000244140627,37.43999633789065,47.23833007812482,14.879907226562409,50.88002929687491,58.8544921875,-27.83994140625009,-19.20004882812509,-68.14719238281259,1.9199890136718523,23.039990234374955,5.4208984375
1763688550.6109176,4,1,2,-0.09393690443634886,0.07900577881761899,0.20776831348772834,-0.0001816632347860685,0.004963737024505331,-0.0008368618583365671,41.27993164062491,-2.3999999999999773,-13.939062500000091,59.04000244140627,37.43999633789065,43.36625976562482,12.480004882812409,48.48000488281241,54.982421875,-30.24008789062509,-16.80014648437509,-72.01920166015634,4.320013427734352,18.239941406249955,-2.3232421875
1763688551.204704,4,1,2,-0.07706620491477797,0.057742585975218724,0.2229279900497091,-0.000348323819881519,0.005195053089435405,-0.0007521647139028508,43.67995605468741,2.4414062522737368e-05,-13.939062500000091,63.84002075195315,42.2399841308594,54.98247070312482,7.679956054687409,48.48000488281241,51.1103515625,-35.04013671875009,-19.20004882812509,-68.14719238281259,6.720007324218727,23.039990234374955,5.4208984375
1763688551.6867511,4,1,2,-0.09392512511131393,0.07912447983197338,0.2075129099492733,-0.00017512252178617286,0.004960281231268446,-0.0006023895216921226,38.88002929687491,2.4414062522737368e-05,-13.939062500000091,59.04000244140627,39.83999023437502,51.11040039062482,7.679956054687409,50.88002929687491,54.982421875,-30.24008789062509,-24.00009765625009,-68.14719238281259,6.720007324218727,20.639965820312455,1.548828125
1763688551.8994966,4,1,2,-0.09523738390867661,0.06192025026875928,0.259358761961208,4.295428328760301e-05,0.00442174564891281,-0.0005033345321407729,43.67995605468741,2.4414062522737368e-05,-10.067236328125091,56.6400085449219,37.43999633789065,51.11040039062482,14.879907226562409,48.48000488281241,58.8544921875,-30.24008789062509,-16.80014648437509,-68.14719238281259,11.519995117187477,20.639965820312455,13.164794921875
1763688552.0859175,4,1,2,-0.0705077110481419,0.07414910874016241,0.2758061648124806,0.0003089242844154655,0.0048710001542911765,-0.0007319526542175607,41.27993164062491,-4.799963378906227,-17.81113281250009,56.6400085449219,39.83999023437502,43.36625976562482,10.079980468749909,48.48000488281241,54.982421875,-32.63999023437509,-21.59995117187509,-68.14719238281259,6.720007324218727,20.639965820312455,5.4208984375
1763688553.3860302,4,1,2,-0.05344005582159227,0.1435829553637225,-0.25468627345523037,0.002587356502237734,0.004207887808490396,-5.783470809538212e-05,77.27993164062491,33.60000000000002,13.164941406249909,95.04000244140627,66.2399841308594,151.78227539062482,-1.920019531250091,94.07998046874991,93.702392578125,-54.24008789062509,-81.59995117187509,-83.63522949218759,28.320013427734352,47.039990234374955,36.396728515625
1763688553.4996042,4,1,2,-0.10440767506605704,0.10955754453680278,-0.508864780975612,0.0018817092892855426,0.005734213405182484,8.643763662538335e-05,84.48000488281241,36.00002441406252,20.90883789062491,99.84002075195315,73.43999633789065,159.52641601562482,-1.920019531250091,94.07998046874991,105.318359375,-56.63999023437509,-84.00009765625009,-99.12320556640634,30.720007324218727,44.639965820312455,44.140869140625
1763688553.592105,4,1,2,-0.21303309564242118,0.09230907420809158,-0.7526266012261537,0.0028123096678598094,0.00638693604082486,-0.00038522826264310425,89.27993164062491,45.60000000000002,20.90883789062491,111.84002075195315,87.83999023437502,178.88627929687482,-6.720068359375091,101.28005371093741,101.446533203125,-61.44003906250009,-100.80014648437509,-87.50717773437509,40.32001342773435,59.039990234374955,48.0126953125
1763688553.7953875,4,1,2,-0.14669804979714512,0.201865988480947,-0.9677984143839331,0.005633116586274351,0.009931728138910497,-0.00030260019855014983,103.67995605468741,62.40004882812502,28.65273437499991,128.6400085449219,99.83999023437502,233.09428710937482,-11.519995117187591,118.07998046874991,113.0625,-73.44003906250009,-124.80014648437509,-114.61118164062509,52.32001342773435,63.840039062499955,59.62890625
1763688553.8902895,4,1,2,-0.10822036866834218,0.17670786434822178,-1.3123686489642763,0.004152433887648652,0.010755287873780026,-0.00011724570744903846,115.67995605468741,67.19997558593752,28.65273437499991,145.44002685546877,109.43999633789065,256.3262207031248,-13.920019531250091,130.0799804687499,124.678466796875,-75.83994140625009,-132.0000976562501,-118.48319091796884,61.92001953124998,75.84003906249995,63.500732421875
1763688554.1883092,4,1,2,-0.1482691073603332,0.21207748633086299,-1.699395020758609,0.003648272150697633,0.010852318539790014,-0.00010420631284969333,134.8800292968749,88.80007324218752,40.26894531249991,183.84002075195315,133.43999633789065,302.7905761718748,-18.72006835937509,144.4800048828124,132.42236328125,-87.83994140625009,-156.0000976562501,-130.0992187500001,81.1200012207031,83.03999023437495,90.604736328125
1763688554.3009334,4,1,2,-0.1559245591051952,0.1666434107556452,-1.8697649482061796,0.002881463232285807,0.011086900247751127,-0.0003988763296163848,142.0799804687499,98.40004882812502,44.14077148437491,186.24004516601565,140.6400085449219,322.1504394531248,-21.12009277343759,149.2800537109374,132.42236328125,-92.63999023437509,-163.2000488281251,-141.7151855468751,90.72000732421873,85.44001464843745,94.476806640625
1763688554.7005196,4,1,2,-0.22234210672121785,0.14720547355364133,-2.6985525469100433,0.0014251611209487366,0.013982390952551325,-0.0007767671187451511,180.4800048828124,132.00002441406252,51.88491210937491,246.24004516601565,186.24001464843752,415.0781738281248,-28.32004394531259,178.0799804687499,140.16650390625,-116.63999023437509,-189.5999511718751,-176.5632080078126,119.51999511718748,97.44001464843745,109.96484375
1763688554.7934523,4,1,2,-0.23811200548708805,0.13328399922093315,-2.9709639913391848,0.0007217962672888389,0.015103418850611028,-0.00048468248550250447,190.0799804687499,141.60000000000002,51.88491210937491,265.43999633789065,193.43999633789065,446.0542480468748,-35.51999511718759,192.4800048828124,155.654541015625,-123.83994140625009,-201.5999511718751,-192.05118408203134,129.1200012207031,102.23994140624995,121.580810546875
1763688554.8389668,4,1,2,-0.25874210903482486,0.16587141808056557,-2.9995830327511985,0.0018234057182139503,0.014817923531974652,-0.0002583594987316225,202.0799804687499,146.40004882812502,48.01284179687491,265.43999633789065,195.83999023437502,453.7983886718748,-35.51999511718759,194.8800292968749,155.654541015625,-131.0401367187501,-206.4000000000001,-192.05118408203134,131.5200256347656,109.44001464843745,121.580810546875
1763688554.9318914,4,1,2,-0.20682716529556613,0.17429401601382744,-3.2858822763415105,0.0018493687380261217,0.012455332801614635,0.0003415735947499589,211.6799560546874,163.19997558593752,55.75673828124991,299.0400329589844,217.43999633789065,488.6465332031248,-33.12009277343759,202.0799804687499,159.5263671875,-135.8399414062501,-213.5999511718751,-211.4112304687501,150.72003784179685,107.03999023437495,121.580810546875
1763688555.091007,4,1,2,-0.13656565060980078,0.1539205448996648,-3.849088042965441,0.0006448168063299294,0.014310855701863906,-0.0006448788853195087,238.0799804687499,180.00002441406252,59.62880859374991,337.43999633789065,236.6400085449219,546.7261230468748,-37.92001953125009,226.0799804687499,171.142333984375,-152.6399902343751,-228.0000976562501,-230.7712158203126,160.32001342773435,119.03999023437495,148.684814453125
1763688555.1861248,4,1,2,-0.1965022356567617,0.06333932769168177,-4.350378431919941,-0.004096836357859618,0.013116590482708513,-0.0005239230022033494,252.4800048828124,187.19997558593752,63.50087890624991,351.84002075195315,265.43999633789065,577.7021972656248,-35.51999511718759,233.2799316406249,163.3984375,-159.8399414062501,-237.5999511718751,-246.25919189453134,177.1200012207031,116.63996582031245,152.556884765625
1763688555.2297106,4,1,2,-0.18230485636958224,0.07388861759091642,-4.297687096142157,-0.003318632173100567,0.01300961181712266,-0.0004245455405945365,0,0,0,0,0,0,0,0,0,0,0,0,0,0,0
1763688555.3377383,4,1,2,-0.28459911641376395,0.06082321100445809,-4.741786172151949,-0.004459968703290459,0.019527706511199474,-3.774524585842894e-05,278.8800292968749,208.80007324218752,75.11684570312491,392.6400085449219,275.0400329589844,635.7822753906248,-37.92001953125009,257.2799316406249,182.758544921875,-171.8399414062501,-252.0000976562501,-261.74722900390634,193.91998901367185,128.63996582031245,160.30078125
1763688555.4496315,4,1,2,-0.13666346855974265,0.11209495621021304,-4.935313528090439,-0.002180973033557793,0.013484818804700947,-0.00010357044979136462,298.0799804687499,223.19997558593752,67.37294921874991,421.4400573730469,296.6400085449219,678.3745605468748,-37.92001953125009,274.0799804687499,190.50244140625,-193.4400390625001,-266.4000000000001,-281.10721435546884,208.32001342773435,131.03999023437495,179.660888671875
1763688555.5401278,4,1,2,-0.19802349646217376,0.004244516670499604,-5.315915661537222,-0.0052159464385118145,0.01581366081195549,-8.609881409457338e-05,310.0799804687499,237.60000000000002,67.37294921874991,440.6400085449219,311.0400329589844,701.6064941406248,-42.72006835937509,278.8800292968749,190.50244140625,-200.6399902343751,-271.2000488281251,-296.5951904296876,220.32001342773435,133.44001464843745,179.660888671875
1763688555.6502712,4,1,2,-0.23378984909986822,0.014415234279462341,-5.539692360376412,-0.006905312199641094,0.016822694801979534,-0.0006429868774775812,331.6799560546874,259.1999755859375,75.11684570312491,481.4400573730469,347.0400329589844,763.5581542968748,-47.51999511718759,295.6800781249999,186.63037109375,-219.8399414062501,-278.4000000000001,-323.6991943359376,244.32001342773435,138.23994140624995,183.53271484375
1763688555.7447064,4,1,2,-0.2917259429217398,0.010151568007343584,-6.031988327299521,-0.007947838803283237,0.01958213950480614,-0.00019663987255592028,346.0799804687499,266.400048828125,75.11684570312491,505.4400573730469,344.6400085449219,790.6621582031248,-45.12009277343759,312.4801269531249,202.118408203125,-222.2400878906251,-290.4000000000001,-331.4432128906251,249.1200012207031,150.23994140624995,202.892822265625
1763688555.836367,4,1,2,-0.10781572460463468,0.10160410463191125,-6.299610751328869,-0.003473013127268932,0.00996823173988777,2.887194538312072e-05,350.8800292968749,273.6,75.11684570312491,505.4400573730469,354.2399841308594,798.4062988281248,-45.12009277343759,305.2799316406249,186.63037109375,-227.0401367187501,-290.4000000000001,-331.4432128906251,256.32001342773435,147.84003906249995,195.14892578125
1763688555.996864,4,1,2,-0.023054027259107226,0.08318429397995387,-6.130020100436498,-0.0030254900166673156,0.006553408095294047,9.180681582398498e-05,0,0,0,0,0,0,0,0,0,0,0,0,0,0,0
1763688556.0390496,4,1,2,-0.04830283962843936,0.09317245759708477,-6.045738978243862,-0.003117778569824186,0.00781652998832572,-0.000582588191870705,343.6799560546874,266.400048828125,75.11684570312491,505.4400573730469,351.84002075195315,786.7905761718748,-47.51999511718759,305.2799316406249,194.37451171875,-224.6399902343751,-288.0000976562501,-331.4432128906251,244.32001342773435,145.44001464843745,199.020751953125
1763688556.1329806,4,1,2,-0.23172144779442588,0.023095034939992362,-5.904552674730981,-0.005590051919813082,0.016404341331102322,-0.0003775290865952979,348.4800048828124,266.400048828125,75.11684570312491,505.4400573730469,347.0400329589844,790.6621582031248,-47.51999511718759,307.6800781249999,198.246337890625,-224.6399902343751,-288.0000976562501,-327.57120361328134,249.1200012207031,150.23994140624995,199.020751953125
1763688556.2928941,4,1,2,-0.181887503390905,0.0037119845607199303,-5.809304314094225,-0.007032138575818088,0.014278595760981293,-0.0001924841435309568,343.6799560546874,264.0000244140625,75.11684570312491,500.6400085449219,351.84002075195315,786.7905761718748,-45.12009277343759,302.8800292968749,198.246337890625,-224.6399902343751,-285.5999511718751,-327.57120361328134,249.1200012207031,150.23994140624995,199.020751953125
1763688556.3360972,4,1,2,-0.19023748757784478,0.01812905531096015,-5.707179537590688,-0.006896515003050023,0.014367864167301953,-0.0006257048546243634,346.0799804687499,261.6,67.37294921874991,500.6400085449219,351.84002075195315,786.7905761718748,-49.92001953125009,300.4801269531249,198.246337890625,-227.0401367187501,-288.0000976562501,-331.4432128906251,246.72003784179685,147.84003906249995,191.27685546875
1763688556.4958878,4,1,2,-0.21596341522558637,0.0643255504625173,-5.581561582289546,-0.004653874887408493,0.01584877584237729,-0.0006528025952263132,348.4800048828124,266.400048828125,67.37294921874991,495.84002075195315,347.0400329589844,782.9185058593748,-52.32004394531259,305.2799316406249,198.246337890625,-222.2400878906251,-288.0000976562501,-331.4432128906251,246.72003784179685,143.03999023437495,195.14892578125
1763688556.5229025,4,1,2,-0.19637784997225333,0.07507496961545597,-5.634368766672855,-0.005071789503997642,0.015379689479277816,-0.00036192023391435355,346.0799804687499,264.0000244140625,71.24477539062491,500.6400085449219,354.2399841308594,782.9185058593748,-52.32004394531259,302.8800292968749,194.37451171875,-224.6399902343751,-285.5999511718751,-323.6991943359376,246.72003784179685,140.63996582031245,199.020751953125
1763688556.6157606,4,1,2,-0.18310484036903268,0.03888914072976268,-5.4373224273793,-0.006320134324845787,0.01527975784649406,-0.0006848129333037502,346.0799804687499,264.0000244140625,67.37294921874991,503.0400329589844,349.43999633789065,790.6621582031248,-45.12009277343759,305.2799316406249,194.37451171875,-227.0401367187501,-288.0000976562501,-331.4432128906251,251.5200256347656,147.84003906249995,199.020751953125
1763688556.7904465,4,1,2,-0.23803573028270608,0.041568234281309624,-5.410485472865878,-0.0037912478462154304,0.017011778580719075,-0.0005073600108604778,343.6799560546874,268.8000732421875,75.11684570312491,503.0400329589844,354.2399841308594,790.6621582031248,-49.92001953125009,305.2799316406249,190.50244140625,-217.4400390625001,-285.5999511718751,-331.4432128906251,249.1200012207031,145.44001464843745,195.14892578125
1763688556.9953203,4,1,2,-0.224495386652804,0.006050330242594895,-5.505996190329027,-0.006924982658742045,0.015236435576689484,0.0003074810041457123,346.0799804687499,266.400048828125,75.11684570312491,503.0400329589844,354.2399841308594,790.6621582031248,-47.51999511718759,300.4801269531249,194.37451171875,-227.0401367187501,-283.2000488281251,-327.57120361328134,249.1200012207031,145.44001464843745,191.27685546875
1763688557.0989869,4,1,2,-0.22534874017210932,0.02833788390365069,-5.379838419670314,-0.004725913073310347,0.016241362737106548,-0.0007341214478544045,343.6799560546874,266.400048828125,71.24477539062491,500.6400085449219,349.43999633789065,794.5342285156248,-40.32004394531259,302.8800292968749,186.63037109375,-227.0401367187501,-285.5999511718751,-331.4432128906251,251.5200256347656,140.63996582031245,191.27685546875
1763688557.1966515,4,1,2,-0.18043467207872654,0.05689762428555002,-5.448794801528363,-0.004818949431021789,0.014895268544521433,-0.00021493981136313546,346.0799804687499,264.0000244140625,75.11684570312491,500.6400085449219,351.84002075195315,786.7905761718748,-45.12009277343759,302.8800292968749,198.246337890625,-222.2400878906251,-280.8001464843751,-331.4432128906251,244.32001342773435,140.63996582031245,199.020751953125
1763688557.3027372,4,1,2,-0.20176378887043206,0.02045875055364267,-5.419463825223006,-0.006118130337383117,0.015254507195517481,-0.00012856018044700467,338.8800292968749,266.400048828125,71.24477539062491,500.6400085449219,347.0400329589844,790.6621582031248,-47.51999511718759,300.4801269531249,194.37451171875,-224.6399902343751,-283.2000488281251,-327.57120361328134,249.1200012207031,145.44001464843745,195.14892578125
1763688557.4910424,4,1,2,-0.23321712306201928,0.0661605955797814,-5.311132588810798,-0.004376499753922172,0.015556662478746836,-8.602803865465449e-05,341.2799316406249,264.0000244140625,75.11684570312491,495.84002075195315,351.84002075195315,782.9185058593748,-42.72006835937509,300.4801269531249,194.37451171875,-224.6399902343751,-280.8001464843751,-331.4432128906251,249.1200012207031,140.63996582031245,183.53271484375
1763688557.694121,4,1,2,-0.2360530554505582,-0.022789896925317493,-5.26000543972981,-0.008466021144145854,0.01704119411086734,-0.00046838674567499777,343.6799560546874,268.8000732421875,78.98891601562491,503.0400329589844,347.0400329589844,782.9185058593748,-47.51999511718759,300.4801269531249,186.63037109375,-222.2400878906251,-283.2000488281251,-327.57120361328134,249.1200012207031,145.44001464843745,199.020751953125
1763688558.0866373,4,1,2,-0.14047533621052022,-0.028988137272752013,-5.223914879396967,-0.008283568596023319,0.011643917689524799,-0.00076860088049092,348.4800048828124,264.0000244140625,75.11684570312491,507.84002075195315,354.2399841308594,786.7905761718748,-45.12009277343759,305.2799316406249,186.63037109375,-224.6399902343751,-285.5999511718751,-323.6991943359376,251.5200256347656,145.44001464843745,199.020751953125
1763688558.1942031,4,1,2,-0.16843094774427675,0.006925142768448883,-5.173209076774865,-0.007654800809667435,0.0141329666197841,-0.00028109801122286923,346.0799804687499,268.8000732421875,71.24477539062491,503.0400329589844,354.2399841308594,782.9185058593748,-47.51999511718759,305.2799316406249,194.37451171875,-222.2400878906251,-283.2000488281251,-331.4432128906251,249.1200012207031,145.44001464843745,195.14892578125
1763688558.3000762,4,1,2,-0.19897496663737174,0.036230537202937424,-5.2119594618977025,-0.004588642326458807,0.015278790770910544,-0.00028369308573800807,348.4800048828124,268.8000732421875,75.11684570312491,503.0400329589844,351.84002075195315,782.9185058593748,-47.51999511718759,302.8800292968749,190.50244140625,-222.2400878906251,-285.5999511718751,-331.4432128906251,251.5200256347656,143.03999023437495,191.27685546875
1763688558.3967896,4,1,2,-0.14640678031944265,-0.025242023543811762,-5.007103941554939,-0.00868866624080118,0.011802844794310045,-0.0005368203528387969,346.0799804687499,261.6,71.24477539062491,495.84002075195315,347.0400329589844,763.5581542968748,-49.92001953125009,305.2799316406249,182.758544921875,-219.8399414062501,-280.8001464843751,-327.57120361328134,244.32001342773435,140.63996582031245,195.14892578125
1763688558.6011236,4,1,2,-0.22637096772060825,0.06429909969429888,-4.66797085233785,-0.0035290205996126537,0.01465619719551322,-0.0004781059142536634,314.8800292968749,242.40004882812502,71.24477539062491,452.6400085449219,327.84002075195315,713.2222167968748,-49.92001953125009,278.8800292968749,178.886474609375,-210.2400878906251,-268.8001464843751,-308.21121826171884,222.72003784179685,135.84003906249995,183.53271484375
1763688558.7875714,4,1,2,-0.05516274291822827,0.06450078548122537,-3.7271246097585102,-0.003994677656089952,0.006452185805301609,-0.0006941031701073625,286.0799804687499,216.00002441406252,67.37294921874991,402.24004516601565,282.2399841308594,631.9102050781248,-40.32004394531259,259.6800781249999,178.886474609375,-186.2400878906251,-254.4000000000001,-269.4911865234376,196.32001342773435,123.84003906249995,168.044921875
1763688558.896038,4,1,2,-0.2029770208701388,0.06845708785590737,-3.399464403479399,-0.001914429937379591,0.012098995529635424,-0.0004098881373148615,262.0799804687499,192.00002441406252,63.50087890624991,363.84002075195315,258.2399841308594,585.4463378906248,-40.32004394531259,245.2799316406249,171.142333984375,-174.2400878906251,-240.0000976562501,-257.8752197265626,181.91998901367185,119.03999023437495,156.4287109375
1763688558.9902573,4,1,2,-0.1438562124197281,0.1541910847650706,-2.669256066566651,0.0037409089602805333,0.007264116447325006,-0.0009150788272223989,230.8800292968749,172.80007324218752,63.50087890624991,332.6400085449219,231.83999023437502,527.3662597656248,-37.92001953125009,228.4801269531249,159.5263671875,-155.0401367187501,-223.2000488281251,-230.7712158203126,162.72003784179685,107.03999023437495,144.812744140625
1763688559.1014125,4,1,2,0.011336703333088866,0.13478945034531079,-1.858931535153829,0.005884763772492826,0.004934009968725872,-0.0006940870026764387,221.2799316406249,151.19997558593752,55.75673828124991,296.6400085449219,198.24001464843752,469.2861816406248,-25.92001953125009,223.6800781249999,159.5263671875,-133.4400390625001,-206.4000000000001,-203.6672119140626,138.72003784179685,104.63996582031245,133.19677734375
1763688559.1934826,4,1,2,-0.06214791598875945,0.1923742267563645,-1.835960722107985,0.0006902334531763959,-0.000516731698054781,-0.0008708218040396563,199.6799560546874,136.80007324218752,48.01284179687491,275.0400329589844,176.6400085449219,438.3101074218748,-25.92001953125009,209.2799316406249,167.2705078125,-123.83994140625009,-194.4000000000001,-180.43521728515634,124.32001342773435,97.44001464843745,129.32470703125
1763688559.287411,4,1,2,0.10823963658945601,0.10757120193162738,-1.50712985245938,0.006937950561211217,0.006132565338293195,-0.0009525941273453067,175.6799560546874,120.00002441406252,51.88491210937491,248.6400085449219,164.6400085449219,399.5903808593748,-18.72006835937509,178.0799804687499,155.654541015625,-116.63999023437509,-180.0000976562501,-172.69119873046884,112.32001342773435,92.63996582031245,113.8369140625
1763688559.5999074,4,1,2,-0.2686429247137179,0.4584679953276647,-0.7564567119265428,0.0054420616847504506,0.005346093590623842,-0.0011890317248852492,156.4800048828124,84.00002441406252,40.26894531249991,186.24004516601565,114.2399841308594,298.9185058593748,-11.519995117187591,163.6799560546874,140.16650390625,-97.44003906250009,-146.4000000000001,-126.22720947265634,78.72000732421873,80.63996582031245,94.476806640625
1763688559.9913135,4,1,2,0.007757223461409016,0.13721295115169543,-0.2673305986816879,0.0027351264073970554,-0.000892300855103707,-0.0008444334010897521,118.07998046874991,50.40004882812502,36.39687499999991,145.44002685546877,85.43999633789065,236.96635742187482,-4.320043945312591,137.2800537109374,128.550537109375,-78.24008789062509,-117.59995117187509,-106.86722412109384,49.92001953124998,66.23994140624995,71.244873046875
1763688561.6894042,4,1,2,-0.10814891168000965,0.11644892157762915,0.29868480474802117,0.001498109501038588,0.004739438643394364,-0.0006439418787657074,62.88002929687491,2.4414062522737368e-05,-2.323095703125091,78.24001464843752,37.43999633789065,74.34233398437482,10.079980468749909,77.28005371093741,78.21435546875,-44.63999023437509,-33.59995117187509,-79.76322021484384,6.720007324218727,27.840039062499955,20.90869140625
1763688561.7996812,4,1,2,-0.0699325263303115,0.10692091203087442,0.29404461676537696,0.0005941039889418083,0.004113655987711652,-0.000492696468899508,58.07998046874991,2.4414062522737368e-05,1.548730468749909,71.04000244140627,42.2399841308594,78.21440429687482,7.679956054687409,72.48000488281241,85.95849609375,-44.63999023437509,-33.59995117187509,-75.89121093750009,6.720007324218727,30.239941406249955,17.036865234375
1763688562.0922103,4,1,2,-0.06130230160553206,0.03062188107282,0.27399025689180234,-0.000209634855922235,0.004511216615571422,-0.0007311725273531378,55.67995605468741,2.4414062522737368e-05,1.548730468749909,71.04000244140627,37.43999633789065,74.34233398437482,10.079980468749909,70.07998046874991,74.342529296875,-47.04013671875009,-33.59995117187509,-64.27518310546884,1.9199890136718523,30.239941406249955,13.164794921875
1763688562.4011517,4,1,2,-0.062549066652649,0.06135829217129689,0.2931494211703175,0.00038376341368531026,0.004340233441878219,-0.0007244674088052479,53.27993164062491,2.4414062522737368e-05,-6.195166015625091,66.24001464843752,42.2399841308594,74.34233398437482,7.679956054687409,67.67995605468741,82.08642578125,-42.24008789062509,-28.80014648437509,-79.76322021484384,4.320013427734352,27.840039062499955,13.164794921875
1763688562.4935918,4,1,2,-0.05275626453102124,0.09886629103165341,0.22591577689800768,0.0005240582404788642,0.0035785694266929086,-0.00012593361568722706,55.67995605468741,4.800012207031273,-10.067236328125091,68.6400085449219,39.83999023437502,66.59843749999982,12.480004882812409,65.28005371093741,78.21435546875,-42.24008789062509,-31.20004882812509,-83.63522949218759,6.720007324218727,30.239941406249955,17.036865234375
1763688562.587328,4,1,2,-0.07012448568042984,0.1062794469559834,0.22654445357850775,0.0005665163998289011,0.004294738764476228,-0.0005168316024864593,53.27993164062491,2.4414062522737368e-05,-6.195166015625091,73.44002685546877,39.83999023437502,70.47026367187482,10.079980468749909,62.88002929687491,74.342529296875,-37.44003906250009,-28.80014648437509,-72.01920166015634,1.9199890136718523,30.239941406249955,20.90869140625
1763688562.7230668,4,1,2,-0.08425649661310643,0.09381624259991378,0.3418603569657715,-0.00018503190341061628,0.004798401583800263,-0.0007903677413861137,55.67995605468741,2.3999877929687727,-6.195166015625091,66.24001464843752,37.43999633789065,74.34233398437482,12.480004882812409,62.88002929687491,66.598388671875,-39.83994140625009,-33.59995117187509,-72.01920166015634,4.320013427734352,27.840039062499955,13.164794921875
1763688563.0994976,4,1,2,-0.06986007892685119,0.026525348606338248,0.24066003496285368,-0.0002513644081800282,0.004393077922372438,-0.0006646985515840297,43.67995605468741,-2.3999999999999773,-10.067236328125091,66.24001464843752,37.43999633789065,58.85429687499982,12.480004882812409,65.28005371093741,66.598388671875,-37.44003906250009,-28.80014648437509,-68.14719238281259,-0.48000488281252274,25.440014648437455,13.164794921875
1763688563.2846098,4,1,2,-0.056755260490593824,0.08835726839675721,0.27970289163865913,0.0012774759857769962,0.003922383224168128,-0.0006496796459294205,53.27993164062491,-2.3999999999999773,-6.195166015625091,68.6400085449219,42.2399841308594,70.47026367187482,14.879907226562409,60.48000488281241,70.470458984375,-39.83994140625009,-26.40000000000009,-68.14719238281259,6.720007324218727,23.039990234374955,17.036865234375
1763688563.3970501,4,1,2,-0.0445189781293204,0.06346151797708141,0.20782354613943613,0.00022630322794289412,0.00369757839108911,-0.0002869689174525173,50.88002929687491,2.3999877929687727,-6.195166015625091,68.6400085449219,42.2399841308594,58.85429687499982,10.079980468749909,58.07998046874991,70.470458984375,-35.04013671875009,-26.40000000000009,-68.14719238281259,6.720007324218727,30.239941406249955,13.164794921875
1763688563.488727,4,1,2,-0.08804139993950287,0.06859860575561619,0.24448243380828028,0.0004258702837388645,0.003993154482846062,-0.0008204246627807917,53.27993164062491,2.3999877929687727,-13.939062500000091,66.24001464843752,37.43999633789065,54.98247070312482,12.480004882812409,58.07998046874991,62.7265625,-37.44003906250009,-28.80014648437509,-72.01920166015634,6.720007324218727,25.440014648437455,9.292724609375
1763688563.799995,4,1,2,-0.06971816941944928,0.026235886493980932,0.3418328255180272,-0.00022844786576560927,0.004406887980368561,-0.0008629762461938136,48.48000488281241,-2.3999999999999773,-10.067236328125091,63.84002075195315,37.43999633789065,58.85429687499982,12.480004882812409,58.07998046874991,66.598388671875,-37.44003906250009,-26.40000000000009,-68.14719238281259,6.720007324218727,23.039990234374955,13.164794921875
1763688563.9992988,4,1,2,-0.07175641674204099,0.06858105877569402,0.2105359646118601,0.0005913572905449603,0.003942037557224362,-0.0005973799172030893,0,0,0,0,0,0,0,0,0,0,0,0,0,0,0
1763688564.2987232,4,1,2,-0.0715664846945644,0.06034580526620817,0.24393100799948997,0.0005473324765315915,0.0035649819517703032,-0.00019409370454839142,46.07998046874991,-7.199987792968727,-13.939062500000091,63.84002075195315,39.83999023437502,51.11040039062482,10.079980468749909,55.67995605468741,70.470458984375,-37.44003906250009,-24.00009765625009,-72.01920166015634,6.720007324218727,25.440014648437455,9.292724609375
1763688564.516718,4,1,2,-0.06906928998550804,0.045763995544019484,0.2068540225601315,-0.00027535435732965936,0.004472849335488748,-0.000756738977000326,46.07998046874991,2.4414062522737368e-05,-10.067236328125091,61.44002685546877,32.6400085449219,54.98247070312482,14.879907226562409,53.28005371093741,62.7265625,-32.63999023437509,-21.59995117187509,-64.27518310546884,1.9199890136718523,23.039990234374955,5.4208984375
1763688564.8004618,4,1,2,-0.07728219912532806,0.10041331759198605,0.2080035579179663,0.00018173073239692128,0.004531892888962719,-0.0002118009804677217,46.07998046874991,2.4414062522737368e-05,-6.195166015625091,59.04000244140627,37.43999633789065,51.11040039062482,10.079980468749909,55.67995605468741,58.8544921875,-35.04013671875009,-21.59995117187509,-75.89121093750009,6.720007324218727,25.440014648437455,5.4208984375
1763688565.096263,4,1,2,-0.06846731070523368,0.07751949116932061,0.30922379539046985,1.9882928970098475e-05,0.0039155751360460565,-0.0007217982985239877,46.07998046874991,-4.799963378906227,-13.939062500000091,56.6400085449219,35.04000244140627,43.36625976562482,10.079980468749909,55.67995605468741,66.598388671875,-30.24008789062509,-21.59995117187509,-72.01920166015634,1.9199890136718523,23.039990234374955,9.292724609375
1763688565.7967117,4,1,2,-0.03397205895201176,0.08012793404005192,0.2577070178670485,4.895662609947409e-05,0.0030441761757643198,-0.00027159226475281144,43.67995605468741,-7.199987792968727,-10.067236328125091,59.04000244140627,35.04000244140627,51.11040039062482,7.679956054687409,53.28005371093741,54.982421875,-30.24008789062509,-16.80014648437509,-68.14719238281259,6.720007324218727,25.440014648437455,5.4208984375
1763688566.0892985,4,1,2,-0.06242329440172001,0.044906524699357936,0.2090742345114828,0.00023844647555032027,0.003577502420130242,-0.0004411316194510731,46.07998046874991,-4.799963378906227,-6.195166015625091,59.04000244140627,35.04000244140627,58.85429687499982,10.079980468749909,55.67995605468741,66.598388671875,-35.04013671875009,-24.00009765625009,-72.01920166015634,4.320013427734352,25.440014648437455,13.164794921875
1763688566.9911919,4,1,2,0.14991925700842437,-0.4415339666575521,-0.36288239474556416,-0.0025193544902437325,0.002862129761025095,-0.0004596986758703019,84.48000488281241,38.40004882812502,9.292871093749909,90.24001464843752,68.6400085449219,159.52641601562482,-4.320043945312591,79.67995605468741,109.1904296875,-56.63999023437509,-88.80014648437509,-83.63522949218759,30.720007324218727,47.039990234374955,32.52490234375
1763688567.0994508,4,1,2,-0.1624107885345382,0.3664419623951621,-0.4466004505577055,0.009321669986157563,0.007631789734653219,-0.0006624613051525428,74.88002929687491,36.00002441406252,24.78090820312491,92.6400085449219,73.43999633789065,175.01420898437482,2.879907226562409,98.88002929687491,113.0625,-56.63999023437509,-96.00009765625009,-79.76322021484384,37.92001953124998,56.639965820312455,40.268798828125
1763688567.1935287,4,1,2,-0.22232918571496538,0.6034064307888595,-0.785276583059709,0.007798746995130817,0.006162568206918952,-0.0007327425693682819,110.88002929687491,45.60000000000002,28.65273437499991,131.04000244140627,83.04000244140627,213.73442382812482,0.48000488281240905,127.67995605468741,124.678466796875,-66.24008789062509,-112.80014648437509,-102.99521484375009,45.1200012207031,63.840039062499955,55.7568359375
1763688567.2866862,4,1,2,0.11955526902445769,-0.10759831640360315,-1.0070479373501375,0.000973582423733819,0.005293702640809169,-0.001172273640684572,94.07998046874991,64.80007324218752,36.39687499999991,131.04000244140627,97.43999633789065,233.09428710937482,-9.120092773437591,106.07998046874991,116.934326171875,-68.63999023437509,-124.80014648437509,-114.61118164062509,52.32001342773435,68.63996582031245,55.7568359375
1763688567.4894044,4,1,2,-0.34347010723472216,0.3021281039367558,-1.4111673091913417,0.011651602357846808,0.012955489933930248,0.000340080060508952,115.67995605468741,76.80007324218752,40.26894531249991,147.84002075195315,116.6400085449219,283.4302246093748,-18.72006835937509,127.67995605468741,124.678466796875,-80.63999023437509,-144.0000976562501,-110.73917236328134,73.92001953124998,78.23994140624995,59.62890625
1763688567.5988436,4,1,2,-0.09889105493715601,0.291236750391175,-1.5080920928164754,0.00521861964049913,0.008119558698355667,-0.00019320341823081942,130.0799804687499,86.40004882812502,40.26894531249991,169.43999633789065,128.6400085449219,310.5342285156248,-16.32004394531259,142.0799804687499,132.42236328125,-90.24008789062509,-156.0000976562501,-133.97122802734384,81.1200012207031,87.84003906249995,82.86083984375
1763688567.6905174,4,1,2,-0.24483864083623266,0.23599440718607956,-1.739457502534444,0.00596923304875858,0.013682322260736884,-0.00034386586508735814,139.6799560546874,96.00002441406252,48.01284179687491,186.24004516601565,140.6400085449219,326.0225097656248,-21.12009277343759,146.8800292968749,140.16650390625,-95.04013671875009,-156.0000976562501,-133.97122802734384,85.92001953124998,85.44001464843745,86.73291015625
1763688567.800029,4,1,2,-0.1477403490455711,0.22998323169687473,-2.0288191934398334,0.005373752405768589,0.010648886254238855,-0.00021596221524617363,146.8800292968749,105.60000000000002,48.01284179687491,198.24004516601565,152.6400085449219,345.3823730468748,-28.32004394531259,156.4800048828124,140.16650390625,-99.83994140625009,-163.2000488281251,-141.7151855468751,90.72000732421873,90.23994140624995,86.73291015625
1763688567.8916202,4,1,2,-0.20671433211706594,0.21498459637789968,-2.1152700680039236,0.004678675397540652,0.013484895419332238,-0.000638522685535251,161.2799316406249,115.19997558593752,51.88491210937491,207.84002075195315,167.04000244140627,368.6143066406248,-25.92001953125009,163.6799560546874,136.29443359375,-104.63999023437509,-172.8001464843751,-157.2032226562501,100.32001342773435,92.63996582031245,94.476806640625
1763688568.0006602,4,1,2,-0.22318527475545596,0.21217082873349402,-2.271520532343175,0.004074800659879705,0.01668800508932069,-0.0006177465667143874,163.6799560546874,117.60000000000002,40.26894531249991,227.0400329589844,179.04000244140627,395.7183105468748,-23.51999511718759,168.4800048828124,140.16650390625,-114.24008789062509,-180.0000976562501,-161.0751708984376,109.92001953124998,97.44001464843745,102.220703125
1763688568.1882272,4,1,2,-0.30271868365435295,0.180508257416728,-2.686567670632311,0.001617227093269038,0.022345813088953538,-0.0006159126645247667,182.8800292968749,136.80007324218752,51.88491210937491,251.0400329589844,198.24001464843752,438.3101074218748,-33.12009277343759,178.0799804687499,147.910400390625,-121.44003906250009,-189.5999511718751,-176.5632080078126,124.32001342773435,107.03999023437495,106.0927734375
1763688568.2992842,4,1,2,-0.26337453851096815,0.20259125098516295,-2.9241418938074193,0.004811768845946686,0.017525410216109455,1.3596997186747723e-05,194.8800292968749,146.40004882812502,51.88491210937491,263.0400329589844,207.83999023437502,461.5425292968748,-37.92001953125009,185.2800537109374,155.654541015625,-131.0401367187501,-196.8001464843751,-192.05118408203134,133.91998901367185,111.84003906249995,117.708740234375
1763688568.3920197,4,1,2,-0.2685295207275967,0.20558823448204422,-3.12860678377346,0.003917753503614316,0.017820599175089304,-0.0006107932495862235,206.8800292968749,156.00002441406252,51.88491210937491,284.6400085449219,224.6400085449219,492.5181152343748,-37.92001953125009,197.2799316406249,155.654541015625,-138.2400878906251,-208.8001464843751,-203.6672119140626,143.5200256347656,111.84003906249995,117.708740234375
1763688568.5937498,4,1,2,-0.37022585386345774,0.1435456062318199,-3.768281556497041,0.00013556496004740216,0.024930386437739767,-6.641979604700399e-05,233.2799316406249,184.80007324218752,59.62880859374991,330.24004516601565,265.43999633789065,569.9585449218748,-40.32004394531259,211.6800781249999,163.3984375,-164.6399902343751,-230.4000000000001,-242.3871826171876,172.32001342773435,126.23994140624995,129.32470703125
1763688568.6885147,4,1,2,-0.47903731752815776,0.0748985653342058,-4.312941713905829,-0.0018152482203036046,0.029250904242186685,-0.00010555809249849406,252.4800048828124,187.19997558593752,63.50087890624991,351.84002075195315,270.2399841308594,597.0625488281248,-40.32004394531259,238.0799804687499,171.142333984375,-164.6399902343751,-240.0000976562501,-250.1312011718751,179.5200256347656,126.23994140624995,144.812744140625
1763688569.0939412,4,1,2,-0.4620931476076626,0.04138501091577931,-5.609718652699336,-0.006669691648601043,0.029349619823750412,-0.00011803955950961129,322.0799804687499,256.8000732421875,67.37294921874991,464.6400085449219,356.6400085449219,759.6865722656248,-49.92001953125009,276.4801269531249,178.886474609375,-215.0401367187501,-273.5999511718751,-319.82718505859384,241.91998901367185,145.44001464843745,171.916748046875
1763688569.2146597,4,1,2,-0.443617744510298,0.007400694890995291,-5.997916579310004,-0.007386892416197303,0.027833451476594134,-0.00033547818769210334,338.8800292968749,268.8000732421875,67.37294921874991,503.0400329589844,373.43999633789065,813.8945800781248,-49.92001953125009,298.0799804687499,198.246337890625,-222.2400878906251,-285.5999511718751,-327.57120361328134,253.91998901367185,152.63996582031245,191.27685546875
1763688569.3885372,4,1,2,-0.4767227713025136,-0.007314709947722098,-6.6096072034576325,-0.008578581832726466,0.03168848361268095,-0.0007914091629547949,374.8800292968749,302.400048828125,71.24477539062491,560.6400085449219,423.84002075195315,895.2061035156248,-59.51999511718759,312.4801269531249,190.50244140625,-246.2400878906251,-300.0000976562501,-370.1631835937501,285.1200012207031,159.84003906249995,195.14892578125
1763688569.497145,4,1,2,-0.4107204735084592,-0.03190870826393491,-7.083102913956791,-0.009849894592683305,0.026170508408891863,-2.7346018719560548e-05,396.4800048828124,316.8000732421875,71.24477539062491,594.2400451660156,435.84002075195315,937.7983886718748,-54.72006835937509,324.4801269531249,198.246337890625,-258.2400878906251,-304.8001464843751,-385.6512207031251,297.1200012207031,164.63996582031245,210.63671875
1763688569.700751,4,1,2,-0.4845727772234323,-0.07386682117222759,-7.777490013827302,-0.011613909437125843,0.028490430792398717,-0.00043486186458758895,0,0,0,0,0,0,0,0,0,0,0,0,0,0,0
1763688569.823076,4,1,2,-0.46799987461737236,-0.0986545850813092,-8.196321940210332,-0.014329200800628612,0.03275365165366431,-0.0005151262977484965,458.8800292968749,376.8000732421875,75.11684570312491,723.8400207519531,510.24004516601565,1108.1665527343748,-66.72006835937509,360.4801269531249,202.118408203125,-294.2400878906251,-324.0000976562501,-451.4751953125001,361.91998901367185,183.84003906249995,241.61279296875
1763688569.9160361,4,1,2,-0.5538084758165096,-0.19734211733530138,-8.609393054121895,-0.017453506635150946,0.034250790548158244,-0.00011959007593997646,473.2800537109374,391.1999755859375,82.86074218749991,750.2400451660156,519.8400207519531,1150.7583496093748,-66.72006835937509,372.4801269531249,209.862548828125,-299.0401367187501,-333.5999511718751,-459.2192138671876,371.5200256347656,188.63996582031245,241.61279296875
1763688570.0905795,4,1,2,-0.21706711908449022,0.04664097512566685,-9.100290352592243,-0.005174428096427108,0.018054692435914014,0.00020093864853808674,506.8800292968749,420.0000244140625,82.86074218749991,822.2400451660156,565.4399963378906,1239.8145019531248,-76.32004394531259,386.8800292968749,205.990478515625,-318.2400878906251,-338.4000000000001,-490.19522705078134,409.9200500488281,195.84003906249995,260.972900390625
1763688570.2001905,4,1,2,-0.5918200842679966,-0.251831289948651,-9.37873932924596,-0.020028152027278305,0.039234873987131984,-0.000321381505718969,0,0,0,0,0,0,0,0,0,0,0,0,0,0,0
1763688570.2943645,4,1,2,-0.36771577358087376,-0.11188545642527412,-9.094803413064838,-0.012127094663379571,0.02761267668483862,-0.0005142519189409735,0,0,0,0,0,0,0,0,0,0,0,0,0,0,0
1763688570.4149718,4,1,2,-0.21828863381626265,-0.04876914009679097,-8.825560014823012,-0.0077471786672484305,0.020233952967746115,-0.0002505664662710257,509.2800537109374,420.0000244140625,90.60488281249991,819.8400207519531,541.4399963378906,1239.8145019531248,-66.72006835937509,394.0799804687499,221.478515625,-313.4400390625001,-343.2000488281251,-486.3232177734376,405.1200012207031,200.63996582031245,268.716796875
1763688570.5110497,4,1,2,-0.060526616666661134,0.08474060414364375,-8.417167496586227,-0.0024020600324687127,0.01130345680771206,-1.7714778444577245e-05,506.8800292968749,417.6,94.47695312499991,819.8400207519531,539.0400329589844,1243.6865722656248,-66.72006835937509,396.4801269531249,221.478515625,-313.4400390625001,-345.5999511718751,-478.5791992187501,407.5200256347656,200.63996582031245,272.5888671875
1763688570.6193693,4,1,2,-0.23339727164467572,-0.0032314416091048237,-8.654573439454909,-0.007478497334306351,0.01878548748796712,-0.00011437237269087638,511.6799560546874,420.0000244140625,90.60488281249991,817.4399963378906,546.2400451660156,1243.6865722656248,-66.72006835937509,391.6800781249999,217.6064453125,-318.2400878906251,-340.8001464843751,-482.45120849609384,407.5200256347656,198.23994140624995,260.972900390625
1763688570.7882388,4,1,2,-0.2912666108751767,-0.07110383801110638,-8.61033809563149,-0.008899201804474562,0.022369808030119908,-0.00017588561173756574,509.2800537109374,417.6,102.22084960937491,812.6400695800781,522.2400451660156,1239.8145019531248,-57.12009277343759,401.2799316406249,229.222412109375,-313.4400390625001,-348.0000976562501,-466.96317138671884,405.1200012207031,203.03999023437495,280.332763671875
1763688570.9109902,4,1,2,0.03794287056579118,0.12405987030665144,-8.223244594682555,-0.00046291636947971837,0.005921615270176919,-0.0004924292228974417,516.4800048828124,422.400048828125,82.86074218749991,822.2400451660156,541.4399963378906,1247.5581542968748,-69.12009277343759,391.6800781249999,221.478515625,-313.4400390625001,-345.5999511718751,-474.70718994140634,409.9200500488281,200.63996582031245,276.460693359375
1763688571.0044065,4,1,2,-0.2835790597982144,-0.03079148199482741,-8.479775367268292,-0.010037621162374284,0.021637804915542905,-0.00029433385738892475,514.0799804687499,420.0000244140625,98.34877929687491,824.6400695800781,531.8400207519531,1247.5581542968748,-64.32004394531259,398.8800292968749,217.6064453125,-315.8399414062501,-350.4000000000001,-474.70718994140634,407.5200256347656,203.03999023437495,268.716796875
1763688571.113537,4,1,2,-0.16374943101985492,0.013579834502547614,-8.309091513516652,-0.005196845658921458,0.015644799703784504,-0.0005308170619819586,511.6799560546874,420.0000244140625,102.22084960937491,810.2400451660156,517.4399963378906,1239.8145019531248,-64.32004394531259,401.2799316406249,229.222412109375,-320.6399902343751,-348.0000976562501,-470.8351806640626,405.1200012207031,200.63996582031245,264.8447265625
1763688571.223881,4,1,2,-0.017236885732856116,0.07737613220405945,-8.163277287748699,-0.0022011007241308778,0.009004523375011918,-0.0003953344983723459,511.6799560546874,422.400048828125,94.47695312499991,815.0400939941406,527.0400329589844,1243.6865722656248,-61.92001953125009,398.8800292968749,229.222412109375,-311.0401367187501,-348.0000976562501,-474.70718994140634,407.5200256347656,203.03999023437495,264.8447265625
1763688571.3977697,4,1,2,-0.17303465625413178,-0.020545977714927555,-8.174713605978669,-0.005259541756838102,0.01564760093486967,-0.0001673102612217499,511.6799560546874,422.400048828125,98.34877929687491,817.4399963378906,534.2400451660156,1251.4302246093748,-61.92001953125009,398.8800292968749,221.478515625,-315.8399414062501,-348.0000976562501,-482.45120849609384,414.72003784179685,200.63996582031245,264.8447265625
1763688571.491437,4,1,2,-0.19864805931681367,0.018767173186223618,-8.14790422369135,-0.006986317400193256,0.01771797178416492,-0.0009499572374964732,514.0799804687499,422.400048828125,98.34877929687491,819.8400207519531,529.4399963378906,1247.5581542968748,-64.32004394531259,396.4801269531249,225.350341796875,-318.2400878906251,-345.5999511718751,-474.70718994140634,414.72003784179685,198.23994140624995,268.716796875
1763688571.5354738,4,1,2,-0.1845954353273272,0.0017220597402471949,-8.214058908442215,-0.00644889084285151,0.017216246129100936,-0.00018810902733538677,514.0799804687499,417.6,86.73281249999991,824.6400695800781,534.2400451660156,1247.5581542968748,-66.72006835937509,396.4801269531249,225.350341796875,-313.4400390625001,-340.8001464843751,-482.45120849609384,409.9200500488281,205.44001464843745,276.460693359375
1763688571.6947567,4,1,2,-0.2521243488795889,-0.00250496164231373,-8.247457197792947,-0.00685735053870656,0.018727936985712526,-0.0004352956213473911,514.0799804687499,427.1999755859375,94.47695312499991,819.8400207519531,539.0400329589844,1255.3022949218748,-66.72006835937509,396.4801269531249,221.478515625,-311.0401367187501,-345.5999511718751,-478.5791992187501,414.72003784179685,200.63996582031245,268.716796875
1763688571.7896073,4,1,2,-0.29555460286502444,-0.05654584323634669,-8.233996123676992,-0.00748606018582406,0.021441252054206245,-0.00019309977670301458,511.6799560546874,422.400048828125,94.47695312499991,819.8400207519531,536.6400085449219,1255.3022949218748,-61.92001953125009,391.6800781249999,217.6064453125,-315.8399414062501,-345.5999511718751,-478.5791992187501,409.9200500488281,200.63996582031245,272.5888671875
1763688571.8977127,4,1,2,-0.1932785950604901,-0.015060280407703436,-8.09634504784409,-0.006566188318014532,0.017686883086821564,-0.0006140379611055478,509.2800537109374,424.8000732421875,98.34877929687491,819.8400207519531,536.6400085449219,1251.4302246093748,-66.72006835937509,398.8800292968749,221.478515625,-315.8399414062501,-345.5999511718751,-478.5791992187501,412.32001342773435,200.63996582031245,268.716796875
1763688571.9426887,4,1,2,-0.21993161269576555,0.0063717852950669895,-8.044739245153588,-0.006219292708898594,0.01876477310351317,-0.000517404000684246,506.8800292968749,420.0000244140625,98.34877929687491,819.8400207519531,531.8400207519531,1247.5581542968748,-66.72006835937509,396.4801269531249,221.478515625,-318.2400878906251,-338.4000000000001,-478.5791992187501,409.9200500488281,203.03999023437495,272.5888671875
1763688572.100964,4,1,2,-0.16771571867071772,0.0012609590331505507,-8.106126452676737,-0.004383845938981806,0.01654736702668965,0.0004065467686896716,514.0799804687499,424.8000732421875,102.22084960937491,822.2400451660156,536.6400085449219,1251.4302246093748,-66.72006835937509,394.0799804687499,221.478515625,-315.8399414062501,-343.2000488281251,-478.5791992187501,412.32001342773435,203.03999023437495,272.5888671875
1763688572.1444933,4,1,2,-0.20890770846736242,0.016410748922318003,-8.138709722779975,-0.004618488781609122,0.01670779335336466,0.0001582642919145873,511.6799560546874,420.0000244140625,109.96474609374991,822.2400451660156,534.2400451660156,1255.3022949218748,-66.72006835937509,396.4801269531249,221.478515625,-315.8399414062501,-348.0000976562501,-478.5791992187501,409.9200500488281,200.63996582031245,272.5888671875
1763688572.2380831,4,1,2,-0.20230636722991738,-0.0006039871863787322,-7.927153664825802,-0.006225975354173768,0.017876153950768952,-0.0003187458972956454,514.0799804687499,422.400048828125,98.34877929687491,817.4399963378906,534.2400451660156,1243.6865722656248,-64.32004394531259,401.2799316406249,225.350341796875,-318.2400878906251,-345.5999511718751,-474.70718994140634,409.9200500488281,203.03999023437495,280.332763671875
1763688572.3475776,4,1,2,-0.17924107792506272,0.0527051045212161,-7.9212258399391375,-0.00492793553048752,0.01572265341316661,-0.0003162442210730027,514.0799804687499,422.400048828125,94.47695312499991,819.8400207519531,534.2400451660156,1255.3022949218748,-69.12009277343759,396.4801269531249,221.478515625,-313.4400390625001,-343.2000488281251,-474.70718994140634,409.9200500488281,207.84003906249995,272.5888671875
1763688572.439641,4,1,2,-0.20496782131693217,0.003899454057350371,-7.940201654264293,-0.005513922763472543,0.016972396853534036,-0.00032087670424932194,516.4800048828124,424.8000732421875,98.34877929687491,827.0400939941406,534.2400451660156,1251.4302246093748,-69.12009277343759,396.4801269531249,225.350341796875,-318.2400878906251,-338.4000000000001,-482.45120849609384,407.5200256347656,203.03999023437495,276.460693359375
1763688572.600296,4,1,2,-0.14143755864686472,-0.01582080055755207,-7.978408872088064,-0.0063174518078887715,0.015092125231775262,0.0002883886961177742,518.8800292968749,420.0000244140625,102.22084960937491,822.2400451660156,531.8400207519531,1247.5581542968748,-66.72006835937509,398.8800292968749,225.350341796875,-315.8399414062501,-348.0000976562501,-482.45120849609384,414.72003784179685,198.23994140624995,272.5888671875
1763688572.7391639,4,1,2,-0.11456264464444353,0.04823450622154685,-7.932317142397796,-0.003746016877164478,0.011720102069661982,-0.00023770712947446238,511.6799560546874,417.6,98.34877929687491,815.0400939941406,524.6400085449219,1239.8145019531248,-66.72006835937509,396.4801269531249,217.6064453125,-315.8399414062501,-350.4000000000001,-470.8351806640626,407.5200256347656,198.23994140624995,272.5888671875
1763688572.895963,4,1,2,-0.17719765405466395,0.03239496472882236,-7.552147916910499,-0.005329313376076939,0.015565348324669303,-0.0008098753897420021,497.2800537109374,408.0000244140625,94.47695312499991,786.2400451660156,517.4399963378906,1197.2222167968748,-66.72006835937509,391.6800781249999,225.350341796875,-306.2400878906251,-338.4000000000001,-463.09122314453134,393.1200012207031,195.84003906249995,264.8447265625
1763688572.9909184,4,1,2,-0.17592103176406815,0.04122830204804977,-7.233175571319889,-0.005326486307957103,0.01568027970881062,-0.0006184963185847031,482.8800292968749,396.0000244140625,102.22084960937491,762.2400451660156,498.2399841308594,1173.9902832031248,-61.92001953125009,384.4801269531249,221.478515625,-301.4400390625001,-336.0000976562501,-455.34720458984384,378.72003784179685,186.23994140624995,260.972900390625
1763688573.0329745,4,1,2,-0.1415921534639642,0.05230940035720144,-7.318598198714467,-0.00524030639370834,0.015179024761905418,-0.00010263182709879814,480.4800048828124,388.8000732421875,98.34877929687491,752.6400695800781,486.2399841308594,1158.5024902343748,-59.51999511718759,379.6800781249999,225.350341796875,-294.2400878906251,-331.2000488281251,-439.8592285156251,376.32001342773435,193.44001464843745,260.972900390625
1763688573.1427531,4,1,2,-0.1224374968256372,0.1311168617008035,-6.835166783031006,0.0014618244430543818,0.01039341851384464,-0.0002996521879928888,458.8800292968749,372.0000244140625,102.22084960937491,709.4399963378906,457.43999633789065,1108.1665527343748,-57.12009277343759,370.0799804687499,221.478515625,-289.4400390625001,-333.5999511718751,-420.49918212890634,359.5200256347656,188.63996582031245,253.228759765625
1763688573.2540867,4,1,2,-0.09520432991712535,0.1420648188333993,-6.379734901159126,0.0017092231297834645,0.008527167164105284,-0.0002155901529456261,439.6799560546874,360.0000244140625,102.22084960937491,673.4399963378906,445.43999633789065,1057.8301269531248,-54.72006835937509,358.0799804687499,221.478515625,-279.8399414062501,-321.5999511718751,-405.0112060546876,337.91998901367185,181.44001464843745,237.74072265625
1763688573.346408,4,1,2,-0.14128343806192545,0.09519707211332253,-5.863062841731652,0.0002764751705202767,0.010192240604659767,-0.0005798227978004484,415.6799560546874,336.0000244140625,94.47695312499991,632.6400085449219,416.6400085449219,995.8784667968748,-49.92001953125009,348.4801269531249,213.734375,-267.8399414062501,-314.4000000000001,-385.6512207031251,318.72003784179685,179.03999023437495,229.996826171875
1763688573.4920506,4,1,2,-0.19598409443333997,0.16215979853677487,-4.68953546867651,0.003993086165737944,0.012813148952563209,-0.0006184711220750217,0,0,0,0,0,0,0,0,0,0,0,0,0,0,0
1763688573.601144,4,1,2,-0.11218370778165447,0.27489104788774926,-4.101568618627141,0.008165202439239704,0.00808397805923156,-0.00047980080309992083,348.4800048828124,283.1999755859375,86.73281249999991,517.4400573730469,351.84002075195315,833.2544433593748,-45.12009277343759,298.0799804687499,202.118408203125,-229.4400390625001,-278.4000000000001,-327.57120361328134,263.5200256347656,157.44001464843745,199.020751953125
1763688573.693494,4,1,2,-0.13794038877814965,0.20077833448297777,-3.456769876389486,0.005701970637648379,0.01116698318837456,-0.0007219876059211803,319.6799560546874,254.40004882812502,78.98891601562491,462.24004516601565,313.43999633789065,755.8145019531248,-45.12009277343759,278.8800292968749,198.246337890625,-215.0401367187501,-266.4000000000001,-292.72318115234384,237.1200012207031,150.23994140624995,183.53271484375
1763688573.803196,4,1,2,-0.24296833221262232,0.2355645328436774,-2.9374282613009814,0.008618440918495576,0.012462303105734773,-0.0013077403314320296,286.0799804687499,225.60000000000002,75.11684570312491,416.6400085449219,287.0400329589844,689.9902832031248,-40.32004394531259,257.2799316406249,182.758544921875,-191.0401367187501,-252.0000976562501,-265.61917724609384,208.32001342773435,143.03999023437495,164.1728515625
1763688573.895264,4,1,2,-0.1476201926028654,0.3050663298392112,-2.432568480405531,0.009548638096565813,0.010287719884736386,-0.0007395306985566301,259.6799560546874,204.00002441406252,78.98891601562491,375.84002075195315,253.43999633789065,635.7822753906248,-37.92001953125009,240.4801269531249,182.758544921875,-171.8399414062501,-237.5999511718751,-238.51517333984384,186.72003784179685,138.23994140624995,164.1728515625
1763688573.989781,4,1,2,-0.19295765409097781,0.2878329584931622,-2.097096656174603,0.00981151329866917,0.013717604067553776,-0.0005378395433147146,254.8800292968749,199.19997558593752,75.11684570312491,366.24004516601565,253.43999633789065,616.4224121093748,-35.51999511718759,238.0799804687499,178.886474609375,-167.0401367187501,-228.0000976562501,-234.64322509765634,184.32001342773435,131.03999023437495,144.812744140625
1763688574.0623841,4,1,2,-0.1403534423529209,0.3143516839558872,-2.218085069987522,0.00965898203045146,0.013991816539847317,-0.000584281733691184,226.0799804687499,175.19997558593752,67.37294921874991,327.84002075195315,227.04000244140627,542.8545410156248,-35.51999511718759,216.4801269531249,175.014404296875,-155.0401367187501,-213.5999511718751,-211.4112304687501,160.32001342773435,119.03999023437495,129.32470703125
1763688574.1920018,4,1,2,-0.13848372504551837,0.2519642040098499,-1.5413497318621947,0.00956196697869726,0.009664751942110257,-0.0004948171873946314,209.2799316406249,148.80007324218752,59.62880859374991,289.43999633789065,193.43999633789065,492.5181152343748,-25.92001953125009,204.4801269531249,167.2705078125,-135.8399414062501,-199.2000488281251,-192.05118408203134,141.1200012207031,107.03999023437495,129.32470703125
1763688574.302665,4,1,2,-0.06236066267634628,0.28562166621685803,-1.2098912125703636,0.008618459411204938,0.007528665273536155,-0.0006189322356313384,185.2799316406249,136.80007324218752,63.50087890624991,260.6400085449219,181.43999633789065,446.0542480468748,-23.51999511718759,187.6799560546874,159.5263671875,-126.24008789062509,-182.4000000000001,-176.5632080078126,124.32001342773435,107.03999023437495,109.96484375
1763688574.3616726,4,1,2,-0.07080138445396,0.3185564402658878,-1.141750600713351,0.00890055408645122,0.007982246092871865,-0.0006742880680232653,0,0,0,0,0,0,0,0,0,0,0,0,0,0,0
1763688574.469812,4,1,2,-0.16000484524913833,0.2895915660532975,-1.1070979285416698,0.0130119373828197,0.009764606698189453,-0.000640511517791775,166.0799804687499,115.19997558593752,59.62880859374991,229.43999633789065,157.43999633789065,391.8462402343748,-23.51999511718759,170.8800292968749,155.654541015625,-119.04013671875009,-168.0000976562501,-153.33121337890634,107.51999511718748,102.23994140624995,102.220703125
1763688574.6886127,4,1,2,-0.007238588738903748,0.29884113059277617,-0.6619897892589075,0.010618783752272305,0.002841007865085805,-0.000573337375610435,149.2799316406249,93.60000000000002,48.01284179687491,200.6400085449219,140.6400085449219,337.6382324218748,-16.32004394531259,161.2800537109374,144.038330078125,-102.24008789062509,-153.5999511718751,-137.84317626953134,88.32001342773435,90.23994140624995,90.604736328125
1763688574.7997468,4,1,2,-0.09750850414771817,0.30484798758226445,-0.5917361362158738,0.00743067347330886,0.00853709042338334,-0.0007954928204039387,139.6799560546874,88.80007324218752,48.01284179687491,186.24004516601565,121.43999633789065,326.0225097656248,-11.519995117187591,156.4800048828124,144.038330078125,-97.44003906250009,-141.5999511718751,-130.0992187500001,81.1200012207031,87.84003906249995,90.604736328125
1763688575.097978,4,1,2,-0.06981703425040882,0.25668095693771315,-0.3201851189098688,0.007160721858208884,0.004217762141419933,-0.000852911709083498,115.67995605468741,64.80007324218752,44.14077148437491,159.84002075195315,97.43999633789065,264.0703613281248,-6.720068359375091,139.6799560546874,140.16650390625,-87.83994140625009,-122.40000000000009,-118.48319091796884,57.1200012207031,78.23994140624995,71.244873046875
1763688575.191028,4,1,2,-0.016501545964225123,0.22307545675420798,-0.22512440487307134,0.006421413339928034,0.004602814920315857,-0.0005848910557313106,115.67995605468741,60.00002441406252,40.26894531249991,152.6400085449219,97.43999633789065,248.58256835937482,-9.120092773437591,132.4800048828124,136.29443359375,-83.04013671875009,-112.80014648437509,-110.73917236328134,61.92001953124998,73.44001464843745,67.372802734375
1763688576.0959916,4,1,2,-0.3059200413276701,0.47032375405111293,0.22618022842125685,0.008324483708425348,0.00927987897326146,-0.000512654722641055,82.07998046874991,21.600000000000023,17.03676757812491,109.44002685546877,61.43999633789065,132.42241210937482,5.279931640624909,94.07998046874991,101.446533203125,-63.83994140625009,-60.00009765625009,-83.63522949218759,28.320013427734352,47.039990234374955,40.268798828125
1763688576.4997942,4,1,2,0.04353748592119499,-0.09977717405065344,0.2254561446509246,-0.0035973132532753057,0.0022600721039754473,-0.0005183817585138827,77.27993164062491,12.000024414062523,5.420800781249909,102.24001464843752,56.6400085449219,116.93413085937482,10.079980468749909,84.48000488281241,93.702392578125,-61.44003906250009,-50.40000000000009,-83.63522949218759,13.920019531249977,39.840039062499955,36.396728515625
1763688576.7027504,4,1,2,-0.2557098493339165,0.30890058305266743,0.34960362495274133,0.005381894817110235,0.007913472744959679,-0.0007023639395708934,67.67995605468741,9.600000000000023,9.292871093749909,90.24001464843752,51.83999023437502,101.44633789062482,10.079980468749909,79.67995605468741,93.702392578125,-51.83994140625009,-40.80014648437509,-83.63522949218759,16.320013427734352,37.440014648437455,24.78076171875
1763688577.0007753,4,1,2,-0.06243679768008781,0.03420127227508216,0.29251765938368024,0.0001787613209387731,0.0037730366001773015,-0.0002542365389901267,67.67995605468741,7.200036621093773,1.548730468749909,87.84002075195315,47.04000244140627,89.83012695312482,12.480004882812409,74.88002929687491,85.95849609375,-51.83994140625009,-38.40000000000009,-79.76322021484384,6.720007324218727,32.639965820312455,28.65283203125
1763688577.2022507,4,1,2,-0.0576473577638148,0.07738719547893594,0.3303171505915581,0.0013667600898919188,0.004221388755482135,-0.0007083557756059825,65.27993164062491,4.800012207031273,-2.323095703125091,83.04000244140627,51.83999023437502,93.70219726562482,14.879907226562409,74.88002929687491,89.83056640625,-51.83994140625009,-36.00009765625009,-72.01920166015634,16.320013427734352,35.039990234374955,20.90869140625
1763688577.3885942,4,1,2,-0.08822127663022081,0.0663660088834511,0.29402000821865565,0.00042329136907451955,0.004558832682013182,-0.000567871121790182,65.27993164062491,4.800012207031273,5.420800781249909,80.6400085449219,44.6400085449219,85.95854492187482,10.079980468749909,74.88002929687491,85.95849609375,-49.44003906250009,-36.00009765625009,-79.76322021484384,6.720007324218727,27.840039062499955,20.90869140625
1763688577.508985,4,1,2,-0.07280189949251908,0.05607191410093965,0.27752597771493914,0.0006696521003540551,0.0046187400393777,-0.0006500343510169673,67.67995605468741,7.200036621093773,1.548730468749909,78.24001464843752,42.2399841308594,82.08623046874982,10.079980468749909,74.88002929687491,82.08642578125,-49.44003906250009,-33.59995117187509,-79.76322021484384,11.519995117187477,37.440014648437455,24.78076171875
1763688577.6016443,4,1,2,-0.06095816543054121,0.042932846264543446,0.2745776578057615,-9.642172433787263e-05,0.003941428163354767,-0.00041894998863310534,62.88002929687491,2.4414062522737368e-05,-2.323095703125091,83.04000244140627,44.6400085449219,89.83012695312482,10.079980468749909,77.28005371093741,78.21435546875,-47.04013671875009,-36.00009765625009,-79.76322021484384,6.720007324218727,32.639965820312455,24.78076171875
1763688577.7918668,4,1,2,-0.07939418024492441,0.09173560564370241,0.3115840573652597,0.0006351178279837826,0.004297978619231666,-0.0007193709592693965,60.48000488281241,9.600000000000023,-6.195166015625091,78.24001464843752,47.04000244140627,89.83012695312482,12.480004882812409,72.48000488281241,78.21435546875,-44.63999023437509,-33.59995117187509,-75.89121093750009,9.120001220703102,32.639965820312455,17.036865234375
1763688577.901794,4,1,2,-0.07945924533582278,0.09193968718845139,0.2608699603254701,0.000626929913069124,0.004289345693684969,-0.000502995943713202,60.48000488281241,2.4414062522737368e-05,1.548730468749909,78.24001464843752,47.04000244140627,82.08623046874982,10.079980468749909,74.88002929687491,74.342529296875,-44.63999023437509,-33.59995117187509,-72.01920166015634,9.120001220703102,32.639965820312455,20.90869140625
1763688577.997927,4,1,2,-0.07927988394843306,0.07345530432042177,0.34505741538578794,0.0005017281382455635,0.0039267546058703575,-0.0006282911683265267,60.48000488281241,7.200036621093773,-6.195166015625091,78.24001464843752,39.83999023437502,82.08623046874982,7.679956054687409,72.48000488281241,74.342529296875,-47.04013671875009,-28.80014648437509,-79.76322021484384,9.120001220703102,30.239941406249955,24.78076171875
1763688578.0948422,4,1,2,-0.07328630747246415,0.06904898594797168,0.21161158542569125,0.0009365055369919817,0.0039575301041306354,-0.00036097019459828546,55.67995605468741,2.3999877929687727,-6.195166015625091,78.24001464843752,44.6400085449219,78.21440429687482,10.079980468749909,72.48000488281241,74.342529296875,-47.04013671875009,-31.20004882812509,-75.89121093750009,9.120001220703102,27.840039062499955,17.036865234375
1763688578.2009387,4,1,2,-0.09540134007622927,0.05013204913980375,0.3265269277790512,-4.9211972308390445e-05,0.004813907117788672,-0.0010258942740786936,60.48000488281241,4.800012207031273,-6.195166015625091,75.84002075195315,44.6400085449219,78.21440429687482,7.679956054687409,70.07998046874991,78.21435546875,-44.63999023437509,-26.40000000000009,-79.76322021484384,9.120001220703102,30.239941406249955,20.90869140625
1763688578.3042371,4,1,2,-0.05405717309177222,0.04665175927165799,0.29219743437854134,0.00027105640026619106,0.004264775105635907,-0.0004895243908688206,60.48000488281241,2.3999877929687727,-6.195166015625091,75.84002075195315,42.2399841308594,78.21440429687482,12.480004882812409,65.28005371093741,70.470458984375,-44.63999023437509,-31.20004882812509,-72.01920166015634,9.120001220703102,35.039990234374955,20.90869140625
1763688578.4057806,4,1,2,-0.06084141317309526,0.0816739857275266,0.25875535083683693,0.00020893453865539007,0.0041250964620479485,-0.0005829961325173229,0,0,0,0,0,0,0,0,0,0,0,0,0,0,0
1763688578.5071132,4,1,2,-0.08941790518259499,0.07060560467869936,0.2291823004981165,0.0007820078245542874,0.003630950078869423,-0.0005900366359323634,58.07998046874991,4.800012207031273,-10.067236328125091,80.6400085449219,42.2399841308594,78.21440429687482,5.279931640624909,67.67995605468741,70.470458984375,-42.24008789062509,-31.20004882812509,-83.63522949218759,13.920019531249977,27.840039062499955,17.036865234375
1763688578.605647,4,1,2,-0.11204879725050487,0.06765509188496668,0.2411813884458305,-8.905227429035698e-05,0.005586311776315159,-0.00019783007362242984,53.27993164062491,7.200036621093773,-2.323095703125091,73.44002685546877,39.83999023437502,78.21440429687482,10.079980468749909,62.88002929687491,74.342529296875,-42.24008789062509,-26.40000000000009,-72.01920166015634,11.519995117187477,30.239941406249955,17.036865234375
1763688578.797487,4,1,2,-0.03479948110485876,0.0980913548117279,0.2920664774444967,0.0003673135438404323,0.003525770012126916,-0.0003375762872952168,53.27993164062491,2.3999877929687727,-6.195166015625091,75.84002075195315,42.2399841308594,78.21440429687482,7.679956054687409,67.67995605468741,70.470458984375,-44.63999023437509,-28.80014648437509,-68.14719238281259,4.320013427734352,27.840039062499955,24.78076171875
1763688578.9907513,4,1,2,-0.10071661076005739,0.08194765719720289,0.2135799737083423,0.0013670762195844494,0.004760114537924053,-0.00035919088937292113,55.67995605468741,2.3999877929687727,-6.195166015625091,71.04000244140627,37.43999633789065,66.59843749999982,10.079980468749909,62.88002929687491,70.470458984375,-39.83994140625009,-24.00009765625009,-75.89121093750009,11.519995117187477,25.440014648437455,13.164794921875
1763688579.1000605,4,1,2,-0.062484001553724106,0.06115421060949316,0.34386351821035227,0.00039195132837334563,0.0043488663673637695,-0.0009408424244559941,48.48000488281241,2.3999877929687727,-2.323095703125091,71.04000244140627,42.2399841308594,70.47026367187482,7.679956054687409,65.28005371093741,70.470458984375,-42.24008789062509,-26.40000000000009,-75.89121093750009,9.120001220703102,27.840039062499955,13.164794921875
1763688579.222116,4,1,2,-0.06010270137523248,0.09110498688920969,0.22451684598272822,0.00010866113982732043,0.004203787881265347,-0.0005182983069983499,55.67995605468741,2.4414062522737368e-05,-6.195166015625091,71.04000244140627,42.2399841308594,66.59843749999982,10.079980468749909,60.48000488281241,66.598388671875,-37.44003906250009,-28.80014648437509,-75.89121093750009,9.120001220703102,27.840039062499955,9.292724609375
1763688579.332564,4,1,2,-0.06950131748342583,0.06683888033770459,0.25866526382325594,8.625049049062659e-05,0.004200770609658856,-0.0005821967336670888,53.27993164062491,4.800012207031273,-6.195166015625091,73.44002685546877,42.2399841308594,62.72636718749982,12.480004882812409,62.88002929687491,66.598388671875,-39.83994140625009,-24.00009765625009,-72.01920166015634,6.720007324218727,25.440014648437455,9.292724609375
1763688579.4912438,4,1,2,-0.06085401113615553,0.0625481377737766,0.27544264270089885,5.614517466199869e-05,0.0039435881511672224,-0.0007324264908006921,53.27993164062491,2.3999877929687727,-6.195166015625091,68.6400085449219,42.2399841308594,66.59843749999982,12.480004882812409,58.07998046874991,62.7265625,-44.63999023437509,-31.20004882812509,-68.14719238281259,6.720007324218727,23.039990234374955,9.292724609375
1763688579.6015832,4,1,2,-0.05327777345503739,0.03663412986392066,0.32561572197332217,1.9640838931008885e-05,0.004174046932557597,-0.0010251042759071198,0,0,0,0,0,0,0,0,0,0,0,0,0,0,0
1763688579.6943934,4,1,2,-0.052091979836389975,0.08812181609192424,0.24229259480004275,0.0002597837186883488,0.003674101162747139,-0.0006675513126920298,50.88002929687491,4.800012207031273,-2.323095703125091,68.6400085449219,39.83999023437502,62.72636718749982,10.079980468749909,58.07998046874991,70.470458984375,-39.83994140625009,-24.00009765625009,-68.14719238281259,6.720007324218727,25.440014648437455,9.292724609375
1763688579.7219734,4,1,2,-0.045916711332335214,0.07239800061898884,0.3444324808206898,0.000659439707346906,0.003926309617192857,-0.0008624603049745647,50.88002929687491,2.3999877929687727,1.548730468749909,66.24001464843752,42.2399841308594,66.59843749999982,12.480004882812409,60.48000488281241,70.470458984375,-39.83994140625009,-24.00009765625009,-68.14719238281259,9.120001220703102,25.440014648437455,13.164794921875
1763688579.8313518,4,1,2,-0.07967769590560848,0.09060469698106548,0.22653161742799377,0.0006077527036474238,0.004658409718838473,-0.00028059923236909085,55.67995605468741,-2.3999999999999773,-13.939062500000091,66.24001464843752,42.2399841308594,62.72636718749982,7.679956054687409,65.28005371093741,66.598388671875,-37.44003906250009,-26.40000000000009,-75.89121093750009,4.320013427734352,25.440014648437455,13.164794921875
1763688580.1097853,4,1,2,-0.05319035839630366,0.046797878734304105,0.32528200380979017,0.00011554642800960628,0.0041647595472965385,-0.0004784255171233892,48.48000488281241,2.3999877929687727,-10.067236328125091,66.24001464843752,42.2399841308594,62.72636718749982,7.679956054687409,60.48000488281241,66.598388671875,-37.44003906250009,-28.80014648437509,-72.01920166015634,1.9199890136718523,25.440014648437455,5.4208984375
1763688580.1253479,4,1,2,-0.06867104937030413,0.07675932507471978,0.24197903572640275,-1.424537317823351e-05,0.004100113705983271,-0.0009804057687978602,48.48000488281241,2.4414062522737368e-05,-10.067236328125091,71.04000244140627,42.2399841308594,62.72636718749982,10.079980468749909,58.07998046874991,66.598388671875,-39.83994140625009,-26.40000000000009,-72.01920166015634,4.320013427734352,25.440014648437455,9.292724609375
1763688580.2359362,4,1,2,-0.08698749952834732,0.04564132511844878,0.22457923934669424,-0.0001020113656557773,0.0047222629239550866,-0.0005149394757949584,46.07998046874991,2.3999877929687727,-2.323095703125091,66.24001464843752,42.2399841308594,58.85429687499982,7.679956054687409,60.48000488281241,62.7265625,-37.44003906250009,-26.40000000000009,-75.89121093750009,6.720007324218727,20.639965820312455,9.292724609375
1763688580.3311942,4,1,2,-0.10626426652186485,0.046846767937442156,0.2787400339742765,0.0004094942293154521,0.004631928206918774,-0.001197016310245211,50.88002929687491,2.4414062522737368e-05,-6.195166015625091,66.24001464843752,42.2399841308594,66.59843749999982,12.480004882812409,58.07998046874991,70.470458984375,-37.44003906250009,-26.40000000000009,-72.01920166015634,4.320013427734352,25.440014648437455,9.292724609375
1763688580.4906144,4,1,2,-0.0697266737236317,0.08913005430182647,0.34507025155686544,0.00046049183452299036,0.003563083651356153,-0.000864523538529836,48.48000488281241,-2.3999999999999773,-10.067236328125091,63.84002075195315,39.83999023437502,58.85429687499982,12.480004882812409,58.07998046874991,62.7265625,-37.44003906250009,-21.59995117187509,-72.01920166015634,4.320013427734352,30.239941406249955,5.4208984375
1763688580.599405,4,1,2,-0.06475411606979184,0.06403139777875319,0.21134749461880756,0.0008935412600002133,0.0038866075548607062,-0.0005172377642330087,48.48000488281241,2.4414062522737368e-05,-2.323095703125091,66.24001464843752,37.43999633789065,51.11040039062482,12.480004882812409,55.67995605468741,66.598388671875,-39.83994140625009,-24.00009765625009,-75.89121093750009,1.9199890136718523,23.039990234374955,1.548828125
1763688580.6931102,4,1,2,-0.09674078341464201,0.06308170256092371,0.22727256248220706,0.0003796921500402062,0.004249256947264348,-0.000513456654499601,50.88002929687491,2.4414062522737368e-05,-13.939062500000091,63.84002075195315,42.2399841308594,58.85429687499982,12.480004882812409,53.28005371093741,66.598388671875,-39.83994140625009,-21.59995117187509,-72.01920166015634,4.320013427734352,20.639965820312455,13.164794921875
1763688580.720667,4,1,2,-0.07077457375794156,0.09688176627430914,0.3109862483924215,0.0006880591394922062,0.00421776868449015,-0.0003289597704534132,48.48000488281241,-2.3999999999999773,-13.939062500000091,63.84002075195315,37.43999633789065,54.98247070312482,14.879907226562409,58.07998046874991,62.7265625,-37.44003906250009,-24.00009765625009,-72.01920166015634,4.320013427734352,23.039990234374955,9.292724609375
1763688580.8122723,4,1,2,-0.06955339462675254,0.057031234582289175,0.258232771375515,9.967040985236304e-06,0.0041996906157191925,-0.0004254584825705677,50.88002929687491,2.4414062522737368e-05,-6.195166015625091,61.44002685546877,37.43999633789065,66.59843749999982,14.879907226562409,58.07998046874991,58.8544921875,-37.44003906250009,-26.40000000000009,-68.14719238281259,4.320013427734352,23.039990234374955,5.4208984375
1763688581.0147195,4,1,2,-0.05229662380245935,0.09578224550480387,0.2418039681689222,0.0003187596255971529,0.00423568222358334,-0.000589833343992738,48.48000488281241,2.3999877929687727,-10.067236328125091,63.84002075195315,39.83999023437502,54.98247070312482,14.879907226562409,53.28005371093741,58.8544921875,-35.04013671875009,-26.40000000000009,-75.89121093750009,6.720007324218727,23.039990234374955,9.292724609375
1763688581.32527,4,1,2,-0.09102800197603671,0.03557378605928545,0.2271414499703369,0.0006562998906967294,0.005050532209647929,-0.0003533658178261697,48.48000488281241,-4.799963378906227,-6.195166015625091,68.6400085449219,37.43999633789065,62.72636718749982,10.079980468749909,55.67995605468741,62.7265625,-37.44003906250009,-26.40000000000009,-75.89121093750009,6.720007324218727,25.440014648437455,13.164794921875
1763688581.6403823,4,1,2,-0.07875669013854122,0.08200743837892664,0.24382955441275903,0.0003607857243809003,0.004193440388443171,-0.0010566731497057742,60.48000488281241,7.200036621093773,-2.323095703125091,75.84002075195315,44.6400085449219,70.47026367187482,14.879907226562409,65.28005371093741,70.470458984375,-37.44003906250009,-31.20004882812509,-72.01920166015634,16.320013427734352,27.840039062499955,17.036865234375
1763688582.235492,4,1,2,0.009609424938732743,0.1064484876719701,-0.20719685449573633,0.0018267721878394672,0.0016994324124671137,-4.1832448674509006e-05,0,0,0,0,0,0,0,0,0,0,0,0,0,0,0
1763688582.5003314,4,1,2,0.08541613501900878,0.10738649362315436,-0.4422210686264727,0.002116532341367535,-0.0002798520554018984,-0.0005163663990163274,94.07998046874991,40.80007324218752,20.90883789062491,121.44002685546877,71.04000244140627,182.75834960937482,-1.920019531250091,110.88002929687491,116.934326171875,-71.04013671875009,-96.00009765625009,-87.50717773437509,37.92001953124998,54.239941406249955,55.7568359375
1763688582.5945032,4,1,2,0.06754533826119172,0.20476413435607274,-0.7032533772795901,0.004647405108426738,0.002023030593575589,-0.0008410448604731701,96.48000488281241,57.60000000000002,32.52480468749991,123.84002075195315,85.43999633789065,205.99028320312482,-6.720068359375091,115.67995605468741,113.0625,-71.04013671875009,-110.40000000000009,-106.86722412109384,49.92001953124998,61.440014648437455,51.884765625
1763688582.6535447,4,1,2,0.0379339340487772,0.19143573788182552,-0.7166288256528311,0.0053799501602485545,0.002191122178952651,-0.00037215835964115544,103.67995605468741,60.00002441406252,32.52480468749991,131.04000244140627,92.6400085449219,229.22221679687482,-9.120092773437591,118.07998046874991,124.678466796875,-75.83994140625009,-115.20004882812509,-99.12320556640634,54.72000732421873,71.03999023437495,59.62890625
1763688582.746052,4,1,2,-0.11770243111593987,0.16142775074255056,-1.0219328791142885,0.004637666934317225,0.00854127718795338,-8.86556761163646e-05,103.67995605468741,72.00002441406252,36.39687499999991,138.24001464843752,104.6400085449219,256.3262207031248,-11.519995117187591,118.07998046874991,124.678466796875,-80.63999023437509,-132.0000976562501,-106.86722412109384,64.32001342773435,71.03999023437495,67.372802734375
1763688582.8941731,4,1,2,0.09489048499137831,-0.0357038978511762,-1.4737886055477831,0.002752900604860534,0.007890203641478754,-0.00047682852313903225,139.6799560546874,84.00002441406252,40.26894531249991,181.43999633789065,121.43999633789065,298.9185058593748,-11.519995117187591,154.0799804687499,140.16650390625,-92.63999023437509,-148.8001464843751,-130.0992187500001,78.72000732421873,83.03999023437495,75.11669921875
1763688582.9997718,4,1,2,0.15557825667587608,-0.08893851085449167,-1.7464372518827325,0.003392041275762285,0.011194501482034637,-0.00040998339059970476,151.6799560546874,98.40004882812502,36.39687499999991,191.0400329589844,133.43999633789065,333.7661621093748,-23.51999511718759,166.0799804687499,140.16650390625,-97.44003906250009,-156.0000976562501,-137.84317626953134,83.51999511718748,85.44001464843745,86.73291015625
1763688583.0562615,4,1,2,0.10249001646999284,0.03062734558991661,-1.7604987288064742,0.003188542370174536,0.009845690993519975,-0.0005827786606288822,134.8800292968749,105.60000000000002,48.01284179687491,188.6400085449219,150.24001464843752,349.2544433593748,-28.32004394531259,139.6799560546874,128.550537109375,-102.24008789062509,-160.8001464843751,-145.58719482421884,93.1200012207031,87.84003906249995,90.604736328125
1763688583.1998847,4,1,2,-0.13999228347095566,-0.03736577030231966,-2.248893780480063,0.006113935805792732,0.015302865334523671,-3.2306820980126884e-05,163.6799560546874,120.00002441406252,44.14077148437491,227.0400329589844,169.43999633789065,391.8462402343748,-25.92001953125009,166.0799804687499,144.038330078125,-111.83994140625009,-177.5999511718751,-161.0751708984376,109.92001953124998,99.84003906249995,90.604736328125
1763688583.5906606,4,1,2,-0.3554330492761928,0.09004096432479043,-3.2064289742722965,0.0009040074502398602,0.020965435917124596,-0.0004058916033628842,211.6799560546874,163.19997558593752,59.62880859374991,296.6400085449219,229.43999633789065,500.2622558593748,-35.51999511718759,199.6800781249999,163.3984375,-143.0401367187501,-204.0000976562501,-215.2831787109376,150.72003784179685,116.63996582031245,121.580810546875
1763688583.6975734,4,1,2,-0.3634402339015247,0.10651674684565253,-3.555215726896707,0.0024372093337511874,0.02241614823702108,-0.00013395439633756838,223.6799560546874,172.80007324218752,55.75673828124991,318.24004516601565,248.6400085449219,542.8545410156248,-42.72006835937509,206.8800292968749,155.654541015625,-155.0401367187501,-216.0000976562501,-226.89920654296884,165.1200012207031,116.63996582031245,125.452880859375
1763688583.7904634,4,1,2,-0.41765243486797365,0.13241251684995237,-3.8639280551109687,0.0010293032804129798,0.024777036281208063,0.0003736153406983353,242.8800292968749,184.80007324218752,55.75673828124991,342.24004516601565,265.43999633789065,569.9585449218748,-45.12009277343759,216.4801269531249,163.3984375,-164.6399902343751,-220.8001464843751,-238.51517333984384,162.72003784179685,128.63996582031245,133.19677734375
1763688583.8974297,4,1,2,-0.39122921624874896,0.09469220229037344,-4.262752806613338,-0.0017690411738346809,0.025971497929213026,-0.00024673877295211793,257.2799316406249,204.00002441406252,55.75673828124991,363.84002075195315,277.43999633789065,608.6782714843748,-42.72006835937509,226.0799804687499,175.014404296875,-169.4400390625001,-237.5999511718751,-254.00321044921884,179.5200256347656,128.63996582031245,140.94091796875
1763688584.1026983,4,1,2,-0.47006067563555687,0.04350132925231624,-4.860717056222978,-0.004419209081472225,0.029170181615391224,-0.0003099217968969485,288.4800048828124,232.80007324218752,67.37294921874991,421.4400573730469,315.84002075195315,697.7344238281248,-49.92001953125009,262.0799804687499,182.758544921875,-198.2400878906251,-256.8001464843751,-284.9792236328126,217.91998901367185,138.23994140624995,160.30078125
1763688584.1958039,4,1,2,-0.40261215230672587,0.12348117504299083,-5.337322626719096,-0.0015070516262691187,0.02556328878874342,0.00014981358900929137,305.2799316406249,247.19997558593752,71.24477539062491,455.0400329589844,344.6400085449219,732.5825683593748,-52.32004394531259,269.2799316406249,167.2705078125,-200.6399902343751,-259.2000488281251,-312.0832275390626,232.32001342773435,140.63996582031245,168.044921875
1763688584.3988132,4,1,2,-0.39669805120250473,0.05072390464353982,-6.019653776240487,-0.003988415746559209,0.02615772422656686,5.808597178593735e-05,355.6799560546874,283.1999755859375,67.37294921874991,527.0400329589844,383.0400329589844,844.8701660156248,-49.92001953125009,295.6800781249999,198.246337890625,-231.8399414062501,-280.8001464843751,-343.0591796875001,263.5200256347656,159.84003906249995,183.53271484375
1763688584.4945672,4,1,2,-0.39864758561217634,0.0026953751440946805,-6.380806820267745,-0.0061795586416238425,0.026673500919752204,-0.0003107011781316204,367.6799560546874,297.6,75.11684570312491,553.4400573730469,407.0400329589844,883.5903808593748,-57.12009277343759,302.8800292968749,186.63037109375,-246.2400878906251,-290.4000000000001,-358.5472167968751,280.32001342773435,162.23994140624995,195.14892578125
1763688584.60048,4,1,2,-0.3878788503038477,0.026065598016489305,-6.756682748073781,-0.0069675623367676555,0.029236985837589262,-0.0005281397897597513,386.8800292968749,316.8000732421875,82.86074218749991,591.8400207519531,426.2399841308594,945.5425292968748,-57.12009277343759,314.8800292968749,202.118408203125,-255.8399414062501,-297.5999511718751,-374.03519287109384,301.91998901367185,169.44001464843745,206.764892578125
1763688584.6973517,4,1,2,-0.4628253933243588,-0.016927196758234564,-7.051749642784957,-0.006068592197208194,0.028749476853899548,-0.0005473528250774357,415.6799560546874,338.400048828125,82.86074218749991,630.2400451660156,450.2399841308594,1007.4941894531248,-61.92001953125009,331.6800781249999,205.990478515625,-275.0401367187501,-307.2000488281251,-401.13919677734384,318.72003784179685,176.63996582031245,222.2529296875
1763688584.7896972,4,1,2,-0.45276887788318565,-0.015310169022380554,-7.357839314359221,-0.006654247087870834,0.029459172619765554,-0.000502928151530864,425.2800537109374,350.400048828125,82.86074218749991,656.6400085449219,457.43999633789065,1046.2144042968748,-61.92001953125009,338.8800292968749,209.862548828125,-279.8399414062501,-314.4000000000001,-405.0112060546876,335.5200256347656,183.84003906249995,222.2529296875
1763688584.9931445,4,1,2,-0.478377920584775,-0.09204682153510696,-8.464760827851663,-0.010135841014476604,0.031282001184247406,-4.626535094811538e-05,473.2800537109374,391.1999755859375,90.60488281249991,750.2400451660156,507.84002075195315,1170.1182128906248,-61.92001953125009,370.0799804687499,217.6064453125,-296.6399902343751,-333.5999511718751,-455.34720458984384,381.1200012207031,195.84003906249995,249.356689453125
1763688585.1041267,4,1,2,-0.3232078922959446,0.00355434020508813,-8.8385660894994,-0.007016647775764152,0.023002837095524916,0.00021366157085061653,494.8800292968749,417.6,90.60488281249991,795.8400207519531,541.4399963378906,1235.9424316406248,-69.12009277343759,382.0799804687499,213.734375,-311.0401367187501,-338.4000000000001,-466.96317138671884,400.32001342773435,200.63996582031245,257.100830078125
1763688585.1987154,4,1,2,-0.429264185150026,-0.08307932632495552,-9.26160488595272,-0.011793328581242393,0.02970959666255289,-0.00018319731769047437,521.2800537109374,434.400048828125,90.60488281249991,839.0400939941406,560.6400085449219,1278.5342285156248,-69.12009277343759,394.0799804687499,217.6064453125,-318.2400878906251,-340.8001464843751,-490.19522705078134,417.1200012207031,205.44001464843745,272.5888671875
1763688585.2929308,4,1,2,-0.27358937861980326,-0.09065844473606312,-9.623312828694178,-0.00986274061807008,0.022369984425536407,-0.00022759838317619973,547.6799560546874,453.6,94.47695312499991,891.8400207519531,587.0400329589844,1359.8462402343748,-73.92001953125009,408.4801269531249,217.6064453125,-332.6399902343751,-352.8001464843751,-513.4272216796876,450.72003784179685,212.63996582031245,280.332763671875
1763688585.6986234,4,1,2,-0.3114778441850816,-0.28957456134391896,-11.669132850286339,-0.01649761446624123,0.027439962483418102,0.0002041460148297236,641.2800537109374,544.8000732421875,102.22084960937491,1103.0400939941405,704.6400085449219,1638.6304199218748,-88.32004394531259,454.0799804687499,225.350341796875,-375.8399414062501,-372.0000976562501,-602.4831909179688,544.3200134277344,241.44001464843745,334.540771484375
1763688585.789115,4,1,2,-0.2853259436487697,-0.1772421507557696,-12.081520614091314,-0.015329817632511535,0.022860108999052012,-2.7276487941639148e-05,667.6799560546874,568.8000732421875,102.22084960937491,1151.0400939941405,740.6400085449219,1692.8384277343748,-93.12009277343759,458.8800292968749,217.6064453125,-390.2400878906251,-369.5999511718751,-625.7151855468751,565.9200500488281,246.23994140624995,334.540771484375
1763688585.8988574,4,1,2,-0.27875018706693916,-0.2629098515084113,-12.597530795015475,-0.018035496566676332,0.02411919695151582,9.707104372119442e-05,691.6799560546874,600.0000244140625,102.22084960937491,1218.2400451660155,764.6400085449219,1781.8945800781248,-95.51999511718759,475.6800781249999,225.350341796875,-392.6399902343751,-381.5999511718751,-645.0752014160157,599.5200256347656,253.44001464843745,346.15673828125
1763688585.992776,4,1,2,-0.197989133450355,-0.2271467378163842,-13.171365582410727,-0.018542550332538182,0.020718614854609813,0.00019826065948232575,706.0799804687499,604.8000732421875,94.47695312499991,1251.840020751953,793.4400573730469,1816.7422363281248,-97.92001953125009,475.6800781249999,213.734375,-409.4400390625001,-379.2000488281251,-660.5632080078126,606.7200378417969,258.23994140624995,350.02880859375
1763688586.1049628,4,1,2,-0.37581370181280277,-0.31481488799757384,-13.08465216199587,-0.02234455451928025,0.028393746020455562,0.0002229975927657401,715.6799560546874,612.0000244140625,98.34877929687491,1266.2400451660155,788.6400085449219,1839.9741699218748,-102.72006835937509,482.8800292968749,225.350341796875,-404.6399902343751,-381.5999511718751,-664.4351867675782,613.9200500488281,255.84003906249995,361.644775390625
1763688586.1960135,4,1,2,-0.24929670370818477,-0.21559974333426546,-13.071270040351376,-0.018610526264541804,0.02313162238113251,0.0003898845248685338,715.6799560546874,609.6,98.34877929687491,1263.840020751953,788.6400085449219,1832.2305175781248,-100.32004394531259,480.4801269531249,217.6064453125,-407.0401367187501,-379.2000488281251,-664.4351867675782,616.3200134277344,260.63996582031245,357.772705078125
1763688586.2909276,4,1,2,-0.29222386927911037,-0.2628931312579445,-12.768847361828207,-0.01891749108103294,0.02410134122074752,0.0005011792458417979,713.2800537109374,612.0000244140625,106.09291992187491,1261.440118408203,786.2399841308594,1839.9741699218748,-100.32004394531259,485.2799316406249,221.478515625,-404.6399902343751,-384.0000976562501,-660.5632080078126,611.5200256347656,260.63996582031245,357.772705078125
1763688586.397546,4,1,2,-0.20000123043515378,-0.18039440960648992,-12.723086504760987,-0.015506755017647877,0.020732257517883365,0.00036756771664613383,710.8800292968749,614.400048828125,94.47695312499991,1263.840020751953,786.2399841308594,1843.8462402343748,-95.51999511718759,482.8800292968749,225.350341796875,-409.4400390625001,-384.0000976562501,-656.6911987304688,618.7200378417969,258.23994140624995,361.644775390625
1763688586.4541242,4,1,2,-0.22609239297382655,-0.1917512779683521,-12.670447319351231,-0.015413070620598848,0.020124324411258613,0.0003877860205250001,708.4800048828124,607.20009765625,94.47695312499991,1263.840020751953,781.4400573730469,1843.8462402343748,-105.12009277343759,482.8800292968749,221.478515625,-407.0401367187501,-381.5999511718751,-656.6911987304688,616.3200134277344,260.63996582031245,361.644775390625
1763688586.5967433,4,1,2,-0.13352561120224013,-0.1696454924159382,-12.366489170697893,-0.014422991883139242,0.017680444274290847,0.0009667947482748061,715.6799560546874,614.400048828125,102.22084960937491,1268.640069580078,781.4400573730469,1843.8462402343748,-100.32004394531259,485.2799316406249,225.350341796875,-404.6399902343751,-384.0000976562501,-660.5632080078126,618.7200378417969,260.63996582031245,357.772705078125
1763688586.6898012,4,1,2,-0.15440760127175351,-0.17972700338334635,-12.193881296891758,-0.01363723488918862,0.017999484969705815,0.0002511375627148436,713.2800537109374,614.400048828125,98.34877929687491,1261.440118408203,779.0400329589844,1843.8462402343748,-93.12009277343759,482.8800292968749,225.350341796875,-407.0401367187501,-386.4000000000001,-656.6911987304688,616.3200134277344,260.63996582031245,357.772705078125
1763688586.747848,4,1,2,-0.18712107508322756,-0.14013444389019244,-12.344667053296073,-0.013695604358294547,0.018250855369848492,0.0005065019886333565,713.2800537109374,614.400048828125,106.09291992187491,1266.2400451660155,781.4400573730469,1843.8462402343748,-97.92001953125009,490.0799804687499,225.350341796875,-407.0401367187501,-384.0000976562501,-656.6911987304688,613.9200500488281,260.63996582031245,353.90087890625
1763688586.8409111,4,1,2,-0.16086314921833755,-0.16638780625641825,-12.296431495343878,-0.01406727987555495,0.01831468911963361,0.0002115581021716002,715.6799560546874,616.8000732421875,102.22084960937491,1268.640069580078,779.0400329589844,1851.5903808593748,-93.12009277343759,492.4801269531249,233.094482421875,-409.4400390625001,-384.0000976562501,-660.5632080078126,616.3200134277344,265.44001464843745,361.644775390625
1763688586.9989014,4,1,2,-0.1457575354802647,-0.1417218573420732,-12.040396870155458,-0.013099640458411305,0.017098129566414117,0.0004610911640593677,722.8800292968749,614.400048828125,102.22084960937491,1268.640069580078,779.0400329589844,1851.5903808593748,-93.12009277343759,487.6800781249999,225.350341796875,-414.2400878906251,-388.8001464843751,-656.6911987304688,621.1200012207031,258.23994140624995,357.772705078125
1763688587.094156,4,1,2,-0.1291134011278484,-0.13056344800052636,-11.989369214752422,-0.012817423443490468,0.016680749975541368,0.0005575706034065169,718.0799804687499,614.400048828125,102.22084960937491,1263.840020751953,774.2399841308594,1847.7183105468748,-93.12009277343759,487.6800781249999,225.350341796875,-409.4400390625001,-384.0000976562501,-660.5632080078126,613.9200500488281,255.84003906249995,365.516845703125
1763688587.1887324,4,1,2,-0.13098337315706993,-0.13766876796943028,-11.851961180753168,-0.012331777686694037,0.01607086015831551,0.0002965485886408353,715.6799560546874,614.400048828125,109.96474609374991,1261.440118408203,776.6400085449219,1851.5903808593748,-95.51999511718759,485.2799316406249,225.350341796875,-409.4400390625001,-386.4000000000001,-648.9472106933595,616.3200134277344,263.03999023437495,361.644775390625
1763688587.2327251,4,1,2,-0.11442786237144531,-0.12654367914868103,-11.851136814562084,-0.012070830031559402,0.01565175921668999,0.00014045837290986563,713.2800537109374,616.8000732421875,109.96474609374991,1266.2400451660155,769.4400573730469,1851.5903808593748,-97.92001953125009,490.0799804687499,229.222412109375,-409.4400390625001,-386.4000000000001,-664.4351867675782,613.9200500488281,260.63996582031245,361.644775390625
1763688587.392065,4,1,2,-0.10900136070197482,-0.15424636461218746,-11.728981467704164,-0.01141381111904699,0.014049537220045722,-0.00020189524011920805,718.0799804687499,614.400048828125,106.09291992187491,1263.840020751953,769.4400573730469,1843.8462402343748,-95.51999511718759,485.2799316406249,229.222412109375,-407.0401367187501,-388.8001464843751,-660.5632080078126,616.3200134277344,260.63996582031245,361.644775390625
1763688587.4992044,4,1,2,-0.09312312252567129,-0.12236507346497219,-11.794815522304107,-0.010820493435047082,0.013527351606354938,0.0002432690011580108,0,0,0,0,0,0,0,0,0,0,0,0,0,0,0
1763688587.5952728,4,1,2,-0.0731048369570442,-0.1635379466756979,-11.715171913492274,-0.011802429783329862,0.013544439805147593,0.00019275833306643978,718.0799804687499,619.20009765625,106.09291992187491,1263.840020751953,771.8400817871094,1847.7183105468748,-93.12009277343759,485.2799316406249,229.222412109375,-411.8399414062501,-386.4000000000001,-656.6911987304688,621.1200012207031,263.03999023437495,365.516845703125
1763688587.622481,4,1,2,-0.08992669484924874,-0.13121339852047606,-11.8145412257867,-0.011556461962835697,0.013107222175949354,0.0006245831145776438,715.6799560546874,614.400048828125,109.96474609374991,1268.640069580078,767.0400329589844,1851.5903808593748,-97.92001953125009,487.6800781249999,229.222412109375,-409.4400390625001,-386.4000000000001,-660.5632080078126,618.7200378417969,267.84003906249995,361.644775390625
1763688587.705851,4,1,2,-0.07573915452019878,-0.08447834896555947,-11.677165118834086,-0.010473833160317515,0.013761678740903973,0.0003616206266783648,720.4800048828124,614.400048828125,109.96474609374991,1261.440118408203,769.4400573730469,1851.5903808593748,-95.51999511718759,487.6800781249999,225.350341796875,-409.4400390625001,-386.4000000000001,-660.5632080078126,618.7200378417969,260.63996582031245,365.516845703125
1763688587.8114,4,1,2,-0.08099872207315383,-0.07324638051028412,-11.638068550341048,-0.00920517025460045,0.013741992374957351,-1.074153664132728e-05,718.0799804687499,619.20009765625,109.96474609374991,1275.840020751953,776.6400085449219,1863.2061035156248,-97.92001953125009,490.0799804687499,225.350341796875,-407.0401367187501,-388.8001464843751,-668.307196044922,623.5200256347656,263.03999023437495,365.516845703125
1763688588.001899,4,1,2,-0.12099550155627865,-0.15062756888949502,-11.566358615098808,-0.012515584623664883,0.01536422672580907,0.00016414852842145116,722.8800292968749,619.20009765625,109.96474609374991,1278.2400451660155,779.0400329589844,1867.0781738281248,-95.51999511718759,487.6800781249999,233.094482421875,-411.8399414062501,-386.4000000000001,-660.5632080078126,621.1200012207031,263.03999023437495,365.516845703125
1763688588.0955515,4,1,2,-0.11549729341223186,-0.12316836967026333,-11.781895316497268,-0.011674245941989576,0.014922212174600158,0.0004010193429904552,720.4800048828124,619.20009765625,106.09291992187491,1285.440118408203,781.4400573730469,1863.2061035156248,-95.51999511718759,487.6800781249999,225.350341796875,-409.4400390625001,-386.4000000000001,-664.4351867675782,628.3200134277344,260.63996582031245,361.644775390625
1763688588.2986603,4,1,2,-0.09124693590834018,-0.12449466368256437,-11.704282657048317,-0.013166021073530827,0.014603903671725225,0.00042213727201763265,725.2800537109374,621.6,102.22084960937491,1280.640069580078,776.6400085449219,1867.0781738281248,-93.12009277343759,490.0799804687499,233.094482421875,-414.2400878906251,-384.0000976562501,-668.307196044922,625.9200500488281,258.23994140624995,365.516845703125
1763688588.392252,4,1,2,-0.10156444384285374,-0.15871453522966933,-11.703651299212193,-0.013109205197431355,0.014699821975032699,0.0005038782215365178,0,0,0,0,0,0,0,0,0,0,0,0,0,0,0
1763688588.499041,4,1,2,-0.1050781740501729,-0.09892690487772593,-11.682041781237029,-0.011777887974128525,0.014835568163199614,0.0005122112841576706,730.0799804687499,626.400048828125,106.09291992187491,1290.2400451660155,779.0400329589844,1870.9502441406248,-97.92001953125009,487.6800781249999,229.222412109375,-409.4400390625001,-384.0000976562501,-664.4351867675782,628.3200134277344,260.63996582031245,373.2607421875
1763688588.5931704,4,1,2,-0.09002545366502704,-0.16605502785636136,-11.639742994495332,-0.013825645171839387,0.014973876811227079,0.0003678548965903773,725.2800537109374,621.6,106.09291992187491,1283.0400939941405,776.6400085449219,1859.3345214843748,-97.92001953125009,490.0799804687499,229.222412109375,-407.0401367187501,-386.4000000000001,-656.6911987304688,623.5200256347656,260.63996582031245,373.2607421875
1763688588.702964,4,1,2,-0.12301018515393869,-0.20049614785791356,-11.32624568054105,-0.0160339570377818,0.01452026773791891,8.238475896589042e-05,713.2800537109374,612.0000244140625,106.09291992187491,1259.0400939941405,764.6400085449219,1836.1020996093748,-95.51999511718759,487.6800781249999,225.350341796875,-407.0401367187501,-381.5999511718751,-652.8191894531251,618.7200378417969,260.63996582031245,365.516845703125
1763688588.9996655,4,1,2,-0.12805397415859945,-0.14485931855853054,-10.028789779405244,-0.011487812454120085,0.012347062483342792,-0.00014325516987841587,672.4800048828124,576.0000244140625,113.83681640624991,1163.0400939941405,702.2400451660156,1719.9424316406248,-90.72006835937509,470.8800292968749,221.478515625,-392.6399902343751,-376.8001464843751,-610.2272094726563,573.1200012207031,248.63996582031245,357.772705078125
1763688589.0919466,4,1,2,-0.001025901440097298,-0.04651282783399639,-9.434932784527357,-0.00556638098441984,0.0064344381256584895,8.411296499722255e-05,0,0,0,0,0,0,0,0,0,0,0,0,0,0,0
1763688589.2010818,4,1,2,-0.0035504070592448124,0.020922873000921098,-8.722999737081658,-0.0039785197018257015,0.006836915739594147,-0.0002859122128570166,626.8800292968749,535.1999755859375,117.70888671874991,1064.640069580078,635.0400329589844,1588.2944824218748,-88.32004394531259,456.4801269531249,229.222412109375,-371.0401367187501,-369.5999511718751,-563.7631896972657,527.5200256347656,234.23994140624995,334.540771484375
1763688589.2452571,4,1,2,0.02254360198201166,0.047147887705575944,-8.689256119205107,-0.003743857248780739,0.006238669297974866,-0.00019723062047133317,619.6799560546874,525.6,121.58095703124991,1045.4399963378905,627.8400207519531,1561.1904785156248,-83.51999511718759,456.4801269531249,240.83837890625,-371.0401367187501,-367.2000488281251,-556.0192016601563,520.3200134277344,229.44001464843745,334.540771484375
1763688589.3895335,4,1,2,0.14561747179343024,0.12814393637572916,-7.311159633822262,0.0012362166324320252,0.00287433126729629,-8.263098078908156e-05,569.2800537109374,482.400048828125,121.58095703124991,942.2400451660156,565.4399963378906,1414.0542480468748,-73.92001953125009,425.2799316406249,233.094482421875,-344.6399902343751,-357.5999511718751,-509.55521240234384,477.1200012207031,224.63996582031245,311.308837890625
1763688589.4984837,4,1,2,0.013118830916822907,0.18826031041613223,-6.533883611912657,-0.0015243433967593,-0.004838774438403745,-0.0005269547312388287,0,0,0,0,0,0,0,0,0,0,0,0,0,0,0
1763688589.5581243,4,1,2,0.006519304525978931,0.1917249526477931,-6.460316380270116,4.5442934028670084e-05,-0.005220023864254211,-0.00025962096499287165,511.6799560546874,432.0000244140625,109.96474609374991,831.8400207519531,500.6400085449219,1259.1743652343748,-66.72006835937509,401.2799316406249,221.478515625,-323.0401367187501,-338.4000000000001,-451.4751953125001,417.1200012207031,212.63996582031245,284.204833984375
1763688589.7013714,4,1,2,0.06780711212034093,0.3159983433418615,-5.097345522513514,0.005488717035068608,-0.00533146950975041,-0.0007766004969805804,456.4800048828124,391.1999755859375,117.70888671874991,719.0400939941406,450.2399841308594,1139.1421386718748,-66.72006835937509,367.6800781249999,217.6064453125,-294.2400878906251,-328.8001464843751,-412.7552246093751,371.5200256347656,193.44001464843745,257.100830078125
1763688589.7967813,4,1,2,-0.10707965709097672,0.4068620489140852,-4.479789963472269,0.004795881159445892,0.0036124607938227858,-0.0008768009008099052,422.8800292968749,355.1999755859375,117.70888671874991,656.6400085449219,404.6400085449219,1050.0864746093748,-57.12009277343759,348.4801269531249,225.350341796875,-279.8399414062501,-312.0000976562501,-374.03519287109384,337.91998901367185,183.84003906249995,253.228759765625
1763688589.8910656,4,1,2,0.05168252782122407,0.324383201880847,-3.8864088699120503,0.017907421714375992,0.006748424044478613,-5.3171425152190224e-05,396.4800048828124,326.400048828125,106.09291992187491,599.0400329589844,380.6400085449219,961.0303222656248,-47.51999511718759,336.4801269531249,213.734375,-258.2400878906251,-300.0000976562501,-346.93118896484384,309.1200012207031,174.23994140624995,233.868896484375
1763688589.9350777,4,1,2,0.05338202818515897,0.3141889099506345,-3.76893651485804,0.017502143405994004,0.0065697690299154395,-0.0010284997839704016,372.4800048828124,314.400048828125,109.96474609374991,563.0400329589844,366.2399841308594,918.4385253906248,-49.92001953125009,322.0799804687499,209.862548828125,-253.4400390625001,-292.8001464843751,-331.4432128906251,289.91998901367185,169.44001464843745,226.124755859375
1763688590.0287828,4,1,2,-0.11517787950966335,0.40129174655781724,-3.3242666439631607,0.010044506934372505,-0.004991357564699062,-0.0006770116895906092,348.4800048828124,288.0000244140625,102.22084960937491,524.6400085449219,332.6400085449219,848.7422363281248,-47.51999511718759,302.8800292968749,198.246337890625,-234.2400878906251,-276.0000976562501,-312.0832275390626,261.1200012207031,155.03999023437495,206.764892578125
1763688590.2044032,4,1,2,-0.09294098549581004,0.391796863006056,-2.399652204122525,0.012360918446641434,0.002358959301424027,-0.0006469806019639715,283.6799560546874,237.60000000000002,82.86074218749991,431.0400329589844,282.2399841308594,713.2222167968748,-42.72006835937509,254.8800292968749,186.63037109375,-195.8399414062501,-244.8001464843751,-265.61917724609384,222.72003784179685,145.44001464843745,175.788818359375
1763688590.2314582,4,1,2,-0.10565731548111149,0.36971829103623605,-2.369209526068124,0.011158258746716207,0.0026563469826419283,-0.0014992897130184676,288.4800048828124,228.00002441406252,86.73281249999991,416.6400085449219,265.43999633789065,693.8623535156248,-40.32004394531259,264.4801269531249,190.50244140625,-186.2400878906251,-244.8001464843751,-246.25919189453134,208.32001342773435,138.23994140624995,175.788818359375
1763688590.3255925,4,1,2,-0.12071920965740557,0.35772450733696687,-2.100622528398193,0.01359993991342626,0.011364297568931354,-0.0005295995291618658,259.6799560546874,213.60000000000002,82.86074218749991,387.84002075195315,241.43999633789065,651.2705566406248,-35.51999511718759,238.0799804687499,190.50244140625,-174.2400878906251,-228.0000976562501,-230.7712158203126,198.72003784179685,135.84003906249995,156.4287109375
1763688590.497175,4,1,2,-0.2235203983342663,0.31332707989046804,-1.5660338299832541,0.015579881421293035,0.010199229228653121,-0.00040396010681892944,235.6799560546874,182.40004882812502,78.98891601562491,337.43999633789065,224.6400085449219,569.9585449218748,-35.51999511718759,214.0799804687499,175.014404296875,-155.0401367187501,-208.8001464843751,-207.53922119140634,169.91998901367185,119.03999023437495,137.06884765625
1763688590.6049833,4,1,2,-0.10792391230711826,0.2850223390274353,-1.374979042076875,0.010336351119541232,0.01346216894319492,-0.0012160508997392143,218.8800292968749,168.00002441406252,71.24477539062491,306.24004516601565,203.04000244140627,527.3662597656248,-30.72006835937509,209.2799316406249,178.886474609375,-140.6399902343751,-199.2000488281251,-195.9231933593751,150.72003784179685,119.03999023437495,133.19677734375
1763688590.7026103,4,1,2,-0.0767868951299163,0.3606227704223455,-1.0247256589535025,0.012625952686389927,0.006987567482821003,-0.0014019079073823043,206.8800292968749,153.60000000000002,75.11684570312491,291.84002075195315,191.04000244140627,492.5181152343748,-25.92001953125009,199.6800781249999,163.3984375,-135.8399414062501,-187.2000488281251,-184.3072265625001,138.72003784179685,114.23994140624995,125.452880859375
1763688591.0910685,4,1,2,-0.13146243800769813,0.24897312201742627,-0.6672515686114631,0.008802336769232606,0.0072665740225500335,-0.0009680237054067923,163.6799560546874,110.40004882812502,59.62880859374991,227.0400329589844,140.6400085449219,384.1025878906248,-16.32004394531259,170.8800292968749,155.654541015625,-114.24008789062509,-156.0000976562501,-149.4592041015626,100.32001342773435,97.44001464843745,106.0927734375
1763688591.2970843,4,1,2,-0.1267464736178614,0.2551256499011086,-0.4696430921669609,0.007897863886503598,0.0077954743815736504,-0.0010582009484185898,142.0799804687499,91.19997558593752,55.75673828124991,200.6400085449219,128.6400085449219,341.5103027343748,-13.920019531250091,149.2800537109374,147.910400390625,-107.04013671875009,-139.2000488281251,-133.97122802734384,81.1200012207031,90.23994140624995,90.604736328125
1763688591.4031644,4,1,2,-0.08178688086584773,0.24346229809456305,-0.3831053708099311,0.009172528857381358,0.008191184498085015,-0.0010990309277166528,137.2799316406249,84.00002441406252,48.01284179687491,188.6400085449219,119.04000244140627,318.2783691406248,-13.920019531250091,142.0799804687499,144.038330078125,-97.44003906250009,-132.0000976562501,-126.22720947265634,81.1200012207031,85.44001464843745,82.86083984375
1763688591.4985163,4,1,2,-0.13863011503122316,0.21642247873900594,-0.33170419635788817,0.00848379588053775,0.006707178559262628,-0.0005340488870215225,0,0,0,0,0,0,0,0,0,0,0,0,0,0,0
1763688592.4963753,4,1,2,-0.4179826604977379,0.6800235490702237,0.21972463484011,0.010329171359957414,0.010987237153442329,-0.0008363666693248085,89.27993164062491,28.800012207031273,24.78090820312491,128.6400085449219,73.43999633789065,167.27055664062482,-4.320043945312591,101.28005371093741,113.0625,-68.63999023437509,-64.80014648437509,-95.25119628906259,33.1200012207031,51.840039062499955,51.884765625
1763688592.6974397,4,1,2,-0.14547785668633292,0.13892004840383437,0.29984019247950766,0.0021706924623439454,0.0070264803527881736,-0.00017276018155155872,89.27993164062491,26.399987792968773,20.90883789062491,116.6400085449219,68.6400085449219,144.03813476562482,0.48000488281240905,98.88002929687491,109.1904296875,-66.24008789062509,-62.40000000000009,-95.25119628906259,30.720007324218727,47.039990234374955,44.140869140625
1763688592.8340907,4,1,2,-0.4656338667493092,0.7376165222764504,0.2443754787649852,0.011982752538484364,0.010943170739211753,-0.0005124168669314406,0,0,0,0,0,0,0,0,0,0,0,0,0,0,0
1763688593.104829,4,1,2,-0.031939417345209276,-0.03239699279227283,0.2346235953292663,-0.0015564093077666558,0.0037722626772612325,-0.0004331788975043162,77.27993164062491,16.800012207031273,13.164941406249909,107.04000244140627,59.04000244140627,124.67827148437482,5.279931640624909,91.67995605468741,105.318359375,-59.04013671875009,-43.20004882812509,-87.50717773437509,23.519995117187477,37.440014648437455,32.52490234375
1763688593.351671,4,1,2,-0.0808244003408129,0.058936383886333335,0.26000563244857544,0.000511988808523747,0.005151882550854732,-0.0007352536818720361,74.88002929687491,12.000024414062523,9.292871093749909,99.84002075195315,54.2399841308594,120.80620117187482,7.679956054687409,89.28005371093741,89.83056640625,-61.44003906250009,-40.80014648437509,-87.50717773437509,16.320013427734352,42.239941406249955,28.65283203125
1763688593.4588234,4,1,2,-0.05521359045103878,0.08800804224760164,0.2783718672998514,0.0009388684524235724,0.003903434884234849,-0.0006516170320295105,74.88002929687491,4.800012207031273,5.420800781249909,92.6400085449219,51.83999023437502,109.19047851562482,12.480004882812409,86.88002929687491,89.83056640625,-54.24008789062509,-43.20004882812509,-87.50717773437509,16.320013427734352,44.639965820312455,28.65283203125
1763688593.6961334,4,1,2,-0.06170904652458357,0.06252071933805124,0.24210266973701086,0.0002181958599671084,0.004040147916452396,-0.0005090530279818872,70.07998046874991,9.600000000000023,5.420800781249909,92.6400085449219,51.83999023437502,109.19047851562482,12.480004882812409,79.67995605468741,93.702392578125,-51.83994140625009,-38.40000000000009,-83.63522949218759,18.720007324218727,35.039990234374955,28.65283203125
1763688593.9006422,4,1,2,-0.12175000402298741,0.09490311507548421,0.24430720399811898,0.00046893469102749744,0.005114385793855146,-0.00035308550367902074,67.67995605468741,7.200036621093773,-2.323095703125091,90.24001464843752,47.04000244140627,105.31840820312482,7.679956054687409,79.67995605468741,82.08642578125,-54.24008789062509,-43.20004882812509,-79.76322021484384,13.920019531249977,35.039990234374955,32.52490234375
1763688593.9284232,4,1,2,-0.05649133039752639,0.06516848776972138,0.2771738212363063,0.0009198329365392084,0.004756684356189442,-0.00033719601177294964,72.48000488281241,9.600000000000023,5.420800781249909,95.04000244140627,51.83999023437502,105.31840820312482,7.679956054687409,79.67995605468741,82.08642578125,-56.63999023437509,-40.80014648437509,-83.63522949218759,11.519995117187477,37.440014648437455,28.65283203125
1763688594.023159,4,1,2,-0.09717647590849068,0.05028129383642332,0.20913288481590567,0.00026670148374366366,0.004998393722205717,-0.00036277233262536885,72.48000488281241,12.000024414062523,5.420800781249909,90.24001464843752,47.04000244140627,101.44633789062482,7.679956054687409,79.67995605468741,85.95849609375,-56.63999023437509,-38.40000000000009,-79.76322021484384,13.920019531249977,35.039990234374955,32.52490234375
1763688594.1182628,4,1,2,-0.10327369135580716,0.05578930044125553,0.20798870041543568,-0.00019286212481758186,0.004762371124806954,-0.0004438751203607454,72.48000488281241,12.000024414062523,9.292871093749909,90.24001464843752,49.43999633789065,101.44633789062482,10.079980468749909,74.88002929687491,89.83056640625,-51.83994140625009,-38.40000000000009,-83.63522949218759,18.720007324218727,37.440014648437455,24.78076171875
1763688594.291812,4,1,2,-0.0463930050408455,0.051618479987117744,0.2083117660315772,0.0004582383432832518,0.004282859390101878,-0.00036278173341779504,67.67995605468741,12.000024414062523,5.420800781249909,90.24001464843752,54.2399841308594,97.57426757812482,10.079980468749909,82.07998046874991,89.83056640625,-54.24008789062509,-40.80014648437509,-83.63522949218759,11.519995117187477,30.239941406249955,32.52490234375
1763688594.4001307,4,1,2,-0.06410372464812225,0.07171924563853777,0.24419884092027302,0.0007904664818612463,0.00435162885023474,-0.0006628932582831144,67.67995605468741,12.000024414062523,5.420800781249909,85.44002685546877,49.43999633789065,93.70219726562482,14.879907226562409,72.48000488281241,85.95849609375,-51.83994140625009,-36.00009765625009,-75.89121093750009,16.320013427734352,30.239941406249955,28.65283203125
1763688594.5047734,4,1,2,-0.08890830128748484,0.09588022873473345,0.2617221090641896,0.0008207331159364437,0.004655176636054932,-0.0005802400759585943,70.07998046874991,7.200036621093773,1.548730468749909,90.24001464843752,49.43999633789065,97.57426757812482,10.079980468749909,79.67995605468741,82.08642578125,-49.44003906250009,-33.59995117187509,-79.76322021484384,13.920019531249977,32.639965820312455,20.90869140625
1763688594.6147487,4,1,2,-0.08961939989441203,0.10444006682368759,0.3636600464234827,0.0010773127469893486,0.004961519287970629,-0.000934295387168364,70.07998046874991,9.600000000000023,-2.323095703125091,85.44002685546877,49.43999633789065,97.57426757812482,7.679956054687409,77.28005371093741,82.08642578125,-49.44003906250009,-36.00009765625009,-79.76322021484384,6.720007324218727,30.239941406249955,28.65283203125
1763688594.7066317,4,1,2,-0.07346325157058699,0.06727251214927488,0.22849814662224144,0.0009124348164948636,0.004342138641025129,-0.0008238931718173408,62.88002929687491,7.200036621093773,1.548730468749909,87.84002075195315,47.04000244140627,93.70219726562482,7.679956054687409,77.28005371093741,85.95849609375,-49.44003906250009,-31.20004882812509,-79.76322021484384,13.920019531249977,30.239941406249955,24.78076171875
1763688594.803236,4,1,2,-0.07682419571607427,0.05931497821770692,0.2567555258583747,-0.0003160651844228584,0.004819077478135485,-0.0005056167521951979,62.88002929687491,7.200036621093773,1.548730468749909,85.44002685546877,49.43999633789065,93.70219726562482,10.079980468749909,72.48000488281241,82.08642578125,-47.04013671875009,-33.59995117187509,-79.76322021484384,16.320013427734352,37.440014648437455,24.78076171875
1763688594.898018,4,1,2,-0.09829513807042578,0.07173282320357625,0.2956151233548517,0.0008048631795305372,0.004648703571144451,-0.0004096661660808868,65.27993164062491,7.200036621093773,1.548730468749909,83.04000244140627,47.04000244140627,85.95854492187482,7.679956054687409,72.48000488281241,78.21435546875,-47.04013671875009,-31.20004882812509,-79.76322021484384,16.320013427734352,32.639965820312455,24.78076171875
1763688594.991654,4,1,2,-0.116582251086228,0.0691922139087396,0.26272673816798175,0.0009265478613649895,0.005463808473359013,-0.0006549247758644442,65.27993164062491,9.600000000000023,5.420800781249909,85.44002685546877,49.43999633789065,89.83012695312482,12.480004882812409,72.48000488281241,74.342529296875,-49.44003906250009,-36.00009765625009,-75.89121093750009,13.920019531249977,32.639965820312455,24.78076171875
1763688595.2869573,4,1,2,-0.10404946505658087,0.03541564476715943,0.32618143722696513,-0.0001653553074503326,0.004886125472120538,-0.0007906225386291837,65.27993164062491,2.3999877929687727,1.548730468749909,87.84002075195315,47.04000244140627,82.08623046874982,10.079980468749909,72.48000488281241,70.470458984375,-49.44003906250009,-28.80014648437509,-79.76322021484384,13.920019531249977,27.840039062499955,20.90869140625
1763688595.3985178,4,1,2,-0.06025569685871378,0.06042833987516734,0.3078614965931957,-0.00012321305335593214,0.004407529452885802,-0.0007213437337192638,60.48000488281241,9.600000000000023,1.548730468749909,87.84002075195315,49.43999633789065,82.08623046874982,10.079980468749909,67.67995605468741,74.342529296875,-44.63999023437509,-28.80014648437509,-75.89121093750009,16.320013427734352,30.239941406249955,20.90869140625
1763688595.4947696,4,1,2,-0.0750376705402711,0.08842200983297638,0.30692526886007176,-0.0004045530287222288,0.004805090459693171,-0.0007251992342194079,60.48000488281241,7.200036621093773,-6.195166015625091,83.04000244140627,49.43999633789065,85.95854492187482,12.480004882812409,72.48000488281241,74.342529296875,-44.63999023437509,-33.59995117187509,-79.76322021484384,11.519995117187477,32.639965820312455,9.292724609375
1763688595.8090994,4,1,2,-0.09004516703745745,0.028026155585189796,0.21051135607143293,0.00042054467035754044,0.004387214251482696,-0.0006725545704963671,0,0,0,0,0,0,0,0,0,0,0,0,0,0,0
1763688596.4539263,4,1,2,-0.09625676543932489,0.07924220598471467,0.22621805836453157,0.00033372361195875447,0.005084422261962458,-0.0005934536883114151,55.67995605468741,7.200036621093773,-6.195166015625091,78.24001464843752,47.04000244140627,85.95854492187482,7.679956054687409,60.48000488281241,70.470458984375,-37.44003906250009,-28.80014648437509,-79.76322021484384,11.519995117187477,25.440014648437455,13.164794921875
1763688596.6907163,4,1,2,-0.08970154657689801,0.032635859942172586,0.2761142106666392,0.00029549130296312653,0.005607629448227627,-0.0008061666727499225,58.07998046874991,9.600000000000023,-6.195166015625091,78.24001464843752,44.6400085449219,78.21440429687482,10.079980468749909,65.28005371093741,70.470458984375,-42.24008789062509,-31.20004882812509,-75.89121093750009,9.120001220703102,30.239941406249955,17.036865234375
1763688596.8286214,4,1,2,-0.04371278391037746,0.05242758088285816,0.32537315460006744,-1.5054751603626147e-05,0.003806920184919153,-0.001026864309356257,53.27993164062491,4.800012207031273,-6.195166015625091,73.44002685546877,42.2399841308594,82.08623046874982,14.879907226562409,60.48000488281241,74.342529296875,-44.63999023437509,-28.80014648437509,-75.89121093750009,11.519995117187477,30.239941406249955,20.90869140625
1763688597.0276434,4,1,2,-0.07791757529547032,0.09159046103905663,0.2595389359883539,0.00028832237954009026,0.004270397353755504,-0.0005049333298134376,53.27993164062491,2.4414062522737368e-05,-10.067236328125091,75.84002075195315,44.6400085449219,78.21440429687482,10.079980468749909,58.07998046874991,66.598388671875,-42.24008789062509,-31.20004882812509,-72.01920166015634,11.519995117187477,27.840039062499955,13.164794921875
1763688597.3107252,4,1,2,-0.07903951246028892,0.0500291216305679,0.34303915207041447,0.00013100366248243976,0.0047679673243765305,-0.0007847522073064638,53.27993164062491,4.800012207031273,-6.195166015625091,73.44002685546877,42.2399841308594,74.34233398437482,12.480004882812409,60.48000488281241,62.7265625,-39.83994140625009,-24.00009765625009,-72.01920166015634,13.920019531249977,27.840039062499955,13.164794921875
1763688597.594903,4,1,2,-0.06991051876237513,0.054731996727662005,0.20736376587861197,-3.51505556925914e-05,0.004761926136210948,-0.0006780442567950459,0,0,0,0,0,0,0,0,0,0,0,0,0,0,0
1763688598.295982,4,1,2,-0.05943923534719484,0.06135336498749626,0.2573255522175625,-0.00030186203325637613,0.004114355513547028,-0.0009748740261382195,53.27993164062491,2.3999877929687727,-6.195166015625091,75.84002075195315,42.2399841308594,66.59843749999982,7.679956054687409,58.07998046874991,58.8544921875,-39.83994140625009,-24.00009765625009,-72.01920166015634,9.120001220703102,27.840039062499955,13.164794921875
1763688598.4027045,4,1,2,-0.053303749365979265,0.05665758452549717,0.225052512785895,0.00015583190862288585,0.004158941069388542,-0.000905830746867215,50.88002929687491,2.3999877929687727,-6.195166015625091,73.44002685546877,39.83999023437502,66.59843749999982,10.079980468749909,60.48000488281241,62.7265625,-39.83994140625009,-24.00009765625009,-72.01920166015634,9.120001220703102,23.039990234374955,9.292724609375
1763688598.495168,4,1,2,-0.09383438745743246,0.060606776461935026,0.24149707501989343,-0.0003215936376828039,0.004595968804604037,-0.000980254404142004,53.27993164062491,2.4414062522737368e-05,-6.195166015625091,75.84002075195315,42.2399841308594,70.47026367187482,10.079980468749909,55.67995605468741,66.598388671875,-37.44003906250009,-24.00009765625009,-75.89121093750009,9.120001220703102,27.840039062499955,5.4208984375
1763688599.0087712,4,1,2,-0.07832677657435387,0.07948357743923247,0.20823743804389225,0.0001669213334421335,0.00483155288030515,-0.0006007808528613734,53.27993164062491,4.800012207031273,-13.939062500000091,68.6400085449219,37.43999633789065,66.59843749999982,10.079980468749909,58.07998046874991,62.7265625,-39.83994140625009,-24.00009765625009,-72.01920166015634,9.120001220703102,20.639965820312455,17.036865234375
1763688599.1354144,4,1,2,-0.08595552004243984,0.04744521736415224,0.24103265108583485,-0.00023999133030808942,0.004241094621725759,-0.0002753899614578342,53.27993164062491,4.800012207031273,-10.067236328125091,66.24001464843752,35.04000244140627,58.85429687499982,14.879907226562409,58.07998046874991,62.7265625,-35.04013671875009,-24.00009765625009,-68.14719238281259,9.120001220703102,23.039990234374955,5.4208984375
1763688599.349784,4,1,2,-0.046835993170829524,0.09158181065765297,0.24394652249960297,0.0009595511286427179,0.0041992005610745585,-0.0005077538049269843,50.88002929687491,4.800012207031273,-6.195166015625091,73.44002685546877,42.2399841308594,58.85429687499982,7.679956054687409,58.07998046874991,58.8544921875,-37.44003906250009,-21.59995117187509,-79.76322021484384,9.120001220703102,20.639965820312455,13.164794921875
1763688599.4950185,4,1,2,-0.06887772062763892,0.0755430358957896,0.20738528929113964,-2.6881869484169643e-05,0.004465721938005304,-0.0005235367206695691,50.88002929687491,4.800012207031273,-10.067236328125091,71.04000244140627,44.6400085449219,62.72636718749982,10.079980468749909,53.28005371093741,54.982421875,-35.04013671875009,-16.80014648437509,-75.89121093750009,13.920019531249977,27.840039062499955,13.164794921875
1763688599.6030571,4,1,2,-0.07534435484024894,0.057916123872499836,0.28935253245096487,-0.000665884477757069,0.004998477766306887,-0.000964439303111622,50.88002929687491,2.4414062522737368e-05,-6.195166015625091,66.24001464843752,39.83999023437502,70.47026367187482,12.480004882812409,55.67995605468741,58.8544921875,-35.04013671875009,-21.59995117187509,-68.14719238281259,6.720007324218727,18.239941406249955,9.292724609375
1763688599.6478972,4,1,2,-0.08791825732831024,0.0629966013243562,0.24164182572155252,0.00021002730392732927,0.005386660876158992,-0.00035248897432637753,0,0,0,0,0,0,0,0,0,0,0,0,0,0,0
1763688599.897568,4,1,2,-0.07389497310891505,0.010642564749989591,0.23657687494258595,-0.001389871057607394,0.004411907050169103,-0.0006697113112402355,55.67995605468741,2.3999877929687727,-13.939062500000091,73.44002685546877,42.2399841308594,62.72636718749982,14.879907226562409,58.07998046874991,54.982421875,-37.44003906250009,-24.00009765625009,-75.89121093750009,9.120001220703102,23.039990234374955,9.292724609375
1763688600.0052562,4,1,2,-0.07809697576767399,0.04580826537445369,0.2570115864570215,-0.00028498010334050976,0.005687230116416826,-0.0012858233297893848,55.67995605468741,2.3999877929687727,-13.939062500000091,75.84002075195315,42.2399841308594,66.59843749999982,10.079980468749909,55.67995605468741,58.8544921875,-35.04013671875009,-21.59995117187509,-72.01920166015634,9.120001220703102,23.039990234374955,13.164794921875
1763688600.113004,4,1,2,-0.07462026829254273,0.039344558491768614,0.2376961996240429,-0.0009905596436168302,0.004699688045768781,-0.0006700207565032469,50.88002929687491,2.3999877929687727,-6.195166015625091,73.44002685546877,42.2399841308594,62.72636718749982,10.079980468749909,60.48000488281241,54.982421875,-37.44003906250009,-21.59995117187509,-79.76322021484384,9.120001220703102,23.039990234374955,13.164794921875
1763688600.2211301,4,1,2,-0.08452896494364134,0.04636914560584351,0.22266015706427708,-0.0005914578251551561,0.004408406190940668,-0.0002833651601223371,48.48000488281241,7.200036621093773,-21.68320312500009,71.04000244140627,44.6400085449219,62.72636718749982,10.079980468749909,55.67995605468741,58.8544921875,-39.83994140625009,-19.20004882812509,-72.01920166015634,11.519995117187477,18.239941406249955,9.292724609375
1763688600.3144784,4,1,2,-0.0759817582979715,0.040216548679901265,0.30678279069073033,-0.0006309052340378169,0.004541009402225075,-0.0008784205734819453,46.07998046874991,-2.3999999999999773,-10.067236328125091,63.84002075195315,44.6400085449219,62.72636718749982,10.079980468749909,50.88002929687491,54.982421875,-37.44003906250009,-16.80014648437509,-72.01920166015634,9.120001220703102,20.639965820312455,5.4208984375
1763688600.4097123,4,1,2,-0.12452618364285295,0.08255785460518739,0.21247706509514533,0.0008367576396299944,0.00581004973086279,-0.0011434142034586875,48.48000488281241,2.3999877929687727,-10.067236328125091,75.84002075195315,44.6400085449219,58.85429687499982,10.079980468749909,55.67995605468741,54.982421875,-35.04013671875009,-14.400000000000091,-75.89121093750009,9.120001220703102,20.639965820312455,13.164794921875
1763688600.5985065,4,1,2,-0.10830199115682035,0.03720501767816556,0.2713280460453543,-0.0011767905150604464,0.00545898272925335,-0.0006582805648865838,48.48000488281241,7.200036621093773,-17.81113281250009,75.84002075195315,44.6400085449219,58.85429687499982,10.079980468749909,58.07998046874991,47.238525390625,-35.04013671875009,-21.59995117187509,-68.14719238281259,11.519995117187477,20.639965820312455,5.4208984375
1763688600.6934788,4,1,2,-0.10255012053139749,0.02951647424686961,0.22134782142994053,-0.0007558037898085701,0.006253785053405471,-0.0005952912147798962,46.07998046874991,2.3999877929687727,-13.939062500000091,66.24001464843752,42.2399841308594,70.47026367187482,10.079980468749909,53.28005371093741,54.982421875,-35.04013671875009,-21.59995117187509,-75.89121093750009,9.120001220703102,20.639965820312455,9.292724609375
1763688600.896083,4,1,2,-0.0990543432752624,0.039671195786348395,0.3546293987125353,-0.0013146416567455042,0.005861714402017926,-0.0011765786445330705,48.48000488281241,2.4414062522737368e-05,-10.067236328125091,71.04000244140627,44.6400085449219,54.98247070312482,12.480004882812409,58.07998046874991,54.982421875,-37.44003906250009,-21.59995117187509,-72.01920166015634,11.519995117187477,18.239941406249955,5.4208984375
1763688601.496268,4,1,2,-0.07615015902212154,0.03981248567660203,0.2387718204173899,-0.0006454113966981128,0.004715180592545911,-0.00043361103384675556,46.07998046874991,2.3999877929687727,-13.939062500000091,71.04000244140627,39.83999023437502,62.72636718749982,12.480004882812409,50.88002929687491,54.982421875,-27.83994140625009,-19.20004882812509,-68.14719238281259,6.720007324218727,18.239941406249955,9.292724609375
1763688601.803232,4,1,2,-0.07492583060166266,0.026135986616668487,0.3209847161215727,-0.0010871744811714972,0.005466090672440741,-0.0009520864658866762,46.07998046874991,4.800012207031273,-21.68320312500009,71.04000244140627,39.83999023437502,54.98247070312482,10.079980468749909,53.28005371093741,51.1103515625,-32.63999023437509,-19.20004882812509,-72.01920166015634,11.519995117187477,25.440014648437455,5.4208984375
1763688601.8972595,4,1,2,-0.11912461981995645,0.043608681213924735,0.22422904818546494,-0.0006483415765330574,0.005281539605626052,-0.001220613189100657,43.67995605468741,2.4414062522737368e-05,-10.067236328125091,66.24001464843752,37.43999633789065,62.72636718749982,7.679956054687409,46.07998046874991,51.1103515625,-30.24008789062509,-14.400000000000091,-72.01920166015634,11.519995117187477,18.239941406249955,5.4208984375
1763688602.035916,4,1,2,-0.09490584611847282,0.06812108642844357,0.20792387898871462,-0.00010710775841950293,0.00525756542351532,-0.0009136353090573218,48.48000488281241,2.4414062522737368e-05,-17.81113281250009,66.24001464843752,39.83999023437502,58.85429687499982,10.079980468749909,48.48000488281241,51.1103515625,-35.04013671875009,-16.80014648437509,-75.89121093750009,11.519995117187477,25.440014648437455,5.4208984375
1763688602.238166,4,1,2,-0.06892858912486413,0.055604961798596,0.25748980497814633,-0.0001778015667672306,0.004475650668848564,-0.000660907570491634,46.07998046874991,7.200036621093773,-10.067236328125091,68.6400085449219,39.83999023437502,58.85429687499982,12.480004882812409,50.88002929687491,51.1103515625,-30.24008789062509,-16.80014648437509,-72.01920166015634,16.320013427734352,18.239941406249955,1.548828125
1763688602.4110236,4,1,2,-0.07665700363589502,0.0698494695848425,0.274229487984534,-0.00022692277370571024,0.004633897562990634,-0.0006563171907783727,48.48000488281241,7.200036621093773,-13.939062500000091,68.6400085449219,42.2399841308594,62.72636718749982,12.480004882812409,50.88002929687491,54.982421875,-35.04013671875009,-19.20004882812509,-75.89121093750009,6.720007324218727,15.840039062499955,13.164794921875
1763688603.0046885,4,1,2,-0.08387727823742058,0.016498822607055603,0.2557242668402931,-0.0010085217119675358,0.0043224296164686505,-0.0009744132161683863,43.67995605468741,2.4414062522737368e-05,-13.939062500000091,61.44002685546877,42.2399841308594,51.11040039062482,10.079980468749909,43.67995605468741,47.238525390625,-32.63999023437509,-14.400000000000091,-72.01920166015634,6.720007324218727,18.239941406249955,5.4208984375
1763688603.5944083,4,1,2,-0.11364043050031766,0.03964564841798256,0.22586079542672616,5.531352986080061e-06,0.005238146356242499,-0.0006695889762474714,48.48000488281241,4.800012207031273,-17.81113281250009,68.6400085449219,39.83999023437502,58.85429687499982,10.079980468749909,46.07998046874991,51.1103515625,-35.04013671875009,-16.80014648437509,-68.14719238281259,6.720007324218727,20.639965820312455,-2.3232421875
1763688604.4065216,4,1,2,-0.07639216821806807,0.03824009342458005,0.20494428460833844,-0.0006776700322332679,0.005091156203822326,-0.000680158995523798,43.67995605468741,2.3999877929687727,-13.939062500000091,68.6400085449219,44.6400085449219,43.36625976562482,10.079980468749909,38.88002929687491,51.1103515625,-30.24008789062509,-12.000097656250091,-72.01920166015634,9.120001220703102,18.239941406249955,5.4208984375
1763688604.7022662,4,1,2,-0.058997542499517185,0.058948205096148086,0.22147803232246704,-0.0004891857110302382,0.0047490122125867775,-0.00028450939295127087,48.48000488281241,2.4414062522737368e-05,-10.067236328125091,66.24001464843752,37.43999633789065,54.98247070312482,12.480004882812409,48.48000488281241,54.982421875,-32.63999023437509,-14.400000000000091,-75.89121093750009,4.320013427734352,20.639965820312455,13.164794921875
1763688605.0132031,4,1,2,-0.11845066975087336,0.05153393113945967,0.2565695874854885,-0.0007383349288645129,0.005739649314809315,-0.0008973240096050592,41.27993164062491,2.4414062522737368e-05,-13.939062500000091,66.24001464843752,39.83999023437502,47.23833007812482,14.879907226562409,50.88002929687491,51.1103515625,-30.24008789062509,-14.400000000000091,-68.14719238281259,6.720007324218727,20.639965820312455,1.548828125
1763688605.2167733,4,1,2,-0.09692066010569324,0.06084910568962057,0.27681013689602424,0.0003771132353809841,0.004814935146400711,-0.0002609031136410644,41.27993164062491,2.3999877929687727,-13.939062500000091,61.44002685546877,39.83999023437502,47.23833007812482,10.079980468749909,46.07998046874991,51.1103515625,-32.63999023437509,-16.80014648437509,-72.01920166015634,11.519995117187477,18.239941406249955,9.292724609375
1763688605.406216,4,1,2,-0.09092920013415191,0.06826227871416216,0.20518457944596463,-0.0009482431779504075,0.004931671937081088,-0.0011529430527762571,48.48000488281241,2.3999877929687727,-17.81113281250009,66.24001464843752,37.43999633789065,54.98247070312482,10.079980468749909,48.48000488281241,51.1103515625,-32.63999023437509,-14.400000000000091,-75.89121093750009,9.120001220703102,20.639965820312455,1.548828125
1763688606.3092499,4,1,2,-0.0658764432282137,0.05160763363823368,0.22787881422293005,0.0009571074418932807,0.004558132904540904,-0.0005879895190689033,36.48000488281241,2.3999877929687727,-17.81113281250009,54.24001464843752,42.2399841308594,54.98247070312482,7.679956054687409,41.28005371093741,43.366455078125,-30.24008789062509,-14.400000000000091,-68.14719238281259,6.720007324218727,18.239941406249955,1.548828125
1763688607.0078156,4,1,2,-0.08703591209536833,0.08272469182660257,0.2253880900813682,0.0001858148899158117,0.005287083966669597,-0.0009074362605871429,0,0,0,0,0,0,0,0,0,0,0,0,0,0,0
1763688607.294194,4,1,2,-0.07549894895441202,0.06650748046560387,0.2551912784769828,-0.000602237524417102,0.00536516599212666,-0.0006643085060884738,46.07998046874991,4.800012207031273,-21.68320312500009,61.44002685546877,42.2399841308594,51.11040039062482,7.679956054687409,43.67995605468741,47.238525390625,-32.63999023437509,-12.000097656250091,-68.14719238281259,13.920019531249977,18.239941406249955,-2.3232421875
1763688607.5068564,4,1,2,-0.12397019439041526,0.061872393346134355,0.21010290319568897,0.0005160442718806946,0.006073482415657253,-0.0003619697788711213,43.67995605468741,2.3999877929687727,-13.939062500000091,66.24001464843752,32.6400085449219,54.98247070312482,12.480004882812409,48.48000488281241,54.982421875,-32.63999023437509,-24.00009765625009,-68.14719238281259,9.120001220703102,23.039990234374955,1.548828125
1763688607.6034846,4,1,2,-0.03254899814204598,0.06631608320146465,0.2297607696808776,0.001426567579129692,0.003154894137140392,-0.0007434155856277528,43.67995605468741,-2.3999999999999773,-13.939062500000091,66.24001464843752,39.83999023437502,51.11040039062482,12.480004882812409,53.28005371093741,54.982421875,-27.83994140625009,-21.59995117187509,-72.01920166015634,4.320013427734352,20.639965820312455,-2.3232421875
1763688607.8353307,4,1,2,-0.11069869656725602,0.037526825398616785,0.23931909739221288,-0.0006761322956863414,0.005574490833941983,-0.0004329697159288804,43.67995605468741,-2.3999999999999773,-13.939062500000091,66.24001464843752,39.83999023437502,47.23833007812482,12.480004882812409,48.48000488281241,54.982421875,-27.83994140625009,-12.000097656250091,-72.01920166015634,11.519995117187477,18.239941406249955,13.164794921875
1763688608.1310227,4,1,2,-0.08348399791690368,0.05117702946062351,0.2206855977121055,-0.0009080191339611078,0.0055219073579507744,-0.0006765453671408474,41.27993164062491,2.3999877929687727,-17.81113281250009,56.6400085449219,39.83999023437502,43.36625976562482,10.079980468749909,41.28005371093741,43.366455078125,-30.24008789062509,-14.400000000000091,-72.01920166015634,6.720007324218727,20.639965820312455,-2.3232421875
1763688608.2566946,4,1,2,-0.10436961395645626,0.07148680387024103,0.24168244449432594,0.00010164653716119611,0.0058079218209463965,-0.0005098752595762788,38.88002929687491,2.4414062522737368e-05,-17.81113281250009,56.6400085449219,39.83999023437502,43.36625976562482,12.480004882812409,50.88002929687491,51.1103515625,-30.24008789062509,-19.20004882812509,-64.27518310546884,4.320013427734352,18.239941406249955,-2.3232421875
1763688608.63081,4,1,2,-0.10024389546556467,0.04142414185716179,0.2294255248708117,0.0008543292096248884,0.004862773671784338,-0.0011340108433900036,43.67995605468741,-2.3999999999999773,-6.195166015625091,59.04000244140627,30.239984130859398,54.98247070312482,12.480004882812409,55.67995605468741,62.7265625,-30.24008789062509,-19.20004882812509,-60.40317382812509,6.720007324218727,20.639965820312455,5.4208984375
1763688609.100316,4,1,2,-0.08699927884539882,0.04552262408643509,0.22483464288435254,-0.00010855207879722508,0.0047257187171239065,-0.000749411812400672,50.88002929687491,2.4414062522737368e-05,-17.81113281250009,68.6400085449219,32.6400085449219,62.72636718749982,12.480004882812409,58.07998046874991,70.470458984375,-35.04013671875009,-16.80014648437509,-72.01920166015634,1.9199890136718523,18.239941406249955,13.164794921875
1763688609.6008744,4,1,2,-0.08925446475705039,0.07469254498231187,0.22702958835272727,0.0006359075814801011,0.005028992259407258,-0.0005133115352511541,46.07998046874991,2.4414062522737368e-05,-10.067236328125091,66.24001464843752,35.04000244140627,54.98247070312482,12.480004882812409,55.67995605468741,54.982421875,-32.63999023437509,-19.20004882812509,-68.14719238281259,6.720007324218727,20.639965820312455,9.292724609375
1763688611.4975882,4,1,2,-0.11494242503438716,0.12341109928645332,0.20193717294803082,0.002858210028951792,0.005930415658254938,-0.0005946851244530568,34.07998046874991,-4.799963378906227,-17.81113281250009,49.44002685546877,32.6400085449219,43.36625976562482,14.879907226562409,36.48000488281241,51.1103515625,-25.44003906250009,-16.80014648437509,-60.40317382812509,6.720007324218727,20.639965820312455,-6.195068359375
1763688611.995949,4,1,2,-0.08843110019439451,0.12798640518821547,0.21677596744987923,0.0027462187285850273,0.005788773383135328,-0.00019954159180396404,41.27993164062491,2.4414062522737368e-05,-21.68320312500009,51.84002075195315,35.04000244140627,47.23833007812482,12.480004882812409,38.88002929687491,51.1103515625,-27.83994140625009,-14.400000000000091,-56.53122558593759,4.320013427734352,18.239941406249955,-2.3232421875
