timestamp,position,x_pos,y_pos,fx,fy,fz,tx,ty,tz,mag0_x,mag0_y,mag0_z,mag1_x,mag1_y,mag1_z,mag2_x,mag2_y,mag2_z,mag3_x,mag3_y,mag3_z,mag4_x,mag4_y,mag4_z
1763689112.3653476,8,2,3,0.04791058599760614,-0.011630084236295057,-0.22255010203315048,-0.0014288434882711583,-0.001364190825635599,0.000495997722272791,17.27993164062491,-26.399999999999977,-17.81113281250009,15.840020751953148,20.640008544921898,-3.097607421875182,14.879907226562409,34.07998046874991,66.598388671875,-25.44003906250009,-14.400000000000091,-52.65921630859384,-22.080010986328148,20.639965820312455,-17.811279296875
1763689112.7051656,8,2,3,-0.03327732814228817,0.09789249464225967,-0.21838876906922688,0.00395050717239438,0.001560274270557535,0.00012155285282987565,17.27993164062491,-31.199987792968727,-13.939062500000091,15.840020751953148,13.439996337890648,0.7744628906248181,26.87990722656241,41.28005371093741,74.342529296875,-30.24008789062509,-14.400000000000091,-44.91519775390634,-26.879998779296898,25.440014648437455,-17.811279296875
1763689113.0192175,8,2,3,0.05683786567901123,0.07718434263514769,-0.2303394740215048,0.0011248650751292302,-0.0009435165344996868,2.7523842729013947e-05,19.67995605468741,-28.799963378906227,-6.195166015625091,15.840020751953148,18.239984130859398,4.646289062499818,24.48000488281241,38.88002929687491,82.08642578125,-35.04013671875009,-14.400000000000091,-48.78720703125009,-24.480004882812523,27.840039062499955,-21.68310546875
1763689113.5802283,8,2,3,0.0011600655297751457,0.05562177069770031,-0.20975910953311105,0.0017790539084303679,0.00020785557345372597,0.0001183712630617396,19.67995605468741,-28.799963378906227,-17.81113281250009,18.240014648437523,13.439996337890648,-6.969677734375182,19.67995605468741,46.07998046874991,78.21435546875,-27.83994140625009,-19.20004882812509,-44.91519775390634,-24.480004882812523,25.440014648437455,-17.811279296875
1763689113.7724123,8,2,3,0.014392170866487867,0.013166662512393677,-0.2479869442339226,0.0004240303974046574,-0.0006727142862426577,0.00010225647551260068,24.48000488281241,-26.399999999999977,-6.195166015625091,18.240014648437523,13.439996337890648,0.7744628906248181,22.07998046874991,43.67995605468741,78.21435546875,-25.44003906250009,-14.400000000000091,-52.65921630859384,-22.080010986328148,25.440014648437455,-13.939208984375
1763689113.8699274,8,2,3,0.024212586210225158,0.06866550054325714,-0.24752115596210245,0.000720631456449488,-0.0010493442302116373,0.0004114327830107788,19.67995605468741,-31.199987792968727,-13.939062500000091,15.840020751953148,20.640008544921898,4.646289062499818,24.48000488281241,43.67995605468741,70.470458984375,-27.83994140625009,-12.000097656250091,-44.91519775390634,-22.080010986328148,25.440014648437455,-21.68310546875
1763689114.2723227,8,2,3,0.05259077865226189,0.03847277194172079,-0.3126952544163517,0.0016311869737437937,-0.0008116456113801546,0.00039468308881186563,31.67995605468741,-26.399999999999977,-6.195166015625091,32.6400085449219,20.640008544921898,16.262255859374818,22.07998046874991,55.67995605468741,93.702392578125,-39.83994140625009,-16.80014648437509,-48.78720703125009,-26.879998779296898,32.639965820312455,-2.3232421875
1763689114.5668404,8,2,3,-0.0672917113155852,0.08527052259991083,-0.3028928681048433,0.003639135923114346,0.0024978503971488574,1.332650385847049e-05,34.07998046874991,-28.799963378906227,9.292871093749909,32.6400085449219,30.239984130859398,47.23833007812482,17.27993164062491,70.07998046874991,109.1904296875,-49.44003906250009,-26.40000000000009,-56.53122558593759,-29.279992675781273,44.639965820312455,1.548828125
1763689114.66057,8,2,3,-0.05241343978396566,0.13765394429065342,-0.37466328220420897,0.0027045581881342236,0.0025214182638217467,5.710643055113925e-05,38.88002929687491,-28.799963378906227,5.420800781249909,37.44002685546877,30.239984130859398,43.36625976562482,17.27993164062491,70.07998046874991,116.934326171875,-47.04013671875009,-26.40000000000009,-56.53122558593759,-29.279992675781273,42.239941406249955,1.548828125
1763689114.975181,8,2,3,-0.03438693206658385,0.15444913326572976,-0.419238666689292,0.004515528304480302,0.0023841761981975213,0.00028204026062125266,41.27993164062491,-31.199987792968727,9.292871093749909,32.6400085449219,25.439996337890648,43.36625976562482,26.87990722656241,74.88002929687491,128.550537109375,-54.24008789062509,-24.00009765625009,-60.40317382812509,-29.279992675781273,51.840039062499955,5.4208984375
1763689115.0682454,8,2,3,0.013500195719538262,0.14106186286402128,-0.3057505328758014,0.0034338729590213043,0.0012304801300612317,-0.0003851270880829819,46.07998046874991,-38.39999999999998,20.90883789062491,39.84002075195315,23.040002441406273,47.23833007812482,26.87990722656241,82.07998046874991,144.038330078125,-56.63999023437509,-28.80014648437509,-56.53122558593759,-36.48000488281252,54.239941406249955,5.4208984375
1763689115.1639724,8,2,3,0.00870609163004725,0.17255288603068056,-0.5540304669649536,0.004637606327347034,0.001247400504354768,0.00023234539369050805,46.07998046874991,-35.99997558593748,13.164941406249909,37.44002685546877,23.040002441406273,51.11040039062482,26.87990722656241,77.28005371093741,147.910400390625,-56.63999023437509,-31.20004882812509,-56.53122558593759,-34.08001098632815,51.840039062499955,5.4208984375
1763689115.3665464,8,2,3,-0.05146585393803985,0.12206971975535719,-0.5551621330288716,0.004027216424482678,0.003173650098391325,-8.02959458685729e-08,46.07998046874991,-33.60001220703123,20.90883789062491,47.04000244140627,27.839990234375023,58.85429687499982,34.07998046874991,86.88002929687491,151.782470703125,-63.83994140625009,-33.59995117187509,-52.65921630859384,-34.08001098632815,59.039990234374955,9.292724609375
1763689115.4608848,8,2,3,-0.011730624675013318,0.14537425221578248,-0.4580206065161313,0.0032676092735323334,0.0016956848527049093,0.0004196174938389408,50.88002929687491,-33.60001220703123,17.03676757812491,47.04000244140627,35.04000244140627,58.85429687499982,29.27993164062491,91.67995605468741,155.654541015625,-63.83994140625009,-38.40000000000009,-64.27518310546884,-36.48000488281252,54.239941406249955,17.036865234375
1763689115.6659675,8,2,3,-0.033084812214861876,0.12053823748514814,-0.5960089697615324,0.0020115152208909303,0.0016627751643789332,0.00028894521630832865,60.48000488281241,-35.99997558593748,20.90883789062491,51.84002075195315,27.839990234375023,66.59843749999982,31.67995605468741,98.88002929687491,163.3984375,-66.24008789062509,-33.59995117187509,-56.53122558593759,-41.27999267578127,66.23994140624995,24.78076171875
1763689115.775525,8,2,3,0.0020218285922991575,0.08358741269166259,-0.6151495335199262,0.0015537822952770976,0.0007008638426014356,0.0004393137844646197,62.88002929687491,-35.99997558593748,24.78090820312491,47.04000244140627,32.6400085449219,66.59843749999982,26.87990722656241,94.07998046874991,155.654541015625,-71.04013671875009,-31.20004882812509,-64.27518310546884,-31.679986572265648,56.639965820312455,20.90869140625
1763689115.868493,8,2,3,-0.03842143356391184,0.03343377513878102,-0.5173785841634313,0.0004737580844219626,0.0021828458655873116,5.383661651855293e-06,58.07998046874991,-35.99997558593748,20.90883789062491,54.24001464843752,32.6400085449219,70.47026367187482,22.07998046874991,94.07998046874991,163.3984375,-63.83994140625009,-31.20004882812509,-64.27518310546884,-34.08001098632815,54.239941406249955,28.65283203125
1763689116.2602265,8,2,3,-0.020922263574653988,0.04461960302979584,-0.43301095527160827,0.0005939244057829554,0.0016689064841888437,-0.00012151036061306408,58.07998046874991,-35.99997558593748,20.90883789062491,54.24001464843752,32.6400085449219,70.47026367187482,24.48000488281241,98.88002929687491,159.5263671875,-66.24008789062509,-31.20004882812509,-64.27518310546884,-36.48000488281252,59.039990234374955,20.90869140625
1763689116.2747548,8,2,3,-0.012558472819000757,0.039197951777517524,-0.501286016211067,0.0005364539653823676,0.0017721551240065143,0.00016703160977013808,58.07998046874991,-35.99997558593748,24.78090820312491,56.6400085449219,32.6400085449219,62.72636718749982,29.27993164062491,101.28005371093741,151.782470703125,-63.83994140625009,-33.59995117187509,-64.27518310546884,-36.48000488281252,56.639965820312455,17.036865234375
1763689116.461945,8,2,3,0.011508639801210106,0.059742117559206206,-0.5156938768460944,0.0012303287371343546,0.00034668297061032764,0.0006317567249418034,55.67995605468741,-38.39999999999998,17.03676757812491,49.44002685546877,27.839990234375023,62.72636718749982,29.27993164062491,94.07998046874991,159.5263671875,-68.63999023437509,-31.20004882812509,-64.27518310546884,-34.08001098632815,56.639965820312455,24.78076171875
1763689116.5723617,8,2,3,0.0007017582648798579,0.11144566186182996,-0.4445137939663234,0.002147896055015042,0.0011197363063933869,-0.00020312226157987625,55.67995605468741,-33.60001220703123,20.90883789062491,54.24001464843752,30.239984130859398,58.85429687499982,29.27993164062491,91.67995605468741,151.782470703125,-63.83994140625009,-31.20004882812509,-60.40317382812509,-36.48000488281252,56.639965820312455,20.90869140625
1763689116.6667016,8,2,3,-0.02856235769908956,0.06060726408328682,-0.48336112339630843,0.0005476045783118285,0.0014408235022348181,9.343333838080208e-05,55.67995605468741,-33.60001220703123,20.90883789062491,54.24001464843752,25.439996337890648,62.72636718749982,29.27993164062491,91.67995605468741,155.654541015625,-63.83994140625009,-28.80014648437509,-56.53122558593759,-34.08001098632815,56.639965820312455,20.90869140625
1763689116.7729445,8,2,3,-0.006687822255999024,0.06611154740703125,-0.46427385232025575,0.0014448951640123298,0.0013594820398703138,0.00025991669332799333,58.07998046874991,-35.99997558593748,24.78090820312491,54.24001464843752,27.839990234375023,62.72636718749982,26.87990722656241,89.28005371093741,159.5263671875,-66.24008789062509,-28.80014648437509,-64.27518310546884,-36.48000488281252,59.039990234374955,17.036865234375
1763689116.8674843,8,2,3,-0.03135484724334876,0.07393946393985536,-0.5310811742912068,0.0013363855719218825,0.0008968430112706253,0.0008603780008583738,50.88002929687491,-35.99997558593748,20.90883789062491,49.44002685546877,30.239984130859398,66.59843749999982,31.67995605468741,91.67995605468741,155.654541015625,-59.04013671875009,-33.59995117187509,-60.40317382812509,-36.48000488281252,56.639965820312455,20.90869140625
1763689116.9655313,8,2,3,0.02254078554948481,0.08243860873389318,-0.41632790130661235,0.0009323773509211233,0.000539454794982418,0.0002730272426531182,0,0,0,0,0,0,0,0,0,0,0,0,0,0,0
1763689117.0729203,8,2,3,-0.0064937490349418585,0.04820198873988445,-0.4129928141231749,0.0013047422971487399,0.0008123654987583497,-0.00034638271296929163,53.27993164062491,-38.39999999999998,24.78090820312491,51.84002075195315,30.239984130859398,54.98247070312482,26.87990722656241,91.67995605468741,147.910400390625,-61.44003906250009,-31.20004882812509,-60.40317382812509,-38.8799987792969,61.440014648437455,20.90869140625
1763689117.1784675,8,2,3,0.001399440347402815,0.06475282890328682,-0.513332551052,0.001592278408575583,0.00044692124000482556,8.654467097065061e-05,50.88002929687491,-38.39999999999998,20.90883789062491,56.6400085449219,30.239984130859398,66.59843749999982,29.27993164062491,94.07998046874991,159.5263671875,-68.63999023437509,-31.20004882812509,-64.27518310546884,-34.08001098632815,61.440014648437455,20.90869140625
1763689117.288315,8,2,3,-0.03064823773479044,0.08176065257813708,-0.4799113406698271,0.001213466192358772,0.0011928833652365529,-0.0004516013640474373,50.88002929687491,-35.99997558593748,20.90883789062491,51.84002075195315,30.239984130859398,66.59843749999982,26.87990722656241,91.67995605468741,163.3984375,-61.44003906250009,-28.80014648437509,-60.40317382812509,-34.08001098632815,54.239941406249955,24.78076171875
1763689117.3820503,8,2,3,-0.007144617056654633,0.09707945842538002,-0.46248881211271264,0.0018680548324207158,0.0010833061764756067,0.00025962336358494476,58.07998046874991,-33.60001220703123,24.78090820312491,51.84002075195315,30.239984130859398,58.85429687499982,29.27993164062491,94.07998046874991,147.910400390625,-66.24008789062509,-33.59995117187509,-64.27518310546884,-34.08001098632815,56.639965820312455,20.90869140625
1763689117.5706038,8,2,3,-0.01552346214100863,0.03936954003432188,-0.39694037010066335,0.0012235041487792787,0.00183077344954353,-0.0004963159864030572,53.27993164062491,-35.99997558593748,20.90883789062491,49.44002685546877,30.239984130859398,66.59843749999982,26.87990722656241,94.07998046874991,151.782470703125,-66.24008789062509,-31.20004882812509,-60.40317382812509,-36.48000488281252,56.639965820312455,20.90869140625
1763689117.6923466,8,2,3,-0.004200769237151538,0.0764096116635947,-0.465249635093947,0.0010186507292606636,0.0010536168882578287,-0.00013419191559337556,53.27993164062491,-35.99997558593748,24.78090820312491,49.44002685546877,30.239984130859398,58.85429687499982,24.48000488281241,91.67995605468741,159.5263671875,-63.83994140625009,-28.80014648437509,-52.65921630859384,-31.679986572265648,56.639965820312455,17.036865234375
1763689117.7883582,8,2,3,-0.01626579974131367,0.060329823731114215,-0.5143128894024293,0.0015476862891411322,0.0017190558549948953,0.0003213134912517889,53.27993164062491,-35.99997558593748,17.03676757812491,51.84002075195315,27.839990234375023,58.85429687499982,31.67995605468741,94.07998046874991,151.782470703125,-66.24008789062509,-28.80014648437509,-60.40317382812509,-38.8799987792969,56.639965820312455,17.036865234375
1763689117.9614003,8,2,3,-0.021173595819088748,0.08693423161986369,-0.44716917675362033,0.0011043568187007959,0.001016113665093138,-0.0002845636376890964,55.67995605468741,-38.39999999999998,20.90883789062491,51.84002075195315,30.239984130859398,58.85429687499982,34.07998046874991,96.48000488281241,151.782470703125,-61.44003906250009,-33.59995117187509,-60.40317382812509,-36.48000488281252,54.239941406249955,17.036865234375
1763689117.9749198,8,2,3,-0.02144412343465102,0.07579159559191745,-0.4819400120331549,0.0010088961593077766,0.0013840976946811465,9.45713255012747e-05,53.27993164062491,-38.39999999999998,24.78090820312491,49.44002685546877,30.239984130859398,54.98247070312482,24.48000488281241,89.28005371093741,151.782470703125,-61.44003906250009,-26.40000000000009,-56.53122558593759,-31.679986572265648,54.239941406249955,13.164794921875
1763689118.0729852,8,2,3,0.031123845452463612,0.09735909462223132,-0.4666965077193047,0.001040332770748169,0.000458603514832948,0.00025413052252664986,55.67995605468741,-33.60001220703123,17.03676757812491,47.04000244140627,27.839990234375023,58.85429687499982,26.87990722656241,94.07998046874991,151.782470703125,-63.83994140625009,-31.20004882812509,-56.53122558593759,-38.8799987792969,54.239941406249955,24.78076171875
1763689118.1769156,8,2,3,0.00351577931033812,0.0894741452825907,-0.4314096698944095,0.0013005840827836968,0.001460832381349639,-0.00012197117147754657,48.48000488281241,-40.79996337890623,24.78090820312491,49.44002685546877,27.839990234375023,62.72636718749982,29.27993164062491,94.07998046874991,147.910400390625,-63.83994140625009,-33.59995117187509,-64.27518310546884,-38.8799987792969,61.440014648437455,17.036865234375
1763689118.2875552,8,2,3,-0.01998020306430741,0.08394834540896101,-0.4669735968715256,0.000748664206821487,0.0017370147121259713,0.00041086205702154895,58.07998046874991,-35.99997558593748,17.03676757812491,51.84002075195315,35.04000244140627,62.72636718749982,26.87990722656241,94.07998046874991,159.5263671875,-66.24008789062509,-31.20004882812509,-64.27518310546884,-36.48000488281252,54.239941406249955,24.78076171875
1763689118.4618723,8,2,3,0.029292144049735788,0.09106600109785588,-0.36270569639851624,0.001524108834646454,-0.0003427234064319247,-1.8951003047475916e-05,50.88002929687491,-33.60001220703123,17.03676757812491,47.04000244140627,27.839990234375023,54.98247070312482,29.27993164062491,89.28005371093741,144.038330078125,-61.44003906250009,-28.80014648437509,-56.53122558593759,-38.8799987792969,56.639965820312455,17.036865234375
1763689118.5725684,8,2,3,-0.005540641143418461,0.04121454283318324,-0.4811032155830799,0.0010804213004437378,0.00013004723556829393,0.0002542205602703049,50.88002929687491,-35.99997558593748,20.90883789062491,47.04000244140627,23.040002441406273,51.11040039062482,26.87990722656241,86.88002929687491,151.782470703125,-59.04013671875009,-26.40000000000009,-64.27518310546884,-31.679986572265648,49.440014648437455,9.292724609375
1763689118.5990171,8,2,3,0.005478516629145971,0.07392276131257576,-0.4320188445580736,0.0008505654486827699,0.00031526612842145666,-4.487215796381485e-05,48.48000488281241,-28.799963378906227,17.03676757812491,42.24001464843752,23.040002441406273,54.98247070312482,26.87990722656241,82.07998046874991,136.29443359375,-54.24008789062509,-24.00009765625009,-60.40317382812509,-34.08001098632815,51.840039062499955,9.292724609375
1763689118.775531,8,2,3,0.031407751061577935,0.06935242816804088,-0.31467517153785207,0.0008468129978276986,-7.578296271707786e-05,-0.0003937083267659498,43.67995605468741,-31.199987792968727,9.292871093749909,37.44002685546877,23.040002441406273,31.750292968749818,24.48000488281241,77.28005371093741,128.550537109375,-56.63999023437509,-26.40000000000009,-52.65921630859384,-31.679986572265648,42.239941406249955,5.4208984375
1763689118.879974,8,2,3,-0.0641148712050392,0.03235525669297393,-0.29588935372302183,0.0007007707873264806,0.0014052642019704708,-7.080650962180583e-05,38.88002929687491,-35.99997558593748,13.164941406249909,35.04000244140627,23.040002441406273,35.62236328124982,19.67995605468741,72.48000488281241,120.806396484375,-49.44003906250009,-19.20004882812509,-52.65921630859384,-29.279992675781273,39.840039062499955,1.548828125
1763689119.0664284,8,2,3,-0.002708845223340141,0.060403906542440135,-0.24690531546937436,0.0008043259196903027,3.0496061886194114e-05,0.0002567671657924553,26.88002929687491,-31.199987792968727,-6.195166015625091,25.439996337890648,20.640008544921898,27.878466796874818,19.67995605468741,55.67995605468741,101.446533203125,-42.24008789062509,-21.59995117187509,-52.65921630859384,-31.679986572265648,35.039990234374955,-6.195068359375
1763689119.2993407,8,2,3,0.005504795880162977,0.052189473904588855,-0.2141624945094614,0.0007328423408448114,0.0007184232067859734,-0.00012192934860150189,22.07998046874991,-28.799963378906227,-10.067236328125091,18.240014648437523,20.640008544921898,8.518359374999818,19.67995605468741,46.07998046874991,82.08642578125,-35.04013671875009,-14.400000000000091,-48.78720703125009,-22.080010986328148,30.239941406249955,-13.939208984375
1763689122.0134435,8,2,3,0.00691836352050742,0.04810941043301875,-0.21410701729624215,0.0005599571896977263,-0.0007089346928775107,0.0005028251746486041,12.480004882812409,-23.999975585937477,-25.55502929687509,11.040002441406273,13.439996337890648,-18.585644531250182,17.27993164062491,29.28005371093741,47.238525390625,-20.63999023437509,-7.200048828125091,-48.78720703125009,-22.080010986328148,13.440014648437455,-25.55517578125
1763689124.7685747,8,2,3,0.03966850952254221,0.06161279947203824,-0.28295396472573153,0.0008014922702332172,0.0005983210085948486,0.00016548450557917334,36.48000488281241,-31.199987792968727,5.420800781249909,32.6400085449219,18.239984130859398,31.750292968749818,26.87990722656241,65.28005371093741,113.0625,-44.63999023437509,-19.20004882812509,-52.65921630859384,-34.08001098632815,37.440014648437455,-2.3232421875
1763689124.971188,8,2,3,0.0007037860065326543,0.10730666147519569,-0.3416990985293934,0.002329994266444069,-0.00027140740068865834,-9.180383297985653e-06,36.48000488281241,-33.60001220703123,13.164941406249909,35.04000244140627,25.439996337890648,43.36625976562482,26.87990722656241,72.48000488281241,128.550537109375,-49.44003906250009,-24.00009765625009,-52.65921630859384,-34.08001098632815,39.840039062499955,-2.3232421875
1763689125.1739538,8,2,3,-0.025766723031462914,0.1398688120972011,-0.53517617346247,0.0045673832506943415,-4.8243975145132074e-05,0.0008670026309062999,53.27993164062491,-35.99997558593748,24.78090820312491,44.6400085449219,20.640008544921898,51.11040039062482,31.67995605468741,96.48000488281241,163.3984375,-63.83994140625009,-28.80014648437509,-52.65921630859384,-43.67998657226565,59.039990234374955,24.78076171875
1763689125.2965152,8,2,3,0.0008178176319506777,0.16801849012857145,-0.5758885624371144,0.0027661550590905833,-0.0004978077657463431,0.00037277533445093347,60.48000488281241,-38.39999999999998,24.78090820312491,54.24001464843752,32.6400085449219,78.21440429687482,36.48000488281241,106.07998046874991,175.014404296875,-71.04013671875009,-33.59995117187509,-56.53122558593759,-43.67998657226565,66.23994140624995,28.65283203125
1763689125.3900118,8,2,3,-0.02947171726012643,0.10518828985232327,-0.6265400156208281,0.002875831457852265,0.002023593251706584,4.868009521110007e-05,65.27993164062491,-43.19998779296873,36.39687499999991,66.24001464843752,30.239984130859398,89.83012695312482,34.07998046874991,110.88002929687491,205.990478515625,-80.63999023437509,-40.80014648437509,-64.27518310546884,-43.67998657226565,75.84003906249995,32.52490234375
1763689125.50011,8,2,3,-0.06742159085734922,0.1853877951854184,-0.8057089123658223,0.004320091262772054,0.0024223210818181988,0.0006096941440531116,72.48000488281241,-47.99997558593748,55.75673828124991,71.04000244140627,32.6400085449219,105.31840820312482,38.87990722656241,130.0799804687499,236.966552734375,-87.83994140625009,-38.40000000000009,-60.40317382812509,-48.48000488281252,87.84003906249995,40.268798828125
1763689125.5939233,8,2,3,0.025073959453665307,0.15126969049804953,-0.8864890559620073,0.006003035275582907,0.0031696137389637573,-0.0008164229580146887,79.67995605468741,-50.39999999999998,51.88491210937491,80.6400085449219,42.2399841308594,124.67827148437482,38.87990722656241,139.6799560546874,248.58251953125,-102.24008789062509,-43.20004882812509,-68.14719238281259,-53.27999267578127,95.03999023437495,48.0126953125
1763689125.7038035,8,2,3,0.026915842061518497,0.18393376904293735,-1.0395315991064167,0.005931806872395029,0.0025433149867185255,0.000767400083524875,96.48000488281241,-50.39999999999998,63.50087890624991,92.6400085449219,47.04000244140627,140.16655273437482,43.67995605468741,151.6799560546874,275.6865234375,-104.63999023437509,-45.59995117187509,-75.89121093750009,-55.67998657226565,107.03999023437495,59.62890625
1763689125.8646204,8,2,3,-0.14821298884384274,0.26879602574868355,-1.4459160490417318,0.008783422319668138,0.007033034249694519,0.000551008260353412,108.48000488281241,-55.19998779296873,75.11684570312491,102.24001464843752,59.04000244140627,175.01420898437482,50.87990722656241,173.2800537109374,306.662353515625,-116.63999023437509,-50.40000000000009,-87.50717773437509,-60.48000488281252,128.63996582031245,63.500732421875
1763689125.9725878,8,2,3,-0.15539986705273473,0.20552845950456028,-1.6870359947577231,0.007489508650117807,0.009127452553101108,-8.198904580176058e-05,118.07998046874991,-62.39999999999998,78.98891601562491,111.84002075195315,61.43999633789065,190.50249023437482,46.07998046874991,182.8800292968749,329.89453125,-123.83994140625009,-52.80014648437509,-91.37918701171884,-58.08001098632815,135.84003906249995,63.500732421875
1763689125.9855962,8,2,3,-0.15594580096083857,0.21574607038201624,-1.6017292156739482,0.007763618289943493,0.009052642464782795,-0.0002075937171017422,118.07998046874991,-59.99997558593748,82.86074218749991,114.24001464843752,63.83999023437502,198.24614257812482,48.48000488281241,185.2800537109374,326.0224609375,-128.6399902343751,-55.20004882812509,-91.37918701171884,-65.27999267578127,135.84003906249995,67.372802734375
1763689126.0931745,8,2,3,-0.22032320118940446,0.16294868590222777,-1.765976106539159,0.008113808161570868,0.009510059226871705,-0.00010327808618659155,110.88002929687491,-57.60001220703123,67.37294921874991,109.44002685546877,63.83999023437502,190.50249023437482,50.87990722656241,185.2800537109374,318.278564453125,-123.83994140625009,-55.20004882812509,-87.50717773437509,-62.8799987792969,135.84003906249995,75.11669921875
1763689126.1867294,8,2,3,-0.21545342289022806,0.21878500748316843,-1.6681441686287015,0.007587458120015114,0.010020182119659377,-7.545188423798885e-05,118.07998046874991,-55.19998779296873,78.98891601562491,114.24001464843752,61.43999633789065,186.63041992187482,50.87990722656241,182.8800292968749,326.0224609375,-126.24008789062509,-55.20004882812509,-83.63522949218759,-60.48000488281252,135.84003906249995,71.244873046875
1763689126.2951717,8,2,3,-0.2061064938282496,0.2041058930390574,-1.6357561828258675,0.007312700423117989,0.009848164018344454,-6.388232741516716e-05,110.88002929687491,-59.99997558593748,75.11684570312491,111.84002075195315,59.04000244140627,186.63041992187482,48.48000488281241,182.8800292968749,322.150390625,-123.83994140625009,-57.59995117187509,-87.50717773437509,-60.48000488281252,135.84003906249995,63.500732421875
1763689126.3743,8,2,3,-0.17244802629897238,0.20429819912119357,-1.5515840815981838,0.007504317831163129,0.00948383214009701,-0.0005023508528585512,115.67995605468741,-59.99997558593748,78.98891601562491,114.24001464843752,61.43999633789065,186.63041992187482,48.48000488281241,180.4800048828124,322.150390625,-126.24008789062509,-55.20004882812509,-91.37918701171884,-58.08001098632815,131.03999023437495,71.244873046875
1763689126.469318,8,2,3,-0.15306628559957286,0.22869947508716398,-1.5526022043553076,0.007402113588691962,0.00817417441782927,0.0003543004573651324,113.27993164062491,-59.99997558593748,75.11684570312491,114.24001464843752,59.04000244140627,186.63041992187482,53.27993164062491,180.4800048828124,322.150390625,-126.24008789062509,-52.80014648437509,-87.50717773437509,-65.27999267578127,138.23994140624995,75.11669921875
1763689126.6756108,8,2,3,-0.17932425125694793,0.1906862597601799,-1.5191776576085534,0.007075284886347651,0.009164582338698811,-0.00025694087781239915,113.27993164062491,-57.60001220703123,75.11684570312491,109.44002685546877,61.43999633789065,182.75834960937482,50.87990722656241,178.0799804687499,326.0224609375,-126.24008789062509,-55.20004882812509,-87.50717773437509,-60.48000488281252,131.03999023437495,71.244873046875
1763689126.7701077,8,2,3,-0.17893049355019422,0.15578342978374793,-1.4688620999634843,0.00682603551214712,0.00804098157617817,0.00015366934708558266,113.27993164062491,-57.60001220703123,78.98891601562491,109.44002685546877,59.04000244140627,186.63041992187482,50.87990722656241,180.4800048828124,318.278564453125,-128.6399902343751,-52.80014648437509,-83.63522949218759,-62.8799987792969,128.63996582031245,71.244873046875
1763689126.863763,8,2,3,-0.14920436467805243,0.19897624690695703,-1.5054140778498337,0.006327234318444347,0.007860585463534329,-0.00010011221946556754,115.67995605468741,-52.79996337890623,78.98891601562491,114.24001464843752,63.83999023437502,186.63041992187482,50.87990722656241,182.8800292968749,318.278564453125,-126.24008789062509,-50.40000000000009,-87.50717773437509,-60.48000488281252,133.44001464843745,67.372802734375
1763689127.2697828,8,2,3,-0.14002260052754428,0.18263935982430146,-1.4563949343198337,0.006034946616114989,0.008069720104160207,-0.000316993303740307,110.88002929687491,-64.79996337890623,75.11684570312491,116.6400085449219,61.43999633789065,186.63041992187482,50.87990722656241,180.4800048828124,322.150390625,-126.24008789062509,-52.80014648437509,-87.50717773437509,-65.27999267578127,128.63996582031245,63.500732421875
1763689127.3613398,8,2,3,-0.13693218396315784,0.17945425773357823,-1.5194231480529568,0.007167985949358404,0.007960765299218516,-0.00025613475964181764,115.67995605468741,-55.19998779296873,78.98891601562491,111.84002075195315,59.04000244140627,186.63041992187482,48.48000488281241,178.0799804687499,318.278564453125,-123.83994140625009,-55.20004882812509,-87.50717773437509,-60.48000488281252,138.23994140624995,71.244873046875
1763689127.472995,8,2,3,-0.14127018422553528,0.19436862388000944,-1.4208038819361153,0.006482096231929323,0.00771377283078508,-0.00022524620775741058,110.88002929687491,-57.60001220703123,78.98891601562491,114.24001464843752,61.43999633789065,178.88627929687482,53.27993164062491,180.4800048828124,318.278564453125,-123.83994140625009,-50.40000000000009,-91.37918701171884,-58.08001098632815,131.03999023437495,67.372802734375
1763689127.5701823,8,2,3,-0.13276448395784246,0.18865751054253596,-1.387906152645499,0.006447542335429596,0.007830831528199387,-0.00013498193162418811,108.48000488281241,-59.99997558593748,75.11684570312491,111.84002075195315,61.43999633789065,194.37456054687482,50.87990722656241,180.4800048828124,314.406494140625,-123.83994140625009,-48.00009765625009,-91.37918701171884,-60.48000488281252,133.44001464843745,67.372802734375
1763689127.6754277,8,2,3,-0.15051571816280807,0.1733514220083281,-1.520324358836545,0.0064522069111708335,0.006945007398238233,-0.00033738266714823325,110.88002929687491,-59.99997558593748,82.86074218749991,111.84002075195315,59.04000244140627,186.63041992187482,53.27993164062491,178.0799804687499,322.150390625,-126.24008789062509,-50.40000000000009,-87.50717773437509,-62.8799987792969,133.44001464843745,63.500732421875
1763689127.9725413,8,2,3,-0.11440082972066826,0.19282257193080407,-1.421852215193837,0.006322118316423956,0.006632852548688097,8.615766195269048e-05,120.48000488281241,-57.60001220703123,78.98891601562491,111.84002075195315,63.83999023437502,186.63041992187482,48.48000488281241,178.0799804687499,326.0224609375,-123.83994140625009,-52.80014648437509,-91.37918701171884,-60.48000488281252,128.63996582031245,71.244873046875
1763689128.0635798,8,2,3,-0.1418425225921287,0.17646496727019872,-1.3526595271432738,0.006525263390899194,0.007264937397279356,-0.00035560249270112925,115.67995605468741,-59.99997558593748,78.98891601562491,111.84002075195315,63.83999023437502,186.63041992187482,50.87990722656241,178.0799804687499,322.150390625,-126.24008789062509,-52.80014648437509,-83.63522949218759,-62.8799987792969,131.03999023437495,67.372802734375
1763689128.1087873,8,2,3,-0.14049483899645707,0.1665975573015132,-1.4555958339193873,0.006087455863567473,0.0072310990017048415,-2.5239320425929964e-06,113.27993164062491,-59.99997558593748,78.98891601562491,111.84002075195315,63.83999023437502,182.75834960937482,50.87990722656241,180.4800048828124,326.0224609375,-121.44003906250009,-55.20004882812509,-87.50717773437509,-60.48000488281252,131.03999023437495,55.7568359375
1763689128.188847,8,2,3,-0.12451093457869694,0.2062538787990279,-1.352734756663092,0.006777172198058509,0.007110133308268504,-0.00012272895462122875,110.88002929687491,-59.99997558593748,75.11684570312491,109.44002685546877,59.04000244140627,186.63041992187482,50.87990722656241,178.0799804687499,318.278564453125,-121.44003906250009,-52.80014648437509,-83.63522949218759,-55.67998657226565,133.44001464843745,63.500732421875
1763689128.2999547,8,2,3,-0.13973054128701629,0.18514267896836734,-1.456240026026023,0.006071876294538535,0.007498851660879581,0.00015196748623480657,113.27993164062491,-57.60001220703123,75.11684570312491,111.84002075195315,61.43999633789065,190.50249023437482,53.27993164062491,180.4800048828124,314.406494140625,-123.83994140625009,-50.40000000000009,-83.63522949218759,-62.8799987792969,131.03999023437495,67.372802734375
1763689128.474356,8,2,3,-0.12293302111645527,0.197840160022665,-1.421588124388484,0.0063650825927693165,0.006703775097914369,0.00024242523088078248,110.88002929687491,-55.19998779296873,75.11684570312491,109.44002685546877,59.04000244140627,182.75834960937482,50.87990722656241,180.4800048828124,314.406494140625,-131.0401367187501,-50.40000000000009,-83.63522949218759,-58.08001098632815,135.84003906249995,71.244873046875
1763689128.5651584,8,2,3,-0.13241874914752505,0.16170047227886905,-1.26981284809741,0.006265234322489494,0.007098096428862308,-0.000325935615337496,110.88002929687491,-55.19998779296873,75.11684570312491,114.24001464843752,61.43999633789065,182.75834960937482,53.27993164062491,175.6799560546874,318.278564453125,-123.83994140625009,-55.20004882812509,-87.50717773437509,-62.8799987792969,128.63996582031245,67.372802734375
1763689128.674231,8,2,3,-0.12551724088915048,0.17312064582066444,-1.3172085249739345,0.0068709789366683234,0.005631239730858703,4.932462380825462e-05,106.07998046874991,-52.79996337890623,71.24477539062491,109.44002685546877,59.04000244140627,182.75834960937482,48.48000488281241,173.2800537109374,306.662353515625,-119.04013671875009,-50.40000000000009,-83.63522949218759,-58.08001098632815,128.63996582031245,63.500732421875
1763689128.7708097,8,2,3,-0.14348161669777992,0.16868097126884546,-1.2579776064984483,0.004979202742435229,0.0075453009081205774,-0.0002496006625795984,101.27993164062491,-55.19998779296873,63.50087890624991,104.6400085449219,54.2399841308594,159.52641601562482,43.67995605468741,166.0799804687499,295.04638671875,-114.24008789062509,-45.59995117187509,-79.76322021484384,-55.67998657226565,116.63996582031245,63.500732421875
1763689128.8638544,8,2,3,-0.08000994622242602,0.13364165957078789,-1.1089050863152023,0.004271923939341596,0.004483242928648087,-0.0001973876392525548,101.27993164062491,-57.60001220703123,67.37294921874991,90.24001464843752,44.6400085449219,151.78227539062482,48.48000488281241,156.4800048828124,279.558349609375,-109.44003906250009,-43.20004882812509,-79.76322021484384,-55.67998657226565,111.84003906249995,59.62890625
1763689129.065927,8,2,3,-0.014921704648934758,0.1378582793717969,-0.8341086069266946,0.005612179642549098,0.0006956383998846464,6.142965532526806e-05,84.48000488281241,-52.79996337890623,51.88491210937491,83.04000244140627,37.43999633789065,120.80620117187482,36.48000488281241,142.0799804687499,240.83837890625,-95.04013671875009,-38.40000000000009,-68.14719238281259,-53.27999267578127,95.03999023437495,48.0126953125
1763689129.2676277,8,2,3,0.03384556824083002,0.17716214640240519,-0.601621264104161,0.005023891008487355,-0.001216710755228497,0.00029412597570222437,67.67995605468741,-50.39999999999998,44.14077148437491,61.44002685546877,25.439996337890648,82.08623046874982,41.27993164062491,120.48000488281241,209.862548828125,-83.04013671875009,-31.20004882812509,-60.40317382812509,-48.48000488281252,80.63996582031245,36.396728515625
1763689129.362681,8,2,3,-0.002632826846556656,0.1140152813009598,-0.4376246353851775,0.003206676479530941,-0.00164428296263897,-4.049126828646512e-05,65.27993164062491,-50.39999999999998,44.14077148437491,56.6400085449219,20.640008544921898,82.08623046874982,36.48000488281241,113.28005371093741,198.246337890625,-75.83994140625009,-31.20004882812509,-56.53122558593759,-46.08001098632815,73.44001464843745,36.396728515625
1763689129.4723969,8,2,3,0.03349595470481949,0.11505410872983436,-0.35562701949071135,0.0029153881408741124,-0.0023259273716414366,-1.2913142406915473e-05,62.88002929687491,-43.19998779296873,32.52480468749991,49.44002685546877,20.640008544921898,62.72636718749982,36.48000488281241,98.88002929687491,178.886474609375,-71.04013671875009,-26.40000000000009,-56.53122558593759,-38.8799987792969,63.840039062499955,28.65283203125
1763689129.767978,8,2,3,-0.03476040708444801,0.08079780736808283,-0.22131717984561386,0.0024859618546950305,-0.000693296578650821,3.6933089065285156e-05,38.88002929687491,-40.79996337890623,9.292871093749909,32.6400085449219,23.040002441406273,31.750292968749818,26.87990722656241,70.07998046874991,132.42236328125,-51.83994140625009,-21.59995117187509,-52.65921630859384,-36.48000488281252,49.440014648437455,5.4208984375
1763689132.074709,8,2,3,0.01731362111223428,0.07382330618430971,-0.2310358127353736,0.0004247657357806412,-0.0011767183433483096,0.00010285610577849171,22.07998046874991,-38.39999999999998,-10.067236328125091,13.439996337890648,18.239984130859398,-3.097607421875182,24.48000488281241,36.48000488281241,82.08642578125,-30.24008789062509,-12.000097656250091,-48.78720703125009,-22.080010986328148,25.440014648437455,-21.68310546875
1763689132.7765455,8,2,3,0.00404048603258614,0.060154580249007696,-0.22738823026439436,0.0013244449998417967,-0.001047654969336879,0.0003439399996720669,14.880029296874909,-35.99997558593748,-13.939062500000091,11.040002441406273,13.439996337890648,-6.969677734375182,29.27993164062491,36.48000488281241,78.21435546875,-25.44003906250009,-9.599951171875091,-44.91519775390634,-26.879998779296898,23.039990234374955,-21.68310546875
1763689133.2912977,8,2,3,0.0332186539740383,0.10468828963384547,-0.21273854822409863,0.0010281410386365885,-0.001498834001165977,0.0003437048428335977,14.880029296874909,-33.60001220703123,-17.81113281250009,11.040002441406273,11.040002441406273,-10.841748046875182,22.07998046874991,34.07998046874991,78.21435546875,-30.24008789062509,-7.200048828125091,-37.17124023437509,-24.480004882812523,20.639965820312455,-21.68310546875
1763689133.4946065,8,2,3,0.013260520732195224,0.044629919190177246,-0.21178631026738942,0.0010302876274612327,-0.001029957368750111,0.0001149994061074665,14.880029296874909,-33.60001220703123,-13.939062500000091,15.840020751953148,13.439996337890648,-6.969677734375182,26.87990722656241,36.48000488281241,74.342529296875,-25.44003906250009,-9.599951171875091,-48.78720703125009,-26.879998779296898,20.639965820312455,-21.68310546875
1763689133.8725038,8,2,3,0.0024231801993792514,0.050458758647787996,-0.225978891291506,0.0015736876575384346,-0.001022875036847271,3.367096388182358e-05,17.27993164062491,-28.799963378906227,-10.067236328125091,15.840020751953148,18.239984130859398,-6.969677734375182,24.48000488281241,38.88002929687491,66.598388671875,-23.04013671875009,-2.400000000000091,-41.04318847656259,-24.480004882812523,25.440014648437455,-21.68310546875
1763689134.970265,8,2,3,-0.06605068819869891,0.08372916892083972,-0.3431332083282097,0.0016199983987950852,0.0011346521540661722,0.0003026807330781356,46.07998046874991,-40.79996337890623,17.03676757812491,37.44002685546877,23.040002441406273,47.23833007812482,29.27993164062491,77.28005371093741,140.16650390625,-51.83994140625009,-24.00009765625009,-56.53122558593759,-34.08001098632815,56.639965820312455,1.548828125
1763689135.2700155,8,2,3,-0.03016767496762317,0.14945195521996363,-0.5721997040838662,0.0035950793529056528,0.0009172133981301318,-8.926129747881625e-05,53.27993164062491,-40.79996337890623,32.52480468749991,54.24001464843752,30.239984130859398,70.47026367187482,24.48000488281241,98.88002929687491,178.886474609375,-68.63999023437509,-31.20004882812509,-60.40317382812509,-41.27999267578127,66.23994140624995,20.90869140625
1763689135.3768098,8,2,3,-0.031170008575387195,0.10525215379561044,-0.6934753648326738,0.0032064735385058697,0.0022132569872945454,0.0007298993572527403,62.88002929687491,-40.79996337890623,36.39687499999991,59.04000244140627,32.6400085449219,89.83012695312482,31.67995605468741,113.28005371093741,198.246337890625,-78.24008789062509,-40.80014648437509,-68.14719238281259,-43.67998657226565,78.23994140624995,28.65283203125
1763689135.677519,8,2,3,-0.09571775441858942,0.13078840142506276,-1.0552656628812795,0.005582113241351725,0.0068944191914604115,-0.00024981000789728054,0,0,0,0,0,0,0,0,0,0,0,0,0,0,0
1763689135.77165,8,2,3,-0.14976341177035807,0.16935103024880818,-1.2696949783621798,0.006320773908830752,0.007807354176946403,-0.00024788893060162195,98.88002929687491,-55.19998779296873,71.24477539062491,95.04000244140627,49.43999633789065,155.65434570312482,50.87990722656241,158.8800292968749,291.174560546875,-116.63999023437509,-45.59995117187509,-79.76322021484384,-58.08001098632815,114.23994140624995,55.7568359375
1763689135.8634317,8,2,3,-0.14305455965346733,0.2999878646856061,-1.4765367755950192,0.009673240729364872,0.007940805030831492,-0.00024042928580500261,103.67995605468741,-64.79996337890623,71.24477539062491,102.24001464843752,56.6400085449219,178.88627929687482,50.87990722656241,168.4800048828124,314.406494140625,-119.04013671875009,-45.59995117187509,-83.63522949218759,-62.8799987792969,128.63996582031245,59.62890625
1763689135.9747403,8,2,3,-0.24797894786306388,0.22556627349619274,-1.627278486662243,0.0091579730488363,0.01023696330055733,-0.00013254213186622587,0,0,0,0,0,0,0,0,0,0,0,0,0,0,0
1763689136.067993,8,2,3,-0.237931062344581,0.24022291370962134,-1.729436810246399,0.00891259230669878,0.010131986546017985,-0.0001714735591366286,125.27993164062491,-62.39999999999998,90.60488281249991,121.44002685546877,73.43999633789065,209.86235351562482,50.87990722656241,199.6800781249999,353.12646484375,-143.0401367187501,-57.59995117187509,-99.12320556640634,-72.48000488281252,150.23994140624995,67.372802734375
1763689136.1636572,8,2,3,-0.28490395379973593,0.21557343316394367,-2.0607232242289903,0.006869532412225897,0.01627504055628153,-0.0002949572453345734,130.0799804687499,-69.60001220703123,98.34877929687491,131.04000244140627,83.04000244140627,233.09428710937482,55.67995605468741,209.2799316406249,387.974365234375,-150.2400878906251,-60.00009765625009,-102.99521484375009,-74.8799987792969,169.44001464843745,82.86083984375
1763689136.3684273,8,2,3,-0.30636264577928274,0.2770115336045504,-2.4461045732062328,0.0117775369240674,0.017324562357756475,-0.00018167310334140947,156.4800048828124,-88.79996337890623,117.70888671874991,155.0400329589844,92.6400085449219,271.8145019531248,72.48000488281241,252.4801269531249,457.67041015625,-174.2400878906251,-62.40000000000009,-118.48319091796884,-91.67998657226565,191.03999023437495,90.604736328125
1763689136.6632156,8,2,3,-0.5103948356882252,0.16371631943759657,-3.193927919870137,0.009192215077230555,0.02496805673364418,-0.00021279475744442498,190.0799804687499,-110.39999999999998,129.3248535156249,193.43999633789065,123.83999023437502,318.2783691406248,94.07998046874991,300.4801269531249,550.598388671875,-200.6399902343751,-62.40000000000009,-145.58719482421884,-115.67998657226565,234.23994140624995,106.0927734375
1763689136.7719398,8,2,3,-0.4181082975900716,0.2574286858227061,-3.4593853122795117,0.010591415106602876,0.022083267841259094,1.8433439275718222e-06,202.0799804687499,-115.19998779296873,121.58095703124991,207.84002075195315,131.04000244140627,337.6382324218748,96.48000488281241,317.2799316406249,577.702392578125,-210.2400878906251,-62.40000000000009,-161.0751708984376,-125.27999267578127,246.23994140624995,109.96484375
1763689136.9728494,8,2,3,-0.516816948236969,0.2314051743061769,-3.6007529428280547,0.008948359626258166,0.026634905465645314,0.00033890971442273807,206.8800292968749,-115.19998779296873,133.1969238281249,207.84002075195315,140.6400085449219,329.8945800781248,96.48000488281241,314.8800292968749,577.702392578125,-212.6399902343751,-60.00009765625009,-161.0751708984376,-122.8799987792969,246.23994140624995,113.8369140625
1763689137.0661519,8,2,3,-0.46582650286545224,0.23224881673291758,-3.4496871764421564,0.00917100094678203,0.025941814134607305,-7.575239070387735e-05,202.0799804687499,-115.19998779296873,129.3248535156249,205.43999633789065,135.83999023437502,337.6382324218748,94.07998046874991,319.6800781249999,573.83056640625,-215.0401367187501,-60.00009765625009,-157.2032226562501,-122.8799987792969,248.63996582031245,109.96484375
1763689137.1768565,8,2,3,-0.48660683923468095,0.20046047858254248,-3.4192801724422486,0.00792605726106728,0.02516968330105411,0.00024513181103492454,202.0799804687499,-115.19998779296873,133.1969238281249,207.84002075195315,135.83999023437502,337.6382324218748,96.48000488281241,317.2799316406249,581.574462890625,-207.8399414062501,-62.40000000000009,-161.0751708984376,-122.8799987792969,248.63996582031245,113.8369140625
1763689137.5696175,8,2,3,-0.43749883775217235,0.21191178897041596,-3.2461034312292387,0.008940706326028953,0.022068945554415624,7.491909283278584e-05,202.0799804687499,-117.60001220703123,125.45278320312491,205.43999633789065,131.04000244140627,329.8945800781248,101.27993164062491,322.0799804687499,569.95849609375,-207.8399414062501,-62.40000000000009,-157.2032226562501,-125.27999267578127,243.84003906249995,106.0927734375
1763689137.67717,8,2,3,-0.4116724237809438,0.22745029085256335,-3.279781660469348,0.009058416312804995,0.021657613470173996,-0.00017274086695385094,202.0799804687499,-119.99997558593748,133.1969238281249,205.43999633789065,133.43999633789065,329.8945800781248,101.27993164062491,319.6800781249999,573.83056640625,-205.4400390625001,-62.40000000000009,-145.58719482421884,-122.8799987792969,248.63996582031245,113.8369140625
1763689137.7723398,8,2,3,-0.39520644198656285,0.2469626546903666,-3.2624044512863235,0.009391198845198208,0.021613833665571073,-0.0002450753029122543,199.6799560546874,-117.60001220703123,133.1969238281249,205.43999633789065,131.04000244140627,333.7661621093748,98.87990722656241,317.2799316406249,573.83056640625,-210.2400878906251,-57.59995117187509,-161.0751708984376,-125.27999267578127,241.44001464843745,109.96484375
1763689137.9761307,8,2,3,-0.37666230445515125,0.24994064731742816,-3.111301808792587,0.009305289669849608,0.020626278934238556,-0.0001920565743902705,202.0799804687499,-115.19998779296873,133.1969238281249,203.0400329589844,131.04000244140627,322.1504394531248,96.48000488281241,317.2799316406249,569.95849609375,-210.2400878906251,-60.00009765625009,-157.2032226562501,-127.68000183105471,239.03999023437495,109.96484375
1763689138.1780572,8,2,3,-0.3862025264969058,0.22425417011051038,-3.0610330406538218,0.00927843044186762,0.02099750281656268,-1.54609671044921e-05,206.8800292968749,-117.60001220703123,125.45278320312491,203.0400329589844,131.04000244140627,329.8945800781248,96.48000488281241,319.6800781249999,585.446533203125,-205.4400390625001,-57.59995117187509,-153.33121337890634,-125.27999267578127,246.23994140624995,117.708740234375
1763689138.3650239,8,2,3,-0.4033693395190662,0.22526060627707378,-3.144557864343083,0.009264936533507073,0.020945109538214927,0.00018918325588612945,0,0,0,0,0,0,0,0,0,0,0,0,0,0,0
1763689138.6770668,8,2,3,-0.3918196914430794,0.20074150041541355,-3.1817662127757727,0.008390320626585755,0.02064269327532112,0.00033045791105510303,204.4800048828124,-119.99997558593748,125.45278320312491,200.6400085449219,128.6400085449219,326.0225097656248,96.48000488281241,314.8800292968749,573.83056640625,-210.2400878906251,-62.40000000000009,-157.2032226562501,-120.48000488281252,241.44001464843745,109.96484375
1763689138.7706954,8,2,3,-0.4039546658329033,0.21736867693690692,-3.1266951141481796,0.009376199224408736,0.02048872117803742,0.00011846373515183358,204.4800048828124,-119.99997558593748,125.45278320312491,198.24004516601565,131.04000244140627,329.8945800781248,98.87990722656241,319.6800781249999,569.95849609375,-210.2400878906251,-60.00009765625009,-157.2032226562501,-125.27999267578127,241.44001464843745,106.0927734375
1763689138.8663628,8,2,3,-0.41306010068317783,0.21290320371229296,-2.9915305367579554,0.009555434871656748,0.02048785078697353,0.00048070045683238326,204.4800048828124,-117.60001220703123,133.1969238281249,203.0400329589844,135.83999023437502,326.0225097656248,98.87990722656241,312.4801269531249,577.702392578125,-210.2400878906251,-60.00009765625009,-157.2032226562501,-125.27999267578127,243.84003906249995,113.8369140625
1763689139.1765878,8,2,3,-0.39337119976230994,0.22426076729914257,-3.0270408469594807,0.00914383851519666,0.0198359603191801,0.0005431482963785378,202.0799804687499,-117.60001220703123,129.3248535156249,203.0400329589844,131.04000244140627,329.8945800781248,101.27993164062491,312.4801269531249,573.83056640625,-210.2400878906251,-60.00009765625009,-153.33121337890634,-122.8799987792969,246.23994140624995,113.8369140625
1763689139.2712035,8,2,3,-0.35990753709636325,0.19592774261164794,-3.0280421399096555,0.00909000727547794,0.019271774284000006,0.0005447376994768178,197.2799316406249,-117.60001220703123,121.58095703124991,200.6400085449219,133.43999633789065,333.7661621093748,96.48000488281241,319.6800781249999,573.83056640625,-207.8399414062501,-62.40000000000009,-153.33121337890634,-122.8799987792969,246.23994140624995,109.96484375
1763689139.4742239,8,2,3,-0.2804088183411655,0.225101843512228,-2.689037843954993,0.009470534401472755,0.014887106850193692,0.00019443501263737245,187.6799560546874,-107.99997558593748,125.45278320312491,191.0400329589844,114.2399841308594,302.7905761718748,91.67995605468741,298.0799804687499,527.366455078125,-193.4400390625001,-57.59995117187509,-141.7151855468751,-113.27999267578127,222.23994140624995,106.0927734375
1763689139.6770308,8,2,3,-0.23911404997491026,0.18908638552758236,-2.1648479151865434,0.006170312896866786,0.013882531490304686,0.0006827052067813245,166.0799804687499,-93.60001220703123,113.83681640624991,169.43999633789065,92.6400085449219,267.9424316406248,74.87990722656241,262.0799804687499,461.54248046875,-176.6399902343751,-57.59995117187509,-126.22720947265634,-98.8799987792969,191.03999023437495,98.348876953125
1763689139.8647566,8,2,3,-0.09350309076812444,0.126430274679037,-1.3854767877817586,0.001646684251092244,0.00217668221753607,0.000396175197794966,134.8800292968749,-79.19998779296873,94.47695312499991,131.04000244140627,73.43999633789065,209.86235351562482,62.87990722656241,221.2799316406249,384.1025390625,-145.4400390625001,-48.00009765625009,-106.86722412109384,-77.27999267578127,155.03999023437495,90.604736328125
1763689139.9745002,8,2,3,-0.27708050079904795,0.35151223172802937,-1.0346107469429722,0.004535893908062546,0.0056720458838001786,0.0003597700886962692,132.4800048828124,-69.60001220703123,82.86074218749991,121.44002685546877,59.04000244140627,182.75834960937482,62.87990722656241,202.0799804687499,345.38232421875,-128.6399902343751,-45.59995117187509,-99.12320556640634,-77.27999267578127,140.63996582031245,86.73291015625
1763689140.0692306,8,2,3,0.009521909598157855,0.13237824976564827,-0.8718033100507483,0.00554090562110239,0.003099554813351648,0.00020489969876341657,120.48000488281241,-67.19998779296873,75.11684570312491,111.84002075195315,51.83999023437502,163.39848632812482,53.27993164062491,185.2800537109374,310.534423828125,-116.63999023437509,-33.59995117187509,-87.50717773437509,-72.48000488281252,121.44001464843745,75.11669921875
1763689140.2709389,8,2,3,0.13821631358754854,0.07395897074931321,-0.505048687910628,0.005376475098553725,0.00045525647226691245,-5.187302266452474e-05,94.07998046874991,-59.99997558593748,59.62880859374991,85.44002685546877,39.83999023437502,120.80620117187482,46.07998046874991,156.4800048828124,267.9423828125,-102.24008789062509,-40.80014648437509,-79.76322021484384,-65.27999267578127,99.84003906249995,51.884765625
1763689140.3664625,8,2,3,-0.042045015362709666,0.08710185045550525,-0.3253537174077277,0.001971290706307778,0.0013206897853949217,-0.00047163939632069793,86.88002929687491,-59.99997558593748,55.75673828124991,80.6400085449219,30.239984130859398,105.31840820312482,46.07998046874991,144.4800048828124,256.326416015625,-95.04013671875009,-31.20004882812509,-72.01920166015634,-58.08001098632815,95.03999023437495,48.0126953125
1763689140.5709627,8,2,3,0.06066781257906547,0.10243738865500436,-0.3440380816053684,0.0023038796670080772,-0.0007888158168364909,6.803823251819079e-05,77.27993164062491,-57.60001220703123,40.26894531249991,71.04000244140627,27.839990234375023,89.83012695312482,36.48000488281241,130.0799804687499,233.094482421875,-83.04013671875009,-33.59995117187509,-68.14719238281259,-55.67998657226565,83.03999023437495,44.140869140625
1763689140.6650414,8,2,3,-0.018055565660397597,0.08872424979515359,-0.37378838303021883,0.0025041881987142496,-0.00029492360579529446,6.0030377694303655e-05,74.88002929687491,-57.60001220703123,36.39687499999991,66.24001464843752,27.839990234375023,82.08623046874982,36.48000488281241,127.67995605468741,209.862548828125,-78.24008789062509,-26.40000000000009,-68.14719238281259,-55.67998657226565,78.23994140624995,36.396728515625
1763689140.7718527,8,2,3,-0.011194091087484257,0.024479067584047415,-0.22291870980953485,0.002360153789594885,-0.000324023210895217,-3.746768099354664e-05,65.27993164062491,-52.79996337890623,36.39687499999991,61.44002685546877,27.839990234375023,82.08623046874982,34.07998046874991,115.67995605468741,198.246337890625,-80.63999023437509,-28.80014648437509,-56.53122558593759,-50.8799987792969,73.44001464843745,32.52490234375
1763689145.2725084,8,2,3,0.009301262335532978,0.0387921831309051,-0.21594778492003497,-1.8854144677228645e-05,-0.001016959833448866,0.0004221930685966125,24.48000488281241,-33.60001220703123,-13.939062500000091,25.439996337890648,20.640008544921898,8.518359374999818,22.07998046874991,48.48000488281241,89.83056640625,-35.04013671875009,-7.200048828125091,-52.65921630859384,-26.879998779296898,35.039990234374955,-10.067138671875
1763689146.189432,8,2,3,0.0071994614009580245,0.08251689470679271,-0.2988381693293361,0.0006261090005915004,0.000495733295681432,7.917869158812442e-05,36.48000488281241,-35.99997558593748,-2.323095703125091,32.6400085449219,23.040002441406273,27.878466796874818,22.07998046874991,62.88002929687491,109.1904296875,-42.24008789062509,-14.400000000000091,-48.78720703125009,-26.879998779296898,39.840039062499955,-2.3232421875
1763689146.3649983,8,2,3,0.003198828126354209,0.03399357826560858,-0.21218727808065635,0.001087029443346349,0.0004696188851229307,-0.0002744833818183191,41.27993164062491,-35.99997558593748,9.292871093749909,37.44002685546877,25.439996337890648,35.62236328124982,24.48000488281241,65.28005371093741,116.934326171875,-51.83994140625009,-19.20004882812509,-56.53122558593759,-31.679986572265648,44.639965820312455,5.4208984375
1763689146.4768405,8,2,3,-0.03211112226218085,0.10531324017279342,-0.2749826828813129,0.001988253424358001,0.0003878717242799509,1.3658681313879443e-05,43.67995605468741,-40.79996337890623,9.292871093749909,37.44002685546877,27.839990234375023,43.36625976562482,31.67995605468741,77.28005371093741,136.29443359375,-51.83994140625009,-21.59995117187509,-56.53122558593759,-36.48000488281252,51.840039062499955,13.164794921875
1763689146.5480402,8,2,3,-0.01487264161478511,0.0821863910326637,-0.37878023282630513,0.0015980487280695642,0.0010675976918262478,5.5146620755367414e-05,48.48000488281241,-40.79996337890623,17.03676757812491,47.04000244140627,27.839990234375023,43.36625976562482,31.67995605468741,84.48000488281241,144.038330078125,-56.63999023437509,-21.59995117187509,-64.27518310546884,-41.27999267578127,56.639965820312455,9.292724609375
1763689146.6757042,8,2,3,-0.07819247639633226,0.04030701916377314,-0.4929794006573355,0.0018949524707083598,0.0012329073945669502,0.000488805358884429,58.07998046874991,-38.39999999999998,32.52480468749991,49.44002685546877,30.239984130859398,62.72636718749982,31.67995605468741,89.28005371093741,159.5263671875,-63.83994140625009,-26.40000000000009,-60.40317382812509,-41.27999267578127,63.840039062499955,20.90869140625
1763689146.863243,8,2,3,-0.09323190375258658,0.032734302478034744,-0.5974386793759491,0.0011002176359456604,0.0030311153033992597,-1.9928361899246793e-05,72.48000488281241,-43.19998779296873,32.52480468749991,66.24001464843752,37.43999633789065,89.83012695312482,36.48000488281241,115.67995605468741,190.50244140625,-83.04013671875009,-31.20004882812509,-72.01920166015634,-48.48000488281252,75.84003906249995,28.65283203125
1763689146.9728703,8,2,3,-0.0476501875281422,0.11889766439835146,-0.8803807617682575,0.0029059369788376026,0.003825591667174851,0.0005828867004084258,77.27993164062491,-52.79996337890623,51.88491210937491,73.44002685546877,37.43999633789065,113.06254882812482,43.67995605468741,134.8800292968749,244.71044921875,-92.63999023437509,-33.59995117187509,-72.01920166015634,-55.67998657226565,92.63996582031245,51.884765625
1763689147.0659995,8,2,3,-0.09023434615782107,0.13932182946222416,-0.935841834794706,0.005081339120767589,0.002157514638017751,0.0006488318687790891,89.27993164062491,-52.79996337890623,55.75673828124991,87.84002075195315,49.43999633789065,128.55034179687482,43.67995605468741,144.4800048828124,256.326416015625,-97.44003906250009,-38.40000000000009,-83.63522949218759,-53.27999267578127,102.23994140624995,51.884765625
1763689147.2693079,8,2,3,-0.022347315254943365,0.16879415914939117,-1.2890943642216213,0.006688390385622563,0.00577307773675892,5.8418963679130224e-05,106.07998046874991,-62.39999999999998,75.11684570312491,102.24001464843752,56.6400085449219,163.39848632812482,48.48000488281241,170.8800292968749,310.534423828125,-119.04013671875009,-50.40000000000009,-91.37918701171884,-65.27999267578127,128.63996582031245,59.62890625
1763689147.3782809,8,2,3,-0.22146813506199078,0.13342960044369834,-1.6397403174801894,0.006235822392519603,0.010252204043588497,0.0003272830043045253,115.67995605468741,-67.19998779296873,75.11684570312491,111.84002075195315,59.04000244140627,175.01420898437482,50.87990722656241,182.8800292968749,322.150390625,-121.44003906250009,-48.00009765625009,-95.25119628906259,-67.67998657226565,135.84003906249995,63.500732421875
1763689147.472405,8,2,3,-0.15658225296164874,0.19420429478152076,-1.5438148699558925,0.005759641197085222,0.01024599851486404,0.0002755895737558446,125.27993164062491,-67.19998779296873,86.73281249999991,123.84002075195315,68.6400085449219,198.24614257812482,55.67995605468741,194.8800292968749,345.38232421875,-135.8399414062501,-52.80014648437509,-95.25119628906259,-72.48000488281252,145.44001464843745,78.98876953125
1763689147.5663576,8,2,3,-0.23992688504335585,0.14475435670912515,-1.893991373620969,0.006235538946072895,0.01262161509018609,0.0006270011559080749,132.4800048828124,-69.60001220703123,86.73281249999991,135.84002075195315,78.2399841308594,213.73442382812482,55.67995605468741,211.6800781249999,372.486328125,-143.0401367187501,-50.40000000000009,-110.73917236328134,-79.67998657226565,155.03999023437495,82.86083984375
1763689147.6750846,8,2,3,-0.28763180654997755,0.1805568292956788,-1.9743283945995191,0.007299367768340501,0.015380773519529017,0.0001315872608702287,0,0,0,0,0,0,0,0,0,0,0,0,0,0,0
1763689147.7679994,8,2,3,-0.2625065270858803,0.21832396407327936,-2.1914473788932067,0.007717898417355433,0.014485217137020317,-2.597924975462581e-05,151.6799560546874,-86.39999999999998,102.22084960937491,155.0400329589844,87.83999023437502,248.58256835937482,70.07998046874991,245.2799316406249,434.4384765625,-164.6399902343751,-52.80014648437509,-122.35520019531259,-89.27999267578127,179.03999023437495,94.476806640625
1763689147.8764496,8,2,3,-0.33257729242371326,0.2289776411276296,-2.5113791075804177,0.007679718417322772,0.017478741019003582,0.0002505899157557016,166.0799804687499,-91.19998779296873,106.09291992187491,169.43999633789065,102.2399841308594,264.0703613281248,72.48000488281241,259.6800781249999,473.158447265625,-176.6399902343751,-55.20004882812509,-133.97122802734384,-98.8799987792969,195.84003906249995,106.0927734375
1763689148.0623562,8,2,3,-0.4104472684715796,0.1470613178677844,-2.8876811806699743,0.006339517138080702,0.022501363169595234,0.00019723241664812863,182.8800292968749,-103.19998779296873,125.45278320312491,188.6400085449219,114.2399841308594,298.9185058593748,86.87990722656241,290.8800292968749,511.87841796875,-191.0401367187501,-57.59995117187509,-141.7151855468751,-113.27999267578127,215.03999023437495,106.0927734375
1763689148.1727288,8,2,3,-0.4459390821780799,0.1752655266123311,-3.0926085950942106,0.00887304904534315,0.020199447905527673,0.0001323056381852582,194.8800292968749,-117.60001220703123,125.45278320312491,193.43999633789065,126.24001464843752,318.2783691406248,94.07998046874991,305.2799316406249,546.7265625,-203.0401367187501,-57.59995117187509,-153.33121337890634,-120.48000488281252,231.84003906249995,113.8369140625
1763689148.3763237,8,2,3,-0.5242674526526928,0.17660083685476316,-3.653341102822768,0.008141042772308687,0.026695957331802984,8.738068890348609e-06,211.6799560546874,-129.60001220703123,137.0687499999999,217.43999633789065,150.24001464843752,353.1265136718748,98.87990722656241,338.8800292968749,608.678466796875,-222.2400878906251,-60.00009765625009,-168.8191894531251,-137.28000793457034,258.23994140624995,113.8369140625
1763689148.4713638,8,2,3,-0.5637713757284392,0.20076235041546106,-3.876609522480132,0.00723607709744057,0.029423095388195063,8.008926388192433e-05,223.6799560546874,-136.79996337890623,133.1969238281249,229.43999633789065,159.83999023437502,360.8701660156248,108.48000488281241,358.0799804687499,635.782470703125,-234.2400878906251,-60.00009765625009,-188.1791748046876,-142.07999572753909,272.63996582031245,121.580810546875
1763689148.768812,8,2,3,-0.580816996199585,0.262038095657505,-4.906670055936935,0.010788040001102716,0.030424346335484177,0.0006607741487175082,252.4800048828124,-165.60001220703123,144.8128906249999,255.84002075195315,186.24001464843752,403.4624511718748,132.4800048828124,406.0799804687499,736.454345703125,-253.4400390625001,-60.00009765625009,-215.2831787109376,-175.6800018310547,311.03999023437495,121.580810546875
1763689148.8724647,8,2,3,-0.5986792454366119,0.2683369943242587,-4.880679272104903,0.008977218323474936,0.032144594640112295,0.00042752343571312483,262.0799804687499,-177.60001220703123,148.6849609374999,270.24004516601565,200.6400085449219,415.0781738281248,144.4800048828124,420.4801269531249,763.558349609375,-272.6399902343751,-62.40000000000009,-223.0271972656251,-190.08001098632815,320.63996582031245,121.580810546875
1763689148.9685972,8,2,3,-0.7357751382919595,0.20743170861219334,-5.104831588321636,0.007674430444443655,0.038528410256027996,0.0007401869101515651,269.2799316406249,-182.39999999999998,144.8128906249999,275.0400329589844,210.24001464843752,422.8223144531248,142.0799804687499,437.2799316406249,782.91845703125,-265.4400390625001,-60.00009765625009,-238.51517333984384,-197.28000793457034,335.03999023437495,113.8369140625
1763689149.076483,8,2,3,-0.7561055885222725,0.19777349703624478,-5.557122137710046,0.00795814016297835,0.03893881364091239,0.0007372760115823746,281.2799316406249,-196.79996337890623,144.8128906249999,282.24004516601565,217.43999633789065,442.1821777343748,156.4800048828124,454.0799804687499,825.510498046875,-277.4400390625001,-60.00009765625009,-250.1312011718751,-206.8799987792969,351.84003906249995,113.8369140625
1763689149.1689854,8,2,3,-0.768665472167419,0.23427620608161065,-5.822001292587023,0.009021517753199848,0.038928375435383994,0.001035072939073982,281.2799316406249,-201.60001220703123,144.8128906249999,291.84002075195315,229.43999633789065,449.9263183593748,158.8799072265624,463.6800781249999,844.870361328125,-282.2400878906251,-55.20004882812509,-246.25919189453134,-214.08001098632815,359.03999023437495,109.96484375
1763689149.2275095,8,2,3,-0.7729341775347369,0.2316316947189959,-5.819416898729319,0.009825723492714537,0.03982513735186342,0.0008054198939622514,278.8800292968749,-203.99997558593748,140.9408203124999,287.0400329589844,227.04000244140627,449.9263183593748,158.8799072265624,456.4801269531249,840.99853515625,-279.8399414062501,-57.59995117187509,-242.3871826171876,-211.6800018310547,356.63996582031245,113.8369140625
1763689149.6716013,8,2,3,-0.7005293156222312,0.2648660121161729,-5.498776416163895,0.009904289107351898,0.03567524830653252,0.00083788191637781,278.8800292968749,-201.60001220703123,152.5567871093749,287.0400329589844,224.6400085449219,446.0542480468748,154.0799804687499,456.4801269531249,840.99853515625,-282.2400878906251,-57.59995117187509,-242.3871826171876,-211.6800018310547,359.03999023437495,106.0927734375
1763689149.7812986,8,2,3,-0.6892841084195352,0.244435648962567,-5.351834996869074,0.00909777500492474,0.03671224997449944,0.0006542652219696729,281.2799316406249,-201.60001220703123,148.6849609374999,289.43999633789065,224.6400085449219,442.1821777343748,161.2799316406249,458.8800292968749,837.12646484375,-277.4400390625001,-55.20004882812509,-250.1312011718751,-211.6800018310547,354.24006347656245,109.96484375
1763689149.8719606,8,2,3,-0.7067796135306068,0.2671251143175983,-5.366251707651998,0.009452204186955797,0.03620497387533751,0.0008050171596399426,278.8800292968749,-203.99997558593748,144.8128906249999,287.0400329589844,227.04000244140627,446.0542480468748,156.4800048828124,451.6800781249999,833.25439453125,-279.8399414062501,-55.20004882812509,-250.1312011718751,-211.6800018310547,359.03999023437495,109.96484375
1763689149.966031,8,2,3,-0.7078002420573616,0.21729520150307308,-5.299559739066492,0.009229591324657801,0.03632376690406288,0.0006759148437172294,281.2799316406249,-199.19998779296873,148.6849609374999,287.0400329589844,224.6400085449219,442.1821777343748,161.2799316406249,458.8800292968749,837.12646484375,-279.8399414062501,-55.20004882812509,-242.3871826171876,-211.6800018310547,354.24006347656245,106.0927734375
1763689150.0737762,8,2,3,-0.6982348626510164,0.20395107742162644,-5.232833412280682,0.008974010839673415,0.03578268479727953,0.0004650876900539509,278.8800292968749,-203.99997558593748,148.6849609374999,287.0400329589844,222.24001464843752,449.9263183593748,158.8799072265624,456.4801269531249,844.870361328125,-282.2400878906251,-55.20004882812509,-242.3871826171876,-216.48000488281252,361.44001464843745,106.0927734375
1763689150.2767324,8,2,3,-0.6820336300229377,0.22764507496759698,-5.196495246195351,0.009518187762236868,0.03471963979196912,0.00016531159806921873,278.8800292968749,-203.99997558593748,140.9408203124999,287.0400329589844,222.24001464843752,446.0542480468748,161.2799316406249,458.8800292968749,840.99853515625,-275.0401367187501,-52.80014648437509,-242.3871826171876,-211.6800018310547,356.63996582031245,113.8369140625
1763689150.3709314,8,2,3,-0.6367384888380445,0.2426195981552253,-5.216834107681409,0.009151979740738789,0.034217559636350404,0.0006238636092651042,278.8800292968749,-201.60001220703123,148.6849609374999,289.43999633789065,222.24001464843752,438.3101074218748,158.8799072265624,456.4801269531249,848.742431640625,-282.2400878906251,-52.80014648437509,-250.1312011718751,-206.8799987792969,359.03999023437495,109.96484375
1763689150.465125,8,2,3,-0.6633540546320029,0.2458567432060042,-5.182213642024414,0.00935075700729426,0.034919048510232815,0.0007934800347121833,281.2799316406249,-201.60001220703123,144.8128906249999,287.0400329589844,224.6400085449219,442.1821777343748,161.2799316406249,456.4801269531249,840.99853515625,-277.4400390625001,-52.80014648437509,-246.25919189453134,-211.6800018310547,356.63996582031245,106.0927734375
1763689150.776048,8,2,3,-0.6495736013638227,0.2489181669887777,-5.043648588795948,0.010254730040729031,0.0341815103131499,0.00037732843708404443,281.2799316406249,-199.19998779296873,144.8128906249999,287.0400329589844,227.04000244140627,446.0542480468748,166.0799804687499,456.4801269531249,837.12646484375,-279.8399414062501,-55.20004882812509,-242.3871826171876,-206.8799987792969,356.63996582031245,106.0927734375
1763689150.8718975,8,2,3,-0.6700500996228694,0.2327675680985735,-5.08205165402859,0.008942770944327877,0.03442217174568517,0.0008285528055296098,281.2799316406249,-203.99997558593748,148.6849609374999,289.43999633789065,219.83999023437502,442.1821777343748,161.2799316406249,461.2799316406249,837.12646484375,-282.2400878906251,-52.80014648437509,-246.25919189453134,-206.8799987792969,356.63996582031245,109.96484375
1763689150.9006615,8,2,3,-0.6456775501573372,0.22968146942085607,-5.0477636817837555,0.009274109151633535,0.03384654524681996,0.0009204418706857068,276.4800048828124,-203.99997558593748,148.6849609374999,291.84002075195315,222.24001464843752,442.1821777343748,158.8799072265624,456.4801269531249,837.12646484375,-282.2400878906251,-52.80014648437509,-242.3871826171876,-214.08001098632815,356.63996582031245,106.0927734375
1763689150.9934893,8,2,3,-0.6575851411729556,0.2328941908775229,-5.044992449036333,0.009957358815075265,0.034526232915592446,0.000611623421620387,0,0,0,0,0,0,0,0,0,0,0,0,0,0,0
1763689151.106193,8,2,3,-0.644198528256043,0.20927546869895697,-4.998734788179155,0.008778041218983536,0.03384098143624955,0.0005466613004484993,276.4800048828124,-199.19998779296873,148.6849609374999,284.6400085449219,222.24001464843752,446.0542480468748,161.2799316406249,456.4801269531249,837.12646484375,-279.8399414062501,-52.80014648437509,-246.25919189453134,-209.28000793457034,356.63996582031245,113.8369140625
1763689151.279417,8,2,3,-0.6651764317671965,0.18266091005962606,-5.029182573696094,0.009402327829038895,0.03355937353112951,0.0010099967869228277,281.2799316406249,-199.19998779296873,148.6849609374999,287.0400329589844,224.6400085449219,442.1821777343748,161.2799316406249,454.0799804687499,837.12646484375,-277.4400390625001,-55.20004882812509,-246.25919189453134,-214.08001098632815,356.63996582031245,113.8369140625
1763689151.372355,8,2,3,-0.6438011066008691,0.22126365127813608,-4.9471778884983095,0.008892901551211821,0.033283281725253966,0.00040803648519658177,276.4800048828124,-201.60001220703123,148.6849609374999,287.0400329589844,222.24001464843752,434.4385253906248,161.2799316406249,454.0799804687499,833.25439453125,-279.8399414062501,-52.80014648437509,-234.64322509765634,-209.28000793457034,351.84003906249995,106.0927734375
1763689151.415858,8,2,3,-0.6500676274180227,0.23478818968397427,-4.949576910281559,0.00851193598984343,0.03359847279292354,0.001108068672209697,276.4800048828124,-199.19998779296873,156.4288574218749,282.24004516601565,224.6400085449219,442.1821777343748,156.4800048828124,451.6800781249999,833.25439453125,-279.8399414062501,-55.20004882812509,-246.25919189453134,-211.6800018310547,359.03999023437495,113.8369140625
1763689151.5748901,8,2,3,-0.6412258200915883,0.26073261083697974,-4.964919278163682,0.008708811353954888,0.033153093291374856,0.0004755646518105833,278.8800292968749,-203.99997558593748,144.8128906249999,284.6400085449219,224.6400085449219,442.1821777343748,163.6799560546874,456.4801269531249,837.12646484375,-279.8399414062501,-55.20004882812509,-246.25919189453134,-211.6800018310547,359.03999023437495,113.8369140625
1763689151.603402,8,2,3,-0.6404375731955869,0.250377559099657,-4.899105382146125,0.008485428316499774,0.03323997898575026,0.0008899336223588913,278.8800292968749,-201.60001220703123,144.8128906249999,287.0400329589844,224.6400085449219,449.9263183593748,161.2799316406249,454.0799804687499,837.12646484375,-279.8399414062501,-52.80014648437509,-242.3871826171876,-211.6800018310547,359.03999023437495,102.220703125
1763689151.7776177,8,2,3,-0.593206834976612,0.2642552601114342,-4.878792120575326,0.009624550530631312,0.032104657184444996,0.0007440753133344303,0,0,0,0,0,0,0,0,0,0,0,0,0,0,0
1763689151.979416,8,2,3,-0.566087183134247,0.2221926491195606,-4.254186235097884,0.009674054872996926,0.028674602606110624,0.0008920162769520054,264.4800048828124,-184.79996337890623,144.8128906249999,267.84002075195315,191.04000244140627,411.2065917968748,144.4800048828124,415.6800781249999,767.430419921875,-265.4400390625001,-50.40000000000009,-230.7712158203126,-187.6800018310547,323.03999023437495,121.580810546875
1763689152.0859761,8,2,3,-0.5536624777352288,0.18444575204487573,-3.9275544157651106,0.006966145253795679,0.027347689390991716,0.0011561779399037026,252.4800048828124,-177.60001220703123,144.8128906249999,255.84002075195315,179.04000244140627,384.1025878906248,137.2799316406249,406.0799804687499,736.454345703125,-255.8399414062501,-48.00009765625009,-207.53922119140634,-182.8799987792969,313.44001464843745,113.8369140625
1763689152.1832426,8,2,3,-0.42014675364116366,0.20135204631635456,-3.5006896573731283,0.008619528865195977,0.02216335164832559,0.0003743376108869519,240.4800048828124,-165.60001220703123,137.0687499999999,241.43999633789065,162.24001464843752,364.7422363281248,127.67995605468741,382.0799804687499,709.350341796875,-243.8399414062501,-50.40000000000009,-199.79520263671884,-170.8799987792969,294.23994140624995,121.580810546875
1763689152.37221,8,2,3,-0.41228807248714294,0.12136243614652346,-2.6887197526843822,0.005051912200463304,0.019988005050849415,0.0008116616119866625,218.8800292968749,-146.39999999999998,121.58095703124991,222.24004516601565,131.04000244140627,329.8945800781248,113.27993164062491,346.0799804687499,620.29443359375,-219.8399414062501,-45.59995117187509,-168.8191894531251,-144.48000488281252,258.23994140624995,129.32470703125
1763689152.4656177,8,2,3,-0.2639116340273976,0.16219346211224256,-2.3183922207504035,0.005567808117522969,0.014630823648266886,0.0010187984449049562,209.2799316406249,-129.60001220703123,121.58095703124991,203.0400329589844,116.6400085449219,302.7905761718748,98.87990722656241,324.4801269531249,573.83056640625,-205.4400390625001,-48.00009765625009,-164.94718017578134,-134.8799987792969,236.63996582031245,113.8369140625
1763689152.578197,8,2,3,-0.1501069021502751,0.17136385150448036,-1.8800377071683978,0.005819016822876168,0.009965908679387177,0.0005485647971974515,194.8800292968749,-117.60001220703123,113.83681640624991,191.0400329589844,107.04000244140627,271.8145019531248,89.27993164062491,302.8800292968749,515.75048828125,-193.4400390625001,-50.40000000000009,-153.33121337890634,-120.48000488281252,212.63996582031245,117.708740234375
1763689152.6696076,8,2,3,-0.1321527468880492,0.05966499016778591,-1.641948211669531,0.0013129505774250394,0.006981720533756886,0.0003884287276040097,0,0,0,0,0,0,0,0,0,0,0,0,0,0,0
1763689152.7785215,8,2,3,-0.32154086604887305,0.0288577615428559,-1.4387223736174786,-0.00040529864764389653,0.007205227155389004,0.0007700318451052269,158.8800292968749,-95.99997558593748,102.22084960937491,159.84002075195315,85.43999633789065,233.09428710937482,74.87990722656241,247.6800781249999,438.310546875,-164.6399902343751,-43.20004882812509,-126.22720947265634,-101.27999267578127,181.44001464843745,98.348876953125
1763689152.870418,8,2,3,-0.20975898617845679,0.23209307547251373,-1.2307242133396663,0.0018637369277336902,0.0037327884299606087,0.0008350075460927633,161.2799316406249,-91.19998779296873,90.60488281249991,157.43999633789065,83.04000244140627,213.73442382812482,70.07998046874991,240.4801269531249,403.46240234375,-152.6399902343751,-43.20004882812509,-122.35520019531259,-89.27999267578127,169.44001464843745,94.476806640625
1763689152.9635487,8,2,3,-0.2093888189176446,0.0599823637227366,-0.8406278411552015,-0.0016309686987832667,0.005165332974748508,0.00027088561195811505,146.8800292968749,-83.99997558593748,86.73281249999991,138.24001464843752,71.04000244140627,198.24614257812482,62.87990722656241,223.6800781249999,372.486328125,-143.0401367187501,-40.80014648437509,-122.35520019531259,-86.8799987792969,150.23994140624995,94.476806640625
1763689153.279021,8,2,3,-0.04621237014304909,0.06446034380396579,-0.5822633320902958,0.0007263278627120092,0.0007382290163122374,0.00029303261792996976,118.07998046874991,-71.99997558593748,67.37294921874991,114.24001464843752,54.2399841308594,151.78227539062482,53.27993164062491,185.2800537109374,314.406494140625,-116.63999023437509,-36.00009765625009,-95.25119628906259,-74.8799987792969,119.03999023437495,71.244873046875
1763689153.465607,8,2,3,-0.030710153084726435,0.09512304780923408,-0.32694948955572667,0.001552093101176824,0.0003661220512400708,-8.411011094393837e-05,98.88002929687491,-71.99997558593748,55.75673828124991,99.84002075195315,39.83999023437502,132.42241210937482,41.27993164062491,166.0799804687499,279.558349609375,-107.04013671875009,-33.59995117187509,-83.63522949218759,-67.67998657226565,109.44001464843745,63.500732421875
1763689153.9900043,8,2,3,0.00014404560479442524,0.10852885269555282,-0.2902420351416456,0.0025259507886337073,-0.0005387345281924482,9.89368908701154e-06,84.48000488281241,-57.60001220703123,40.26894531249991,68.6400085449219,35.04000244140627,89.83012695312482,36.48000488281241,130.0799804687499,221.478515625,-83.04013671875009,-31.20004882812509,-75.89121093750009,-55.67998657226565,83.03999023437495,36.396728515625
1763689154.1649399,8,2,3,-0.023849887089098114,0.04100829388243435,-0.22661682434342068,0.0014826949391925823,0.000326013721565238,0.0001125009317057638,77.27993164062491,-55.19998779296873,36.39687499999991,68.6400085449219,32.6400085449219,85.95854492187482,31.67995605468741,125.28005371093741,202.118408203125,-78.24008789062509,-26.40000000000009,-72.01920166015634,-53.27999267578127,75.84003906249995,44.140869140625
1763689158.8736043,8,2,3,0.02042017788779677,-0.0022102086847878063,-0.20113212836147162,-0.0008458543140889564,-0.002142452688549447,0.0001926174027105158,36.48000488281241,-38.39999999999998,1.548730468749909,32.6400085449219,23.040002441406273,12.390429687499818,26.87990722656241,60.48000488281241,105.318359375,-39.83994140625009,-12.000097656250091,-48.78720703125009,-34.08001098632815,35.039990234374955,-2.3232421875
1763689159.5297189,8,2,3,0.11344478632747379,0.04337734459703883,-0.23511864820012018,-0.00013385972965679295,-0.0031292148034390843,-5.5690122108180016e-05,36.48000488281241,-38.39999999999998,-2.323095703125091,39.84002075195315,20.640008544921898,16.262255859374818,24.48000488281241,60.48000488281241,109.1904296875,-42.24008789062509,-9.599951171875091,-56.53122558593759,-31.679986572265648,42.239941406249955,-6.195068359375
1763689159.7479253,8,2,3,-0.07320322195352041,0.023903072701792337,-0.2849186899156428,-0.0010287387203857768,0.0007034466372729196,0.0003170997940749425,46.07998046874991,-31.199987792968727,1.548730468749909,44.6400085449219,32.6400085449219,43.36625976562482,26.87990722656241,74.88002929687491,124.678466796875,-51.83994140625009,-19.20004882812509,-60.40317382812509,-34.08001098632815,44.639965820312455,9.292724609375
1763689159.9732785,8,2,3,-0.04552465211628647,0.004098715932691169,-0.36570339566834426,0.00012646918039776371,0.0008559808984980208,0.00013855078804198527,55.67995605468741,-40.79996337890623,13.164941406249909,51.84002075195315,30.239984130859398,51.11040039062482,24.48000488281241,86.88002929687491,144.038330078125,-56.63999023437509,-21.59995117187509,-60.40317382812509,-38.8799987792969,49.440014648437455,20.90869140625
1763689160.0668201,8,2,3,0.04203850703428659,0.03487955706314275,-0.38540058154544893,5.142361084067089e-05,-0.00027926365759188305,-0.00010679429642973777,58.07998046874991,-45.60001220703123,28.65273437499991,59.04000244140627,30.239984130859398,54.98247070312482,29.27993164062491,91.67995605468741,155.654541015625,-61.44003906250009,-21.59995117187509,-72.01920166015634,-36.48000488281252,56.639965820312455,24.78076171875
1763689160.173895,8,2,3,-0.045210975358487185,-0.016449304734332308,-0.5191982343427961,-0.00024497078421056645,0.0011073379780820129,0.0006312309127107079,62.88002929687491,-40.79996337890623,20.90883789062491,61.44002685546877,37.43999633789065,62.72636718749982,26.87990722656241,94.07998046874991,163.3984375,-66.24008789062509,-26.40000000000009,-68.14719238281259,-36.48000488281252,59.039990234374955,17.036865234375
1763689160.232469,8,2,3,-0.0030479296093476604,-0.03926542622458036,-0.5029896558684246,-0.0002526238880469194,0.00028704947741248015,0.0003258523022786861,67.67995605468741,-47.99997558593748,24.78090820312491,63.84002075195315,42.2399841308594,70.47026367187482,31.67995605468741,103.67995605468741,171.142333984375,-71.04013671875009,-24.00009765625009,-75.89121093750009,-43.67998657226565,63.840039062499955,13.164794921875
1763689160.3753004,8,2,3,-0.3019375033970738,0.44281356753111095,-0.6332026949834926,0.0037403858800174813,0.004768234517729121,0.0009606858114431763,82.07998046874991,-50.39999999999998,36.39687499999991,73.44002685546877,42.2399841308594,101.44633789062482,36.48000488281241,125.28005371093741,202.118408203125,-83.04013671875009,-31.20004882812509,-79.76322021484384,-46.08001098632815,80.63996582031245,44.140869140625
1763689160.4184825,8,2,3,-0.3378572841525114,0.45015791615477263,-0.5292083036934208,0.0041343910896127455,0.005668294746845945,0.00013930389076534594,89.27993164062491,-50.39999999999998,44.14077148437491,85.44002685546877,39.83999023437502,105.31840820312482,38.87990722656241,139.6799560546874,225.350341796875,-90.24008789062509,-36.00009765625009,-79.76322021484384,-50.8799987792969,90.23994140624995,48.0126953125
1763689160.5773976,8,2,3,-0.1855473676420063,0.22630122419460602,-0.976628074377659,0.0036974749712434347,0.007801748802310642,0.000544160879355317,96.48000488281241,-55.19998779296873,59.62880859374991,92.6400085449219,51.83999023437502,128.55034179687482,46.07998046874991,154.0799804687499,264.070556640625,-102.24008789062509,-36.00009765625009,-87.50717773437509,-55.67998657226565,107.03999023437495,59.62890625
1763689160.6700976,8,2,3,-0.025901603036048625,0.20543382193581822,-1.1639149450404669,0.004168256318288455,0.005676914804492051,-6.746622664569599e-05,113.27993164062491,-64.79996337890623,63.50087890624991,104.6400085449219,56.6400085449219,147.91020507812482,53.27993164062491,178.0799804687499,291.174560546875,-116.63999023437509,-40.80014648437509,-95.25119628906259,-65.27999267578127,111.84003906249995,71.244873046875
1763689160.7784462,8,2,3,0.0031865773944683255,0.00015457454676773025,-1.3644934130278616,0.004949028479967719,0.006861804667802795,3.8806582028572156e-05,125.27993164062491,-67.19998779296873,78.98891601562491,121.44002685546877,59.04000244140627,171.14213867187482,55.67995605468741,192.4800048828124,318.278564453125,-123.83994140625009,-40.80014648437509,-99.12320556640634,-67.67998657226565,128.63996582031245,75.11669921875
1763689160.886253,8,2,3,0.015187024280609328,-0.0963746215382954,-1.6248359797462757,0.0030865770243852972,0.007272755718817729,0.0004934513827270814,125.27993164062491,-69.60001220703123,82.86074218749991,126.24001464843752,75.83999023437502,194.37456054687482,50.87990722656241,197.2799316406249,337.638427734375,-133.4400390625001,-40.80014648437509,-106.86722412109384,-67.67998657226565,145.44001464843745,75.11669921875
1763689160.9806457,8,2,3,-0.18875878776124885,-0.10869730097404323,-1.6691809653247605,0.003888968271078115,0.01353835617500622,0.00017197607075929264,139.6799560546874,-71.99997558593748,90.60488281249991,135.84002075195315,83.04000244140627,213.73442382812482,58.07998046874991,216.4801269531249,372.486328125,-145.4400390625001,-48.00009765625009,-106.86722412109384,-79.67998657226565,155.03999023437495,86.73291015625
1763689161.0780473,8,2,3,-0.22668097307555274,0.11129466830416973,-1.8983694928415347,0.004958668554857629,0.011933562268791121,0.00046620762736928104,149.2799316406249,-83.99997558593748,90.60488281249991,152.6400085449219,85.43999633789065,236.96635742187482,65.27993164062491,228.4801269531249,395.718505859375,-152.6399902343751,-50.40000000000009,-114.61118164062509,-82.08001098632815,171.84003906249995,86.73291015625
1763689161.2642944,8,2,3,-0.2388871884848464,0.21464313332079202,-2.2723230791826188,0.008384259637072738,0.01183716981976737,0.0008858344725801231,170.8800292968749,-91.19998779296873,106.09291992187491,169.43999633789065,104.6400085449219,264.0703613281248,74.87990722656241,257.2799316406249,446.054443359375,-174.2400878906251,-48.00009765625009,-126.22720947265634,-101.27999267578127,193.44001464843745,102.220703125
1763689161.293814,8,2,3,-0.28901815469828807,0.20244277201345756,-2.2548697390876047,0.007921907553491763,0.012651691682147234,0.00010975383657720592,173.2799316406249,-98.39999999999998,106.09291992187491,176.6400085449219,104.6400085449219,264.0703613281248,70.07998046874991,259.6800781249999,449.926513671875,-176.6399902343751,-50.40000000000009,-130.0992187500001,-98.8799987792969,193.44001464843745,106.0927734375
1763689161.386142,8,2,3,-0.3739408252661673,0.15786115256625632,-2.558039391543599,0.004549884035699167,0.020126458946144215,0.0006963984729221476,185.2799316406249,-105.60001220703123,109.96474609374991,188.6400085449219,111.83999023437502,275.6865722656248,77.27993164062491,278.8800292968749,484.7744140625,-181.4400390625001,-52.80014648437509,-141.7151855468751,-103.67998657226565,203.03999023437495,106.0927734375
1763689161.575665,8,2,3,-0.3551730635452506,0.21368104087341477,-2.736473187927152,0.006459973836474897,0.02006079401241507,0.0004796207316560819,199.6799560546874,-115.19998779296873,117.70888671874991,203.0400329589844,128.6400085449219,306.6621582031248,89.27993164062491,305.2799316406249,535.1103515625,-198.2400878906251,-52.80014648437509,-157.2032226562501,-122.8799987792969,231.84003906249995,117.708740234375
1763689161.6821811,8,2,3,-0.47816162592278394,0.14770424263486917,-3.176291855826547,0.005730936188394548,0.025374843140543845,0.000639701320218703,204.4800048828124,-124.79996337890623,121.58095703124991,207.84002075195315,135.83999023437502,326.0225097656248,98.87990722656241,322.0799804687499,566.08642578125,-212.6399902343751,-55.20004882812509,-164.94718017578134,-130.07999572753909,239.03999023437495,117.708740234375
1763689161.7764876,8,2,3,-0.46540560453279234,0.18289142498771405,-3.440632919032239,0.006966402695397218,0.024305888805132847,0.0010163671696794604,216.4800048828124,-129.60001220703123,125.45278320312491,219.84002075195315,147.83999023437502,341.5103027343748,91.67995605468741,338.8800292968749,589.318359375,-217.4400390625001,-52.80014648437509,-176.5632080078126,-134.8799987792969,251.03999023437495,117.708740234375
1763689161.870542,8,2,3,-0.5449089828984653,0.135943118126065,-3.618197033607545,0.004626348692340976,0.02878363179607507,0.0007137183367644838,226.0799804687499,-134.39999999999998,137.0687499999999,229.43999633789065,159.83999023437502,353.1265136718748,103.67995605468741,355.6800781249999,620.29443359375,-224.6399902343751,-57.59995117187509,-188.1791748046876,-137.28000793457034,263.03999023437495,113.8369140625
1763689161.9796233,8,2,3,-0.5502875955756654,0.19156507788669314,-3.9337556748410543,0.005977107587788179,0.030116244393216092,0.0006023363589472614,233.2799316406249,-148.79996337890623,140.9408203124999,231.84002075195315,159.83999023437502,368.6143066406248,113.27993164062491,367.6800781249999,655.142333984375,-234.2400878906251,-52.80014648437509,-184.3072265625001,-154.07999572753909,275.03999023437495,125.452880859375
1763689162.0738964,8,2,3,-0.5914337626008839,0.14847512755797931,-4.043477680480657,0.0070906117266528405,0.02927821361537358,-5.362289558586081e-05,240.4800048828124,-151.19998779296873,140.9408203124999,243.84002075195315,176.6400085449219,376.3584472656248,113.27993164062491,382.0799804687499,670.63037109375,-241.4400390625001,-52.80014648437509,-203.6672119140626,-161.28000793457034,289.44001464843745,117.708740234375
1763689162.1677392,8,2,3,-0.6432694460267812,0.1694558823462639,-4.292422865693634,0.004798125680885652,0.035070535940709434,0.0007853401693472904,250.0799804687499,-160.79996337890623,144.8128906249999,255.84002075195315,181.43999633789065,391.8462402343748,122.87990722656241,396.4801269531249,705.478515625,-246.2400878906251,-52.80014648437509,-207.53922119140634,-173.28000793457034,303.84003906249995,121.580810546875
1763689162.2753718,8,2,3,-0.5642774006436257,0.19026763603587352,-4.551555666409909,0.006787316019772007,0.029806565176353557,0.00046349245586172275,262.0799804687499,-172.79996337890623,140.9408203124999,265.43999633789065,193.43999633789065,399.5903808593748,125.27993164062491,410.8800292968749,732.58251953125,-253.4400390625001,-55.20004882812509,-219.15518798828134,-182.8799987792969,311.03999023437495,125.452880859375
1763689162.3696465,8,2,3,-0.7312617868251801,0.1411106666988435,-4.965922701508541,0.004328653017650955,0.0381815438946459,0.0008590927986317338,264.4800048828124,-182.39999999999998,144.8128906249999,272.6400085449219,200.6400085449219,415.0781738281248,134.8799072265624,427.6800781249999,767.430419921875,-265.4400390625001,-50.40000000000009,-230.7712158203126,-190.08001098632815,327.84003906249995,117.708740234375
1763689162.569935,8,2,3,-0.7046400610343586,0.20020455242974367,-5.601689075321245,0.00852908254998196,0.03316273472518754,0.000800255900072992,286.0799804687499,-199.19998779296873,144.8128906249999,296.6400085449219,227.04000244140627,438.3101074218748,154.0799804687499,461.2799316406249,829.38232421875,-279.8399414062501,-52.80014648437509,-246.25919189453134,-214.08001098632815,354.24006347656245,117.708740234375
1763689162.6805465,8,2,3,-0.8205524562282591,0.16742691543896993,-5.8231304629984635,0.0043935900463007126,0.042504518044393536,0.00039593751810080126,290.8800292968749,-213.60001220703123,148.6849609374999,303.84002075195315,241.43999633789065,453.7983886718748,163.6799560546874,475.6800781249999,864.23046875,-287.0401367187501,-55.20004882812509,-265.61917724609384,-221.28000793457034,368.63996582031245,102.220703125
1763689162.7756655,8,2,3,-0.8096192029846955,0.181571558702528,-6.070118923286453,0.005791026454530926,0.041836960586568675,0.000625094282663669,298.0799804687499,-223.19998779296873,148.6849609374999,311.0400329589844,258.2399841308594,465.4141113281248,170.8799072265624,499.6800781249999,902.950439453125,-294.2400878906251,-52.80014648437509,-273.36319580078134,-238.08001098632815,390.24006347656245,106.0927734375
1763689162.8786874,8,2,3,-0.8816423503723911,0.19177737463400824,-6.637040681934295,0.011533983318372793,0.04538928956925578,0.0004479666100353306,302.8800292968749,-227.99997558593748,140.9408203124999,318.24004516601565,272.6400085449219,488.6465332031248,180.4800048828124,506.8800292968749,922.310546875,-299.0401367187501,-50.40000000000009,-281.10721435546884,-247.6800018310547,395.03999023437495,102.220703125
1763689162.9708223,8,2,3,-0.9543683650390334,0.22515526137294328,-6.718770110796348,0.005777665535458991,0.04103154334257763,0.000781016355867286,317.2799316406249,-235.19998779296873,140.9408203124999,327.84002075195315,287.0400329589844,500.2622558593748,187.6799560546874,523.6800781249999,945.54248046875,-306.2400878906251,-57.59995117187509,-296.5951904296876,-252.48000488281252,411.84003906249995,94.476806640625
1763689163.3738263,8,2,3,-1.1308242434678402,0.1962543113494286,-8.04532427247863,0.004136873659555531,0.057260606815078816,0.0007761771945633865,336.4800048828124,-271.1999877929687,121.58095703124991,366.24004516601565,363.84002075195315,562.2144042968748,226.0799804687499,586.0799804687499,1065.574462890625,-323.0401367187501,-57.59995117187509,-346.93118896484384,-293.28000793457034,469.44001464843745,48.0126953125
1763689163.4679449,8,2,3,-1.006389630580241,0.2995056195968919,-8.329324449402545,0.012387911637752668,0.04746946879479761,0.0009334095644920621,341.2799316406249,-273.6000122070312,113.83681640624991,363.84002075195315,368.6400085449219,562.2144042968748,228.4800048828124,590.8800292968749,1077.1904296875,-325.4400390625001,-55.20004882812509,-346.93118896484384,-293.28000793457034,474.24006347656245,55.7568359375
1763689163.7657654,8,2,3,-0.9770707538917555,0.28117639267801925,-8.006429093891475,0.00965528997428803,0.048516083113563875,0.001429403548631904,334.0799804687499,-273.6000122070312,113.83681640624991,361.43999633789065,361.43999633789065,558.3423339843748,235.6799560546874,590.8800292968749,1081.0625,-325.4400390625001,-52.80014648437509,-346.93118896484384,-290.88000640869143,471.84003906249995,44.140869140625
1763689163.9669304,8,2,3,-0.9684564555613244,0.2706807145552238,-7.7687776760871525,0.0098061287109691,0.04726617563380332,0.0008119150002923424,336.4800048828124,-278.4,125.45278320312491,361.43999633789065,363.84002075195315,554.4702636718748,235.6799560546874,590.8800292968749,1081.0625,-327.8399414062501,-55.20004882812509,-346.93118896484384,-298.08001098632815,471.84003906249995,51.884765625
1763689164.1743126,8,2,3,-0.9428338658930508,0.29987107268222707,-7.750666847402623,0.010239549043981876,0.04601427221264986,0.0011300239871131854,336.4800048828124,-278.4,121.58095703124991,366.24004516601565,359.0400329589844,562.2144042968748,235.6799560546874,586.0799804687499,1081.0625,-323.0401367187501,-52.80014648437509,-343.0591796875001,-295.68000946044924,469.44001464843745,48.0126953125
1763689164.2788842,8,2,3,-0.9610426236700247,0.2854048228518584,-7.565266391379285,0.010319794112584326,0.047233614188162666,0.0006509699334369245,331.6799560546874,-278.4,121.58095703124991,361.43999633789065,363.84002075195315,558.3423339843748,235.6799560546874,583.6800781249999,1081.0625,-325.4400390625001,-55.20004882812509,-346.93118896484384,-293.28000793457034,469.44001464843745,44.140869140625
1763689164.4664056,8,2,3,-0.9178476844962244,0.291820335133771,-7.482280159410002,0.010413513902874916,0.04649416399985594,0.0008364243049131768,338.8800292968749,-275.9999755859375,121.58095703124991,361.43999633789065,359.0400329589844,558.3423339843748,230.8799072265624,583.6800781249999,1077.1904296875,-323.0401367187501,-52.80014648437509,-339.18717041015634,-293.28000793457034,471.84003906249995,48.0126953125
1763689164.575598,8,2,3,-0.9502536950489682,0.30364363039216025,-7.481555388775973,0.010174706141957406,0.04620423640216433,0.0009128945454677925,334.0799804687499,-280.8000244140625,113.83681640624991,361.43999633789065,359.0400329589844,558.3423339843748,235.6799560546874,583.6800781249999,1077.1904296875,-323.0401367187501,-50.40000000000009,-343.0591796875001,-293.28000793457034,469.44001464843745,51.884765625
1763689164.6731217,8,2,3,-0.9355091730837624,0.2938448811824381,-7.463633824724326,0.010604164432257372,0.046183076544194006,0.0008437675819605002,336.4800048828124,-280.8000244140625,121.58095703124991,366.24004516601565,361.43999633789065,558.3423339843748,230.8799072265624,588.4801269531249,1081.0625,-323.0401367187501,-52.80014648437509,-346.93118896484384,-298.08001098632815,474.24006347656245,44.140869140625
1763689164.779825,8,2,3,-0.915195163769343,0.30206633931814075,-7.3825939627014,0.010023267450093304,0.046195197342191296,0.0007129826721531726,336.4800048828124,-278.4,117.70888671874991,361.43999633789065,354.2399841308594,562.2144042968748,238.0799804687499,583.6800781249999,1081.0625,-325.4400390625001,-52.80014648437509,-343.0591796875001,-293.28000793457034,474.24006347656245,36.396728515625
1763689164.8759785,8,2,3,-0.908637401564211,0.2720379729715944,-7.3636081461485885,0.010294914029273261,0.04512417375006828,0.0005669532563565335,331.6799560546874,-273.6000122070312,117.70888671874991,363.84002075195315,359.0400329589844,554.4702636718748,235.6799560546874,581.2799316406249,1069.446533203125,-327.8399414062501,-55.20004882812509,-354.67520751953134,-295.68000946044924,471.84003906249995,44.140869140625
1763689164.968596,8,2,3,-0.9077726133520854,0.2633073734277901,-7.364628697548816,0.01006779164890468,0.044828185364281,0.0009572032101665883,336.4800048828124,-278.4,117.70888671874991,361.43999633789065,361.43999633789065,554.4702636718748,230.8799072265624,583.6800781249999,1081.0625,-323.0401367187501,-50.40000000000009,-346.93118896484384,-293.28000793457034,469.44001464843745,51.884765625
1763689165.0261838,8,2,3,-0.8901355024539842,0.24203827906028708,-7.366332337667837,0.009717811047426392,0.04496122031513451,0.0005659572412056255,331.6799560546874,-275.9999755859375,117.70888671874991,363.84002075195315,359.0400329589844,550.5981933593748,238.0799804687499,583.6800781249999,1069.446533203125,-325.4400390625001,-50.40000000000009,-346.93118896484384,-293.28000793457034,467.03999023437495,44.140869140625
1763689165.1698277,8,2,3,-0.9089799867437749,0.3121533242646121,-7.278025505140584,0.010824036868491645,0.045038780484813495,0.0009090231715958765,336.4800048828124,-280.8000244140625,121.58095703124991,359.0400329589844,356.6400085449219,554.4702636718748,233.2799316406249,583.6800781249999,1081.0625,-320.6399902343751,-52.80014648437509,-350.8031982421876,-293.28000793457034,469.44001464843745,48.0126953125
1763689165.2777104,8,2,3,-0.8984501485365288,0.2568114525808201,-7.2649737733134465,0.009873056752051019,0.04504012134372899,0.0008361535333020797,334.0799804687499,-283.1999877929687,121.58095703124991,359.0400329589844,356.6400085449219,566.0864746093748,235.6799560546874,583.6800781249999,1077.1904296875,-323.0401367187501,-50.40000000000009,-346.93118896484384,-290.88000640869143,471.84003906249995,51.884765625
1763689165.3749337,8,2,3,-0.8810799866549062,0.28570275684624175,-7.181173087050046,0.010141563861300103,0.045081931433775944,0.0010991838998988855,331.6799560546874,-275.9999755859375,117.70888671874991,363.84002075195315,359.0400329589844,558.3423339843748,230.8799072265624,581.2799316406249,1073.318359375,-325.4400390625001,-57.59995117187509,-343.0591796875001,-288.4800048828125,469.44001464843745,48.0126953125
1763689165.433026,8,2,3,-0.9073602641456833,0.301588289754917,-7.178360830807524,0.01042552173495782,0.04503601801640544,0.0006310740064818625,334.0799804687499,-278.4,117.70888671874991,363.84002075195315,356.6400085449219,550.5981933593748,235.6799560546874,583.6800781249999,1081.0625,-327.8399414062501,-57.59995117187509,-343.0591796875001,-290.88000640869143,471.84003906249995,51.884765625
1763689165.5752113,8,2,3,-0.8895726991562535,0.281402143158002,-7.163789212737282,0.010108022226175397,0.04497242567747822,0.0009492828590576706,338.8800292968749,-275.9999755859375,125.45278320312491,363.84002075195315,356.6400085449219,554.4702636718748,233.2799316406249,578.8800292968749,1077.1904296875,-325.4400390625001,-50.40000000000009,-343.0591796875001,-293.28000793457034,474.24006347656245,44.140869140625
1763689165.6342678,8,2,3,-0.8824035964670227,0.31652454806221814,-7.212472615287306,0.010720233489507649,0.044905771136466294,0.0010877916926937013,334.0799804687499,-273.6000122070312,125.45278320312491,363.84002075195315,356.6400085449219,558.3423339843748,235.6799560546874,578.8800292968749,1084.934326171875,-325.4400390625001,-50.40000000000009,-346.93118896484384,-295.68000946044924,469.44001464843745,51.884765625
1763689165.7767951,8,2,3,-0.9002290420597445,0.30676089387300876,-7.126658115428764,0.010818717783314452,0.04498684515187905,0.0005725752302805746,336.4800048828124,-280.8000244140625,121.58095703124991,361.43999633789065,356.6400085449219,554.4702636718748,238.0799804687499,581.2799316406249,1077.1904296875,-325.4400390625001,-55.20004882812509,-343.0591796875001,-298.08001098632815,469.44001464843745,44.140869140625
1763689165.8208966,8,2,3,-0.8999015579675276,0.295208292566181,-7.24630323455132,0.010525430927020882,0.04543071922712443,0.0009205766144956542,338.8800292968749,-280.8000244140625,125.45278320312491,361.43999633789065,359.0400329589844,550.5981933593748,235.6799560546874,581.2799316406249,1081.0625,-325.4400390625001,-50.40000000000009,-339.18717041015634,-295.68000946044924,469.44001464843745,40.268798828125
1763689165.9130344,8,2,3,-0.8718814834217481,0.265801693957453,-7.062245670043089,0.010016423277053878,0.04371539697839343,0.0005952405150184657,338.8800292968749,-278.4,125.45278320312491,363.84002075195315,356.6400085449219,558.3423339843748,235.6799560546874,581.2799316406249,1081.0625,-325.4400390625001,-48.00009765625009,-346.93118896484384,-293.28000793457034,467.03999023437495,40.268798828125
1763689166.0070612,8,2,3,-0.9001146586621732,0.26105285068352135,-7.143509003843535,0.01044597522505572,0.04405361457056789,0.00041237156772596425,334.0799804687499,-280.8000244140625,117.70888671874991,361.43999633789065,354.2399841308594,562.2144042968748,233.2799316406249,583.6800781249999,1077.1904296875,-325.4400390625001,-52.80014648437509,-343.0591796875001,-293.28000793457034,474.24006347656245,44.140869140625
1763689166.1009648,8,2,3,-0.916697868379851,0.25936466438153216,-7.161708556749052,0.010268074188155304,0.0446496880217357,0.0011091027269881214,334.0799804687499,-273.6000122070312,117.70888671874991,356.6400085449219,356.6400085449219,550.5981933593748,226.0799804687499,578.8800292968749,1065.574462890625,-323.0401367187501,-52.80014648437509,-346.93118896484384,-290.88000640869143,464.63996582031245,44.140869140625
1763689166.2084882,8,2,3,-0.9495614872542958,0.23647626126319118,-7.022576103799507,0.007551335340802311,0.04856784545070284,0.0005245334374318032,334.0799804687499,-271.1999877929687,117.70888671874991,354.24004516601565,347.0400329589844,542.8545410156248,221.2799316406249,566.8800292968749,1050.08642578125,-323.0401367187501,-50.40000000000009,-335.31522216796884,-281.28000793457034,459.84003906249995,55.7568359375
1763689166.365531,8,2,3,-0.8397664072509996,0.22628480149324376,-6.291898689634513,0.008935109290466633,0.04164898256904039,0.00039944171006916617,322.0799804687499,-266.4,129.3248535156249,347.0400329589844,315.84002075195315,527.3662597656248,218.8799072265624,552.4801269531249,1030.7265625,-318.2400878906251,-50.40000000000009,-323.6991943359376,-276.4800048828125,443.03999023437495,67.372802734375
1763689166.4731257,8,2,3,-0.7470558636665945,0.295526509938086,-6.10194012511283,0.010460400307057952,0.03741058580638079,0.001013707104453697,312.4800048828124,-251.99997558593748,133.1969238281249,332.6400085449219,296.6400085449219,508.0063964843748,214.0799804687499,533.2799316406249,999.75048828125,-313.4400390625001,-45.59995117187509,-304.3392089843751,-264.4800048828125,428.63996582031245,75.11669921875
1763689166.5025542,8,2,3,-0.7746029188882146,0.2696840421342702,-6.08414942896833,0.010585614732262045,0.038029501932213716,0.0011795325527335118,312.4800048828124,-259.1999877929687,137.0687499999999,335.0400329589844,289.43999633789065,504.1343261718748,214.0799804687499,538.0799804687499,988.134521484375,-308.6399902343751,-50.40000000000009,-296.5951904296876,-259.68000946044924,421.44001464843745,82.86083984375
1763689166.7689507,8,2,3,-0.48609094517605655,0.29468865896102614,-4.5326261382117785,0.0117371789188066,0.025255559153974184,0.001028549519697867,286.0799804687499,-220.80002441406248,140.9408203124999,303.84002075195315,241.43999633789065,457.6704589843748,173.2799316406249,478.0799804687499,887.46240234375,-284.6399902343751,-45.59995117187509,-261.74722900390634,-226.08001098632815,378.24006347656245,98.348876953125
1763689166.8805788,8,2,3,-0.5339034633158521,0.19725158490169215,-4.075531485690259,0.008190892997997952,0.02802451740480164,0.0008730422041555832,276.4800048828124,-213.60001220703123,137.0687499999999,282.24004516601565,219.83999023437502,430.5664550781248,173.2799316406249,456.4801269531249,844.870361328125,-272.6399902343751,-45.59995117187509,-246.25919189453134,-214.08001098632815,351.84003906249995,106.0927734375
1763689166.9735343,8,2,3,-0.40521014622245066,0.2290335974059064,-3.547252281482272,0.0095357261183991,0.02034486076833175,0.0009842475377890931,262.0799804687499,-199.19998779296873,140.9408203124999,267.84002075195315,203.04000244140627,403.4624511718748,156.4800048828124,427.6800781249999,790.662353515625,-265.4400390625001,-40.80014648437509,-230.7712158203126,-202.08001098632815,337.44001464843745,106.0927734375
1763689167.067608,8,2,3,-0.4511911823863185,0.18816670581390915,-3.2007401680501144,0.00793022195273366,0.023011292221547602,0.0008708986661025474,254.8800292968749,-182.39999999999998,137.0687499999999,260.6400085449219,181.43999633789065,387.9741699218748,146.8799072265624,408.4801269531249,740.326416015625,-251.0401367187501,-40.80014648437509,-215.2831787109376,-190.08001098632815,313.44001464843745,109.96484375
1763689167.267907,8,2,3,-0.23455492415709672,0.18225136089919974,-2.271832771317527,0.004889567931068064,0.015219205955186227,0.00040521708583550866,228.4800048828124,-160.79996337890623,129.3248535156249,227.0400329589844,150.24001464843752,333.7661621093748,120.48000488281241,362.8800292968749,647.3984375,-229.4400390625001,-40.80014648437509,-180.43521728515634,-158.8799987792969,272.63996582031245,117.708740234375
1763689167.3781123,8,2,3,-0.2744177318865616,0.09021334962583398,-2.1749933496079876,0.0035192933799932102,0.0149935500535769,0.0014584435797458327,216.4800048828124,-148.79996337890623,121.58095703124991,219.84002075195315,135.83999023437502,310.5342285156248,110.87990722656241,336.4801269531249,608.678466796875,-210.2400878906251,-38.40000000000009,-176.5632080078126,-149.28000793457034,253.44001464843745,113.8369140625
1763689167.563673,8,2,3,-0.13230941010418773,0.07110804897502325,-1.467528825670363,0.003288859553748444,0.008252881686469399,0.00022410209974309465,190.0799804687499,-129.60001220703123,106.09291992187491,188.6400085449219,109.43999633789065,267.9424316406248,96.48000488281241,302.8800292968749,531.238525390625,-186.2400878906251,-40.80014648437509,-153.33121337890634,-130.07999572753909,219.84003906249995,109.96484375
1763689167.6726863,8,2,3,-0.11815108308890629,0.10635729290564166,-1.3323377626917632,0.002803800544702843,0.005230945282387232,0.00011006377539340788,182.8800292968749,-122.39999999999998,106.09291992187491,181.43999633789065,99.83999023437502,252.45415039062482,86.87990722656241,283.6800781249999,488.646484375,-176.6399902343751,-40.80014648437509,-145.58719482421884,-120.48000488281252,198.23994140624995,106.0927734375
1763689167.780233,8,2,3,-0.11457491669239553,0.04419962453616884,-1.153289025515431,0.001520631017227649,0.0056729529204266865,0.0006430485587511723,173.2799316406249,-110.39999999999998,98.34877929687491,171.84002075195315,99.83999023437502,236.96635742187482,77.27993164062491,269.2799316406249,465.41455078125,-169.4400390625001,-40.80014648437509,-145.58719482421884,-113.27999267578127,188.63996582031245,102.220703125
1763689167.9690657,8,2,3,-0.09086755971612978,0.0405313453002506,-0.954311015362884,0.0003919595045767713,0.00351164816379349,0.00039617826099018114,161.2799316406249,-100.79996337890623,86.73281249999991,152.6400085449219,75.83999023437502,205.99028320312482,74.87990722656241,245.2799316406249,418.950439453125,-152.6399902343751,-38.40000000000009,-118.48319091796884,-101.27999267578127,162.23994140624995,90.604736328125
1763689168.0782359,8,2,3,-0.046369427459902544,0.08873416173305768,-0.8247388224297376,0.002885099440239179,-0.0009449671209118035,0.00044789161727725206,151.6799560546874,-98.39999999999998,82.86074218749991,147.84002075195315,75.83999023437502,194.37456054687482,65.27993164062491,228.4801269531249,391.846435546875,-140.6399902343751,-33.59995117187509,-114.61118164062509,-98.8799987792969,159.84003906249995,82.86083984375
1763689168.1749148,8,2,3,-0.12481454672147396,0.021856458554733123,-0.7679931813749942,0.0002893423447766284,0.003454764726910691,0.0003077351118416933,0,0,0,0,0,0,0,0,0,0,0,0,0,0,0
1763689168.3805084,8,2,3,-0.0548700278316854,0.00822486741808629,-0.541656567638815,-0.00174930164037016,0.00191372971968932,0.00014560401615543495,130.0799804687499,-81.60001220703123,63.50087890624991,119.04000244140627,59.04000244140627,159.52641601562482,60.48000488281241,199.6800781249999,329.89453125,-126.24008789062509,-38.40000000000009,-102.99521484375009,-82.08001098632815,133.44001464843745,71.244873046875
1763689168.469772,8,2,3,-0.01625686852417486,0.012817407918433192,-0.41793080135710137,-0.0004810225091445358,-0.0005325258785407091,-0.00019672360967641004,120.48000488281241,-76.79996337890623,63.50087890624991,116.6400085449219,56.6400085449219,147.91020507812482,58.07998046874991,190.0799804687499,322.150390625,-123.83994140625009,-36.00009765625009,-102.99521484375009,-79.67998657226565,123.84003906249995,75.11669921875
1763689168.5774183,8,2,3,-0.03687652718198886,0.01881512030914316,-0.36535790511445876,0.00024261251556029098,0.0007837625445635491,-9.672094746791604e-05,115.67995605468741,-74.39999999999998,63.50087890624991,107.04000244140627,56.6400085449219,136.29448242187482,50.87990722656241,182.8800292968749,295.04638671875,-116.63999023437509,-36.00009765625009,-91.37918701171884,-74.8799987792969,119.03999023437495,67.372802734375
1763689168.672974,8,2,3,-0.05015389286452667,0.035516909713340795,-0.2836709253063121,-0.00045010157295520754,0.0013648209786095789,-0.00038456342778626527,113.27993164062491,-71.99997558593748,55.75673828124991,107.04000244140627,54.2399841308594,136.29448242187482,48.48000488281241,175.6799560546874,283.430419921875,-109.44003906250009,-31.20004882812509,-91.37918701171884,-70.08001098632815,111.84003906249995,67.372802734375
1763689168.7663152,8,2,3,0.05191527382206029,0.05464666945500113,-0.24099075377603818,-0.001746539125763744,-0.0009461307574459478,9.135763728418632e-05,106.07998046874991,-74.39999999999998,59.62880859374991,107.04000244140627,54.2399841308594,132.42241210937482,46.07998046874991,173.2800537109374,283.430419921875,-109.44003906250009,-31.20004882812509,-87.50717773437509,-70.08001098632815,109.44001464843745,63.500732421875
1763689169.1726563,8,2,3,-0.10642845616882546,0.0685004529763592,-0.2093393709368765,0.0010257814589512773,0.0013970700505345642,0.00034949369499233005,86.88002929687491,-64.79996337890623,44.14077148437491,83.04000244140627,42.2399841308594,105.31840820312482,41.27993164062491,146.8800292968749,252.454345703125,-95.04013671875009,-28.80014648437509,-75.89121093750009,-65.27999267578127,92.63996582031245,48.0126953125
1763689169.4733913,8,2,3,0.0292652242133357,0.042227753816345096,-0.24614309149252317,0.0011653856652987008,-0.0005136616417856263,0.00010355569856738493,82.07998046874991,-62.39999999999998,40.26894531249991,73.44002685546877,37.43999633789065,89.83012695312482,38.87990722656241,125.28005371093741,221.478515625,-80.63999023437509,-26.40000000000009,-75.89121093750009,-58.08001098632815,83.03999023437495,44.140869140625
1763689175.0721211,8,2,3,0.01976806210845596,-0.007468889015628313,-0.2195050291853004,-0.0009064097865846272,-0.000828279059301255,0.00018654735679774336,50.88002929687491,-47.99997558593748,13.164941406249909,47.04000244140627,32.6400085449219,39.49443359374982,29.27993164062491,79.67995605468741,140.16650390625,-51.83994140625009,-14.400000000000091,-56.53122558593759,-38.8799987792969,54.239941406249955,5.4208984375
1763689175.2743018,8,2,3,0.005722037807870575,0.06365489241841213,-0.23036115971474086,0.0008266557979474381,0.0003383504572780417,-5.02169592061457e-05,55.67995605468741,-45.60001220703123,13.164941406249909,49.44002685546877,27.839990234375023,51.11040039062482,36.48000488281241,89.28005371093741,155.654541015625,-63.83994140625009,-19.20004882812509,-68.14719238281259,-43.67998657226565,59.039990234374955,13.164794921875
1763689175.4777405,8,2,3,-0.0033595399431395195,0.05442589148361049,-0.39704980273236656,0.0008889327357628851,-0.0008225764484335813,0.0003602063221833008,58.07998046874991,-47.99997558593748,17.03676757812491,59.04000244140627,35.04000244140627,58.85429687499982,34.07998046874991,98.88002929687491,171.142333984375,-68.63999023437509,-19.20004882812509,-64.27518310546884,-46.08001098632815,63.840039062499955,17.036865234375
1763689175.6834702,8,2,3,-0.026717194376952143,0.07631831200094286,-0.35940002461422726,0.002217873901079079,0.0015599454635766394,-9.089576366878214e-05,74.88002929687491,-52.79996337890623,32.52480468749991,73.44002685546877,42.2399841308594,89.83012695312482,34.07998046874991,122.88002929687491,209.862548828125,-83.04013671875009,-26.40000000000009,-83.63522949218759,-48.48000488281252,80.63996582031245,28.65283203125
1763689175.7859404,8,2,3,-0.08598362272147342,-0.014072504951213309,-0.5365812078953595,-0.000754654964604459,0.0019203413242422313,0.00031025929263117007,86.88002929687491,-59.99997558593748,36.39687499999991,83.04000244140627,42.2399841308594,109.19047851562482,46.07998046874991,142.0799804687499,240.83837890625,-90.24008789062509,-28.80014648437509,-79.76322021484384,-55.67998657226565,92.63996582031245,48.0126953125
1763689175.9747205,8,2,3,-0.040831355106309114,0.28852199000775924,-0.9545749892644676,0.010279735770247968,0.004979581413373036,-0.00020789624556517535,98.88002929687491,-71.99997558593748,63.50087890624991,95.04000244140627,54.2399841308594,140.16655273437482,50.87990722656241,163.6799560546874,295.04638671875,-116.63999023437509,-38.40000000000009,-83.63522949218759,-65.27999267578127,116.63996582031245,55.7568359375
1763689176.079979,8,2,3,-0.07599494396845695,0.21592530482604097,-1.2173804976863773,0.007578847312249188,0.00690441542185719,6.1479028138321234e-06,115.67995605468741,-76.79996337890623,75.11684570312491,111.84002075195315,66.2399841308594,167.27055664062482,53.27993164062491,182.8800292968749,322.150390625,-123.83994140625009,-40.80014648437509,-99.12320556640634,-72.48000488281252,131.03999023437495,67.372802734375
1763689176.178217,8,2,3,-0.16426609558155852,0.17259837620337903,-1.382875745420725,0.0036094154940014282,0.010117464051180886,-6.531675754904644e-05,122.88002929687491,-79.19998779296873,82.86074218749991,121.44002685546877,71.04000244140627,194.37456054687482,60.48000488281241,199.6800781249999,360.870361328125,-138.2400878906251,-43.20004882812509,-99.12320556640634,-77.27999267578127,152.63996582031245,67.372802734375
1763689176.2858102,8,2,3,-0.3066200949175315,0.1859418358317934,-1.8105526268560879,0.00992671914170038,0.01363786683717785,0.0002789995113178544,134.8800292968749,-88.79996337890623,90.60488281249991,138.24001464843752,83.04000244140627,213.73442382812482,67.67995605468741,221.2799316406249,407.33447265625,-155.0401367187501,-45.59995117187509,-114.61118164062509,-94.08001098632815,169.44001464843745,86.73291015625
1763689176.3805628,8,2,3,-0.2656783995474084,0.1948524506957193,-1.8706773107897061,0.008282999383297214,0.015500582020643621,-6.29831423350801e-05,161.2799316406249,-95.99997558593748,102.22084960937491,152.6400085449219,92.6400085449219,233.09428710937482,74.87990722656241,242.8800292968749,438.310546875,-162.2400878906251,-45.59995117187509,-118.48319091796884,-98.8799987792969,183.84003906249995,94.476806640625
1763689176.5731251,8,2,3,-0.4046163985450336,0.168546794370789,-2.4521356685040714,0.005637115939513735,0.021555074356966547,-0.0001996582749345683,173.2799316406249,-112.79996337890623,113.83681640624991,176.6400085449219,111.83999023437502,275.6865722656248,79.67995605468741,271.6800781249999,504.134521484375,-188.6399902343751,-48.00009765625009,-137.84317626953134,-113.27999267578127,212.63996582031245,98.348876953125
1763689176.8699694,8,2,3,-0.5768145788785995,0.19010781112467506,-3.073299890325731,0.0065121482852481686,0.03159390756506413,-0.0005728141097838526,206.8800292968749,-134.39999999999998,133.1969238281249,210.24004516601565,155.04000244140627,329.8945800781248,91.67995605468741,322.0799804687499,593.1904296875,-222.2400878906251,-52.80014648437509,-176.5632080078126,-139.6800018310547,255.84003906249995,113.8369140625
1763689176.9796546,8,2,3,-0.6453102800430619,0.2534746220796811,-3.387442135413878,0.008415910493726229,0.03543345687302209,2.258605328464081e-05,218.8800292968749,-139.19998779296873,133.1969238281249,222.24004516601565,164.6400085449219,356.9985839843748,101.27993164062491,341.2799316406249,624.16650390625,-236.6399902343751,-57.59995117187509,-192.05118408203134,-144.48000488281252,270.23994140624995,106.0927734375
1763689177.074929,8,2,3,-0.7124273582620758,0.2072726929906085,-3.794819451290972,0.007223901848323859,0.03763585621172071,0.00026767989696278556,230.8800292968749,-148.79996337890623,133.1969238281249,234.24004516601565,174.24001464843752,372.4863769531248,113.27993164062491,360.4801269531249,666.758544921875,-241.4400390625001,-52.80014648437509,-192.05118408203134,-158.8799987792969,282.23994140624995,117.708740234375
1763689177.168041,8,2,3,-0.667248756896349,0.20593288933166548,-4.050354173614712,0.006661650283443856,0.036358969423072526,0.000720803402484667,240.4800048828124,-158.39999999999998,140.9408203124999,241.43999633789065,191.04000244140627,376.3584472656248,110.87990722656241,370.0799804687499,682.246337890625,-251.0401367187501,-55.20004882812509,-207.53922119140634,-163.6800018310547,296.63996582031245,117.708740234375
1763689177.2781854,8,2,3,-0.7685417620311858,0.1910549309960563,-4.212967753092887,0.007599210324779625,0.03995932790352444,-0.0001905303370694075,247.6799560546874,-170.39999999999998,144.8128906249999,248.6400085449219,193.43999633789065,399.5903808593748,127.67995605468741,391.6800781249999,720.966552734375,-263.0401367187501,-57.59995117187509,-211.4112304687501,-178.07999572753909,318.24006347656245,113.8369140625
1763689177.3715599,8,2,3,-0.6914302178913487,0.29154178292440336,-4.548580505264681,0.012398276318345471,0.036499995607731185,0.00024781325326435734,259.6799560546874,-179.99997558593748,144.8128906249999,263.0400329589844,205.43999633789065,407.3345214843748,130.0799804687499,413.2799316406249,751.9423828125,-263.0401367187501,-50.40000000000009,-226.89920654296884,-187.6800018310547,327.84003906249995,117.708740234375
1763689177.5715282,8,2,3,-0.7209652551315131,0.2554072274846787,-5.107803114873739,0.010774900958865784,0.035821826031105966,0.000669596487262373,274.0799804687499,-203.99997558593748,152.5567871093749,275.0400329589844,224.6400085449219,434.4385253906248,151.6799560546874,444.4801269531249,825.510498046875,-277.4400390625001,-48.00009765625009,-246.25919189453134,-206.8799987792969,349.44001464843745,102.220703125
1763689177.7749074,8,2,3,-0.8230729540017971,0.28424106323423726,-5.797484386369219,0.011556796830624782,0.04346425619645749,0.0005045507067644233,283.6799560546874,-223.19998779296873,148.6849609374999,299.0400329589844,255.84002075195315,469.2861816406248,166.0799804687499,475.6800781249999,902.950439453125,-299.0401367187501,-52.80014648437509,-269.4911865234376,-233.28000793457034,383.03999023437495,106.0927734375
1763689177.8802598,8,2,3,-0.892982309521676,0.27035771239341744,-6.039363221846969,0.009483515756161305,0.04579266037557953,2.029354924139217e-05,298.0799804687499,-227.99997558593748,148.6849609374999,306.24004516601565,267.84002075195315,480.9023925781248,178.0799804687499,494.8800292968749,930.054443359375,-303.8399414062501,-55.20004882812509,-281.10721435546884,-247.6800018310547,402.24006347656245,90.604736328125
1763689177.9771492,8,2,3,-0.9029605615214051,0.29740784209574933,-6.416242285132874,0.011787456012086682,0.044834004931038576,0.0002841104859698934,305.2799316406249,-247.19998779296873,144.8128906249999,320.6400085449219,291.84002075195315,496.3901855468748,187.6799560546874,514.0799804687499,964.90234375,-311.0401367187501,-57.59995117187509,-288.8511718750001,-254.88000640869143,416.63996582031245,82.86083984375
1763689178.0827446,8,2,3,-0.9122671876884063,0.27854387277685566,-6.791988312596084,0.011156480424514626,0.04841866010667002,0.0004623631656290794,312.4800048828124,-251.99997558593748,137.0687499999999,327.84002075195315,308.6400085449219,519.6221191406248,192.4800048828124,523.6800781249999,988.134521484375,-318.2400878906251,-52.80014648437509,-300.46719970703134,-266.88000640869143,433.44001464843745,78.98876953125
1763689178.182271,8,2,3,-1.0266593631759233,0.26028532858319176,-7.0819502241881835,0.009366886434654876,0.05112603141003851,0.00027560931863617084,319.6799560546874,-256.8000244140625,140.9408203124999,339.84002075195315,327.84002075195315,527.3662597656248,209.2799316406249,542.8800292968749,1030.7265625,-323.0401367187501,-52.80014648437509,-323.6991943359376,-276.4800048828125,447.84003906249995,63.500732421875
1763689178.2798784,8,2,3,-1.040979670121417,0.29751210601274236,-7.49712983308026,0.010731226357356297,0.051115554322651996,0.0007555240062661703,331.6799560546874,-273.6000122070312,129.3248535156249,349.43999633789065,351.84002075195315,554.4702636718748,209.2799316406249,569.2799316406249,1050.08642578125,-327.8399414062501,-55.20004882812509,-335.31522216796884,-290.88000640869143,459.84003906249995,55.7568359375
1763689178.3831098,8,2,3,-1.149943997760908,0.1883547930962191,-7.9702389251587284,0.006252848276444069,0.05869279032465381,0.0004224538575620931,341.2799316406249,-290.4,125.45278320312491,359.0400329589844,363.84002075195315,558.3423339843748,226.0799804687499,578.8800292968749,1084.934326171875,-332.6399902343751,-52.80014648437509,-346.93118896484384,-300.4800048828125,474.24006347656245,40.268798828125
1763689178.6813629,8,2,3,-1.3523980425371718,0.35828590110145253,-8.940841766914714,0.010144493154941338,0.061014773590647005,1.2501024889925022e-06,355.6799560546874,-323.9999755859375,106.09291992187491,387.84002075195315,423.84002075195315,597.0625488281248,262.0799804687499,636.4801269531249,1197.222412109375,-347.0401367187501,-50.40000000000009,-397.2671875000001,-341.28000793457034,527.039990234375,9.292724609375
1763689178.7748377,8,2,3,-1.4122075425599547,0.23530885635152476,-9.38239824404555,0.011258767454290428,0.07200357260224097,0.0002528751156627195,360.4800048828124,-335.9999755859375,102.22084960937491,390.24004516601565,450.2399841308594,616.4224121093748,262.0799804687499,646.0799804687499,1228.198486328125,-349.4400390625001,-48.00009765625009,-408.88321533203134,-360.4800106048584,541.4400146484375,1.548828125
1763689178.8671672,8,2,3,-1.3714793842897892,0.19281541844067457,-9.697255236366253,0.006377516070496973,0.06395496475528706,0.0007462484292405317,362.8800292968749,-352.8000244140625,94.47695312499991,395.0400329589844,457.43999633789065,616.4224121093748,288.47994384765616,665.2799316406249,1266.91845703125,-354.2400878906251,-45.59995117187509,-412.7552246093751,-372.4800106048584,560.6399658203125,-17.811279296875
1763689178.9740906,8,2,3,-1.3744742452909704,0.3026466247672852,-9.998435922333039,0.006176828022567912,0.06224308570651019,0.0001586750760109298,372.4800048828124,-359.9999755859375,86.73281249999991,411.84002075195315,486.2399841308594,639.6543457031248,290.87996826171866,686.8800292968749,1297.894287109375,-349.4400390625001,-43.20004882812509,-428.24320068359384,-384.4800110816956,572.6399658203125,-37.171142578125
1763689179.0678413,8,2,3,-1.4289227495647798,0.25325561988317713,-10.352545194541953,0.007281286856869584,0.06943556116755595,0.00043415478513239656,379.6799560546874,-379.1999877929687,71.24477539062491,414.24004516601565,503.0400329589844,647.3984863281248,310.0799804687499,713.2799316406249,1340.486572265625,-356.6399902343751,-45.59995117187509,-443.7311767578126,-406.08001098632815,591.8400390625,-48.787109375
1763689179.1428654,8,2,3,-1.4481406212640684,0.26807028729699195,-10.368370987310135,0.007715010227901019,0.07091506396741522,0.00035134666918985695,386.8800292968749,-386.4,67.37294921874991,426.24004516601565,531.8400207519531,655.1421386718748,307.6799560546874,722.8800292968749,1348.230224609375,-354.2400878906251,-43.20004882812509,-459.2192138671876,-415.6800132751465,603.8400390625,-56.53125
1763689179.2734623,8,2,3,-1.7288126877801906,0.2597899604143729,-11.188331229729247,0.005218477056400078,0.08611379314788037,0.0005222578310174354,384.4800048828124,-400.8000244140625,55.75673828124991,433.4400573730469,553.4399963378906,674.5024902343748,314.87996826171866,739.6800781249999,1371.462646484375,-351.8399414062501,-38.40000000000009,-470.8351806640626,-434.88001403808596,615.8400390625,-72.019287109375
1763689179.4756236,8,2,3,-1.45779372391239,0.3654116468416634,-10.92397733563389,0.012207476064057376,0.07144957912698066,0.0007895834843862411,382.0799804687499,-405.6000122070312,59.62880859374991,426.24004516601565,534.2400451660156,666.7583496093748,331.6799560546874,737.2799316406249,1390.822509765625,-351.8399414062501,-36.00009765625009,-463.09122314453134,-430.08001098632815,618.2400634765625,-79.76318359375
1763689179.5696402,8,2,3,-1.3536263854761392,0.426925258452975,-10.70387086678991,0.016862736357165384,0.06614968473632123,0.0007250410086173317,382.0799804687499,-405.6000122070312,55.75673828124991,421.4400573730469,529.4399963378906,659.0142089843748,338.87996826171866,737.2799316406249,1383.078369140625,-354.2400878906251,-33.59995117187509,-463.09122314453134,-432.48001251220705,613.4400146484375,-79.76318359375
1763689179.6768363,8,2,3,-1.282714781326343,0.4364411541100443,-10.451417789718857,0.01688159744303673,0.0630410395557477,0.0005788442552857502,379.6799560546874,-405.6000122070312,59.62880859374991,421.4400573730469,531.8400207519531,662.8862792968748,341.27999267578116,734.8800292968749,1398.566650390625,-354.2400878906251,-33.59995117187509,-459.2192138671876,-427.6800132751465,613.4400146484375,-83.63525390625
1763689179.9769135,8,2,3,-1.285124170824071,0.4450648556132036,-10.416415200097473,0.017468819158655315,0.06353704593153908,0.0009060082045566987,379.6799560546874,-405.6000122070312,51.88491210937491,421.4400573730469,527.0400329589844,662.8862792968748,341.27999267578116,737.2799316406249,1398.566650390625,-354.2400878906251,-36.00009765625009,-455.34720458984384,-432.48001251220705,618.2400634765625,-83.63525390625
1763689180.176607,8,2,3,-1.3453293812677358,0.3946649833927721,-10.206725744926805,0.015075053311535826,0.06611038603375283,0.0008975973684515843,377.2799316406249,-410.4,63.50087890624991,421.4400573730469,539.0400329589844,666.7583496093748,331.6799560546874,737.2799316406249,1398.566650390625,-351.8399414062501,-33.59995117187509,-466.96317138671884,-430.08001098632815,618.2400634765625,-87.507080078125
1763689180.366427,8,2,3,-1.473300635295618,0.30596281624139055,-10.219110552956272,0.01177553817380815,0.07138217063571481,0.0012793265577704799,377.2799316406249,-410.4,55.75673828124991,421.4400573730469,541.4399963378906,662.8862792968748,329.27999267578116,730.0799804687499,1386.950439453125,-351.8399414062501,-33.59995117187509,-463.09122314453134,-434.88001403808596,618.2400634765625,-87.507080078125
1763689180.679145,8,2,3,-1.407409826552351,0.34255250121055425,-10.04708507292423,0.012987858812819688,0.06925799837612462,0.0011074828176689854,377.2799316406249,-407.9999755859375,51.88491210937491,421.4400573730469,541.4399963378906,662.8862792968748,334.0799804687499,730.0799804687499,1398.566650390625,-356.6399902343751,-36.00009765625009,-455.34720458984384,-432.48001251220705,618.2400634765625,-91.379150390625
1763689180.787266,8,2,3,-1.3805876774326649,0.36795938760719155,-9.996787549941246,0.013041070911178176,0.06875290788914865,0.0007322808021256915,379.6799560546874,-407.9999755859375,55.75673828124991,416.6400085449219,536.6400085449219,666.7583496093748,334.0799804687499,730.0799804687499,1386.950439453125,-354.2400878906251,-31.20004882812509,-463.09122314453134,-434.88001403808596,618.2400634765625,-87.507080078125
1763689180.8817663,8,2,3,-1.3995574589901612,0.3979608842164274,-9.807760882598192,0.01383237594008015,0.06885723714730199,0.0003316603606483481,377.2799316406249,-405.6000122070312,59.62880859374991,421.4400573730469,539.0400329589844,662.8862792968748,331.6799560546874,725.2799316406249,1390.822509765625,-354.2400878906251,-31.20004882812509,-459.2192138671876,-432.48001251220705,615.8400390625,-83.63525390625
1763689181.1819959,8,2,3,-1.0194789389565693,0.5408933148875679,-9.556575851823045,0.02200578554582831,0.050364236908779086,0.00043837035748248415,372.4800048828124,-407.9999755859375,59.62880859374991,416.6400085449219,512.6400085449219,655.1421386718748,348.47994384765616,730.0799804687499,1410.182373046875,-349.4400390625001,-28.80014648437509,-447.60318603515634,-430.08001098632815,620.6399658203125,-87.507080078125
1763689181.2755594,8,2,3,-1.0394761223819893,0.538297868676308,-9.656144176190626,0.022451571585215786,0.05137246129474447,0.0006398586712031409,372.4800048828124,-407.9999755859375,59.62880859374991,414.24004516601565,515.0400329589844,651.2705566406248,350.87996826171866,732.4801269531249,1406.310302734375,-351.8399414062501,-31.20004882812509,-451.4751953125001,-427.6800132751465,615.8400390625,-91.379150390625
1763689181.3680098,8,2,3,-1.0576699090685264,0.5383959308972972,-9.5787185146986,0.02079081197580468,0.052256889823086586,0.000816908730879932,372.4800048828124,-405.6000122070312,51.88491210937491,416.6400085449219,510.24004516601565,659.0142089843748,348.47994384765616,730.0799804687499,1406.310302734375,-351.8399414062501,-31.20004882812509,-451.4751953125001,-427.6800132751465,613.4400146484375,-87.507080078125
1763689181.5713017,8,2,3,-1.3084531724598447,0.4111905820788085,-9.650540744772904,0.015227848778107757,0.06389319391976964,0.0007038875929952703,372.4800048828124,-407.9999755859375,59.62880859374991,419.0400329589844,539.0400329589844,666.7583496093748,334.0799804687499,730.0799804687499,1386.950439453125,-354.2400878906251,-31.20004882812509,-463.09122314453134,-432.48001251220705,618.2400634765625,-95.251220703125
1763689181.6806006,8,2,3,-1.4859740779622541,0.33103638077826836,-9.761724117082352,0.009044670405918415,0.07524604279743832,0.0007258618925370256,374.8800292968749,-410.4,59.62880859374991,414.24004516601565,536.6400085449219,659.0142089843748,336.47994384765616,732.4801269531249,1394.694580078125,-347.0401367187501,-28.80014648437509,-466.96317138671884,-437.2800117492676,615.8400390625,-83.63525390625
1763689181.8693917,8,2,3,-1.2794158307975185,0.3960287703657631,-9.485832926586147,0.014485326471044448,0.06346834531761364,0.0005260122327864856,0,0,0,0,0,0,0,0,0,0,0,0,0,0,0
1763689182.3676553,8,2,3,-0.7786810257071191,0.4919965992254576,-7.7713397394000605,0.021972264977890225,0.03651743019324715,0.0009194848577062141,355.6799560546874,-367.1999877929687,82.86074218749991,385.43999633789065,443.0400329589844,608.6782714843748,305.27999267578116,660.4801269531249,1282.406494140625,-339.8399414062501,-33.59995117187509,-401.13919677734384,-377.2800107955933,555.8400390625,-33.299072265625
1763689182.4776843,8,2,3,-0.8771358815619952,0.40453556632100596,-7.225998224383277,0.015944286562905946,0.04503286849878878,0.00023805529524007895,343.6799560546874,-352.8000244140625,94.47695312499991,375.84002075195315,411.84002075195315,585.4463378906248,300.47994384765616,641.2799316406249,1243.6865234375,-339.8399414062501,-33.59995117187509,-381.77921142578134,-358.08001098632815,536.6399658203125,-21.68310546875
1763689182.774036,8,2,3,-0.5294640066923149,0.4625389866693477,-5.619378075635271,0.021992555964039054,0.026110246105184656,0.0007490243772299504,0,0,0,0,0,0,0,0,0,0,0,0,0,0,0
1763689182.8678095,8,2,3,-0.5298469715508574,0.42794198360678504,-5.112238475659138,0.018340030001288057,0.026210126674190492,0.0009172835821616796,312.4800048828124,-290.4,129.3248535156249,330.24004516601565,313.43999633789065,508.0063964843748,240.47994384765616,554.8800292968749,1069.446533203125,-313.4400390625001,-31.20004882812509,-312.0832275390626,-286.08001098632815,457.44001464843745,48.0126953125
1763689182.9755738,8,2,3,-0.582855113653616,0.31121976414181074,-4.597484845200141,0.016016364088899747,0.026807899633534697,0.0007889576836564755,300.4800048828124,-271.1999877929687,125.45278320312491,323.0400329589844,272.6400085449219,469.2861816406248,223.6799560546874,530.8800292968749,999.75048828125,-291.8399414062501,-26.40000000000009,-284.9792236328126,-269.28000793457034,423.84003906249995,67.372802734375
1763689183.0707917,8,2,3,-0.3858040453192101,0.38532425535225656,-3.897412602715856,0.012953690362725576,0.012768966028926847,0.000780396528773182,288.4800048828124,-259.1999877929687,133.1969238281249,299.0400329589844,253.43999633789065,457.6704589843748,214.0799804687499,490.0799804687499,949.41455078125,-294.2400878906251,-38.40000000000009,-265.61917724609384,-254.88000640869143,404.63996582031245,71.244873046875
1763689183.0982904,8,2,3,-0.4267417319600537,0.4228821180534622,-4.03014876785622,0.012885627550962968,0.012346873857336026,0.0008858760234623959,283.6799560546874,-251.99997558593748,129.3248535156249,299.0400329589844,248.6400085449219,453.7983886718748,204.4800048828124,485.2799316406249,937.79833984375,-287.0401367187501,-31.20004882812509,-257.8752197265626,-247.6800018310547,399.84003906249995,71.244873046875
1763689183.272458,8,2,3,-0.32691542805687934,0.3021673778271222,-3.1235868352667175,0.015809420199840746,0.02008858054605961,0.0009997342044498602,252.4800048828124,-223.19998779296873,137.0687499999999,265.43999633789065,203.04000244140627,399.5903808593748,178.0799804687499,430.0799804687499,840.99853515625,-270.2400878906251,-33.59995117187509,-226.89920654296884,-214.08001098632815,356.63996582031245,82.86083984375
1763689183.3831222,8,2,3,-0.34207480389433953,0.2721546857115408,-2.6625594731959774,0.012035074234657089,0.016661598575212735,0.0008371544500161028,242.8800292968749,-208.79996337890623,140.9408203124999,251.0400329589844,191.04000244140627,384.1025878906248,161.2799316406249,401.2799316406249,790.662353515625,-251.0401367187501,-36.00009765625009,-211.4112304687501,-202.08001098632815,330.24006347656245,86.73291015625
1763689183.5708485,8,2,3,-0.22442243805408216,0.3756972080239146,-2.0372961222158263,0.008768104852082298,0.011894982415733248,0.0011917936257133859,221.2799316406249,-182.39999999999998,129.3248535156249,229.43999633789065,159.83999023437502,337.6382324218748,134.8799072265624,367.6800781249999,697.734375,-227.0401367187501,-33.59995117187509,-188.1791748046876,-178.07999572753909,287.03999023437495,102.220703125
1763689183.680441,8,2,3,-0.22676758435446628,0.34536243164540664,-1.8208368285641352,0.0073998773902297504,0.010347468639858914,0.00017092204797259356,209.2799316406249,-175.19998779296873,129.3248535156249,210.24004516601565,131.04000244140627,314.4062988281248,134.8799072265624,346.0799804687499,662.886474609375,-219.8399414062501,-31.20004882812509,-164.94718017578134,-166.07999572753909,272.63996582031245,90.604736328125
1763689183.775617,8,2,3,-0.11006740982915762,0.30115240867969356,-1.6202505128443847,0.011842765961726861,0.006829315043938458,2.991560790986626e-05,197.2799316406249,-167.99997558593748,121.58095703124991,200.6400085449219,131.04000244140627,298.9185058593748,120.48000488281241,324.4801269531249,628.038330078125,-207.8399414062501,-33.59995117187509,-157.2032226562501,-163.6800018310547,255.84003906249995,94.476806640625
1763689183.8809955,8,2,3,-0.16768986314811163,0.1695865512514339,-1.5140157906804732,0.00828238645751687,0.007394132665776567,0.00045521539232855357,0,0,0,0,0,0,0,0,0,0,0,0,0,0,0
1763689183.9812546,8,2,3,-0.1799721785823874,0.15430023124955267,-1.275005192956632,0.005193720848308162,0.009162328873162106,0.0006070793722855328,0,0,0,0,0,0,0,0,0,0,0,0,0,0,0
1763689184.1707041,8,2,3,-0.05032902981696537,0.14211336863703336,-0.9552375523829283,0.005397780971572596,0.004821847022951709,-6.022298321970191e-05,158.8800292968749,-134.39999999999998,106.09291992187491,164.6400085449219,95.04000244140627,233.09428710937482,94.07998046874991,264.4801269531249,504.134521484375,-174.2400878906251,-28.80014648437509,-137.84317626953134,-127.68000183105471,207.84003906249995,90.604736328125
1763689184.3715656,8,2,3,-0.1695026595456515,0.04028978079351468,-0.8084654084970317,0.0025789438409803437,0.004719656257678196,-0.000245084781334865,146.8800292968749,-117.60001220703123,94.47695312499991,140.6400085449219,90.2399841308594,209.86235351562482,84.48000488281241,240.4801269531249,457.67041015625,-159.8399414062501,-31.20004882812509,-118.48319091796884,-115.67998657226565,186.23994140624995,90.604736328125
1763689184.4822211,8,2,3,-0.11169725635339195,0.0659753902420019,-0.6136532665078263,0.0015118207056457433,0.004781826609190942,-0.00018271738902357225,142.0799804687499,-112.79996337890623,86.73281249999991,133.44002685546877,71.04000244140627,190.50249023437482,82.07998046874991,226.0799804687499,430.56640625,-150.2400878906251,-28.80014648437509,-110.73917236328134,-110.8799987792969,171.84003906249995,86.73291015625
1763689184.576825,8,2,3,-0.031152879562427713,0.08556612154078048,-0.6253077655268042,0.003042249953161289,0.002050748983658865,-0.000339323025749395,139.6799560546874,-107.99997558593748,82.86074218749991,128.6400085449219,73.43999633789065,175.01420898437482,72.48000488281241,218.8800292968749,403.46240234375,-143.0401367187501,-28.80014648437509,-102.99521484375009,-103.67998657226565,162.23994140624995,78.98876953125
1763689184.8711202,8,2,3,-0.07935782062656777,0.04974028355326436,-0.29997600620370946,0.00012972846916527357,0.00433806849175738,-0.0005446479032178354,118.07998046874991,-95.99997558593748,78.98891601562491,107.04000244140627,63.83999023437502,163.39848632812482,62.87990722656241,192.4800048828124,349.25439453125,-123.83994140625009,-24.00009765625009,-99.12320556640634,-89.27999267578127,143.03999023437495,63.500732421875
1763689184.9815717,8,2,3,-0.08228492888030942,0.06684595415966113,-0.22730690480298832,0.001146279693367045,0.0027920886189346113,-0.00043789492753551354,113.27993164062491,-95.99997558593748,75.11684570312491,104.6400085449219,63.83999023437502,151.78227539062482,53.27993164062491,178.0799804687499,329.89453125,-121.44003906250009,-26.40000000000009,-91.37918701171884,-89.27999267578127,135.84003906249995,63.500732421875
1763689185.0744479,8,2,3,-0.07374552825188571,0.0364923689287298,-0.23102118494972398,0.0007283648227901771,0.00411596826379912,-4.7222641427681615e-05,106.07998046874991,-91.19998779296873,67.37294921874991,97.44002685546877,61.43999633789065,140.16655273437482,50.87990722656241,170.8800292968749,318.278564453125,-119.04013671875009,-26.40000000000009,-83.63522949218759,-86.8799987792969,131.03999023437495,59.62890625
1763689185.228193,8,2,3,-0.08465971322869223,0.04240658894315099,-0.29567245947060167,0.0012570362261841743,0.004117873462727638,-0.000146648404960147,96.48000488281241,-83.99997558593748,67.37294921874991,90.24001464843752,54.2399841308594,128.55034179687482,50.87990722656241,161.2800537109374,291.174560546875,-109.44003906250009,-21.59995117187509,-79.76322021484384,-74.8799987792969,114.23994140624995,48.0126953125
1763689185.5715556,8,2,3,-0.12047926054198732,0.028763443618325443,-0.2021073459361981,-0.0005248214827355886,0.006094008337164873,-4.099812600002377e-05,84.48000488281241,-81.60001220703123,51.88491210937491,85.44002685546877,54.2399841308594,124.67827148437482,38.87990722656241,137.2800537109374,264.070556640625,-97.44003906250009,-19.20004882812509,-79.76322021484384,-65.27999267578127,111.84003906249995,44.140869140625
1763689191.125487,8,2,3,-0.05001310476639546,0.004914414501725695,-0.21464981186770013,-0.00048141583385441825,-0.0007815008210087336,3.307747622022933e-05,0,0,0,0,0,0,0,0,0,0,0,0,0,0,0
1763689191.4060435,8,2,3,-0.0284926283047572,-0.014273764149075918,-0.222166582979067,-0.0018359396505337254,0.0009841839003439268,-0.0002862949226168478,65.27993164062491,-59.99997558593748,24.78090820312491,61.44002685546877,32.6400085449219,62.72636718749982,36.48000488281241,106.07998046874991,182.758544921875,-75.83994140625009,-4.800146484375091,-75.89121093750009,-53.27999267578127,75.84003906249995,24.78076171875
1763689191.5788138,8,2,3,-0.06546018226854078,0.037661131473832384,-0.28424054495484863,-0.0007552157463518826,0.000922680883220999,8.278869327917949e-05,62.88002929687491,-55.19998779296873,36.39687499999991,66.24001464843752,37.43999633789065,74.34233398437482,34.07998046874991,103.67995605468741,190.50244140625,-71.04013671875009,-12.000097656250091,-75.89121093750009,-50.8799987792969,75.84003906249995,28.65283203125
1763689191.6738925,8,2,3,-0.01750565442654543,-0.011995363932292809,-0.3126860054193482,-0.0027140788519007955,0.0037697432483126533,-0.0005566555944330366,67.67995605468741,-59.99997558593748,32.52480468749991,68.6400085449219,39.83999023437502,74.34233398437482,38.87990722656241,103.67995605468741,205.990478515625,-75.83994140625009,-16.80014648437509,-72.01920166015634,-53.27999267578127,83.03999023437495,28.65283203125
1763689191.7952776,8,2,3,-0.07323380723793607,-0.04579474917803468,-0.30701657926298215,-0.001972543214187455,0.003140840438496396,-0.0001573443836861452,70.07998046874991,-59.99997558593748,36.39687499999991,66.24001464843752,39.83999023437502,85.95854492187482,38.87990722656241,108.48000488281241,209.862548828125,-80.63999023437509,-12.000097656250091,-72.01920166015634,-60.48000488281252,85.44001464843745,32.52490234375
1763689191.9700432,8,2,3,-0.16730852417476355,0.04806779722857952,-0.5668901704468934,0.00037350760501153645,0.005802452419945247,0.0005347542156117299,84.48000488281241,-71.99997558593748,48.01284179687491,78.24001464843752,51.83999023437502,109.19047851562482,41.27993164062491,137.2800537109374,260.198486328125,-97.44003906250009,-19.20004882812509,-75.89121093750009,-67.67998657226565,107.03999023437495,44.140869140625
1763689192.0785062,8,2,3,-0.015809395455119744,0.07151520693177557,-0.6517764012688925,0.001234925710956897,0.003756303629645806,-4.2419014659336924e-05,84.48000488281241,-79.19998779296873,51.88491210937491,87.84002075195315,49.43999633789065,132.42241210937482,48.48000488281241,151.6799560546874,279.558349609375,-99.83994140625009,-24.00009765625009,-83.63522949218759,-72.48000488281252,109.44001464843745,48.0126953125
1763689192.1721,8,2,3,-0.043556096134926045,0.12693258825085985,-0.7146803313001631,0.0021677408902971507,0.0038974623179037463,1.2682027676426768e-05,103.67995605468741,-83.99997558593748,67.37294921874991,97.44002685546877,61.43999633789065,144.03813476562482,58.07998046874991,166.0799804687499,310.534423828125,-114.24008789062509,-24.00009765625009,-91.37918701171884,-74.8799987792969,128.63996582031245,55.7568359375
1763689192.4690855,8,2,3,-0.1385251124826823,0.18900298498354667,-1.5349565041926958,0.0075765586816571575,0.008163597747900132,-0.00018250110116358582,144.4800048828124,-98.39999999999998,98.34877929687491,135.84002075195315,75.83999023437502,205.99028320312482,72.48000488281241,226.0799804687499,415.078369140625,-150.2400878906251,-36.00009765625009,-114.61118164062509,-98.8799987792969,171.84003906249995,78.98876953125
1763689192.6730552,8,2,3,-0.249206334907699,0.1684404064782938,-2.3762470955420074,0.007927606605084285,0.014737392943298767,-8.526531050036647e-06,170.8800292968749,-124.79996337890623,117.70888671874991,171.84002075195315,97.43999633789065,256.3262207031248,86.87990722656241,274.0799804687499,500.262451171875,-181.4400390625001,-33.59995117187509,-137.84317626953134,-122.8799987792969,207.84003906249995,90.604736328125
1763689192.9816716,8,2,3,-0.41692771630825076,0.18012716930307598,-3.0284639802238758,0.008266717780960952,0.01975949341332697,7.37037999371257e-05,206.8800292968749,-148.79996337890623,129.3248535156249,210.24004516601565,128.6400085449219,322.1504394531248,106.07998046874991,329.2799316406249,604.806396484375,-210.2400878906251,-40.80014648437509,-164.94718017578134,-151.6800018310547,258.23994140624995,102.220703125
1763689193.1683307,8,2,3,-0.39312371116715383,0.21265095247318408,-3.4695301790631237,0.008378522407877384,0.022679902152299692,0.000148843165289072,228.4800048828124,-163.19998779296873,137.0687499999999,229.43999633789065,152.6400085449219,353.1265136718748,120.48000488281241,362.8800292968749,678.37451171875,-227.0401367187501,-43.20004882812509,-180.43521728515634,-173.28000793457034,284.63996582031245,109.96484375
1763689193.374251,8,2,3,-0.40410823205508073,0.2968658654372813,-4.0299622663989325,0.01125380205211227,0.02236234450812713,0.0003447129823578752,245.2799316406249,-182.39999999999998,144.8128906249999,248.6400085449219,181.43999633789065,387.9741699218748,134.8799072265624,401.2799316406249,740.326416015625,-246.2400878906251,-45.59995117187509,-211.4112304687501,-185.28000793457034,315.84003906249995,113.8369140625
1763689193.7783382,8,2,3,-0.6578634847040794,0.25050721746697624,-5.310899374858661,0.010199912786416162,0.03272331234179809,0.00035938585365760233,0,0,0,0,0,0,0,0,0,0,0,0,0,0,0
1763689193.87332,8,2,3,-0.728403121207176,0.23403175552560476,-5.557183468767413,0.007915527438252676,0.03813817340629085,0.00018627778681214657,290.8800292968749,-235.19998779296873,148.6849609374999,299.0400329589844,236.6400085449219,449.9263183593748,178.0799804687499,487.6800781249999,918.4384765625,-296.6399902343751,-40.80014648437509,-265.61917724609384,-250.08001098632815,387.84003906249995,102.220703125
1763689193.9821155,8,2,3,-0.7210931058985068,0.30142193914159454,-5.8062492571098065,0.008734604199624465,0.0374831818665404,0.00025114337010084895,300.4800048828124,-259.1999877929687,152.5567871093749,306.24004516601565,253.43999633789065,461.5425292968748,194.8799072265624,511.6800781249999,953.286376953125,-301.4400390625001,-40.80014648437509,-277.2352050781251,-259.68000946044924,399.84003906249995,94.476806640625
1763689194.0742679,8,2,3,-0.7653155812368737,0.2852588315009174,-6.234746460278371,0.010480570395477307,0.03766066696207583,0.00018559121081533105,312.4800048828124,-263.9999755859375,152.5567871093749,320.6400085449219,272.6400085449219,477.0303222656248,202.0799804687499,530.8800292968749,984.262451171875,-306.2400878906251,-40.80014648437509,-292.72318115234384,-271.68000946044924,423.84003906249995,82.86083984375
1763689194.1024475,8,2,3,-0.7990237086482445,0.25499802380478187,-6.218277038748974,0.010063397054241231,0.03804593629614363,0.00019257978445543205,307.6799560546874,-266.4,144.8128906249999,323.0400329589844,275.0400329589844,484.7744628906248,206.8799072265624,535.6800781249999,995.87841796875,-308.6399902343751,-43.20004882812509,-296.5951904296876,-276.4800048828125,421.44001464843745,82.86083984375
1763689194.1965353,8,2,3,-0.8459986718483454,0.20387771095190138,-6.622199209615136,0.0100050626649257,0.04037803398487417,0.0002878501396217084,322.0799804687499,-273.6000122070312,140.9408203124999,330.24004516601565,306.2399841308594,504.1343261718748,209.2799316406249,550.0799804687499,1030.7265625,-313.4400390625001,-45.59995117187509,-312.0832275390626,-288.4800048828125,438.24006347656245,71.244873046875
1763689194.290717,8,2,3,-0.940164810983974,0.2244379064819317,-7.141153885442794,0.007262780706798852,0.047812883296048735,0.0007162994871784522,324.4800048828124,-280.8000244140625,137.0687499999999,342.24004516601565,318.2399841308594,519.6221191406248,223.6799560546874,571.6800781249999,1061.702392578125,-320.6399902343751,-40.80014648437509,-315.9551757812501,-295.68000946044924,455.03999023437495,67.372802734375
1763689194.3834856,8,2,3,-0.8866669105229907,0.2823468833648595,-7.384150979523028,0.009369800497069017,0.044543035084778485,0.0003980524350535291,336.4800048828124,-295.1999877929687,137.0687499999999,349.43999633789065,337.43999633789065,542.8545410156248,235.6799560546874,586.0799804687499,1096.550537109375,-327.8399414062501,-43.20004882812509,-335.31522216796884,-310.08001098632815,469.44001464843745,51.884765625
1763689194.6826215,8,2,3,-1.1199513188041583,0.24142089694003577,-8.600191445949308,0.002565501847135613,0.050602275530662696,0.0011910492174582905,360.4800048828124,-333.6000122070312,106.09291992187491,387.84002075195315,402.2399841308594,573.8301269531248,259.6799560546874,655.6800781249999,1193.350341796875,-342.2400878906251,-38.40000000000009,-389.52322998046884,-348.4800086975098,517.4400146484375,28.65283203125
1763689194.7783306,8,2,3,-1.2493039585306471,0.20368476408385916,-9.005974205608462,0.001756035447003701,0.05502707047666186,0.001673019881488669,367.6799560546874,-352.8000244140625,98.34877929687491,392.6400085449219,419.0400329589844,585.4463378906248,278.87996826171866,672.4801269531249,1239.814453125,-344.6399902343751,-38.40000000000009,-397.2671875000001,-374.88001070022585,534.2400634765625,1.548828125
1763689194.8693354,8,2,3,-1.1197043799153517,0.20982300013746652,-9.222525610790992,0.009895468279139575,0.06198991809214539,0.0006933568180660481,367.6799560546874,-364.8000244140625,102.22084960937491,397.43999633789065,443.0400329589844,600.9341308593748,288.47994384765616,679.6800781249999,1266.91845703125,-351.8399414062501,-33.59995117187509,-408.88321533203134,-384.4800110816956,553.4400146484375,-2.3232421875
1763689194.9808788,8,2,3,-1.1597208357247066,0.1452744879019598,-9.675418045153204,0.006180404650536783,0.06541481150150244,0.0008347183010295163,377.2799316406249,-383.9999755859375,86.73281249999991,416.6400085449219,464.6400085449219,612.5503417968748,307.6799560546874,708.4801269531249,1313.382568359375,-347.0401367187501,-33.59995117187509,-428.24320068359384,-406.08001098632815,572.6399658203125,-13.939208984375
1763689195.0769348,8,2,3,-1.245868621731884,0.19903926476065986,-10.229807823363856,0.0101371297644266,0.06632792658920321,0.001275378818211624,391.6799560546874,-400.8000244140625,71.24477539062491,426.24004516601565,500.6400085449219,616.4224121093748,310.0799804687499,737.2799316406249,1340.486572265625,-349.4400390625001,-28.80014648437509,-455.34720458984384,-427.6800132751465,584.6399658203125,-41.043212890625
1763689195.1728747,8,2,3,-1.4625689481838369,0.10671220778170554,-10.644183221747397,0.002905654305691816,0.07713780139118799,0.00048198971884929557,396.4800048828124,-415.1999877929687,59.62880859374991,440.6400085449219,515.0400329589844,639.6543457031248,329.27999267578116,756.4801269531249,1383.078369140625,-347.0401367187501,-21.59995117187509,-466.96317138671884,-442.0800148010254,606.2400634765625,-52.6591796875
1763689195.2468889,8,2,3,-1.4879291669353232,0.12510467868864283,-10.680968846986476,0.0014017136137010333,0.07487840549080985,0.0012421162585125722,401.2799316406249,-424.8000244140625,51.88491210937491,440.6400085449219,531.8400207519531,643.5264160156248,338.87996826171866,770.8800292968749,1406.310302734375,-351.8399414062501,-21.59995117187509,-478.5791992187501,-451.6800170898438,615.8400390625,-72.019287109375
1763689195.3380723,8,2,3,-1.3723094842382833,0.20052942038464305,-11.024049309823374,0.003497847235481487,0.06796718204215692,0.0010417472335212622,403.6799560546874,-439.1999877929687,48.01284179687491,450.24004516601565,558.2400451660156,666.7583496093748,343.6799560546874,787.6800781249999,1441.158447265625,-359.0401367187501,-21.59995117187509,-490.19522705078134,-470.88001403808596,635.039990234375,-83.63525390625
1763689195.4325721,8,2,3,-1.5235902921161637,0.17105004209704588,-11.374496214008794,0.0037548495346107977,0.07317362423351718,0.0009222570428274509,406.0799804687499,-465.6000122070312,40.26894531249991,455.0400329589844,587.0400329589844,674.5024902343748,365.27999267578116,811.6800781249999,1495.366455078125,-356.6399902343751,-19.20004882812509,-505.6832031250001,-499.6800170898438,661.4400146484375,-106.8671875
1763689195.5722396,8,2,3,-1.7533580806652787,0.22404191049498628,-12.607126328517118,0.003677800343943844,0.08697130928252567,0.0014976315176720607,415.6799560546874,-480.0000061035156,24.78090820312491,462.24004516601565,611.0400329589844,689.9902832031248,365.27999267578116,838.0799804687499,1526.342529296875,-361.4400390625001,-14.400000000000091,-517.2991699218751,-526.0800109863281,680.6399658203125,-133.97119140625
1763689195.631471,8,2,3,-1.728157289932064,0.22199953744304018,-12.623629705221049,0.0038370302664141286,0.08609905306702142,0.00157046263339325,415.6799560546874,-484.79999389648435,17.03676757812491,462.24004516601565,615.8400207519531,682.2461425781248,372.47994384765616,838.0799804687499,1534.086669921875,-359.0401367187501,-9.599951171875091,-521.1711791992188,-528.4800201416016,685.4400146484375,-130.09912109375
1763689195.7242935,8,2,3,-1.710681377434421,0.23123813087699757,-12.421458134453822,0.003962583163456351,0.08598007655853161,0.0010168402785608226,413.2800537109374,-487.20001831054685,24.78090820312491,457.4400573730469,611.0400329589844,682.2461425781248,374.87996826171866,840.4801269531249,1549.574462890625,-359.0401367187501,-9.599951171875091,-517.2991699218751,-528.4800201416016,685.4400146484375,-133.97119140625
1763689195.8179104,8,2,3,-1.6423104642798054,0.30390517914795656,-12.282506477514556,0.009015804206705783,0.08079549395417485,0.0010024698709886993,0,0,0,0,0,0,0,0,0,0,0,0,0,0,0
1763689195.9764805,8,2,3,-1.4196139764858824,0.4062507599832024,-11.879645881527885,0.013118209563052131,0.0701699582895792,0.001073558051549497,408.4800048828124,-487.20001831054685,24.78090820312491,455.0400329589844,594.2400451660156,678.3745605468748,389.27999267578116,840.4801269531249,1557.318603515625,-356.6399902343751,-9.599951171875091,-517.2991699218751,-523.6800170898438,687.8400390625,-141.715087890625
1763689196.0221024,8,2,3,-1.3725118559398708,0.4086963622262772,-11.792930665378673,0.014184787663585375,0.06941643060145529,0.001108557020320304,403.6799560546874,-489.6000122070312,24.78090820312491,452.6400085449219,594.2400451660156,678.3745605468748,386.87996826171866,838.0799804687499,1553.446533203125,-356.6399902343751,-9.599951171875091,-509.55521240234384,-521.2800231933594,683.039990234375,-130.09912109375
1763689196.1805675,8,2,3,-1.3616819374743083,0.4057767075421437,-11.524269737029384,0.013907025543534249,0.06860568449667435,0.0008124202625767315,401.2799316406249,-489.6000122070312,17.03676757812491,452.6400085449219,584.6400085449219,678.3745605468748,394.0799804687499,835.6800781249999,1553.446533203125,-356.6399902343751,-9.599951171875091,-509.55521240234384,-521.2800231933594,690.2400634765625,-137.84326171875
1763689196.2756796,8,2,3,-1.3590373539645433,0.4146710694734385,-11.569336422661621,0.015323516564818115,0.06803213396259786,0.0011924997936017196,403.6799560546874,-489.6000122070312,20.90883789062491,457.4400573730469,584.6400085449219,670.6304199218748,391.6799560546874,835.6800781249999,1557.318603515625,-356.6399902343751,-9.599951171875091,-505.6832031250001,-523.6800170898438,685.4400146484375,-133.97119140625
1763689196.3182833,8,2,3,-1.3512906505693225,0.46230442101231156,-11.498707362507302,0.016071635039148467,0.0672301527777743,0.0009820466054190806,406.0799804687499,-489.6000122070312,20.90883789062491,450.24004516601565,587.0400329589844,678.3745605468748,398.87996826171866,838.0799804687499,1561.190673828125,-356.6399902343751,-7.200048828125091,-513.4272216796876,-523.6800170898438,685.4400146484375,-133.97119140625
1763689196.4113262,8,2,3,-1.3282923588880615,0.4198249507463395,-11.439022676483829,0.014406165380850773,0.06739214837997644,0.0011560957048549732,408.4800048828124,-489.6000122070312,20.90883789062491,452.6400085449219,587.0400329589844,674.5024902343748,391.6799560546874,840.4801269531249,1565.062255859375,-354.2400878906251,-9.599951171875091,-513.4272216796876,-523.6800170898438,687.8400390625,-141.715087890625
1763689196.5044525,8,2,3,-1.3674996083417552,0.4432294414147946,-11.397870316362669,0.015774628033775384,0.06710148276631717,0.0008621411572051979,406.0799804687499,-494.4,17.03676757812491,450.24004516601565,584.6400085449219,678.3745605468748,396.47994384765616,838.0799804687499,1565.062255859375,-356.6399902343751,-7.200048828125091,-509.55521240234384,-523.6800170898438,690.2400634765625,-133.97119140625
1763689196.5972035,8,2,3,-1.324871307916772,0.4182455601247422,-11.418020063828202,0.015592732664315798,0.06690893933682207,0.0017160718697950177,406.0799804687499,-494.4,20.90883789062491,452.6400085449219,584.6400085449219,674.5024902343748,398.87996826171866,840.4801269531249,1565.062255859375,-354.2400878906251,-7.200048828125091,-509.55521240234384,-526.0800109863281,692.6399658203125,-137.84326171875
1763689196.6916144,8,2,3,-1.3191345425255916,0.41937251727999375,-11.387752051773099,0.014432166939077583,0.06619503351469519,0.0012524300277141544,401.2799316406249,-494.4,24.78090820312491,452.6400085449219,584.6400085449219,674.5024902343748,396.47994384765616,838.0799804687499,1565.062255859375,-356.6399902343751,-4.800146484375091,-509.55521240234384,-528.4800201416016,685.4400146484375,-133.97119140625
1763689196.7847173,8,2,3,-1.3211835732215924,0.429041747596003,-11.21723833411548,0.01506148243373525,0.0663357859806703,0.0011589195698766099,403.6799560546874,-492.0000061035156,24.78090820312491,447.84002075195315,582.2400451660156,670.6304199218748,391.6799560546874,835.6800781249999,1568.934326171875,-359.0401367187501,-9.599951171875091,-509.55521240234384,-523.6800170898438,683.039990234375,-133.97119140625
1763689196.8837514,8,2,3,-1.3038015446897826,0.43062401042802045,-11.184017296952932,0.01509717738302634,0.06581213369752774,0.0014051388180192238,403.6799560546874,-489.6000122070312,24.78090820312491,450.24004516601565,584.6400085449219,670.6304199218748,396.47994384765616,840.4801269531249,1568.934326171875,-356.6399902343751,-4.800146484375091,-505.6832031250001,-523.6800170898438,685.4400146484375,-145.587158203125
1763689196.9726677,8,2,3,-1.2935088435170423,0.3974546124662321,-11.084305178917937,0.014513897908569873,0.06517924345316968,0.0008154700378818353,401.2799316406249,-494.4,20.90883789062491,450.24004516601565,582.2400451660156,674.5024902343748,389.27999267578116,838.0799804687499,1561.190673828125,-356.6399902343751,-4.800146484375091,-509.55521240234384,-528.4800201416016,685.4400146484375,-133.97119140625
1763689197.0826795,8,2,3,-1.2943382924254545,0.40654131398112886,-11.084050837748757,0.014760642420701867,0.06546486444484308,0.0011286370922857407,398.8800292968749,-496.79999389648435,24.78090820312491,452.6400085449219,584.6400085449219,678.3745605468748,391.6799560546874,838.0799804687499,1568.934326171875,-356.6399902343751,-4.800146484375091,-509.55521240234384,-523.6800170898438,690.2400634765625,-141.715087890625
1763689197.2702162,8,2,3,-1.2949611579580744,0.4442720470163071,-10.998878507583381,0.015259376307738144,0.06594688381693131,0.0012362185520610955,403.6799560546874,-494.4,24.78090820312491,450.24004516601565,584.6400085449219,670.6304199218748,396.47994384765616,838.0799804687499,1572.806396484375,-354.2400878906251,-7.200048828125091,-501.81119384765634,-526.0800109863281,692.6399658203125,-145.587158203125
1763689197.3792913,8,2,3,-1.2805354011811962,0.3925428250434145,-11.046857844395532,0.015512980235235601,0.06414739937597314,0.0012242558143954457,403.6799560546874,-496.79999389648435,20.90883789062491,445.4400573730469,579.8400207519531,674.5024902343748,401.27999267578116,838.0799804687499,1565.062255859375,-354.2400878906251,-4.800146484375091,-505.6832031250001,-526.0800109863281,690.2400634765625,-137.84326171875
1763689197.4742384,8,2,3,-1.279185777198077,0.41897987553797617,-11.065364785281973,0.01538613798362454,0.0648715403613731,0.001449466748765939,403.6799560546874,-496.79999389648435,24.78090820312491,450.24004516601565,579.8400207519531,670.6304199218748,401.27999267578116,838.0799804687499,1568.934326171875,-354.2400878906251,-2.400000000000091,-501.81119384765634,-528.4800201416016,690.2400634765625,-137.84326171875
1763689197.5841053,8,2,3,-1.253906116096983,0.4257288412835941,-10.997304349993206,0.01563170896156449,0.06420043412263159,0.0011612441016946463,401.2799316406249,-499.20001831054685,20.90883789062491,443.0400329589844,579.8400207519531,670.6304199218748,396.47994384765616,838.0799804687499,1568.934326171875,-356.6399902343751,-4.800146484375091,-505.6832031250001,-523.6800170898438,690.2400634765625,-141.715087890625
1763689197.6772995,8,2,3,-1.2773516570781125,0.39199639345701637,-10.999572010423714,0.014863575236341239,0.06410776823171323,0.0017074230337393677,398.8800292968749,-496.79999389648435,20.90883789062491,445.4400573730469,579.8400207519531,670.6304199218748,396.47994384765616,838.0799804687499,1565.062255859375,-354.2400878906251,-2.400000000000091,-505.6832031250001,-523.6800170898438,692.6399658203125,-145.587158203125
1763689197.7714322,8,2,3,-1.2877656006990084,0.38978996153710044,-10.861644485760646,0.015385644541541028,0.06357225676839005,0.0013681962475022187,406.0799804687499,-496.79999389648435,17.03676757812491,445.4400573730469,579.8400207519531,674.5024902343748,401.27999267578116,838.0799804687499,1568.934326171875,-354.2400878906251,-4.800146484375091,-505.6832031250001,-528.4800201416016,690.2400634765625,-141.715087890625
1763689197.880298,8,2,3,-1.2437290044528275,0.43538219377423765,-10.862568780355186,0.015606294062450243,0.06290264925109537,0.0015989810367924235,403.6799560546874,-499.20001831054685,13.164941406249909,445.4400573730469,579.8400207519531,670.6304199218748,398.87996826171866,833.2799316406249,1576.678466796875,-354.2400878906251,-4.800146484375091,-505.6832031250001,-523.6800170898438,683.039990234375,-141.715087890625
1763689197.9749684,8,2,3,-1.2453207248979465,0.4348004931852888,-10.827565128134372,0.015940230557947976,0.06311649043332884,0.0013785055957177888,403.6799560546874,-501.6000122070312,28.65273437499991,452.6400085449219,579.8400207519531,674.5024902343748,398.87996826171866,842.8800292968749,1576.678466796875,-359.0401367187501,-2.400000000000091,-501.81119384765634,-530.880014038086,687.8400390625,-145.587158203125
1763689198.0832539,8,2,3,-1.212532220216966,0.40867264673274656,-10.911443966944674,0.01605102888288317,0.06208318597986753,0.0013509149313696922,0,0,0,0,0,0,0,0,0,0,0,0,0,0,0
1763689198.1773112,8,2,3,-1.2454744136041387,0.43497125430265016,-10.928482511807207,0.015910773282930297,0.06310613614857757,0.0013423109547683774,403.6799560546874,-494.4,17.03676757812491,450.24004516601565,577.4399963378906,662.8862792968748,394.0799804687499,838.0799804687499,1565.062255859375,-359.0401367187501,-7.200048828125091,-501.81119384765634,-526.0800109863281,685.4400146484375,-141.715087890625
1763689198.379353,8,2,3,-1.1506536572142014,0.4812695733739774,-10.333210390736223,0.017206504555769418,0.05693987250004663,0.001398295705793081,398.8800292968749,-482.4,32.52480468749991,438.24004516601565,555.8400207519531,662.8862792968748,391.6799560546874,814.0799804687499,1553.446533203125,-356.6399902343751,-7.200048828125091,-490.19522705078134,-509.28001556396487,668.6399658203125,-130.09912109375
1763689198.4749365,8,2,3,-1.076603007624027,0.48925062891033466,-10.045686560691264,0.018217913767211658,0.055694625740844564,0.0014258611222209847,391.6799560546874,-470.4,36.39687499999991,428.6400085449219,536.6400085449219,647.3984863281248,389.27999267578116,804.4801269531249,1510.854248046875,-351.8399414062501,-12.000097656250091,-482.45120849609384,-492.48001251220705,651.8400390625,-118.483154296875
1763689198.5849974,8,2,3,-0.9532807471282966,0.4881307604275559,-9.275031686850685,0.020705127855661254,0.046627452577873485,0.0008494321455106875,382.0799804687499,-453.6000122070312,40.26894531249991,423.84002075195315,515.0400329589844,639.6543457031248,384.47994384765616,780.4801269531249,1476.006591796875,-349.4400390625001,-12.000097656250091,-466.96317138671884,-470.88001403808596,639.8400390625,-102.9951171875
1763689198.67375,8,2,3,-0.8669466161085145,0.5005108751271774,-8.835396694414845,0.021317164512078293,0.042760586390359775,0.0007721883971587755,379.6799560546874,-441.6000122070312,44.14077148437491,414.24004516601565,493.43999633789065,631.9102050781248,367.6799560546874,761.2799316406249,1441.158447265625,-344.6399902343751,-12.000097656250091,-451.4751953125001,-458.88001403808596,620.6399658203125,-87.507080078125
1763689198.8745701,8,2,3,-0.8148706793285245,0.4263777627242617,-7.590024914452449,0.01756902901281489,0.0421303560347121,0.0006594909012102952,362.8800292968749,-410.4,71.24477539062491,392.6400085449219,443.0400329589844,585.4463378906248,346.0799804687499,710.8800292968749,1348.230224609375,-339.8399414062501,-16.80014648437509,-420.49918212890634,-413.2800117492676,575.039990234375,-48.787109375
1763689198.969137,8,2,3,-0.6516148460719595,0.4775646485848407,-6.899356543579798,0.02133689482545475,0.03111898080912895,0.0007584789393021655,348.4800048828124,-383.9999755859375,86.73281249999991,378.24004516601565,395.0400329589844,562.2144042968748,341.27999267578116,674.8800292968749,1301.766357421875,-335.0401367187501,-16.80014648437509,-381.77921142578134,-386.880011177063,548.6399658203125,-25.55517578125
1763689199.0778806,8,2,3,-0.5416432896458854,0.40304751905355474,-6.24304524232846,0.017767756521330363,0.029174492150341843,0.0007482958694136291,343.6799560546874,-362.4,94.47695312499991,366.24004516601565,375.84002075195315,542.8545410156248,310.0799804687499,643.6800781249999,1224.326416015625,-330.2400878906251,-21.59995117187509,-358.5472167968751,-362.8800102233887,517.4400146484375,-2.3232421875
1763689199.2004662,8,2,3,-0.531255531913257,0.37337872044267156,-5.6288619732951375,0.015714171105702723,0.028372926792341706,0.001195635748876394,329.2799316406249,-335.9999755859375,109.96474609374991,354.24004516601565,337.43999633789065,515.7505371093748,283.6799560546874,605.2799316406249,1162.37451171875,-318.2400878906251,-19.20004882812509,-343.0591796875001,-336.4800086975098,488.63996582031245,28.65283203125
1763689199.3763874,8,2,3,-0.4030130455940841,0.32718462493676337,-4.469468982023585,0.014924950828250988,0.020942020087947308,0.0010607764033082863,302.8800292968749,-292.8000244140625,125.45278320312491,325.43999633789065,282.2399841308594,480.9023925781248,242.87996826171866,547.6800781249999,1050.08642578125,-299.0401367187501,-24.00009765625009,-296.5951904296876,-295.68000946044924,435.84003906249995,48.0126953125
1763689199.4853303,8,2,3,-0.36737082990764547,0.33871699869692506,-4.011460584784931,0.015345228168384307,0.017611339810602426,0.000520635184147281,293.2799316406249,-280.8000244140625,125.45278320312491,303.84002075195315,260.6400085449219,457.6704589843748,226.0799804687499,521.2799316406249,988.134521484375,-289.4400390625001,-24.00009765625009,-281.10721435546884,-278.88000640869143,414.24006347656245,67.372802734375
1763689199.675835,8,2,3,-0.328414732417177,0.26357515745791227,-3.0784186863187344,0.012709091610302401,0.014166169749538653,0.001004401849041244,264.4800048828124,-239.99997558593748,129.3248535156249,267.84002075195315,207.83999023437502,407.3345214843748,199.6799560546874,458.8800292968749,871.974365234375,-263.0401367187501,-31.20004882812509,-234.64322509765634,-238.08001098632815,363.84003906249995,82.86083984375
1763689199.769828,8,2,3,-0.3038005619169218,0.27474287240707346,-2.544325802364808,0.01162469303104367,0.01306253015740617,0.0007981779498631629,252.4800048828124,-218.39999999999998,133.1969238281249,260.6400085449219,193.43999633789065,380.2305175781248,175.6799560546874,427.6800781249999,817.766357421875,-253.4400390625001,-31.20004882812509,-226.89920654296884,-221.28000793457034,339.84003906249995,94.476806640625
1763689199.9756763,8,2,3,-0.23022352583269357,0.17623760701529428,-2.0637059935882895,0.006097829971062344,0.013260382155819626,0.00048491431184892247,228.4800048828124,-194.39999999999998,125.45278320312491,231.84002075195315,159.83999023437502,333.7661621093748,146.8799072265624,377.2799316406249,713.222412109375,-234.2400878906251,-28.80014648437509,-184.3072265625001,-190.08001098632815,299.03999023437495,98.348876953125
1763689200.0692108,8,2,3,-0.19229579198607594,0.1580606448534344,-1.7860626492165093,0.007578515499581229,0.009160407366722712,0.00020013446858958665,218.8800292968749,-179.99997558593748,121.58095703124991,217.43999633789065,152.6400085449219,318.2783691406248,137.2799316406249,362.8800292968749,678.37451171875,-222.2400878906251,-26.40000000000009,-184.3072265625001,-180.48000488281252,279.84003906249995,106.0927734375
1763689200.1446857,8,2,3,-0.17994206397233833,0.14105862585088053,-1.6895022651733498,0.006630282076709817,0.00933336666507281,0.00023194826954217032,216.4800048828124,-175.19998779296873,129.3248535156249,212.6400085449219,140.6400085449219,310.5342285156248,139.6799560546874,353.2799316406249,651.2705078125,-215.0401367187501,-28.80014648437509,-172.69119873046884,-173.28000793457034,272.63996582031245,102.220703125
1763689200.271781,8,2,3,-0.06352286879603093,0.16907388676292223,-1.3003529198927082,0.006712912512728741,0.002382667181361539,5.395080077946453e-05,199.6799560546874,-163.19998779296873,113.83681640624991,203.0400329589844,126.24001464843752,287.3022949218748,118.07998046874991,329.2799316406249,608.678466796875,-203.0401367187501,-26.40000000000009,-164.94718017578134,-161.28000793457034,255.84003906249995,102.220703125
1763689200.379818,8,2,3,-0.1477776280025944,0.05732506932141096,-1.2981155854414852,0.003073677337964378,0.006811759365361198,0.0003628363563999364,194.8800292968749,-155.99997558593748,106.09291992187491,183.84002075195315,116.6400085449219,260.1982910156248,113.27993164062491,317.2799316406249,566.08642578125,-191.0401367187501,-28.80014648437509,-161.0751708984376,-149.28000793457034,234.23994140624995,98.348876953125
1763689200.4734256,8,2,3,-0.0956761188964361,0.07817503554701395,-1.2283411873333934,0.0034644782521981747,0.0036603948278656063,0.00023028830637082881,0,0,0,0,0,0,0,0,0,0,0,0,0,0,0
1763689200.5853717,8,2,3,-0.05527630177672582,0.08902526041587117,-0.997529702847695,0.0024590645466092296,0.0026660125351178543,0.00015058473708127036,173.2799316406249,-143.99997558593748,94.47695312499991,174.24004516601565,102.2399841308594,233.09428710937482,101.27993164062491,286.0799804687499,515.75048828125,-171.8399414062501,-26.40000000000009,-137.84317626953134,-137.28000793457034,210.23994140624995,86.73291015625
1763689200.6409397,8,2,3,-0.04585291836393186,0.10339834057084023,-0.9816519197238278,0.002419920374443888,0.0026731269443919384,0.0003893187356594985,166.0799804687499,-134.39999999999998,102.22084960937491,164.6400085449219,104.6400085449219,229.22221679687482,96.48000488281241,276.4801269531249,496.390380859375,-167.0401367187501,-28.80014648437509,-130.0992187500001,-134.8799987792969,203.03999023437495,94.476806640625
1763689200.7731524,8,2,3,-0.06135698965413748,0.06854227830628262,-0.6777474389633944,0.002057335333712559,0.0014454591069682002,-4.810570022791504e-05,154.0799804687499,-124.79996337890623,86.73281249999991,150.24001464843752,83.04000244140627,213.73442382812482,94.07998046874991,257.2799316406249,461.54248046875,-157.4400390625001,-28.80014648437509,-126.22720947265634,-122.8799987792969,186.23994140624995,86.73291015625
1763689200.8786511,8,2,3,-0.07036892521252028,0.024875710652196827,-0.6016268730348752,-0.0001350649007108584,0.001977015727217265,-0.0003392201772121467,151.6799560546874,-117.60001220703123,86.73281249999991,145.44002685546877,85.43999633789065,198.24614257812482,84.48000488281241,245.2799316406249,434.4384765625,-150.2400878906251,-26.40000000000009,-122.35520019531259,-120.48000488281252,174.23994140624995,78.98876953125
1763689200.924201,8,2,3,-0.05530512111281086,0.06470869529290296,-0.5828198652016975,0.0007085142037114884,0.0019439768701739934,-1.9676719357336278e-05,0,0,0,0,0,0,0,0,0,0,0,0,0,0,0
1763689201.0699003,8,2,3,0.006779473212010938,0.021427253229880896,-0.39825506552947676,0.0002761959807426942,-0.0014658210064140307,-0.00026565710942007547,134.8800292968749,-115.19998779296873,75.11684570312491,131.04000244140627,68.6400085449219,171.14213867187482,77.27993164062491,226.0799804687499,395.718505859375,-135.8399414062501,-24.00009765625009,-110.73917236328134,-106.08001098632815,159.84003906249995,75.11669921875
1763689201.1783168,8,2,3,-0.0500546122293719,0.03138733606559543,-0.40329386725246397,-0.0006974939399265345,0.0023771877406875363,-0.00042778875036328585,130.0799804687499,-107.99997558593748,71.24477539062491,126.24001464843752,66.2399841308594,163.39848632812482,70.07998046874991,214.0799804687499,368.614501953125,-133.4400390625001,-24.00009765625009,-106.86722412109384,-103.67998657226565,150.23994140624995,67.372802734375
1763689201.2743945,8,2,3,-0.02180672488470659,0.023695284999263794,-0.2862273715656872,-0.001031511181911748,0.00026732815118425267,-0.00015283102990558918,0,0,0,0,0,0,0,0,0,0,0,0,0,0,0
1763689201.3459172,8,2,3,-0.046968035805630845,0.01641945506681898,-0.25260421243940534,-0.00126724704273202,0.0009591560794450194,-0.0005318307457082433,120.48000488281241,-98.39999999999998,75.11684570312491,114.24001464843752,63.83999023437502,151.78227539062482,62.87990722656241,194.8800292968749,349.25439453125,-126.24008789062509,-21.59995117187509,-99.12320556640634,-94.08001098632815,135.84003906249995,71.244873046875
1763689201.4426746,8,2,3,0.002080777997109427,-0.09996455685531085,-0.21317006506721936,-0.0037026303043623293,0.0008036230048038866,-0.0003620979805825046,0,0,0,0,0,0,0,0,0,0,0,0,0,0,0
1763689201.5834868,8,2,3,0.2824687430219127,-0.3587456355011741,-0.28206438659381466,-0.005795165199785327,8.831549113783727e-05,-0.0006093441633564884,98.88002929687491,-91.19998779296873,55.75673828124991,85.44002685546877,61.43999633789065,136.29448242187482,55.67995605468741,163.6799560546874,310.534423828125,-114.24008789062509,-24.00009765625009,-79.76322021484384,-82.08001098632815,128.63996582031245,48.0126953125
1763689201.6269321,8,2,3,0.14526798566933533,-0.13996241039005403,-0.2536669490544512,-0.0036817612574680035,0.0010674288244950725,-6.095100882683082e-05,108.48000488281241,-93.60001220703123,59.62880859374991,95.04000244140627,54.2399841308594,132.42241210937482,53.27993164062491,161.2800537109374,310.534423828125,-111.83994140625009,-21.59995117187509,-87.50717773437509,-84.48000488281252,128.63996582031245,51.884765625
1763689207.7775733,8,2,3,0.02878672783090728,0.04767974805066323,-0.2014097133110323,-0.0004461108402169579,-0.001096260519343748,0.0002682497752820517,62.88002929687491,-59.99997558593748,20.90883789062491,54.24001464843752,37.43999633789065,58.85429687499982,36.48000488281241,101.28005371093741,182.758544921875,-73.44003906250009,-12.000097656250091,-68.14719238281259,-53.27999267578127,71.03999023437495,9.292724609375
1763689207.8837812,8,2,3,0.0267283770459151,0.0382567188855281,-0.24096190738132148,-0.0020669688158352598,-0.0004433640720074189,-0.000377435671523187,62.88002929687491,-64.79996337890623,20.90883789062491,56.6400085449219,35.04000244140627,58.85429687499982,41.27993164062491,108.48000488281241,190.50244140625,-73.44003906250009,-4.800146484375091,-72.01920166015634,-58.08001098632815,75.84003906249995,20.90869140625
1763689208.075928,8,2,3,-0.052245464458138324,0.0009025669989400874,-0.3155676055868378,-0.0002199620677174588,0.0003550069736012508,-1.2120130450241008e-06,62.88002929687491,-67.19998779296873,28.65273437499991,59.04000244140627,37.43999633789065,66.59843749999982,43.67995605468741,110.88002929687491,205.990478515625,-73.44003906250009,-16.80014648437509,-72.01920166015634,-58.08001098632815,73.44001464843745,24.78076171875
1763689208.1842537,8,2,3,0.005033072551574612,0.05686465121286098,-0.34708842321394734,0.0009131322812970175,-0.0003232850117474257,6.528170572059711e-05,65.27993164062491,-69.60001220703123,28.65273437499991,63.84002075195315,37.43999633789065,62.72636718749982,41.27993164062491,110.88002929687491,205.990478515625,-75.83994140625009,-9.599951171875091,-72.01920166015634,-58.08001098632815,83.03999023437495,24.78076171875
1763689208.2779758,8,2,3,0.0036211426416966792,0.085943289535753,-0.3112981012886218,0.0014890005428944406,-0.00011311544108360113,-0.0001564638174300605,72.48000488281241,-71.99997558593748,24.78090820312491,59.04000244140627,37.43999633789065,70.47026367187482,46.07998046874991,115.67995605468741,209.862548828125,-80.63999023437509,-16.80014648437509,-68.14719238281259,-67.67998657226565,83.03999023437495,24.78076171875
1763689208.373882,8,2,3,-0.04896468777675558,0.050642652582495784,-0.49731113700061935,0.001125700199399257,0.001815032581218702,1.386492966011743e-05,70.07998046874991,-69.60001220703123,28.65273437499991,68.6400085449219,37.43999633789065,66.59843749999982,38.87990722656241,120.48000488281241,221.478515625,-80.63999023437509,-16.80014648437509,-72.01920166015634,-67.67998657226565,83.03999023437495,20.90869140625
1763689208.5768337,8,2,3,-0.00966864535141581,0.048410997406512876,-0.42788304215581974,0.001982179827220868,0.0010296105006052081,0.00012039892018179726,74.88002929687491,-69.60001220703123,32.52480468749991,66.24001464843752,39.83999023437502,82.08623046874982,41.27993164062491,122.88002929687491,229.222412109375,-85.44003906250009,-21.59995117187509,-72.01920166015634,-67.67998657226565,87.84003906249995,20.90869140625
1763689208.7786634,8,2,3,-0.06900998090999212,0.08342074032531122,-0.47877747613799065,0.0018777804682743354,0.0037761292688713605,-0.00013492720282269605,77.27993164062491,-69.60001220703123,32.52480468749991,66.24001464843752,42.2399841308594,85.95854492187482,46.07998046874991,120.48000488281241,229.222412109375,-87.83994140625009,-24.00009765625009,-75.89121093750009,-60.48000488281252,87.84003906249995,32.52490234375
1763689208.8718224,8,2,3,-0.06889292546689232,0.12045204697974425,-0.3773066421484781,0.002201604691855652,0.004347848783405581,-0.00025675701065392624,67.67995605468741,-69.60001220703123,36.39687499999991,68.6400085449219,44.6400085449219,89.83012695312482,46.07998046874991,122.88002929687491,229.222412109375,-83.04013671875009,-24.00009765625009,-79.76322021484384,-60.48000488281252,92.63996582031245,20.90869140625
1763689208.9838839,8,2,3,-0.041492607559680435,0.09412407153791466,-0.35568696464130034,0.00350852183383602,0.003676651989052179,-0.00047585259135461385,65.27993164062491,-76.79996337890623,32.52480468749991,63.84002075195315,42.2399841308594,85.95854492187482,48.48000488281241,115.67995605468741,229.222412109375,-87.83994140625009,-19.20004882812509,-72.01920166015634,-65.27999267578127,83.03999023437495,24.78076171875
1763689209.0797374,8,2,3,-0.07452342335829111,0.10737363935214506,-0.35421922562963837,0.003457482683445069,0.003110764321818717,-0.0001639332538303355,70.07998046874991,-71.99997558593748,32.52480468749991,61.44002685546877,39.83999023437502,82.08623046874982,43.67995605468741,115.67995605468741,225.350341796875,-80.63999023437509,-19.20004882812509,-68.14719238281259,-65.27999267578127,83.03999023437495,20.90869140625
1763689209.1829371,8,2,3,-0.049166098709752144,0.13304437166590002,-0.2521319822162927,0.003864030939508231,0.00262979927635126,-0.0005191005650197794,67.67995605468741,-69.60001220703123,36.39687499999991,56.6400085449219,39.83999023437502,74.34233398437482,46.07998046874991,118.07998046874991,229.222412109375,-83.04013671875009,-19.20004882812509,-64.27518310546884,-62.8799987792969,87.84003906249995,20.90869140625
1763689209.2810173,8,2,3,-0.02352189174770341,0.13918339079931602,-0.38767089787281805,0.0038890816493456775,0.0022001213435986545,-0.00017727224270034758,0,0,0,0,0,0,0,0,0,0,0,0,0,0,0
1763689209.3705773,8,2,3,-0.040583857391187805,0.12895771061852324,-0.28606870028228226,0.0038257377087908746,0.0023639838923392104,-0.00045295530590205,65.27993164062491,-76.79996337890623,40.26894531249991,54.24001464843752,39.83999023437502,78.21440429687482,46.07998046874991,113.28005371093741,221.478515625,-85.44003906250009,-16.80014648437509,-72.01920166015634,-65.27999267578127,90.23994140624995,17.036865234375
1763689209.683026,8,2,3,-0.040879970904077856,0.10870095395437762,-0.3544338481831952,0.003645583220296801,0.0025429066798201803,-0.0001636139359554889,65.27993164062491,-71.99997558593748,36.39687499999991,61.44002685546877,37.43999633789065,66.59843749999982,43.67995605468741,113.28005371093741,229.222412109375,-83.04013671875009,-19.20004882812509,-72.01920166015634,-65.27999267578127,85.44001464843745,24.78076171875
1763689209.8832886,8,2,3,-0.01623810263988907,0.12688791985214953,-0.335912047872537,0.004147018338842695,0.0015882874135171963,-0.0001567507366495308,65.27993164062491,-69.60001220703123,36.39687499999991,61.44002685546877,35.04000244140627,82.08623046874982,43.67995605468741,110.88002929687491,217.6064453125,-80.63999023437509,-16.80014648437509,-72.01920166015634,-62.8799987792969,83.03999023437495,20.90869140625
1763689209.9759312,8,2,3,-0.05109207684206666,0.1482325236808291,-0.3840606044927563,0.004478833998809278,0.001597752012843713,0.00021672663426822007,58.07998046874991,-74.39999999999998,32.52480468749991,51.84002075195315,35.04000244140627,74.34233398437482,46.07998046874991,110.88002929687491,221.478515625,-83.04013671875009,-19.20004882812509,-64.27518310546884,-65.27999267578127,87.84003906249995,17.036865234375
1763689210.017859,8,2,3,-0.013087973669380304,0.1365719375965755,-0.3710480207216139,0.003531135632069757,0.0013669452742803617,-0.000798367942843523,67.67995605468741,-71.99997558593748,36.39687499999991,61.44002685546877,44.6400085449219,74.34233398437482,43.67995605468741,113.28005371093741,225.350341796875,-83.04013671875009,-16.80014648437509,-75.89121093750009,-62.8799987792969,87.84003906249995,17.036865234375
1763689210.096238,8,2,3,-0.021779632150929745,0.11342029788020182,-0.45672353498215046,0.003348273402010564,0.0012276462865712973,0.0005013745623316181,67.67995605468741,-76.79996337890623,24.78090820312491,56.6400085449219,37.43999633789065,70.47026367187482,46.07998046874991,110.88002929687491,221.478515625,-80.63999023437509,-21.59995117187509,-64.27518310546884,-67.67998657226565,83.03999023437495,24.78076171875
1763689210.2036679,8,2,3,-0.02904637890337794,0.13345747894643217,-0.38999054109349063,0.0031654659862187166,0.0022389788059600352,-0.00033708586741411134,65.27993164062491,-69.60001220703123,28.65273437499991,61.44002685546877,37.43999633789065,70.47026367187482,46.07998046874991,110.88002929687491,217.6064453125,-78.24008789062509,-16.80014648437509,-68.14719238281259,-62.8799987792969,85.44001464843745,20.90869140625
1763689210.2992828,8,2,3,-0.04024329944282808,0.07996563983103518,-0.4057564626526543,0.003225002466969086,0.0022534043458468994,-0.00041587414724712096,65.27993164062491,-71.99997558593748,36.39687499999991,56.6400085449219,42.2399841308594,74.34233398437482,43.67995605468741,110.88002929687491,221.478515625,-83.04013671875009,-14.400000000000091,-68.14719238281259,-67.67998657226565,85.44001464843745,20.90869140625
1763689210.3819864,8,2,3,-0.04663184159114411,0.11638949741281099,-0.30445362360572104,0.00322459649703629,0.0017481043574709373,-0.0002266032865502756,62.88002929687491,-71.99997558593748,28.65273437499991,59.04000244140627,35.04000244140627,78.21440429687482,48.48000488281241,110.88002929687491,217.6064453125,-80.63999023437509,-14.400000000000091,-64.27518310546884,-62.8799987792969,85.44001464843745,17.036865234375
1763689210.472778,8,2,3,-0.0396157343028089,0.12083525603177239,-0.26979237745686807,0.003604933581782568,0.0018851913898719611,-0.0002911398762885763,65.27993164062491,-71.99997558593748,40.26894531249991,59.04000244140627,37.43999633789065,70.47026367187482,46.07998046874991,115.67995605468741,221.478515625,-78.24008789062509,-14.400000000000091,-68.14719238281259,-65.27999267578127,78.23994140624995,17.036865234375
1763689211.0847573,8,2,3,-0.014417361431283436,0.13905374021812475,-0.3873697681562137,0.003913436021124374,0.0009909176967297588,0.0003699094312710339,67.67995605468741,-71.99997558593748,28.65273437499991,59.04000244140627,35.04000244140627,70.47026367187482,46.07998046874991,113.28005371093741,213.734375,-80.63999023437509,-14.400000000000091,-68.14719238281259,-62.8799987792969,85.44001464843745,24.78076171875
1763689211.2752652,8,2,3,-0.021875590894393997,0.10188413870475774,-0.3714922855544912,0.003242803259225384,0.0014473710202808439,-0.0009530367142300976,65.27993164062491,-69.60001220703123,28.65273437499991,54.24001464843752,35.04000244140627,70.47026367187482,43.67995605468741,108.48000488281241,217.6064453125,-80.63999023437509,-19.20004882812509,-64.27518310546884,-65.27999267578127,85.44001464843745,24.78076171875
1763689211.5831778,8,2,3,-0.04774148413086101,0.09566383884120797,-0.35493384041873804,0.003201599182982331,0.0020391314227524936,-0.00039920814318525875,58.07998046874991,-69.60001220703123,28.65273437499991,51.84002075195315,35.04000244140627,70.47026367187482,46.07998046874991,108.48000488281241,205.990478515625,-78.24008789062509,-14.400000000000091,-75.89121093750009,-60.48000488281252,78.23994140624995,20.90869140625
1763689211.67976,8,2,3,-0.039069800450961506,0.1106176451606414,-0.3550991569474694,0.0033308239434649074,0.001960001481526872,-0.0001655352053746283,55.67995605468741,-67.19998779296873,24.78090820312491,59.04000244140627,35.04000244140627,62.72636718749982,41.27993164062491,101.28005371093741,205.990478515625,-78.24008789062509,-12.000097656250091,-68.14719238281259,-58.08001098632815,78.23994140624995,20.90869140625
1763689211.723671,8,2,3,-0.048814883312058806,0.06687368771490167,-0.47293640064325343,0.0031051197980034545,0.001942748617777376,-0.00020472142825994015,60.48000488281241,-64.79996337890623,28.65273437499991,56.6400085449219,37.43999633789065,54.98247070312482,43.67995605468741,98.88002929687491,198.246337890625,-75.83994140625009,-12.000097656250091,-68.14719238281259,-60.48000488281252,83.03999023437495,13.164794921875
1763689211.8157604,8,2,3,-0.03527466835499249,0.07051194671774601,-0.27543710557798007,0.002194612309901459,0.0018298579855114956,1.779454995664393e-05,60.48000488281241,-79.19998779296873,28.65273437499991,54.24001464843752,37.43999633789065,54.98247070312482,43.67995605468741,98.88002929687491,202.118408203125,-78.24008789062509,-9.599951171875091,-72.01920166015634,-65.27999267578127,75.84003906249995,9.292724609375
1763689211.9239748,8,2,3,-0.017862484923315408,0.1196787480630854,-0.2741365431078135,0.002586006592736218,0.0016841254727229448,-0.0005317530882939935,53.27993164062491,-71.99997558593748,28.65273437499991,49.44002685546877,30.239984130859398,58.85429687499982,46.07998046874991,96.48000488281241,194.37451171875,-71.04013671875009,-14.400000000000091,-64.27518310546884,-62.8799987792969,73.44001464843745,13.164794921875
1763689212.0171208,8,2,3,-0.03477511945507421,0.09323870221968711,-0.2571203389973388,0.0023904271389271056,0.0010783454129659018,-5.515568716802201e-05,58.07998046874991,-67.19998779296873,17.03676757812491,47.04000244140627,30.239984130859398,47.23833007812482,43.67995605468741,96.48000488281241,194.37451171875,-71.04013671875009,-9.599951171875091,-68.14719238281259,-55.67998657226565,73.44001464843745,13.164794921875
1763689212.1778479,8,2,3,-0.023708280969338285,0.04242866464043739,-0.24273717488908056,0.001487143520869232,-4.8227435227169596e-05,-0.00012799310093276325,55.67995605468741,-64.79996337890623,24.78090820312491,47.04000244140627,27.839990234375023,51.11040039062482,43.67995605468741,89.28005371093741,190.50244140625,-66.24008789062509,-9.599951171875091,-64.27518310546884,-62.8799987792969,68.63996582031245,13.164794921875
1763689212.2053862,8,2,3,-0.025288134887883465,0.01453792220233081,-0.25831317135773807,0.0015882678603958787,-0.00039984864813425965,-0.00036527966692109803,55.67995605468741,-64.79996337890623,20.90883789062491,51.84002075195315,30.239984130859398,43.36625976562482,43.67995605468741,89.28005371093741,182.758544921875,-63.83994140625009,-14.400000000000091,-56.53122558593759,-60.48000488281252,66.23994140624995,5.4208984375
1763689212.3804271,8,2,3,0.026990450608637712,0.027330734055895103,-0.21721893294307065,-0.0002925513058879719,-0.0008828448786523226,-0.00012579115849139318,53.27993164062491,-64.79996337890623,17.03676757812491,47.04000244140627,30.239984130859398,43.36625976562482,41.27993164062491,89.28005371093741,175.014404296875,-59.04013671875009,-7.200048828125091,-64.27518310546884,-55.67998657226565,61.440014648437455,9.292724609375
1763689218.2814696,8,2,3,-0.07725278891379452,0.09721301570758245,-0.5043641193818869,0.00383300052102806,0.0034045538688625325,-5.858894424198434e-05,55.67995605468741,-67.19998779296873,24.78090820312491,56.6400085449219,32.6400085449219,66.59843749999982,50.87990722656241,101.28005371093741,198.246337890625,-75.83994140625009,-19.20004882812509,-68.14719238281259,-60.48000488281252,75.84003906249995,13.164794921875
1763689218.4826303,8,2,3,-0.05115981822280422,0.16772369230532938,-0.5294899193587459,0.006235486369460097,0.0033046061181054315,-0.0006888814096442464,55.67995605468741,-67.19998779296873,24.78090820312491,56.6400085449219,32.6400085449219,66.59843749999982,50.87990722656241,101.28005371093741,198.246337890625,-75.83994140625009,-19.20004882812509,-68.14719238281259,-60.48000488281252,75.84003906249995,13.164794921875
1763689218.5113013,8,2,3,-0.061224317443918,0.19347006382149473,-0.6292242235406296,0.0067728713823456965,0.0033690037636929905,0.0002920140840105117,62.88002929687491,-69.60001220703123,40.26894531249991,59.04000244140627,39.83999023437502,82.08623046874982,50.87990722656241,110.88002929687491,233.094482421875,-87.83994140625009,-24.00009765625009,-64.27518310546884,-58.08001098632815,90.23994140624995,20.90869140625
1763689218.6048608,8,2,3,-0.01278387658172879,0.17868441917750782,-0.6128254697939035,0.007135342956143276,0.004194227407559715,-0.0007156918983526412,65.27993164062491,-69.60001220703123,32.52480468749991,63.84002075195315,35.04000244140627,78.21440429687482,50.87990722656241,118.07998046874991,233.094482421875,-80.63999023437509,-19.20004882812509,-68.14719238281259,-62.8799987792969,87.84003906249995,20.90869140625
1763689218.6993456,8,2,3,-0.009378405236651823,0.16649084788337698,-0.6892449206068316,0.004518216892083295,0.002892068050680534,-0.0002845730628903306,74.88002929687491,-69.60001220703123,44.14077148437491,66.24001464843752,49.43999633789065,101.44633789062482,43.67995605468741,120.48000488281241,248.58251953125,-95.04013671875009,-19.20004882812509,-72.01920166015634,-65.27999267578127,99.84003906249995,28.65283203125
1763689218.781827,8,2,3,-0.10597412403513125,0.11200941168838674,-0.7398780974659358,0.0041836774525217685,0.006251900154313361,-0.0002980611511076784,82.07998046874991,-76.79996337890623,51.88491210937491,73.44002685546877,47.04000244140627,113.06254882812482,53.27993164062491,134.8800292968749,256.326416015625,-95.04013671875009,-24.00009765625009,-83.63522949218759,-65.27999267578127,102.23994140624995,36.396728515625
1763689218.876167,8,2,3,-0.09725351232603066,0.11059683094408518,-0.8745772936815406,0.00415285664521677,0.0054048620601228345,0.00020085025627839285,86.88002929687491,-81.60001220703123,55.75673828124991,90.24001464843752,49.43999633789065,120.80620117187482,55.67995605468741,149.2800537109374,283.430419921875,-104.63999023437509,-26.40000000000009,-75.89121093750009,-70.08001098632815,111.84003906249995,40.268798828125
1763689218.9861298,8,2,3,-0.05041610247986667,0.19450636515504546,-0.9192707987378379,0.006018847597272243,0.00416494395287793,0.0003414998176333127,94.07998046874991,-79.19998779296873,59.62880859374991,95.04000244140627,56.6400085449219,140.16655273437482,58.07998046874991,156.4800048828124,302.79052734375,-111.83994140625009,-26.40000000000009,-79.76322021484384,-77.27999267578127,126.23994140624995,51.884765625
1763689219.0791445,8,2,3,-0.13677400414198046,0.1594620348306387,-1.1073768311548315,0.005284416798004107,0.008629860222633743,0.00011927355752130357,101.27993164062491,-81.60001220703123,59.62880859374991,99.84002075195315,61.43999633789065,151.78227539062482,55.67995605468741,168.4800048828124,318.278564453125,-119.04013671875009,-28.80014648437509,-83.63522949218759,-77.27999267578127,128.63996582031245,48.0126953125
1763689219.2855418,8,2,3,-0.17235146321685105,0.1926674415809654,-1.2879183283077986,0.00582933545137913,0.008173020840347035,-0.00018020939709378252,106.07998046874991,-81.60001220703123,71.24477539062491,104.6400085449219,61.43999633789065,155.65434570312482,60.48000488281241,170.8800292968749,322.150390625,-123.83994140625009,-24.00009765625009,-87.50717773437509,-77.27999267578127,131.03999023437495,63.500732421875
1763689219.37761,8,2,3,-0.14223493820746683,0.16537230254904234,-1.226812526141323,0.004625157335287452,0.008278290670506241,-5.022320129704138e-06,103.67995605468741,-79.19998779296873,71.24477539062491,102.24001464843752,61.43999633789065,159.52641601562482,53.27993164062491,170.8800292968749,322.150390625,-116.63999023437509,-28.80014648437509,-87.50717773437509,-77.27999267578127,133.44001464843745,55.7568359375
1763689219.4709213,8,2,3,-0.10256624111952013,0.18502185622356626,-1.155853731249875,0.0056580521149826295,0.00693107172632424,-0.00021194871550818232,106.07998046874991,-83.99997558593748,71.24477539062491,102.24001464843752,61.43999633789065,159.52641601562482,60.48000488281241,173.2800537109374,322.150390625,-121.44003906250009,-31.20004882812509,-91.37918701171884,-79.67998657226565,133.44001464843745,59.62890625
1763689219.672775,8,2,3,-0.1175938884966812,0.16455212145655218,-1.1918588378920862,0.004980343801220807,0.007138707305214052,8.688285879196293e-05,106.07998046874991,-83.99997558593748,71.24477539062491,104.6400085449219,59.04000244140627,155.65434570312482,58.07998046874991,170.8800292968749,318.278564453125,-121.44003906250009,-24.00009765625009,-91.37918701171884,-77.27999267578127,128.63996582031245,55.7568359375
1763689219.7801769,8,2,3,-0.12185853870936714,0.1666453282033189,-1.0523546320986186,0.006038260151808493,0.006840298364501641,-0.000327979389468524,103.67995605468741,-81.60001220703123,63.50087890624991,97.44002685546877,61.43999633789065,147.91020507812482,60.48000488281241,170.8800292968749,322.150390625,-119.04013671875009,-28.80014648437509,-83.63522949218759,-77.27999267578127,133.44001464843745,48.0126953125
1763689219.9710538,8,2,3,-0.0839976395996628,0.17981665545416603,-1.0720180266813952,0.005492120153286905,0.005559562903238049,-2.6310752449342184e-05,103.67995605468741,-86.39999999999998,67.37294921874991,102.24001464843752,61.43999633789065,151.78227539062482,60.48000488281241,168.4800048828124,322.150390625,-119.04013671875009,-28.80014648437509,-91.37918701171884,-77.27999267578127,133.44001464843745,51.884765625
1763689220.1755762,8,2,3,-0.0942748497802524,0.1552857286383517,-1.0706987746520982,0.005618678763286115,0.0056600169840099745,-0.00033578038869107416,103.67995605468741,-81.60001220703123,71.24477539062491,102.24001464843752,56.6400085449219,151.78227539062482,58.07998046874991,166.0799804687499,322.150390625,-119.04013671875009,-26.40000000000009,-91.37918701171884,-77.27999267578127,128.63996582031245,55.7568359375
1763689220.2840345,8,2,3,-0.09637906732818097,0.2062555773517975,-1.1859535988122731,0.0065234002039528585,0.005563576125180805,0.00048251639187887375,101.27993164062491,-83.99997558593748,63.50087890624991,102.24001464843752,61.43999633789065,155.65434570312482,60.48000488281241,173.2800537109374,326.0224609375,-119.04013671875009,-28.80014648437509,-83.63522949218759,-79.67998657226565,133.44001464843745,51.884765625
1763689220.5820324,8,2,3,-0.08681696275666584,0.12989858479400226,-1.122209292643387,0.005572339309411029,0.005869754117182569,3.876419614302592e-05,101.27993164062491,-83.99997558593748,63.50087890624991,99.84002075195315,56.6400085449219,151.78227539062482,55.67995605468741,168.4800048828124,322.150390625,-119.04013671875009,-31.20004882812509,-87.50717773437509,-77.27999267578127,131.03999023437495,48.0126953125
1763689220.6734366,8,2,3,-0.1193121121488766,0.12097157975686665,-1.0379627811338756,0.005184481523557593,0.005781192275980078,-1.0076895743111984e-05,101.27993164062491,-79.19998779296873,67.37294921874991,99.84002075195315,56.6400085449219,151.78227539062482,60.48000488281241,168.4800048828124,322.150390625,-119.04013671875009,-28.80014648437509,-83.63522949218759,-77.27999267578127,131.03999023437495,51.884765625
1763689220.7827668,8,2,3,-0.0962879397493175,0.15860029919457946,-1.0850005379267578,0.006156044194110703,0.005025308323929095,-0.00010441561031327329,101.27993164062491,-79.19998779296873,63.50087890624991,102.24001464843752,54.2399841308594,144.03813476562482,60.48000488281241,168.4800048828124,322.150390625,-116.63999023437509,-24.00009765625009,-83.63522949218759,-72.48000488281252,126.23994140624995,51.884765625
1763689220.7977715,8,2,3,-0.07514650786750887,0.14885833666743967,-1.0383201331604806,0.005256790279749721,0.004555835285259753,-0.00016921649800344754,103.67995605468741,-79.19998779296873,67.37294921874991,102.24001464843752,56.6400085449219,144.03813476562482,60.48000488281241,168.4800048828124,326.0224609375,-114.24008789062509,-31.20004882812509,-91.37918701171884,-77.27999267578127,131.03999023437495,59.62890625
1763689220.8890438,8,2,3,-0.12711737114351154,0.13530146806820165,-1.0716817914733672,0.005120631689154485,0.005934262037239677,-2.358383811066299e-05,106.07998046874991,-83.99997558593748,63.50087890624991,97.44002685546877,56.6400085449219,151.78227539062482,55.67995605468741,168.4800048828124,318.278564453125,-116.63999023437509,-28.80014648437509,-87.50717773437509,-77.27999267578127,128.63996582031245,51.884765625
1763689221.0816622,8,2,3,-0.11908106370077001,0.1414324178835778,-1.0203117302069697,0.005356448096604486,0.0055936365636501785,-8.304324994686365e-05,106.07998046874991,-83.99997558593748,55.75673828124991,97.44002685546877,59.04000244140627,147.91020507812482,60.48000488281241,168.4800048828124,318.278564453125,-114.24008789062509,-26.40000000000009,-87.50717773437509,-72.48000488281252,131.03999023437495,55.7568359375
1763689221.2819712,8,2,3,-0.11707932389061648,0.17312814923698003,-1.0204457724165084,0.005290161305547686,0.005003603969283656,0.0001482377353437045,101.27993164062491,-81.60001220703123,71.24477539062491,99.84002075195315,56.6400085449219,151.78227539062482,58.07998046874991,168.4800048828124,314.406494140625,-121.44003906250009,-21.59995117187509,-79.76322021484384,-77.27999267578127,133.44001464843745,55.7568359375
1763689221.388482,8,2,3,-0.0908238146787065,0.16713564316831409,-1.073284229737598,0.005067758252807449,0.005045420266444542,0.0004415120504950809,101.27993164062491,-76.79996337890623,63.50087890624991,99.84002075195315,56.6400085449219,155.65434570312482,55.67995605468741,168.4800048828124,314.406494140625,-116.63999023437509,-26.40000000000009,-83.63522949218759,-77.27999267578127,128.63996582031245,55.7568359375
1763689221.4857795,8,2,3,-0.09179357493898258,0.13724380396612043,-1.0566967759632744,0.004996065078868254,0.005154284560712736,0.0004497805796171223,103.67995605468741,-81.60001220703123,63.50087890624991,99.84002075195315,59.04000244140627,151.78227539062482,60.48000488281241,161.2800537109374,318.278564453125,-111.83994140625009,-26.40000000000009,-83.63522949218759,-77.27999267578127,133.44001464843745,48.0126953125
1763689221.59202,8,2,3,-0.09190627274335375,0.11625610196847995,-0.9726642297807189,0.004833933625846424,0.005362561920117012,-0.00014447543421437965,96.48000488281241,-81.60001220703123,67.37294921874991,99.84002075195315,51.83999023437502,136.29448242187482,55.67995605468741,161.2800537109374,314.406494140625,-116.63999023437509,-26.40000000000009,-83.63522949218759,-72.48000488281252,128.63996582031245,48.0126953125
1763689221.6838923,8,2,3,-0.08557839874813834,0.16034650855679988,-1.0208378904122923,0.005686348701942234,0.005584984180913911,7.272812145992012e-05,103.67995605468741,-81.60001220703123,55.75673828124991,99.84002075195315,56.6400085449219,147.91020507812482,58.07998046874991,166.0799804687499,306.662353515625,-116.63999023437509,-26.40000000000009,-87.50717773437509,-74.8799987792969,128.63996582031245,51.884765625
1763689221.7804523,8,2,3,-0.1198595579162896,0.14302945162550057,-1.1204861502637917,0.005514759444844493,0.005307322246036378,0.00011621119626795367,98.88002929687491,-81.60001220703123,63.50087890624991,92.6400085449219,47.04000244140627,140.16655273437482,60.48000488281241,161.2800537109374,310.534423828125,-111.83994140625009,-21.59995117187509,-83.63522949218759,-77.27999267578127,123.84003906249995,55.7568359375
1763689221.873653,8,2,3,-0.08081553353094621,0.1412559306763917,-0.9918684129197111,0.004550217840886289,0.005150003561604318,0.0006269404278612465,98.88002929687491,-76.79996337890623,59.62880859374991,90.24001464843752,54.2399841308594,132.42241210937482,58.07998046874991,156.4800048828124,295.04638671875,-109.44003906250009,-24.00009765625009,-83.63522949218759,-70.08001098632815,121.44001464843745,44.140869140625
1763689221.982258,8,2,3,-0.06074060014494066,0.13534540099559803,-0.9085975219574167,0.004026056210181326,0.003769913777705419,0.00010722399497817747,89.27993164062491,-74.39999999999998,59.62880859374991,87.84002075195315,49.43999633789065,124.67827148437482,55.67995605468741,144.4800048828124,279.558349609375,-104.63999023437509,-21.59995117187509,-79.76322021484384,-72.48000488281252,116.63996582031245,48.0126953125
1763689222.1854215,8,2,3,-0.05829276098971414,0.06295381827163553,-0.5903206922005735,0.003217253014201585,0.0019125367637757534,0.0003015010262258324,77.27993164062491,-76.79996337890623,48.01284179687491,78.24001464843752,35.04000244140627,97.57426757812482,50.87990722656241,130.0799804687499,252.454345703125,-95.04013671875009,-16.80014648437509,-68.14719238281259,-67.67998657226565,102.23994140624995,36.396728515625
1763689222.2609596,8,2,3,-0.0560478039209424,0.09910723271944262,-0.5747997661659937,0.0029981028051813607,0.0025446538166072905,-8.78720847510539e-05,72.48000488281241,-71.99997558593748,36.39687499999991,68.6400085449219,37.43999633789065,93.70219726562482,50.87990722656241,122.88002929687491,240.83837890625,-90.24008789062509,-19.20004882812509,-68.14719238281259,-65.27999267578127,97.44001464843745,32.52490234375
1763689222.3558006,8,2,3,0.04792887061796568,0.15571464802821383,-0.5758115559876489,0.0035109270230096893,-4.8611694765699886e-05,0.0005333467248711035,72.48000488281241,-69.60001220703123,36.39687499999991,63.84002075195315,37.43999633789065,82.08623046874982,43.67995605468741,118.07998046874991,229.222412109375,-80.63999023437509,-16.80014648437509,-64.27518310546884,-67.67998657226565,85.44001464843745,32.52490234375
1763689222.4825,8,2,3,-0.04945608818941883,0.11467363094519734,-0.392157954224939,0.0020253250480758963,0.000709078260793924,4.948902870883804e-05,62.88002929687491,-74.39999999999998,24.78090820312491,54.24001464843752,30.239984130859398,58.85429687499982,46.07998046874991,108.48000488281241,205.990478515625,-75.83994140625009,-12.000097656250091,-64.27518310546884,-60.48000488281252,78.23994140624995,17.036865234375
1763689222.5760496,8,2,3,0.01975446481867517,0.08195750318304752,-0.34334726175105346,0.0018071285042393268,-0.001565730339920249,0.00022432816465981203,58.07998046874991,-71.99997558593748,24.78090820312491,51.84002075195315,30.239984130859398,58.85429687499982,41.27993164062491,101.28005371093741,198.246337890625,-73.44003906250009,-12.000097656250091,-64.27518310546884,-55.67998657226565,75.84003906249995,17.036865234375
1763689222.683035,8,2,3,-0.04817199640378436,0.015887744151757956,-0.22760852834943762,0.0009351428742598467,0.000532792019484469,3.395757597894706e-05,53.27993164062491,-67.19998779296873,24.78090820312491,49.44002685546877,32.6400085449219,47.23833007812482,43.67995605468741,91.67995605468741,182.758544921875,-66.24008789062509,-9.599951171875091,-56.53122558593759,-53.27999267578127,71.03999023437495,13.164794921875
1763689228.0779932,8,2,3,0.03594038628084406,0.048808159155269176,-0.3197886329840065,-0.00031503578839864506,-0.00013824376412474446,0.00014842835451389473,41.27993164062491,-55.19998779296873,-2.323095703125091,39.84002075195315,27.839990234375023,31.750292968749818,36.48000488281241,72.48000488281241,144.038330078125,-49.44003906250009,-7.200048828125091,-56.53122558593759,-48.48000488281252,56.639965820312455,5.4208984375
1763689228.1737516,8,2,3,-0.06959539573758027,0.07019358313118773,-0.22757018207383192,0.0005214933736704809,0.0004274419532350922,-0.0005979728025628036,46.07998046874991,-57.60001220703123,5.420800781249909,44.6400085449219,27.839990234375023,35.62236328124982,36.48000488281241,79.67995605468741,155.654541015625,-54.24008789062509,-4.800146484375091,-64.27518310546884,-46.08001098632815,59.039990234374955,9.292724609375
1763689228.2018075,8,2,3,-0.1064551639980973,0.04208901825167364,-0.34379493630544344,0.0007763710176952919,0.0006349934888423032,0.00030252574226467675,0,0,0,0,0,0,0,0,0,0,0,0,0,0,0
1763689228.3118367,8,2,3,0.016446805907807678,0.08669290576394383,-0.3328299578629057,0.000469789899759704,0.000510413752359193,-0.00048133572606449623,55.67995605468741,-52.79996337890623,9.292871093749909,54.24001464843752,39.83999023437502,58.85429687499982,34.07998046874991,89.28005371093741,167.2705078125,-61.44003906250009,-9.599951171875091,-68.14719238281259,-46.08001098632815,66.23994140624995,13.164794921875
1763689228.4853973,8,2,3,-0.012982864889889329,0.06333431043557958,-0.4220150259433216,-0.0009271466874907356,0.0013866090711183983,-0.0002041636447806929,60.48000488281241,-52.79996337890623,20.90883789062491,61.44002685546877,42.2399841308594,70.47026367187482,34.07998046874991,98.88002929687491,175.014404296875,-73.44003906250009,-14.400000000000091,-72.01920166015634,-48.48000488281252,73.44001464843745,24.78076171875
1763689228.5144064,8,2,3,-0.03169225330634884,0.07311056824440323,-0.43745269318048047,-0.0005089288488837877,0.0017302066246828482,0.0003387434042369863,70.07998046874991,-59.99997558593748,28.65273437499991,63.84002075195315,44.6400085449219,82.08623046874982,38.87990722656241,98.88002929687491,190.50244140625,-73.44003906250009,-12.000097656250091,-72.01920166015634,-48.48000488281252,78.23994140624995,17.036865234375
1763689228.6055903,8,2,3,-0.04674906822072146,0.07123439533366013,-0.535011197537127,0.0005866135061710325,0.0038413104835324737,-0.0002378762353928875,77.27993164062491,-64.79996337890623,36.39687499999991,68.6400085449219,39.83999023437502,82.08623046874982,41.27993164062491,115.67995605468741,221.478515625,-80.63999023437509,-19.20004882812509,-75.89121093750009,-55.67998657226565,87.84003906249995,28.65283203125
1763689228.6986892,8,2,3,-0.02842787226875063,0.092698859714956,-0.7293758275684492,0.0023945535386538275,0.0025640790970725266,-0.00030167447135539144,79.67995605468741,-67.19998779296873,32.52480468749991,78.24001464843752,49.43999633789065,101.44633789062482,43.67995605468741,125.28005371093741,233.094482421875,-87.83994140625009,-19.20004882812509,-72.01920166015634,-58.08001098632815,92.63996582031245,28.65283203125
1763689229.0765505,8,2,3,-0.06696983693820961,0.046025759271618866,-1.2472837009218098,0.004008197040379743,0.006705186513082899,7.287971392165203e-05,110.88002929687491,-74.39999999999998,63.50087890624991,107.04000244140627,61.43999633789065,155.65434570312482,53.27993164062491,168.4800048828124,306.662353515625,-114.24008789062509,-28.80014648437509,-91.37918701171884,-70.08001098632815,128.63996582031245,51.884765625
1763689229.2801,8,2,3,0.002373014165243159,-0.12082865384212972,-1.5402847517334226,0.003542691179133711,0.009849135519968437,-0.00017519909272858578,118.07998046874991,-88.79996337890623,71.24477539062491,121.44002685546877,73.43999633789065,182.75834960937482,60.48000488281241,194.8800292968749,360.870361328125,-135.8399414062501,-33.59995117187509,-95.25119628906259,-86.8799987792969,155.03999023437495,71.244873046875
1763689229.386482,8,2,3,-0.4943032567431853,0.3877292490601427,-1.4305955181272472,0.004974682332191031,0.009749311629258267,-1.540408179069976e-05,139.6799560546874,-93.60001220703123,90.60488281249991,138.24001464843752,78.2399841308594,205.99028320312482,65.27993164062491,216.4801269531249,391.846435546875,-145.4400390625001,-33.59995117187509,-110.73917236328134,-94.08001098632815,164.63996582031245,82.86083984375
1763689229.5792816,8,2,3,-0.08025509487378503,0.03191643046349977,-2.0636898952497633,0.007449660558320241,0.012871311026250238,-4.466566394400757e-05,156.4800048828124,-105.60001220703123,106.09291992187491,157.43999633789065,107.04000244140627,248.58256835937482,77.27993164062491,242.8800292968749,449.926513671875,-171.8399414062501,-40.80014648437509,-130.0992187500001,-106.08001098632815,195.84003906249995,78.98876953125
1763689229.7856612,8,2,3,-0.13179462257041463,0.07391077454078503,-2.5848546972605093,0.008750730894135207,0.019349142651708198,0.00016379211974845449,182.8800292968749,-117.60001220703123,117.70888671874991,186.24004516601565,109.43999633789065,271.8145019531248,94.07998046874991,290.8800292968749,511.87841796875,-188.6399902343751,-38.40000000000009,-145.58719482421884,-120.48000488281252,215.03999023437495,102.220703125
1763689229.8912356,8,2,3,-0.3622928116095717,0.1775740005841741,-2.7227041540541403,0.004347947889151578,0.016264154383634134,8.676597009799969e-05,185.2799316406249,-124.79996337890623,117.70888671874991,186.24004516601565,119.04000244140627,287.3022949218748,91.67995605468741,290.8800292968749,542.8544921875,-193.4400390625001,-38.40000000000009,-149.4592041015626,-127.68000183105471,222.23994140624995,102.220703125
1763689230.1726406,8,2,3,-0.40700628893882235,0.16937908294132373,-2.9731992534513454,0.005835200353826199,0.021698143863105476,0.0003186851008239321,0,0,0,0,0,0,0,0,0,0,0,0,0,0,0
1763689230.3760302,8,2,3,-0.3981943327945745,0.1460291333198103,-2.839328004713172,0.005694844358494503,0.02126289578401809,0.000524164302945171,194.8800292968749,-134.39999999999998,121.58095703124991,200.6400085449219,126.24001464843752,298.9185058593748,101.27993164062491,307.6800781249999,550.598388671875,-200.6399902343751,-40.80014648437509,-157.2032226562501,-134.8799987792969,234.23994140624995,102.220703125
1763689230.4935093,8,2,3,-0.3822115503474398,0.1683881406202854,-2.8373281800920256,0.0062198440756151795,0.02056891477906037,0.00044678492267232546,190.0799804687499,-134.39999999999998,125.45278320312491,195.84002075195315,128.6400085449219,295.0464355468748,96.48000488281241,307.6800781249999,550.598388671875,-200.6399902343751,-38.40000000000009,-157.2032226562501,-134.8799987792969,236.63996582031245,109.96484375
1763689230.5805655,8,2,3,-0.4071308521855978,0.16268470314485378,-2.7698774859042263,0.006016366855703507,0.020884767098771448,0.0003143331672965273,192.4800048828124,-129.60001220703123,121.58095703124991,198.24004516601565,128.6400085449219,298.9185058593748,96.48000488281241,305.2799316406249,558.342529296875,-198.2400878906251,-38.40000000000009,-149.4592041015626,-132.48000488281252,239.03999023437495,106.0927734375
1763689230.6734731,8,2,3,-0.3648644708251756,0.14047672640153258,-2.7363720350778418,0.006015031999481314,0.019881674494065218,-0.00021947996224897827,197.2799316406249,-129.60001220703123,117.70888671874991,200.6400085449219,128.6400085449219,298.9185058593748,96.48000488281241,307.6800781249999,550.598388671875,-200.6399902343751,-38.40000000000009,-161.0751708984376,-137.28000793457034,234.23994140624995,102.220703125
1763689230.8796637,8,2,3,-0.37964929016894355,0.14058653066551985,-2.7549814945051585,0.005515830971033751,0.019898298564661403,0.00024085759343807594,192.4800048828124,-134.39999999999998,113.83681640624991,200.6400085449219,128.6400085449219,302.7905761718748,98.87990722656241,305.2799316406249,550.598388671875,-200.6399902343751,-40.80014648437509,-153.33121337890634,-130.07999572753909,236.63996582031245,106.0927734375
1763689231.0838346,8,2,3,-0.34673082970238656,0.16890600588352736,-2.6367836520115944,0.006121710883964923,0.020006273135924586,0.00028308380330917455,192.4800048828124,-129.60001220703123,113.83681640624991,193.43999633789065,121.43999633789065,295.0464355468748,96.48000488281241,305.2799316406249,550.598388671875,-200.6399902343751,-36.00009765625009,-161.0751708984376,-130.07999572753909,234.23994140624995,109.96484375
1763689231.1776187,8,2,3,-0.30084419408016816,0.17795915374609017,-2.5542845753924865,0.005730210333356727,0.018399376735343476,-3.288407524701213e-06,192.4800048828124,-134.39999999999998,117.70888671874991,200.6400085449219,126.24001464843752,298.9185058593748,96.48000488281241,305.2799316406249,550.598388671875,-198.2400878906251,-43.20004882812509,-161.0751708984376,-132.48000488281252,239.03999023437495,102.220703125
1763689231.2201517,8,2,3,-0.3628005981624214,0.171512252713876,-2.653140968341895,0.005978424928463591,0.01948134449100099,0.0005109025247490807,199.6799560546874,-129.60001220703123,125.45278320312491,195.84002075195315,126.24001464843752,298.9185058593748,98.87990722656241,305.2799316406249,558.342529296875,-205.4400390625001,-40.80014648437509,-153.33121337890634,-130.07999572753909,236.63996582031245,113.8369140625
1763689231.3306735,8,2,3,-0.33790567380040926,0.1579711415736964,-2.7036489674930526,0.006022572074198103,0.01898743965920357,0.00025945158646587603,192.4800048828124,-134.39999999999998,121.58095703124991,198.24004516601565,126.24001464843752,295.0464355468748,96.48000488281241,300.4801269531249,546.7265625,-200.6399902343751,-38.40000000000009,-153.33121337890634,-127.68000183105471,236.63996582031245,102.220703125
1763689231.475729,8,2,3,-0.32840423744651565,0.1621284129353255,-2.5867754838968944,0.005923520286856737,0.019010739931347533,0.00022217380541883795,194.8800292968749,-127.19998779296873,121.58095703124991,200.6400085449219,126.24001464843752,295.0464355468748,98.87990722656241,302.8800292968749,550.598388671875,-195.8399414062501,-40.80014648437509,-153.33121337890634,-134.8799987792969,231.84003906249995,106.0927734375
1763689231.585633,8,2,3,-0.30945322984725454,0.18306212238037395,-2.6044791775711262,0.005758445980374109,0.01846512214919354,0.00013488184019109974,194.8800292968749,-131.99997558593748,113.83681640624991,198.24004516601565,126.24001464843752,295.0464355468748,96.48000488281241,302.8800292968749,550.598388671875,-195.8399414062501,-43.20004882812509,-153.33121337890634,-137.28000793457034,236.63996582031245,102.220703125
1763689231.6291525,8,2,3,-0.31964302466944605,0.16869494412668093,-2.603493643631592,0.005980910176669541,0.018556288842680086,0.0003720909621775059,194.8800292968749,-131.99997558593748,113.83681640624991,195.84002075195315,126.24001464843752,298.9185058593748,98.87990722656241,305.2799316406249,558.342529296875,-203.0401367187501,-38.40000000000009,-157.2032226562501,-130.07999572753909,231.84003906249995,98.348876953125
1763689231.7372606,8,2,3,-0.3197068811214131,0.1587685974447183,-2.6036707325401087,0.005898086014905125,0.01855866464181683,0.00029435687753238417,192.4800048828124,-129.60001220703123,117.70888671874991,198.24004516601565,133.43999633789065,291.1743652343748,98.87990722656241,302.8800292968749,542.8544921875,-203.0401367187501,-38.40000000000009,-157.2032226562501,-130.07999572753909,236.63996582031245,106.0927734375
1763689231.830281,8,2,3,-0.3108680054617958,0.18425689498509404,-2.5863620872758544,0.00611645318472652,0.0182943547899769,0.0003773293753544971,197.2799316406249,-131.99997558593748,117.70888671874991,200.6400085449219,126.24001464843752,287.3022949218748,98.87990722656241,307.6800781249999,550.598388671875,-200.6399902343751,-40.80014648437509,-157.2032226562501,-134.8799987792969,236.63996582031245,109.96484375
1763689231.9743717,8,2,3,-0.33312818337069605,0.16688313015518275,-2.6572616626818615,0.005110842982407668,0.018929940178187946,0.0005839431699956312,194.8800292968749,-129.60001220703123,117.70888671874991,195.84002075195315,123.83999023437502,298.9185058593748,94.07998046874991,305.2799316406249,554.470458984375,-198.2400878906251,-38.40000000000009,-157.2032226562501,-130.07999572753909,236.63996582031245,109.96484375
1763689232.0324223,8,2,3,-0.3096712902674422,0.1525895570648565,-2.5718486242044802,0.005518383875296488,0.018660230792689487,0.0001482114312282253,192.4800048828124,-134.39999999999998,121.58095703124991,195.84002075195315,126.24001464843752,291.1743652343748,96.48000488281241,302.8800292968749,550.598388671875,-198.2400878906251,-38.40000000000009,-153.33121337890634,-130.07999572753909,234.23994140624995,106.0927734375
1763689232.1740937,8,2,3,-0.3338912726187795,0.13820758041456843,-2.6060804631068617,0.005051786307083256,0.018673196250096672,0.00013534265159936463,192.4800048828124,-129.60001220703123,117.70888671874991,198.24004516601565,126.24001464843752,298.9185058593748,96.48000488281241,305.2799316406249,554.470458984375,-198.2400878906251,-40.80014648437509,-161.0751708984376,-134.8799987792969,236.63996582031245,102.220703125
1763689232.2346144,8,2,3,-0.3447298217003647,0.15416684803476266,-2.670810051437589,0.005669822579155852,0.018669269855606737,0.0003481233090178433,194.8800292968749,-134.39999999999998,113.83681640624991,200.6400085449219,121.43999633789065,298.9185058593748,96.48000488281241,307.6800781249999,550.598388671875,-203.0401367187501,-40.80014648437509,-153.33121337890634,-130.07999572753909,236.63996582031245,106.0927734375
1763689232.328245,8,2,3,-0.30991166174724205,0.176015739494097,-2.5698303615553946,0.0058891083448715225,0.017819018087369565,0.00030467246836257157,194.8800292968749,-134.39999999999998,117.70888671874991,198.24004516601565,126.24001464843752,295.0464355468748,98.87990722656241,305.2799316406249,546.7265625,-200.6399902343751,-40.80014648437509,-157.2032226562501,-132.48000488281252,234.23994140624995,106.0927734375
1763689232.473073,8,2,3,-0.3648645565278236,0.15488874929632365,-2.6173382167528896,0.006364870662656797,0.018856564569306716,0.0006048964543951742,190.0799804687499,-131.99997558593748,125.45278320312491,195.84002075195315,123.83999023437502,295.0464355468748,101.27993164062491,305.2799316406249,550.598388671875,-198.2400878906251,-38.40000000000009,-157.2032226562501,-132.48000488281252,236.63996582031245,94.476806640625
1763689232.5163143,8,2,3,-0.35382123830393414,0.1811236070295728,-2.7528139260837685,0.006036524061219536,0.018269778169907703,0.0003962066322269651,190.0799804687499,-127.19998779296873,121.58095703124991,195.84002075195315,123.83999023437502,287.3022949218748,91.67995605468741,300.4801269531249,542.8544921875,-198.2400878906251,-36.00009765625009,-149.4592041015626,-132.48000488281252,227.03999023437495,102.220703125
1763689232.6083333,8,2,3,-0.330529595911586,0.17958428420847192,-2.531735911332337,0.0067763736130690855,0.017356111599393598,0.0005564006692124115,180.4800048828124,-127.19998779296873,109.96474609374991,186.24004516601565,116.6400085449219,279.5581542968748,89.27993164062491,288.4801269531249,519.62255859375,-191.0401367187501,-36.00009765625009,-149.4592041015626,-125.27999267578127,222.23994140624995,102.220703125
1763689232.703552,8,2,3,-0.3238360496643694,0.14791090519236066,-2.3107270513804576,0.003221726017242223,0.018020780571744516,0.0005445247976930267,173.2799316406249,-115.19998779296873,109.96474609374991,176.6400085449219,109.43999633789065,256.3262207031248,84.48000488281241,276.4801269531249,488.646484375,-181.4400390625001,-33.59995117187509,-141.7151855468751,-122.8799987792969,207.84003906249995,106.0927734375
1763689232.796397,8,2,3,-0.215942787907408,0.1594499571605877,-1.9652478956516413,0.0050113264734418655,0.01088498144787391,0.0006725701961626464,166.0799804687499,-107.99997558593748,106.09291992187491,171.84002075195315,97.43999633789065,240.83842773437482,77.27993164062491,254.8800292968749,453.79833984375,-169.4400390625001,-36.00009765625009,-126.22720947265634,-106.08001098632815,193.44001464843745,90.604736328125
1763689232.9053729,8,2,3,-0.20156349721602432,0.10840466067878547,-1.6703791150937817,0.003329851399164205,0.011903289452332148,0.0005406407724540905,149.2799316406249,-98.39999999999998,86.73281249999991,152.6400085449219,85.43999633789065,213.73442382812482,72.48000488281241,238.0799804687499,422.822509765625,-155.0401367187501,-33.59995117187509,-126.22720947265634,-98.8799987792969,174.23994140624995,86.73291015625
1763689232.9872806,8,2,3,-0.17989524468068444,0.05079210939854356,-1.4358963980103008,0.002286717942190486,0.008559295326551152,0.0003113165169981141,137.2799316406249,-100.79996337890623,86.73281249999991,138.24001464843752,71.04000244140627,194.37456054687482,72.48000488281241,216.4801269531249,384.1025390625,-143.0401367187501,-31.20004882812509,-110.73917236328134,-96.48000488281252,162.23994140624995,78.98876953125
1763689233.0916858,8,2,3,0.00935190804498643,0.1514949389626105,-0.9430094616572813,0.004004532148746783,0.0015694836522882143,-6.381703412019552e-05,0,0,0,0,0,0,0,0,0,0,0,0,0,0,0
1763689233.2004933,8,2,3,-0.06475659486947945,0.10192581244380165,-0.7517513078203081,0.0009411040931585257,0.0038749068945183266,-8.179560825829476e-05,115.67995605468741,-81.60001220703123,71.24477539062491,114.24001464843752,56.6400085449219,147.91020507812482,55.67995605468741,178.0799804687499,318.278564453125,-119.04013671875009,-28.80014648437509,-99.12320556640634,-79.67998657226565,128.63996582031245,63.500732421875
1763689233.2946029,8,2,3,-0.08563198147011057,0.043896532539066516,-0.6797607571984374,0.001535946120250667,0.0016384142298609288,0.000811240290427003,106.07998046874991,-79.19998779296873,55.75673828124991,102.24001464843752,54.2399841308594,132.42241210937482,48.48000488281241,163.6799560546874,287.302490234375,-109.44003906250009,-26.40000000000009,-87.50717773437509,-74.8799987792969,114.23994140624995,59.62890625
1763689233.4034753,8,2,3,0.06865635541387938,0.1435193376092577,-0.36866822235969665,0.0007700980213252308,0.0006981529609547009,-2.896974296276969e-05,94.07998046874991,-79.19998779296873,40.26894531249991,92.6400085449219,51.83999023437502,113.06254882812482,50.87990722656241,154.0799804687499,267.9423828125,-99.83994140625009,-14.400000000000091,-83.63522949218759,-72.48000488281252,104.63996582031245,55.7568359375
1763689233.484729,8,2,3,0.09405445767685053,0.03330297884790246,-0.3415645094003581,-0.0017857416159150472,-0.0021475588893664337,-0.0007251819851650754,0,0,0,0,0,0,0,0,0,0,0,0,0,0,0
1763689233.5896306,8,2,3,-6.664670184661214e-06,0.1137341320369566,-0.31657021420872905,0.0005291495888359593,0.0012977084626832841,-8.287472231766546e-06,86.88002929687491,-71.99997558593748,51.88491210937491,80.6400085449219,47.04000244140627,89.83012695312482,48.48000488281241,134.8800292968749,252.454345703125,-92.63999023437509,-16.80014648437509,-75.89121093750009,-67.67998657226565,95.03999023437495,44.140869140625
1763689233.9845223,8,2,3,0.006651071211400565,0.04872878380117299,-0.2329453004657771,0.0003509868777774937,0.001453147428625255,-0.0003643930007340961,62.88002929687491,-62.39999999999998,24.78090820312491,61.44002685546877,37.43999633789065,66.59843749999982,38.87990722656241,110.88002929687491,205.990478515625,-75.83994140625009,-14.400000000000091,-68.14719238281259,-60.48000488281252,83.03999023437495,20.90869140625
1763689236.6833742,8,2,3,-0.004015495766425137,0.037384432247521374,-0.20170483406486173,-0.0008744151791457571,-0.0008174796780306705,0.0001892357380358925,38.88002929687491,-57.60001220703123,-2.323095703125091,32.6400085449219,25.439996337890648,24.006396484374818,36.48000488281241,65.28005371093741,132.42236328125,-44.63999023437509,-9.765625009094947e-05,-60.40317382812509,-41.27999267578127,44.639965820312455,1.548828125
1763689237.9733014,8,2,3,0.022906754290712983,0.06465317317822009,-0.21875256290786516,-0.0008118609916563911,-0.0017123558665684206,0.00025885937671187676,26.88002929687491,-50.39999999999998,-2.323095703125091,32.6400085449219,27.839990234375023,12.390429687499818,31.67995605468741,60.48000488281241,116.934326171875,-39.83994140625009,4.799951171874909,-56.53122558593759,-41.27999267578127,39.840039062499955,-10.067138671875
1763689238.2858555,8,2,3,0.03256002510921558,0.017923199034191192,-0.204424876014977,-0.0015422594595246124,-0.0014115708149194173,-0.0004387325611918152,31.67995605468741,-52.79996337890623,-2.323095703125091,32.6400085449219,25.439996337890648,12.390429687499818,36.48000488281241,55.67995605468741,109.1904296875,-39.83994140625009,7.199853515624909,-56.53122558593759,-41.27999267578127,47.039990234374955,-6.195068359375
1763689238.8740008,8,2,3,0.006429811691274653,0.0640292551383767,-0.2523062568956414,-0.0010049355872806449,-0.0014801561636314804,1.1679497264845872e-05,31.67995605468741,-50.39999999999998,-6.195166015625091,35.04000244140627,30.239984130859398,8.518359374999818,36.48000488281241,53.28005371093741,116.934326171875,-37.44003906250009,7.199853515624909,-60.40317382812509,-41.27999267578127,42.239941406249955,-10.067138671875
1763689239.482673,8,2,3,-0.016968872458488028,0.029797841516639653,-0.24923673107102828,-0.0001313386683784554,0.00015085926421223728,-0.00021445348206541236,46.07998046874991,-50.39999999999998,9.292871093749909,47.04000244140627,30.239984130859398,43.36625976562482,34.07998046874991,79.67995605468741,140.16650390625,-49.44003906250009,-4.800146484375091,-60.40317382812509,-46.08001098632815,51.840039062499955,9.292724609375
1763689239.684144,8,2,3,-0.05309458881440158,0.006365789978900759,-0.3069693836077841,-0.002046747134991585,0.002117294334312257,-0.00047530158803042125,50.88002929687491,-52.79996337890623,9.292871093749909,54.24001464843752,42.2399841308594,54.98247070312482,36.48000488281241,82.07998046874991,147.910400390625,-61.44003906250009,-4.800146484375091,-64.27518310546884,-46.08001098632815,59.039990234374955,-2.3232421875
1763689239.7778707,8,2,3,-0.042388932183905915,0.024513795611166046,-0.31934938638272437,-0.0005664802840805372,0.002794331965156131,-0.0005529388557704212,60.48000488281241,-62.39999999999998,13.164941406249909,56.6400085449219,39.83999023437502,54.98247070312482,36.48000488281241,94.07998046874991,159.5263671875,-68.63999023437509,-4.800146484375091,-75.89121093750009,-46.08001098632815,66.23994140624995,17.036865234375
1763689240.1849098,8,2,3,-0.1995178413536639,0.21312410731929032,-0.8465340555629844,0.0014804627712016424,0.004436927171024441,0.0007377931454089659,0,0,0,0,0,0,0,0,0,0,0,0,0,0,0
1763689240.2775216,8,2,3,-0.13663940607918584,0.43769114198308867,-0.8296093437724876,0.002804740410069231,0.005652768304986822,0.0005734540867119444,86.88002929687491,-74.39999999999998,51.88491210937491,87.84002075195315,56.6400085449219,124.67827148437482,50.87990722656241,149.2800537109374,283.430419921875,-99.83994140625009,-21.59995117187509,-83.63522949218759,-72.48000488281252,114.23994140624995,48.0126953125
1763689240.38733,8,2,3,-0.22292511003833598,0.11669414044691909,-1.14114359488619,0.0034253570477230677,0.00607149794865397,2.456343050475881e-05,103.67995605468741,-74.39999999999998,59.62880859374991,99.84002075195315,59.04000244140627,147.91020507812482,53.27993164062491,161.2800537109374,295.04638671875,-109.44003906250009,-26.40000000000009,-91.37918701171884,-70.08001098632815,123.84003906249995,51.884765625
1763689240.4814005,8,2,3,-0.15140737930569784,0.13782216902807023,-1.2955009836824962,0.004374753993649804,0.009097924452687506,0.00012836408086481957,106.07998046874991,-76.79996337890623,67.37294921874991,107.04000244140627,68.6400085449219,155.65434570312482,50.87990722656241,168.4800048828124,310.534423828125,-119.04013671875009,-31.20004882812509,-91.37918701171884,-72.48000488281252,126.23994140624995,51.884765625
1763689240.5777001,8,2,3,-0.14939428935414062,0.13450759847697402,-1.2811992202004332,0.0038373885619024475,0.009732633112313973,-0.0001030006973874978,115.67995605468741,-74.39999999999998,71.24477539062491,116.6400085449219,78.2399841308594,175.01420898437482,55.67995605468741,180.4800048828124,326.0224609375,-131.0401367187501,-28.80014648437509,-99.12320556640634,-77.27999267578127,140.63996582031245,63.500732421875
1763689240.8871865,8,2,3,-0.2642856287344172,0.1698515941120883,-1.9631392045587077,0.005871868050345953,0.014976875153362627,-0.0001826596086117946,146.8800292968749,-103.19998779296873,94.47695312499991,143.04000244140627,87.83999023437502,221.47856445312482,74.87990722656241,230.8800292968749,426.6943359375,-157.4400390625001,-36.00009765625009,-118.48319091796884,-98.8799987792969,179.03999023437495,86.73291015625
1763689240.98281,8,2,3,-0.23638930076706896,0.16921391628227722,-2.125138028237175,0.00735915588630188,0.012959133031076125,0.0001563384184194779,154.0799804687499,-110.39999999999998,98.34877929687491,162.24004516601565,97.43999633789065,240.83842773437482,72.48000488281241,242.8800292968749,442.182373046875,-164.6399902343751,-38.40000000000009,-133.97122802734384,-103.67998657226565,191.03999023437495,82.86083984375
1763689241.0220726,8,2,3,-0.2535529649910027,0.19639438533732756,-2.073696480389497,0.007581991002578966,0.01367572790100945,-6.0994080333742024e-05,166.0799804687499,-107.99997558593748,98.34877929687491,162.24004516601565,109.43999633789065,256.3262207031248,72.48000488281241,250.0799804687499,461.54248046875,-169.4400390625001,-40.80014648437509,-133.97122802734384,-106.08001098632815,195.84003906249995,90.604736328125
1763689241.1822236,8,2,3,-0.37242577928865817,0.17966774846139427,-2.5831245721327307,0.006404891868230716,0.018829631553709335,0.0004587863924967988,178.0799804687499,-119.99997558593748,117.70888671874991,181.43999633789065,114.2399841308594,275.6865722656248,86.87990722656241,281.2799316406249,508.00634765625,-188.6399902343751,-33.59995117187509,-141.7151855468751,-120.48000488281252,215.03999023437495,102.220703125
1763689241.2763095,8,2,3,-0.34868411791975573,0.17740920473459787,-2.7878281395450406,0.006488189859318736,0.02056435953329054,0.0007773918680110104,190.0799804687499,-124.79996337890623,113.83681640624991,188.6400085449219,126.24001464843752,291.1743652343748,91.67995605468741,290.8800292968749,531.238525390625,-195.8399414062501,-38.40000000000009,-149.4592041015626,-127.68000183105471,224.63996582031245,102.220703125
1763689241.3210487,8,2,3,-0.32883859613062183,0.18905213081527344,-2.7550720768646997,0.006084558957803157,0.01974175367934337,0.00016055783125111652,192.4800048828124,-127.19998779296873,121.58095703124991,200.6400085449219,131.04000244140627,302.7905761718748,94.07998046874991,305.2799316406249,546.7265625,-193.4400390625001,-38.40000000000009,-161.0751708984376,-130.07999572753909,231.84003906249995,102.220703125
1763689241.481606,8,2,3,-0.4055335682796528,0.18563573439430847,-3.1017870229075286,0.00743836723693452,0.021787924363995882,0.00027834173111030477,202.0799804687499,-136.79996337890623,125.45278320312491,207.84002075195315,147.83999023437502,326.0225097656248,101.27993164062491,331.6800781249999,593.1904296875,-210.2400878906251,-38.40000000000009,-172.69119873046884,-142.07999572753909,258.23994140624995,109.96484375
1763689241.5248516,8,2,3,-0.43429144852835533,0.1841750174042947,-3.249652646320736,0.008065029878760573,0.021460396239828677,0.0007757475296788878,206.8800292968749,-143.99997558593748,125.45278320312491,212.6400085449219,143.04000244140627,326.0225097656248,103.67995605468741,326.8800292968749,600.934326171875,-212.6399902343751,-38.40000000000009,-168.8191894531251,-144.48000488281252,255.84003906249995,113.8369140625
1763689241.683399,8,2,3,-0.4588008595479013,0.20221864797837824,-3.6170038377616796,0.009228445504707404,0.024929414738623173,0.00017983464218380507,223.6799560546874,-160.79996337890623,137.0687499999999,227.0400329589844,159.83999023437502,349.2544433593748,115.67995605468741,353.2799316406249,647.3984375,-231.8399414062501,-40.80014648437509,-188.1791748046876,-161.28000793457034,277.44001464843745,109.96484375
1763689241.7764904,8,2,3,-0.5711572919834549,0.20231924864627931,-3.895128236616459,0.006897185918018529,0.030228742142193874,-6.106819846796868e-06,233.2799316406249,-163.19998779296873,140.9408203124999,239.0400329589844,176.6400085449219,356.9985839843748,120.48000488281241,367.6800781249999,674.50244140625,-236.6399902343751,-43.20004882812509,-195.9231933593751,-166.07999572753909,289.44001464843745,117.708740234375
1763689241.8890789,8,2,3,-0.5708457743992715,0.19574385614043116,-4.139644168400617,0.008639338512629892,0.028818266081997813,0.0003835178491102603,242.8800292968749,-175.19998779296873,137.0687499999999,243.84002075195315,179.04000244140627,376.3584472656248,132.4800048828124,389.2799316406249,709.350341796875,-241.4400390625001,-40.80014648437509,-211.4112304687501,-180.48000488281252,306.23994140624995,109.96484375
1763689242.081106,8,2,3,-0.6730144403265812,0.21435063593994824,-4.521568791959062,0.00590351652728493,0.0354175704440725,-0.0002335746157792083,257.2799316406249,-189.60001220703123,144.8128906249999,265.43999633789065,195.83999023437502,399.5903808593748,142.0799804687499,415.6800781249999,763.558349609375,-258.2400878906251,-43.20004882812509,-226.89920654296884,-199.6800018310547,332.63996582031245,113.8369140625
1763689242.1906753,8,2,3,-0.6513030428467161,0.23051429910166027,-4.915981939182723,0.00863425562692447,0.03465223086301387,0.0006521280265322535,269.2799316406249,-203.99997558593748,148.6849609374999,275.0400329589844,212.6400085449219,411.2065917968748,144.4800048828124,434.8800292968749,810.0224609375,-265.4400390625001,-38.40000000000009,-238.51517333984384,-211.6800018310547,339.84003906249995,109.96484375
1763689242.2822273,8,2,3,-0.6914178781646899,0.23766976288209327,-5.154981920034913,0.007755858812269705,0.0367339193022036,0.0005629661068150193,271.6799560546874,-208.79996337890623,140.9408203124999,279.84002075195315,217.43999633789065,418.9502441406248,149.2799316406249,444.4801269531249,821.638427734375,-267.8399414062501,-40.80014648437509,-242.3871826171876,-216.48000488281252,351.84003906249995,109.96484375
1763689242.4840646,8,2,3,-0.6997101263633749,0.17111644696124628,-5.073335308583432,0.007060965081294368,0.03728713507834202,0.0004387474993557865,274.0799804687499,-208.79996337890623,144.8128906249999,277.43999633789065,217.43999633789065,418.9502441406248,154.0799804687499,442.0799804687499,817.766357421875,-272.6399902343751,-38.40000000000009,-238.51517333984384,-216.48000488281252,349.44001464843745,109.96484375
1763689242.5784833,8,2,3,-0.6924633595790733,0.21214489888401183,-5.019282334906832,0.007944639427654906,0.03582350528098263,0.0010834046323386416,276.4800048828124,-208.79996337890623,148.6849609374999,275.0400329589844,210.24001464843752,407.3345214843748,156.4800048828124,437.2799316406249,817.766357421875,-270.2400878906251,-36.00009765625009,-238.51517333984384,-214.08001098632815,342.24006347656245,106.0927734375
1763689242.6741576,8,2,3,-0.5864810626940613,0.26376853201785555,-4.858764229623722,0.010131588175704172,0.031033417773390977,0.00036230347548321315,266.8800292968749,-211.19998779296873,144.8128906249999,272.6400085449219,205.43999633789065,415.0781738281248,158.8799072265624,444.4801269531249,817.766357421875,-267.8399414062501,-38.40000000000009,-234.64322509765634,-216.48000488281252,347.03999023437495,106.0927734375
1763689242.7820983,8,2,3,-0.5605769847920105,0.2852130806439477,-4.7897060815309676,0.010520761237756596,0.02922511042977642,0.000620791814660467,266.8800292968749,-211.19998779296873,144.8128906249999,272.6400085449219,210.24001464843752,411.2065917968748,163.6799560546874,442.0799804687499,821.638427734375,-272.6399902343751,-40.80014648437509,-230.7712158203126,-216.48000488281252,349.44001464843745,113.8369140625
1763689243.1845906,8,2,3,-0.6002303638014459,0.26271868625728,-4.658985012320877,0.009509851320482345,0.03116390632984416,0.0004311467007015613,269.2799316406249,-211.19998779296873,148.6849609374999,275.0400329589844,217.43999633789065,407.3345214843748,151.6799560546874,439.6800781249999,817.766357421875,-265.4400390625001,-38.40000000000009,-238.51517333984384,-216.48000488281252,349.44001464843745,106.0927734375
1763689243.281124,8,2,3,-0.7174895353045387,0.20535642481858793,-4.706827083899734,0.005940033710768535,0.03698825261816999,0.0004836102384297961,271.6799560546874,-208.79996337890623,140.9408203124999,272.6400085449219,215.04000244140627,411.2065917968748,151.6799560546874,442.0799804687499,817.766357421875,-272.6399902343751,-38.40000000000009,-234.64322509765634,-214.08001098632815,349.44001464843745,102.220703125
1763689243.3738186,8,2,3,-0.6794665753941747,0.17831217049374887,-4.685726495828095,0.0069196162506940375,0.035095815466649374,0.0003408142807380765,271.6799560546874,-208.79996337890623,148.6849609374999,279.84002075195315,217.43999633789065,415.0781738281248,151.6799560546874,442.0799804687499,810.0224609375,-272.6399902343751,-40.80014648437509,-238.51517333984384,-211.6800018310547,351.84003906249995,109.96484375
1763689243.4823084,8,2,3,-0.6854242985451924,0.20379157128757058,-4.686771906896927,0.006632241678944628,0.03485158548169965,0.0006496519958313612,266.8800292968749,-211.19998779296873,148.6849609374999,272.6400085449219,212.6400085449219,411.2065917968748,154.0799804687499,437.2799316406249,817.766357421875,-270.2400878906251,-36.00009765625009,-242.3871826171876,-216.48000488281252,347.03999023437495,106.0927734375
1763689243.6857886,8,2,3,-0.671349758975611,0.21823303284154547,-4.513946826519614,0.007644756795535012,0.03373915167783698,0.0003233101069382567,269.2799316406249,-208.79996337890623,144.8128906249999,279.84002075195315,215.04000244140627,411.2065917968748,151.6799560546874,437.2799316406249,813.89453125,-275.0401367187501,-36.00009765625009,-234.64322509765634,-214.08001098632815,351.84003906249995,106.0927734375
1763689243.7938273,8,2,3,-0.6688183476732903,0.18671001218692274,-4.652651273178708,0.006676975489205544,0.034063636330691933,0.000506907488819798,269.2799316406249,-211.19998779296873,144.8128906249999,270.24004516601565,217.43999633789065,415.0781738281248,151.6799560546874,442.0799804687499,817.766357421875,-275.0401367187501,-36.00009765625009,-238.51517333984384,-214.08001098632815,349.44001464843745,113.8369140625
1763689243.9029663,8,2,3,-0.6649258777565372,0.18216527800690493,-4.616015873559837,0.00766478489839691,0.03423408425588695,0.0008374562612212819,271.6799560546874,-206.39999999999998,148.6849609374999,272.6400085449219,210.24001464843752,411.2065917968748,149.2799316406249,439.6800781249999,817.766357421875,-275.0401367187501,-36.00009765625009,-234.64322509765634,-218.8799987792969,344.63996582031245,109.96484375
1763689243.9858234,8,2,3,-0.6153950401500528,0.20659509631490502,-4.486774658068825,0.006564829383252038,0.03342963362080335,0.00048530956549395956,266.8800292968749,-206.39999999999998,144.8128906249999,275.0400329589844,210.24001464843752,411.2065917968748,146.8799072265624,444.4801269531249,821.638427734375,-272.6399902343751,-38.40000000000009,-230.7712158203126,-216.48000488281252,347.03999023437495,106.0927734375
1763689244.0789018,8,2,3,-0.6128980646560467,0.22927465717834428,-4.461733800894904,0.008277186197435938,0.031846530788532765,0.00026483417073369436,271.6799560546874,-211.19998779296873,144.8128906249999,272.6400085449219,212.6400085449219,411.2065917968748,156.4800048828124,439.6800781249999,806.150390625,-270.2400878906251,-40.80014648437509,-238.51517333984384,-214.08001098632815,344.63996582031245,102.220703125
1763689244.1855512,8,2,3,-0.6168694923202647,0.2524557950399086,-4.532608768045463,0.0074423886120088215,0.03203693947957458,0.0005466226151508418,264.4800048828124,-211.19998779296873,144.8128906249999,275.0400329589844,212.6400085449219,403.4624511718748,156.4800048828124,439.6800781249999,810.0224609375,-270.2400878906251,-40.80014648437509,-238.51517333984384,-214.08001098632815,347.03999023437495,102.220703125
1763689244.4835763,8,2,3,-0.6281803191221289,0.188106682815582,-4.514879150820017,0.007414429890022217,0.03224863365474395,0.0001676874265393309,269.2799316406249,-211.19998779296873,144.8128906249999,275.0400329589844,215.04000244140627,411.2065917968748,158.8799072265624,437.2799316406249,817.766357421875,-267.8399414062501,-38.40000000000009,-230.7712158203126,-216.48000488281252,344.63996582031245,109.96484375
1763689244.5767493,8,2,3,-0.636812610769669,0.19126241701021027,-4.447269805773533,0.007448052083446479,0.03270934187529737,-0.00012087066243016273,269.2799316406249,-211.19998779296873,140.9408203124999,275.0400329589844,210.24001464843752,411.2065917968748,154.0799804687499,434.8800292968749,817.766357421875,-270.2400878906251,-36.00009765625009,-238.51517333984384,-216.48000488281252,347.03999023437495,106.0927734375
1763689244.6881235,8,2,3,-0.6108109755882318,0.19799084046970122,-4.414646576355996,0.007536688344738361,0.03210547964260766,0.0005157597743660467,269.2799316406249,-208.79996337890623,144.8128906249999,277.43999633789065,215.04000244140627,411.2065917968748,151.6799560546874,439.6800781249999,813.89453125,-272.6399902343751,-36.00009765625009,-234.64322509765634,-216.48000488281252,351.84003906249995,109.96484375
1763689244.884923,8,2,3,-0.5673087505128759,0.2282014761935909,-4.498136879842473,0.007780167395558162,0.030407548442623618,0.0005619124333689036,264.4800048828124,-208.79996337890623,140.9408203124999,270.24004516601565,198.24001464843752,403.4624511718748,154.0799804687499,434.8800292968749,806.150390625,-265.4400390625001,-36.00009765625009,-230.7712158203126,-211.6800018310547,347.03999023437495,102.220703125
1763689244.9793186,8,2,3,-0.5466005094400089,0.22094978599102422,-4.189111156785195,0.009172161941027898,0.028606310649057262,0.00044396388476513086,259.6799560546874,-203.99997558593748,148.6849609374999,267.84002075195315,198.24001464843752,399.5903808593748,151.6799560546874,420.4801269531249,790.662353515625,-263.0401367187501,-40.80014648437509,-223.0271972656251,-204.48000488281252,335.03999023437495,109.96484375
1763689245.0753474,8,2,3,-0.5656180920642127,0.1956042653437775,-3.857005436709172,0.0077163362830216485,0.028418242728687138,0.0002457955824434208,252.4800048828124,-199.19998779296873,140.9408203124999,255.84002075195315,188.6400085449219,384.1025878906248,142.0799804687499,415.6800781249999,763.558349609375,-258.2400878906251,-36.00009765625009,-211.4112304687501,-199.6800018310547,325.44001464843745,113.8369140625
1763689245.379781,8,2,3,-0.34108726417777147,0.20423312684571104,-2.848814034617307,0.007202740869164816,0.017606795371012635,5.203504582709773e-05,226.0799804687499,-165.60001220703123,125.45278320312491,227.0400329589844,145.43999633789065,326.0225097656248,115.67995605468741,358.0799804687499,655.142333984375,-231.8399414062501,-33.59995117187509,-184.3072265625001,-166.07999572753909,272.63996582031245,109.96484375
1763689245.4824247,8,2,3,-0.3415282170358932,0.1673535549183302,-2.452754685367645,0.005352281302113458,0.017626984902391472,0.0005014025850092743,216.4800048828124,-153.60001220703123,133.1969238281249,210.24004516601565,138.24001464843752,302.7905761718748,108.48000488281241,336.4801269531249,608.678466796875,-212.6399902343751,-31.20004882812509,-176.5632080078126,-154.07999572753909,258.23994140624995,113.8369140625
1763689245.781271,8,2,3,-0.2232676036693989,0.08614972107796082,-1.4499311476280154,0.002739650995506245,0.008832199510220472,0.00069638271246864,173.2799316406249,-127.19998779296873,113.83681640624991,171.84002075195315,99.83999023437502,236.96635742187482,89.27993164062491,269.2799316406249,488.646484375,-174.2400878906251,-31.20004882812509,-133.97122802734384,-120.48000488281252,200.63996582031245,94.476806640625
1763689245.8868248,8,2,3,-0.06677922331335893,0.16918818337172956,-1.165731015219316,0.003359756590205933,0.006302794057358199,1.0080635792197304e-05,156.4800048828124,-112.79996337890623,94.47695312499991,155.0400329589844,95.04000244140627,213.73442382812482,74.87990722656241,247.6800781249999,434.4384765625,-162.2400878906251,-33.59995117187509,-126.22720947265634,-110.8799987792969,176.63996582031245,90.604736328125
1763689246.1825252,8,2,3,-0.13834133755538355,-0.016352707810475167,-0.7410017544660891,-0.0010349827365786297,0.005429119822827866,0.0005500052461136107,130.0799804687499,-91.19998779296873,71.24477539062491,128.6400085449219,71.04000244140627,159.52641601562482,58.07998046874991,206.8800292968749,341.510498046875,-128.6399902343751,-28.80014648437509,-110.73917236328134,-91.67998657226565,143.03999023437495,75.11669921875
1763689246.3849223,8,2,3,-0.05104707346247788,0.08453182006702119,-0.4842876001411915,6.248436669763408e-05,0.0016236860515932083,-6.732165066241676e-05,115.67995605468741,-86.39999999999998,67.37294921874991,111.84002075195315,54.2399841308594,140.16655273437482,53.27993164062491,180.4800048828124,318.278564453125,-116.63999023437509,-21.59995117187509,-95.25119628906259,-82.08001098632815,126.23994140624995,67.372802734375
1763689246.4757857,8,2,3,-0.01964534234512314,0.04845201061028439,-0.4153810209836819,0.0004667112708953572,0.0006306929105218813,-0.0003508894029614172,106.07998046874991,-76.79996337890623,59.62880859374991,102.24001464843752,56.6400085449219,132.42241210937482,53.27993164062491,173.2800537109374,298.91845703125,-111.83994140625009,-21.59995117187509,-91.37918701171884,-79.67998657226565,121.44001464843745,59.62890625
1763689246.5885706,8,2,3,-0.08659104395429934,0.07066794233514898,-0.45042293734861355,0.00011472932430153478,0.0029648059391856516,0.00010307806085766726,101.27993164062491,-79.19998779296873,59.62880859374991,97.44002685546877,59.04000244140627,132.42241210937482,50.87990722656241,158.8800292968749,279.558349609375,-104.63999023437509,-21.59995117187509,-87.50717773437509,-77.27999267578127,114.23994140624995,59.62890625
1763689246.6783042,8,2,3,-0.002772312206120734,0.034355703567790954,-0.24882308368078254,0.00039013105020266705,0.0014460330188886073,-0.0006031269999800964,101.27993164062491,-76.79996337890623,51.88491210937491,90.24001464843752,56.6400085449219,116.93413085937482,43.67995605468741,151.6799560546874,271.814453125,-104.63999023437509,-19.20004882812509,-87.50717773437509,-74.8799987792969,109.44001464843745,51.884765625
1763689246.70583,8,2,3,-0.000976853577811668,0.03569757062258294,-0.21658197575354507,9.032286502388487e-05,0.0010476532743954145,-0.00012404408715861452,96.48000488281241,-79.19998779296873,55.75673828124991,87.84002075195315,54.2399841308594,128.55034179687482,46.07998046874991,151.6799560546874,267.9423828125,-104.63999023437509,-19.20004882812509,-83.63522949218759,-70.08001098632815,111.84003906249995,51.884765625
1763689246.8002417,8,2,3,-0.06146773940099792,0.01115513490649445,-0.25167562615702277,-0.0003277014454301,0.003906707943328581,-0.0003698316010734611,91.67995605468741,-71.99997558593748,48.01284179687491,83.04000244140627,47.04000244140627,109.19047851562482,48.48000488281241,146.8800292968749,256.326416015625,-99.83994140625009,-19.20004882812509,-79.76322021484384,-72.48000488281252,99.84003906249995,51.884765625
1763689246.9888046,8,2,3,0.21777480716160824,-0.19365449795175932,-0.2168588368151546,-0.0029005306118475935,-0.0018669069138998325,-0.0001970804080262457,0,0,0,0,0,0,0,0,0,0,0,0,0,0,0
1763689247.2987723,8,2,3,-0.33386833688531914,0.4608797014739098,-0.20777233494083602,0.009194333120991766,0.005467699203334783,0.00043159811068479905,67.67995605468741,-71.99997558593748,32.52480468749991,71.04000244140627,35.04000244140627,70.47026367187482,41.27993164062491,118.07998046874991,217.6064453125,-83.04013671875009,-12.000097656250091,-72.01920166015634,-58.08001098632815,83.03999023437495,36.396728515625
1763689250.7736716,8,2,3,0.02244586588977087,0.013601068592894804,-0.2035176568643808,-0.0012304303855963298,-0.0013262357132894378,0.000110682982707842,46.07998046874991,-55.19998779296873,5.420800781249909,39.84002075195315,25.439996337890648,24.006396484374818,38.87990722656241,77.28005371093741,136.29443359375,-49.44003906250009,-9.765625009094947e-05,-60.40317382812509,-43.67998657226565,54.239941406249955,5.4208984375
1763689252.609506,8,2,3,0.013098118286350074,0.009273036132286602,-0.21947375470965724,-0.0011019213377530773,-0.0013391817157386095,0.00018415540571375364,41.27993164062491,-57.60001220703123,1.548730468749909,42.24001464843752,32.6400085449219,35.62236328124982,36.48000488281241,70.07998046874991,140.16650390625,-49.44003906250009,-9.765625009094947e-05,-60.40317382812509,-43.67998657226565,51.840039062499955,5.4208984375
1763689252.7858672,8,2,3,0.0022749737967539888,0.00797543893397527,-0.201557298829606,-0.0008117388982591075,0.00027357881086217234,-0.000824011860371638,46.07998046874991,-57.60001220703123,1.548730468749909,42.24001464843752,27.839990234375023,27.878466796874818,38.87990722656241,72.48000488281241,144.038330078125,-51.83994140625009,-2.400000000000091,-64.27518310546884,-46.08001098632815,51.840039062499955,5.4208984375
1763689252.9906404,8,2,3,-0.0025926056343887477,0.0024330669888308542,-0.29002824695113405,-0.0017004771879236364,0.0003710473914759389,0.00015740261839406643,53.27993164062491,-57.60001220703123,9.292871093749909,54.24001464843752,32.6400085449219,47.23833007812482,38.87990722656241,82.07998046874991,151.782470703125,-56.63999023437509,-2.400000000000091,-68.14719238281259,-50.8799987792969,59.039990234374955,13.164794921875
1763689253.0815542,8,2,3,0.012203174660972895,-0.01656518336816794,-0.25524230295429273,-0.0013409840967800884,0.00016600342041863203,1.6579376419233787e-05,48.48000488281241,-52.79996337890623,1.548730468749909,51.84002075195315,35.04000244140627,54.98247070312482,38.87990722656241,84.48000488281241,155.654541015625,-59.04013671875009,-2.400000000000091,-72.01920166015634,-46.08001098632815,66.23994140624995,17.036865234375
1763689253.2870953,8,2,3,0.03205124160895901,0.04441869220041056,-0.4364168718773205,0.00027216654995662766,0.0012034722776120017,0.00011003843884539701,58.07998046874991,-57.60001220703123,24.78090820312491,61.44002685546877,39.83999023437502,62.72636718749982,41.27993164062491,96.48000488281241,175.014404296875,-71.04013671875009,-9.599951171875091,-72.01920166015634,-46.08001098632815,71.03999023437495,13.164794921875
1763689253.379151,8,2,3,0.01944873134529715,0.06062513596270417,-0.3891454857518497,-0.0006036451001661699,0.0018655979291817293,-0.00019084030079933098,65.27993164062491,-57.60001220703123,32.52480468749991,68.6400085449219,44.6400085449219,82.08623046874982,43.67995605468741,103.67995605468741,198.246337890625,-78.24008789062509,-12.000097656250091,-75.89121093750009,-53.27999267578127,75.84003906249995,24.78076171875
1763689253.4881303,8,2,3,-0.07123560987316555,0.0778752431553551,-0.41676981203483077,0.0005176187519923277,0.0035890956886341554,0.00019446420725078792,72.48000488281241,-62.39999999999998,32.52480468749991,71.04000244140627,42.2399841308594,85.95854492187482,43.67995605468741,118.07998046874991,229.222412109375,-80.63999023437509,-14.400000000000091,-68.14719238281259,-62.8799987792969,90.23994140624995,32.52490234375
1763689253.5811641,8,2,3,0.042896992453098526,0.07582732966724846,-0.6327473740386058,0.0018130502655194249,0.001107208811809447,4.379990122720809e-05,84.48000488281241,-69.60001220703123,51.88491210937491,80.6400085449219,49.43999633789065,109.19047851562482,48.48000488281241,137.2800537109374,240.83837890625,-90.24008789062509,-21.59995117187509,-79.76322021484384,-62.8799987792969,97.44001464843745,44.140869140625
1763689253.674543,8,2,3,-0.1626381678047793,0.058361414250399576,-0.7333762081680737,0.0010555839382266046,0.007070228763925194,8.522906784307212e-06,0,0,0,0,0,0,0,0,0,0,0,0,0,0,0
1763689254.0795026,8,2,3,-0.23941473335029462,0.0941558070952964,-1.520441277430517,0.002232884115474798,0.011679413891938769,-0.00011282348530416422,130.0799804687499,-88.79996337890623,78.98891601562491,133.44002685546877,75.83999023437502,198.24614257812482,67.67995605468741,209.2799316406249,376.3583984375,-140.6399902343751,-31.20004882812509,-106.86722412109384,-89.27999267578127,157.44001464843745,75.11669921875
1763689254.189503,8,2,3,-0.1798892522276861,0.12130616181316295,-1.8162030700671672,0.004409788365596137,0.010035213262722236,0.000178874780978811,144.4800048828124,-95.99997558593748,90.60488281249991,147.84002075195315,83.04000244140627,213.73442382812482,72.48000488281241,226.0799804687499,407.33447265625,-147.8399414062501,-26.40000000000009,-118.48319091796884,-98.8799987792969,167.03999023437495,78.98876953125
1763689254.281762,8,2,3,-0.214537461334044,0.16530336957253347,-1.8317113223677821,0.0047368589278665935,0.011643228647932494,-0.00014128441782881277,149.2799316406249,-103.19998779296873,94.47695312499991,155.0400329589844,92.6400085449219,229.22221679687482,82.07998046874991,240.4801269531249,426.6943359375,-162.2400878906251,-31.20004882812509,-126.22720947265634,-98.8799987792969,179.03999023437495,90.604736328125
1763689254.3758936,8,2,3,-0.26228380226230935,0.17411958317269263,-2.01359749169389,0.005566228397748614,0.013824835971936763,-0.00020266208254585485,166.0799804687499,-105.60001220703123,106.09291992187491,167.0400329589844,104.6400085449219,256.3262207031248,74.87990722656241,254.8800292968749,449.926513671875,-167.0401367187501,-33.59995117187509,-137.84317626953134,-103.67998657226565,195.84003906249995,90.604736328125
1763689254.4850712,8,2,3,-0.3421994470189582,0.13745761616392946,-2.266728068966112,0.0053114701289816435,0.017578943873456314,-0.0003678884572137107,178.0799804687499,-117.60001220703123,113.83681640624991,176.6400085449219,107.04000244140627,260.1982910156248,86.87990722656241,269.2799316406249,484.7744140625,-174.2400878906251,-33.59995117187509,-137.84317626953134,-113.27999267578127,210.23994140624995,94.476806640625
1763689254.878144,8,2,3,-0.4180795511265834,0.13100221920381194,-3.1255308094546734,0.005806674543489804,0.022902988652847848,0.0005805741946550065,204.4800048828124,-139.19998779296873,125.45278320312491,212.6400085449219,145.43999633789065,314.4062988281248,106.07998046874991,322.0799804687499,589.318359375,-210.2400878906251,-40.80014648437509,-168.8191894531251,-142.07999572753909,251.03999023437495,106.0927734375
1763689255.080909,8,2,3,-0.4631643138472236,0.19818526568898343,-3.563772482440937,0.00616217118369661,0.027546337829893516,3.0043180779297345e-05,226.0799804687499,-160.79996337890623,133.1969238281249,227.0400329589844,162.24001464843752,341.5103027343748,120.48000488281241,358.0799804687499,655.142333984375,-227.0401367187501,-43.20004882812509,-188.1791748046876,-163.6800018310547,282.23994140624995,109.96484375
1763689255.189483,8,2,3,-0.5456763467853585,0.1528069396098664,-3.7105273777961503,0.0067381392446046375,0.028818205012946206,0.0002194039399117209,233.2799316406249,-167.99997558593748,137.0687499999999,236.6400085449219,162.24001464843752,356.9985839843748,127.67995605468741,372.4801269531249,682.246337890625,-239.0401367187501,-38.40000000000009,-192.05118408203134,-173.28000793457034,289.44001464843745,117.708740234375
1763689255.2496123,8,2,3,-0.5287664713037852,0.12393537757489075,-3.795541057140119,0.006476504780773914,0.028481041541518183,-4.428385804435345e-05,0,0,0,0,0,0,0,0,0,0,0,0,0,0,0
1763689255.3772993,8,2,3,-0.5969510029220612,0.20771123496823202,-4.26832676227833,0.006469578123602484,0.032831864573341224,9.350263792938301e-05,254.8800292968749,-184.79996337890623,137.0687499999999,255.84002075195315,193.43999633789065,384.1025878906248,132.4800048828124,401.2799316406249,732.58251953125,-253.4400390625001,-36.00009765625009,-211.4112304687501,-190.08001098632815,315.84003906249995,109.96484375
1763689255.4672966,8,2,3,-0.6526023121962415,0.18684218891827545,-4.280908216268952,0.007115356580604743,0.03379525542740932,-6.218179220011553e-05,259.6799560546874,-194.39999999999998,137.0687499999999,260.6400085449219,193.43999633789065,387.9741699218748,142.0799804687499,420.4801269531249,763.558349609375,-260.6399902343751,-38.40000000000009,-219.15518798828134,-194.8799987792969,325.44001464843745,113.8369140625
1763689255.562553,8,2,3,-0.6300969279953711,0.17700192820746363,-4.627946436370025,0.005430203982547138,0.03586033816009593,0.0009804169822794457,266.8800292968749,-199.19998779296873,148.6849609374999,270.24004516601565,205.43999633789065,407.3345214843748,151.6799560546874,430.0799804687499,786.79052734375,-263.0401367187501,-36.00009765625009,-238.51517333984384,-209.28000793457034,342.24006347656245,109.96484375
1763689255.6738756,8,2,3,-0.7051199754177906,0.22268269779934777,-5.075258133535307,0.006810446139779356,0.03787569458796616,0.0007453222626998294,278.8800292968749,-215.99997558593748,144.8128906249999,282.24004516601565,224.6400085449219,422.8223144531248,158.8799072265624,454.0799804687499,829.38232421875,-277.4400390625001,-40.80014648437509,-250.1312011718751,-223.6800018310547,354.24006347656245,113.8369140625
1763689255.7837808,8,2,3,-0.6899496877625071,0.19699604473300958,-5.415139514978705,0.005176271510561201,0.03525432302376246,0.00046199626658307257,0,0,0,0,0,0,0,0,0,0,0,0,0,0,0
1763689255.8588192,8,2,3,-0.7104427552444378,0.20554913640348593,-5.463073690933438,0.005900838243056797,0.03599284451145313,0.0007602927371014,288.4800048828124,-230.39999999999998,144.8128906249999,296.6400085449219,243.84002075195315,442.1821777343748,170.8799072265624,480.4801269531249,883.59033203125,-284.6399902343751,-40.80014648437509,-265.61917724609384,-238.08001098632815,378.24006347656245,98.348876953125
1763689256.174482,8,2,3,-0.9571560130524793,0.18405625578262147,-6.627171661814839,0.005219962090878284,0.048655128204248235,0.00026934597838470034,302.8800292968749,-259.1999877929687,137.0687499999999,315.84002075195315,299.0400329589844,496.3901855468748,197.2799316406249,523.6800781249999,995.87841796875,-311.0401367187501,-43.20004882812509,-292.72318115234384,-269.28000793457034,428.63996582031245,78.98876953125
1763689256.3825054,8,2,3,-1.0081372765108885,0.28118799682695483,-7.334973046390161,0.005262359960312159,0.05207979622283249,0.000400105160366376,326.8800292968749,-278.4,125.45278320312491,342.24004516601565,335.0400329589844,523.4941894531248,214.0799804687499,557.2799316406249,1034.598388671875,-318.2400878906251,-38.40000000000009,-327.57120361328134,-293.28000793457034,459.84003906249995,67.372802734375
1763689256.4746165,8,2,3,-1.0783265630362293,0.2379355888654977,-7.663134660750556,0.006811531359921132,0.05305386326061978,0.0005285978898084999,329.2799316406249,-287.9999755859375,133.1969238281249,351.84002075195315,344.6400085449219,531.2383300781248,226.0799804687499,566.8800292968749,1069.446533203125,-318.2400878906251,-36.00009765625009,-331.4432128906251,-298.08001098632815,464.63996582031245,55.7568359375
1763689256.5830915,8,2,3,-0.9543867906636923,0.2743930306380741,-7.785150089400948,0.010308198775221681,0.04875106504522292,0.00018273133814880865,334.0799804687499,-295.1999877929687,121.58095703124991,356.6400085449219,356.6400085449219,538.9824707031248,228.4800048828124,581.2799316406249,1081.0625,-323.0401367187501,-38.40000000000009,-343.0591796875001,-307.68000946044924,471.84003906249995,51.884765625
1763689256.676464,8,2,3,-1.0518320232773042,0.24149667526799656,-7.825444360162857,0.008478245037294814,0.05246002323025444,0.00047731373745400936,334.0799804687499,-295.1999877929687,121.58095703124991,354.24004516601565,354.2399841308594,542.8545410156248,238.0799804687499,583.6800781249999,1081.0625,-323.0401367187501,-33.59995117187509,-339.18717041015634,-310.08001098632815,471.84003906249995,44.140869140625
1763689256.8807297,8,2,3,-1.0035629210170278,0.2690828722984018,-7.5003596209344945,0.00982317828169531,0.05023238640382862,4.88609989758651e-05,329.2799316406249,-297.6000122070312,117.70888671874991,354.24004516601565,354.2399841308594,535.1104003906248,235.6799560546874,574.0799804687499,1088.806396484375,-323.0401367187501,-36.00009765625009,-335.31522216796884,-310.08001098632815,474.24006347656245,48.0126953125
1763689256.987244,8,2,3,-0.9771390094966972,0.25047870957626994,-7.416477538294915,0.009725767186306872,0.04851291503316569,0.0004704187385945052,331.6799560546874,-297.6000122070312,121.58095703124991,351.84002075195315,349.43999633789065,538.9824707031248,238.0799804687499,581.2799316406249,1088.806396484375,-323.0401367187501,-33.59995117187509,-331.4432128906251,-312.4800048828125,474.24006347656245,55.7568359375
1763689257.176787,8,2,3,-0.952688494039696,0.2646045442427483,-7.230869622260006,0.01023655065486377,0.04851548099741552,0.0005375794825586014,331.6799560546874,-299.9999755859375,117.70888671874991,359.0400329589844,354.2399841308594,531.2383300781248,235.6799560546874,578.8800292968749,1088.806396484375,-320.6399902343751,-36.00009765625009,-339.18717041015634,-310.08001098632815,471.84003906249995,40.268798828125
1763689257.3829036,8,2,3,-0.9587238797589075,0.27116217856752356,-7.265941838780484,0.009788198798115127,0.048081109774545557,0.000913361856116829,329.2799316406249,-297.6000122070312,125.45278320312491,354.24004516601565,349.43999633789065,531.2383300781248,233.2799316406249,578.8800292968749,1081.0625,-318.2400878906251,-33.59995117187509,-331.4432128906251,-305.28000793457034,474.24006347656245,40.268798828125
1763689257.4768028,8,2,3,-0.9418230242951547,0.2844678040577965,-7.2139930665027405,0.010087723338766268,0.04710322913191074,0.0007753850780608685,326.8800292968749,-297.6000122070312,113.83681640624991,356.6400085449219,347.0400329589844,538.9824707031248,230.8799072265624,576.4801269531249,1084.934326171875,-320.6399902343751,-33.59995117187509,-335.31522216796884,-310.08001098632815,471.84003906249995,44.140869140625
1763689257.6778026,8,2,3,-0.901763111957125,0.2526365480782081,-7.061808382642269,0.010561489849303001,0.046226640268890645,0.0009123853560595689,329.2799316406249,-297.6000122070312,129.3248535156249,354.24004516601565,349.43999633789065,535.1104003906248,238.0799804687499,576.4801269531249,1081.0625,-320.6399902343751,-28.80014648437509,-335.31522216796884,-310.08001098632815,471.84003906249995,51.884765625
1763689257.78602,8,2,3,-0.901671946406679,0.28226356690156706,-7.111225001114027,0.010782152277124033,0.04622124732506825,0.0006585456141317437,329.2799316406249,-299.9999755859375,125.45278320312491,347.0400329589844,347.0400329589844,535.1104003906248,233.2799316406249,576.4801269531249,1084.934326171875,-318.2400878906251,-28.80014648437509,-335.31522216796884,-307.68000946044924,476.63996582031245,44.140869140625
1763689257.8810549,8,2,3,-0.9286670730465432,0.287245667459758,-6.957391908653341,0.011197932951826193,0.04647778212408516,0.0006368989063079093,0,0,0,0,0,0,0,0,0,0,0,0,0,0,0
1763689258.0813107,8,2,3,-0.8983982835515174,0.24419228595682427,-7.013523114804571,0.009840027510626927,0.045632339681275294,0.0008488899364371425,331.6799560546874,-302.4,125.45278320312491,356.6400085449219,349.43999633789065,535.1104003906248,235.6799560546874,578.8800292968749,1084.934326171875,-318.2400878906251,-31.20004882812509,-339.18717041015634,-310.08001098632815,469.44001464843745,51.884765625
1763689258.1761467,8,2,3,-0.8926021477459083,0.2783581478002137,-6.875571384923979,0.010823820455246528,0.0457985135345866,0.0005867429542340732,324.4800048828124,-295.1999877929687,125.45278320312491,351.84002075195315,344.6400085449219,535.1104003906248,238.0799804687499,578.8800292968749,1088.806396484375,-323.0401367187501,-31.20004882812509,-335.31522216796884,-305.28000793457034,479.03999023437495,48.0126953125
1763689258.2897716,8,2,3,-0.90818750853491,0.267987323305617,-6.826014310125391,0.010413681077738575,0.04593479482253319,0.000525497518343669,326.8800292968749,-299.9999755859375,129.3248535156249,351.84002075195315,347.0400329589844,535.1104003906248,235.6799560546874,576.4801269531249,1088.806396484375,-315.8399414062501,-36.00009765625009,-335.31522216796884,-310.08001098632815,474.24006347656245,51.884765625
1763689258.3863769,8,2,3,-0.9253547113231295,0.29813133418035787,-6.976508027711358,0.01062107205191756,0.04605635690228221,0.0009392088578201035,331.6799560546874,-295.1999877929687,121.58095703124991,351.84002075195315,349.43999633789065,523.4941894531248,230.8799072265624,576.4801269531249,1084.934326171875,-320.6399902343751,-28.80014648437509,-335.31522216796884,-307.68000946044924,476.63996582031245,51.884765625
1763689258.4875503,8,2,3,-0.8752712912139122,0.2617121700074707,-6.90953897173239,0.010690127740128992,0.04489673876398158,0.0006533750171298647,329.2799316406249,-302.4,125.45278320312491,351.84002075195315,342.2399841308594,527.3662597656248,230.8799072265624,576.4801269531249,1084.934326171875,-318.2400878906251,-31.20004882812509,-335.31522216796884,-307.68000946044924,474.24006347656245,51.884765625
1763689258.7833512,8,2,3,-0.8643806654990082,0.25556054840999,-6.844376892253323,0.0101483749282055,0.0449017451569009,0.00028385610892320626,331.6799560546874,-299.9999755859375,121.58095703124991,354.24004516601565,347.0400329589844,535.1104003906248,235.6799560546874,574.0799804687499,1088.806396484375,-315.8399414062501,-31.20004882812509,-343.0591796875001,-305.28000793457034,471.84003906249995,48.0126953125
1763689258.811483,8,2,3,-0.8898483182437179,0.28033557783614915,-6.792693435030683,0.010368279839177319,0.04512076993872124,0.0006140178780936895,326.8800292968749,-299.9999755859375,121.58095703124991,349.43999633789065,347.0400329589844,531.2383300781248,238.0799804687499,574.0799804687499,1096.550537109375,-315.8399414062501,-26.40000000000009,-335.31522216796884,-305.28000793457034,474.24006347656245,51.884765625
1763689258.9852982,8,2,3,-0.9095119366107315,0.2798019677200162,-6.840881950926194,0.01084610205654453,0.0455736704262962,0.0005991472923950678,331.6799560546874,-299.9999755859375,125.45278320312491,354.24004516601565,347.0400329589844,523.4941894531248,233.2799316406249,576.4801269531249,1077.1904296875,-320.6399902343751,-26.40000000000009,-335.31522216796884,-305.28000793457034,474.24006347656245,48.0126953125
1763689259.077035,8,2,3,-0.8524987469213254,0.27066144832401107,-6.830418193268798,0.009619784296635098,0.04459500283108733,0.0007541644222920007,329.2799316406249,-297.6000122070312,125.45278320312491,354.24004516601565,351.84002075195315,527.3662597656248,235.6799560546874,576.4801269531249,1084.934326171875,-318.2400878906251,-33.59995117187509,-331.4432128906251,-307.68000946044924,474.24006347656245,48.0126953125
1763689259.1061747,8,2,3,-0.8873877568151947,0.28994011700376765,-6.760507399268326,0.009950445791339406,0.04500288604131406,0.0004664411124461164,329.2799316406249,-297.6000122070312,117.70888671874991,351.84002075195315,349.43999633789065,531.2383300781248,233.2799316406249,578.8800292968749,1084.934326171875,-320.6399902343751,-31.20004882812509,-335.31522216796884,-310.08001098632815,469.44001464843745,51.884765625
1763689259.2787337,8,2,3,-0.9088719820908068,0.24137562018804026,-6.631612648007439,0.008587131173425865,0.04593190001894398,0.0009802098578223358,322.0799804687499,-287.9999755859375,129.3248535156249,344.6400085449219,337.43999633789065,523.4941894531248,226.0799804687499,564.4801269531249,1065.574462890625,-318.2400878906251,-28.80014648437509,-327.57120361328134,-300.4800048828125,464.63996582031245,55.7568359375
1763689259.3894649,8,2,3,-0.9042275998251909,0.24222081909506812,-6.297006049945555,0.007847004054859082,0.045271461167933354,0.0003926169891407894,324.4800048828124,-283.1999877929687,129.3248535156249,344.6400085449219,325.43999633789065,508.0063964843748,216.4800048828124,550.0799804687499,1038.470458984375,-315.8399414062501,-31.20004882812509,-319.82718505859384,-288.4800048828125,457.44001464843745,55.7568359375
1763689259.4939153,8,2,3,-0.8627635686680026,0.21335768427096205,-5.993112229442701,0.00823142506920069,0.04355499428389442,0.0005829647098648172,317.2799316406249,-275.9999755859375,133.1969238281249,330.24004516601565,308.6400085449219,500.2622558593748,216.4800048828124,542.8800292968749,1015.238525390625,-308.6399902343751,-26.40000000000009,-308.21121826171884,-283.68000946044924,443.03999023437495,67.372802734375
1763689259.695234,8,2,3,-0.6195751307914144,0.2931439602444886,-5.224543141458213,0.011593055311065924,0.03315911766689566,0.0008615564849463139,295.6799560546874,-266.4,140.9408203124999,313.43999633789065,265.43999633789065,465.4141113281248,206.8799072265624,511.6800781249999,968.7744140625,-294.2400878906251,-28.80014648437509,-277.2352050781251,-264.4800048828125,414.24006347656245,82.86083984375
1763689259.7876763,8,2,3,-0.4797306252470151,0.3196886264402534,-4.775189031295336,0.014226721357452277,0.024645926733619553,0.0011067801888782428,293.2799316406249,-247.19998779296873,140.9408203124999,306.24004516601565,260.6400085449219,453.7983886718748,190.0799804687499,492.4801269531249,926.182373046875,-291.8399414062501,-31.20004882812509,-269.4911865234376,-252.48000488281252,402.24006347656245,82.86083984375
1763689259.9806774,8,2,3,-0.38835925284796735,0.2597592430753468,-3.7636849900938527,0.011187643601366343,0.024041288332714836,0.0004430910522296408,271.6799560546874,-227.99997558593748,144.8128906249999,279.84002075195315,219.83999023437502,415.0781738281248,163.6799560546874,449.2799316406249,844.870361328125,-270.2400878906251,-26.40000000000009,-238.51517333984384,-221.28000793457034,363.84003906249995,102.220703125
1763689260.279645,8,2,3,-0.37182747580248066,0.31376159693657896,-2.5493909646160353,0.006044506539448677,0.015879907128524138,0.0013168205478618629,235.6799560546874,-184.79996337890623,129.3248535156249,236.6400085449219,167.04000244140627,337.6382324218748,130.0799804687499,382.0799804687499,682.246337890625,-234.2400878906251,-26.40000000000009,-199.79520263671884,-182.8799987792969,294.23994140624995,109.96484375
1763689260.3869922,8,2,3,-0.19066038853565587,-0.0024544721692439445,-2.2072012992339096,0.006038546634343669,0.020900016471512097,0.0002160366335244875,209.2799316406249,-167.99997558593748,140.9408203124999,215.0400329589844,145.43999633789065,329.8945800781248,125.27993164062491,338.8800292968749,662.886474609375,-224.6399902343751,-28.80014648437509,-176.5632080078126,-168.48000488281252,279.84003906249995,102.220703125
1763689260.4820516,8,2,3,-0.41481592357041813,0.3608711982468826,-1.901359145347639,0.005821188158836367,0.00892823885359521,0.0005255146472274612,204.4800048828124,-163.19998779296873,125.45278320312491,212.6400085449219,138.24001464843752,302.7905761718748,115.67995605468741,326.8800292968749,616.42236328125,-212.6399902343751,-26.40000000000009,-172.69119873046884,-156.48000488281252,255.84003906249995,113.8369140625
1763689260.576076,8,2,3,-0.3047794671256455,0.23426369729475793,-1.6966558448269526,0.0044783650221373395,0.013443171389981986,0.00013520715994661155,199.6799560546874,-148.79996337890623,117.70888671874991,207.84002075195315,126.24001464843752,283.4302246093748,106.07998046874991,317.2799316406249,573.83056640625,-195.8399414062501,-24.00009765625009,-161.0751708984376,-149.28000793457034,234.23994140624995,106.0927734375
1763689260.8866513,8,2,3,-0.12003377551709277,-0.045723428961151925,-1.1385741652417003,0.00010561264843273301,0.004422474745966257,-0.00044477412508070225,166.0799804687499,-119.99997558593748,102.22084960937491,167.0400329589844,95.04000244140627,229.22221679687482,89.27993164062491,259.6800781249999,465.41455078125,-164.6399902343751,-26.40000000000009,-133.97122802734384,-122.8799987792969,188.63996582031245,86.73291015625
1763689260.9812417,8,2,3,-0.07030373308812969,0.10728915426996008,-0.9346269993673256,0.0019286912494808366,0.005410822453583508,0.00016982315060850596,158.8800292968749,-117.60001220703123,98.34877929687491,155.0400329589844,95.04000244140627,213.73442382812482,77.27993164062491,250.0799804687499,446.054443359375,-162.2400878906251,-28.80014648437509,-133.97122802734384,-115.67998657226565,183.84003906249995,94.476806640625
1763689261.0891635,8,2,3,-0.09781010091730588,0.061998055788161824,-0.8491795118939054,0.0019027635089358765,0.00586031899804014,-0.0002646291103036903,151.6799560546874,-110.39999999999998,94.47695312499991,147.84002075195315,83.04000244140627,205.99028320312482,77.27993164062491,238.0799804687499,422.822509765625,-157.4400390625001,-24.00009765625009,-122.35520019531259,-108.48000488281252,171.84003906249995,86.73291015625
1763689261.1824105,8,2,3,-0.05109776682850558,0.04250123145359638,-0.7178518721201619,0.0011397615986755052,0.003963907132260893,-6.364988198990493e-05,144.4800048828124,-105.60001220703123,86.73281249999991,143.04000244140627,80.6400085449219,186.63041992187482,74.87990722656241,233.2799316406249,403.46240234375,-145.4400390625001,-26.40000000000009,-114.61118164062509,-108.48000488281252,162.23994140624995,78.98876953125
1763689261.385236,8,2,3,-0.13573886635424226,-0.007037630799699421,-0.6076429266621595,-0.0014299002499012215,0.005325045980833902,0.00020415078764178583,137.2799316406249,-98.39999999999998,75.11684570312491,131.04000244140627,71.04000244140627,167.27055664062482,62.87990722656241,206.8800292968749,353.12646484375,-133.4400390625001,-24.00009765625009,-106.86722412109384,-91.67998657226565,150.23994140624995,78.98876953125
1763689261.589216,8,2,3,-0.08264183362330685,0.01426962661031355,-0.2715841780140504,-0.001323395764163774,0.004258177867460967,-0.0004595576226430647,120.48000488281241,-93.60001220703123,71.24477539062491,114.24001464843752,66.2399841308594,144.03813476562482,58.07998046874991,185.2800537109374,318.278564453125,-116.63999023437509,-16.80014648437509,-102.99521484375009,-86.8799987792969,131.03999023437495,67.372802734375
1763689261.6789517,8,2,3,-0.05727626870479073,0.043022602333297175,-0.3716876070278576,-0.0009257509105563676,0.0031787242576896057,5.079124703880034e-05,113.27993164062491,-83.99997558593748,59.62880859374991,104.6400085449219,63.83999023437502,136.29448242187482,50.87990722656241,175.6799560546874,306.662353515625,-114.24008789062509,-21.59995117187509,-95.25119628906259,-77.27999267578127,126.23994140624995,63.500732421875
1763689261.7886102,8,2,3,-0.13444550487353157,0.011247249417228267,-0.287471874317687,-0.0013704119453357394,0.005451424708739149,-0.00046462540228514983,108.48000488281241,-83.99997558593748,59.62880859374991,104.6400085449219,61.43999633789065,140.16655273437482,50.87990722656241,166.0799804687499,287.302490234375,-111.83994140625009,-16.80014648437509,-99.12320556640634,-72.48000488281252,121.44001464843745,59.62890625
1763689261.8833973,8,2,3,-0.107206038888501,0.015004427128382885,-0.25607917288616566,-0.0016638536063560147,0.005402938371209205,-0.0005333654804293253,98.88002929687491,-83.99997558593748,51.88491210937491,97.44002685546877,61.43999633789065,132.42241210937482,46.07998046874991,158.8800292968749,283.430419921875,-109.44003906250009,-19.20004882812509,-99.12320556640634,-77.27999267578127,111.84003906249995,55.7568359375
1763689261.9261258,8,2,3,-0.12260185727081488,0.02553592391371541,-0.24009594944968807,-0.0018971329121572772,0.0053361194275732505,1.774242193906231e-05,101.27993164062491,-79.19998779296873,51.88491210937491,95.04000244140627,56.6400085449219,124.67827148437482,50.87990722656241,158.8800292968749,267.9423828125,-102.24008789062509,-19.20004882812509,-95.25119628906259,-74.8799987792969,109.44001464843745,48.0126953125
1763689262.1795037,8,2,3,-0.06626926455600672,0.04555534278850806,-0.2454872012073787,0.0011416697925162565,0.0031199644464027236,-0.00012982431873435364,86.88002929687491,-69.60001220703123,51.88491210937491,80.6400085449219,54.2399841308594,109.19047851562482,43.67995605468741,139.6799560546874,252.454345703125,-95.04013671875009,-16.80014648437509,-83.63522949218759,-67.67998657226565,102.23994140624995,44.140869140625
1763689268.1820877,8,2,3,0.059527448792849075,0.09837300120165464,-0.21460750523480543,0.0008073851891477367,-0.00144492898164123,0.00018613180485100488,53.27993164062491,-57.60001220703123,13.164941406249909,54.24001464843752,37.43999633789065,39.49443359374982,38.87990722656241,86.88002929687491,159.5263671875,-59.04013671875009,-2.400000000000091,-68.14719238281259,-48.48000488281252,63.840039062499955,9.292724609375
1763689268.47872,8,2,3,0.013072055223092186,0.0697399521399475,-0.3384222948563551,-0.0008368632175979779,0.0007948355531928989,-1.838056310536466e-05,62.88002929687491,-55.19998779296873,13.164941406249909,63.84002075195315,39.83999023437502,58.85429687499982,43.67995605468741,101.28005371093741,182.758544921875,-68.63999023437509,-9.599951171875091,-75.89121093750009,-50.8799987792969,73.44001464843745,20.90869140625
1763689268.788577,8,2,3,-0.07565723514949653,0.1663557090170462,-0.4485598337502529,0.0005590845425158478,0.0023010433750694833,-0.00021565927425475236,74.88002929687491,-69.60001220703123,32.52480468749991,73.44002685546877,44.6400085449219,89.83012695312482,48.48000488281241,125.28005371093741,221.478515625,-85.44003906250009,-12.000097656250091,-79.76322021484384,-67.67998657226565,95.03999023437495,28.65283203125
1763689268.8803163,8,2,3,0.03860554784128944,0.07893684395142563,-0.577374488475886,0.002860909034243876,0.000608729899528117,-0.00016674683941476887,84.48000488281241,-71.99997558593748,44.14077148437491,83.04000244140627,47.04000244140627,101.44633789062482,43.67995605468741,137.2800537109374,244.71044921875,-90.24008789062509,-16.80014648437509,-83.63522949218759,-65.27999267578127,99.84003906249995,40.268798828125
1763689268.9892812,8,2,3,-0.10227904973501459,0.05831343802814633,-0.8355565507025753,0.0010542493053332393,0.005411096572044061,0.00028405145285582316,0,0,0,0,0,0,0,0,0,0,0,0,0,0,0
1763689269.0816164,8,2,3,-0.08723893718720378,0.12075836796071768,-0.8731547120016239,0.0040699519772089895,0.003919108986452156,-0.0003475563028298096,108.48000488281241,-79.19998779296873,59.62880859374991,102.24001464843752,59.04000244140627,147.91020507812482,60.48000488281241,170.8800292968749,302.79052734375,-114.24008789062509,-26.40000000000009,-99.12320556640634,-70.08001098632815,123.84003906249995,55.7568359375
1763689269.1096284,8,2,3,-0.025592024347643544,0.14609781484465015,-0.9599139662083045,0.003930563323030272,0.003182466451534793,-0.0003037019826865326,110.88002929687491,-81.60001220703123,63.50087890624991,111.84002075195315,63.83999023437502,140.16655273437482,60.48000488281241,175.6799560546874,314.406494140625,-116.63999023437509,-24.00009765625009,-87.50717773437509,-74.8799987792969,131.03999023437495,63.500732421875
1763689269.2197185,8,2,3,-0.06437634344509376,0.08578960320843526,-1.219648178116698,0.0021905641148990624,0.004859949702551224,0.0006963447815329527,122.88002929687491,-88.79996337890623,75.11684570312491,121.44002685546877,75.83999023437502,175.01420898437482,65.27993164062491,194.8800292968749,345.38232421875,-128.6399902343751,-33.59995117187509,-110.73917236328134,-84.48000488281252,145.44001464843745,75.11669921875
1763689269.377642,8,2,3,-0.12492142896301228,0.16872588588892476,-1.6339842458424143,0.004176895781434366,0.009763199130085165,-0.00030885359163431835,142.0799804687499,-93.60001220703123,86.73281249999991,145.44002685546877,90.2399841308594,213.73442382812482,74.87990722656241,221.2799316406249,403.46240234375,-147.8399414062501,-36.00009765625009,-118.48319091796884,-91.67998657226565,171.84003906249995,86.73291015625
1763689269.421654,8,2,3,-0.1270623184849071,0.1796155052453322,-1.5983159424963058,0.0047879657486115165,0.009695248661142856,1.832647575849308e-05,146.8800292968749,-98.39999999999998,90.60488281249991,150.24001464843752,85.43999633789065,217.60649414062482,74.87990722656241,238.0799804687499,422.822509765625,-152.6399902343751,-31.20004882812509,-122.35520019531259,-101.27999267578127,179.03999023437495,82.86083984375
1763689269.5808878,8,2,3,-0.2865204374259577,0.13587404038949052,-2.1680618525066224,0.004693130851632743,0.014851463980305148,-0.00017975201694496934,175.6799560546874,-110.39999999999998,94.47695312499991,174.24004516601565,107.04000244140627,252.45415039062482,82.07998046874991,264.4801269531249,465.41455078125,-176.6399902343751,-36.00009765625009,-133.97122802734384,-110.8799987792969,195.84003906249995,98.348876953125
1763689269.689261,8,2,3,-0.2971834218219134,0.15561641443760305,-2.4293017482692476,0.0030957153310817442,0.017116845923919193,0.000656957961953389,178.0799804687499,-122.39999999999998,106.09291992187491,183.84002075195315,111.83999023437502,264.0703613281248,89.27993164062491,278.8800292968749,504.134521484375,-183.8399414062501,-33.59995117187509,-141.7151855468751,-118.08001098632815,212.63996582031245,106.0927734375
1763689269.7027438,8,2,3,-0.2792883813101471,0.1263641081038379,-2.379547262249323,0.0026884060202253205,0.016700388551874064,-0.00026285333199761794,185.2799316406249,-119.99997558593748,106.09291992187491,183.84002075195315,111.83999023437502,275.6865722656248,91.67995605468741,286.0799804687499,511.87841796875,-181.4400390625001,-33.59995117187509,-141.7151855468751,-122.8799987792969,212.63996582031245,102.220703125
1763689269.8758972,8,2,3,-0.38907163552155444,0.09494350804743192,-2.7806994339934787,0.0032766659487154875,0.020980001965359454,0.00014800469567793364,199.6799560546874,-134.39999999999998,125.45278320312491,205.43999633789065,135.83999023437502,298.9185058593748,98.87990722656241,312.4801269531249,558.342529296875,-198.2400878906251,-38.40000000000009,-161.0751708984376,-139.6800018310547,239.03999023437495,113.8369140625
1763689270.1876855,8,2,3,-0.43377304163570424,0.1415545443918922,-3.521692674998337,0.007284775336149747,0.022175282171271692,0.00036633327244797514,223.6799560546874,-160.79996337890623,133.1969238281249,229.43999633789065,159.83999023437502,353.1265136718748,118.07998046874991,362.8800292968749,651.2705078125,-229.4400390625001,-40.80014648437509,-184.3072265625001,-166.07999572753909,279.84003906249995,113.8369140625
1763689270.2807965,8,2,3,-0.5397105592297435,0.1655180154967486,-3.6967134299605346,0.005677927674757464,0.02772077063909964,6.194682303909283e-05,0,0,0,0,0,0,0,0,0,0,0,0,0,0,0
1763689270.5916178,8,2,3,-0.5886269939180382,0.21331761814435932,-4.471014745679334,0.006470145621210066,0.03272749028890354,0.000645996881217234,262.0799804687499,-201.60001220703123,133.1969238281249,267.84002075195315,198.24001464843752,399.5903808593748,151.6799560546874,422.8800292968749,782.91845703125,-258.2400878906251,-38.40000000000009,-223.0271972656251,-209.28000793457034,335.03999023437495,109.96484375
1763689270.7778356,8,2,3,-0.7288034733549446,0.20513129580255826,-5.0431430878244665,0.006153278598826969,0.038550949968792506,0.0002866510738734015,278.8800292968749,-223.19998779296873,148.6849609374999,287.0400329589844,222.24001464843752,422.8223144531248,166.0799804687499,458.8800292968749,844.870361328125,-277.4400390625001,-38.40000000000009,-250.1312011718751,-226.08001098632815,361.44001464843745,106.0927734375
1763689271.0884275,8,2,3,-0.7545028313942854,0.25077435068239895,-6.02130259048602,0.009558041810017162,0.039653786941677725,-0.0005206013409462581,302.8800292968749,-247.19998779296873,140.9408203124999,315.84002075195315,277.43999633789065,473.1582519531248,185.2799316406249,504.4801269531249,941.67041015625,-301.4400390625001,-36.00009765625009,-288.8511718750001,-262.0800033569336,404.63996582031245,98.348876953125
1763689271.1800768,8,2,3,-0.9216324525200438,0.2108410449202628,-6.456849577107157,0.005501450525695239,0.04650279160843095,-0.0002188821680563736,310.0799804687499,-254.39999999999998,144.8128906249999,327.84002075195315,287.0400329589844,492.5181152343748,192.4800048828124,523.6800781249999,968.7744140625,-303.8399414062501,-40.80014648437509,-292.72318115234384,-264.4800048828125,419.03999023437495,75.11669921875
1763689271.2907615,8,2,3,-0.8648710733323004,0.2707274693614886,-6.787594519410852,0.010826028471090538,0.04126962534498622,0.0003049642643672178,319.6799560546874,-268.8000244140625,125.45278320312491,342.24004516601565,313.43999633789065,500.2622558593748,197.2799316406249,542.8800292968749,999.75048828125,-311.0401367187501,-38.40000000000009,-312.0832275390626,-286.08001098632815,438.24006347656245,71.244873046875
1763689271.5884762,8,2,3,-1.0752025110976047,0.397991014146877,-7.593363984763126,0.010191024902852917,0.04688921207676962,-0.00015079994674700812,334.0799804687499,-302.4,117.70888671874991,356.6400085449219,368.6400085449219,550.5981933593748,235.6799560546874,586.0799804687499,1104.29443359375,-325.4400390625001,-36.00009765625009,-350.8031982421876,-317.28000793457034,486.24006347656245,44.140869140625
1763689271.6828234,8,2,3,-1.0493486705584463,0.21917880922722927,-8.180751517264582,0.010292706182974592,0.061138225956289385,0.0004403810758049267,341.2799316406249,-319.1999877929687,121.58095703124991,366.24004516601565,383.0400329589844,566.0864746093748,245.27999267578116,602.8800292968749,1131.3984375,-332.6399902343751,-28.80014648437509,-362.41922607421884,-334.08001098632815,498.24006347656245,40.268798828125
1763689271.977814,8,2,3,-1.2535559754616226,0.31467136934695383,-9.131425951682134,0.00895203592634252,0.05740792249503126,0.0005559078297418894,0,0,0,0,0,0,0,0,0,0,0,0,0,0,0
1763689272.0855196,8,2,3,-1.3009715346876067,0.24457196193023073,-9.608430185374306,0.011134075086748081,0.07259052854377172,0.0013430290510967127,367.6799560546874,-371.9999755859375,94.47695312499991,399.84002075195315,457.43999633789065,600.9341308593748,288.47994384765616,682.0799804687499,1266.91845703125,-339.8399414062501,-21.59995117187509,-412.7552246093751,-391.6800113677979,560.6399658203125,-17.811279296875
1763689272.179814,8,2,3,-1.323363025376889,0.3221970467012801,-9.87323396953538,0.00989480890123435,0.06532711137138536,0.0009219774089319552,370.0799804687499,-379.1999877929687,75.11684570312491,409.43999633789065,483.84002075195315,612.5503417968748,290.87996826171866,694.0799804687499,1301.766357421875,-342.2400878906251,-24.00009765625009,-428.24320068359384,-408.48001251220705,584.6399658203125,-29.42724609375
1763689272.2228148,8,2,3,-1.3070247567765385,0.3218567171991634,-9.856210937934026,0.010061943112605954,0.06528808316879371,0.0006941748078097415,374.8800292968749,-388.8000244140625,75.11684570312491,414.24004516601565,488.6400085449219,624.1665527343748,295.6799560546874,698.8800292968749,1309.510498046875,-339.8399414062501,-19.20004882812509,-432.1152099609376,-415.6800132751465,589.4400146484375,-37.171142578125
1763689272.3302608,8,2,3,-1.4969434851035146,0.23798964398829997,-10.191509474683226,0.0064678648430884465,0.07601879214466847,0.0005694814402279393,379.6799560546874,-405.6000122070312,63.50087890624991,421.4400573730469,510.24004516601565,643.5264160156248,310.0799804687499,722.8800292968749,1348.230224609375,-344.6399902343751,-12.000097656250091,-447.60318603515634,-434.88001403808596,608.6399658203125,-52.6591796875
1763689272.439765,8,2,3,-1.5161350841526438,0.3072153585393759,-10.711325507032273,0.011097101689194646,0.07514533632917825,0.0013360394034204756,379.6799560546874,-403.1999877929687,71.24477539062491,416.6400085449219,510.24004516601565,628.0381347656248,310.0799804687499,720.4801269531249,1344.358642578125,-342.2400878906251,-9.599951171875091,-447.60318603515634,-432.48001251220705,608.6399658203125,-52.6591796875
1763689272.530678,8,2,3,-1.5044289893733165,0.33783709915136273,-10.579618995283248,0.010709156986759755,0.07579621785339034,0.001300599094731754,372.4800048828124,-412.8000244140625,63.50087890624991,419.0400329589844,512.6400085449219,631.9102050781248,317.27999267578116,722.8800292968749,1359.846435546875,-344.6399902343751,-7.200048828125091,-443.7311767578126,-434.88001403808596,613.4400146484375,-56.53125
1763689272.6902194,8,2,3,-1.452209953466775,0.4151480520186478,-10.23070347210012,0.013645923015886128,0.07252681519103736,0.0006484473741618446,374.8800292968749,-407.9999755859375,71.24477539062491,416.6400085449219,505.43999633789065,631.9102050781248,314.87996826171866,718.0799804687499,1355.974365234375,-342.2400878906251,-9.599951171875091,-443.7311767578126,-432.48001251220705,608.6399658203125,-56.53125
1763689272.7825847,8,2,3,-1.4176622333718663,0.39842656461851184,-10.214818863875465,0.013530395248919835,0.07148254087611347,0.0007328480498002233,374.8800292968749,-410.4,67.37294921874991,411.84002075195315,505.43999633789065,628.0381347656248,317.27999267578116,720.4801269531249,1363.718505859375,-344.6399902343751,-9.599951171875091,-443.7311767578126,-437.2800117492676,611.039990234375,-52.6591796875
1763689272.8875017,8,2,3,-1.404682710551301,0.4071292146702229,-10.00634660321676,0.01485480060901775,0.0694514988449654,0.0005772735416933556,370.0799804687499,-412.8000244140625,67.37294921874991,414.24004516601565,505.43999633789065,631.9102050781248,312.47994384765616,715.6800781249999,1359.846435546875,-339.8399414062501,-9.599951171875091,-435.98721923828134,-434.88001403808596,611.039990234375,-60.403076171875
1763689272.995908,8,2,3,-1.3925083436229404,0.4086115781392496,-9.993973673524831,0.014031768973746115,0.0699870491909332,0.0007343825680091228,367.6799560546874,-415.1999877929687,75.11684570312491,416.6400085449219,507.84002075195315,635.7822753906248,319.6799560546874,718.0799804687499,1363.718505859375,-351.8399414062501,-9.599951171875091,-443.7311767578126,-439.6800132751465,608.6399658203125,-60.403076171875
1763689273.1849,8,2,3,-1.3331113920572033,0.38044593846295977,-9.740711490489144,0.014227895906620047,0.06783664331819925,0.0002019266174533409,0,0,0,0,0,0,0,0,0,0,0,0,0,0,0
1763689273.3901484,8,2,3,-1.3039810684385214,0.3848014848233646,-9.80453369563136,0.015447701796783404,0.0669323892478432,0.0008873560968769663,370.0799804687499,-412.8000244140625,75.11684570312491,414.24004516601565,505.43999633789065,624.1665527343748,319.6799560546874,720.4801269531249,1363.718505859375,-342.2400878906251,-7.200048828125091,-443.7311767578126,-437.2800117492676,608.6399658203125,-60.403076171875
1763689273.592906,8,2,3,-1.2758967093011848,0.41346595409700243,-9.703699826147343,0.015388651845193512,0.06557361068177614,0.0007637792185649084,370.0799804687499,-412.8000244140625,67.37294921874991,411.84002075195315,498.2399841308594,628.0381347656248,322.0799804687499,715.6800781249999,1363.718505859375,-349.4400390625001,-7.200048828125091,-435.98721923828134,-437.2800117492676,608.6399658203125,-56.53125
1763689273.683622,8,2,3,-1.2993753472993488,0.4139720324569191,-9.503478772651755,0.014930329260256715,0.06663734282065083,0.0005208898518878355,367.6799560546874,-412.8000244140625,67.37294921874991,411.84002075195315,500.6400085449219,628.0381347656248,319.6799560546874,718.0799804687499,1363.718505859375,-347.0401367187501,-9.599951171875091,-432.1152099609376,-437.2800117492676,611.039990234375,-56.53125
1763689273.791857,8,2,3,-1.3099336158630506,0.4323159175520176,-9.567798048663832,0.015578754472014364,0.06606600379259964,0.0009681589581907795,365.2799316406249,-415.1999877929687,78.98891601562491,407.0400329589844,503.0400329589844,624.1665527343748,322.0799804687499,718.0799804687499,1371.462646484375,-344.6399902343751,-9.599951171875091,-435.98721923828134,-430.08001098632815,611.039990234375,-60.403076171875
1763689273.9807453,8,2,3,-1.2935831773957347,0.40295671423205615,-9.484061526943647,0.015531544507451301,0.06584956443329806,0.0007657615768378997,367.6799560546874,-410.4,75.11684570312491,411.84002075195315,500.6400085449219,628.0381347656248,324.47994384765616,720.4801269531249,1375.334228515625,-347.0401367187501,-7.200048828125091,-439.8592285156251,-434.88001403808596,611.039990234375,-64.275146484375
1763689274.0848472,8,2,3,-1.2878039954232716,0.40195312306944275,-9.51492588417042,0.016200855279479343,0.06505423310522736,0.0010702700642423908,372.4800048828124,-412.8000244140625,67.37294921874991,409.43999633789065,500.6400085449219,628.0381347656248,319.6799560546874,715.6800781249999,1367.590576171875,-342.2400878906251,-4.800146484375091,-439.8592285156251,-430.08001098632815,608.6399658203125,-60.403076171875
1763689274.1775415,8,2,3,-1.3130182021036352,0.3658625016937392,-9.465303330303453,0.015742587342773496,0.0655600169287154,0.0009330505787778611,370.0799804687499,-412.8000244140625,75.11684570312491,407.0400329589844,500.6400085449219,628.0381347656248,322.0799804687499,715.6800781249999,1367.590576171875,-344.6399902343751,-4.800146484375091,-439.8592285156251,-437.2800117492676,608.6399658203125,-60.403076171875
1763689274.3785331,8,2,3,-1.2764411303420633,0.3988275845353915,-9.381853334674094,0.015717079025605808,0.06431074411336146,0.0009593747422339954,367.6799560546874,-415.1999877929687,71.24477539062491,407.0400329589844,500.6400085449219,631.9102050781248,322.0799804687499,713.2799316406249,1363.718505859375,-347.0401367187501,-12.000097656250091,-435.98721923828134,-434.88001403808596,613.4400146484375,-64.275146484375
1763689274.4853234,8,2,3,-1.2504484299983558,0.4333211724995462,-9.331301470624023,0.016017035635209564,0.06409127461574778,0.0008973397807442926,367.6799560546874,-417.6000122070312,71.24477539062491,411.84002075195315,500.6400085449219,628.0381347656248,319.6799560546874,713.2799316406249,1371.462646484375,-344.6399902343751,-7.200048828125091,-432.1152099609376,-437.2800117492676,608.6399658203125,-52.6591796875
1763689274.575634,8,2,3,-1.2707730977693774,0.4422783278218515,-9.311224677015812,0.016756108536867806,0.06465562493182594,0.0007508267084150293,365.2799316406249,-410.4,82.86074218749991,407.0400329589844,503.0400329589844,628.0381347656248,324.47994384765616,713.2799316406249,1371.462646484375,-342.2400878906251,-7.200048828125091,-439.8592285156251,-434.88001403808596,611.039990234375,-64.275146484375
1763689274.6842875,8,2,3,-1.2945224788276315,0.40592386088960836,-9.313391840115623,0.015944504436986577,0.06513728327004195,0.0005935725163189213,365.2799316406249,-412.8000244140625,75.11684570312491,407.0400329589844,500.6400085449219,631.9102050781248,314.87996826171866,713.2799316406249,1367.590576171875,-349.4400390625001,-4.800146484375091,-435.98721923828134,-432.48001251220705,608.6399658203125,-64.275146484375
1763689274.7788055,8,2,3,-1.2620761692931541,0.39077379083049585,-9.244719145066508,0.016363540721518154,0.06384463019392803,0.0006989846484147357,370.0799804687499,-412.8000244140625,75.11684570312491,411.84002075195315,500.6400085449219,628.0381347656248,322.0799804687499,715.6800781249999,1367.590576171875,-342.2400878906251,-9.599951171875091,-435.98721923828134,-437.2800117492676,611.039990234375,-64.275146484375
1763689274.9804752,8,2,3,-1.2667183999868281,0.43220371235230315,-9.212968280659101,0.01585506552956706,0.06434591733347149,0.00023550718522126653,367.6799560546874,-417.6000122070312,75.11684570312491,409.43999633789065,498.2399841308594,628.0381347656248,319.6799560546874,710.8800292968749,1367.590576171875,-342.2400878906251,-9.599951171875091,-435.98721923828134,-434.88001403808596,613.4400146484375,-60.403076171875
1763689275.0918982,8,2,3,-1.237902655761685,0.3895328769112947,-9.217565173867618,0.014857036961031769,0.0635211445753535,0.0007020052639565523,362.8800292968749,-410.4,75.11684570312491,407.0400329589844,495.84002075195315,616.4224121093748,312.47994384765616,706.0799804687499,1352.102294921875,-339.8399414062501,-4.800146484375091,-432.1152099609376,-422.88001403808596,603.8400390625,-48.787109375
1763689275.184256,8,2,3,-1.246442394164457,0.34760509561540825,-8.76213881289975,0.014816973568530414,0.06281753511055245,0.00039899882860729933,358.0799804687499,-398.4,78.98891601562491,397.43999633789065,476.6400085449219,620.2944824218748,310.0799804687499,696.4801269531249,1344.358642578125,-339.8399414062501,-9.599951171875091,-420.49918212890634,-420.48001251220705,594.2400634765625,-48.787109375
1763689275.2768083,8,2,3,-1.2122038679647782,0.3912983492782558,-8.470530773374875,0.015804215721769627,0.059098535956473006,0.0005026282624309222,355.6799560546874,-393.6000122070312,86.73281249999991,392.6400085449219,464.6400085449219,600.9341308593748,312.47994384765616,686.8800292968749,1309.510498046875,-342.2400878906251,-9.599951171875091,-416.6271728515626,-406.08001098632815,584.6399658203125,-44.915283203125
1763689275.3887784,8,2,3,-1.0720947007014758,0.4541048412651397,-8.05852295655004,0.018355354425540434,0.05375373340875687,0.0006534841349363071,348.4800048828124,-379.1999877929687,86.73281249999991,387.84002075195315,433.43999633789065,589.3184082031248,310.0799804687499,665.2799316406249,1286.2783203125,-332.6399902343751,-14.400000000000091,-393.39517822265634,-391.6800113677979,567.8400390625,-25.55517578125
1763689275.4826512,8,2,3,-0.9219313452706572,0.48188960220376076,-7.502347231807809,0.018672363387315493,0.04662149329047985,0.00100506433505234,343.6799560546874,-369.6000122070312,94.47695312499991,380.6400085449219,421.43999633789065,581.5742675781248,295.6799560546874,641.2799316406249,1251.430419921875,-327.8399414062501,-9.599951171875091,-389.52322998046884,-377.2800107955933,555.8400390625,-13.939208984375
1763689275.5779421,8,2,3,-0.9328900063926198,0.4070664519671492,-6.970966027229779,0.016860035594248098,0.04751717247098597,0.0006465215177786253,341.2799316406249,-357.6000122070312,98.34877929687491,371.0400329589844,402.2399841308594,558.3423339843748,288.47994384765616,636.4801269531249,1220.454345703125,-332.6399902343751,-12.000097656250091,-374.03519287109384,-365.28000984191897,539.039990234375,-10.067138671875
1763689275.7803144,8,2,3,-0.7830019620243653,0.34306409754437095,-6.018717464681705,0.014883877279019672,0.039288007175953765,0.001215569320589552,324.4800048828124,-326.4,113.83681640624991,351.84002075195315,347.0400329589844,527.3662597656248,259.6799560546874,590.8800292968749,1143.014404296875,-313.4400390625001,-12.000097656250091,-335.31522216796884,-326.8800102233887,493.44001464843745,28.65283203125
1763689275.9822583,8,2,3,-0.5945123233244456,0.3222692118622854,-4.843579918415892,0.014316792404403107,0.03115321639761969,0.0009282239969203975,305.2799316406249,-295.1999877929687,133.1969238281249,327.84002075195315,301.43999633789065,488.6465332031248,230.8799072265624,545.2799316406249,1038.470458984375,-308.6399902343751,-14.400000000000091,-300.46719970703134,-295.68000946044924,450.24006347656245,63.500732421875
1763689276.089607,8,2,3,-0.5723687695445643,0.3212845190202339,-4.355896118930332,0.013807317402634394,0.028391721654375517,0.0007868300660277532,293.2799316406249,-271.1999877929687,137.0687499999999,311.0400329589844,272.6400085449219,469.2861816406248,209.2799316406249,504.4801269531249,984.262451171875,-296.6399902343751,-21.59995117187509,-277.2352050781251,-271.68000946044924,426.24006347656245,75.11669921875
1763689276.103104,8,2,3,-0.6247601840157828,0.3306310687211233,-4.454995078616939,0.014020836400697108,0.02910656266200278,0.001299260960339982,290.8800292968749,-268.8000244140625,133.1969238281249,313.43999633789065,270.2399841308594,461.5425292968748,209.2799316406249,499.6800781249999,980.390380859375,-291.8399414062501,-19.20004882812509,-277.2352050781251,-269.28000793457034,419.03999023437495,75.11669921875
1763689276.2011507,8,2,3,-0.5468309542910106,0.2730642808978958,-3.8111502746309487,0.011719509973515802,0.029616172894614934,0.0006639396276895936,274.0799804687499,-247.19998779296873,140.9408203124999,296.6400085449219,251.0400329589844,442.1821777343748,187.6799560546874,475.6800781249999,918.4384765625,-277.4400390625001,-24.00009765625009,-254.00321044921884,-250.08001098632815,392.63996582031245,82.86083984375
1763689276.3068879,8,2,3,-0.5092899443135478,0.2865466659560788,-3.3036038983517995,0.011846297368312574,0.025704308778615882,0.00037444679580611725,264.4800048828124,-237.60001220703123,140.9408203124999,272.6400085449219,222.24001464843752,415.0781738281248,180.4800048828124,444.4801269531249,868.1025390625,-270.2400878906251,-21.59995117187509,-230.7712158203126,-223.6800018310547,371.03999023437495,78.98876953125
1763689276.482536,8,2,3,-0.3351177181822098,0.2594458203601777,-2.5797581536609866,0.008233182701960839,0.01992164054466097,0.000773736376723027,245.2799316406249,-213.60001220703123,129.3248535156249,251.0400329589844,191.04000244140627,372.4863769531248,151.6799560546874,408.4801269531249,775.174560546875,-248.6399902343751,-24.00009765625009,-215.2831787109376,-204.48000488281252,330.24006347656245,86.73291015625
1763689276.7896636,8,2,3,-0.27617884990941177,0.18132367109809527,-1.8155839159899547,0.005036170995651089,0.014499626602291898,0.0011162607955331643,209.2799316406249,-175.19998779296873,125.45278320312491,217.43999633789065,140.6400085449219,306.6621582031248,127.67995605468741,343.6800781249999,643.5263671875,-215.0401367187501,-19.20004882812509,-176.5632080078126,-170.8799987792969,272.63996582031245,106.0927734375
1763689276.8807273,8,2,3,-0.17551967004407915,0.1435323763434068,-1.5911692705956497,0.005855533599329631,0.00844695900416522,0.0004977959573862008,204.4800048828124,-163.19998779296873,113.83681640624991,198.24004516601565,135.83999023437502,291.1743652343748,115.67995605468741,324.4801269531249,608.678466796875,-205.4400390625001,-21.59995117187509,-164.94718017578134,-156.48000488281252,263.03999023437495,98.348876953125
1763689276.993497,8,2,3,-0.13593907338945577,0.09814596811054788,-1.377819318657412,0.004571554958905103,0.006802807129258881,0.0008845322800686372,192.4800048828124,-158.39999999999998,109.96474609374991,193.43999633789065,123.83999023437502,275.6865722656248,106.07998046874991,317.2799316406249,573.83056640625,-195.8399414062501,-24.00009765625009,-164.94718017578134,-154.07999572753909,243.84003906249995,102.220703125
1763689277.1909454,8,2,3,-0.14456294938950595,0.04608802577191705,-1.1488124327944165,0.002338201858944871,0.006802137265656993,-0.00036789754847285205,175.6799560546874,-141.60001220703123,102.22084960937491,174.24004516601565,111.83999023437502,244.71049804687482,94.07998046874991,283.6800781249999,511.87841796875,-176.6399902343751,-21.59995117187509,-141.7151855468751,-137.28000793457034,217.44001464843745,94.476806640625
1763689277.251037,8,2,3,-0.15346736602529393,0.06435340801100152,-1.1647702515207157,0.002682370335656577,0.006206659633011076,0.0007989485079349061,0,0,0,0,0,0,0,0,0,0,0,0,0,0,0
1763689277.3796813,8,2,3,-0.063682846641464,0.040752245176241236,-0.9493564486575279,0.0018975604920859251,0.0035904523290609396,-6.471366655823806e-05,163.6799560546874,-129.60001220703123,94.47695312499991,164.6400085449219,97.43999633789065,221.47856445312482,91.67995605468741,259.6800781249999,469.286376953125,-162.2400878906251,-21.59995117187509,-130.0992187500001,-125.27999267578127,198.23994140624995,90.604736328125
1763689277.48845,8,2,3,-0.06790655049013984,0.037386310021847946,-0.817263824153813,0.0010782810814227873,0.0029722358473219194,5.725467758070109e-05,154.0799804687499,-122.39999999999998,94.47695312499991,157.43999633789065,95.04000244140627,209.86235351562482,82.07998046874991,250.0799804687499,446.054443359375,-152.6399902343751,-21.59995117187509,-122.35520019531259,-115.67998657226565,179.03999023437495,90.604736328125
1763689277.687544,8,2,3,-0.0365468913904875,0.06599379285724091,-0.6515918333751209,0.0003696036578435787,0.0013944777561178357,-4.606183917859073e-05,142.0799804687499,-112.79996337890623,78.98891601562491,138.24001464843752,78.2399841308594,178.88627929687482,70.07998046874991,226.0799804687499,399.59033203125,-138.2400878906251,-24.00009765625009,-110.73917236328134,-106.08001098632815,162.23994140624995,78.98876953125
1763689277.7831607,8,2,3,-0.049891903737366794,-0.010960613037169758,-0.4393389355857403,-0.0012291956944055205,0.003028259220422802,-0.0005173051315897189,134.8800292968749,-110.39999999999998,78.98891601562491,131.04000244140627,75.83999023437502,163.39848632812482,65.27993164062491,216.4801269531249,380.23046875,-133.4400390625001,-19.20004882812509,-110.73917236328134,-106.08001098632815,152.63996582031245,82.86083984375
1763689277.9841244,8,2,3,-0.040236778497500854,-0.006974102724709372,-0.22154806391113674,-0.0012987902325623116,0.003061913754699948,-0.0005183882705517847,122.88002929687491,-98.39999999999998,75.11684570312491,114.24001464843752,68.6400085449219,159.52641601562482,62.87990722656241,190.0799804687499,345.38232421875,-123.83994140625009,-19.20004882812509,-106.86722412109384,-98.8799987792969,145.44001464843745,71.244873046875
1763689279.1779659,8,2,3,-0.11505634870642606,0.18472933950247852,-0.2209070494182695,0.0036265033086787506,0.005037839008977162,0.0008946445442686964,0,0,0,0,0,0,0,0,0,0,0,0,0,0,0
1763689282.697683,8,2,3,0.015122987662013403,0.006077166475436246,-0.20542739483585612,-0.0016327460604918678,-0.0007079288447833647,0.0001872629641323266,55.67995605468741,-69.60001220703123,24.78090820312491,54.24001464843752,35.04000244140627,54.98247070312482,41.27993164062491,94.07998046874991,190.50244140625,-63.83994140625009,-9.765625009094947e-05,-64.27518310546884,-60.48000488281252,78.23994140624995,17.036865234375
1763689284.5852768,8,2,3,0.014550258804289274,0.030326803998179105,-0.272961511675215,-0.0014791798121664068,0.0006043076338250907,-0.00030711915684397337,60.48000488281241,-71.99997558593748,28.65273437499991,61.44002685546877,37.43999633789065,54.98247070312482,46.07998046874991,101.28005371093741,198.246337890625,-68.63999023437509,-2.400000000000091,-60.40317382812509,-62.8799987792969,83.03999023437495,24.78076171875
1763689284.6770046,8,2,3,0.012510677583368187,0.03294784950453988,-0.254101454864106,-0.0009334039969806508,0.00015758021799199738,0.00017077746666141274,60.48000488281241,-67.19998779296873,24.78090820312491,61.44002685546877,42.2399841308594,62.72636718749982,43.67995605468741,106.07998046874991,198.246337890625,-71.04013671875009,-9.765625009094947e-05,-72.01920166015634,-55.67998657226565,80.63996582031245,24.78076171875
1763689284.8798232,8,2,3,-0.012949422584570328,0.01168663082413117,-0.3148490863901491,0.000526031752369966,0.0011567014292126609,-0.0004677709804393929,67.67995605468741,-69.60001220703123,36.39687499999991,68.6400085449219,44.6400085449219,82.08623046874982,46.07998046874991,110.88002929687491,209.862548828125,-75.83994140625009,-4.800146484375091,-72.01920166015634,-65.27999267578127,87.84003906249995,24.78076171875
1763689285.0820248,8,2,3,-0.0030036254152854616,0.09288699562439909,-0.5341369566330245,0.0007877149636257697,0.0017784123781875564,-0.0002392847182333169,79.67995605468741,-76.79996337890623,44.14077148437491,80.6400085449219,47.04000244140627,105.31840820312482,53.27993164062491,139.6799560546874,260.198486328125,-90.24008789062509,-7.200048828125091,-75.89121093750009,-72.48000488281252,109.44001464843745,40.268798828125
1763689285.3768282,8,2,3,-0.11926668299818102,0.18141059734727755,-1.0605649077112695,0.0038176441203778702,0.006212249876802166,-0.00010752332165323366,115.67995605468741,-88.79996337890623,75.11684570312491,114.24001464843752,63.83999023437502,171.14213867187482,58.07998046874991,187.6799560546874,345.38232421875,-126.24008789062509,-21.59995117187509,-99.12320556640634,-84.48000488281252,150.23994140624995,71.244873046875
1763689285.5816212,8,2,3,-0.10085840967170759,0.10725003605586722,-1.6349422407977139,0.004029041489227175,0.009000022994546409,7.98846253908538e-06,0,0,0,0,0,0,0,0,0,0,0,0,0,0,0
1763689285.7853458,8,2,3,-0.27302164264057216,0.12554175952923108,-2.1408212814892797,0.0034376782122211734,0.015748138765135603,-9.629276676319785e-05,173.2799316406249,-124.79996337890623,106.09291992187491,176.6400085449219,109.43999633789065,264.0703613281248,86.87990722656241,269.2799316406249,496.390380859375,-174.2400878906251,-33.59995117187509,-133.97122802734384,-113.27999267578127,210.23994140624995,94.476806640625
1763689285.878864,8,2,3,-0.3180358121662434,0.0985606000339321,-2.468756346750591,0.005300738607673009,0.01622289495341472,0.0002665209386363012,180.4800048828124,-127.19998779296873,109.96474609374991,186.24004516601565,116.6400085449219,271.8145019531248,96.48000488281241,281.2799316406249,515.75048828125,-183.8399414062501,-33.59995117187509,-141.7151855468751,-125.27999267578127,219.84003906249995,102.220703125
1763689286.0807993,8,2,3,-0.35131886231649656,0.1453448012046791,-2.8961557919154783,0.0046567884425319705,0.021963591390631684,0.00018655933919989038,204.4800048828124,-141.60001220703123,129.3248535156249,205.43999633789065,140.6400085449219,302.7905761718748,103.67995605468741,324.4801269531249,589.318359375,-205.4400390625001,-33.59995117187509,-168.8191894531251,-149.28000793457034,253.44001464843745,106.0927734375
1763689286.1894338,8,2,3,-0.4627366406220495,0.13159490328263762,-3.1994312576719084,0.004080479023422444,0.02512531033667413,0.0003909516755188514,216.4800048828124,-151.19998779296873,129.3248535156249,219.84002075195315,152.6400085449219,322.1504394531248,118.07998046874991,341.2799316406249,624.16650390625,-219.8399414062501,-33.59995117187509,-176.5632080078126,-158.8799987792969,272.63996582031245,109.96484375
1763689286.284119,8,2,3,-0.40290123966344693,0.187997433950957,-3.3929781855949552,0.006515690867384576,0.023494703966639493,0.0002486298302455171,228.4800048828124,-163.19998779296873,129.3248535156249,229.43999633789065,162.24001464843752,345.3823730468748,122.87990722656241,358.0799804687499,659.014404296875,-227.0401367187501,-38.40000000000009,-192.05118408203134,-166.07999572753909,279.84003906249995,117.708740234375
1763689286.3918252,8,2,3,-0.49576473889261696,0.1523456551344794,-3.581252209310236,0.005457029882416012,0.026882600689680236,0.00033750423284069787,233.2799316406249,-170.39999999999998,129.3248535156249,236.6400085449219,167.04000244140627,353.1265136718748,137.2799316406249,379.6800781249999,689.990478515625,-231.8399414062501,-31.20004882812509,-192.05118408203134,-178.07999572753909,299.03999023437495,117.708740234375
1763689286.487521,8,2,3,-0.3878300603768952,0.22034283861152043,-3.7358797535551087,0.009039484204344412,0.022237462069067692,0.0002121484904904999,250.0799804687499,-187.19998779296873,133.1969238281249,253.43999633789065,183.83999023437502,372.4863769531248,137.2799316406249,398.8800292968749,728.71044921875,-241.4400390625001,-38.40000000000009,-211.4112304687501,-190.08001098632815,315.84003906249995,117.708740234375
1763689286.5797024,8,2,3,-0.5897309821845904,0.14504595571593995,-4.198359674839613,0.006515823584114071,0.030073283372264177,0.00035809956182824773,250.0799804687499,-194.39999999999998,133.1969238281249,255.84002075195315,186.24001464843752,387.9741699218748,142.0799804687499,406.0799804687499,759.6865234375,-251.0401367187501,-33.59995117187509,-211.4112304687501,-197.28000793457034,327.84003906249995,109.96484375
1763689286.8862123,8,2,3,-0.6293524858818709,0.21363495788108905,-5.248639638314913,0.009251518051837507,0.03284990630237341,0.0004587762360562424,278.8800292968749,-225.60001220703123,140.9408203124999,291.84002075195315,234.24001464843752,442.1821777343748,170.8799072265624,463.6800781249999,864.23046875,-272.6399902343751,-36.00009765625009,-250.1312011718751,-228.48000488281252,373.44001464843745,98.348876953125
1763689286.9834292,8,2,3,-0.6811988738650017,0.24721593110679796,-5.50370838733448,0.009063060033499838,0.03719083285212186,0.0002869513236846014,288.4800048828124,-235.19998779296873,137.0687499999999,303.84002075195315,251.0400329589844,461.5425292968748,182.8799072265624,480.4801269531249,895.20654296875,-284.6399902343751,-36.00009765625009,-269.4911865234376,-247.6800018310547,392.63996582031245,94.476806640625
1763689287.0925205,8,2,3,-0.8002071258735804,0.2152556193604886,-5.876315433232594,0.007967482486008443,0.04115777296259916,0.00023158208044812096,295.6799560546874,-251.99997558593748,137.0687499999999,313.43999633789065,265.43999633789065,469.2861816406248,187.6799560546874,502.0799804687499,933.926513671875,-291.8399414062501,-33.59995117187509,-273.36319580078134,-257.28000793457034,404.63996582031245,94.476806640625
1763689287.2787738,8,2,3,-0.8604674397231893,0.2212162143036225,-6.673084167995851,0.007057678373247089,0.04643213895273527,0.0004912371572459396,307.6799560546874,-268.8000244140625,137.0687499999999,325.43999633789065,296.6400085449219,500.2622558593748,211.6799560546874,533.2799316406249,995.87841796875,-301.4400390625001,-31.20004882812509,-304.3392089843751,-283.68000946044924,435.84003906249995,75.11669921875
1763689287.4776871,8,2,3,-0.9234426284675565,0.22208941035149704,-7.407766082190964,0.007336581949660661,0.04587049342675919,7.379270071247203e-05,0,0,0,0,0,0,0,0,0,0,0,0,0,0,0
1763689287.6821046,8,2,3,-1.0477173116014082,0.2590375002644325,-8.114948849027652,0.007515628256963032,0.052751972289187404,5.5462845229134125e-05,338.8800292968749,-311.9999755859375,106.09291992187491,373.43999633789065,385.43999633789065,558.3423339843748,254.87996826171866,607.6800781249999,1131.3984375,-323.0401367187501,-28.80014648437509,-358.5472167968751,-334.08001098632815,498.24006347656245,28.65283203125
1763689287.8810315,8,2,3,-1.2202059958115834,0.24151079830956806,-8.742413996616115,0.0064241740474469625,0.06107317137716839,0.00037815490425248486,0,0,0,0,0,0,0,0,0,0,0,0,0,0,0
1763689288.0806031,8,2,3,-1.2396122981422995,0.34188051360402716,-9.414360841169287,0.011048504754521727,0.062159790487060794,-6.501878589183947e-06,358.0799804687499,-371.9999755859375,78.98891601562491,399.84002075195315,462.2399841308594,608.6782714843748,307.6799560546874,677.2799316406249,1278.534423828125,-339.8399414062501,-21.59995117187509,-408.88321533203134,-394.08001098632815,572.6399658203125,-25.55517578125
1763689288.189585,8,2,3,-1.336001025305667,0.572574913849301,-9.74896136430101,0.019193693693711555,0.06154404401343948,-0.00026667626201352414,365.2799316406249,-386.4,82.86074218749991,407.0400329589844,503.0400329589844,624.1665527343748,300.47994384765616,694.0799804687499,1305.638427734375,-339.8399414062501,-14.400000000000091,-432.1152099609376,-418.08001098632815,587.039990234375,-52.6591796875
1763689288.4861522,8,2,3,-1.4465816139644678,0.3956759627113399,-11.107493460009607,0.013379653382706198,0.07396897155487263,0.0005706265420551025,377.2799316406249,-434.4,36.39687499999991,428.6400085449219,558.2400451660156,670.6304199218748,348.47994384765616,766.0799804687499,1437.286376953125,-339.8399414062501,-2.400000000000091,-470.8351806640626,-475.6800170898438,651.8400390625,-106.8671875
1763689288.5780678,8,2,3,-1.5685527839976516,0.3937985081365081,-11.767355768296138,0.012765766645434697,0.08054436229149371,0.0009599766486392564,0,0,0,0,0,0,0,0,0,0,0,0,0,0,0
1763689288.6870482,8,2,3,-1.5846770965991703,0.4283110101347524,-12.129878946054289,0.014420350191785811,0.0811427022886809,5.3075905377676993e-05,382.0799804687499,-465.6000122070312,20.90883789062491,443.0400329589844,606.2400451660156,693.8623535156248,372.47994384765616,797.2799316406249,1491.494384765625,-339.8399414062501,2.400048828124909,-497.9391845703126,-509.28001556396487,690.2400634765625,-141.715087890625
1763689288.9817307,8,2,3,-1.5312871441031648,0.5218491225369457,-11.852237140960838,0.021026785082093283,0.07742633319626334,0.0006408850250619923,0,0,0,0,0,0,0,0,0,0,0,0,0,0,0
1763689289.0902858,8,2,3,-1.396499161870091,0.6042490476793979,-11.549513328261924,0.02505517334933777,0.07008193820540613,0.0003661118697551131,370.0799804687499,-470.4,24.78090820312491,431.0400329589844,582.2400451660156,693.8623535156248,394.0799804687499,792.4801269531249,1514.726318359375,-337.4400390625001,9.599999999999909,-474.70718994140634,-504.48001251220705,692.6399658203125,-153.331298828125
1763689289.388846,8,2,3,-1.2420886778516789,0.6715022111675255,-11.25156657686272,0.02827926223357674,0.0636822592721284,9.368911030135062e-06,365.2799316406249,-467.9999755859375,28.65273437499991,431.0400329589844,582.2400451660156,686.1182128906248,398.87996826171866,790.0799804687499,1514.726318359375,-332.6399902343751,11.999902343749909,-482.45120849609384,-504.48001251220705,692.6399658203125,-153.331298828125
1763689289.5911071,8,2,3,-1.2471731071499663,0.6253568450737976,-11.25686996540211,0.027075825611471087,0.06398584517495097,0.0007100038844611578,0,0,0,0,0,0,0,0,0,0,0,0,0,0,0
1763689289.6829247,8,2,3,-1.2740685634374096,0.5970717981581748,-11.15569091658428,0.027023329053959863,0.06508079131205992,0.0004360647382611717,365.2799316406249,-470.4,20.90883789062491,431.0400329589844,582.2400451660156,682.2461425781248,396.47994384765616,790.0799804687499,1518.598388671875,-335.0401367187501,14.400048828124909,-466.96317138671884,-502.0800186157227,699.8400390625,-161.0751953125
1763689289.7912884,8,2,3,-1.271568610344257,0.6247858775191224,-11.05606085463867,0.02676834198086713,0.06534448568992693,0.0002336028166585397,365.2799316406249,-472.8000244140625,24.78090820312491,428.6400085449219,579.8400207519531,686.1182128906248,398.87996826171866,790.0799804687499,1522.470458984375,-337.4400390625001,9.599999999999909,-470.8351806640626,-504.48001251220705,699.8400390625,-161.0751953125
1763689289.885655,8,2,3,-1.2617103527274927,0.6329522187839339,-11.005611510279369,0.026695939814428388,0.06441749926764832,0.0004066944712471845,370.0799804687499,-467.9999755859375,24.78090820312491,428.6400085449219,579.8400207519531,693.8623535156248,401.27999267578116,790.0799804687499,1522.470458984375,-335.0401367187501,14.400048828124909,-470.8351806640626,-504.48001251220705,697.4400146484375,-164.947265625
1763689289.97774,8,2,3,-1.2789666945379943,0.6423459295455647,-11.072583488781957,0.026754280765453026,0.06474042711906319,0.0006950944696246094,367.6799560546874,-472.8000244140625,24.78090820312491,426.24004516601565,582.2400451660156,682.2461425781248,398.87996826171866,787.6800781249999,1530.214599609375,-335.0401367187501,7.199853515624909,-470.8351806640626,-504.48001251220705,697.4400146484375,-164.947265625
1763689290.1778944,8,2,3,-1.2621944568354166,0.644219456812589,-10.954232763688632,0.026981261204958196,0.06414434056942167,0.000737974961578877,362.8800292968749,-470.4,17.03676757812491,428.6400085449219,577.4399963378906,686.1182128906248,398.87996826171866,787.6800781249999,1530.214599609375,-335.0401367187501,11.999902343749909,-466.96317138671884,-502.0800186157227,695.039990234375,-161.0751953125
1763689290.2865376,8,2,3,-1.264652991934742,0.643491636875352,-10.952313679056212,0.027470707662722266,0.06445819730089848,0.0005064006470552372,362.8800292968749,-472.8000244140625,24.78090820312491,428.6400085449219,579.8400207519531,689.9902832031248,401.27999267578116,792.4801269531249,1526.342529296875,-335.0401367187501,11.999902343749909,-474.70718994140634,-504.48001251220705,702.2400634765625,-168.819091796875
1763689290.3805342,8,2,3,-1.2725868690030997,0.6463894269702806,-10.919630734865898,0.027334313730286247,0.06499306112913347,0.0006737509694829296,362.8800292968749,-475.1999877929687,24.78090820312491,423.84002075195315,575.0400329589844,693.8623535156248,401.27999267578116,794.8800292968749,1534.086669921875,-335.0401367187501,7.199853515624909,-470.8351806640626,-502.0800186157227,697.4400146484375,-161.0751953125
1763689290.585816,8,2,3,-1.2376796082252293,0.6117063219576191,-10.75180311174286,0.027114631090353766,0.06340856880429525,0.00042251922011397967,365.2799316406249,-467.9999755859375,20.90883789062491,426.24004516601565,579.8400207519531,689.9902832031248,401.27999267578116,790.0799804687499,1526.342529296875,-332.6399902343751,4.799951171874909,-470.8351806640626,-499.6800170898438,695.039990234375,-157.203125
1763689290.7882328,8,2,3,-1.2451012521567828,0.6290289729958647,-10.76781493866394,0.027087488457664302,0.06281142182869646,0.00041506620084334755,0,0,0,0,0,0,0,0,0,0,0,0,0,0,0
1763689290.9084547,8,2,3,-1.2529447820598345,0.6425466351266935,-10.768116725072602,0.0270255082985051,0.06315592861839402,0.00041361876147726247,362.8800292968749,-472.8000244140625,20.90883789062491,423.84002075195315,579.8400207519531,686.1182128906248,401.27999267578116,790.0799804687499,1530.214599609375,-332.6399902343751,9.599999999999909,-474.70718994140634,-502.0800186157227,697.4400146484375,-161.0751953125
1763689291.0281234,8,2,3,-1.2379081997975439,0.6352512042123666,-10.750040253802084,0.027491896246276903,0.06256390033469729,0.0008134525887789172,362.8800292968749,-472.8000244140625,24.78090820312491,431.0400329589844,572.6400085449219,689.9902832031248,401.27999267578116,787.6800781249999,1530.214599609375,-332.6399902343751,11.999902343749909,-470.8351806640626,-504.48001251220705,699.8400390625,-161.0751953125
1763689291.1377342,8,2,3,-1.2369287266256876,0.5921184490641902,-10.719328125723276,0.02680001351626983,0.06330984905414283,0.0005126222640664995,362.8800292968749,-475.1999877929687,20.90883789062491,428.6400085449219,577.4399963378906,697.7344238281248,403.6799560546874,785.2799316406249,1526.342529296875,-335.0401367187501,9.599999999999909,-474.70718994140634,-504.48001251220705,699.8400390625,-164.947265625
1763689291.2308674,8,2,3,-1.2262020181515465,0.6384452033430847,-10.66865798814813,0.026864598686091805,0.0626527752728092,0.0005267288254542412,365.2799316406249,-470.4,24.78090820312491,428.6400085449219,587.0400329589844,693.8623535156248,396.47994384765616,787.6800781249999,1537.958251953125,-332.6399902343751,14.400048828124909,-474.70718994140634,-504.48001251220705,699.8400390625,-164.947265625
1763689291.3400555,8,2,3,-1.2224576287987978,0.6282559857512304,-10.739585347154735,0.025926132945071474,0.0625034287506823,0.0006544965384411242,365.2799316406249,-472.8000244140625,20.90883789062491,431.0400329589844,575.0400329589844,682.2461425781248,396.47994384765616,785.2799316406249,1522.470458984375,-339.8399414062501,9.599999999999909,-474.70718994140634,-502.0800186157227,695.039990234375,-161.0751953125
1763689291.4498243,8,2,3,-1.2637060901785993,0.56959476639949,-10.526518404085731,0.02479303206820677,0.06606533244274634,0.0002627344035932254,355.6799560546874,-460.8000244140625,28.65273437499991,423.84002075195315,560.6400085449219,678.3745605468748,391.6799560546874,770.8800292968749,1495.366455078125,-335.0401367187501,7.199853515624909,-459.2192138671876,-487.6800170898438,683.039990234375,-145.587158203125
1763689291.5590591,8,2,3,-1.2801195649016586,0.5950190497457675,-10.55815433237471,0.025014152298197274,0.0648819952419625,0.0008754486775934961,0,0,0,0,0,0,0,0,0,0,0,0,0,0,0
1763689291.687762,8,2,3,-0.9644042878686322,0.6641057744787175,-9.14694059938617,0.028350760323316033,0.04880286125977594,0.00021004578331706904,348.4800048828124,-436.8000244140625,44.14077148437491,404.6400085449219,519.8400207519531,659.0142089843748,377.27999267578116,732.4801269531249,1433.414306640625,-332.6399902343751,2.400048828124909,-443.7311767578126,-454.08001098632815,644.6399658203125,-122.355224609375
1763689291.780728,8,2,3,-0.9149645693511314,0.617177814706402,-8.638502114547808,0.028995635559717427,0.04536800983084703,0.00016303279181571761,343.6799560546874,-422.4,55.75673828124991,399.84002075195315,495.84002075195315,643.5264160156248,377.27999267578116,713.2799316406249,1406.310302734375,-330.2400878906251,2.400048828124909,-424.3711914062501,-439.6800132751465,627.8400390625,-102.9951171875
1763689291.8876991,8,2,3,-0.8374426930290453,0.6579088084097228,-8.031395960228284,0.02987806839086672,0.043089536600388764,0.0003010679467980587,334.0799804687499,-400.8000244140625,63.50087890624991,387.84002075195315,462.2399841308594,620.2944824218748,353.27999267578116,689.2799316406249,1355.974365234375,-320.6399902343751,-2.400000000000091,-405.0112060546876,-415.6800132751465,611.039990234375,-83.63525390625
1763689291.9811687,8,2,3,-0.7694955544139737,0.6025936524934927,-7.482002796625405,0.028288375655577937,0.03974429812133562,0.0003377559741510362,329.2799316406249,-381.6000122070312,75.11684570312491,378.24004516601565,438.2399841308594,604.8062011718748,346.0799804687499,662.8800292968749,1321.126220703125,-323.0401367187501,-9.765625009094947e-05,-385.6512207031251,-396.48001155853274,584.6399658203125,-60.403076171875
1763689292.0896945,8,2,3,-0.6376425685762045,0.6258905716272121,-6.840911505252473,0.028732455880094092,0.03382212564090536,1.7349219018049193e-05,322.0799804687499,-367.1999877929687,86.73281249999991,363.84002075195315,397.43999633789065,581.5742675781248,326.87996826171866,638.8800292968749,1255.302490234375,-315.8399414062501,-7.200048828125091,-362.41922607421884,-370.08001098632815,551.039990234375,-33.299072265625
1763689292.1951578,8,2,3,-0.501062141164824,0.6441528327357529,-6.051050709542304,0.02837062178421297,0.026450229986988524,0.00037211417336309796,310.0799804687499,-345.6000122070312,106.09291992187491,344.6400085449219,371.0400329589844,566.0864746093748,307.6799560546874,598.0799804687499,1208.83837890625,-311.0401367187501,-9.599951171875091,-343.0591796875001,-341.28000793457034,527.039990234375,-17.811279296875
1763689292.3041112,8,2,3,-0.5205154578714059,0.6047196061796811,-5.425689340121666,0.028896165736313793,0.02652462807505602,5.411465124747399e-05,312.4800048828124,-321.6000122070312,102.22084960937491,339.84002075195315,342.2399841308594,538.9824707031248,281.27999267578116,574.0799804687499,1143.014404296875,-299.0401367187501,-7.200048828125091,-319.82718505859384,-324.4800086975098,493.44001464843745,9.292724609375
1763689292.4136147,8,2,3,-0.5100804131444618,0.5014533424346803,-4.7696760375470015,0.019064886949242205,0.022340276094642866,0.00033175393570038887,293.2799316406249,-304.8000244140625,117.70888671874991,332.6400085449219,313.43999633789065,511.8784667968748,266.87996826171866,554.8800292968749,1092.678466796875,-296.6399902343751,-12.000097656250091,-296.5951904296876,-300.4800048828125,474.24006347656245,24.78076171875
1763689292.5062537,8,2,3,-0.4534607087875697,0.4837471253450779,-4.335439181234402,0.024881440969019935,0.027713648474626814,0.000280189437108756,283.6799560546874,-287.9999755859375,117.70888671874991,313.43999633789065,284.6400085449219,492.5181152343748,252.47994384765616,526.0799804687499,1053.95849609375,-294.2400878906251,-12.000097656250091,-277.2352050781251,-283.68000946044924,457.44001464843745,40.268798828125
1763689292.6799965,8,2,3,-0.37099328363184675,0.4457364539234379,-3.48295921060754,0.0188628881711541,0.022317700678289372,0.001107370460896726,250.0799804687499,-249.60001220703123,133.1969238281249,279.84002075195315,229.43999633789065,438.3101074218748,211.6799560546874,451.6800781249999,902.950439453125,-263.0401367187501,-19.20004882812509,-230.7712158203126,-238.08001098632815,395.03999023437495,63.500732421875
1763689292.7892175,8,2,3,-0.22011380931074775,0.25311778733375645,-3.042847338100782,0.020144482356102757,0.019079994158208127,0.0005037537410645877,242.8800292968749,-235.19998779296873,129.3248535156249,263.0400329589844,210.24001464843752,422.8223144531248,197.2799316406249,425.2799316406249,864.23046875,-260.6399902343751,-16.80014648437509,-219.15518798828134,-221.28000793457034,371.03999023437495,63.500732421875
1763689292.895389,8,2,3,-0.3734537710709507,0.4499200075786718,-2.596458305607369,0.013888142474287919,0.009638191934184906,0.00038276101116403857,226.0799804687499,-215.99997558593748,137.0687499999999,241.43999633789065,195.83999023437502,391.8462402343748,178.0799804687499,401.2799316406249,810.0224609375,-248.6399902343751,-16.80014648437509,-203.6672119140626,-202.08001098632815,347.03999023437495,78.98876953125
1763689293.0056348,8,2,3,-0.13500753742659044,0.21900932691848357,-2.2342234761310005,0.016759115484264578,0.01821041720133809,7.651303145617128e-05,218.8800292968749,-199.19998779296873,125.45278320312491,239.0400329589844,174.24001464843752,360.8701660156248,163.6799560546874,382.0799804687499,751.9423828125,-227.0401367187501,-16.80014648437509,-184.3072265625001,-192.48000488281252,320.63996582031245,78.98876953125
1763689293.1785047,8,2,3,0.016581943840442388,0.13512448281159248,-1.8135652416170278,0.0080568978614322,0.012049720146909285,0.00027210266175301147,0,0,0,0,0,0,0,0,0,0,0,0,0,0,0
1763689293.2882013,8,2,3,-0.269244075348452,0.1762043991079537,-1.5408544437733178,0.005756411319399935,0.012059686469231893,0.0005137781249420444,187.6799560546874,-172.79996337890623,121.58095703124991,200.6400085449219,135.83999023437502,306.6621582031248,137.2799316406249,324.4801269531249,639.654541015625,-203.0401367187501,-19.20004882812509,-157.2032226562501,-166.07999572753909,270.23994140624995,78.98876953125
1763689293.3808901,8,2,3,-0.12045464142833041,0.23634669286704846,-1.4401834982939632,0.010042352839667892,0.005422559457789625,0.00024817301821635634,190.0799804687499,-160.79996337890623,113.83681640624991,193.43999633789065,135.83999023437502,295.0464355468748,120.48000488281241,312.4801269531249,604.806396484375,-200.6399902343751,-21.59995117187509,-153.33121337890634,-156.48000488281252,263.03999023437495,86.73291015625
1763689293.4254034,8,2,3,-0.12284077591862964,0.24691762939370443,-1.5229848576710612,0.010624188008355948,0.0055236030434820445,0.0010020653033082142,187.6799560546874,-163.19998779296873,109.96474609374991,191.0400329589844,133.43999633789065,291.1743652343748,122.87990722656241,310.0799804687499,600.934326171875,-195.8399414062501,-16.80014648437509,-157.2032226562501,-156.48000488281252,258.23994140624995,90.604736328125
1763689293.5323796,8,2,3,-0.17294256815203649,0.16945124232453762,-1.3237873711758419,0.00563374308699216,0.009103881726663657,0.0003556477017279706,178.0799804687499,-148.79996337890623,109.96474609374991,179.0400329589844,116.6400085449219,267.9424316406248,115.67995605468741,293.2799316406249,558.342529296875,-181.4400390625001,-26.40000000000009,-141.7151855468751,-144.48000488281252,236.63996582031245,82.86083984375
1763689293.6408465,8,2,3,-0.05005677325169481,0.1075948080538244,-1.278991113931685,0.004681395848257031,0.006082769522029684,0.00029340041399206104,170.8800292968749,-143.99997558593748,106.09291992187491,174.24004516601565,104.6400085449219,252.45415039062482,113.27993164062491,276.4801269531249,531.238525390625,-171.8399414062501,-19.20004882812509,-141.7151855468751,-142.07999572753909,222.23994140624995,86.73291015625
1763689293.7478142,8,2,3,-0.0629342993021942,0.10300820452482949,-0.9759636426154334,0.004064755411378489,0.004541029147743936,-0.00014819212414630988,0,0,0,0,0,0,0,0,0,0,0,0,0,0,0
1763689293.8567796,8,2,3,-0.025899526702211177,0.083569063010796,-0.8923452388788367,0.0036334690300882464,0.0016037731223436471,0.00011519288649146825,154.0799804687499,-129.60001220703123,94.47695312499991,155.0400329589844,97.43999633789065,217.60649414062482,91.67995605468741,250.0799804687499,473.158447265625,-159.8399414062501,-19.20004882812509,-126.22720947265634,-127.68000183105471,200.63996582031245,78.98876953125
1763689293.9857366,8,2,3,-0.05208901947099299,0.08551528713557943,-0.7483085968793889,0.0018251036564901296,0.003221414170270386,2.7081164112007492e-06,151.6799560546874,-119.99997558593748,90.60488281249991,147.84002075195315,95.04000244140627,209.86235351562482,86.87990722656241,238.0799804687499,446.054443359375,-150.2400878906251,-24.00009765625009,-122.35520019531259,-118.08001098632815,183.84003906249995,82.86083984375
1763689294.1866806,8,2,3,-0.006914300517506113,0.07110540728526507,-0.4787301174046359,0.0016544198949940288,0.00014877976504037256,2.041552887157189e-05,132.4800048828124,-107.99997558593748,75.11684570312491,123.84002075195315,80.6400085449219,175.01420898437482,74.87990722656241,214.0799804687499,391.846435546875,-133.4400390625001,-12.000097656250091,-110.73917236328134,-106.08001098632815,169.44001464843745,71.244873046875
1763689294.2806537,8,2,3,-0.0047001859387876335,0.04384922790751139,-0.4953600001594814,-0.0014728549089889132,0.004858106315841175,-0.00015212809684182603,125.27993164062491,-107.99997558593748,67.37294921874991,123.84002075195315,75.83999023437502,171.14213867187482,72.48000488281241,206.8800292968749,387.974365234375,-133.4400390625001,-19.20004882812509,-106.86722412109384,-98.8799987792969,159.84003906249995,75.11669921875
1763689294.3896182,8,2,3,-0.06345351966293793,0.03417037766210276,-0.31557109821766466,0.000347502262392375,0.0032689821359550425,-0.00047004064673175183,122.88002929687491,-103.19998779296873,71.24477539062491,114.24001464843752,71.04000244140627,155.65434570312482,62.87990722656241,194.8800292968749,360.870361328125,-123.83994140625009,-14.400000000000091,-102.99521484375009,-101.27999267578127,147.84003906249995,71.244873046875
1763689294.5910563,8,2,3,-0.047222337288782314,0.01375863337380252,-0.26676203862267833,0.0003835613760662042,0.0034088636004399185,0.0003311097688224248,0,0,0,0,0,0,0,0,0,0,0,0,0,0,0
1763689300.495761,8,2,3,0.03520003721528442,0.0013628641472017752,-0.252686351539722,-0.0005072596914571614,-0.0005868633912466343,0.0002538144860002331,53.27993164062491,-64.79996337890623,24.78090820312491,49.44002685546877,32.6400085449219,47.23833007812482,48.48000488281241,98.88002929687491,182.758544921875,-61.44003906250009,-7.200048828125091,-60.40317382812509,-60.48000488281252,63.840039062499955,5.4208984375
1763689300.8050103,8,2,3,0.028783452841645005,-0.01533312069917351,-0.2043917357893572,-0.0011415912528564439,-0.00024900039790785774,3.532473168385038e-05,0,0,0,0,0,0,0,0,0,0,0,0,0,0,0
1763689301.0877616,8,2,3,0.02140163039493088,0.06824379301639788,-0.23636031682291114,-0.0006387533757427194,-0.00010564964353691967,9.70117141526075e-05,60.48000488281241,-67.19998779296873,24.78090820312491,56.6400085449219,39.83999023437502,58.85429687499982,43.67995605468741,96.48000488281241,190.50244140625,-66.24008789062509,-4.800146484375091,-60.40317382812509,-58.08001098632815,73.44001464843745,13.164794921875
1763689301.2939398,8,2,3,0.04118619226079641,0.012881449150649303,-0.20037339728224843,8.266976169989674e-05,0.00022736477241187006,-0.0004294226978417701,60.48000488281241,-64.79996337890623,24.78090820312491,56.6400085449219,39.83999023437502,62.72636718749982,46.07998046874991,106.07998046874991,198.246337890625,-71.04013671875009,-4.800146484375091,-68.14719238281259,-62.8799987792969,75.84003906249995,17.036865234375
1763689301.397717,8,2,3,0.07279610027137587,0.05915928675559137,-0.27177411827860204,-0.0007131382400447016,-0.0007377409591749512,6.231968939042568e-06,60.48000488281241,-64.79996337890623,20.90883789062491,61.44002685546877,42.2399841308594,66.59843749999982,46.07998046874991,106.07998046874991,182.758544921875,-71.04013671875009,-14.400000000000091,-72.01920166015634,-62.8799987792969,75.84003906249995,20.90869140625
1763689301.588957,8,2,3,0.044587692628113365,0.04451741661093739,-0.30301125412560787,-0.0003451411040715824,-0.00039542622240694734,-1.801402466646983e-06,62.88002929687491,-67.19998779296873,20.90883789062491,59.04000244140627,42.2399841308594,66.59843749999982,48.48000488281241,108.48000488281241,202.118408203125,-66.24008789062509,-9.599951171875091,-68.14719238281259,-58.08001098632815,80.63996582031245,20.90869140625
1763689301.680359,8,2,3,-0.012669532805025934,0.04320882443469955,-0.381407670748256,0.0007773056194955386,0.0007632441555765374,-2.4215404333311174e-05,65.27993164062491,-64.79996337890623,24.78090820312491,63.84002075195315,39.83999023437502,58.85429687499982,48.48000488281241,110.88002929687491,205.990478515625,-71.04013671875009,-7.200048828125091,-75.89121093750009,-65.27999267578127,83.03999023437495,17.036865234375
1763689301.7911923,8,2,3,0.04144903951839024,0.03666193281122282,-0.38542382575637935,0.00025881435664106434,-0.0005655910901342727,0.0008320718008299004,65.27993164062491,-71.99997558593748,24.78090820312491,61.44002685546877,39.83999023437502,54.98247070312482,46.07998046874991,113.28005371093741,209.862548828125,-68.63999023437509,-7.200048828125091,-75.89121093750009,-62.8799987792969,83.03999023437495,20.90869140625
1763689301.9917278,8,2,3,0.005961287337585322,0.022931395650593277,-0.33324067571533494,0.0002912147107831614,0.0006065478553581567,-0.00016385235712646992,70.07998046874991,-67.19998779296873,28.65273437499991,63.84002075195315,37.43999633789065,66.59843749999982,50.87990722656241,115.67995605468741,213.734375,-75.83994140625009,-7.200048828125091,-72.01920166015634,-67.67998657226565,83.03999023437495,28.65283203125
1763689302.0857437,8,2,3,-0.009663942400591239,0.051016348135343184,-0.36777227992118666,0.00017846613398891085,0.001097212833364842,0.00029013794128006587,62.88002929687491,-69.60001220703123,24.78090820312491,63.84002075195315,39.83999023437502,70.47026367187482,43.67995605468741,108.48000488281241,205.990478515625,-73.44003906250009,-9.599951171875091,-72.01920166015634,-62.8799987792969,83.03999023437495,24.78076171875
1763689302.1909988,8,2,3,0.006267971637135038,0.0534372815642548,-0.3156679393266396,0.0005525461594195718,0.00041316054896957383,7.538771139873413e-05,65.27993164062491,-69.60001220703123,32.52480468749991,63.84002075195315,37.43999633789065,70.47026367187482,46.07998046874991,108.48000488281241,209.862548828125,-73.44003906250009,-7.200048828125091,-72.01920166015634,-62.8799987792969,85.44001464843745,17.036865234375
1763689302.287771,8,2,3,0.016097796617127475,0.03762135641432843,-0.38519571001961317,6.710331065635231e-05,0.000503292441957509,4.978587361477261e-05,65.27993164062491,-67.19998779296873,28.65273437499991,66.24001464843752,42.2399841308594,62.72636718749982,46.07998046874991,110.88002929687491,209.862548828125,-73.44003906250009,-7.200048828125091,-68.14719238281259,-67.67998657226565,85.44001464843745,24.78076171875
1763689302.3806605,8,2,3,0.00835760273257679,0.051747163209112726,-0.3682006234956813,1.144139112586645e-05,0.0006649951296224166,-0.00018009608379723156,0,0,0,0,0,0,0,0,0,0,0,0,0,0,0
1763689302.4886942,8,2,3,0.0347310731122884,0.061349649421571346,-0.31761480420084387,0.0001302441629185934,-0.0006856280828369815,0.00022811594251946003,62.88002929687491,-67.19998779296873,24.78090820312491,59.04000244140627,47.04000244140627,70.47026367187482,46.07998046874991,113.28005371093741,202.118408203125,-73.44003906250009,-9.599951171875091,-72.01920166015634,-60.48000488281252,80.63996582031245,20.90869140625
1763689302.5818284,8,2,3,0.015550654177480618,0.05796939554737098,-0.3504259384810873,0.0004158491966506909,0.0004174736254378889,0.00021829030396943735,67.67995605468741,-69.60001220703123,20.90883789062491,61.44002685546877,37.43999633789065,62.72636718749982,46.07998046874991,110.88002929687491,202.118408203125,-73.44003906250009,-7.200048828125091,-75.89121093750009,-62.8799987792969,83.03999023437495,20.90869140625
1763689302.8125668,8,2,3,-0.00026696353824354896,0.03726816080933096,-0.3690569211283189,-9.162051845916443e-05,0.0007303018969716371,0.0005241203249817945,67.67995605468741,-71.99997558593748,24.78090820312491,59.04000244140627,37.43999633789065,70.47026367187482,46.07998046874991,108.48000488281241,198.246337890625,-73.44003906250009,-9.599951171875091,-75.89121093750009,-65.27999267578127,78.23994140624995,20.90869140625
1763689302.882108,8,2,3,0.02506598383421821,0.04369434417745281,-0.25002698215312247,0.00015559766146343442,7.128433400976648e-05,-0.0002149496802280014,65.27993164062491,-69.60001220703123,24.78090820312491,59.04000244140627,39.83999023437502,62.72636718749982,46.07998046874991,108.48000488281241,202.118408203125,-71.04013671875009,-9.599951171875091,-68.14719238281259,-62.8799987792969,80.63996582031245,17.036865234375
1763689302.9909446,8,2,3,0.008611391305639872,0.05343825639796821,-0.33462849126173555,5.024073902849054e-05,0.00028556372501890403,0.0003009242146341304,67.67995605468741,-71.99997558593748,20.90883789062491,63.84002075195315,39.83999023437502,74.34233398437482,46.07998046874991,110.88002929687491,205.990478515625,-75.83994140625009,-4.800146484375091,-75.89121093750009,-58.08001098632815,75.84003906249995,20.90869140625
1763689303.0848694,8,2,3,-0.002199973317905366,0.039243641266621915,-0.24825786322986942,0.0004574497004096147,0.00030775191998117895,0.00010032224388297385,70.07998046874991,-69.60001220703123,24.78090820312491,61.44002685546877,35.04000244140627,70.47026367187482,46.07998046874991,106.07998046874991,202.118408203125,-68.63999023437509,-4.800146484375091,-72.01920166015634,-62.8799987792969,78.23994140624995,17.036865234375
1763689303.4869792,8,2,3,0.009374957051794218,0.025548488855370526,-0.36916503973538817,-0.0003509403410492395,-0.00019365431200792793,0.000289174152226071,65.27993164062491,-67.19998779296873,20.90883789062491,59.04000244140627,35.04000244140627,62.72636718749982,41.27993164062491,106.07998046874991,202.118408203125,-68.63999023437509,-7.200048828125091,-72.01920166015634,-58.08001098632815,78.23994140624995,17.036865234375
1763689303.581471,8,2,3,0.035608029410520575,0.03661589503328371,-0.3206314374097955,-0.0004217082065326966,0.00042808889440682093,7.067815257450283e-05,65.27993164062491,-67.19998779296873,17.03676757812491,59.04000244140627,39.83999023437502,66.59843749999982,43.67995605468741,108.48000488281241,198.246337890625,-71.04013671875009,-7.200048828125091,-72.01920166015634,-65.27999267578127,80.63996582031245,24.78076171875
1763689303.6945684,8,2,3,0.043109879041226214,0.0547929895236349,-0.3015031408807061,7.629059168852046e-05,-0.0003788536816534019,7.78700689154532e-05,0,0,0,0,0,0,0,0,0,0,0,0,0,0,0
1763689303.7836063,8,2,3,0.02020448605936008,0.06478212809068616,-0.23618257085556016,-0.0005183034182579165,0.0007566714024956205,-0.0003709884412950871,62.88002929687491,-67.19998779296873,24.78090820312491,59.04000244140627,37.43999633789065,66.59843749999982,38.87990722656241,108.48000488281241,205.990478515625,-68.63999023437509,-2.400000000000091,-72.01920166015634,-60.48000488281252,80.63996582031245,24.78076171875
1763689304.0834787,8,2,3,0.035291116854914616,0.058417625382624405,-0.2517787265412075,-4.72443981793783e-05,-3.0249740087689254e-05,0.0002512582080428223,65.27993164062491,-67.19998779296873,17.03676757812491,61.44002685546877,37.43999633789065,62.72636718749982,46.07998046874991,110.88002929687491,202.118408203125,-68.63999023437509,-7.200048828125091,-68.14719238281259,-62.8799987792969,80.63996582031245,20.90869140625
1763689304.187718,8,2,3,0.009286636642813276,0.023805335569680737,-0.3020751885974844,-0.0003537417204302402,0.00019267556432189917,7.882083251624527e-05,65.27993164062491,-67.19998779296873,20.90883789062491,61.44002685546877,37.43999633789065,58.85429687499982,48.48000488281241,106.07998046874991,194.37451171875,-71.04013671875009,-9.599951171875091,-68.14719238281259,-58.08001098632815,78.23994140624995,20.90869140625
1763689304.389677,8,2,3,0.03496980733117735,-9.082706951415997e-05,-0.28676929087957975,-0.0005329776138235324,-0.00021434357316468003,0.00024173886088310777,65.27993164062491,-67.19998779296873,20.90883789062491,61.44002685546877,37.43999633789065,58.85429687499982,43.67995605468741,106.07998046874991,198.246337890625,-73.44003906250009,-7.200048828125091,-72.01920166015634,-60.48000488281252,80.63996582031245,24.78076171875
1763689304.481361,8,2,3,0.027257226640941924,0.03202581896524457,-0.2020747718376693,-0.00043233330126993903,0.00033239318567935893,-0.00027750058205107777,62.88002929687491,-64.79996337890623,24.78090820312491,59.04000244140627,37.43999633789065,66.59843749999982,41.27993164062491,108.48000488281241,194.37451171875,-66.24008789062509,-12.000097656250091,-68.14719238281259,-58.08001098632815,80.63996582031245,20.90869140625
1763689304.6849337,8,2,3,0.018812965650240893,0.06792413561022732,-0.3358694285834903,-0.0001656827463581413,0.00019094123754646197,0.00029818742953059094,65.27993164062491,-69.60001220703123,20.90883789062491,61.44002685546877,37.43999633789065,62.72636718749982,43.67995605468741,106.07998046874991,194.37451171875,-68.63999023437509,-4.800146484375091,-72.01920166015634,-58.08001098632815,75.84003906249995,24.78076171875
1763689304.888476,8,2,3,0.0026641996783622487,0.024900208469384184,-0.30480620754075444,-0.0008544611272280165,0.0010811108928115772,0.00023215814790280626,55.67995605468741,-67.19998779296873,17.03676757812491,54.24001464843752,37.43999633789065,54.98247070312482,43.67995605468741,101.28005371093741,186.63037109375,-66.24008789062509,-7.200048828125091,-72.01920166015634,-58.08001098632815,71.03999023437495,17.036865234375
1763689305.0113368,8,2,3,-0.014728788364709543,0.029190671748821378,-0.28549415621312635,-0.000639962337173765,0.00020606655569126406,0.00023951754549495383,58.07998046874991,-64.79996337890623,17.03676757812491,54.24001464843752,39.83999023437502,47.23833007812482,46.07998046874991,96.48000488281241,186.63037109375,-66.24008789062509,-4.800146484375091,-72.01920166015634,-55.67998657226565,71.03999023437495,9.292724609375
1763689305.2956283,8,2,3,0.0018120106772702878,0.03974093655755965,-0.25176337334992865,-0.00036406357922722546,-2.8508946189928443e-05,0.0005644315101159981,43.67995605468741,-62.39999999999998,5.420800781249909,47.04000244140627,30.239984130859398,35.62236328124982,41.27993164062491,84.48000488281241,163.3984375,-61.44003906250009,-9.765625009094947e-05,-60.40317382812509,-50.8799987792969,63.840039062499955,9.292724609375
1763689310.6896658,8,2,3,0.06903708620190994,0.041345937742712134,-0.21826458756785772,9.25737068369699e-07,-0.0009658756017468429,0.00010818497955183512,34.07998046874991,-57.60001220703123,-2.323095703125091,35.04000244140627,30.239984130859398,16.262255859374818,34.07998046874991,60.48000488281241,120.806396484375,-42.24008789062509,4.799951171874909,-64.27518310546884,-48.48000488281252,47.039990234374955,-10.067138671875
1763689311.091143,8,2,3,0.09510550952283356,0.05845683194337324,-0.21811528123269847,0.00015089436249281435,-0.0017531833001261563,0.0001070729798492614,41.27993164062491,-57.60001220703123,-2.323095703125091,47.04000244140627,35.04000244140627,31.750292968749818,36.48000488281241,72.48000488281241,144.038330078125,-49.44003906250009,2.400048828124909,-68.14719238281259,-48.48000488281252,63.840039062499955,-6.195068359375
1763689311.1819763,8,2,3,0.0069423983541107214,0.004797213778058234,-0.2666827483622978,2.315048861283096e-06,0.000135308284187824,-6.167369232453607e-05,43.67995605468741,-59.99997558593748,9.292871093749909,42.24001464843752,30.239984130859398,31.750292968749818,38.87990722656241,77.28005371093741,151.782470703125,-51.83994140625009,-2.400000000000091,-60.40317382812509,-48.48000488281252,66.23994140624995,5.4208984375
1763689311.2960808,8,2,3,0.1021075068631477,0.055617003760565734,-0.3345968922795496,0.00043461036999869617,-0.0021966645176801133,0.00014499879495339437,53.27993164062491,-62.39999999999998,13.164941406249909,44.6400085449219,37.43999633789065,51.11040039062482,41.27993164062491,84.48000488281241,167.2705078125,-59.04013671875009,-9.765625009094947e-05,-68.14719238281259,-53.27999267578127,66.23994140624995,9.292724609375
1763689311.4800384,8,2,3,0.014265705216579688,0.06046583806916604,-0.3481737950621494,0.0007717642725951525,-0.0001240791005055025,-1.4228529896188221e-05,58.07998046874991,-62.39999999999998,17.03676757812491,54.24001464843752,37.43999633789065,58.85429687499982,46.07998046874991,96.48000488281241,186.63037109375,-63.83994140625009,-9.599951171875091,-72.01920166015634,-58.08001098632815,78.23994140624995,17.036865234375
1763689311.5919886,8,2,3,-0.028419201043070018,0.1274696710625034,-0.4820210058979294,0.0010839033211546166,0.0019985171476351693,-6.586119235824794e-05,67.67995605468741,-67.19998779296873,24.78090820312491,66.24001464843752,39.83999023437502,70.47026367187482,46.07998046874991,113.28005371093741,198.246337890625,-73.44003906250009,-12.000097656250091,-72.01920166015634,-55.67998657226565,85.44001464843745,20.90869140625
1763689311.6862354,8,2,3,0.031287372532051064,0.07401829255740242,-0.5191734643876248,0.0006548796684094882,0.001294639098703816,7.957216321774549e-05,72.48000488281241,-67.19998779296873,32.52480468749991,71.04000244140627,42.2399841308594,85.95854492187482,43.67995605468741,118.07998046874991,217.6064453125,-75.83994140625009,-12.000097656250091,-72.01920166015634,-60.48000488281252,90.23994140624995,28.65283203125
1763689311.795017,8,2,3,-0.01728182022288395,0.12625262478223898,-0.6635053905260718,0.002184097361335295,0.002559582287895025,-0.000360257040968055,79.67995605468741,-71.99997558593748,44.14077148437491,80.6400085449219,51.83999023437502,101.44633789062482,46.07998046874991,137.2800537109374,252.454345703125,-90.24008789062509,-16.80014648437509,-75.89121093750009,-67.67998657226565,104.63996582031245,32.52490234375
1763689311.8851476,8,2,3,-0.08835992299629736,0.07535482832314165,-0.749170408116319,0.0018736769186872037,0.006067503375499765,-0.00023021061868191267,89.27993164062491,-76.79996337890623,48.01284179687491,80.6400085449219,51.83999023437502,116.93413085937482,48.48000488281241,139.6799560546874,264.070556640625,-97.44003906250009,-16.80014648437509,-79.76322021484384,-70.08001098632815,111.84003906249995,44.140869140625
1763689311.9816978,8,2,3,-0.10801893258602538,0.1775582132265055,-0.9445338212647114,0.0033210088905034525,0.0056550207473470325,-0.00022445645717140104,91.67995605468741,-81.60001220703123,51.88491210937491,97.44002685546877,54.2399841308594,132.42241210937482,60.48000488281241,154.0799804687499,287.302490234375,-102.24008789062509,-21.59995117187509,-91.37918701171884,-72.48000488281252,121.44001464843745,51.884765625
1763689312.5915413,8,2,3,-0.12489148414181453,0.16785217274510217,-1.2774674037777483,0.004644253994813978,0.007558024195919705,0.00021104009571288847,108.48000488281241,-81.60001220703123,63.50087890624991,109.44002685546877,71.04000244140627,167.27055664062482,60.48000488281241,178.0799804687499,333.766357421875,-121.44003906250009,-28.80014648437509,-102.99521484375009,-79.67998657226565,138.23994140624995,67.372802734375
1763689312.683612,8,2,3,-0.092334934030912,0.12968408379422014,-1.3122411617950083,0.004676189990708586,0.007089317928079184,0.0005927412101544317,108.48000488281241,-81.60001220703123,67.37294921874991,107.04000244140627,68.6400085449219,159.52641601562482,62.87990722656241,178.0799804687499,333.766357421875,-119.04013671875009,-24.00009765625009,-87.50717773437509,-79.67998657226565,135.84003906249995,55.7568359375
1763689312.7925177,8,2,3,-0.0929390322762979,0.17272736003556666,-1.1230554334508411,0.005413683384427399,0.006191640975012937,3.410929420538157e-05,106.07998046874991,-76.79996337890623,71.24477539062491,111.84002075195315,68.6400085449219,163.39848632812482,60.48000488281241,175.6799560546874,333.766357421875,-116.63999023437509,-24.00009765625009,-91.37918701171884,-79.67998657226565,140.63996582031245,55.7568359375
1763689312.8988779,8,2,3,-0.0913127067096288,0.14024599371209634,-1.2614272271093054,0.004603281718057016,0.006807578251518272,0.00021866730833584142,106.07998046874991,-83.99997558593748,63.50087890624991,109.44002685546877,66.2399841308594,159.52641601562482,62.87990722656241,180.4800048828124,333.766357421875,-119.04013671875009,-24.00009765625009,-91.37918701171884,-82.08001098632815,140.63996582031245,55.7568359375
1763689313.0900836,8,2,3,-0.07795616608403758,0.1306257096420112,-1.1412572529867826,0.005400804798252266,0.006815720996839678,0.00018767236803889618,101.27993164062491,-83.99997558593748,67.37294921874991,104.6400085449219,66.2399841308594,159.52641601562482,65.27993164062491,170.8800292968749,337.638427734375,-123.83994140625009,-24.00009765625009,-95.25119628906259,-79.67998657226565,143.03999023437495,48.0126953125
1763689313.2957506,8,2,3,-0.13316639482226308,0.27577688555453583,-1.1709307770353488,0.01107659517613917,0.009317190815007266,0.00018998037314406856,101.27993164062491,-83.99997558593748,75.11684570312491,104.6400085449219,66.2399841308594,167.27055664062482,67.67995605468741,163.6799560546874,341.510498046875,-121.44003906250009,-24.00009765625009,-83.63522949218759,-79.67998657226565,143.03999023437495,48.0126953125
1763689313.403885,8,2,3,-0.13276827687936943,0.18092266141674387,-1.096137493021224,0.008306659910443302,0.008927382839116628,-0.0001780719390664274,98.88002929687491,-88.79996337890623,63.50087890624991,104.6400085449219,63.83999023437502,167.27055664062482,62.87990722656241,166.0799804687499,337.638427734375,-123.83994140625009,-24.00009765625009,-87.50717773437509,-79.67998657226565,140.63996582031245,51.884765625
1763689313.4945002,8,2,3,-0.16001991228314422,0.2061843578382024,-1.1942436864560202,0.00881444575198002,0.009153280349967275,-0.00013473707641359204,101.27993164062491,-86.39999999999998,71.24477539062491,97.44002685546877,66.2399841308594,159.52641601562482,60.48000488281241,166.0799804687499,333.766357421875,-123.83994140625009,-21.59995117187509,-79.76322021484384,-79.67998657226565,140.63996582031245,48.0126953125
1763689313.7831988,8,2,3,-0.17569480199139326,0.20420080801979468,-1.1281337674028125,0.008476141234160375,0.009664882782156239,-0.00011222672942381301,101.27993164062491,-83.99997558593748,71.24477539062491,104.6400085449219,68.6400085449219,167.27055664062482,60.48000488281241,168.4800048828124,329.89453125,-123.83994140625009,-26.40000000000009,-91.37918701171884,-77.27999267578127,145.44001464843745,48.0126953125
1763689313.8906467,8,2,3,-0.15684631131153515,0.24353351969772352,-1.1795662219709913,0.008450997331194438,0.009487033214877495,-5.6126150594100433e-05,0,0,0,0,0,0,0,0,0,0,0,0,0,0,0
1763689313.9836586,8,2,3,-0.1350603995338971,0.249004482540024,-1.2106822404610613,0.009327018571358507,0.00940397041226064,-0.00014221245262831987,94.07998046874991,-83.99997558593748,67.37294921874991,97.44002685546877,61.43999633789065,163.39848632812482,60.48000488281241,161.2800537109374,341.510498046875,-119.04013671875009,-24.00009765625009,-79.76322021484384,-82.08001098632815,143.03999023437495,48.0126953125
1763689314.1848655,8,2,3,-0.1356425733984643,0.17827586784733623,-1.1501691964511185,0.007102717418869793,0.00808324958095511,-0.00012439245221413807,101.27993164062491,-79.19998779296873,67.37294921874991,104.6400085449219,68.6400085449219,155.65434570312482,58.07998046874991,168.4800048828124,326.0224609375,-116.63999023437509,-24.00009765625009,-91.37918701171884,-84.48000488281252,133.44001464843745,55.7568359375
1763689314.2944758,8,2,3,-0.11422867006843304,0.12697028415987682,-1.076604670915572,0.0040379965614670615,0.006370451323734641,-0.00018567968223106896,103.67995605468741,-81.60001220703123,59.62880859374991,104.6400085449219,66.2399841308594,151.78227539062482,58.07998046874991,173.2800537109374,314.406494140625,-116.63999023437509,-24.00009765625009,-95.25119628906259,-74.8799987792969,138.23994140624995,59.62890625
1763689314.3855307,8,2,3,-0.09202837748566131,0.0905881637948579,-0.9796637786042561,0.002771467403244302,0.005057873360993837,-0.0004665300224449919,103.67995605468741,-79.19998779296873,63.50087890624991,102.24001464843752,68.6400085449219,155.65434570312482,53.27993164062491,170.8800292968749,314.406494140625,-119.04013671875009,-24.00009765625009,-95.25119628906259,-77.27999267578127,133.44001464843745,59.62890625
1763689314.58974,8,2,3,-0.08305203388419144,0.05117613809243028,-1.1573871325256748,0.00040803252840430036,0.004543179198099629,0.0003229573449994263,108.48000488281241,-83.99997558593748,63.50087890624991,109.44002685546877,66.2399841308594,155.65434570312482,60.48000488281241,170.8800292968749,310.534423828125,-119.04013671875009,-24.00009765625009,-87.50717773437509,-79.67998657226565,126.23994140624995,51.884765625
1763689314.8853445,8,2,3,-0.13247698987557133,0.07325497868245803,-1.0190254069977758,0.0017517216861077586,0.008286024118689016,-0.00016985838338244715,106.07998046874991,-79.19998779296873,55.75673828124991,109.44002685546877,68.6400085449219,151.78227539062482,48.48000488281241,166.0799804687499,302.79052734375,-114.24008789062509,-21.59995117187509,-91.37918701171884,-67.67998657226565,133.44001464843745,51.884765625
1763689315.0905066,8,2,3,-0.10614075186348182,0.050775295908178676,-0.9448625206543466,-0.0004059150831305312,0.008215655779543305,0.00039629425272912235,0,0,0,0,0,0,0,0,0,0,0,0,0,0,0
1763689315.1971085,8,2,3,-0.11693171208730115,0.06689179806737594,-0.7186326963941101,0.0006430365110244487,0.00564095932897267,-6.751210184641762e-05,94.07998046874991,-74.39999999999998,48.01284179687491,85.44002685546877,59.04000244140627,124.67827148437482,48.48000488281241,149.2800537109374,267.9423828125,-99.83994140625009,-19.20004882812509,-83.63522949218759,-65.27999267578127,111.84003906249995,51.884765625
1763689315.3852155,8,2,3,0.017790737751160593,0.07037794477527576,-0.45539293913887147,-0.0002032602805387909,0.002059797452233945,9.916837365045716e-05,79.67995605468741,-69.60001220703123,36.39687499999991,80.6400085449219,49.43999633789065,101.44633789062482,46.07998046874991,127.67995605468741,240.83837890625,-90.24008789062509,-14.400000000000091,-79.76322021484384,-65.27999267578127,99.84003906249995,40.268798828125
1763689315.412981,8,2,3,0.0036560062122940615,0.07988542982242454,-0.5584441930742031,-0.0008240040496831488,0.0021533916050020785,0.00037163409817828725,77.27993164062491,-67.19998779296873,40.26894531249991,80.6400085449219,39.83999023437502,97.57426757812482,46.07998046874991,127.67995605468741,236.966552734375,-85.44003906250009,-12.000097656250091,-75.89121093750009,-65.27999267578127,97.44001464843745,40.268798828125
1763689315.583467,8,2,3,-0.01954606116924358,0.03130671793983757,-0.4662943873301516,0.0003298047116602437,5.594313668132135e-05,0.00017897823233136857,72.48000488281241,-71.99997558593748,28.65273437499991,68.6400085449219,32.6400085449219,78.21440429687482,46.07998046874991,120.48000488281241,217.6064453125,-78.24008789062509,-9.599951171875091,-64.27518310546884,-67.67998657226565,90.23994140624995,24.78076171875
1763689315.6115446,8,2,3,-0.006999945204092636,0.0630908860938019,-0.3856346239060942,-0.00022370758135070463,0.00040673914439805806,0.0003589523097621657,67.67995605468741,-71.99997558593748,32.52480468749991,63.84002075195315,37.43999633789065,66.59843749999982,53.27993164062491,115.67995605468741,221.478515625,-78.24008789062509,-4.800146484375091,-68.14719238281259,-65.27999267578127,87.84003906249995,20.90869140625
1763689315.8008926,8,2,3,0.060237213019457045,0.06310475545165936,-0.23509810062069636,0.0001662904089395069,-0.0001460320889147159,0.00017939445384308883,50.88002929687491,-67.19998779296873,20.90883789062491,49.44002685546877,35.04000244140627,54.98247070312482,41.27993164062491,89.28005371093741,178.886474609375,-61.44003906250009,-4.800146484375091,-60.40317382812509,-53.27999267578127,71.03999023437495,9.292724609375
1763689318.4946058,8,2,3,0.03655259425730539,0.015240319495123673,-0.2351347317815401,-0.0005451079509285802,-0.0016309085591992589,0.0003366418658818094,26.88002929687491,-57.60001220703123,-10.067236328125091,32.6400085449219,30.239984130859398,8.518359374999818,38.87990722656241,58.07998046874991,116.934326171875,-39.83994140625009,7.199853515624909,-52.65921630859384,-48.48000488281252,44.639965820312455,-6.195068359375
1763689320.387082,8,2,3,0.03654154690976864,0.061556507813179534,-0.2009869719118451,-0.00016604715341224705,-0.0008804820670666711,0.0002684110110075748,26.88002929687491,-52.79996337890623,-6.195166015625091,27.840020751953148,25.439996337890648,8.518359374999818,36.48000488281241,50.88002929687491,109.1904296875,-35.04013671875009,7.199853515624909,-52.65921630859384,-38.8799987792969,42.239941406249955,-13.939208984375
1763689320.9809704,8,2,3,0.031066291038158,0.0377543761318202,-0.22054735416449434,-0.0010312404233430693,-0.0012214815441126783,0.00041605219317261666,31.67995605468741,-55.19998779296873,-6.195166015625091,35.04000244140627,30.239984130859398,16.262255859374818,38.87990722656241,58.07998046874991,124.678466796875,-37.44003906250009,4.799951171874909,-56.53122558593759,-43.67998657226565,49.440014648437455,-6.195068359375
1763689321.210454,8,2,3,-0.1004419085530019,-0.025113536570616567,-0.25108317407762576,-0.0012875526669027095,0.001991138755396664,-0.00060538733125575,43.67995605468741,-57.60001220703123,9.292871093749909,44.6400085449219,35.04000244140627,43.36625976562482,38.87990722656241,74.88002929687491,147.910400390625,-51.83994140625009,-9.765625009094947e-05,-56.53122558593759,-48.48000488281252,61.440014648437455,5.4208984375
1763689321.4128542,8,2,3,0.020902900093702118,0.06452418444095048,-0.27110897165784326,-0.0006883195539427458,0.0008308270339254345,8.49199723864596e-05,53.27993164062491,-59.99997558593748,1.548730468749909,56.6400085449219,37.43999633789065,51.11040039062482,41.27993164062491,84.48000488281241,167.2705078125,-56.63999023437509,-2.400000000000091,-60.40317382812509,-50.8799987792969,71.03999023437495,13.164794921875
1763689321.5876794,8,2,3,-0.014642582337394225,0.06250056776468743,-0.4050744580609692,-0.0005799063104188251,0.001772886980813261,0.0005072124471472733,62.88002929687491,-62.39999999999998,17.03676757812491,56.6400085449219,47.04000244140627,66.59843749999982,41.27993164062491,101.28005371093741,182.758544921875,-66.24008789062509,-7.200048828125091,-68.14719238281259,-55.67998657226565,78.23994140624995,17.036865234375
1763689321.789519,8,2,3,-0.030015278694845313,0.11084436555080182,-0.6325207347195793,0.0012561470382609144,0.001432361448480391,0.00042974918713126615,0,0,0,0,0,0,0,0,0,0,0,0,0,0,0
1763689322.0829802,8,2,3,-0.0856541178871271,0.08871848500237134,-1.0627514097986672,0.0032644438191717245,0.0045195017510166816,0.0005223213998225151,98.88002929687491,-76.79996337890623,44.14077148437491,97.44002685546877,56.6400085449219,132.42241210937482,50.87990722656241,156.4800048828124,287.302490234375,-102.24008789062509,-24.00009765625009,-83.63522949218759,-72.48000488281252,114.23994140624995,51.884765625
1763689322.394282,8,2,3,-0.1820369534620876,0.0556903010432026,-1.4525057812310656,0.0026410534542333506,0.009893497280017606,0.00015044560592662574,122.88002929687491,-93.60001220703123,75.11684570312491,123.84002075195315,68.6400085449219,178.88627929687482,65.27993164062491,194.8800292968749,356.99853515625,-128.6399902343751,-26.40000000000009,-99.12320556640634,-91.67998657226565,150.23994140624995,71.244873046875
1763689322.488533,8,2,3,-0.10517000541505728,0.15028566967676293,-1.519160550144984,0.0035740942504299414,0.009127055871725926,4.362862885136723e-05,132.4800048828124,-93.60001220703123,78.98891601562491,128.6400085449219,75.83999023437502,194.37456054687482,70.07998046874991,206.8800292968749,376.3583984375,-140.6399902343751,-26.40000000000009,-110.73917236328134,-91.67998657226565,159.84003906249995,67.372802734375
1763689322.5831347,8,2,3,-0.15927101469744304,0.11602778424574486,-1.7370043799611041,0.0035409910602422967,0.0108861709706059,-3.063708288593165e-05,144.4800048828124,-103.19998779296873,86.73281249999991,143.04000244140627,85.43999633789065,205.99028320312482,77.27993164062491,228.4801269531249,411.20654296875,-145.4400390625001,-28.80014648437509,-114.61118164062509,-94.08001098632815,169.44001464843745,82.86083984375
1763689322.8952513,8,2,3,-0.19702418150641093,0.13725165836377212,-2.35888234031008,0.003829662197279355,0.013576762799113065,-0.0002525824753973763,175.6799560546874,-117.60001220703123,102.22084960937491,179.0400329589844,104.6400085449219,256.3262207031248,94.07998046874991,276.4801269531249,492.5185546875,-179.0401367187501,-28.80014648437509,-133.97122802734384,-122.8799987792969,207.84003906249995,98.348876953125
1763689322.9903076,8,2,3,-0.24136366909003215,0.1646306376626902,-2.6205845093714872,0.005988330751662776,0.015256599384893986,0.0005997618879349119,182.8800292968749,-129.60001220703123,109.96474609374991,188.6400085449219,116.6400085449219,271.8145019531248,96.48000488281241,290.8800292968749,531.238525390625,-186.2400878906251,-36.00009765625009,-149.4592041015626,-127.68000183105471,224.63996582031245,106.0927734375
1763689323.0980058,8,2,3,-0.3306077333712629,0.15424855549675848,-2.8121425945714535,0.004282769615317609,0.019442844740655354,0.0004480262340715818,192.4800048828124,-129.60001220703123,117.70888671874991,195.84002075195315,116.6400085449219,287.3022949218748,98.87990722656241,302.8800292968749,538.982421875,-191.0401367187501,-33.59995117187509,-157.2032226562501,-134.8799987792969,227.03999023437495,109.96484375
1763689323.1925242,8,2,3,-0.30915093923068615,0.05726282670221049,-2.851775369288267,0.0024772017297103174,0.01849977553643652,0.00012144579307307095,190.0799804687499,-129.60001220703123,117.70888671874991,195.84002075195315,121.43999633789065,283.4302246093748,98.87990722656241,300.4801269531249,535.1103515625,-188.6399902343751,-26.40000000000009,-153.33121337890634,-132.48000488281252,227.03999023437495,102.220703125
1763689323.483886,8,2,3,-0.25251049607769754,0.09690087006412676,-2.44847211731417,0.002289297704886277,0.015236809999741911,0.0002601739402352452,0,0,0,0,0,0,0,0,0,0,0,0,0,0,0
1763689323.592995,8,2,3,-0.24780480140893926,0.10755058993183124,-2.6157243634840635,0.0029909961727982463,0.01649421894504816,0.0004373596419374173,187.6799560546874,-127.19998779296873,113.83681640624991,193.43999633789065,121.43999633789065,283.4302246093748,98.87990722656241,302.8800292968749,538.982421875,-186.2400878906251,-31.20004882812509,-145.58719482421884,-130.07999572753909,227.03999023437495,106.0927734375
1763689323.6869986,8,2,3,-0.31764283516810154,0.1349486393935644,-2.6210881550263743,0.0053827732208600095,0.017034321459831536,0.0005221724473868756,185.2799316406249,-129.60001220703123,109.96474609374991,191.0400329589844,116.6400085449219,279.5581542968748,98.87990722656241,298.0799804687499,535.1103515625,-188.6399902343751,-31.20004882812509,-141.7151855468751,-130.07999572753909,231.84003906249995,106.0927734375
1763689323.8897219,8,2,3,-0.24162578142601898,0.09827432564635062,-2.493957805045064,0.0036258948129068965,0.015163205331097634,1.5025111291648314e-05,185.2799316406249,-129.60001220703123,113.83681640624991,195.84002075195315,114.2399841308594,279.5581542968748,98.87990722656241,298.0799804687499,527.366455078125,-191.0401367187501,-33.59995117187509,-145.58719482421884,-132.48000488281252,224.63996582031245,106.0927734375
1763689323.9831371,8,2,3,-0.2518627413742134,0.17512666374927188,-2.5232865176702717,0.004760053266360769,0.014775960124746537,0.0004718135658904445,190.0799804687499,-131.99997558593748,113.83681640624991,183.84002075195315,116.6400085449219,279.5581542968748,98.87990722656241,298.0799804687499,535.1103515625,-186.2400878906251,-33.59995117187509,-149.4592041015626,-139.6800018310547,227.03999023437495,102.220703125
1763689324.091835,8,2,3,-0.27159112130491403,0.1730873020650974,-2.5048959914545788,0.005248155536053243,0.015608278906088215,0.0007155343352500355,0,0,0,0,0,0,0,0,0,0,0,0,0,0,0
1763689324.1862578,8,2,3,-0.2837896458018305,0.10208330018503284,-2.4937344950864584,0.0034872992669768,0.01579852972433243,0.0004054456973953699,194.8800292968749,-131.99997558593748,113.83681640624991,195.84002075195315,116.6400085449219,275.6865722656248,96.48000488281241,300.4801269531249,531.238525390625,-188.6399902343751,-28.80014648437509,-153.33121337890634,-137.28000793457034,227.03999023437495,106.0927734375
1763689324.215295,8,2,3,-0.22298357180935555,0.10725317292368618,-2.513015109821346,0.003367229515219248,0.015177008611308919,0.0003189276179209029,192.4800048828124,-129.60001220703123,113.83681640624991,191.0400329589844,114.2399841308594,283.4302246093748,96.48000488281241,298.0799804687499,523.494384765625,-188.6399902343751,-31.20004882812509,-157.2032226562501,-130.07999572753909,227.03999023437495,106.0927734375
1763689324.3084748,8,2,3,-0.27442848177317575,0.14454432732684508,-2.5108975769599184,0.0036578282341440485,0.016177948135659766,0.00039636165231630364,185.2799316406249,-131.99997558593748,113.83681640624991,191.0400329589844,119.04000244140627,283.4302246093748,96.48000488281241,298.0799804687499,527.366455078125,-186.2400878906251,-28.80014648437509,-149.4592041015626,-130.07999572753909,227.03999023437495,106.0927734375
1763689324.4022486,8,2,3,-0.32120712797296924,0.09709336441838758,-2.593106639542435,0.0038992600306268863,0.01752184347879586,0.00037277427551058503,192.4800048828124,-129.60001220703123,106.09291992187491,193.43999633789065,119.04000244140627,283.4302246093748,96.48000488281241,302.8800292968749,535.1103515625,-193.4400390625001,-31.20004882812509,-149.4592041015626,-132.48000488281252,231.84003906249995,109.96484375
1763689324.7937193,8,2,3,-0.32149448439316475,0.09719539599584937,-2.533150786494027,0.002058616665980174,0.01816031425031305,7.355250563774755e-05,0,0,0,0,0,0,0,0,0,0,0,0,0,0,0
1763689324.8865724,8,2,3,-0.32790122969102664,0.044313651251209146,-2.5695409392030735,0.0011198605545897373,0.01773674202651634,0.00021740270877934316,190.0799804687499,-127.19998779296873,113.83681640624991,193.43999633789065,119.04000244140627,283.4302246093748,94.07998046874991,300.4801269531249,531.238525390625,-188.6399902343751,-28.80014648437509,-149.4592041015626,-132.48000488281252,229.44001464843745,109.96484375
1763689324.998181,8,2,3,-0.2828046510757486,0.08056304136119245,-2.419343493529319,0.0011379514644643024,0.016797044905961348,0.00018931240439126404,187.6799560546874,-131.99997558593748,109.96474609374991,195.84002075195315,121.43999633789065,283.4302246093748,94.07998046874991,305.2799316406249,527.366455078125,-186.2400878906251,-28.80014648437509,-149.4592041015626,-130.07999572753909,227.03999023437495,109.96484375
1763689325.1833398,8,2,3,-0.3322673194775587,0.09780249540362244,-2.5552657567596277,0.0007379023558841107,0.017840677453682705,0.000997999326905843,192.4800048828124,-131.99997558593748,113.83681640624991,200.6400085449219,123.83999023437502,275.6865722656248,94.07998046874991,307.6800781249999,527.366455078125,-188.6399902343751,-28.80014648437509,-157.2032226562501,-132.48000488281252,227.03999023437495,106.0927734375
1763689325.2930396,8,2,3,-0.26190846401897094,0.07050239612210006,-2.491132751975257,0.00020946275280360905,0.016496565917040202,0.0005512237361033445,0,0,0,0,0,0,0,0,0,0,0,0,0,0,0
1763689325.385765,8,2,3,-0.26801594340264007,-0.024959277398164142,-2.4165074650339973,-0.002884702725897936,0.015029738448830753,0.0004942720872268245,197.2799316406249,-131.99997558593748,109.96474609374991,203.0400329589844,121.43999633789065,275.6865722656248,96.48000488281241,312.4801269531249,523.494384765625,-188.6399902343751,-31.20004882812509,-161.0751708984376,-134.8799987792969,227.03999023437495,109.96484375
1763689325.4954221,8,2,3,-0.31424741155555713,0.06051901675521183,-2.5228303246877797,0.00027838031145057795,0.01703853155101957,0.0006978492619780161,194.8800292968749,-131.99997558593748,117.70888671874991,198.24004516601565,123.83999023437502,283.4302246093748,96.48000488281241,305.2799316406249,542.8544921875,-191.0401367187501,-36.00009765625009,-157.2032226562501,-132.48000488281252,227.03999023437495,106.0927734375
1763689325.590076,8,2,3,-0.25974475043070966,0.08941028837823645,-2.4001785654072183,0.001908251375107509,0.015856838200715016,0.0005893235788319148,199.6799560546874,-131.99997558593748,109.96474609374991,203.0400329589844,121.43999633789065,279.5581542968748,94.07998046874991,302.8800292968749,535.1103515625,-186.2400878906251,-31.20004882812509,-157.2032226562501,-137.28000793457034,227.03999023437495,117.708740234375
1763689325.6839669,8,2,3,-0.22882263752033116,0.04148515908499491,-2.3873998630637354,0.000536265157879392,0.013708230880077287,0.0005132755457111142,190.0799804687499,-131.99997558593748,102.22084960937491,195.84002075195315,116.6400085449219,271.8145019531248,101.27993164062491,300.4801269531249,519.62255859375,-181.4400390625001,-26.40000000000009,-153.33121337890634,-127.68000183105471,219.84003906249995,102.220703125
1763689325.7975616,8,2,3,-0.1718345151201283,0.060254315471437406,-2.1943294633393027,-0.0006089434476444539,0.015465727589264004,0.0003411222519352288,180.4800048828124,-117.60001220703123,102.22084960937491,183.84002075195315,111.83999023437502,260.1982910156248,84.48000488281241,278.8800292968749,477.030517578125,-171.8399414062501,-31.20004882812509,-149.4592041015626,-120.48000488281252,207.84003906249995,102.220703125
1763689325.88526,8,2,3,-0.16349609827426104,0.11466848195249917,-1.7845355026040022,0.0004821891345019166,0.012921871381908234,0.00025233760529267736,168.4800048828124,-115.19998779296873,94.47695312499991,171.84002075195315,95.04000244140627,240.83842773437482,79.67995605468741,259.6800781249999,457.67041015625,-167.0401367187501,-24.00009765625009,-126.22720947265634,-108.48000488281252,191.03999023437495,102.220703125
1763689326.0895562,8,2,3,-0.09626320803868346,0.04173913112478152,-1.2681707538991025,-0.0010872530589388536,0.009113987314447328,0.00035694702784680763,144.4800048828124,-100.79996337890623,78.98891601562491,145.44002685546877,71.04000244140627,190.50249023437482,72.48000488281241,223.6800781249999,384.1025390625,-140.6399902343751,-26.40000000000009,-114.61118164062509,-96.48000488281252,157.44001464843745,90.604736328125
1763689326.1851277,8,2,3,-0.011787274052465312,0.030825812346284218,-1.0413090943202596,-2.105225625511492e-05,0.0015054626257271343,0.000363272093138809,134.8800292968749,-88.79996337890623,71.24477539062491,131.04000244140627,68.6400085449219,167.27055664062482,65.27993164062491,204.4801269531249,349.25439453125,-121.44003906250009,-21.59995117187509,-106.86722412109384,-86.8799987792969,145.44001464843745,78.98876953125
1763689326.3844194,8,2,3,-0.04273570171213191,-0.006269941540243094,-0.5199186136087929,-0.0006777559327894877,0.0008049286198866984,2.6499674227868934e-06,110.88002929687491,-83.99997558593748,48.01284179687491,109.44002685546877,49.43999633789065,120.80620117187482,53.27993164062491,170.8800292968749,291.174560546875,-104.63999023437509,-14.400000000000091,-91.37918701171884,-79.67998657226565,114.23994140624995,59.62890625
1763689326.6816485,8,2,3,-0.010002383216091502,-0.007553323142652223,-0.356619720539082,-0.0019604319528733847,-0.0007915620038824128,0.00013313848212946925,91.67995605468741,-69.60001220703123,40.26894531249991,85.44002685546877,47.04000244140627,93.70219726562482,48.48000488281241,146.8800292968749,248.58251953125,-87.83994140625009,-12.000097656250091,-87.50717773437509,-67.67998657226565,97.44001464843745,40.268798828125
1763689327.2050254,8,2,3,0.06117811284447498,0.007853886445681125,-0.21955231386297216,-0.00043170484889821874,-0.0011838140419152933,0.00042150024615198974,60.48000488281241,-67.19998779296873,32.52480468749991,63.84002075195315,32.6400085449219,62.72636718749982,41.27993164062491,108.48000488281241,205.990478515625,-73.44003906250009,-7.200048828125091,-68.14719238281259,-62.8799987792969,78.23994140624995,24.78076171875
1763689331.189502,8,2,3,0.00029640320148446864,-0.007361034310298157,-0.20019338454946478,-0.000400999974776067,-0.000556461337825456,0.0001958119072745026,24.48000488281241,-55.19998779296873,-6.195166015625091,27.840020751953148,27.839990234375023,12.390429687499818,38.87990722656241,53.28005371093741,116.934326171875,-39.83994140625009,9.599999999999909,-60.40317382812509,-48.48000488281252,49.440014648437455,-10.067138671875
1763689332.9975595,8,2,3,0.07083224099737268,0.05741335661543738,-0.3720261964112125,-0.00042783621800514173,-0.00016519002494483782,-2.8041403644786674e-05,60.48000488281241,-64.79996337890623,28.65273437499991,59.04000244140627,37.43999633789065,58.85429687499982,38.87990722656241,101.28005371093741,198.246337890625,-71.04013671875009,-7.200048828125091,-68.14719238281259,-58.08001098632815,75.84003906249995,17.036865234375
1763689333.1830554,8,2,3,-0.1133939097696215,0.09103782894709732,-0.6447428168927208,0.0022454458958637764,0.0037543020174966068,0.000901510873388034,70.07998046874991,-69.60001220703123,36.39687499999991,66.24001464843752,37.43999633789065,93.70219726562482,48.48000488281241,122.88002929687491,240.83837890625,-83.04013671875009,-14.400000000000091,-72.01920166015634,-65.27999267578127,95.03999023437495,28.65283203125
1763689333.2913797,8,2,3,-0.0029993086970852498,0.04810445693325903,-0.7312101737996541,0.0020302696462771697,0.0023515272596349585,-0.0005347347620179122,77.27993164062491,-71.99997558593748,48.01284179687491,80.6400085449219,54.2399841308594,113.06254882812482,50.87990722656241,125.28005371093741,260.198486328125,-95.04013671875009,-19.20004882812509,-75.89121093750009,-65.27999267578127,107.03999023437495,24.78076171875
1763689333.3679926,8,2,3,-0.021661064453302077,0.07907249838272583,-0.8813944841454323,0.002602431022531883,0.0024782145280846436,0.0008188033165652513,79.67995605468741,-79.19998779296873,48.01284179687491,78.24001464843752,47.04000244140627,132.42241210937482,55.67995605468741,144.4800048828124,287.302490234375,-102.24008789062509,-19.20004882812509,-75.89121093750009,-74.8799987792969,116.63996582031245,40.268798828125
1763689333.496883,8,2,3,-0.15618807427486883,0.3266732146613285,-1.071828492544331,0.009535380067765246,0.006119419887353189,0.0002917688323323549,94.07998046874991,-81.60001220703123,59.62880859374991,95.04000244140627,61.43999633789065,147.91020507812482,53.27993164062491,151.6799560546874,302.79052734375,-114.24008789062509,-28.80014648437509,-83.63522949218759,-72.48000488281252,126.23994140624995,36.396728515625
1763689333.5553994,8,2,3,-0.06774782130650575,0.22032977082231348,-1.1591318423462995,0.00965904641622817,0.006308193255805143,0.00027002927682474127,96.48000488281241,-79.19998779296873,67.37294921874991,99.84002075195315,68.6400085449219,155.65434570312482,53.27993164062491,163.6799560546874,310.534423828125,-109.44003906250009,-24.00009765625009,-91.37918701171884,-70.08001098632815,133.44001464843745,48.0126953125
1763689333.6857634,8,2,3,-0.11799579386454685,0.09968149857375794,-1.2969347690256856,0.004244639305910777,0.008532658421201775,0.0002866917325868634,115.67995605468741,-83.99997558593748,75.11684570312491,121.44002685546877,73.43999633789065,182.75834960937482,60.48000488281241,182.8800292968749,337.638427734375,-123.83994140625009,-28.80014648437509,-95.25119628906259,-82.08001098632815,147.84003906249995,63.500732421875
1763689333.7585456,8,2,3,-0.10666248545157941,0.13127137793892246,-1.2236749311579018,0.005865484406086956,0.008279476506928507,8.250527558449606e-05,120.48000488281241,-86.39999999999998,78.98891601562491,121.44002685546877,75.83999023437502,190.50249023437482,62.87990722656241,190.0799804687499,360.870361328125,-133.4400390625001,-31.20004882812509,-99.12320556640634,-82.08001098632815,157.44001464843745,71.244873046875
1763689333.8515654,8,2,3,-0.13095814894382346,0.1355593938691211,-1.5188995444554423,0.0034545145938593524,0.00934695091669981,0.00027922908120661975,125.27993164062491,-88.79996337890623,86.73281249999991,119.04000244140627,83.04000244140627,202.11821289062482,67.67995605468741,202.0799804687499,376.3583984375,-138.2400878906251,-31.20004882812509,-102.99521484375009,-89.27999267578127,169.44001464843745,63.500732421875
1763689333.99778,8,2,3,-0.2779298677016063,0.19974369517953428,-1.943561853431524,0.007126982317007082,0.016599670184299736,0.00045308417201671346,0,0,0,0,0,0,0,0,0,0,0,0,0,0,0
1763689334.090124,8,2,3,-0.15745536699215482,0.16774154808539826,-1.9842513320323971,0.0052215215185208285,0.011982270820258906,-3.774177230668127e-05,146.8800292968749,-98.39999999999998,102.22084960937491,155.0400329589844,99.83999023437502,248.58256835937482,74.87990722656241,240.4801269531249,442.182373046875,-157.4400390625001,-26.40000000000009,-122.35520019531259,-103.67998657226565,191.03999023437495,82.86083984375
1763689334.183219,8,2,3,-0.31340946360881883,0.14052814510375605,-2.204270782890101,0.004707453455532584,0.01768912305560829,0.0005113829347873321,156.4800048828124,-107.99997558593748,102.22084960937491,164.6400085449219,104.6400085449219,260.1982910156248,84.48000488281241,250.0799804687499,473.158447265625,-167.0401367187501,-36.00009765625009,-130.0992187500001,-106.08001098632815,207.84003906249995,82.86083984375
1763689334.226746,8,2,3,-0.30360319748164044,0.12447481820482363,-2.2732877459171017,0.004208929183351446,0.017786166530639906,1.6836425300683884e-05,158.8800292968749,-112.79996337890623,98.34877929687491,169.43999633789065,104.6400085449219,260.1982910156248,84.48000488281241,254.8800292968749,477.030517578125,-174.2400878906251,-33.59995117187509,-126.22720947265634,-110.8799987792969,207.84003906249995,90.604736328125
1763689334.3852508,8,2,3,-0.3097326903553971,0.1866689317658019,-2.5526118032942904,0.0059847914675373115,0.017630382382660556,0.0003884443654140371,185.2799316406249,-119.99997558593748,106.09291992187491,193.43999633789065,119.04000244140627,275.6865722656248,91.67995605468741,288.4801269531249,511.87841796875,-181.4400390625001,-33.59995117187509,-145.58719482421884,-120.48000488281252,227.03999023437495,102.220703125
1763689334.493655,8,2,3,-0.33246398270812677,0.10757139889633649,-2.7515862537495672,0.002403542651829472,0.019541274407433928,0.00023103221641815157,190.0799804687499,-124.79996337890623,117.70888671874991,198.24004516601565,126.24001464843752,298.9185058593748,96.48000488281241,305.2799316406249,538.982421875,-193.4400390625001,-28.80014648437509,-157.2032226562501,-125.27999267578127,234.23994140624995,106.0927734375
1763689334.5879867,8,2,3,-0.3559943960771803,0.126031870971599,-3.036160395336738,0.0034457990777308155,0.022905087108667246,0.00036773253350882475,204.4800048828124,-134.39999999999998,117.70888671874991,215.0400329589844,145.43999633789065,310.5342285156248,98.87990722656241,324.4801269531249,558.342529296875,-198.2400878906251,-33.59995117187509,-168.8191894531251,-139.6800018310547,248.63996582031245,109.96484375
1763689334.697053,8,2,3,-0.47580387452102324,0.04173443523505693,-3.2672530457442592,0.00010782952881615779,0.02827258067803393,0.0003580288252746913,0,0,0,0,0,0,0,0,0,0,0,0,0,0,0
1763689334.790382,8,2,3,-0.5128417115944733,-0.025191168173230055,-3.3531417712341884,-0.0016434686203401902,0.026424536453398054,-0.0003782724663644115,228.4800048828124,-148.79996337890623,117.70888671874991,227.0400329589844,162.24001464843752,326.0225097656248,103.67995605468741,350.8800292968749,604.806396484375,-210.2400878906251,-33.59995117187509,-180.43521728515634,-154.07999572753909,267.84003906249995,121.580810546875
1763689334.9950087,8,2,3,-0.5489086241142469,0.09788061920569453,-3.8711669580809263,0.0008434667703765665,0.03248212902178062,0.0004546434149761509,242.8800292968749,-163.19998779296873,125.45278320312491,246.24004516601565,179.04000244140627,356.9985839843748,120.48000488281241,382.0799804687499,659.014404296875,-227.0401367187501,-31.20004882812509,-199.79520263671884,-166.07999572753909,289.44001464843745,113.8369140625
1763689335.0880082,8,2,3,-0.5516369965207353,0.03885593877386534,-4.0696826551656535,0.0009970133301391605,0.030249752969813026,0.0005454717865455553,247.6799560546874,-165.60001220703123,129.3248535156249,263.0400329589844,195.83999023437502,364.7422363281248,118.07998046874991,386.8800292968749,666.758544921875,-231.8399414062501,-36.00009765625009,-211.4112304687501,-170.8799987792969,296.63996582031245,133.19677734375
1763689335.2930758,8,2,3,-0.649317643170181,0.05517476116525191,-4.639450829043751,0.001256784957879304,0.03345839449356738,0.000655615677797199,266.8800292968749,-182.39999999999998,129.3248535156249,275.0400329589844,217.43999633789065,399.5903808593748,132.4800048828124,420.4801269531249,744.198486328125,-246.2400878906251,-31.20004882812509,-226.89920654296884,-197.28000793457034,327.84003906249995,121.580810546875
1763689335.3859613,8,2,3,-0.713175042089655,0.05580877404994941,-5.088456197666335,-0.0008082532609512433,0.04076473179007183,1.9020627410472335e-05,266.8800292968749,-189.60001220703123,125.45278320312491,284.6400085449219,231.83999023437502,411.2065917968748,139.6799560546874,432.4801269531249,751.9423828125,-253.4400390625001,-36.00009765625009,-234.64322509765634,-202.08001098632815,332.63996582031245,117.708740234375
1763689335.4939177,8,2,3,-0.7041176281933521,0.04218860020268517,-5.018423884992441,-0.000699575947696731,0.03798223485349272,0.00020140591309016943,271.6799560546874,-189.60001220703123,125.45278320312491,282.24004516601565,222.24001464843752,411.2065917968748,137.2799316406249,430.0799804687499,751.9423828125,-251.0401367187501,-38.40000000000009,-238.51517333984384,-202.08001098632815,332.63996582031245,113.8369140625
1763689335.789947,8,2,3,-0.6302211928131884,0.16530661884400952,-4.725967082801601,0.005481330333431715,0.03389381648919792,0.0005553069359125994,266.8800292968749,-189.60001220703123,133.1969238281249,282.24004516601565,222.24001464843752,418.9502441406248,149.2799316406249,437.2799316406249,779.04638671875,-258.2400878906251,-31.20004882812509,-234.64322509765634,-204.48000488281252,339.84003906249995,113.8369140625
1763689335.8821363,8,2,3,-0.5484780342990979,0.22637330760452912,-4.770663106563179,0.007183806888779761,0.030670346082177634,0.0006966175012335036,262.0799804687499,-199.19998779296873,129.3248535156249,277.43999633789065,217.43999633789065,415.0781738281248,149.2799316406249,434.8800292968749,794.534423828125,-258.2400878906251,-33.59995117187509,-234.64322509765634,-204.48000488281252,344.63996582031245,109.96484375
1763689335.955868,8,2,3,-0.5468586148035715,0.2175181057492342,-4.788291571105937,0.006766823775275147,0.0302795323913933,0.0003764519983597177,266.8800292968749,-199.19998779296873,140.9408203124999,275.0400329589844,217.43999633789065,418.9502441406248,154.0799804687499,434.8800292968749,790.662353515625,-258.2400878906251,-33.59995117187509,-234.64322509765634,-209.28000793457034,349.44001464843745,102.220703125
1763689336.0852287,8,2,3,-0.5563481045587733,0.3106140482004158,-4.68401763906253,0.011758467876598275,0.029221171374369123,0.00027078862647345004,264.4800048828124,-201.60001220703123,133.1969238281249,277.43999633789065,215.04000244140627,415.0781738281248,158.8799072265624,437.2799316406249,790.662353515625,-258.2400878906251,-33.59995117187509,-230.7712158203126,-206.8799987792969,347.03999023437495,102.220703125
1763689336.190063,8,2,3,-0.49387061634128243,0.2551533887291163,-4.762486062643663,0.00896515845237016,0.027138602539919475,0.00046916649823171893,264.4800048828124,-196.79996337890623,129.3248535156249,277.43999633789065,212.6400085449219,415.0781738281248,156.4800048828124,430.0799804687499,794.534423828125,-258.2400878906251,-33.59995117187509,-242.3871826171876,-209.28000793457034,347.03999023437495,109.96484375
1763689336.2501307,8,2,3,-0.4610286103280289,0.2544206694994947,-4.627778017975386,0.009335424847367692,0.027067444607295137,0.0002842282675051258,259.6799560546874,-196.79996337890623,137.0687499999999,275.0400329589844,217.43999633789065,418.9502441406248,156.4800048828124,432.4801269531249,794.534423828125,-260.6399902343751,-31.20004882812509,-230.7712158203126,-206.8799987792969,344.63996582031245,98.348876953125
1763689336.344388,8,2,3,-0.5420073010326905,0.23303861665701664,-4.523349022395412,0.009821041666601181,0.029480858609375927,-0.0001425810809446374,264.4800048828124,-203.99997558593748,137.0687499999999,272.6400085449219,212.6400085449219,418.9502441406248,158.8799072265624,434.8800292968749,794.534423828125,-255.8399414062501,-33.59995117187509,-226.89920654296884,-209.28000793457034,349.44001464843745,102.220703125
1763689336.438101,8,2,3,-0.5597650098435185,0.3092506644854688,-4.732735400514208,0.012403646764942303,0.029814391972268445,0.000491022298280326,264.4800048828124,-194.39999999999998,137.0687499999999,282.24004516601565,215.04000244140627,411.2065917968748,158.8799072265624,430.0799804687499,782.91845703125,-255.8399414062501,-36.00009765625009,-226.89920654296884,-209.28000793457034,342.24006347656245,106.0927734375
1763689336.5820014,8,2,3,-0.49533069514756817,0.24232326442827679,-4.458224071321928,0.009259302515082073,0.027768769529311475,-0.0004359517380017439,262.0799804687499,-201.60001220703123,137.0687499999999,277.43999633789065,215.04000244140627,407.3345214843748,161.2799316406249,434.8800292968749,790.662353515625,-260.6399902343751,-31.20004882812509,-234.64322509765634,-204.48000488281252,344.63996582031245,106.0927734375
1763689336.6917803,8,2,3,-0.5502761715089296,0.29428208820483037,-4.599174626566715,0.01215180562228574,0.029656183941676947,0.0003043141613478595,259.6799560546874,-199.19998779296873,137.0687499999999,272.6400085449219,215.04000244140627,422.8223144531248,156.4800048828124,432.4801269531249,786.79052734375,-253.4400390625001,-31.20004882812509,-230.7712158203126,-206.8799987792969,347.03999023437495,106.0927734375
1763689336.7866974,8,2,3,-0.5447839567902045,0.2642429544249518,-4.503114237145549,0.010759588171907522,0.02932536799257964,0.00010053375671625377,264.4800048828124,-194.39999999999998,144.8128906249999,270.24004516601565,210.24001464843752,411.2065917968748,158.8799072265624,434.8800292968749,794.534423828125,-253.4400390625001,-33.59995117187509,-226.89920654296884,-209.28000793457034,347.03999023437495,102.220703125
1763689336.8281727,8,2,3,-0.5526018138714311,0.259446995054631,-4.520145955794755,0.010542948975049801,0.029296929444980767,-6.240354356844367e-05,257.2799316406249,-199.19998779296873,129.3248535156249,279.84002075195315,212.6400085449219,407.3345214843748,156.4800048828124,434.8800292968749,786.79052734375,-255.8399414062501,-31.20004882812509,-230.7712158203126,-209.28000793457034,347.03999023437495,106.0927734375
1763689336.9214993,8,2,3,-0.5117869241309663,0.2140528825598289,-4.509961803652123,0.008861448284675217,0.027613120706664017,0.00025000611496723115,264.4800048828124,-196.79996337890623,129.3248535156249,272.6400085449219,212.6400085449219,415.0781738281248,154.0799804687499,432.4801269531249,794.534423828125,-255.8399414062501,-33.59995117187509,-226.89920654296884,-206.8799987792969,342.24006347656245,113.8369140625
1763689337.013431,8,2,3,-0.5676274342131283,0.24785397925589958,-4.52204594287752,0.00993685307236847,0.02970053784650227,-0.00014272305051687235,264.4800048828124,-199.19998779296873,133.1969238281249,270.24004516601565,212.6400085449219,411.2065917968748,161.2799316406249,432.4801269531249,794.534423828125,-258.2400878906251,-31.20004882812509,-230.7712158203126,-211.6800018310547,347.03999023437495,109.96484375
1763689337.1896908,8,2,3,-0.5107400163711846,0.24214950830514057,-4.358797425049341,0.008966338060611692,0.027897484767123188,0.00030205124232819767,0,0,0,0,0,0,0,0,0,0,0,0,0,0,0
1763689337.3937488,8,2,3,-0.5266348681118806,0.2506712289985964,-4.494855995369121,0.008665024609351457,0.028379091260622717,0.0007988510619176227,264.4800048828124,-201.60001220703123,133.1969238281249,277.43999633789065,212.6400085449219,415.0781738281248,156.4800048828124,430.0799804687499,790.662353515625,-255.8399414062501,-33.59995117187509,-226.89920654296884,-204.48000488281252,344.63996582031245,98.348876953125
1763689337.6927419,8,2,3,-0.522354339389833,0.2377351206533166,-4.305334277550237,0.009611881156013528,0.028017312730509895,0.00016808448260825564,262.0799804687499,-196.79996337890623,133.1969238281249,275.0400329589844,212.6400085449219,415.0781738281248,158.8799072265624,434.8800292968749,794.534423828125,-258.2400878906251,-31.20004882812509,-226.89920654296884,-206.8799987792969,347.03999023437495,106.0927734375
1763689337.9877334,8,2,3,-0.47370614947290635,0.24414668102918607,-4.277132466161306,0.00851767008425554,0.02692438777683873,0.0003286687364103501,0,0,0,0,0,0,0,0,0,0,0,0,0,0,0
1763689338.191791,8,2,3,-0.45594334973884926,0.20438168803043455,-3.7109312052910948,0.006703330873369221,0.02494358897505085,0.00029140692658183743,247.6799560546874,-187.19998779296873,133.1969238281249,255.84002075195315,186.24001464843752,380.2305175781248,137.2799316406249,403.6800781249999,736.454345703125,-239.0401367187501,-24.00009765625009,-207.53922119140634,-187.6800018310547,311.03999023437495,113.8369140625
1763689338.2857716,8,2,3,-0.4096065211526795,0.19136753710628746,-3.323471128101522,0.006411042979412043,0.021407052196442136,0.00011591382505704963,242.8800292968749,-177.60001220703123,140.9408203124999,248.6400085449219,183.83999023437502,368.6143066406248,132.4800048828124,391.6800781249999,705.478515625,-236.6399902343751,-28.80014648437509,-199.79520263671884,-185.28000793457034,311.03999023437495,109.96484375
1763689338.3959494,8,2,3,-0.38389370938163947,0.18132321315057998,-3.137651105607153,0.006570211530678126,0.019993923452562855,0.00018341624835517718,228.4800048828124,-163.19998779296873,137.0687499999999,239.0400329589844,152.6400085449219,353.1265136718748,122.87990722656241,370.0799804687499,674.50244140625,-224.6399902343751,-26.40000000000009,-192.05118408203134,-173.28000793457034,282.23994140624995,113.8369140625
1763689338.595678,8,2,3,-0.19854147414498138,0.15684543321721894,-2.374494010923443,0.0043275998042778,0.013773763653647898,0.0001332576045201849,206.8800292968749,-148.79996337890623,117.70888671874991,215.0400329589844,133.43999633789065,310.5342285156248,113.27993164062491,334.0799804687499,589.318359375,-203.0401367187501,-24.00009765625009,-161.0751708984376,-146.8799987792969,246.23994140624995,109.96484375
1763689338.6900837,8,2,3,-0.16321698389312542,0.11492464199263594,-2.1065373853453035,0.004111102066932443,0.011620765503339134,0.0010128641960380773,199.6799560546874,-131.99997558593748,109.96474609374991,205.43999633789065,123.83999023437502,287.3022949218748,98.87990722656241,310.0799804687499,542.8544921875,-188.6399902343751,-21.59995117187509,-161.0751708984376,-137.28000793457034,234.23994140624995,109.96484375
1763689338.7836473,8,2,3,-0.1677273507103495,0.08081333045984315,-1.730226872146556,0.0012487623595887156,0.011855115643166651,0.0006687599874573874,187.6799560546874,-124.79996337890623,102.22084960937491,188.6400085449219,111.83999023437502,256.3262207031248,96.48000488281241,295.6800781249999,504.134521484375,-179.0401367187501,-28.80014648437509,-149.4592041015626,-130.07999572753909,207.84003906249995,98.348876953125
1763689338.8914194,8,2,3,-0.12792364613521667,0.021773149023113336,-1.4609584625868755,0.00023658517103825223,0.006294518655934961,0.000842441577225258,178.0799804687499,-117.60001220703123,94.47695312499991,171.84002075195315,104.6400085449219,236.96635742187482,86.87990722656241,274.0799804687499,465.41455078125,-167.0401367187501,-26.40000000000009,-137.84317626953134,-120.48000488281252,198.23994140624995,106.0927734375
1763689339.0940044,8,2,3,-0.25809963451211076,0.3495668748873967,-0.9147287277014012,-0.0033335817886084194,0.006233527468786342,0.00044657210298020954,144.4800048828124,-103.19998779296873,86.73281249999991,140.6400085449219,83.04000244140627,198.24614257812482,70.07998046874991,218.8800292968749,384.1025390625,-140.6399902343751,-26.40000000000009,-114.61118164062509,-96.48000488281252,162.23994140624995,82.86083984375
1763689339.2971497,8,2,3,-0.05864465728606503,-0.05170627157130876,-0.6869292915548261,-0.0038305326621603324,0.005375192006959328,-0.00014387598732676203,134.8800292968749,-86.39999999999998,67.37294921874991,128.6400085449219,78.2399841308594,163.39848632812482,60.48000488281241,206.8800292968749,333.766357421875,-123.83994140625009,-19.20004882812509,-114.61118164062509,-91.67998657226565,138.23994140624995,78.98876953125
1763689339.392657,8,2,3,0.004414269745139719,-0.019893924987636095,-0.6300678837423077,-0.0019922779448960457,0.002325460858464,0.0005061100721251452,125.27993164062491,-86.39999999999998,67.37294921874991,126.24001464843752,66.2399841308594,155.65434570312482,58.07998046874991,192.4800048828124,318.278564453125,-114.24008789062509,-16.80014648437509,-114.61118164062509,-89.27999267578127,131.03999023437495,78.98876953125
1763689339.6862903,8,2,3,-0.007545572993703676,-0.004396335134070264,-0.3440603571065842,-0.002613508663459381,0.0006737761871718934,0.00021298725794975597,106.07998046874991,-86.39999999999998,51.88491210937491,104.6400085449219,51.83999023437502,120.80620117187482,53.27993164062491,170.8800292968749,279.558349609375,-104.63999023437509,-12.000097656250091,-95.25119628906259,-77.27999267578127,109.44001464843745,55.7568359375
1763689339.7938998,8,2,3,0.04383996385350403,0.0012686041324031852,-0.2928359479023711,-0.0023660873778816325,-0.0011610389390495838,-3.3649243005352835e-06,103.67995605468741,-76.79996337890623,48.01284179687491,97.44002685546877,44.6400085449219,109.19047851562482,55.67995605468741,156.4800048828124,271.814453125,-99.83994140625009,-14.400000000000091,-87.50717773437509,-72.48000488281252,104.63996582031245,51.884765625
1763689340.5838833,8,2,3,-0.008603959750062477,0.041673504387413796,-0.21665053933688927,-2.4092496742623244e-05,0.0008271232240931643,3.126284765979937e-05,72.48000488281241,-69.60001220703123,24.78090820312491,63.84002075195315,35.04000244140627,66.59843749999982,48.48000488281241,120.48000488281241,217.6064453125,-75.83994140625009,-4.800146484375091,-68.14719238281259,-60.48000488281252,83.03999023437495,32.52490234375
1763689345.9954264,8,2,3,0.027917456776674978,0.0035279067804385124,-0.2539081935164403,-0.0008398326295731719,3.5979264294293755e-05,-6.0816120437840794e-05,46.07998046874991,-62.39999999999998,5.420800781249909,39.84002075195315,32.6400085449219,39.49443359374982,43.67995605468741,77.28005371093741,151.782470703125,-51.83994140625009,2.400048828124909,-60.40317382812509,-48.48000488281252,56.639965820312455,1.548828125
1763689346.0942032,8,2,3,0.04516162961166042,0.023153069774357087,-0.2536497048604535,-0.0006838294087597663,-0.0001095374384601894,-0.000374621340305164,43.67995605468741,-59.99997558593748,9.292871093749909,44.6400085449219,32.6400085449219,39.49443359374982,41.27993164062491,79.67995605468741,155.654541015625,-51.83994140625009,-2.400000000000091,-60.40317382812509,-48.48000488281252,63.840039062499955,1.548828125
1763689346.3898506,8,2,3,-0.04966253991564544,0.0631802520132213,-0.42015996885706713,-0.00041186930723235743,0.0019785402184888425,0.0007372811562437362,60.48000488281241,-59.99997558593748,17.03676757812491,61.44002685546877,39.83999023437502,62.72636718749982,41.27993164062491,98.88002929687491,178.886474609375,-63.83994140625009,-4.800146484375091,-72.01920166015634,-53.27999267578127,75.84003906249995,17.036865234375
1763689346.6959515,8,2,3,0.017986696620272226,0.25317106967440933,-0.6086282991791223,0.003439279811984733,0.0002834332008007607,0.00012207229305782972,77.27993164062491,-69.60001220703123,36.39687499999991,73.44002685546877,49.43999633789065,101.44633789062482,46.07998046874991,120.48000488281241,236.966552734375,-85.44003906250009,-14.400000000000091,-79.76322021484384,-62.8799987792969,95.03999023437495,32.52490234375
1763689346.7895763,8,2,3,0.21218797424083885,-0.15891217370772265,-0.8362015724303391,-0.0004978415154903001,0.0039408012256716175,0.00013772374532429357,91.67995605468741,-71.99997558593748,51.88491210937491,87.84002075195315,49.43999633789065,120.80620117187482,53.27993164062491,139.6799560546874,264.070556640625,-102.24008789062509,-19.20004882812509,-75.89121093750009,-72.48000488281252,109.44001464843745,36.396728515625
1763689346.8170972,8,2,3,0.274969773033447,-0.17930541189424365,-0.8058097575950292,-0.0011360254329514214,0.0021812667998323686,6.866790595006639e-05,101.27993164062491,-74.39999999999998,51.88491210937491,104.6400085449219,49.43999633789065,124.67827148437482,53.27993164062491,168.4800048828124,271.814453125,-99.83994140625009,-16.80014648437509,-87.50717773437509,-70.08001098632815,109.44001464843745,59.62890625
1763689346.9261456,8,2,3,-0.03729468697968204,-0.231829857105297,-0.9892489230097659,0.0008399163909310458,0.0051699629469333114,0.00040966922627816904,115.67995605468741,-74.39999999999998,63.50087890624991,119.04000244140627,59.04000244140627,159.52641601562482,55.67995605468741,161.2800537109374,291.174560546875,-107.04013671875009,-26.40000000000009,-95.25119628906259,-74.8799987792969,119.03999023437495,48.0126953125
1763689347.1029773,8,2,3,-0.20927685081086322,0.07978340038784992,-1.2394720447258716,0.005249740238424992,0.00962926822787531,0.00015773725875552593,113.27993164062491,-79.19998779296873,67.37294921874991,116.6400085449219,83.04000244140627,182.75834960937482,55.67995605468741,180.4800048828124,337.638427734375,-126.24008789062509,-28.80014648437509,-99.12320556640634,-82.08001098632815,140.63996582031245,75.11669921875
1763689347.2030683,8,2,3,-0.104668450384418,-0.12690170613968957,-1.3868913906007134,0.0029009973219659814,0.008511942351352202,0.0012848882834793358,142.0799804687499,-86.39999999999998,78.98891601562491,140.6400085449219,85.43999633789065,194.37456054687482,67.67995605468741,216.4801269531249,364.742431640625,-135.8399414062501,-26.40000000000009,-118.48319091796884,-82.08001098632815,155.03999023437495,78.98876953125
1763689347.2966645,8,2,3,-0.1714467115901811,-0.01418942440385041,-1.6915364724196267,0.001518100504132701,0.008735422984932843,0.0005350704271320116,0,0,0,0,0,0,0,0,0,0,0,0,0,0,0
1763689347.4047382,8,2,3,-0.1928405529003469,0.05117968593461388,-1.8834152790291698,0.0005962464763291566,0.013181187833358754,6.69477628363049e-05,156.4800048828124,-95.99997558593748,86.73281249999991,159.84002075195315,99.83999023437502,236.96635742187482,74.87990722656241,242.8800292968749,418.950439453125,-152.6399902343751,-31.20004882812509,-122.35520019531259,-98.8799987792969,183.84003906249995,90.604736328125
1763689347.4973683,8,2,3,-0.22519371119817885,0.1069866296439697,-2.1202408442082574,0.00434321139848623,0.012916626407921343,0.0003848502773215682,166.0799804687499,-103.19998779296873,94.47695312499991,174.24004516601565,111.83999023437502,252.45415039062482,74.87990722656241,250.0799804687499,442.182373046875,-167.0401367187501,-31.20004882812509,-130.0992187500001,-101.27999267578127,193.44001464843745,90.604736328125
1763689347.5937428,8,2,3,-0.3120858548939154,0.122722072893434,-2.2416808277201814,0.00401829801422339,0.0194523998751627,-5.031781863545849e-05,0,0,0,0,0,0,0,0,0,0,0,0,0,0,0
1763689347.7841175,8,2,3,-0.2834121160605619,0.18047234418598435,-2.5547361636791415,0.005770576331522628,0.017680831603126387,0.000465343666196702,187.6799560546874,-119.99997558593748,113.83681640624991,188.6400085449219,126.24001464843752,287.3022949218748,89.27993164062491,290.8800292968749,519.62255859375,-188.6399902343751,-36.00009765625009,-149.4592041015626,-122.8799987792969,224.63996582031245,102.220703125
1763689347.8921344,8,2,3,-0.40046008977378744,0.16494992495282246,-2.7863406476080805,0.006358127058222154,0.021580633847431415,0.00023168314079061387,194.8800292968749,-127.19998779296873,117.70888671874991,203.0400329589844,133.43999633789065,295.0464355468748,98.87990722656241,305.2799316406249,546.7265625,-200.6399902343751,-33.59995117187509,-153.33121337890634,-137.28000793457034,236.63996582031245,109.96484375
1763689347.9853559,8,2,3,-0.390110003239193,0.15723001061287506,-2.9244452641917498,0.005753233601032983,0.02211852116180337,0.000493175841679343,199.6799560546874,-129.60001220703123,117.70888671874991,210.24004516601565,140.6400085449219,310.5342285156248,98.87990722656241,317.2799316406249,562.21435546875,-198.2400878906251,-36.00009765625009,-164.94718017578134,-139.6800018310547,246.23994140624995,109.96484375
1763689348.1979966,8,2,3,-0.4521454972241894,0.14230530073195946,-3.412902000571003,0.005436314729516001,0.025223514159005513,-7.126517955221732e-05,218.8800292968749,-146.39999999999998,129.3248535156249,231.84002075195315,162.24001464843752,341.5103027343748,115.67995605468741,348.4801269531249,628.038330078125,-224.6399902343751,-33.59995117187509,-188.1791748046876,-154.07999572753909,275.03999023437495,109.96484375
1763689348.2931445,8,2,3,-0.49680128844915084,0.1250870651213118,-3.6009004041981343,0.0052135185517737034,0.028762026941810407,0.0004104222387916537,223.6799560546874,-155.99997558593748,129.3248535156249,241.43999633789065,174.24001464843752,356.9985839843748,120.48000488281241,362.8800292968749,655.142333984375,-224.6399902343751,-33.59995117187509,-195.9231933593751,-161.28000793457034,287.03999023437495,113.8369140625
1763689348.5891094,8,2,3,-0.5852536606487411,0.1419791887427936,-4.42596690129259,0.005059743590554347,0.03297699399876882,0.0005840487610046996,250.0799804687499,-184.79996337890623,129.3248535156249,260.6400085449219,191.04000244140627,399.5903808593748,139.6799560546874,408.4801269531249,744.198486328125,-243.8399414062501,-33.59995117187509,-215.2831787109376,-192.48000488281252,320.63996582031245,106.0927734375
1763689348.7904675,8,2,3,-0.6524058690678594,0.19384296836724327,-4.922570520362257,0.006639804181403904,0.034644826490229076,1.8827652928501536e-05,262.0799804687499,-196.79996337890623,129.3248535156249,282.24004516601565,227.04000244140627,426.6943847656248,151.6799560546874,439.6800781249999,794.534423828125,-260.6399902343751,-36.00009765625009,-238.51517333984384,-206.8799987792969,347.03999023437495,102.220703125
1763689348.8998516,8,2,3,-0.68666968475029,0.1990139429561132,-5.31938006511071,0.008230692488733033,0.03548070718233666,4.031618419671028e-05,271.6799560546874,-208.79996337890623,133.1969238281249,287.0400329589844,243.84002075195315,438.3101074218748,163.6799560546874,451.6800781249999,821.638427734375,-267.8399414062501,-33.59995117187509,-250.1312011718751,-216.48000488281252,363.84003906249995,98.348876953125
1763689349.0855346,8,2,3,-0.8717365023161363,0.21693823252392921,-5.916516532274989,0.00642275670808539,0.04464208453416314,0.00044603220139925303,286.0799804687499,-223.19998779296873,133.1969238281249,308.6400085449219,270.2399841308594,465.4141113281248,173.2799316406249,475.6800781249999,871.974365234375,-279.8399414062501,-33.59995117187509,-265.61917724609384,-233.28000793457034,387.84003906249995,86.73291015625
1763689349.1930602,8,2,3,-0.7553620076971843,0.27343695569661297,-6.141238127931942,0.009705734741372658,0.0415075241024817,0.00013926478252849475,290.8800292968749,-230.39999999999998,129.3248535156249,315.84002075195315,279.84002075195315,480.9023925781248,185.2799316406249,490.0799804687499,902.950439453125,-284.6399902343751,-33.59995117187509,-281.10721435546884,-242.8799987792969,399.84003906249995,82.86083984375
1763689349.2991292,8,2,3,-0.8643800007213931,0.11997516646016279,-6.533054561619077,0.013928248010406642,0.05149714136988888,-0.00035685207327138414,0,0,0,0,0,0,0,0,0,0,0,0,0,0,0
1763689349.3966312,8,2,3,-0.8881703972488426,0.35692873790554996,-6.632420862913987,0.01657763749553017,0.043443409121486594,-9.052406905521622e-05,305.2799316406249,-244.80002441406248,121.58095703124991,330.24004516601565,318.2399841308594,515.7505371093748,202.0799804687499,516.4801269531249,964.90234375,-294.2400878906251,-40.80014648437509,-300.46719970703134,-259.68000946044924,433.44001464843745,63.500732421875
1763689349.4996414,8,2,3,-0.937556602272086,0.2805529253112723,-6.825688225638141,0.010975981148742651,0.04928919498948192,0.000136962397006897,0,0,0,0,0,0,0,0,0,0,0,0,0,0,0
1763689349.5986452,8,2,3,-1.0628966616168816,0.3256140425735168,-7.326709686887972,0.011805322156018273,0.05424595599808699,0.00019398430823256482,317.2799316406249,-263.9999755859375,117.70888671874991,342.24004516601565,344.6400085449219,542.8545410156248,226.0799804687499,542.8800292968749,1015.238525390625,-301.4400390625001,-38.40000000000009,-315.9551757812501,-276.4800048828125,455.03999023437495,44.140869140625
1763689349.7983353,8,2,3,-0.9926826545783002,0.3708511824643982,-7.588708355793649,0.01380932831522003,0.05157411204356076,0.00026056520472061105,312.4800048828124,-271.1999877929687,113.83681640624991,347.0400329589844,354.2399841308594,550.5981933593748,228.4800048828124,554.8800292968749,1046.21435546875,-303.8399414062501,-33.59995117187509,-319.82718505859384,-288.4800048828125,469.44001464843745,36.396728515625
1763689349.890751,8,2,3,-0.9373379445946368,0.3967658793340907,-7.414288659132236,0.01545572999866622,0.04870118956182761,0.00056139578551223,310.0799804687499,-271.1999877929687,117.70888671874991,347.0400329589844,351.84002075195315,554.4702636718748,233.2799316406249,552.4801269531249,1042.342529296875,-306.2400878906251,-28.80014648437509,-319.82718505859384,-290.88000640869143,474.24006347656245,40.268798828125
1763689350.0915272,8,2,3,-0.8933852246308975,0.4162151028899784,-7.144234399160857,0.015706403887995726,0.04704878574254805,0.00018755093334545375,312.4800048828124,-271.1999877929687,117.70888671874991,344.6400085449219,347.0400329589844,554.4702636718748,235.6799560546874,550.0799804687499,1042.342529296875,-303.8399414062501,-26.40000000000009,-315.9551757812501,-288.4800048828125,469.44001464843745,36.396728515625
1763689350.1844268,8,2,3,-0.9058040174311526,0.4334212030161042,-7.2915088764970974,0.016646449368549907,0.046867193512968884,0.000372112145689398,310.0799804687499,-273.6000122070312,113.83681640624991,342.24004516601565,347.0400329589844,546.7261230468748,228.4800048828124,550.0799804687499,1046.21435546875,-306.2400878906251,-26.40000000000009,-319.82718505859384,-293.28000793457034,469.44001464843745,40.268798828125
1763689350.388055,8,2,3,-0.8728742055950707,0.41371465699693677,-7.090165656745531,0.0168917364601608,0.046612792828813025,0.0005247855565636301,310.0799804687499,-273.6000122070312,117.70888671874991,339.84002075195315,347.0400329589844,542.8545410156248,230.8799072265624,545.2799316406249,1042.342529296875,-303.8399414062501,-24.00009765625009,-319.82718505859384,-290.88000640869143,467.03999023437495,32.52490234375
1763689350.4957952,8,2,3,-0.8901773614819373,0.4079080126736162,-6.970113312142558,0.0170528683437207,0.04575047861076487,0.0004906055076537462,307.6799560546874,-280.8000244140625,117.70888671874991,339.84002075195315,344.6400085449219,550.5981933593748,235.6799560546874,547.6800781249999,1046.21435546875,-306.2400878906251,-28.80014648437509,-319.82718505859384,-288.4800048828125,469.44001464843745,40.268798828125
1763689350.5871217,8,2,3,-0.8651406146916778,0.42150518165878453,-6.869124278195619,0.017359284905573452,0.04583239043676117,0.00029216033389680134,305.2799316406249,-278.4,121.58095703124991,339.84002075195315,344.6400085449219,542.8545410156248,233.2799316406249,542.8800292968749,1038.470458984375,-301.4400390625001,-31.20004882812509,-319.82718505859384,-288.4800048828125,464.63996582031245,36.396728515625
1763689350.795825,8,2,3,-0.8757121705360845,0.35911947585290166,-6.729097687290753,0.013706078734650098,0.04449325033020145,-5.945488821044575e-05,312.4800048828124,-275.9999755859375,113.83681640624991,342.24004516601565,339.84002075195315,542.8545410156248,233.2799316406249,550.0799804687499,1038.470458984375,-306.2400878906251,-26.40000000000009,-312.0832275390626,-290.88000640869143,464.63996582031245,36.396728515625
1763689350.898572,8,2,3,-0.8403874684563151,0.35264121584970987,-6.78086880546315,0.0134884078993015,0.043336230376568224,7.758409792703487e-05,0,0,0,0,0,0,0,0,0,0,0,0,0,0,0
1763689350.9970698,8,2,3,-0.8657207614455821,0.3596532865847282,-6.774506120990509,0.015206596177251518,0.044707642462146195,-6.917074231214786e-05,314.8800292968749,-273.6000122070312,121.58095703124991,339.84002075195315,335.0400329589844,542.8545410156248,228.4800048828124,547.6800781249999,1038.470458984375,-299.0401367187501,-31.20004882812509,-312.0832275390626,-290.88000640869143,464.63996582031245,44.140869140625
1763689351.1995428,8,2,3,-0.8514934346940621,0.30634958376427945,-6.59503317875411,0.013659294111697924,0.04393640131121465,-8.556926258674897e-05,312.4800048828124,-280.8000244140625,125.45278320312491,337.43999633789065,339.84002075195315,535.1104003906248,233.2799316406249,547.6800781249999,1038.470458984375,-301.4400390625001,-21.59995117187509,-315.9551757812501,-288.4800048828125,464.63996582031245,40.268798828125
1763689351.289617,8,2,3,-0.8041728256853509,0.38741247318345584,-6.624349297904607,0.015333067851732895,0.04334668442290554,6.0125243394781175e-05,307.6799560546874,-273.6000122070312,117.70888671874991,339.84002075195315,335.0400329589844,542.8545410156248,230.8799072265624,547.6800781249999,1042.342529296875,-301.4400390625001,-28.80014648437509,-312.0832275390626,-288.4800048828125,467.03999023437495,40.268798828125
1763689351.3850286,8,2,3,-0.8723842304416577,0.3806193238186196,-6.650791738606446,0.016932911190000483,0.04489077540735394,0.00037171239529703876,307.6799560546874,-273.6000122070312,121.58095703124991,337.43999633789065,339.84002075195315,535.1104003906248,228.4800048828124,545.2799316406249,1042.342529296875,-303.8399414062501,-28.80014648437509,-308.21121826171884,-290.88000640869143,467.03999023437495,40.268798828125
1763689351.500306,8,2,3,-0.8525522121504762,0.3815569976000744,-6.534592254477893,0.01646959514733734,0.044263703749941596,-5.822655948953259e-05,312.4800048828124,-275.9999755859375,129.3248535156249,342.24004516601565,339.84002075195315,535.1104003906248,230.8799072265624,545.2799316406249,1042.342529296875,-306.2400878906251,-26.40000000000009,-308.21121826171884,-288.4800048828125,464.63996582031245,44.140869140625
1763689351.5868416,8,2,3,-0.8220645441822392,0.3879833280662246,-6.639785900888783,0.01549800045989123,0.04340811676731282,5.539289624871546e-05,312.4800048828124,-278.4,125.45278320312491,339.84002075195315,337.43999633789065,538.9824707031248,226.0799804687499,545.2799316406249,1042.342529296875,-303.8399414062501,-26.40000000000009,-315.9551757812501,-288.4800048828125,467.03999023437495,40.268798828125
1763689351.9915462,8,2,3,-0.8294098586489513,0.38450361900876695,-6.471614008486703,0.015357805794298126,0.043019234038208856,0.00019329551873344987,305.2799316406249,-278.4,125.45278320312491,332.6400085449219,335.0400329589844,542.8545410156248,233.2799316406249,540.4801269531249,1042.342529296875,-303.8399414062501,-26.40000000000009,-319.82718505859384,-288.4800048828125,467.03999023437495,40.268798828125
1763689352.1920218,8,2,3,-0.8615348975393348,0.38087984452466817,-6.354926464293058,0.014836484292662887,0.04396310613982642,-0.00023568952754369002,307.6799560546874,-273.6000122070312,125.45278320312491,335.0400329589844,335.0400329589844,538.9824707031248,228.4800048828124,547.6800781249999,1030.7265625,-306.2400878906251,-26.40000000000009,-315.9551757812501,-288.4800048828125,467.03999023437495,36.396728515625
1763689352.2884598,8,2,3,-0.8258441375824155,0.36195137648714776,-6.442466785841434,0.0143421249086162,0.04344657444276723,0.00027950767245446453,305.2799316406249,-278.4,125.45278320312491,335.0400329589844,332.6400085449219,535.1104003906248,226.0799804687499,542.8800292968749,1034.598388671875,-306.2400878906251,-26.40000000000009,-308.21121826171884,-288.4800048828125,459.84003906249995,44.140869140625
1763689352.395452,8,2,3,-0.834135137595678,0.3495342095028654,-6.391943273235491,0.014271099165593538,0.042956557294449714,0.0007673651818650134,305.2799316406249,-271.1999877929687,117.70888671874991,330.24004516601565,327.84002075195315,531.2383300781248,221.2799316406249,538.0799804687499,1030.7265625,-296.6399902343751,-26.40000000000009,-308.21121826171884,-283.68000946044924,457.44001464843745,44.140869140625
1763689352.4913814,8,2,3,-0.8493050843035521,0.355051078090022,-6.131853369325915,0.012011993108329967,0.044585461840427956,0.0001467205631388753,300.4800048828124,-268.8000244140625,125.45278320312491,327.84002075195315,313.43999633789065,523.4941894531248,216.4800048828124,528.4801269531249,1003.62255859375,-301.4400390625001,-26.40000000000009,-300.46719970703134,-276.4800048828125,450.24006347656245,51.884765625
1763689352.5845778,8,2,3,-0.7684016795403104,0.3229474906556221,-5.789130254618027,0.013420972545591143,0.03993013687833678,0.00035483379023523633,298.0799804687499,-263.9999755859375,125.45278320312491,320.6400085449219,303.84002075195315,504.1343261718748,211.6799560546874,516.4801269531249,988.134521484375,-294.2400878906251,-31.20004882812509,-292.72318115234384,-274.0800033569336,435.84003906249995,55.7568359375
1763689352.7037876,8,2,3,-0.7278250893937234,0.2811412392767383,-5.481751635845274,0.014036816094857874,0.03655241098762118,-7.72455962392525e-05,293.2799316406249,-254.39999999999998,133.1969238281249,313.43999633789065,287.0400329589844,492.5181152343748,209.2799316406249,506.8800292968749,964.90234375,-284.6399902343751,-21.59995117187509,-277.2352050781251,-259.68000946044924,428.63996582031245,63.500732421875
1763689352.784927,8,2,3,-0.5937218391909707,0.3562334110901654,-5.063388641936903,0.014163848686733852,0.03243205308617002,0.00022087427311072005,281.2799316406249,-244.80002441406248,133.1969238281249,306.24004516601565,265.43999633789065,473.1582519531248,206.8799072265624,494.8800292968749,945.54248046875,-279.8399414062501,-19.20004882812509,-261.74722900390634,-254.88000640869143,409.44001464843745,71.244873046875
1763689352.8929217,8,2,3,-0.511858854814338,0.30161924014892627,-4.550782099153719,0.015452945251588412,0.025921256454716993,0.000256163366256717,0,0,0,0,0,0,0,0,0,0,0,0,0,0,0
1763689353.0215218,8,2,3,-0.5923771229245345,0.239155707976972,-4.381648417574009,0.011601120018780659,0.030133300177945282,0.0007757020072411127,262.0799804687499,-227.99997558593748,137.0687499999999,279.84002075195315,224.6400085449219,438.3101074218748,180.4800048828124,446.8800292968749,860.3583984375,-265.4400390625001,-21.59995117187509,-234.64322509765634,-226.08001098632815,375.84003906249995,82.86083984375
1763689353.1207027,8,2,3,-0.45103599238717396,0.27833145862680014,-3.7912583773248105,0.011995776006923814,0.023838823747996854,0.0004354378950229944,252.4800048828124,-211.19998779296873,140.9408203124999,270.24004516601565,210.24001464843752,418.9502441406248,170.8799072265624,425.2799316406249,817.766357421875,-255.8399414062501,-21.59995117187509,-219.15518798828134,-214.08001098632815,359.03999023437495,90.604736328125
1763689353.2138672,8,2,3,-0.42251787597248136,0.2867829729669992,-3.3380786390730215,0.011887259573671143,0.022514125093178232,0.000752018765800297,238.0799804687499,-199.19998779296873,137.0687499999999,255.84002075195315,200.6400085449219,395.7183105468748,149.2799316406249,403.6800781249999,771.302490234375,-243.8399414062501,-24.00009765625009,-207.53922119140634,-197.28000793457034,337.44001464843745,98.348876953125
1763689353.3863344,8,2,3,-0.34017376302896873,0.23270432664343843,-2.5723246427965756,0.009388638870022165,0.017180241259030254,0.0009395748390750621,228.4800048828124,-170.39999999999998,121.58095703124991,239.0400329589844,164.6400085449219,337.6382324218748,132.4800048828124,370.0799804687499,666.758544921875,-222.2400878906251,-12.000097656250091,-188.1791748046876,-182.8799987792969,284.63996582031245,106.0927734375
1763689353.494795,8,2,3,0.031590326630436455,-0.12587597975840617,-2.2542348583772105,0.0048912383598491,0.020200431030842018,0.00043824747846328365,209.2799316406249,-163.19998779296873,129.3248535156249,222.24004516601565,152.6400085449219,333.7661621093748,118.07998046874991,341.2799316406249,639.654541015625,-215.0401367187501,-28.80014648437509,-172.69119873046884,-163.6800018310547,272.63996582031245,106.0927734375
1763689353.5882592,8,2,3,-0.35387504806175285,0.23417774842569175,-1.9132569270560404,0.007968534029329209,0.010057457230106799,0.0003853396157709626,206.8800292968749,-148.79996337890623,109.96474609374991,215.0400329589844,145.43999633789065,295.0464355468748,110.87990722656241,326.8800292968749,585.446533203125,-198.2400878906251,-26.40000000000009,-172.69119873046884,-154.07999572753909,255.84003906249995,102.220703125
1763689353.6482415,8,2,3,-0.3162411797483469,0.20012234791051758,-1.9150117495069736,0.008512536469937389,0.012277653796320965,0.00031218972398899814,206.8800292968749,-148.79996337890623,109.96474609374991,215.0400329589844,128.6400085449219,291.1743652343748,110.87990722656241,322.0799804687499,566.08642578125,-188.6399902343751,-16.80014648437509,-164.94718017578134,-146.8799987792969,239.03999023437495,102.220703125
1763689353.7550735,8,2,3,-0.11117099512755763,0.025358425502854505,-1.5676083916142842,-0.00014241417990271512,0.010067397336453668,0.0004903915141333135,194.8800292968749,-134.39999999999998,109.96474609374991,195.84002075195315,119.04000244140627,271.8145019531248,103.67995605468741,290.8800292968749,511.87841796875,-183.8399414062501,-21.59995117187509,-157.2032226562501,-134.8799987792969,229.44001464843745,102.220703125
1763689353.8971741,8,2,3,0.02793930713255486,-0.23332051118130126,-1.3084626229608196,0.0027094334344366765,0.009287579826425054,6.995626796111058e-05,168.4800048828124,-127.19998779296873,102.22084960937491,169.43999633789065,111.83999023437502,244.71049804687482,89.27993164062491,266.8800292968749,484.7744140625,-169.4400390625001,-28.80014648437509,-137.84317626953134,-122.8799987792969,207.84003906249995,86.73291015625
1763689353.972526,8,2,3,0.15255795010946394,-0.2235938368104483,-1.4001445941539656,0.0017773502451003894,0.008001463793175604,-0.00012505199444313086,0,0,0,0,0,0,0,0,0,0,0,0,0,0,0
1763689354.083492,8,2,3,-0.05988853314730411,-0.018360600205567207,-0.8532625093355034,0.0006151002083724997,0.003275344729766186,0.00020365806646201954,158.8800292968749,-112.79996337890623,86.73281249999991,155.0400329589844,97.43999633789065,221.47856445312482,79.67995605468741,254.8800292968749,434.4384765625,-152.6399902343751,-26.40000000000009,-126.22720947265634,-110.8799987792969,183.84003906249995,82.86083984375
1763689354.1913347,8,2,3,-0.0880797270752468,0.029172189798966873,-0.8594615052281365,-0.0005389599324045001,0.0060158932328057795,0.0001929845763382954,149.2799316406249,-105.60001220703123,78.98891601562491,150.24001464843752,92.6400085449219,202.11821289062482,74.87990722656241,238.0799804687499,407.33447265625,-143.0401367187501,-21.59995117187509,-126.22720947265634,-103.67998657226565,167.03999023437495,82.86083984375
1763689354.2854376,8,2,3,-0.03151970656149318,0.007592578213684866,-0.626892104968698,-0.0014555409611014395,0.0032069594216101505,3.8474021964133594e-05,142.0799804687499,-105.60001220703123,78.98891601562491,140.6400085449219,80.6400085449219,194.37456054687482,74.87990722656241,228.4801269531249,391.846435546875,-135.8399414062501,-21.59995117187509,-118.48319091796884,-101.27999267578127,164.63996582031245,82.86083984375
1763689354.396071,8,2,3,0.004074484418106553,0.04352689755438164,-0.6340522305356989,0.0007005580872864535,0.0005931375951187716,-0.00034950306306576293,137.2799316406249,-95.99997558593748,71.24477539062491,138.24001464843752,80.6400085449219,175.01420898437482,62.87990722656241,218.8800292968749,368.614501953125,-133.4400390625001,-16.80014648437509,-118.48319091796884,-96.48000488281252,152.63996582031245,82.86083984375
1763689354.597397,8,2,3,0.03315648718284665,-0.015165832028571908,-0.4897799301852393,-0.0005650331603829886,0.0011866900133584311,9.25438928810859e-05,127.67995605468741,-91.19998779296873,63.50087890624991,123.84002075195315,71.04000244140627,151.78227539062482,60.48000488281241,197.2799316406249,333.766357421875,-121.44003906250009,-16.80014648437509,-114.61118164062509,-91.67998657226565,138.23994140624995,71.244873046875
1763689354.6925015,8,2,3,-0.044427388674725204,-0.03156284412022818,-0.36065373056003674,-0.0025383665394989293,0.0028744157875350306,-0.00018044459221747052,118.07998046874991,-86.39999999999998,59.62880859374991,114.24001464843752,66.2399841308594,144.03813476562482,60.48000488281241,185.2800537109374,318.278564453125,-114.24008789062509,-16.80014648437509,-99.12320556640634,-86.8799987792969,133.44001464843745,71.244873046875
1763689354.8960016,8,2,3,0.0006313481413874542,0.052019042338802064,-0.26043984389615676,-0.002151272415489925,0.0024850751772180586,-7.245024478582093e-05,108.48000488281241,-83.99997558593748,55.75673828124991,102.24001464843752,56.6400085449219,124.67827148437482,50.87990722656241,173.2800537109374,287.302490234375,-104.63999023437509,-16.80014648437509,-95.25119628906259,-82.08001098632815,121.44001464843745,63.500732421875
1763689355.099006,8,2,3,-0.08641465415509256,-0.012539142082052257,-0.2519243637854632,-0.0006874849032084115,0.0038375261883002248,-0.00021292586888124152,98.88002929687491,-76.79996337890623,51.88491210937491,90.24001464843752,59.04000244140627,120.80620117187482,43.67995605468741,154.0799804687499,275.6865234375,-102.24008789062509,-19.20004882812509,-83.63522949218759,-77.27999267578127,109.44001464843745,51.884765625
1763689359.8949883,8,2,3,0.040210689956402236,0.01218466727653732,-0.20486711950591519,-0.0014147626716639423,-0.0011979523509039658,-0.00012509482251763058,46.07998046874991,-62.39999999999998,9.292871093749909,47.04000244140627,30.239984130859398,27.878466796874818,38.87990722656241,82.07998046874991,155.654541015625,-51.83994140625009,4.799951171874909,-64.27518310546884,-55.67998657226565,59.039990234374955,9.292724609375
1763689361.0116034,8,2,3,0.021832020645461185,0.009154614406301425,-0.25530778143320604,-0.0012928555249042807,-0.000203499126032668,9.255342836102934e-05,0,0,0,0,0,0,0,0,0,0,0,0,0,0,0
1763689361.2953696,8,2,3,-0.0005813722188970066,0.011381292155200918,-0.24945443873566409,-0.00010578206465043985,-0.00026802588189852396,-0.00013480128163414335,46.07998046874991,-59.99997558593748,5.420800781249909,47.04000244140627,32.6400085449219,35.62236328124982,41.27993164062491,77.28005371093741,155.654541015625,-56.63999023437509,-9.765625009094947e-05,-64.27518310546884,-48.48000488281252,66.23994140624995,1.548828125
1763689361.4950662,8,2,3,0.044253698484255435,-0.00568914138613754,-0.27099028194930286,-0.0007443108241782196,-0.0001990217716020628,9.053235244958286e-05,55.67995605468741,-62.39999999999998,13.164941406249909,51.84002075195315,32.6400085449219,43.36625976562482,46.07998046874991,91.67995605468741,175.014404296875,-61.44003906250009,-2.400000000000091,-68.14719238281259,-50.8799987792969,63.840039062499955,9.292724609375
1763689361.5385702,8,2,3,0.07027289058707478,0.029497972602681305,-0.2536002366121275,-0.0004527645940400308,-0.0006064725311243084,-0.00021803445365884254,55.67995605468741,-62.39999999999998,13.164941406249909,56.6400085449219,35.04000244140627,47.23833007812482,41.27993164062491,96.48000488281241,175.014404296875,-61.44003906250009,-2.400000000000091,-64.27518310546884,-55.67998657226565,68.63996582031245,5.4208984375
1763689361.6970806,8,2,3,0.040907894876488146,0.035072870973314706,-0.3590401041178113,-0.0016206283683404758,0.00045231109295033314,5.182973445392641e-05,62.88002929687491,-62.39999999999998,20.90883789062491,61.44002685546877,35.04000244140627,66.59843749999982,41.27993164062491,98.88002929687491,175.014404296875,-66.24008789062509,-9.765625009094947e-05,-72.01920166015634,-53.27999267578127,73.44001464843745,13.164794921875
1763689361.7248614,8,2,3,0.04638435937490438,0.048744574380005484,-0.2889427137330747,-0.0008300713456377965,0.0008043192948586119,-0.00038992054884672526,60.48000488281241,-57.60001220703123,17.03676757812491,61.44002685546877,39.83999023437502,54.98247070312482,43.67995605468741,98.88002929687491,186.63037109375,-71.04013671875009,-7.200048828125091,-72.01920166015634,-58.08001098632815,78.23994140624995,17.036865234375
1763689361.8340394,8,2,3,0.03474975814616512,0.0378421862287099,-0.43861353820773324,-0.00025663367768850886,0.00031766710539887094,0.0009673117950108878,70.07998046874991,-69.60001220703123,24.78090820312491,68.6400085449219,42.2399841308594,74.34233398437482,41.27993164062491,113.28005371093741,202.118408203125,-71.04013671875009,-9.599951171875091,-72.01920166015634,-55.67998657226565,83.03999023437495,28.65283203125
1763689361.9292636,8,2,3,0.10545244600107875,0.037578604008129304,-0.5598958478988373,-0.0008008139193439295,-0.0003971675747831987,0.0002174494412470719,77.27993164062491,-74.39999999999998,40.26894531249991,73.44002685546877,44.6400085449219,89.83012695312482,55.67995605468741,130.0799804687499,236.966552734375,-83.04013671875009,-14.400000000000091,-79.76322021484384,-65.27999267578127,97.44001464843745,32.52490234375
1763689362.0216491,8,2,3,0.01990267288098123,0.07447726157733263,-0.6662136594240646,0.0012892047617922532,0.00026584480541963756,-0.0001267516465925032,86.88002929687491,-76.79996337890623,48.01284179687491,85.44002685546877,51.83999023437502,109.19047851562482,55.67995605468741,139.6799560546874,264.070556640625,-95.04013671875009,-16.80014648437509,-83.63522949218759,-67.67998657226565,107.03999023437495,44.140869140625
1763689362.1163433,8,2,3,-0.08909682370005398,0.036066917181382205,-0.7797345938490515,0.0018982277061298865,0.0036476104464746697,-0.00039446636392633243,94.07998046874991,-79.19998779296873,51.88491210937491,95.04000244140627,51.83999023437502,132.42241210937482,60.48000488281241,154.0799804687499,287.302490234375,-107.04013671875009,-19.20004882812509,-79.76322021484384,-72.48000488281252,119.03999023437495,48.0126953125
1763689362.2119303,8,2,3,0.055695817401250944,0.09276210959298903,-0.9599614943121144,0.004547022625858315,0.0013699901304635334,0.00040645599572248765,106.07998046874991,-83.99997558593748,63.50087890624991,107.04000244140627,66.2399841308594,159.52641601562482,60.48000488281241,170.8800292968749,306.662353515625,-107.04013671875009,-26.40000000000009,-83.63522949218759,-72.48000488281252,128.63996582031245,59.62890625
1763689362.3861988,8,2,3,-0.1342302986804939,0.14877469473884697,-1.3800617114468734,0.004450956893102136,0.008747801993827664,0.000410084956485061,127.67995605468741,-86.39999999999998,71.24477539062491,128.6400085449219,73.43999633789065,190.50249023437482,67.67995605468741,197.2799316406249,372.486328125,-135.8399414062501,-24.00009765625009,-102.99521484375009,-86.8799987792969,155.03999023437495,75.11669921875
1763689362.4150925,8,2,3,-0.1024238111721597,0.14920162571062162,-1.4637423453785872,0.004943759122420894,0.008562779581303921,0.0006166410512339379,134.8800292968749,-98.39999999999998,82.86074218749991,135.84002075195315,80.6400085449219,202.11821289062482,72.48000488281241,209.2799316406249,384.1025390625,-138.2400878906251,-26.40000000000009,-110.73917236328134,-91.67998657226565,157.44001464843745,71.244873046875
1763689362.590395,8,2,3,-0.19194259053600565,0.14578853618114518,-1.8839070570108085,0.005074231692716497,0.012846319541456567,0.0005470430256214731,154.0799804687499,-103.19998779296873,94.47695312499991,162.24004516601565,99.83999023437502,236.96635742187482,82.07998046874991,245.2799316406249,438.310546875,-159.8399414062501,-28.80014648437509,-126.22720947265634,-101.27999267578127,191.03999023437495,90.604736328125
1763689362.9020193,8,2,3,-0.1662488523183909,0.1746290947680734,-2.5897589929390428,0.006424081489360256,0.015925061763715144,0.000846084620954574,182.8800292968749,-127.19998779296873,117.70888671874991,188.6400085449219,121.43999633789065,283.4302246093748,98.87990722656241,288.4801269531249,531.238525390625,-188.6399902343751,-33.59995117187509,-149.4592041015626,-127.68000183105471,229.44001464843745,98.348876953125
1763689362.9949129,8,2,3,-0.3292621189944813,0.14723284797175118,-2.706498261651677,0.005757224110505655,0.02031347927305906,0.00033664737027587076,190.0799804687499,-136.79996337890623,121.58095703124991,198.24004516601565,121.43999633789065,295.0464355468748,98.87990722656241,302.8800292968749,554.470458984375,-193.4400390625001,-33.59995117187509,-153.33121337890634,-137.28000793457034,239.03999023437495,102.220703125
1763689363.196254,8,2,3,-0.4867077567194244,0.16657575833890306,-3.266793457118762,0.007880952324836661,0.023787388362481652,0.00045844109285634715,204.4800048828124,-153.60001220703123,129.3248535156249,217.43999633789065,143.04000244140627,333.7661621093748,115.67995605468741,336.4801269531249,624.16650390625,-215.0401367187501,-31.20004882812509,-172.69119873046884,-154.07999572753909,270.23994140624995,102.220703125
1763689363.2928305,8,2,3,-0.4316878970239548,0.16297698484242235,-3.4667187341831167,0.008805205082231241,0.023309572219551652,0.00023461025402684655,0,0,0,0,0,0,0,0,0,0,0,0,0,0,0
1763689363.4003298,8,2,3,-0.44296960600255436,0.21077578788934181,-3.6249003034618505,0.007610395393062243,0.025886912581921395,0.0001693160791533888,228.4800048828124,-170.39999999999998,125.45278320312491,231.84002075195315,164.6400085449219,356.9985839843748,132.4800048828124,367.6800781249999,678.37451171875,-229.4400390625001,-33.59995117187509,-192.05118408203134,-170.8799987792969,291.84003906249995,109.96484375
1763689363.4934149,8,2,3,-0.4253281384783082,0.20899073237778654,-3.905337261955162,0.00920147369298674,0.025538820737046764,0.0003888052873352514,233.2799316406249,-179.99997558593748,133.1969238281249,243.84002075195315,176.6400085449219,368.6143066406248,132.4800048828124,379.6800781249999,713.222412109375,-234.2400878906251,-36.00009765625009,-195.9231933593751,-178.07999572753909,306.23994140624995,106.0927734375
1763689364.0848286,8,2,3,-0.888237731504677,0.17293312115618695,-5.564816224245774,0.005979507308089814,0.04567542128771059,2.6640618861793926e-05,281.2799316406249,-218.39999999999998,133.1969238281249,299.0400329589844,258.2399841308594,457.6704589843748,173.2799316406249,473.2799316406249,864.23046875,-277.4400390625001,-33.59995117187509,-261.74722900390634,-235.6800018310547,385.44001464843745,82.86083984375
1763689364.1932635,8,2,3,-0.7757544538291493,0.19910200951525736,-5.94961240151151,0.006326651049914516,0.03969385939058372,0.0005119167908512871,293.2799316406249,-232.80002441406248,140.9408203124999,308.6400085449219,277.43999633789065,469.2861816406248,180.4800048828124,485.2799316406249,891.33447265625,-279.8399414062501,-33.59995117187509,-277.2352050781251,-245.28000793457034,395.03999023437495,86.73291015625
1763689364.2857978,8,2,3,-0.8585563880017228,0.15026345623059434,-6.074210677798498,0.004641611085531669,0.044785544585486343,-0.0002377207432064446,295.6799560546874,-237.60001220703123,137.0687499999999,318.24004516601565,294.2399841308594,488.6465332031248,182.8799072265624,497.2799316406249,918.4384765625,-287.0401367187501,-33.59995117187509,-288.8511718750001,-252.48000488281252,411.84003906249995,82.86083984375
1763689364.3946445,8,2,3,-0.8915606304462442,0.2292299591778234,-6.528149617764256,0.008694067651894045,0.04384186602457801,0.00039268804439507657,302.8800292968749,-242.39999999999998,133.1969238281249,330.24004516601565,315.84002075195315,508.0063964843748,194.8799072265624,516.4801269531249,949.41455078125,-289.4400390625001,-31.20004882812509,-304.3392089843751,-264.4800048828125,426.24006347656245,67.372802734375
1763689364.691581,8,2,3,-0.9097524370640468,0.29586118796250216,-7.308535172931423,0.012316069657507695,0.048261815243838296,0.0002813416579927827,312.4800048828124,-278.4,125.45278320312491,339.84002075195315,361.43999633789065,558.3423339843748,221.2799316406249,542.8800292968749,1042.342529296875,-306.2400878906251,-28.80014648437509,-319.82718505859384,-293.28000793457034,474.24006347656245,48.0126953125
1763689364.7979746,8,2,3,-1.2696250943532716,0.46921607475595195,-7.659412060172242,0.021649257449519038,0.06333721383705265,-0.0003604028455611438,310.0799804687499,-285.6000122070312,121.58095703124991,342.24004516601565,373.43999633789065,566.0864746093748,230.8799072265624,554.8800292968749,1084.934326171875,-318.2400878906251,-26.40000000000009,-331.4432128906251,-302.88000640869143,486.24006347656245,32.52490234375
1763689364.8906908,8,2,3,-1.147930362342683,0.4344990300225669,-7.947169974514352,0.017303801389852526,0.06012745622215066,-8.960302653336985e-05,319.6799560546874,-295.1999877929687,117.70888671874991,359.0400329589844,390.2399841308594,566.0864746093748,233.2799316406249,576.4801269531249,1084.934326171875,-313.4400390625001,-26.40000000000009,-350.8031982421876,-314.88000640869143,495.84003906249995,24.78076171875
1763689365.0941293,8,2,3,-1.450612008431818,0.39555995319031567,-8.725927703465462,0.021095764818395757,0.07629155841559815,-0.00026436899697917984,314.8800292968749,-326.4,106.09291992187491,354.24004516601565,440.6400085449219,631.9102050781248,262.0799804687499,593.2799316406249,1197.222412109375,-337.4400390625001,-31.20004882812509,-362.41922607421884,-338.8800102233887,546.2400634765625,-29.42724609375
1763689365.1865525,8,2,3,-1.4810516427061908,0.7688836448811492,-9.100759529460952,0.03291044903072363,0.07597869529319584,-0.0006920673470709095,322.0799804687499,-333.6000122070312,102.22084960937491,368.6400085449219,457.43999633789065,635.7822753906248,276.47994384765616,612.4801269531249,1220.454345703125,-330.2400878906251,-26.40000000000009,-374.03519287109384,-348.4800086975098,558.2400634765625,-33.299072265625
1763689365.29728,8,2,3,-1.3738053515481874,0.5979290924691275,-9.280020271304826,0.02515577791702793,0.07044497936975162,-0.0004640579191597634,338.8800292968749,-347.9999755859375,86.73281249999991,383.0400329589844,471.84002075195315,635.7822753906248,283.6799560546874,638.8800292968749,1235.9423828125,-325.4400390625001,-21.59995117187509,-397.2671875000001,-370.08001098632815,570.2400634765625,-37.171142578125
1763689365.3911614,8,2,3,-1.7510973899210187,0.5527616180036705,-10.265655340730989,0.022624526630940223,0.08720923984286345,-3.563580193047776e-05,0,0,0,0,0,0,0,0,0,0,0,0,0,0,0
1763689365.5950112,8,2,3,-1.8049734357640665,0.6013451322422119,-10.47584738273463,0.02512044563038748,0.0898262012361426,0.00044406910742401245,338.8800292968749,-371.9999755859375,75.11684570312491,390.24004516601565,524.6400085449219,674.5024902343748,305.27999267578116,660.4801269531249,1301.766357421875,-330.2400878906251,-16.80014648437509,-416.6271728515626,-403.6800113677979,606.2400634765625,-79.76318359375
1763689365.7937095,8,2,3,-1.4773012471519793,0.5882077654109287,-9.96636092841742,0.026158403517501688,0.0755795377348926,-0.00031137851596988765,329.2799316406249,-376.8000244140625,78.98891601562491,380.6400085449219,512.6400085449219,670.6304199218748,307.6799560546874,653.2799316406249,1328.870361328125,-337.4400390625001,-16.80014648437509,-408.88321533203134,-401.2800117492676,615.8400390625,-91.379150390625
1763689365.8883607,8,2,3,-1.4681029252059608,0.7916083327672792,-9.957679974472702,0.03354560618627366,0.07575541750339988,0.0005661264550735814,331.6799560546874,-381.6000122070312,82.86074218749991,383.0400329589844,519.8400207519531,674.5024902343748,312.47994384765616,655.6800781249999,1336.614501953125,-339.8399414062501,-16.80014648437509,-412.7552246093751,-403.6800113677979,611.039990234375,-91.379150390625
1763689365.9965394,8,2,3,-1.4136975081250776,0.6685001807055897,-9.93464190000326,0.03024021049776551,0.07207780561416431,0.0005696145807720168,336.4800048828124,-379.1999877929687,71.24477539062491,380.6400085449219,510.24004516601565,666.7583496093748,314.87996826171866,653.2799316406249,1321.126220703125,-337.4400390625001,-14.400000000000091,-416.6271728515626,-398.8800121307373,615.8400390625,-87.507080078125
1763689366.0891206,8,2,3,-1.3815826954847035,0.6449961396174233,-9.661692967329856,0.02693558256053811,0.07169712717519616,2.902202867119917e-05,331.6799560546874,-381.6000122070312,75.11684570312491,378.24004516601565,512.6400085449219,674.5024902343748,317.27999267578116,655.6800781249999,1332.742431640625,-335.0401367187501,-16.80014648437509,-416.6271728515626,-401.2800117492676,615.8400390625,-95.251220703125
1763689366.4947455,8,2,3,-1.4118634772871257,0.6655040084229928,-9.354288194916045,0.02817763459963526,0.07313716375343207,-0.0002479666908081291,324.4800048828124,-386.4,75.11684570312491,373.43999633789065,517.4399963378906,674.5024902343748,314.87996826171866,648.4801269531249,1328.870361328125,-335.0401367187501,-12.000097656250091,-416.6271728515626,-401.2800117492676,615.8400390625,-99.123291015625
1763689366.6954837,8,2,3,-1.3898324019709811,0.6097106779044188,-9.308926390723625,0.02675035063714313,0.07181379290687896,1.0345062778872524e-06,329.2799316406249,-379.1999877929687,78.98891601562491,380.6400085449219,510.24004516601565,666.7583496093748,312.47994384765616,648.4801269531249,1321.126220703125,-332.6399902343751,-14.400000000000091,-416.6271728515626,-401.2800117492676,613.4400146484375,-91.379150390625
1763689366.789832,8,2,3,-1.4021611419099387,0.5665425813557546,-9.34886884236077,0.025212471420448163,0.07254878440823033,0.0003749793629772855,322.0799804687499,-376.8000244140625,78.98891601562491,380.6400085449219,512.6400085449219,666.7583496093748,310.0799804687499,653.2799316406249,1321.126220703125,-337.4400390625001,-12.000097656250091,-401.13919677734384,-398.8800121307373,608.6399658203125,-91.379150390625
1763689366.9908817,8,2,3,-1.4537584512665362,0.6424413258945405,-9.286430277213611,0.027842002421472226,0.073034575945108,-6.659711600043826e-05,326.8800292968749,-376.8000244140625,75.11684570312491,380.6400085449219,510.24004516601565,662.8862792968748,314.87996826171866,646.0799804687499,1321.126220703125,-337.4400390625001,-14.400000000000091,-412.7552246093751,-401.2800117492676,611.039990234375,-83.63525390625
1763689367.0997217,8,2,3,-1.4195240619598861,0.6328296045982407,-9.242443455260775,0.026132508177155223,0.07102655003601682,0.0004109482724179844,324.4800048828124,-374.4,75.11684570312491,378.24004516601565,510.24004516601565,662.8862792968748,312.47994384765616,653.2799316406249,1317.254638671875,-337.4400390625001,-12.000097656250091,-405.0112060546876,-398.8800121307373,611.039990234375,-87.507080078125
1763689367.1935043,8,2,3,-1.4064087128678056,0.6406440756297679,-9.17253290377252,0.027044021277174098,0.07159563249020576,4.836339404013044e-05,326.8800292968749,-379.1999877929687,75.11684570312491,378.24004516601565,510.24004516601565,670.6304199218748,312.47994384765616,646.0799804687499,1317.254638671875,-339.8399414062501,-9.599951171875091,-405.0112060546876,-398.8800121307373,608.6399658203125,-91.379150390625
1763689367.305426,8,2,3,-1.4290414611796636,0.6499563581261727,-9.134261768669376,0.028305021716924724,0.07227721224136528,0.00037973082719837924,329.2799316406249,-381.6000122070312,71.24477539062491,378.24004516601565,510.24004516601565,662.8862792968748,317.27999267578116,648.4801269531249,1321.126220703125,-332.6399902343751,-14.400000000000091,-405.0112060546876,-401.2800117492676,615.8400390625,-87.507080078125
1763689367.3927662,8,2,3,-1.3624864513338686,0.6272343134986633,-9.056560879615544,0.026810042069151153,0.0707643741507349,-0.00014502385951011693,326.8800292968749,-379.1999877929687,75.11684570312491,375.84002075195315,507.84002075195315,670.6304199218748,310.0799804687499,643.6800781249999,1313.382568359375,-337.4400390625001,-9.599951171875091,-412.7552246093751,-391.6800113677979,608.6399658203125,-91.379150390625
1763689367.5952213,8,2,3,-1.3731496042460725,0.5795280181570912,-9.15563749727611,0.02692029885975717,0.06944390445430121,0.00044948028599138545,322.0799804687499,-379.1999877929687,75.11684570312491,378.24004516601565,510.24004516601565,670.6304199218748,314.87996826171866,648.4801269531249,1324.998291015625,-335.0401367187501,-12.000097656250091,-408.88321533203134,-396.48001155853274,608.6399658203125,-91.379150390625
1763689367.6870842,8,2,3,-1.3688580763104423,0.6249857597389394,-9.100308973308366,0.028315465885903827,0.06942658088025762,0.00047132027656623596,319.6799560546874,-381.6000122070312,75.11684570312491,378.24004516601565,510.24004516601565,670.6304199218748,324.47994384765616,650.8800292968749,1321.126220703125,-337.4400390625001,-16.80014648437509,-405.0112060546876,-401.2800117492676,611.039990234375,-91.379150390625
1763689368.1995971,8,2,3,-1.1415653126797334,0.7040112298120358,-8.938711695430971,0.03097054000864997,0.05937326715771893,0.00029568646289096154,319.6799560546874,-379.1999877929687,78.98891601562491,378.24004516601565,491.0400329589844,662.8862792968748,319.6799560546874,648.4801269531249,1328.870361328125,-332.6399902343751,-12.000097656250091,-397.2671875000001,-391.6800113677979,606.2400634765625,-87.507080078125
1763689368.3862312,8,2,3,-1.0535238727678171,0.7371295722526062,-8.339368585584326,0.03348364001251217,0.054416542096581554,4.7182105808067816e-05,312.4800048828124,-367.1999877929687,86.73281249999991,361.43999633789065,467.0400329589844,647.3984863281248,322.0799804687499,629.2799316406249,1297.894287109375,-337.4400390625001,-16.80014648437509,-385.6512207031251,-377.2800107955933,591.8400390625,-87.507080078125
1763689368.6985848,8,2,3,-0.8453451600943824,0.7358160442780362,-7.070654630067809,0.03481911750107535,0.042964935434195765,-4.4612609542029995e-05,300.4800048828124,-331.1999877929687,106.09291992187491,344.6400085449219,407.0400329589844,608.6782714843748,295.6799560546874,581.2799316406249,1212.71044921875,-325.4400390625001,-14.400000000000091,-339.18717041015634,-341.28000793457034,543.8400390625,-41.043212890625
1763689368.7932763,8,2,3,-0.8098577469309283,0.6575179639616944,-6.556814983337326,0.032511350468801485,0.04054587763233972,-0.000177725080802168,290.8800292968749,-319.1999877929687,113.83681640624991,335.0400329589844,378.2399841308594,585.4463378906248,286.0799804687499,564.4801269531249,1173.990478515625,-315.8399414062501,-21.59995117187509,-323.6991943359376,-324.4800086975098,527.039990234375,-25.55517578125
1763689368.8883662,8,2,3,-0.6586285332513062,0.5614666653099919,-5.972066170816875,0.023565708667803137,0.037306740576007955,7.713701526682742e-05,290.8800292968749,-304.8000244140625,117.70888671874991,323.0400329589844,349.43999633789065,558.3423339843748,271.6799560546874,552.4801269531249,1123.654541015625,-311.0401367187501,-16.80014648437509,-312.0832275390626,-305.28000793457034,503.03999023437495,-2.3232421875
1763689369.0898688,8,2,3,-0.619126650713349,0.6784022343879772,-4.835886341219325,0.02363511633657148,0.02564875338418033,0.0004702203760082596,274.0799804687499,-273.6000122070312,133.1969238281249,306.24004516601565,296.6400085449219,523.4941894531248,240.47994384765616,492.4801269531249,1038.470458984375,-296.6399902343751,-21.59995117187509,-269.4911865234376,-266.88000640869143,452.63996582031245,24.78076171875
1763689369.1854446,8,2,3,-0.47527625405956253,0.5129636443047085,-4.337121026340299,0.03091970230591574,0.03576320019502493,0.00038350290801592284,269.2799316406249,-256.8000244140625,137.0687499999999,287.0400329589844,282.2399841308594,496.3901855468748,218.8799072265624,470.8800292968749,980.390380859375,-289.4400390625001,-24.00009765625009,-250.1312011718751,-250.08001098632815,438.24006347656245,40.268798828125
1763689369.3897355,8,2,3,-0.2488110243404866,0.41469018171968575,-3.425250565240952,0.028476726832663647,0.02921059588082639,0.0008608717077965328,238.0799804687499,-230.39999999999998,133.1969238281249,260.6400085449219,224.6400085449219,438.3101074218748,194.8799072265624,427.6800781249999,883.59033203125,-263.0401367187501,-16.80014648437509,-207.53922119140634,-226.08001098632815,380.63996582031245,55.7568359375
1763689369.6887362,8,2,3,-0.5310358677012572,0.4779718845179561,-2.2356507476957956,0.01762077815419327,0.0220422425902159,0.0006072941732485127,211.6799560546874,-194.39999999999998,129.3248535156249,224.6400085449219,174.24001464843752,364.7422363281248,154.0799804687499,358.0799804687499,732.58251953125,-236.6399902343751,-19.20004882812509,-180.43521728515634,-180.48000488281252,315.84003906249995,75.11669921875
1763689369.7965786,8,2,3,-0.45008578350589623,0.4844484654743389,-2.107678502087391,0.015604409548481534,0.016728538093427257,0.0012674603697829046,185.2799316406249,-177.60001220703123,137.0687499999999,205.43999633789065,167.04000244140627,341.5103027343748,132.4800048828124,317.2799316406249,678.37451171875,-222.2400878906251,-26.40000000000009,-164.94718017578134,-170.8799987792969,299.03999023437495,75.11669921875
1763689369.8885357,8,2,3,-0.5884561038820311,0.49177966651729704,-1.7644499606319495,0.012190302008841143,0.019870919661709455,0.0010632245814513998,185.2799316406249,-167.99997558593748,125.45278320312491,198.24004516601565,147.83999023437502,322.1504394531248,130.0799804687499,314.8800292968749,647.3984375,-215.0401367187501,-26.40000000000009,-161.0751708984376,-158.8799987792969,282.23994140624995,82.86083984375
1763689370.1989584,8,2,3,-0.26828056447181575,0.15435566770118042,-1.285087148239103,0.007137990310804912,0.014079597702931077,0.00014445256865854212,163.6799560546874,-139.19998779296873,106.09291992187491,162.24004516601565,123.83999023437502,271.8145019531248,101.27993164062491,264.4801269531249,542.8544921875,-191.0401367187501,-24.00009765625009,-137.84317626953134,-137.28000793457034,239.03999023437495,75.11669921875
1763689370.3855581,8,2,3,-0.21954193562955288,0.14725045489624494,-0.9215587564943143,0.006027348253554978,0.013775505242988071,0.000347930053561157,149.2799316406249,-131.99997558593748,106.09291992187491,152.6400085449219,119.04000244140627,244.71049804687482,84.48000488281241,242.8800292968749,488.646484375,-174.2400878906251,-21.59995117187509,-126.22720947265634,-125.27999267578127,212.63996582031245,78.98876953125
1763689370.4938412,8,2,3,-0.24274344232101566,0.13698283703424385,-0.9246033339343621,0.005252599758838103,0.01508995310758649,0.00018841291161779058,139.6799560546874,-127.19998779296873,98.34877929687491,143.04000244140627,109.43999633789065,225.35014648437482,82.07998046874991,230.8800292968749,465.41455078125,-162.2400878906251,-19.20004882812509,-126.22720947265634,-120.48000488281252,203.03999023437495,67.372802734375
1763689370.6968389,8,2,3,-0.2038181128780622,0.04041646456432418,-0.7502819314763156,0.0018543481739123355,0.012123797720264185,-0.00022564658463034167,130.0799804687499,-117.60001220703123,82.86074218749991,128.6400085449219,97.43999633789065,202.11821289062482,74.87990722656241,206.8800292968749,415.078369140625,-145.4400390625001,-16.80014648437509,-110.73917236328134,-110.8799987792969,179.03999023437495,71.244873046875
1763689370.9001925,8,2,3,-0.138848614417768,0.0545502722843647,-0.5298272241403873,0.0015882652076064845,0.0066222379311431595,-0.00030724229451454675,120.48000488281241,-103.19998779296873,78.98891601562491,121.44002685546877,83.04000244140627,178.88627929687482,67.67995605468741,192.4800048828124,380.23046875,-131.0401367187501,-19.20004882812509,-102.99521484375009,-106.08001098632815,159.84003906249995,63.500732421875
1763689370.9942484,8,2,3,-0.10525628761175396,0.04222774069309862,-0.48999025044920125,-0.00033887405541369866,0.007704124718370755,0.0002469798362781479,115.67995605468741,-105.60001220703123,78.98891601562491,109.44002685546877,78.2399841308594,167.27055664062482,62.87990722656241,185.2800537109374,356.99853515625,-131.0401367187501,-12.000097656250091,-95.25119628906259,-98.8799987792969,155.03999023437495,59.62890625
1763689371.08837,8,2,3,-0.12514284454170108,0.030708728753195406,-0.28199019040009937,0.0004744028244696182,0.0059542391809445,-6.534279723314422e-05,108.48000488281241,-100.79996337890623,78.98891601562491,99.84002075195315,71.04000244140627,151.78227539062482,62.87990722656241,175.6799560546874,341.510498046875,-121.44003906250009,-12.000097656250091,-99.12320556640634,-94.08001098632815,147.84003906249995,55.7568359375
1763689371.196822,8,2,3,-0.11831412651211765,0.059967720342476376,-0.3116343215814766,0.0012086436274853756,0.0048741510027871995,-0.00046648203912063094,101.27993164062491,-98.39999999999998,63.50087890624991,99.84002075195315,66.2399841308594,147.91020507812482,58.07998046874991,168.4800048828124,345.38232421875,-111.83994140625009,-12.000097656250091,-87.50717773437509,-94.08001098632815,140.63996582031245,48.0126953125
1763689371.2413893,8,2,3,-0.07722862074189962,0.018035752803921477,-0.43131429838864493,0.0012006391926089855,0.00412754062935434,0.0004322116864163804,96.48000488281241,-98.39999999999998,63.50087890624991,95.04000244140627,63.83999023437502,144.03813476562482,60.48000488281241,166.0799804687499,329.89453125,-116.63999023437509,-12.000097656250091,-91.37918701171884,-91.67998657226565,138.23994140624995,48.0126953125
1763689371.3985834,8,2,3,-0.0638614284626664,0.06050032271204428,-0.20563417911914844,0.0025944907873790193,0.0033253438735003763,-0.0010487040131775985,91.67995605468741,-95.99997558593748,67.37294921874991,85.44002685546877,56.6400085449219,136.29448242187482,55.67995605468741,151.6799560546874,318.278564453125,-104.63999023437509,-7.200048828125091,-83.63522949218759,-86.8799987792969,131.03999023437495,44.140869140625
1763689371.4440835,8,2,3,-0.07313962172138438,0.03958718200100861,-0.3239839507479836,0.002597527499992239,0.0027186477903355316,0.00047442807248812904,91.67995605468741,-95.99997558593748,59.62880859374991,87.84002075195315,61.43999633789065,124.67827148437482,58.07998046874991,144.4800048828124,314.406494140625,-104.63999023437509,-12.000097656250091,-87.50717773437509,-86.8799987792969,128.63996582031245,44.140869140625
1763689371.8044875,8,2,3,-0.039312668839973225,0.1220442433657549,-0.21493033856747742,0.0014458173745738772,0.004740886497411514,0.0006577322703809675,77.27993164062491,-86.39999999999998,51.88491210937491,73.44002685546877,56.6400085449219,109.19047851562482,50.87990722656241,134.8800292968749,271.814453125,-97.44003906250009,-9.599951171875091,-79.76322021484384,-79.67998657226565,119.03999023437495,32.52490234375
1763689373.298594,8,2,3,0.03846153005120173,-0.007689542693027584,-0.22169795329475062,-0.0012350402854262523,-0.0009983598833114057,0.00041875359007552306,67.67995605468741,-76.79996337890623,36.39687499999991,59.04000244140627,35.04000244140627,66.59843749999982,50.87990722656241,122.88002929687491,233.094482421875,-75.83994140625009,-2.400000000000091,-68.14719238281259,-72.48000488281252,85.44001464843745,24.78076171875
